Copyright 1986-2022 Xilinx, Inc. All Rights Reserved. Copyright 2022-2025 Advanced Micro Devices, Inc. All Rights Reserved.
---------------------------------------------------------------------------------------------------------------------------------------------------------------
| Tool Version : Vivado v.2025.2 (lin64) Build 6299465 Fri Nov 14 12:34:56 MST 2025
| Date         : Wed Sep 16 14:21:33 2026
| Host         : khwl-ThinkPad-X1-Carbon-Gen-13 running 64-bit Ubuntu 24.04.4 LTS
| Command      : report_timing_summary -file /home/khwl/Desktop/RV-IM100/riscof-env/logs/sweep_exact/RV32IM_7SP_BRAM_Opt_coremark/f92/timing.rpt
| Design       : RV32IM72F7SPSoCTOP
| Device       : 7a200t-sbg484
| Speed File   : -1  PRODUCTION 1.23 2018-06-13
| Design State : Physopt postRoute
---------------------------------------------------------------------------------------------------------------------------------------------------------------

Timing Summary Report

------------------------------------------------------------------------------------------------
| Timer Settings
| --------------
------------------------------------------------------------------------------------------------

  Enable Multi Corner Analysis               :  Yes
  Enable Pessimism Removal                   :  Yes
  Pessimism Removal Resolution               :  Nearest Common Node
  Enable Input Delay Default Clock           :  No
  Enable Preset / Clear Arcs                 :  No
  Disable Flight Delays                      :  No
  Ignore I/O Paths                           :  No
  Timing Early Launch at Borrowing Latches   :  No
  Borrow Time for Max Delay Exceptions       :  Yes
  Merge Timing Exceptions                    :  Yes
  Inter-SLR Compensation                     :  Conservative

  Corner  Analyze    Analyze    
  Name    Max Paths  Min Paths  
  ------  ---------  ---------  
  Slow    Yes        Yes        
  Fast    Yes        Yes        


------------------------------------------------------------------------------------------------
| Report Methodology
| ------------------
------------------------------------------------------------------------------------------------

Rule       Severity          Description                                                       Violations  
---------  ----------------  ----------------------------------------------------------------  ----------  
TIMING-6   Critical Warning  No common primary clock between related clocks                    2           
DPIR-1     Warning           Asynchronous driver check                                         111         
SYNTH-6    Warning           Timing of a RAM block might be sub-optimal                        16          
SYNTH-10   Warning           Wide multiplier                                                   4           
TIMING-10  Warning           Missing property on synchronizer                                  1           
TIMING-56  Warning           Missing logically or physically excluded clock groups constraint  2           

Note: This report is based on the most recent report_methodology run and may not be up-to-date. Run report_methodology on the current design for the latest report.



check_timing report

Table of Contents
-----------------
1. checking no_clock (0)
2. checking constant_clock (0)
3. checking pulse_width_clock (0)
4. checking unconstrained_internal_endpoints (0)
5. checking no_input_delay (1)
6. checking no_output_delay (9)
7. checking multiple_clock (2045)
8. checking generated_clocks (0)
9. checking loops (0)
10. checking partial_input_delay (0)
11. checking partial_output_delay (0)
12. checking latch_loops (0)

1. checking no_clock (0)
------------------------
 There are 0 register/latch pins with no clock.


2. checking constant_clock (0)
------------------------------
 There are 0 register/latch pins with constant_clock.


3. checking pulse_width_clock (0)
---------------------------------
 There are 0 register/latch pins which need pulse_width check


4. checking unconstrained_internal_endpoints (0)
------------------------------------------------
 There are 0 pins that are not constrained for maximum delay.

 There are 0 pins that are not constrained for maximum delay due to constant clock.


5. checking no_input_delay (1)
------------------------------
 There are 0 input ports with no input delay specified.

 There is 1 input port with no input delay but user has a false path constraint. (MEDIUM)


6. checking no_output_delay (9)
-------------------------------
 There is 1 port with no output delay specified. (HIGH)

 There are 8 ports with no output delay but user has a false path constraint (MEDIUM)

 There are 0 ports with no output delay but with a timing clock defined on it or propagating through it


7. checking multiple_clock (2045)
---------------------------------
 There are 2045 register/latch pins with multiple clocks. (HIGH)


8. checking generated_clocks (0)
--------------------------------
 There are 0 generated clocks that are not connected to a clock source.


9. checking loops (0)
---------------------
 There are 0 combinational loops in the design.


10. checking partial_input_delay (0)
------------------------------------
 There are 0 input ports with partial input delay specified.


11. checking partial_output_delay (0)
-------------------------------------
 There are 0 ports with partial output delay specified.


12. checking latch_loops (0)
----------------------------
 There are 0 combinational latch loops in the design through latch input



------------------------------------------------------------------------------------------------
| Design Timing Summary
| ---------------------
------------------------------------------------------------------------------------------------

    WNS(ns)      TNS(ns)  TNS Failing Endpoints  TNS Total Endpoints      WHS(ns)      THS(ns)  THS Failing Endpoints  THS Total Endpoints     WPWS(ns)     TPWS(ns)  TPWS Failing Endpoints  TPWS Total Endpoints  
    -------      -------  ---------------------  -------------------      -------      -------  ---------------------  -------------------     --------     --------  ----------------------  --------------------  
      0.017        0.000                      0                 6878        0.027        0.000                      0                 6878        2.633        0.000                       0                  2051  


All user specified timing constraints are met.


------------------------------------------------------------------------------------------------
| Clock Summary
| -------------
------------------------------------------------------------------------------------------------

Clock                   Waveform(ns)       Period(ns)      Frequency(MHz)
-----                   ------------       ----------      --------------
clk                     {0.000 5.000}      10.000          100.000         
  clk_out1_clk_wiz_0    {0.000 5.435}      10.870          92.000          
  clkfbout_clk_wiz_0    {0.000 25.000}     50.000          20.000          
sys_clk_pin             {0.000 5.000}      10.000          100.000         
  clk_out1_clk_wiz_0_1  {0.000 5.435}      10.870          92.000          
  clkfbout_clk_wiz_0_1  {0.000 25.000}     50.000          20.000          


------------------------------------------------------------------------------------------------
| Intra Clock Table
| -----------------
------------------------------------------------------------------------------------------------

Clock                       WNS(ns)      TNS(ns)  TNS Failing Endpoints  TNS Total Endpoints      WHS(ns)      THS(ns)  THS Failing Endpoints  THS Total Endpoints     WPWS(ns)     TPWS(ns)  TPWS Failing Endpoints  TPWS Total Endpoints  
-----                       -------      -------  ---------------------  -------------------      -------      -------  ---------------------  -------------------     --------     --------  ----------------------  --------------------  
clk                                                                                                                                                                       3.000        0.000                       0                     1  
  clk_out1_clk_wiz_0          0.017        0.000                      0                 6059        0.164        0.000                      0                 6059        4.185        0.000                       0                  2047  
  clkfbout_clk_wiz_0                                                                                                                                                      2.633        0.000                       0                     3  
sys_clk_pin                                                                                                                                                               3.000        0.000                       0                     1  
  clk_out1_clk_wiz_0_1        0.019        0.000                      0                 6059        0.164        0.000                      0                 6059        4.185        0.000                       0                  2047  
  clkfbout_clk_wiz_0_1                                                                                                                                                    2.633        0.000                       0                     3  


------------------------------------------------------------------------------------------------
| Inter Clock Table
| -----------------
------------------------------------------------------------------------------------------------

From Clock            To Clock                  WNS(ns)      TNS(ns)  TNS Failing Endpoints  TNS Total Endpoints      WHS(ns)      THS(ns)  THS Failing Endpoints  THS Total Endpoints  
----------            --------                  -------      -------  ---------------------  -------------------      -------      -------  ---------------------  -------------------  
clk_out1_clk_wiz_0_1  clk_out1_clk_wiz_0          0.017        0.000                      0                 6059        0.027        0.000                      0                 6059  
clk_out1_clk_wiz_0    clk_out1_clk_wiz_0_1        0.017        0.000                      0                 6059        0.027        0.000                      0                 6059  


------------------------------------------------------------------------------------------------
| Other Path Groups Table
| -----------------------
------------------------------------------------------------------------------------------------

Path Group            From Clock            To Clock                  WNS(ns)      TNS(ns)  TNS Failing Endpoints  TNS Total Endpoints      WHS(ns)      THS(ns)  THS Failing Endpoints  THS Total Endpoints  
----------            ----------            --------                  -------      -------  ---------------------  -------------------      -------      -------  ---------------------  -------------------  
**async_default**     clk_out1_clk_wiz_0    clk_out1_clk_wiz_0          5.088        0.000                      0                  819        0.415        0.000                      0                  819  
**async_default**     clk_out1_clk_wiz_0_1  clk_out1_clk_wiz_0          5.088        0.000                      0                  819        0.277        0.000                      0                  819  
**async_default**     clk_out1_clk_wiz_0    clk_out1_clk_wiz_0_1        5.088        0.000                      0                  819        0.277        0.000                      0                  819  
**async_default**     clk_out1_clk_wiz_0_1  clk_out1_clk_wiz_0_1        5.090        0.000                      0                  819        0.415        0.000                      0                  819  


------------------------------------------------------------------------------------------------
| Timing Details
| --------------
------------------------------------------------------------------------------------------------


---------------------------------------------------------------------------------------------------
From Clock:  clk
  To Clock:  clk

Setup :           NA  Failing Endpoints,  Worst Slack           NA  ,  Total Violation           NA
Hold  :           NA  Failing Endpoints,  Worst Slack           NA  ,  Total Violation           NA
PW    :            0  Failing Endpoints,  Worst Slack        3.000ns,  Total Violation        0.000ns
---------------------------------------------------------------------------------------------------


Pulse Width Checks
--------------------------------------------------------------------------------------
Clock Name:         clk
Waveform(ns):       { 0.000 5.000 }
Period(ns):         10.000
Sources:            { clk }

Check Type        Corner  Lib Pin           Reference Pin  Required(ns)  Actual(ns)  Slack(ns)  Location        Pin
Min Period        n/a     PLLE2_ADV/CLKIN1  n/a            1.249         10.000      8.751      PLLE2_ADV_X1Y2  clk_gen/inst/plle2_adv_inst/CLKIN1
Max Period        n/a     PLLE2_ADV/CLKIN1  n/a            52.633        10.000      42.633     PLLE2_ADV_X1Y2  clk_gen/inst/plle2_adv_inst/CLKIN1
Low Pulse Width   Slow    PLLE2_ADV/CLKIN1  n/a            2.000         5.000       3.000      PLLE2_ADV_X1Y2  clk_gen/inst/plle2_adv_inst/CLKIN1
High Pulse Width  Slow    PLLE2_ADV/CLKIN1  n/a            2.000         5.000       3.000      PLLE2_ADV_X1Y2  clk_gen/inst/plle2_adv_inst/CLKIN1



---------------------------------------------------------------------------------------------------
From Clock:  clk_out1_clk_wiz_0
  To Clock:  clk_out1_clk_wiz_0

Setup :            0  Failing Endpoints,  Worst Slack        0.017ns,  Total Violation        0.000ns
Hold  :            0  Failing Endpoints,  Worst Slack        0.164ns,  Total Violation        0.000ns
PW    :            0  Failing Endpoints,  Worst Slack        4.185ns,  Total Violation        0.000ns
---------------------------------------------------------------------------------------------------


Max Delay Paths
--------------------------------------------------------------------------------------
Slack (MET) :             0.017ns  (required time - arrival time)
  Source:                 rv32im72f_7sp/data_memory/memory_bank1_reg_1/CLKBWRCLK
                            (rising edge-triggered cell RAMB36E1 clocked by clk_out1_clk_wiz_0  {rise@0.000ns fall@5.435ns period=10.870ns})
  Destination:            rv32im72f_7sp/ex_ex2_register/EX2_alu_result_reg[0]/D
                            (rising edge-triggered cell FDRE clocked by clk_out1_clk_wiz_0  {rise@0.000ns fall@5.435ns period=10.870ns})
  Path Group:             clk_out1_clk_wiz_0
  Path Type:              Setup (Max at Slow Process Corner)
  Requirement:            10.870ns  (clk_out1_clk_wiz_0 rise@10.870ns - clk_out1_clk_wiz_0 rise@0.000ns)
  Data Path Delay:        10.648ns  (logic 3.570ns (33.526%)  route 7.078ns (66.474%))
  Logic Levels:           9  (LUT5=2 LUT6=7)
  Clock Path Skew:        -0.095ns (DCD - SCD + CPR)
    Destination Clock Delay (DCD):    -1.830ns = ( 9.039 - 10.870 ) 
    Source Clock Delay      (SCD):    -2.153ns
    Clock Pessimism Removal (CPR):    -0.418ns
  Clock Uncertainty:      0.138ns  ((TSJ^2 + DJ^2)^1/2) / 2 + PE
    Total System Jitter     (TSJ):    0.071ns
    Discrete Jitter          (DJ):    0.266ns
    Phase Error              (PE):    0.000ns

    Location             Delay type                Incr(ns)  Path(ns)    Netlist Resource(s)
  -------------------------------------------------------------------    -------------------
                         (clock clk_out1_clk_wiz_0 rise edge)
                                                      0.000     0.000 r  
    R4                                                0.000     0.000 r  clk (IN)
                         net (fo=0)                   0.000     0.000    clk_gen/inst/clk_in1
    R4                   IBUF (Prop_ibuf_I_O)         1.475     1.475 r  clk_gen/inst/clkin1_ibufg/O
                         net (fo=1, routed)           1.253     2.728    clk_gen/inst/clk_in1_clk_wiz_0
    PLLE2_ADV_X1Y2       PLLE2_ADV (Prop_plle2_adv_CLKIN1_CLKOUT0)
                                                     -8.953    -6.225 r  clk_gen/inst/plle2_adv_inst/CLKOUT0
                         net (fo=1, routed)           1.802    -4.422    clk_gen/inst/clk_out1_clk_wiz_0
    BUFGCTRL_X0Y0        BUFG (Prop_bufg_I_O)         0.096    -4.326 r  clk_gen/inst/clkout1_buf/O
                         net (fo=2045, routed)        2.173    -2.153    rv32im72f_7sp/data_memory/clk_out1
    RAMB36_X0Y0          RAMB36E1                                     r  rv32im72f_7sp/data_memory/memory_bank1_reg_1/CLKBWRCLK
  -------------------------------------------------------------------    -------------------
    RAMB36_X0Y0          RAMB36E1 (Prop_ramb36e1_CLKBWRCLK_DOBDO[3])
                                                      2.454     0.301 r  rv32im72f_7sp/data_memory/memory_bank1_reg_1/DOBDO[3]
                         net (fo=2, routed)           1.255     1.556    rv32im72f_7sp/data_memory/ram_read_data_reg[15]
    SLICE_X23Y10         LUT5 (Prop_lut5_I3_O)        0.124     1.680 r  rv32im72f_7sp/data_memory/WB_forward_data_value[31]_i_6/O
                         net (fo=9, routed)           0.492     2.173    rv32im72f_7sp/ex_mem_register/data_memory_read_data_muxed[3]
    SLICE_X22Y11         LUT5 (Prop_lut5_I2_O)        0.124     2.297 r  rv32im72f_7sp/ex_mem_register/dividend_reg[31]_i_19/O
                         net (fo=2, routed)           1.023     3.319    rv32im72f_7sp/ex_mem_register/MEM_funct3_reg[2]_1
    SLICE_X27Y17         LUT6 (Prop_lut6_I2_O)        0.124     3.443 r  rv32im72f_7sp/ex_mem_register/dividend_reg[31]_i_12/O
                         net (fo=1, routed)           0.426     3.869    rv32im72f_7sp/forward_unit/dividend_reg_reg[31]
    SLICE_X28Y17         LUT6 (Prop_lut6_I2_O)        0.124     3.993 r  rv32im72f_7sp/forward_unit/dividend_reg[31]_i_3/O
                         net (fo=1, routed)           0.551     4.544    rv32im72f_7sp/ex_ex2_register/dividend_reg_reg[31]_0
    SLICE_X31Y19         LUT6 (Prop_lut6_I1_O)        0.124     4.668 r  rv32im72f_7sp/ex_ex2_register/dividend_reg[31]_i_1/O
                         net (fo=50, routed)          1.140     5.808    rv32im72f_7sp/id_ex_register/src_A[31]
    SLICE_X34Y12         LUT6 (Prop_lut6_I4_O)        0.124     5.932 r  rv32im72f_7sp/id_ex_register/EX2_alu_result[7]_i_18/O
                         net (fo=7, routed)           0.817     6.749    rv32im72f_7sp/ex_ex2_register/EX2_alu_result[7]_i_4
    SLICE_X36Y10         LUT6 (Prop_lut6_I3_O)        0.124     6.873 r  rv32im72f_7sp/ex_ex2_register/EX2_alu_result[1]_i_8/O
                         net (fo=3, routed)           0.811     7.684    rv32im72f_7sp/id_ex_register/EX2_alu_result_reg[1]_1
    SLICE_X33Y15         LUT6 (Prop_lut6_I4_O)        0.124     7.808 r  rv32im72f_7sp/id_ex_register/EX2_alu_result[0]_i_5/O
                         net (fo=1, routed)           0.563     8.371    rv32im72f_7sp/id_ex_register/EX2_alu_result[0]_i_5_n_0
    SLICE_X27Y15         LUT6 (Prop_lut6_I3_O)        0.124     8.495 r  rv32im72f_7sp/id_ex_register/EX2_alu_result[0]_i_1/O
                         net (fo=1, routed)           0.000     8.495    rv32im72f_7sp/ex_ex2_register/EX2_alu_result_reg[31]_0[0]
    SLICE_X27Y15         FDRE                                         r  rv32im72f_7sp/ex_ex2_register/EX2_alu_result_reg[0]/D
  -------------------------------------------------------------------    -------------------

                         (clock clk_out1_clk_wiz_0 rise edge)
                                                     10.870    10.870 r  
    R4                                                0.000    10.870 r  clk (IN)
                         net (fo=0)                   0.000    10.870    clk_gen/inst/clk_in1
    R4                   IBUF (Prop_ibuf_I_O)         1.405    12.274 r  clk_gen/inst/clkin1_ibufg/O
                         net (fo=1, routed)           1.181    13.455    clk_gen/inst/clk_in1_clk_wiz_0
    PLLE2_ADV_X1Y2       PLLE2_ADV (Prop_plle2_adv_CLKIN1_CLKOUT0)
                                                     -8.206     5.250 r  clk_gen/inst/plle2_adv_inst/CLKOUT0
                         net (fo=1, routed)           1.718     6.968    clk_gen/inst/clk_out1_clk_wiz_0
    BUFGCTRL_X0Y0        BUFG (Prop_bufg_I_O)         0.091     7.059 r  clk_gen/inst/clkout1_buf/O
                         net (fo=2045, routed)        1.981     9.039    rv32im72f_7sp/ex_ex2_register/clk_out1
    SLICE_X27Y15         FDRE                                         r  rv32im72f_7sp/ex_ex2_register/EX2_alu_result_reg[0]/C
                         clock pessimism             -0.418     8.621    
                         clock uncertainty           -0.138     8.483    
    SLICE_X27Y15         FDRE (Setup_fdre_C_D)        0.029     8.512    rv32im72f_7sp/ex_ex2_register/EX2_alu_result_reg[0]
  -------------------------------------------------------------------
                         required time                          8.512    
                         arrival time                          -8.495    
  -------------------------------------------------------------------
                         slack                                  0.017    





Min Delay Paths
--------------------------------------------------------------------------------------
Slack (MET) :             0.164ns  (arrival time - required time)
  Source:                 rv32im72f_7sp/ex_ex2_register/EX2_raw_imm_reg[5]/C
                            (rising edge-triggered cell FDRE clocked by clk_out1_clk_wiz_0  {rise@0.000ns fall@5.435ns period=10.870ns})
  Destination:            rv32im72f_7sp/ex_mem_register/MEM_raw_imm_reg[5]/D
                            (rising edge-triggered cell FDRE clocked by clk_out1_clk_wiz_0  {rise@0.000ns fall@5.435ns period=10.870ns})
  Path Group:             clk_out1_clk_wiz_0
  Path Type:              Hold (Min at Fast Process Corner)
  Requirement:            0.000ns  (clk_out1_clk_wiz_0 rise@0.000ns - clk_out1_clk_wiz_0 rise@0.000ns)
  Data Path Delay:        0.187ns  (logic 0.128ns (68.352%)  route 0.059ns (31.648%))
  Logic Levels:           0  
  Clock Path Skew:        0.013ns (DCD - SCD - CPR)
    Destination Clock Delay (DCD):    -0.263ns
    Source Clock Delay      (SCD):    -0.494ns
    Clock Pessimism Removal (CPR):    0.218ns

    Location             Delay type                Incr(ns)  Path(ns)    Netlist Resource(s)
  -------------------------------------------------------------------    -------------------
                         (clock clk_out1_clk_wiz_0 rise edge)
                                                      0.000     0.000 r  
    R4                                                0.000     0.000 r  clk (IN)
                         net (fo=0)                   0.000     0.000    clk_gen/inst/clk_in1
    R4                   IBUF (Prop_ibuf_I_O)         0.243     0.243 r  clk_gen/inst/clkin1_ibufg/O
                         net (fo=1, routed)           0.440     0.683    clk_gen/inst/clk_in1_clk_wiz_0
    PLLE2_ADV_X1Y2       PLLE2_ADV (Prop_plle2_adv_CLKIN1_CLKOUT0)
                                                     -2.503    -1.819 r  clk_gen/inst/plle2_adv_inst/CLKOUT0
                         net (fo=1, routed)           0.546    -1.273    clk_gen/inst/clk_out1_clk_wiz_0
    BUFGCTRL_X0Y0        BUFG (Prop_bufg_I_O)         0.026    -1.247 r  clk_gen/inst/clkout1_buf/O
                         net (fo=2045, routed)        0.754    -0.494    rv32im72f_7sp/ex_ex2_register/clk_out1
    SLICE_X9Y23          FDRE                                         r  rv32im72f_7sp/ex_ex2_register/EX2_raw_imm_reg[5]/C
  -------------------------------------------------------------------    -------------------
    SLICE_X9Y23          FDRE (Prop_fdre_C_Q)         0.128    -0.366 r  rv32im72f_7sp/ex_ex2_register/EX2_raw_imm_reg[5]/Q
                         net (fo=1, routed)           0.059    -0.306    rv32im72f_7sp/ex_mem_register/MEM_raw_imm_reg[11]_1[5]
    SLICE_X8Y23          FDRE                                         r  rv32im72f_7sp/ex_mem_register/MEM_raw_imm_reg[5]/D
  -------------------------------------------------------------------    -------------------

                         (clock clk_out1_clk_wiz_0 rise edge)
                                                      0.000     0.000 r  
    R4                                                0.000     0.000 r  clk (IN)
                         net (fo=0)                   0.000     0.000    clk_gen/inst/clk_in1
    R4                   IBUF (Prop_ibuf_I_O)         0.431     0.431 r  clk_gen/inst/clkin1_ibufg/O
                         net (fo=1, routed)           0.481     0.912    clk_gen/inst/clk_in1_clk_wiz_0
    PLLE2_ADV_X1Y2       PLLE2_ADV (Prop_plle2_adv_CLKIN1_CLKOUT0)
                                                     -2.828    -1.916 r  clk_gen/inst/plle2_adv_inst/CLKOUT0
                         net (fo=1, routed)           0.595    -1.322    clk_gen/inst/clk_out1_clk_wiz_0
    BUFGCTRL_X0Y0        BUFG (Prop_bufg_I_O)         0.029    -1.293 r  clk_gen/inst/clkout1_buf/O
                         net (fo=2045, routed)        1.030    -0.263    rv32im72f_7sp/ex_mem_register/clk_out1
    SLICE_X8Y23          FDRE                                         r  rv32im72f_7sp/ex_mem_register/MEM_raw_imm_reg[5]/C
                         clock pessimism             -0.218    -0.481    
    SLICE_X8Y23          FDRE (Hold_fdre_C_D)         0.010    -0.471    rv32im72f_7sp/ex_mem_register/MEM_raw_imm_reg[5]
  -------------------------------------------------------------------
                         required time                          0.471    
                         arrival time                          -0.306    
  -------------------------------------------------------------------
                         slack                                  0.164    





Pulse Width Checks
--------------------------------------------------------------------------------------
Clock Name:         clk_out1_clk_wiz_0
Waveform(ns):       { 0.000 5.435 }
Period(ns):         10.870
Sources:            { clk_gen/inst/plle2_adv_inst/CLKOUT0 }

Check Type        Corner  Lib Pin             Reference Pin  Required(ns)  Actual(ns)  Slack(ns)  Location        Pin
Min Period        n/a     RAMB36E1/CLKARDCLK  n/a            2.944         10.870      7.926      RAMB36_X1Y6     rv32im72f_7sp/data_memory/memory_bank0_reg_0/CLKARDCLK
Max Period        n/a     PLLE2_ADV/CLKOUT0   n/a            160.000       10.870      149.130    PLLE2_ADV_X1Y2  clk_gen/inst/plle2_adv_inst/CLKOUT0
Low Pulse Width   Slow    RAMD32/CLK          n/a            1.250         5.435       4.185      SLICE_X36Y23    rv32im72f_7sp/register_file/registers_reg_r1_0_31_0_5/RAMA/CLK
High Pulse Width  Slow    RAMD32/CLK          n/a            1.250         5.435       4.185      SLICE_X36Y23    rv32im72f_7sp/register_file/registers_reg_r1_0_31_0_5/RAMA/CLK



---------------------------------------------------------------------------------------------------
From Clock:  clkfbout_clk_wiz_0
  To Clock:  clkfbout_clk_wiz_0

Setup :           NA  Failing Endpoints,  Worst Slack           NA  ,  Total Violation           NA
Hold  :           NA  Failing Endpoints,  Worst Slack           NA  ,  Total Violation           NA
PW    :            0  Failing Endpoints,  Worst Slack        2.633ns,  Total Violation        0.000ns
---------------------------------------------------------------------------------------------------


Pulse Width Checks
--------------------------------------------------------------------------------------
Clock Name:         clkfbout_clk_wiz_0
Waveform(ns):       { 0.000 25.000 }
Period(ns):         50.000
Sources:            { clk_gen/inst/plle2_adv_inst/CLKFBOUT }

Check Type  Corner  Lib Pin            Reference Pin  Required(ns)  Actual(ns)  Slack(ns)  Location        Pin
Min Period  n/a     BUFG/I             n/a            2.155         50.000      47.845     BUFGCTRL_X0Y1   clk_gen/inst/clkf_buf/I
Max Period  n/a     PLLE2_ADV/CLKFBIN  n/a            52.633        50.000      2.633      PLLE2_ADV_X1Y2  clk_gen/inst/plle2_adv_inst/CLKFBIN



---------------------------------------------------------------------------------------------------
From Clock:  sys_clk_pin
  To Clock:  sys_clk_pin

Setup :           NA  Failing Endpoints,  Worst Slack           NA  ,  Total Violation           NA
Hold  :           NA  Failing Endpoints,  Worst Slack           NA  ,  Total Violation           NA
PW    :            0  Failing Endpoints,  Worst Slack        3.000ns,  Total Violation        0.000ns
---------------------------------------------------------------------------------------------------


Pulse Width Checks
--------------------------------------------------------------------------------------
Clock Name:         sys_clk_pin
Waveform(ns):       { 0.000 5.000 }
Period(ns):         10.000
Sources:            { clk }

Check Type        Corner  Lib Pin           Reference Pin  Required(ns)  Actual(ns)  Slack(ns)  Location        Pin
Min Period        n/a     PLLE2_ADV/CLKIN1  n/a            1.249         10.000      8.751      PLLE2_ADV_X1Y2  clk_gen/inst/plle2_adv_inst/CLKIN1
Max Period        n/a     PLLE2_ADV/CLKIN1  n/a            52.633        10.000      42.633     PLLE2_ADV_X1Y2  clk_gen/inst/plle2_adv_inst/CLKIN1
Low Pulse Width   Slow    PLLE2_ADV/CLKIN1  n/a            2.000         5.000       3.000      PLLE2_ADV_X1Y2  clk_gen/inst/plle2_adv_inst/CLKIN1
High Pulse Width  Slow    PLLE2_ADV/CLKIN1  n/a            2.000         5.000       3.000      PLLE2_ADV_X1Y2  clk_gen/inst/plle2_adv_inst/CLKIN1



---------------------------------------------------------------------------------------------------
From Clock:  clk_out1_clk_wiz_0_1
  To Clock:  clk_out1_clk_wiz_0_1

Setup :            0  Failing Endpoints,  Worst Slack        0.019ns,  Total Violation        0.000ns
Hold  :            0  Failing Endpoints,  Worst Slack        0.164ns,  Total Violation        0.000ns
PW    :            0  Failing Endpoints,  Worst Slack        4.185ns,  Total Violation        0.000ns
---------------------------------------------------------------------------------------------------


Max Delay Paths
--------------------------------------------------------------------------------------
Slack (MET) :             0.019ns  (required time - arrival time)
  Source:                 rv32im72f_7sp/data_memory/memory_bank1_reg_1/CLKBWRCLK
                            (rising edge-triggered cell RAMB36E1 clocked by clk_out1_clk_wiz_0_1  {rise@0.000ns fall@5.435ns period=10.870ns})
  Destination:            rv32im72f_7sp/ex_ex2_register/EX2_alu_result_reg[0]/D
                            (rising edge-triggered cell FDRE clocked by clk_out1_clk_wiz_0_1  {rise@0.000ns fall@5.435ns period=10.870ns})
  Path Group:             clk_out1_clk_wiz_0_1
  Path Type:              Setup (Max at Slow Process Corner)
  Requirement:            10.870ns  (clk_out1_clk_wiz_0_1 rise@10.870ns - clk_out1_clk_wiz_0_1 rise@0.000ns)
  Data Path Delay:        10.648ns  (logic 3.570ns (33.526%)  route 7.078ns (66.474%))
  Logic Levels:           9  (LUT5=2 LUT6=7)
  Clock Path Skew:        -0.095ns (DCD - SCD + CPR)
    Destination Clock Delay (DCD):    -1.830ns = ( 9.039 - 10.870 ) 
    Source Clock Delay      (SCD):    -2.153ns
    Clock Pessimism Removal (CPR):    -0.418ns
  Clock Uncertainty:      0.136ns  ((TSJ^2 + DJ^2)^1/2) / 2 + PE
    Total System Jitter     (TSJ):    0.071ns
    Discrete Jitter          (DJ):    0.262ns
    Phase Error              (PE):    0.000ns

    Location             Delay type                Incr(ns)  Path(ns)    Netlist Resource(s)
  -------------------------------------------------------------------    -------------------
                         (clock clk_out1_clk_wiz_0_1 rise edge)
                                                      0.000     0.000 r  
    R4                                                0.000     0.000 r  clk (IN)
                         net (fo=0)                   0.000     0.000    clk_gen/inst/clk_in1
    R4                   IBUF (Prop_ibuf_I_O)         1.475     1.475 r  clk_gen/inst/clkin1_ibufg/O
                         net (fo=1, routed)           1.253     2.728    clk_gen/inst/clk_in1_clk_wiz_0
    PLLE2_ADV_X1Y2       PLLE2_ADV (Prop_plle2_adv_CLKIN1_CLKOUT0)
                                                     -8.953    -6.225 r  clk_gen/inst/plle2_adv_inst/CLKOUT0
                         net (fo=1, routed)           1.802    -4.422    clk_gen/inst/clk_out1_clk_wiz_0
    BUFGCTRL_X0Y0        BUFG (Prop_bufg_I_O)         0.096    -4.326 r  clk_gen/inst/clkout1_buf/O
                         net (fo=2045, routed)        2.173    -2.153    rv32im72f_7sp/data_memory/clk_out1
    RAMB36_X0Y0          RAMB36E1                                     r  rv32im72f_7sp/data_memory/memory_bank1_reg_1/CLKBWRCLK
  -------------------------------------------------------------------    -------------------
    RAMB36_X0Y0          RAMB36E1 (Prop_ramb36e1_CLKBWRCLK_DOBDO[3])
                                                      2.454     0.301 r  rv32im72f_7sp/data_memory/memory_bank1_reg_1/DOBDO[3]
                         net (fo=2, routed)           1.255     1.556    rv32im72f_7sp/data_memory/ram_read_data_reg[15]
    SLICE_X23Y10         LUT5 (Prop_lut5_I3_O)        0.124     1.680 r  rv32im72f_7sp/data_memory/WB_forward_data_value[31]_i_6/O
                         net (fo=9, routed)           0.492     2.173    rv32im72f_7sp/ex_mem_register/data_memory_read_data_muxed[3]
    SLICE_X22Y11         LUT5 (Prop_lut5_I2_O)        0.124     2.297 r  rv32im72f_7sp/ex_mem_register/dividend_reg[31]_i_19/O
                         net (fo=2, routed)           1.023     3.319    rv32im72f_7sp/ex_mem_register/MEM_funct3_reg[2]_1
    SLICE_X27Y17         LUT6 (Prop_lut6_I2_O)        0.124     3.443 r  rv32im72f_7sp/ex_mem_register/dividend_reg[31]_i_12/O
                         net (fo=1, routed)           0.426     3.869    rv32im72f_7sp/forward_unit/dividend_reg_reg[31]
    SLICE_X28Y17         LUT6 (Prop_lut6_I2_O)        0.124     3.993 r  rv32im72f_7sp/forward_unit/dividend_reg[31]_i_3/O
                         net (fo=1, routed)           0.551     4.544    rv32im72f_7sp/ex_ex2_register/dividend_reg_reg[31]_0
    SLICE_X31Y19         LUT6 (Prop_lut6_I1_O)        0.124     4.668 r  rv32im72f_7sp/ex_ex2_register/dividend_reg[31]_i_1/O
                         net (fo=50, routed)          1.140     5.808    rv32im72f_7sp/id_ex_register/src_A[31]
    SLICE_X34Y12         LUT6 (Prop_lut6_I4_O)        0.124     5.932 r  rv32im72f_7sp/id_ex_register/EX2_alu_result[7]_i_18/O
                         net (fo=7, routed)           0.817     6.749    rv32im72f_7sp/ex_ex2_register/EX2_alu_result[7]_i_4
    SLICE_X36Y10         LUT6 (Prop_lut6_I3_O)        0.124     6.873 r  rv32im72f_7sp/ex_ex2_register/EX2_alu_result[1]_i_8/O
                         net (fo=3, routed)           0.811     7.684    rv32im72f_7sp/id_ex_register/EX2_alu_result_reg[1]_1
    SLICE_X33Y15         LUT6 (Prop_lut6_I4_O)        0.124     7.808 r  rv32im72f_7sp/id_ex_register/EX2_alu_result[0]_i_5/O
                         net (fo=1, routed)           0.563     8.371    rv32im72f_7sp/id_ex_register/EX2_alu_result[0]_i_5_n_0
    SLICE_X27Y15         LUT6 (Prop_lut6_I3_O)        0.124     8.495 r  rv32im72f_7sp/id_ex_register/EX2_alu_result[0]_i_1/O
                         net (fo=1, routed)           0.000     8.495    rv32im72f_7sp/ex_ex2_register/EX2_alu_result_reg[31]_0[0]
    SLICE_X27Y15         FDRE                                         r  rv32im72f_7sp/ex_ex2_register/EX2_alu_result_reg[0]/D
  -------------------------------------------------------------------    -------------------

                         (clock clk_out1_clk_wiz_0_1 rise edge)
                                                     10.870    10.870 r  
    R4                                                0.000    10.870 r  clk (IN)
                         net (fo=0)                   0.000    10.870    clk_gen/inst/clk_in1
    R4                   IBUF (Prop_ibuf_I_O)         1.405    12.274 r  clk_gen/inst/clkin1_ibufg/O
                         net (fo=1, routed)           1.181    13.455    clk_gen/inst/clk_in1_clk_wiz_0
    PLLE2_ADV_X1Y2       PLLE2_ADV (Prop_plle2_adv_CLKIN1_CLKOUT0)
                                                     -8.206     5.250 r  clk_gen/inst/plle2_adv_inst/CLKOUT0
                         net (fo=1, routed)           1.718     6.968    clk_gen/inst/clk_out1_clk_wiz_0
    BUFGCTRL_X0Y0        BUFG (Prop_bufg_I_O)         0.091     7.059 r  clk_gen/inst/clkout1_buf/O
                         net (fo=2045, routed)        1.981     9.039    rv32im72f_7sp/ex_ex2_register/clk_out1
    SLICE_X27Y15         FDRE                                         r  rv32im72f_7sp/ex_ex2_register/EX2_alu_result_reg[0]/C
                         clock pessimism             -0.418     8.621    
                         clock uncertainty           -0.136     8.485    
    SLICE_X27Y15         FDRE (Setup_fdre_C_D)        0.029     8.514    rv32im72f_7sp/ex_ex2_register/EX2_alu_result_reg[0]
  -------------------------------------------------------------------
                         required time                          8.514    
                         arrival time                          -8.495    
  -------------------------------------------------------------------
                         slack                                  0.019    





Min Delay Paths
--------------------------------------------------------------------------------------
Slack (MET) :             0.164ns  (arrival time - required time)
  Source:                 rv32im72f_7sp/ex_ex2_register/EX2_raw_imm_reg[5]/C
                            (rising edge-triggered cell FDRE clocked by clk_out1_clk_wiz_0_1  {rise@0.000ns fall@5.435ns period=10.870ns})
  Destination:            rv32im72f_7sp/ex_mem_register/MEM_raw_imm_reg[5]/D
                            (rising edge-triggered cell FDRE clocked by clk_out1_clk_wiz_0_1  {rise@0.000ns fall@5.435ns period=10.870ns})
  Path Group:             clk_out1_clk_wiz_0_1
  Path Type:              Hold (Min at Fast Process Corner)
  Requirement:            0.000ns  (clk_out1_clk_wiz_0_1 rise@0.000ns - clk_out1_clk_wiz_0_1 rise@0.000ns)
  Data Path Delay:        0.187ns  (logic 0.128ns (68.352%)  route 0.059ns (31.648%))
  Logic Levels:           0  
  Clock Path Skew:        0.013ns (DCD - SCD - CPR)
    Destination Clock Delay (DCD):    -0.263ns
    Source Clock Delay      (SCD):    -0.494ns
    Clock Pessimism Removal (CPR):    0.218ns

    Location             Delay type                Incr(ns)  Path(ns)    Netlist Resource(s)
  -------------------------------------------------------------------    -------------------
                         (clock clk_out1_clk_wiz_0_1 rise edge)
                                                      0.000     0.000 r  
    R4                                                0.000     0.000 r  clk (IN)
                         net (fo=0)                   0.000     0.000    clk_gen/inst/clk_in1
    R4                   IBUF (Prop_ibuf_I_O)         0.243     0.243 r  clk_gen/inst/clkin1_ibufg/O
                         net (fo=1, routed)           0.440     0.683    clk_gen/inst/clk_in1_clk_wiz_0
    PLLE2_ADV_X1Y2       PLLE2_ADV (Prop_plle2_adv_CLKIN1_CLKOUT0)
                                                     -2.503    -1.819 r  clk_gen/inst/plle2_adv_inst/CLKOUT0
                         net (fo=1, routed)           0.546    -1.273    clk_gen/inst/clk_out1_clk_wiz_0
    BUFGCTRL_X0Y0        BUFG (Prop_bufg_I_O)         0.026    -1.247 r  clk_gen/inst/clkout1_buf/O
                         net (fo=2045, routed)        0.754    -0.494    rv32im72f_7sp/ex_ex2_register/clk_out1
    SLICE_X9Y23          FDRE                                         r  rv32im72f_7sp/ex_ex2_register/EX2_raw_imm_reg[5]/C
  -------------------------------------------------------------------    -------------------
    SLICE_X9Y23          FDRE (Prop_fdre_C_Q)         0.128    -0.366 r  rv32im72f_7sp/ex_ex2_register/EX2_raw_imm_reg[5]/Q
                         net (fo=1, routed)           0.059    -0.306    rv32im72f_7sp/ex_mem_register/MEM_raw_imm_reg[11]_1[5]
    SLICE_X8Y23          FDRE                                         r  rv32im72f_7sp/ex_mem_register/MEM_raw_imm_reg[5]/D
  -------------------------------------------------------------------    -------------------

                         (clock clk_out1_clk_wiz_0_1 rise edge)
                                                      0.000     0.000 r  
    R4                                                0.000     0.000 r  clk (IN)
                         net (fo=0)                   0.000     0.000    clk_gen/inst/clk_in1
    R4                   IBUF (Prop_ibuf_I_O)         0.431     0.431 r  clk_gen/inst/clkin1_ibufg/O
                         net (fo=1, routed)           0.481     0.912    clk_gen/inst/clk_in1_clk_wiz_0
    PLLE2_ADV_X1Y2       PLLE2_ADV (Prop_plle2_adv_CLKIN1_CLKOUT0)
                                                     -2.828    -1.916 r  clk_gen/inst/plle2_adv_inst/CLKOUT0
                         net (fo=1, routed)           0.595    -1.322    clk_gen/inst/clk_out1_clk_wiz_0
    BUFGCTRL_X0Y0        BUFG (Prop_bufg_I_O)         0.029    -1.293 r  clk_gen/inst/clkout1_buf/O
                         net (fo=2045, routed)        1.030    -0.263    rv32im72f_7sp/ex_mem_register/clk_out1
    SLICE_X8Y23          FDRE                                         r  rv32im72f_7sp/ex_mem_register/MEM_raw_imm_reg[5]/C
                         clock pessimism             -0.218    -0.481    
    SLICE_X8Y23          FDRE (Hold_fdre_C_D)         0.010    -0.471    rv32im72f_7sp/ex_mem_register/MEM_raw_imm_reg[5]
  -------------------------------------------------------------------
                         required time                          0.471    
                         arrival time                          -0.306    
  -------------------------------------------------------------------
                         slack                                  0.164    





Pulse Width Checks
--------------------------------------------------------------------------------------
Clock Name:         clk_out1_clk_wiz_0_1
Waveform(ns):       { 0.000 5.435 }
Period(ns):         10.870
Sources:            { clk_gen/inst/plle2_adv_inst/CLKOUT0 }

Check Type        Corner  Lib Pin             Reference Pin  Required(ns)  Actual(ns)  Slack(ns)  Location        Pin
Min Period        n/a     RAMB36E1/CLKARDCLK  n/a            2.944         10.870      7.926      RAMB36_X1Y6     rv32im72f_7sp/data_memory/memory_bank0_reg_0/CLKARDCLK
Max Period        n/a     PLLE2_ADV/CLKOUT0   n/a            160.000       10.870      149.130    PLLE2_ADV_X1Y2  clk_gen/inst/plle2_adv_inst/CLKOUT0
Low Pulse Width   Slow    RAMD32/CLK          n/a            1.250         5.435       4.185      SLICE_X36Y23    rv32im72f_7sp/register_file/registers_reg_r1_0_31_0_5/RAMA/CLK
High Pulse Width  Slow    RAMD32/CLK          n/a            1.250         5.435       4.185      SLICE_X36Y23    rv32im72f_7sp/register_file/registers_reg_r1_0_31_0_5/RAMA/CLK



---------------------------------------------------------------------------------------------------
From Clock:  clkfbout_clk_wiz_0_1
  To Clock:  clkfbout_clk_wiz_0_1

Setup :           NA  Failing Endpoints,  Worst Slack           NA  ,  Total Violation           NA
Hold  :           NA  Failing Endpoints,  Worst Slack           NA  ,  Total Violation           NA
PW    :            0  Failing Endpoints,  Worst Slack        2.633ns,  Total Violation        0.000ns
---------------------------------------------------------------------------------------------------


Pulse Width Checks
--------------------------------------------------------------------------------------
Clock Name:         clkfbout_clk_wiz_0_1
Waveform(ns):       { 0.000 25.000 }
Period(ns):         50.000
Sources:            { clk_gen/inst/plle2_adv_inst/CLKFBOUT }

Check Type  Corner  Lib Pin            Reference Pin  Required(ns)  Actual(ns)  Slack(ns)  Location        Pin
Min Period  n/a     BUFG/I             n/a            2.155         50.000      47.845     BUFGCTRL_X0Y1   clk_gen/inst/clkf_buf/I
Max Period  n/a     PLLE2_ADV/CLKFBIN  n/a            52.633        50.000      2.633      PLLE2_ADV_X1Y2  clk_gen/inst/plle2_adv_inst/CLKFBIN



---------------------------------------------------------------------------------------------------
From Clock:  clk_out1_clk_wiz_0_1
  To Clock:  clk_out1_clk_wiz_0

Setup :            0  Failing Endpoints,  Worst Slack        0.017ns,  Total Violation        0.000ns
Hold  :            0  Failing Endpoints,  Worst Slack        0.027ns,  Total Violation        0.000ns
---------------------------------------------------------------------------------------------------


Max Delay Paths
--------------------------------------------------------------------------------------
Slack (MET) :             0.017ns  (required time - arrival time)
  Source:                 rv32im72f_7sp/data_memory/memory_bank1_reg_1/CLKBWRCLK
                            (rising edge-triggered cell RAMB36E1 clocked by clk_out1_clk_wiz_0_1  {rise@0.000ns fall@5.435ns period=10.870ns})
  Destination:            rv32im72f_7sp/ex_ex2_register/EX2_alu_result_reg[0]/D
                            (rising edge-triggered cell FDRE clocked by clk_out1_clk_wiz_0  {rise@0.000ns fall@5.435ns period=10.870ns})
  Path Group:             clk_out1_clk_wiz_0
  Path Type:              Setup (Max at Slow Process Corner)
  Requirement:            10.870ns  (clk_out1_clk_wiz_0 rise@10.870ns - clk_out1_clk_wiz_0_1 rise@0.000ns)
  Data Path Delay:        10.648ns  (logic 3.570ns (33.526%)  route 7.078ns (66.474%))
  Logic Levels:           9  (LUT5=2 LUT6=7)
  Clock Path Skew:        -0.095ns (DCD - SCD + CPR)
    Destination Clock Delay (DCD):    -1.830ns = ( 9.039 - 10.870 ) 
    Source Clock Delay      (SCD):    -2.153ns
    Clock Pessimism Removal (CPR):    -0.418ns
  Clock Uncertainty:      0.138ns  ((TSJ^2 + DJ^2)^1/2) / 2 + PE
    Total System Jitter     (TSJ):    0.071ns
    Discrete Jitter          (DJ):    0.266ns
    Phase Error              (PE):    0.000ns
  Clock Domain Crossing:  Inter clock paths are considered valid unless explicitly excluded by timing constraints such as set_clock_groups or set_false_path.

    Location             Delay type                Incr(ns)  Path(ns)    Netlist Resource(s)
  -------------------------------------------------------------------    -------------------
                         (clock clk_out1_clk_wiz_0_1 rise edge)
                                                      0.000     0.000 r  
    R4                                                0.000     0.000 r  clk (IN)
                         net (fo=0)                   0.000     0.000    clk_gen/inst/clk_in1
    R4                   IBUF (Prop_ibuf_I_O)         1.475     1.475 r  clk_gen/inst/clkin1_ibufg/O
                         net (fo=1, routed)           1.253     2.728    clk_gen/inst/clk_in1_clk_wiz_0
    PLLE2_ADV_X1Y2       PLLE2_ADV (Prop_plle2_adv_CLKIN1_CLKOUT0)
                                                     -8.953    -6.225 r  clk_gen/inst/plle2_adv_inst/CLKOUT0
                         net (fo=1, routed)           1.802    -4.422    clk_gen/inst/clk_out1_clk_wiz_0
    BUFGCTRL_X0Y0        BUFG (Prop_bufg_I_O)         0.096    -4.326 r  clk_gen/inst/clkout1_buf/O
                         net (fo=2045, routed)        2.173    -2.153    rv32im72f_7sp/data_memory/clk_out1
    RAMB36_X0Y0          RAMB36E1                                     r  rv32im72f_7sp/data_memory/memory_bank1_reg_1/CLKBWRCLK
  -------------------------------------------------------------------    -------------------
    RAMB36_X0Y0          RAMB36E1 (Prop_ramb36e1_CLKBWRCLK_DOBDO[3])
                                                      2.454     0.301 r  rv32im72f_7sp/data_memory/memory_bank1_reg_1/DOBDO[3]
                         net (fo=2, routed)           1.255     1.556    rv32im72f_7sp/data_memory/ram_read_data_reg[15]
    SLICE_X23Y10         LUT5 (Prop_lut5_I3_O)        0.124     1.680 r  rv32im72f_7sp/data_memory/WB_forward_data_value[31]_i_6/O
                         net (fo=9, routed)           0.492     2.173    rv32im72f_7sp/ex_mem_register/data_memory_read_data_muxed[3]
    SLICE_X22Y11         LUT5 (Prop_lut5_I2_O)        0.124     2.297 r  rv32im72f_7sp/ex_mem_register/dividend_reg[31]_i_19/O
                         net (fo=2, routed)           1.023     3.319    rv32im72f_7sp/ex_mem_register/MEM_funct3_reg[2]_1
    SLICE_X27Y17         LUT6 (Prop_lut6_I2_O)        0.124     3.443 r  rv32im72f_7sp/ex_mem_register/dividend_reg[31]_i_12/O
                         net (fo=1, routed)           0.426     3.869    rv32im72f_7sp/forward_unit/dividend_reg_reg[31]
    SLICE_X28Y17         LUT6 (Prop_lut6_I2_O)        0.124     3.993 r  rv32im72f_7sp/forward_unit/dividend_reg[31]_i_3/O
                         net (fo=1, routed)           0.551     4.544    rv32im72f_7sp/ex_ex2_register/dividend_reg_reg[31]_0
    SLICE_X31Y19         LUT6 (Prop_lut6_I1_O)        0.124     4.668 r  rv32im72f_7sp/ex_ex2_register/dividend_reg[31]_i_1/O
                         net (fo=50, routed)          1.140     5.808    rv32im72f_7sp/id_ex_register/src_A[31]
    SLICE_X34Y12         LUT6 (Prop_lut6_I4_O)        0.124     5.932 r  rv32im72f_7sp/id_ex_register/EX2_alu_result[7]_i_18/O
                         net (fo=7, routed)           0.817     6.749    rv32im72f_7sp/ex_ex2_register/EX2_alu_result[7]_i_4
    SLICE_X36Y10         LUT6 (Prop_lut6_I3_O)        0.124     6.873 r  rv32im72f_7sp/ex_ex2_register/EX2_alu_result[1]_i_8/O
                         net (fo=3, routed)           0.811     7.684    rv32im72f_7sp/id_ex_register/EX2_alu_result_reg[1]_1
    SLICE_X33Y15         LUT6 (Prop_lut6_I4_O)        0.124     7.808 r  rv32im72f_7sp/id_ex_register/EX2_alu_result[0]_i_5/O
                         net (fo=1, routed)           0.563     8.371    rv32im72f_7sp/id_ex_register/EX2_alu_result[0]_i_5_n_0
    SLICE_X27Y15         LUT6 (Prop_lut6_I3_O)        0.124     8.495 r  rv32im72f_7sp/id_ex_register/EX2_alu_result[0]_i_1/O
                         net (fo=1, routed)           0.000     8.495    rv32im72f_7sp/ex_ex2_register/EX2_alu_result_reg[31]_0[0]
    SLICE_X27Y15         FDRE                                         r  rv32im72f_7sp/ex_ex2_register/EX2_alu_result_reg[0]/D
  -------------------------------------------------------------------    -------------------

                         (clock clk_out1_clk_wiz_0 rise edge)
                                                     10.870    10.870 r  
    R4                                                0.000    10.870 r  clk (IN)
                         net (fo=0)                   0.000    10.870    clk_gen/inst/clk_in1
    R4                   IBUF (Prop_ibuf_I_O)         1.405    12.274 r  clk_gen/inst/clkin1_ibufg/O
                         net (fo=1, routed)           1.181    13.455    clk_gen/inst/clk_in1_clk_wiz_0
    PLLE2_ADV_X1Y2       PLLE2_ADV (Prop_plle2_adv_CLKIN1_CLKOUT0)
                                                     -8.206     5.250 r  clk_gen/inst/plle2_adv_inst/CLKOUT0
                         net (fo=1, routed)           1.718     6.968    clk_gen/inst/clk_out1_clk_wiz_0
    BUFGCTRL_X0Y0        BUFG (Prop_bufg_I_O)         0.091     7.059 r  clk_gen/inst/clkout1_buf/O
                         net (fo=2045, routed)        1.981     9.039    rv32im72f_7sp/ex_ex2_register/clk_out1
    SLICE_X27Y15         FDRE                                         r  rv32im72f_7sp/ex_ex2_register/EX2_alu_result_reg[0]/C
                         clock pessimism             -0.418     8.621    
                         clock uncertainty           -0.138     8.483    
    SLICE_X27Y15         FDRE (Setup_fdre_C_D)        0.029     8.512    rv32im72f_7sp/ex_ex2_register/EX2_alu_result_reg[0]
  -------------------------------------------------------------------
                         required time                          8.512    
                         arrival time                          -8.495    
  -------------------------------------------------------------------
                         slack                                  0.017    





Min Delay Paths
--------------------------------------------------------------------------------------
Slack (MET) :             0.027ns  (arrival time - required time)
  Source:                 rv32im72f_7sp/ex_ex2_register/EX2_raw_imm_reg[5]/C
                            (rising edge-triggered cell FDRE clocked by clk_out1_clk_wiz_0_1  {rise@0.000ns fall@5.435ns period=10.870ns})
  Destination:            rv32im72f_7sp/ex_mem_register/MEM_raw_imm_reg[5]/D
                            (rising edge-triggered cell FDRE clocked by clk_out1_clk_wiz_0  {rise@0.000ns fall@5.435ns period=10.870ns})
  Path Group:             clk_out1_clk_wiz_0
  Path Type:              Hold (Min at Fast Process Corner)
  Requirement:            0.000ns  (clk_out1_clk_wiz_0 rise@0.000ns - clk_out1_clk_wiz_0_1 rise@0.000ns)
  Data Path Delay:        0.187ns  (logic 0.128ns (68.352%)  route 0.059ns (31.648%))
  Logic Levels:           0  
  Clock Path Skew:        0.013ns (DCD - SCD - CPR)
    Destination Clock Delay (DCD):    -0.263ns
    Source Clock Delay      (SCD):    -0.494ns
    Clock Pessimism Removal (CPR):    0.218ns
  Clock Uncertainty:      0.138ns  ((TSJ^2 + DJ^2)^1/2) / 2 + PE
    Total System Jitter     (TSJ):    0.071ns
    Discrete Jitter          (DJ):    0.266ns
    Phase Error              (PE):    0.000ns
  Clock Domain Crossing:  Inter clock paths are considered valid unless explicitly excluded by timing constraints such as set_clock_groups or set_false_path.

    Location             Delay type                Incr(ns)  Path(ns)    Netlist Resource(s)
  -------------------------------------------------------------------    -------------------
                         (clock clk_out1_clk_wiz_0_1 rise edge)
                                                      0.000     0.000 r  
    R4                                                0.000     0.000 r  clk (IN)
                         net (fo=0)                   0.000     0.000    clk_gen/inst/clk_in1
    R4                   IBUF (Prop_ibuf_I_O)         0.243     0.243 r  clk_gen/inst/clkin1_ibufg/O
                         net (fo=1, routed)           0.440     0.683    clk_gen/inst/clk_in1_clk_wiz_0
    PLLE2_ADV_X1Y2       PLLE2_ADV (Prop_plle2_adv_CLKIN1_CLKOUT0)
                                                     -2.503    -1.819 r  clk_gen/inst/plle2_adv_inst/CLKOUT0
                         net (fo=1, routed)           0.546    -1.273    clk_gen/inst/clk_out1_clk_wiz_0
    BUFGCTRL_X0Y0        BUFG (Prop_bufg_I_O)         0.026    -1.247 r  clk_gen/inst/clkout1_buf/O
                         net (fo=2045, routed)        0.754    -0.494    rv32im72f_7sp/ex_ex2_register/clk_out1
    SLICE_X9Y23          FDRE                                         r  rv32im72f_7sp/ex_ex2_register/EX2_raw_imm_reg[5]/C
  -------------------------------------------------------------------    -------------------
    SLICE_X9Y23          FDRE (Prop_fdre_C_Q)         0.128    -0.366 r  rv32im72f_7sp/ex_ex2_register/EX2_raw_imm_reg[5]/Q
                         net (fo=1, routed)           0.059    -0.306    rv32im72f_7sp/ex_mem_register/MEM_raw_imm_reg[11]_1[5]
    SLICE_X8Y23          FDRE                                         r  rv32im72f_7sp/ex_mem_register/MEM_raw_imm_reg[5]/D
  -------------------------------------------------------------------    -------------------

                         (clock clk_out1_clk_wiz_0 rise edge)
                                                      0.000     0.000 r  
    R4                                                0.000     0.000 r  clk (IN)
                         net (fo=0)                   0.000     0.000    clk_gen/inst/clk_in1
    R4                   IBUF (Prop_ibuf_I_O)         0.431     0.431 r  clk_gen/inst/clkin1_ibufg/O
                         net (fo=1, routed)           0.481     0.912    clk_gen/inst/clk_in1_clk_wiz_0
    PLLE2_ADV_X1Y2       PLLE2_ADV (Prop_plle2_adv_CLKIN1_CLKOUT0)
                                                     -2.828    -1.916 r  clk_gen/inst/plle2_adv_inst/CLKOUT0
                         net (fo=1, routed)           0.595    -1.322    clk_gen/inst/clk_out1_clk_wiz_0
    BUFGCTRL_X0Y0        BUFG (Prop_bufg_I_O)         0.029    -1.293 r  clk_gen/inst/clkout1_buf/O
                         net (fo=2045, routed)        1.030    -0.263    rv32im72f_7sp/ex_mem_register/clk_out1
    SLICE_X8Y23          FDRE                                         r  rv32im72f_7sp/ex_mem_register/MEM_raw_imm_reg[5]/C
                         clock pessimism             -0.218    -0.481    
                         clock uncertainty            0.138    -0.343    
    SLICE_X8Y23          FDRE (Hold_fdre_C_D)         0.010    -0.333    rv32im72f_7sp/ex_mem_register/MEM_raw_imm_reg[5]
  -------------------------------------------------------------------
                         required time                          0.333    
                         arrival time                          -0.306    
  -------------------------------------------------------------------
                         slack                                  0.027    





---------------------------------------------------------------------------------------------------
From Clock:  clk_out1_clk_wiz_0
  To Clock:  clk_out1_clk_wiz_0_1

Setup :            0  Failing Endpoints,  Worst Slack        0.017ns,  Total Violation        0.000ns
Hold  :            0  Failing Endpoints,  Worst Slack        0.027ns,  Total Violation        0.000ns
---------------------------------------------------------------------------------------------------


Max Delay Paths
--------------------------------------------------------------------------------------
Slack (MET) :             0.017ns  (required time - arrival time)
  Source:                 rv32im72f_7sp/data_memory/memory_bank1_reg_1/CLKBWRCLK
                            (rising edge-triggered cell RAMB36E1 clocked by clk_out1_clk_wiz_0  {rise@0.000ns fall@5.435ns period=10.870ns})
  Destination:            rv32im72f_7sp/ex_ex2_register/EX2_alu_result_reg[0]/D
                            (rising edge-triggered cell FDRE clocked by clk_out1_clk_wiz_0_1  {rise@0.000ns fall@5.435ns period=10.870ns})
  Path Group:             clk_out1_clk_wiz_0_1
  Path Type:              Setup (Max at Slow Process Corner)
  Requirement:            10.870ns  (clk_out1_clk_wiz_0_1 rise@10.870ns - clk_out1_clk_wiz_0 rise@0.000ns)
  Data Path Delay:        10.648ns  (logic 3.570ns (33.526%)  route 7.078ns (66.474%))
  Logic Levels:           9  (LUT5=2 LUT6=7)
  Clock Path Skew:        -0.095ns (DCD - SCD + CPR)
    Destination Clock Delay (DCD):    -1.830ns = ( 9.039 - 10.870 ) 
    Source Clock Delay      (SCD):    -2.153ns
    Clock Pessimism Removal (CPR):    -0.418ns
  Clock Uncertainty:      0.138ns  ((TSJ^2 + DJ^2)^1/2) / 2 + PE
    Total System Jitter     (TSJ):    0.071ns
    Discrete Jitter          (DJ):    0.266ns
    Phase Error              (PE):    0.000ns
  Clock Domain Crossing:  Inter clock paths are considered valid unless explicitly excluded by timing constraints such as set_clock_groups or set_false_path.

    Location             Delay type                Incr(ns)  Path(ns)    Netlist Resource(s)
  -------------------------------------------------------------------    -------------------
                         (clock clk_out1_clk_wiz_0 rise edge)
                                                      0.000     0.000 r  
    R4                                                0.000     0.000 r  clk (IN)
                         net (fo=0)                   0.000     0.000    clk_gen/inst/clk_in1
    R4                   IBUF (Prop_ibuf_I_O)         1.475     1.475 r  clk_gen/inst/clkin1_ibufg/O
                         net (fo=1, routed)           1.253     2.728    clk_gen/inst/clk_in1_clk_wiz_0
    PLLE2_ADV_X1Y2       PLLE2_ADV (Prop_plle2_adv_CLKIN1_CLKOUT0)
                                                     -8.953    -6.225 r  clk_gen/inst/plle2_adv_inst/CLKOUT0
                         net (fo=1, routed)           1.802    -4.422    clk_gen/inst/clk_out1_clk_wiz_0
    BUFGCTRL_X0Y0        BUFG (Prop_bufg_I_O)         0.096    -4.326 r  clk_gen/inst/clkout1_buf/O
                         net (fo=2045, routed)        2.173    -2.153    rv32im72f_7sp/data_memory/clk_out1
    RAMB36_X0Y0          RAMB36E1                                     r  rv32im72f_7sp/data_memory/memory_bank1_reg_1/CLKBWRCLK
  -------------------------------------------------------------------    -------------------
    RAMB36_X0Y0          RAMB36E1 (Prop_ramb36e1_CLKBWRCLK_DOBDO[3])
                                                      2.454     0.301 r  rv32im72f_7sp/data_memory/memory_bank1_reg_1/DOBDO[3]
                         net (fo=2, routed)           1.255     1.556    rv32im72f_7sp/data_memory/ram_read_data_reg[15]
    SLICE_X23Y10         LUT5 (Prop_lut5_I3_O)        0.124     1.680 r  rv32im72f_7sp/data_memory/WB_forward_data_value[31]_i_6/O
                         net (fo=9, routed)           0.492     2.173    rv32im72f_7sp/ex_mem_register/data_memory_read_data_muxed[3]
    SLICE_X22Y11         LUT5 (Prop_lut5_I2_O)        0.124     2.297 r  rv32im72f_7sp/ex_mem_register/dividend_reg[31]_i_19/O
                         net (fo=2, routed)           1.023     3.319    rv32im72f_7sp/ex_mem_register/MEM_funct3_reg[2]_1
    SLICE_X27Y17         LUT6 (Prop_lut6_I2_O)        0.124     3.443 r  rv32im72f_7sp/ex_mem_register/dividend_reg[31]_i_12/O
                         net (fo=1, routed)           0.426     3.869    rv32im72f_7sp/forward_unit/dividend_reg_reg[31]
    SLICE_X28Y17         LUT6 (Prop_lut6_I2_O)        0.124     3.993 r  rv32im72f_7sp/forward_unit/dividend_reg[31]_i_3/O
                         net (fo=1, routed)           0.551     4.544    rv32im72f_7sp/ex_ex2_register/dividend_reg_reg[31]_0
    SLICE_X31Y19         LUT6 (Prop_lut6_I1_O)        0.124     4.668 r  rv32im72f_7sp/ex_ex2_register/dividend_reg[31]_i_1/O
                         net (fo=50, routed)          1.140     5.808    rv32im72f_7sp/id_ex_register/src_A[31]
    SLICE_X34Y12         LUT6 (Prop_lut6_I4_O)        0.124     5.932 r  rv32im72f_7sp/id_ex_register/EX2_alu_result[7]_i_18/O
                         net (fo=7, routed)           0.817     6.749    rv32im72f_7sp/ex_ex2_register/EX2_alu_result[7]_i_4
    SLICE_X36Y10         LUT6 (Prop_lut6_I3_O)        0.124     6.873 r  rv32im72f_7sp/ex_ex2_register/EX2_alu_result[1]_i_8/O
                         net (fo=3, routed)           0.811     7.684    rv32im72f_7sp/id_ex_register/EX2_alu_result_reg[1]_1
    SLICE_X33Y15         LUT6 (Prop_lut6_I4_O)        0.124     7.808 r  rv32im72f_7sp/id_ex_register/EX2_alu_result[0]_i_5/O
                         net (fo=1, routed)           0.563     8.371    rv32im72f_7sp/id_ex_register/EX2_alu_result[0]_i_5_n_0
    SLICE_X27Y15         LUT6 (Prop_lut6_I3_O)        0.124     8.495 r  rv32im72f_7sp/id_ex_register/EX2_alu_result[0]_i_1/O
                         net (fo=1, routed)           0.000     8.495    rv32im72f_7sp/ex_ex2_register/EX2_alu_result_reg[31]_0[0]
    SLICE_X27Y15         FDRE                                         r  rv32im72f_7sp/ex_ex2_register/EX2_alu_result_reg[0]/D
  -------------------------------------------------------------------    -------------------

                         (clock clk_out1_clk_wiz_0_1 rise edge)
                                                     10.870    10.870 r  
    R4                                                0.000    10.870 r  clk (IN)
                         net (fo=0)                   0.000    10.870    clk_gen/inst/clk_in1
    R4                   IBUF (Prop_ibuf_I_O)         1.405    12.274 r  clk_gen/inst/clkin1_ibufg/O
                         net (fo=1, routed)           1.181    13.455    clk_gen/inst/clk_in1_clk_wiz_0
    PLLE2_ADV_X1Y2       PLLE2_ADV (Prop_plle2_adv_CLKIN1_CLKOUT0)
                                                     -8.206     5.250 r  clk_gen/inst/plle2_adv_inst/CLKOUT0
                         net (fo=1, routed)           1.718     6.968    clk_gen/inst/clk_out1_clk_wiz_0
    BUFGCTRL_X0Y0        BUFG (Prop_bufg_I_O)         0.091     7.059 r  clk_gen/inst/clkout1_buf/O
                         net (fo=2045, routed)        1.981     9.039    rv32im72f_7sp/ex_ex2_register/clk_out1
    SLICE_X27Y15         FDRE                                         r  rv32im72f_7sp/ex_ex2_register/EX2_alu_result_reg[0]/C
                         clock pessimism             -0.418     8.621    
                         clock uncertainty           -0.138     8.483    
    SLICE_X27Y15         FDRE (Setup_fdre_C_D)        0.029     8.512    rv32im72f_7sp/ex_ex2_register/EX2_alu_result_reg[0]
  -------------------------------------------------------------------
                         required time                          8.512    
                         arrival time                          -8.495    
  -------------------------------------------------------------------
                         slack                                  0.017    





Min Delay Paths
--------------------------------------------------------------------------------------
Slack (MET) :             0.027ns  (arrival time - required time)
  Source:                 rv32im72f_7sp/ex_ex2_register/EX2_raw_imm_reg[5]/C
                            (rising edge-triggered cell FDRE clocked by clk_out1_clk_wiz_0  {rise@0.000ns fall@5.435ns period=10.870ns})
  Destination:            rv32im72f_7sp/ex_mem_register/MEM_raw_imm_reg[5]/D
                            (rising edge-triggered cell FDRE clocked by clk_out1_clk_wiz_0_1  {rise@0.000ns fall@5.435ns period=10.870ns})
  Path Group:             clk_out1_clk_wiz_0_1
  Path Type:              Hold (Min at Fast Process Corner)
  Requirement:            0.000ns  (clk_out1_clk_wiz_0_1 rise@0.000ns - clk_out1_clk_wiz_0 rise@0.000ns)
  Data Path Delay:        0.187ns  (logic 0.128ns (68.352%)  route 0.059ns (31.648%))
  Logic Levels:           0  
  Clock Path Skew:        0.013ns (DCD - SCD - CPR)
    Destination Clock Delay (DCD):    -0.263ns
    Source Clock Delay      (SCD):    -0.494ns
    Clock Pessimism Removal (CPR):    0.218ns
  Clock Uncertainty:      0.138ns  ((TSJ^2 + DJ^2)^1/2) / 2 + PE
    Total System Jitter     (TSJ):    0.071ns
    Discrete Jitter          (DJ):    0.266ns
    Phase Error              (PE):    0.000ns
  Clock Domain Crossing:  Inter clock paths are considered valid unless explicitly excluded by timing constraints such as set_clock_groups or set_false_path.

    Location             Delay type                Incr(ns)  Path(ns)    Netlist Resource(s)
  -------------------------------------------------------------------    -------------------
                         (clock clk_out1_clk_wiz_0 rise edge)
                                                      0.000     0.000 r  
    R4                                                0.000     0.000 r  clk (IN)
                         net (fo=0)                   0.000     0.000    clk_gen/inst/clk_in1
    R4                   IBUF (Prop_ibuf_I_O)         0.243     0.243 r  clk_gen/inst/clkin1_ibufg/O
                         net (fo=1, routed)           0.440     0.683    clk_gen/inst/clk_in1_clk_wiz_0
    PLLE2_ADV_X1Y2       PLLE2_ADV (Prop_plle2_adv_CLKIN1_CLKOUT0)
                                                     -2.503    -1.819 r  clk_gen/inst/plle2_adv_inst/CLKOUT0
                         net (fo=1, routed)           0.546    -1.273    clk_gen/inst/clk_out1_clk_wiz_0
    BUFGCTRL_X0Y0        BUFG (Prop_bufg_I_O)         0.026    -1.247 r  clk_gen/inst/clkout1_buf/O
                         net (fo=2045, routed)        0.754    -0.494    rv32im72f_7sp/ex_ex2_register/clk_out1
    SLICE_X9Y23          FDRE                                         r  rv32im72f_7sp/ex_ex2_register/EX2_raw_imm_reg[5]/C
  -------------------------------------------------------------------    -------------------
    SLICE_X9Y23          FDRE (Prop_fdre_C_Q)         0.128    -0.366 r  rv32im72f_7sp/ex_ex2_register/EX2_raw_imm_reg[5]/Q
                         net (fo=1, routed)           0.059    -0.306    rv32im72f_7sp/ex_mem_register/MEM_raw_imm_reg[11]_1[5]
    SLICE_X8Y23          FDRE                                         r  rv32im72f_7sp/ex_mem_register/MEM_raw_imm_reg[5]/D
  -------------------------------------------------------------------    -------------------

                         (clock clk_out1_clk_wiz_0_1 rise edge)
                                                      0.000     0.000 r  
    R4                                                0.000     0.000 r  clk (IN)
                         net (fo=0)                   0.000     0.000    clk_gen/inst/clk_in1
    R4                   IBUF (Prop_ibuf_I_O)         0.431     0.431 r  clk_gen/inst/clkin1_ibufg/O
                         net (fo=1, routed)           0.481     0.912    clk_gen/inst/clk_in1_clk_wiz_0
    PLLE2_ADV_X1Y2       PLLE2_ADV (Prop_plle2_adv_CLKIN1_CLKOUT0)
                                                     -2.828    -1.916 r  clk_gen/inst/plle2_adv_inst/CLKOUT0
                         net (fo=1, routed)           0.595    -1.322    clk_gen/inst/clk_out1_clk_wiz_0
    BUFGCTRL_X0Y0        BUFG (Prop_bufg_I_O)         0.029    -1.293 r  clk_gen/inst/clkout1_buf/O
                         net (fo=2045, routed)        1.030    -0.263    rv32im72f_7sp/ex_mem_register/clk_out1
    SLICE_X8Y23          FDRE                                         r  rv32im72f_7sp/ex_mem_register/MEM_raw_imm_reg[5]/C
                         clock pessimism             -0.218    -0.481    
                         clock uncertainty            0.138    -0.343    
    SLICE_X8Y23          FDRE (Hold_fdre_C_D)         0.010    -0.333    rv32im72f_7sp/ex_mem_register/MEM_raw_imm_reg[5]
  -------------------------------------------------------------------
                         required time                          0.333    
                         arrival time                          -0.306    
  -------------------------------------------------------------------
                         slack                                  0.027    





---------------------------------------------------------------------------------------------------
Path Group:  **async_default**
From Clock:  clk_out1_clk_wiz_0
  To Clock:  clk_out1_clk_wiz_0

Setup :            0  Failing Endpoints,  Worst Slack        5.088ns,  Total Violation        0.000ns
Hold  :            0  Failing Endpoints,  Worst Slack        0.415ns,  Total Violation        0.000ns
---------------------------------------------------------------------------------------------------


Max Delay Paths
--------------------------------------------------------------------------------------
Slack (MET) :             5.088ns  (required time - arrival time)
  Source:                 reset_sync_reg[2]/C
                            (rising edge-triggered cell FDPE clocked by clk_out1_clk_wiz_0  {rise@0.000ns fall@5.435ns period=10.870ns})
  Destination:            rv32im72f_7sp/instruction_pc_reg[15]/CLR
                            (recovery check against rising-edge clock clk_out1_clk_wiz_0  {rise@0.000ns fall@5.435ns period=10.870ns})
  Path Group:             **async_default**
  Path Type:              Recovery (Max at Slow Process Corner)
  Requirement:            10.870ns  (clk_out1_clk_wiz_0 rise@10.870ns - clk_out1_clk_wiz_0 rise@0.000ns)
  Data Path Delay:        5.279ns  (logic 0.456ns (8.637%)  route 4.823ns (91.363%))
  Logic Levels:           0  
  Clock Path Skew:        -0.046ns (DCD - SCD + CPR)
    Destination Clock Delay (DCD):    -1.824ns = ( 9.045 - 10.870 ) 
    Source Clock Delay      (SCD):    -2.197ns
    Clock Pessimism Removal (CPR):    -0.418ns
  Clock Uncertainty:      0.138ns  ((TSJ^2 + DJ^2)^1/2) / 2 + PE
    Total System Jitter     (TSJ):    0.071ns
    Discrete Jitter          (DJ):    0.266ns
    Phase Error              (PE):    0.000ns

    Location             Delay type                Incr(ns)  Path(ns)    Netlist Resource(s)
  -------------------------------------------------------------------    -------------------
                         (clock clk_out1_clk_wiz_0 rise edge)
                                                      0.000     0.000 r  
    R4                                                0.000     0.000 r  clk (IN)
                         net (fo=0)                   0.000     0.000    clk_gen/inst/clk_in1
    R4                   IBUF (Prop_ibuf_I_O)         1.475     1.475 r  clk_gen/inst/clkin1_ibufg/O
                         net (fo=1, routed)           1.253     2.728    clk_gen/inst/clk_in1_clk_wiz_0
    PLLE2_ADV_X1Y2       PLLE2_ADV (Prop_plle2_adv_CLKIN1_CLKOUT0)
                                                     -8.953    -6.225 r  clk_gen/inst/plle2_adv_inst/CLKOUT0
                         net (fo=1, routed)           1.802    -4.422    clk_gen/inst/clk_out1_clk_wiz_0
    BUFGCTRL_X0Y0        BUFG (Prop_bufg_I_O)         0.096    -4.326 r  clk_gen/inst/clkout1_buf/O
                         net (fo=2045, routed)        2.129    -2.197    clk_cpu
    SLICE_X19Y44         FDPE                                         r  reset_sync_reg[2]/C
  -------------------------------------------------------------------    -------------------
    SLICE_X19Y44         FDPE (Prop_fdpe_C_Q)         0.456    -1.741 f  reset_sync_reg[2]/Q
                         net (fo=278, routed)         4.823     3.083    rv32im72f_7sp/Q[0]
    SLICE_X10Y32         FDCE                                         f  rv32im72f_7sp/instruction_pc_reg[15]/CLR
  -------------------------------------------------------------------    -------------------

                         (clock clk_out1_clk_wiz_0 rise edge)
                                                     10.870    10.870 r  
    R4                                                0.000    10.870 r  clk (IN)
                         net (fo=0)                   0.000    10.870    clk_gen/inst/clk_in1
    R4                   IBUF (Prop_ibuf_I_O)         1.405    12.274 r  clk_gen/inst/clkin1_ibufg/O
                         net (fo=1, routed)           1.181    13.455    clk_gen/inst/clk_in1_clk_wiz_0
    PLLE2_ADV_X1Y2       PLLE2_ADV (Prop_plle2_adv_CLKIN1_CLKOUT0)
                                                     -8.206     5.250 r  clk_gen/inst/plle2_adv_inst/CLKOUT0
                         net (fo=1, routed)           1.718     6.968    clk_gen/inst/clk_out1_clk_wiz_0
    BUFGCTRL_X0Y0        BUFG (Prop_bufg_I_O)         0.091     7.059 r  clk_gen/inst/clkout1_buf/O
                         net (fo=2045, routed)        1.987     9.045    rv32im72f_7sp/clk_out1
    SLICE_X10Y32         FDCE                                         r  rv32im72f_7sp/instruction_pc_reg[15]/C
                         clock pessimism             -0.418     8.627    
                         clock uncertainty           -0.138     8.489    
    SLICE_X10Y32         FDCE (Recov_fdce_C_CLR)     -0.319     8.170    rv32im72f_7sp/instruction_pc_reg[15]
  -------------------------------------------------------------------
                         required time                          8.170    
                         arrival time                          -3.083    
  -------------------------------------------------------------------
                         slack                                  5.088    





Min Delay Paths
--------------------------------------------------------------------------------------
Slack (MET) :             0.415ns  (arrival time - required time)
  Source:                 reset_sync_reg[2]/C
                            (rising edge-triggered cell FDPE clocked by clk_out1_clk_wiz_0  {rise@0.000ns fall@5.435ns period=10.870ns})
  Destination:            rv32im72f_7sp/alu/multiplier_word/prod_high_reg[10]/CLR
                            (removal check against rising-edge clock clk_out1_clk_wiz_0  {rise@0.000ns fall@5.435ns period=10.870ns})
  Path Group:             **async_default**
  Path Type:              Removal (Min at Fast Process Corner)
  Requirement:            0.000ns  (clk_out1_clk_wiz_0 rise@0.000ns - clk_out1_clk_wiz_0 rise@0.000ns)
  Data Path Delay:        0.386ns  (logic 0.141ns (36.553%)  route 0.245ns (63.447%))
  Logic Levels:           0  
  Clock Path Skew:        0.038ns (DCD - SCD - CPR)
    Destination Clock Delay (DCD):    -0.250ns
    Source Clock Delay      (SCD):    -0.484ns
    Clock Pessimism Removal (CPR):    0.196ns

    Location             Delay type                Incr(ns)  Path(ns)    Netlist Resource(s)
  -------------------------------------------------------------------    -------------------
                         (clock clk_out1_clk_wiz_0 rise edge)
                                                      0.000     0.000 r  
    R4                                                0.000     0.000 r  clk (IN)
                         net (fo=0)                   0.000     0.000    clk_gen/inst/clk_in1
    R4                   IBUF (Prop_ibuf_I_O)         0.243     0.243 r  clk_gen/inst/clkin1_ibufg/O
                         net (fo=1, routed)           0.440     0.683    clk_gen/inst/clk_in1_clk_wiz_0
    PLLE2_ADV_X1Y2       PLLE2_ADV (Prop_plle2_adv_CLKIN1_CLKOUT0)
                                                     -2.503    -1.819 r  clk_gen/inst/plle2_adv_inst/CLKOUT0
                         net (fo=1, routed)           0.546    -1.273    clk_gen/inst/clk_out1_clk_wiz_0
    BUFGCTRL_X0Y0        BUFG (Prop_bufg_I_O)         0.026    -1.247 r  clk_gen/inst/clkout1_buf/O
                         net (fo=2045, routed)        0.764    -0.484    clk_cpu
    SLICE_X19Y44         FDPE                                         r  reset_sync_reg[2]/C
  -------------------------------------------------------------------    -------------------
    SLICE_X19Y44         FDPE (Prop_fdpe_C_Q)         0.141    -0.343 f  reset_sync_reg[2]/Q
                         net (fo=278, routed)         0.245    -0.098    rv32im72f_7sp/alu/multiplier_word/Q[0]
    SLICE_X22Y43         FDCE                                         f  rv32im72f_7sp/alu/multiplier_word/prod_high_reg[10]/CLR
  -------------------------------------------------------------------    -------------------

                         (clock clk_out1_clk_wiz_0 rise edge)
                                                      0.000     0.000 r  
    R4                                                0.000     0.000 r  clk (IN)
                         net (fo=0)                   0.000     0.000    clk_gen/inst/clk_in1
    R4                   IBUF (Prop_ibuf_I_O)         0.431     0.431 r  clk_gen/inst/clkin1_ibufg/O
                         net (fo=1, routed)           0.481     0.912    clk_gen/inst/clk_in1_clk_wiz_0
    PLLE2_ADV_X1Y2       PLLE2_ADV (Prop_plle2_adv_CLKIN1_CLKOUT0)
                                                     -2.828    -1.916 r  clk_gen/inst/plle2_adv_inst/CLKOUT0
                         net (fo=1, routed)           0.595    -1.322    clk_gen/inst/clk_out1_clk_wiz_0
    BUFGCTRL_X0Y0        BUFG (Prop_bufg_I_O)         0.029    -1.293 r  clk_gen/inst/clkout1_buf/O
                         net (fo=2045, routed)        1.043    -0.250    rv32im72f_7sp/alu/multiplier_word/clk_out1
    SLICE_X22Y43         FDCE                                         r  rv32im72f_7sp/alu/multiplier_word/prod_high_reg[10]/C
                         clock pessimism             -0.196    -0.446    
    SLICE_X22Y43         FDCE (Remov_fdce_C_CLR)     -0.067    -0.513    rv32im72f_7sp/alu/multiplier_word/prod_high_reg[10]
  -------------------------------------------------------------------
                         required time                          0.513    
                         arrival time                          -0.098    
  -------------------------------------------------------------------
                         slack                                  0.415    





---------------------------------------------------------------------------------------------------
Path Group:  **async_default**
From Clock:  clk_out1_clk_wiz_0_1
  To Clock:  clk_out1_clk_wiz_0

Setup :            0  Failing Endpoints,  Worst Slack        5.088ns,  Total Violation        0.000ns
Hold  :            0  Failing Endpoints,  Worst Slack        0.277ns,  Total Violation        0.000ns
---------------------------------------------------------------------------------------------------


Max Delay Paths
--------------------------------------------------------------------------------------
Slack (MET) :             5.088ns  (required time - arrival time)
  Source:                 reset_sync_reg[2]/C
                            (rising edge-triggered cell FDPE clocked by clk_out1_clk_wiz_0_1  {rise@0.000ns fall@5.435ns period=10.870ns})
  Destination:            rv32im72f_7sp/instruction_pc_reg[15]/CLR
                            (recovery check against rising-edge clock clk_out1_clk_wiz_0  {rise@0.000ns fall@5.435ns period=10.870ns})
  Path Group:             **async_default**
  Path Type:              Recovery (Max at Slow Process Corner)
  Requirement:            10.870ns  (clk_out1_clk_wiz_0 rise@10.870ns - clk_out1_clk_wiz_0_1 rise@0.000ns)
  Data Path Delay:        5.279ns  (logic 0.456ns (8.637%)  route 4.823ns (91.363%))
  Logic Levels:           0  
  Clock Path Skew:        -0.046ns (DCD - SCD + CPR)
    Destination Clock Delay (DCD):    -1.824ns = ( 9.045 - 10.870 ) 
    Source Clock Delay      (SCD):    -2.197ns
    Clock Pessimism Removal (CPR):    -0.418ns
  Clock Uncertainty:      0.138ns  ((TSJ^2 + DJ^2)^1/2) / 2 + PE
    Total System Jitter     (TSJ):    0.071ns
    Discrete Jitter          (DJ):    0.266ns
    Phase Error              (PE):    0.000ns
  Clock Domain Crossing:  Inter clock paths are considered valid unless explicitly excluded by timing constraints such as set_clock_groups or set_false_path.

    Location             Delay type                Incr(ns)  Path(ns)    Netlist Resource(s)
  -------------------------------------------------------------------    -------------------
                         (clock clk_out1_clk_wiz_0_1 rise edge)
                                                      0.000     0.000 r  
    R4                                                0.000     0.000 r  clk (IN)
                         net (fo=0)                   0.000     0.000    clk_gen/inst/clk_in1
    R4                   IBUF (Prop_ibuf_I_O)         1.475     1.475 r  clk_gen/inst/clkin1_ibufg/O
                         net (fo=1, routed)           1.253     2.728    clk_gen/inst/clk_in1_clk_wiz_0
    PLLE2_ADV_X1Y2       PLLE2_ADV (Prop_plle2_adv_CLKIN1_CLKOUT0)
                                                     -8.953    -6.225 r  clk_gen/inst/plle2_adv_inst/CLKOUT0
                         net (fo=1, routed)           1.802    -4.422    clk_gen/inst/clk_out1_clk_wiz_0
    BUFGCTRL_X0Y0        BUFG (Prop_bufg_I_O)         0.096    -4.326 r  clk_gen/inst/clkout1_buf/O
                         net (fo=2045, routed)        2.129    -2.197    clk_cpu
    SLICE_X19Y44         FDPE                                         r  reset_sync_reg[2]/C
  -------------------------------------------------------------------    -------------------
    SLICE_X19Y44         FDPE (Prop_fdpe_C_Q)         0.456    -1.741 f  reset_sync_reg[2]/Q
                         net (fo=278, routed)         4.823     3.083    rv32im72f_7sp/Q[0]
    SLICE_X10Y32         FDCE                                         f  rv32im72f_7sp/instruction_pc_reg[15]/CLR
  -------------------------------------------------------------------    -------------------

                         (clock clk_out1_clk_wiz_0 rise edge)
                                                     10.870    10.870 r  
    R4                                                0.000    10.870 r  clk (IN)
                         net (fo=0)                   0.000    10.870    clk_gen/inst/clk_in1
    R4                   IBUF (Prop_ibuf_I_O)         1.405    12.274 r  clk_gen/inst/clkin1_ibufg/O
                         net (fo=1, routed)           1.181    13.455    clk_gen/inst/clk_in1_clk_wiz_0
    PLLE2_ADV_X1Y2       PLLE2_ADV (Prop_plle2_adv_CLKIN1_CLKOUT0)
                                                     -8.206     5.250 r  clk_gen/inst/plle2_adv_inst/CLKOUT0
                         net (fo=1, routed)           1.718     6.968    clk_gen/inst/clk_out1_clk_wiz_0
    BUFGCTRL_X0Y0        BUFG (Prop_bufg_I_O)         0.091     7.059 r  clk_gen/inst/clkout1_buf/O
                         net (fo=2045, routed)        1.987     9.045    rv32im72f_7sp/clk_out1
    SLICE_X10Y32         FDCE                                         r  rv32im72f_7sp/instruction_pc_reg[15]/C
                         clock pessimism             -0.418     8.627    
                         clock uncertainty           -0.138     8.489    
    SLICE_X10Y32         FDCE (Recov_fdce_C_CLR)     -0.319     8.170    rv32im72f_7sp/instruction_pc_reg[15]
  -------------------------------------------------------------------
                         required time                          8.170    
                         arrival time                          -3.083    
  -------------------------------------------------------------------
                         slack                                  5.088    





Min Delay Paths
--------------------------------------------------------------------------------------
Slack (MET) :             0.277ns  (arrival time - required time)
  Source:                 reset_sync_reg[2]/C
                            (rising edge-triggered cell FDPE clocked by clk_out1_clk_wiz_0_1  {rise@0.000ns fall@5.435ns period=10.870ns})
  Destination:            rv32im72f_7sp/alu/multiplier_word/prod_high_reg[10]/CLR
                            (removal check against rising-edge clock clk_out1_clk_wiz_0  {rise@0.000ns fall@5.435ns period=10.870ns})
  Path Group:             **async_default**
  Path Type:              Removal (Min at Fast Process Corner)
  Requirement:            0.000ns  (clk_out1_clk_wiz_0 rise@0.000ns - clk_out1_clk_wiz_0_1 rise@0.000ns)
  Data Path Delay:        0.386ns  (logic 0.141ns (36.553%)  route 0.245ns (63.447%))
  Logic Levels:           0  
  Clock Path Skew:        0.038ns (DCD - SCD - CPR)
    Destination Clock Delay (DCD):    -0.250ns
    Source Clock Delay      (SCD):    -0.484ns
    Clock Pessimism Removal (CPR):    0.196ns
  Clock Uncertainty:      0.138ns  ((TSJ^2 + DJ^2)^1/2) / 2 + PE
    Total System Jitter     (TSJ):    0.071ns
    Discrete Jitter          (DJ):    0.266ns
    Phase Error              (PE):    0.000ns
  Clock Domain Crossing:  Inter clock paths are considered valid unless explicitly excluded by timing constraints such as set_clock_groups or set_false_path.

    Location             Delay type                Incr(ns)  Path(ns)    Netlist Resource(s)
  -------------------------------------------------------------------    -------------------
                         (clock clk_out1_clk_wiz_0_1 rise edge)
                                                      0.000     0.000 r  
    R4                                                0.000     0.000 r  clk (IN)
                         net (fo=0)                   0.000     0.000    clk_gen/inst/clk_in1
    R4                   IBUF (Prop_ibuf_I_O)         0.243     0.243 r  clk_gen/inst/clkin1_ibufg/O
                         net (fo=1, routed)           0.440     0.683    clk_gen/inst/clk_in1_clk_wiz_0
    PLLE2_ADV_X1Y2       PLLE2_ADV (Prop_plle2_adv_CLKIN1_CLKOUT0)
                                                     -2.503    -1.819 r  clk_gen/inst/plle2_adv_inst/CLKOUT0
                         net (fo=1, routed)           0.546    -1.273    clk_gen/inst/clk_out1_clk_wiz_0
    BUFGCTRL_X0Y0        BUFG (Prop_bufg_I_O)         0.026    -1.247 r  clk_gen/inst/clkout1_buf/O
                         net (fo=2045, routed)        0.764    -0.484    clk_cpu
    SLICE_X19Y44         FDPE                                         r  reset_sync_reg[2]/C
  -------------------------------------------------------------------    -------------------
    SLICE_X19Y44         FDPE (Prop_fdpe_C_Q)         0.141    -0.343 f  reset_sync_reg[2]/Q
                         net (fo=278, routed)         0.245    -0.098    rv32im72f_7sp/alu/multiplier_word/Q[0]
    SLICE_X22Y43         FDCE                                         f  rv32im72f_7sp/alu/multiplier_word/prod_high_reg[10]/CLR
  -------------------------------------------------------------------    -------------------

                         (clock clk_out1_clk_wiz_0 rise edge)
                                                      0.000     0.000 r  
    R4                                                0.000     0.000 r  clk (IN)
                         net (fo=0)                   0.000     0.000    clk_gen/inst/clk_in1
    R4                   IBUF (Prop_ibuf_I_O)         0.431     0.431 r  clk_gen/inst/clkin1_ibufg/O
                         net (fo=1, routed)           0.481     0.912    clk_gen/inst/clk_in1_clk_wiz_0
    PLLE2_ADV_X1Y2       PLLE2_ADV (Prop_plle2_adv_CLKIN1_CLKOUT0)
                                                     -2.828    -1.916 r  clk_gen/inst/plle2_adv_inst/CLKOUT0
                         net (fo=1, routed)           0.595    -1.322    clk_gen/inst/clk_out1_clk_wiz_0
    BUFGCTRL_X0Y0        BUFG (Prop_bufg_I_O)         0.029    -1.293 r  clk_gen/inst/clkout1_buf/O
                         net (fo=2045, routed)        1.043    -0.250    rv32im72f_7sp/alu/multiplier_word/clk_out1
    SLICE_X22Y43         FDCE                                         r  rv32im72f_7sp/alu/multiplier_word/prod_high_reg[10]/C
                         clock pessimism             -0.196    -0.446    
                         clock uncertainty            0.138    -0.308    
    SLICE_X22Y43         FDCE (Remov_fdce_C_CLR)     -0.067    -0.375    rv32im72f_7sp/alu/multiplier_word/prod_high_reg[10]
  -------------------------------------------------------------------
                         required time                          0.375    
                         arrival time                          -0.098    
  -------------------------------------------------------------------
                         slack                                  0.277    





---------------------------------------------------------------------------------------------------
Path Group:  **async_default**
From Clock:  clk_out1_clk_wiz_0
  To Clock:  clk_out1_clk_wiz_0_1

Setup :            0  Failing Endpoints,  Worst Slack        5.088ns,  Total Violation        0.000ns
Hold  :            0  Failing Endpoints,  Worst Slack        0.277ns,  Total Violation        0.000ns
---------------------------------------------------------------------------------------------------


Max Delay Paths
--------------------------------------------------------------------------------------
Slack (MET) :             5.088ns  (required time - arrival time)
  Source:                 reset_sync_reg[2]/C
                            (rising edge-triggered cell FDPE clocked by clk_out1_clk_wiz_0  {rise@0.000ns fall@5.435ns period=10.870ns})
  Destination:            rv32im72f_7sp/instruction_pc_reg[15]/CLR
                            (recovery check against rising-edge clock clk_out1_clk_wiz_0_1  {rise@0.000ns fall@5.435ns period=10.870ns})
  Path Group:             **async_default**
  Path Type:              Recovery (Max at Slow Process Corner)
  Requirement:            10.870ns  (clk_out1_clk_wiz_0_1 rise@10.870ns - clk_out1_clk_wiz_0 rise@0.000ns)
  Data Path Delay:        5.279ns  (logic 0.456ns (8.637%)  route 4.823ns (91.363%))
  Logic Levels:           0  
  Clock Path Skew:        -0.046ns (DCD - SCD + CPR)
    Destination Clock Delay (DCD):    -1.824ns = ( 9.045 - 10.870 ) 
    Source Clock Delay      (SCD):    -2.197ns
    Clock Pessimism Removal (CPR):    -0.418ns
  Clock Uncertainty:      0.138ns  ((TSJ^2 + DJ^2)^1/2) / 2 + PE
    Total System Jitter     (TSJ):    0.071ns
    Discrete Jitter          (DJ):    0.266ns
    Phase Error              (PE):    0.000ns
  Clock Domain Crossing:  Inter clock paths are considered valid unless explicitly excluded by timing constraints such as set_clock_groups or set_false_path.

    Location             Delay type                Incr(ns)  Path(ns)    Netlist Resource(s)
  -------------------------------------------------------------------    -------------------
                         (clock clk_out1_clk_wiz_0 rise edge)
                                                      0.000     0.000 r  
    R4                                                0.000     0.000 r  clk (IN)
                         net (fo=0)                   0.000     0.000    clk_gen/inst/clk_in1
    R4                   IBUF (Prop_ibuf_I_O)         1.475     1.475 r  clk_gen/inst/clkin1_ibufg/O
                         net (fo=1, routed)           1.253     2.728    clk_gen/inst/clk_in1_clk_wiz_0
    PLLE2_ADV_X1Y2       PLLE2_ADV (Prop_plle2_adv_CLKIN1_CLKOUT0)
                                                     -8.953    -6.225 r  clk_gen/inst/plle2_adv_inst/CLKOUT0
                         net (fo=1, routed)           1.802    -4.422    clk_gen/inst/clk_out1_clk_wiz_0
    BUFGCTRL_X0Y0        BUFG (Prop_bufg_I_O)         0.096    -4.326 r  clk_gen/inst/clkout1_buf/O
                         net (fo=2045, routed)        2.129    -2.197    clk_cpu
    SLICE_X19Y44         FDPE                                         r  reset_sync_reg[2]/C
  -------------------------------------------------------------------    -------------------
    SLICE_X19Y44         FDPE (Prop_fdpe_C_Q)         0.456    -1.741 f  reset_sync_reg[2]/Q
                         net (fo=278, routed)         4.823     3.083    rv32im72f_7sp/Q[0]
    SLICE_X10Y32         FDCE                                         f  rv32im72f_7sp/instruction_pc_reg[15]/CLR
  -------------------------------------------------------------------    -------------------

                         (clock clk_out1_clk_wiz_0_1 rise edge)
                                                     10.870    10.870 r  
    R4                                                0.000    10.870 r  clk (IN)
                         net (fo=0)                   0.000    10.870    clk_gen/inst/clk_in1
    R4                   IBUF (Prop_ibuf_I_O)         1.405    12.274 r  clk_gen/inst/clkin1_ibufg/O
                         net (fo=1, routed)           1.181    13.455    clk_gen/inst/clk_in1_clk_wiz_0
    PLLE2_ADV_X1Y2       PLLE2_ADV (Prop_plle2_adv_CLKIN1_CLKOUT0)
                                                     -8.206     5.250 r  clk_gen/inst/plle2_adv_inst/CLKOUT0
                         net (fo=1, routed)           1.718     6.968    clk_gen/inst/clk_out1_clk_wiz_0
    BUFGCTRL_X0Y0        BUFG (Prop_bufg_I_O)         0.091     7.059 r  clk_gen/inst/clkout1_buf/O
                         net (fo=2045, routed)        1.987     9.045    rv32im72f_7sp/clk_out1
    SLICE_X10Y32         FDCE                                         r  rv32im72f_7sp/instruction_pc_reg[15]/C
                         clock pessimism             -0.418     8.627    
                         clock uncertainty           -0.138     8.489    
    SLICE_X10Y32         FDCE (Recov_fdce_C_CLR)     -0.319     8.170    rv32im72f_7sp/instruction_pc_reg[15]
  -------------------------------------------------------------------
                         required time                          8.170    
                         arrival time                          -3.083    
  -------------------------------------------------------------------
                         slack                                  5.088    





Min Delay Paths
--------------------------------------------------------------------------------------
Slack (MET) :             0.277ns  (arrival time - required time)
  Source:                 reset_sync_reg[2]/C
                            (rising edge-triggered cell FDPE clocked by clk_out1_clk_wiz_0  {rise@0.000ns fall@5.435ns period=10.870ns})
  Destination:            rv32im72f_7sp/alu/multiplier_word/prod_high_reg[10]/CLR
                            (removal check against rising-edge clock clk_out1_clk_wiz_0_1  {rise@0.000ns fall@5.435ns period=10.870ns})
  Path Group:             **async_default**
  Path Type:              Removal (Min at Fast Process Corner)
  Requirement:            0.000ns  (clk_out1_clk_wiz_0_1 rise@0.000ns - clk_out1_clk_wiz_0 rise@0.000ns)
  Data Path Delay:        0.386ns  (logic 0.141ns (36.553%)  route 0.245ns (63.447%))
  Logic Levels:           0  
  Clock Path Skew:        0.038ns (DCD - SCD - CPR)
    Destination Clock Delay (DCD):    -0.250ns
    Source Clock Delay      (SCD):    -0.484ns
    Clock Pessimism Removal (CPR):    0.196ns
  Clock Uncertainty:      0.138ns  ((TSJ^2 + DJ^2)^1/2) / 2 + PE
    Total System Jitter     (TSJ):    0.071ns
    Discrete Jitter          (DJ):    0.266ns
    Phase Error              (PE):    0.000ns
  Clock Domain Crossing:  Inter clock paths are considered valid unless explicitly excluded by timing constraints such as set_clock_groups or set_false_path.

    Location             Delay type                Incr(ns)  Path(ns)    Netlist Resource(s)
  -------------------------------------------------------------------    -------------------
                         (clock clk_out1_clk_wiz_0 rise edge)
                                                      0.000     0.000 r  
    R4                                                0.000     0.000 r  clk (IN)
                         net (fo=0)                   0.000     0.000    clk_gen/inst/clk_in1
    R4                   IBUF (Prop_ibuf_I_O)         0.243     0.243 r  clk_gen/inst/clkin1_ibufg/O
                         net (fo=1, routed)           0.440     0.683    clk_gen/inst/clk_in1_clk_wiz_0
    PLLE2_ADV_X1Y2       PLLE2_ADV (Prop_plle2_adv_CLKIN1_CLKOUT0)
                                                     -2.503    -1.819 r  clk_gen/inst/plle2_adv_inst/CLKOUT0
                         net (fo=1, routed)           0.546    -1.273    clk_gen/inst/clk_out1_clk_wiz_0
    BUFGCTRL_X0Y0        BUFG (Prop_bufg_I_O)         0.026    -1.247 r  clk_gen/inst/clkout1_buf/O
                         net (fo=2045, routed)        0.764    -0.484    clk_cpu
    SLICE_X19Y44         FDPE                                         r  reset_sync_reg[2]/C
  -------------------------------------------------------------------    -------------------
    SLICE_X19Y44         FDPE (Prop_fdpe_C_Q)         0.141    -0.343 f  reset_sync_reg[2]/Q
                         net (fo=278, routed)         0.245    -0.098    rv32im72f_7sp/alu/multiplier_word/Q[0]
    SLICE_X22Y43         FDCE                                         f  rv32im72f_7sp/alu/multiplier_word/prod_high_reg[10]/CLR
  -------------------------------------------------------------------    -------------------

                         (clock clk_out1_clk_wiz_0_1 rise edge)
                                                      0.000     0.000 r  
    R4                                                0.000     0.000 r  clk (IN)
                         net (fo=0)                   0.000     0.000    clk_gen/inst/clk_in1
    R4                   IBUF (Prop_ibuf_I_O)         0.431     0.431 r  clk_gen/inst/clkin1_ibufg/O
                         net (fo=1, routed)           0.481     0.912    clk_gen/inst/clk_in1_clk_wiz_0
    PLLE2_ADV_X1Y2       PLLE2_ADV (Prop_plle2_adv_CLKIN1_CLKOUT0)
                                                     -2.828    -1.916 r  clk_gen/inst/plle2_adv_inst/CLKOUT0
                         net (fo=1, routed)           0.595    -1.322    clk_gen/inst/clk_out1_clk_wiz_0
    BUFGCTRL_X0Y0        BUFG (Prop_bufg_I_O)         0.029    -1.293 r  clk_gen/inst/clkout1_buf/O
                         net (fo=2045, routed)        1.043    -0.250    rv32im72f_7sp/alu/multiplier_word/clk_out1
    SLICE_X22Y43         FDCE                                         r  rv32im72f_7sp/alu/multiplier_word/prod_high_reg[10]/C
                         clock pessimism             -0.196    -0.446    
                         clock uncertainty            0.138    -0.308    
    SLICE_X22Y43         FDCE (Remov_fdce_C_CLR)     -0.067    -0.375    rv32im72f_7sp/alu/multiplier_word/prod_high_reg[10]
  -------------------------------------------------------------------
                         required time                          0.375    
                         arrival time                          -0.098    
  -------------------------------------------------------------------
                         slack                                  0.277    





---------------------------------------------------------------------------------------------------
Path Group:  **async_default**
From Clock:  clk_out1_clk_wiz_0_1
  To Clock:  clk_out1_clk_wiz_0_1

Setup :            0  Failing Endpoints,  Worst Slack        5.090ns,  Total Violation        0.000ns
Hold  :            0  Failing Endpoints,  Worst Slack        0.415ns,  Total Violation        0.000ns
---------------------------------------------------------------------------------------------------


Max Delay Paths
--------------------------------------------------------------------------------------
Slack (MET) :             5.090ns  (required time - arrival time)
  Source:                 reset_sync_reg[2]/C
                            (rising edge-triggered cell FDPE clocked by clk_out1_clk_wiz_0_1  {rise@0.000ns fall@5.435ns period=10.870ns})
  Destination:            rv32im72f_7sp/instruction_pc_reg[15]/CLR
                            (recovery check against rising-edge clock clk_out1_clk_wiz_0_1  {rise@0.000ns fall@5.435ns period=10.870ns})
  Path Group:             **async_default**
  Path Type:              Recovery (Max at Slow Process Corner)
  Requirement:            10.870ns  (clk_out1_clk_wiz_0_1 rise@10.870ns - clk_out1_clk_wiz_0_1 rise@0.000ns)
  Data Path Delay:        5.279ns  (logic 0.456ns (8.637%)  route 4.823ns (91.363%))
  Logic Levels:           0  
  Clock Path Skew:        -0.046ns (DCD - SCD + CPR)
    Destination Clock Delay (DCD):    -1.824ns = ( 9.045 - 10.870 ) 
    Source Clock Delay      (SCD):    -2.197ns
    Clock Pessimism Removal (CPR):    -0.418ns
  Clock Uncertainty:      0.136ns  ((TSJ^2 + DJ^2)^1/2) / 2 + PE
    Total System Jitter     (TSJ):    0.071ns
    Discrete Jitter          (DJ):    0.262ns
    Phase Error              (PE):    0.000ns

    Location             Delay type                Incr(ns)  Path(ns)    Netlist Resource(s)
  -------------------------------------------------------------------    -------------------
                         (clock clk_out1_clk_wiz_0_1 rise edge)
                                                      0.000     0.000 r  
    R4                                                0.000     0.000 r  clk (IN)
                         net (fo=0)                   0.000     0.000    clk_gen/inst/clk_in1
    R4                   IBUF (Prop_ibuf_I_O)         1.475     1.475 r  clk_gen/inst/clkin1_ibufg/O
                         net (fo=1, routed)           1.253     2.728    clk_gen/inst/clk_in1_clk_wiz_0
    PLLE2_ADV_X1Y2       PLLE2_ADV (Prop_plle2_adv_CLKIN1_CLKOUT0)
                                                     -8.953    -6.225 r  clk_gen/inst/plle2_adv_inst/CLKOUT0
                         net (fo=1, routed)           1.802    -4.422    clk_gen/inst/clk_out1_clk_wiz_0
    BUFGCTRL_X0Y0        BUFG (Prop_bufg_I_O)         0.096    -4.326 r  clk_gen/inst/clkout1_buf/O
                         net (fo=2045, routed)        2.129    -2.197    clk_cpu
    SLICE_X19Y44         FDPE                                         r  reset_sync_reg[2]/C
  -------------------------------------------------------------------    -------------------
    SLICE_X19Y44         FDPE (Prop_fdpe_C_Q)         0.456    -1.741 f  reset_sync_reg[2]/Q
                         net (fo=278, routed)         4.823     3.083    rv32im72f_7sp/Q[0]
    SLICE_X10Y32         FDCE                                         f  rv32im72f_7sp/instruction_pc_reg[15]/CLR
  -------------------------------------------------------------------    -------------------

                         (clock clk_out1_clk_wiz_0_1 rise edge)
                                                     10.870    10.870 r  
    R4                                                0.000    10.870 r  clk (IN)
                         net (fo=0)                   0.000    10.870    clk_gen/inst/clk_in1
    R4                   IBUF (Prop_ibuf_I_O)         1.405    12.274 r  clk_gen/inst/clkin1_ibufg/O
                         net (fo=1, routed)           1.181    13.455    clk_gen/inst/clk_in1_clk_wiz_0
    PLLE2_ADV_X1Y2       PLLE2_ADV (Prop_plle2_adv_CLKIN1_CLKOUT0)
                                                     -8.206     5.250 r  clk_gen/inst/plle2_adv_inst/CLKOUT0
                         net (fo=1, routed)           1.718     6.968    clk_gen/inst/clk_out1_clk_wiz_0
    BUFGCTRL_X0Y0        BUFG (Prop_bufg_I_O)         0.091     7.059 r  clk_gen/inst/clkout1_buf/O
                         net (fo=2045, routed)        1.987     9.045    rv32im72f_7sp/clk_out1
    SLICE_X10Y32         FDCE                                         r  rv32im72f_7sp/instruction_pc_reg[15]/C
                         clock pessimism             -0.418     8.627    
                         clock uncertainty           -0.136     8.491    
    SLICE_X10Y32         FDCE (Recov_fdce_C_CLR)     -0.319     8.172    rv32im72f_7sp/instruction_pc_reg[15]
  -------------------------------------------------------------------
                         required time                          8.172    
                         arrival time                          -3.083    
  -------------------------------------------------------------------
                         slack                                  5.090    





Min Delay Paths
--------------------------------------------------------------------------------------
Slack (MET) :             0.415ns  (arrival time - required time)
  Source:                 reset_sync_reg[2]/C
                            (rising edge-triggered cell FDPE clocked by clk_out1_clk_wiz_0_1  {rise@0.000ns fall@5.435ns period=10.870ns})
  Destination:            rv32im72f_7sp/alu/multiplier_word/prod_high_reg[10]/CLR
                            (removal check against rising-edge clock clk_out1_clk_wiz_0_1  {rise@0.000ns fall@5.435ns period=10.870ns})
  Path Group:             **async_default**
  Path Type:              Removal (Min at Fast Process Corner)
  Requirement:            0.000ns  (clk_out1_clk_wiz_0_1 rise@0.000ns - clk_out1_clk_wiz_0_1 rise@0.000ns)
  Data Path Delay:        0.386ns  (logic 0.141ns (36.553%)  route 0.245ns (63.447%))
  Logic Levels:           0  
  Clock Path Skew:        0.038ns (DCD - SCD - CPR)
    Destination Clock Delay (DCD):    -0.250ns
    Source Clock Delay      (SCD):    -0.484ns
    Clock Pessimism Removal (CPR):    0.196ns

    Location             Delay type                Incr(ns)  Path(ns)    Netlist Resource(s)
  -------------------------------------------------------------------    -------------------
                         (clock clk_out1_clk_wiz_0_1 rise edge)
                                                      0.000     0.000 r  
    R4                                                0.000     0.000 r  clk (IN)
                         net (fo=0)                   0.000     0.000    clk_gen/inst/clk_in1
    R4                   IBUF (Prop_ibuf_I_O)         0.243     0.243 r  clk_gen/inst/clkin1_ibufg/O
                         net (fo=1, routed)           0.440     0.683    clk_gen/inst/clk_in1_clk_wiz_0
    PLLE2_ADV_X1Y2       PLLE2_ADV (Prop_plle2_adv_CLKIN1_CLKOUT0)
                                                     -2.503    -1.819 r  clk_gen/inst/plle2_adv_inst/CLKOUT0
                         net (fo=1, routed)           0.546    -1.273    clk_gen/inst/clk_out1_clk_wiz_0
    BUFGCTRL_X0Y0        BUFG (Prop_bufg_I_O)         0.026    -1.247 r  clk_gen/inst/clkout1_buf/O
                         net (fo=2045, routed)        0.764    -0.484    clk_cpu
    SLICE_X19Y44         FDPE                                         r  reset_sync_reg[2]/C
  -------------------------------------------------------------------    -------------------
    SLICE_X19Y44         FDPE (Prop_fdpe_C_Q)         0.141    -0.343 f  reset_sync_reg[2]/Q
                         net (fo=278, routed)         0.245    -0.098    rv32im72f_7sp/alu/multiplier_word/Q[0]
    SLICE_X22Y43         FDCE                                         f  rv32im72f_7sp/alu/multiplier_word/prod_high_reg[10]/CLR
  -------------------------------------------------------------------    -------------------

                         (clock clk_out1_clk_wiz_0_1 rise edge)
                                                      0.000     0.000 r  
    R4                                                0.000     0.000 r  clk (IN)
                         net (fo=0)                   0.000     0.000    clk_gen/inst/clk_in1
    R4                   IBUF (Prop_ibuf_I_O)         0.431     0.431 r  clk_gen/inst/clkin1_ibufg/O
                         net (fo=1, routed)           0.481     0.912    clk_gen/inst/clk_in1_clk_wiz_0
    PLLE2_ADV_X1Y2       PLLE2_ADV (Prop_plle2_adv_CLKIN1_CLKOUT0)
                                                     -2.828    -1.916 r  clk_gen/inst/plle2_adv_inst/CLKOUT0
                         net (fo=1, routed)           0.595    -1.322    clk_gen/inst/clk_out1_clk_wiz_0
    BUFGCTRL_X0Y0        BUFG (Prop_bufg_I_O)         0.029    -1.293 r  clk_gen/inst/clkout1_buf/O
                         net (fo=2045, routed)        1.043    -0.250    rv32im72f_7sp/alu/multiplier_word/clk_out1
    SLICE_X22Y43         FDCE                                         r  rv32im72f_7sp/alu/multiplier_word/prod_high_reg[10]/C
                         clock pessimism             -0.196    -0.446    
    SLICE_X22Y43         FDCE (Remov_fdce_C_CLR)     -0.067    -0.513    rv32im72f_7sp/alu/multiplier_word/prod_high_reg[10]
  -------------------------------------------------------------------
                         required time                          0.513    
                         arrival time                          -0.098    
  -------------------------------------------------------------------
                         slack                                  0.415    





