Copyright 1986-2022 Xilinx, Inc. All Rights Reserved. Copyright 2022-2025 Advanced Micro Devices, Inc. All Rights Reserved.
-----------------------------------------------------------------------------------------------------------------------------------------------------------------------------------------------------------------------------------------------
| Tool Version : Vivado v.2025.2 (lin64) Build 6299465 Fri Nov 14 12:34:56 MST 2025
| Date         : Tue Sep 15 18:43:49 2026
| Host         : khwl-ThinkPad-X1-Carbon-Gen-13 running 64-bit Ubuntu 24.04.4 LTS
| Command      : report_timing_summary -max_paths 10 -routable_nets -report_unconstrained -file RV32IM72F5SPSoCTOP_timing_summary_routed.rpt -pb RV32IM72F5SPSoCTOP_timing_summary_routed.pb -rpx RV32IM72F5SPSoCTOP_timing_summary_routed.rpx
| Design       : RV32IM72F5SPSoCTOP
| Device       : 7a200t-sbg484
| Speed File   : -1  PRODUCTION 1.23 2018-06-13
| Design State : Routed
-----------------------------------------------------------------------------------------------------------------------------------------------------------------------------------------------------------------------------------------------

Timing Summary Report

------------------------------------------------------------------------------------------------
| Timer Settings
| --------------
------------------------------------------------------------------------------------------------

  Enable Multi Corner Analysis               :  Yes
  Enable Pessimism Removal                   :  Yes
  Pessimism Removal Resolution               :  Nearest Common Node
  Enable Input Delay Default Clock           :  No
  Enable Preset / Clear Arcs                 :  No
  Disable Flight Delays                      :  No
  Ignore I/O Paths                           :  No
  Timing Early Launch at Borrowing Latches   :  No
  Borrow Time for Max Delay Exceptions       :  Yes
  Merge Timing Exceptions                    :  Yes
  Inter-SLR Compensation                     :  Conservative

  Corner  Analyze    Analyze    
  Name    Max Paths  Min Paths  
  ------  ---------  ---------  
  Slow    Yes        Yes        
  Fast    Yes        Yes        


------------------------------------------------------------------------------------------------
| Report Methodology
| ------------------
------------------------------------------------------------------------------------------------

Rule      Severity  Description                                                Violations  
--------  --------  ---------------------------------------------------------  ----------  
DPIR-1    Warning   Asynchronous driver check                                  111         
SYNTH-5   Warning   Mapped onto distributed RAM because of timing constraints  1024        
SYNTH-10  Warning   Wide multiplier                                            4           
XDCC-7    Warning   Scoped Clock constraint overwritten on the same source     1           

Note: This report is based on the most recent report_methodology run and may not be up-to-date. Run report_methodology on the current design for the latest report.



check_timing report

Table of Contents
-----------------
1. checking no_clock (0)
2. checking constant_clock (0)
3. checking pulse_width_clock (0)
4. checking unconstrained_internal_endpoints (0)
5. checking no_input_delay (2)
6. checking no_output_delay (9)
7. checking multiple_clock (0)
8. checking generated_clocks (0)
9. checking loops (0)
10. checking partial_input_delay (0)
11. checking partial_output_delay (0)
12. checking latch_loops (0)

1. checking no_clock (0)
------------------------
 There are 0 register/latch pins with no clock.


2. checking constant_clock (0)
------------------------------
 There are 0 register/latch pins with constant_clock.


3. checking pulse_width_clock (0)
---------------------------------
 There are 0 register/latch pins which need pulse_width check


4. checking unconstrained_internal_endpoints (0)
------------------------------------------------
 There are 0 pins that are not constrained for maximum delay.

 There are 0 pins that are not constrained for maximum delay due to constant clock.


5. checking no_input_delay (2)
------------------------------
 There are 0 input ports with no input delay specified.

 There are 2 input ports with no input delay but user has a false path constraint. (MEDIUM)


6. checking no_output_delay (9)
-------------------------------
 There are 0 ports with no output delay specified.

 There are 9 ports with no output delay but user has a false path constraint (MEDIUM)

 There are 0 ports with no output delay but with a timing clock defined on it or propagating through it


7. checking multiple_clock (0)
------------------------------
 There are 0 register/latch pins with multiple clocks.


8. checking generated_clocks (0)
--------------------------------
 There are 0 generated clocks that are not connected to a clock source.


9. checking loops (0)
---------------------
 There are 0 combinational loops in the design.


10. checking partial_input_delay (0)
------------------------------------
 There are 0 input ports with partial input delay specified.


11. checking partial_output_delay (0)
-------------------------------------
 There are 0 ports with partial output delay specified.


12. checking latch_loops (0)
----------------------------
 There are 0 combinational latch loops in the design through latch input



------------------------------------------------------------------------------------------------
| Design Timing Summary
| ---------------------
------------------------------------------------------------------------------------------------

    WNS(ns)      TNS(ns)  TNS Failing Endpoints  TNS Total Endpoints      WHS(ns)      THS(ns)  THS Failing Endpoints  THS Total Endpoints     WPWS(ns)     TPWS(ns)  TPWS Failing Endpoints  TPWS Total Endpoints  
    -------      -------  ---------------------  -------------------      -------      -------  ---------------------  -------------------     --------     --------  ----------------------  --------------------  
      0.074        0.000                      0                48133        0.029        0.000                      0                48133        2.633        0.000                       0                  6352  


All user specified timing constraints are met.


------------------------------------------------------------------------------------------------
| Clock Summary
| -------------
------------------------------------------------------------------------------------------------

Clock                   Waveform(ns)       Period(ns)      Frequency(MHz)
-----                   ------------       ----------      --------------
sys_clk_pin             {0.000 5.000}      10.000          100.000         
  clk_out1_clk_wiz_0_1  {0.000 11.628}     23.256          43.000          
  clkfbout_clk_wiz_0_1  {0.000 25.000}     50.000          20.000          


------------------------------------------------------------------------------------------------
| Intra Clock Table
| -----------------
------------------------------------------------------------------------------------------------

Clock                       WNS(ns)      TNS(ns)  TNS Failing Endpoints  TNS Total Endpoints      WHS(ns)      THS(ns)  THS Failing Endpoints  THS Total Endpoints     WPWS(ns)     TPWS(ns)  TPWS Failing Endpoints  TPWS Total Endpoints  
-----                       -------      -------  ---------------------  -------------------      -------      -------  ---------------------  -------------------     --------     --------  ----------------------  --------------------  
sys_clk_pin                                                                                                                                                               3.000        0.000                       0                     1  
  clk_out1_clk_wiz_0_1        0.074        0.000                      0                45976        0.029        0.000                      0                45976       10.378        0.000                       0                  6348  
  clkfbout_clk_wiz_0_1                                                                                                                                                    2.633        0.000                       0                     3  


------------------------------------------------------------------------------------------------
| Inter Clock Table
| -----------------
------------------------------------------------------------------------------------------------

From Clock    To Clock          WNS(ns)      TNS(ns)  TNS Failing Endpoints  TNS Total Endpoints      WHS(ns)      THS(ns)  THS Failing Endpoints  THS Total Endpoints  
----------    --------          -------      -------  ---------------------  -------------------      -------      -------  ---------------------  -------------------  


------------------------------------------------------------------------------------------------
| Other Path Groups Table
| -----------------------
------------------------------------------------------------------------------------------------

Path Group            From Clock            To Clock                  WNS(ns)      TNS(ns)  TNS Failing Endpoints  TNS Total Endpoints      WHS(ns)      THS(ns)  THS Failing Endpoints  THS Total Endpoints  
----------            ----------            --------                  -------      -------  ---------------------  -------------------      -------      -------  ---------------------  -------------------  
**async_default**     clk_out1_clk_wiz_0_1  clk_out1_clk_wiz_0_1       10.345        0.000                      0                 2157        0.455        0.000                      0                 2157  


------------------------------------------------------------------------------------------------
| User Ignored Path Table
| -----------------------
------------------------------------------------------------------------------------------------

Path Group            From Clock            To Clock            
----------            ----------            --------            
(none)                clk_out1_clk_wiz_0_1                        
(none)                                      clk_out1_clk_wiz_0_1  


------------------------------------------------------------------------------------------------
| Unconstrained Path Table
| ------------------------
------------------------------------------------------------------------------------------------

Path Group            From Clock            To Clock            
----------            ----------            --------            
(none)                                      clk_out1_clk_wiz_0_1  


------------------------------------------------------------------------------------------------
| Timing Details
| --------------
------------------------------------------------------------------------------------------------


---------------------------------------------------------------------------------------------------
From Clock:  sys_clk_pin
  To Clock:  sys_clk_pin

Setup :           NA  Failing Endpoints,  Worst Slack           NA  ,  Total Violation           NA
Hold  :           NA  Failing Endpoints,  Worst Slack           NA  ,  Total Violation           NA
PW    :            0  Failing Endpoints,  Worst Slack        3.000ns,  Total Violation        0.000ns
---------------------------------------------------------------------------------------------------


Pulse Width Checks
--------------------------------------------------------------------------------------
Clock Name:         sys_clk_pin
Waveform(ns):       { 0.000 5.000 }
Period(ns):         10.000
Sources:            { clk }

Check Type        Corner  Lib Pin           Reference Pin  Required(ns)  Actual(ns)  Slack(ns)  Location        Pin
Min Period        n/a     PLLE2_ADV/CLKIN1  n/a            1.249         10.000      8.751      PLLE2_ADV_X1Y2  clk_gen/inst/plle2_adv_inst/CLKIN1
Max Period        n/a     PLLE2_ADV/CLKIN1  n/a            52.633        10.000      42.633     PLLE2_ADV_X1Y2  clk_gen/inst/plle2_adv_inst/CLKIN1
Low Pulse Width   Slow    PLLE2_ADV/CLKIN1  n/a            2.000         5.000       3.000      PLLE2_ADV_X1Y2  clk_gen/inst/plle2_adv_inst/CLKIN1
Low Pulse Width   Fast    PLLE2_ADV/CLKIN1  n/a            2.000         5.000       3.000      PLLE2_ADV_X1Y2  clk_gen/inst/plle2_adv_inst/CLKIN1
High Pulse Width  Slow    PLLE2_ADV/CLKIN1  n/a            2.000         5.000       3.000      PLLE2_ADV_X1Y2  clk_gen/inst/plle2_adv_inst/CLKIN1
High Pulse Width  Fast    PLLE2_ADV/CLKIN1  n/a            2.000         5.000       3.000      PLLE2_ADV_X1Y2  clk_gen/inst/plle2_adv_inst/CLKIN1



---------------------------------------------------------------------------------------------------
From Clock:  clk_out1_clk_wiz_0_1
  To Clock:  clk_out1_clk_wiz_0_1

Setup :            0  Failing Endpoints,  Worst Slack        0.074ns,  Total Violation        0.000ns
Hold  :            0  Failing Endpoints,  Worst Slack        0.029ns,  Total Violation        0.000ns
PW    :            0  Failing Endpoints,  Worst Slack       10.378ns,  Total Violation        0.000ns
---------------------------------------------------------------------------------------------------


Max Delay Paths
--------------------------------------------------------------------------------------
Slack (MET) :             0.074ns  (required time - arrival time)
  Source:                 rv64im72f_5sp/ex_mem_register/MEM_alu_result_reg[4]_rep__31/C
                            (rising edge-triggered cell FDCE clocked by clk_out1_clk_wiz_0_1  {rise@0.000ns fall@11.628ns period=23.256ns})
  Destination:            rv64im72f_5sp/program_counter/pc_reg[31]/D
                            (rising edge-triggered cell FDCE clocked by clk_out1_clk_wiz_0_1  {rise@0.000ns fall@11.628ns period=23.256ns})
  Path Group:             clk_out1_clk_wiz_0_1
  Path Type:              Setup (Max at Slow Process Corner)
  Requirement:            23.256ns  (clk_out1_clk_wiz_0_1 rise@23.256ns - clk_out1_clk_wiz_0_1 rise@0.000ns)
  Data Path Delay:        23.111ns  (logic 7.731ns (33.451%)  route 15.380ns (66.549%))
  Logic Levels:           40  (CARRY4=14 LUT2=2 LUT3=1 LUT4=1 LUT5=1 LUT6=18 MUXF7=3)
  Clock Path Skew:        0.062ns (DCD - SCD + CPR)
    Destination Clock Delay (DCD):    -2.095ns = ( 21.161 - 23.256 ) 
    Source Clock Delay      (SCD):    -2.672ns
    Clock Pessimism Removal (CPR):    -0.515ns
  Clock Uncertainty:      0.161ns  ((TSJ^2 + DJ^2)^1/2) / 2 + PE
    Total System Jitter     (TSJ):    0.071ns
    Discrete Jitter          (DJ):    0.315ns
    Phase Error              (PE):    0.000ns

    Location             Delay type                Incr(ns)  Path(ns)    Netlist Resource(s)
  -------------------------------------------------------------------    -------------------
                         (clock clk_out1_clk_wiz_0_1 rise edge)
                                                      0.000     0.000 r  
    R4                                                0.000     0.000 r  clk (IN)
                         net (fo=0)                   0.000     0.000    clk_gen/inst/clk_in1
    R4                   IBUF (Prop_ibuf_I_O)         1.475     1.475 r  clk_gen/inst/clkin1_ibufg/O
                         net (fo=1, routed)           1.253     2.728    clk_gen/inst/clk_in1_clk_wiz_0
    PLLE2_ADV_X1Y2       PLLE2_ADV (Prop_plle2_adv_CLKIN1_CLKOUT0)
                                                     -8.953    -6.225 r  clk_gen/inst/plle2_adv_inst/CLKOUT0
                         net (fo=1, routed)           1.802    -4.422    clk_gen/inst/clk_out1_clk_wiz_0
    BUFGCTRL_X0Y0        BUFG (Prop_bufg_I_O)         0.096    -4.326 r  clk_gen/inst/clkout1_buf/O
                         net (fo=6346, routed)        1.654    -2.672    rv64im72f_5sp/ex_mem_register/clk_out1
    SLICE_X51Y163        FDCE                                         r  rv64im72f_5sp/ex_mem_register/MEM_alu_result_reg[4]_rep__31/C
  -------------------------------------------------------------------    -------------------
    SLICE_X51Y163        FDCE (Prop_fdce_C_Q)         0.456    -2.216 r  rv64im72f_5sp/ex_mem_register/MEM_alu_result_reg[4]_rep__31/Q
                         net (fo=125, routed)         0.735    -1.481    rv64im72f_5sp/ex_mem_register/MEM_alu_result_reg[4]_rep__31_n_0
    SLICE_X47Y164        LUT2 (Prop_lut2_I0_O)        0.124    -1.357 f  rv64im72f_5sp/ex_mem_register/WB_byte_enable_logic_register_file_write_data[14]_i_147/O
                         net (fo=156, routed)         1.007    -0.349    rv64im72f_5sp/ex_mem_register/WB_byte_enable_logic_register_file_write_data[14]_i_147_n_0
    SLICE_X45Y170        LUT6 (Prop_lut6_I4_O)        0.124    -0.225 f  rv64im72f_5sp/ex_mem_register/i__carry__4_i_156/O
                         net (fo=1, routed)           0.000    -0.225    rv64im72f_5sp/ex_mem_register/i__carry__4_i_156_n_0
    SLICE_X45Y170        MUXF7 (Prop_muxf7_I1_O)      0.245     0.020 f  rv64im72f_5sp/ex_mem_register/i__carry__4_i_110/O
                         net (fo=1, routed)           0.697     0.717    rv64im72f_5sp/ex_mem_register/i__carry__4_i_110_n_0
    SLICE_X47Y166        LUT6 (Prop_lut6_I5_O)        0.298     1.015 f  rv64im72f_5sp/ex_mem_register/i__carry__4_i_76/O
                         net (fo=1, routed)           0.000     1.015    rv64im72f_5sp/ex_mem_register/i__carry__4_i_76_n_0
    SLICE_X47Y166        MUXF7 (Prop_muxf7_I0_O)      0.212     1.227 f  rv64im72f_5sp/ex_mem_register/i__carry__4_i_64/O
                         net (fo=2, routed)           1.030     2.257    rv64im72f_5sp/ex_mem_register/i__carry__4_i_64_n_0
    SLICE_X49Y152        LUT6 (Prop_lut6_I3_O)        0.299     2.556 f  rv64im72f_5sp/ex_mem_register/i__carry__4_i_59/O
                         net (fo=2, routed)           0.661     3.217    rv64im72f_5sp/ex_mem_register/i__carry__4_i_59_n_0
    SLICE_X50Y145        LUT6 (Prop_lut6_I0_O)        0.124     3.341 f  rv64im72f_5sp/ex_mem_register/i__carry__4_i_58/O
                         net (fo=1, routed)           0.985     4.326    rv64im72f_5sp/ex_mem_register/i__carry__4_i_58_n_0
    SLICE_X51Y130        LUT6 (Prop_lut6_I2_O)        0.124     4.450 f  rv64im72f_5sp/ex_mem_register/i__carry__4_i_57/O
                         net (fo=1, routed)           0.626     5.076    rv64im72f_5sp/ex_mem_register/i__carry__4_i_57_n_0
    SLICE_X51Y125        LUT6 (Prop_lut6_I2_O)        0.124     5.200 f  rv64im72f_5sp/ex_mem_register/i__carry__4_i_56/O
                         net (fo=1, routed)           0.525     5.725    rv64im72f_5sp/ex_mem_register/i__carry__4_i_56_n_0
    SLICE_X54Y122        LUT6 (Prop_lut6_I2_O)        0.124     5.849 f  rv64im72f_5sp/ex_mem_register/i__carry__4_i_48/O
                         net (fo=2, routed)           0.702     6.551    rv64im72f_5sp/ex_mem_register/rom_read_data[7]
    SLICE_X55Y119        LUT6 (Prop_lut6_I3_O)        0.124     6.675 f  rv64im72f_5sp/ex_mem_register/WB_byte_enable_logic_register_file_write_data[31]_i_5/O
                         net (fo=12, routed)          0.852     7.527    rv64im72f_5sp/ex_mem_register/WB_byte_enable_logic_register_file_write_data[31]_i_5_n_0
    SLICE_X55Y116        LUT6 (Prop_lut6_I1_O)        0.124     7.651 f  rv64im72f_5sp/ex_mem_register/i__carry__1_i_35/O
                         net (fo=1, routed)           0.640     8.291    rv64im72f_5sp/ex_mem_register/byte_enable_logic_register_file_write_data[9]
    SLICE_X55Y111        LUT6 (Prop_lut6_I3_O)        0.124     8.415 f  rv64im72f_5sp/ex_mem_register/i__carry__1_i_19/O
                         net (fo=3, routed)           0.319     8.734    rv64im72f_5sp/id_ex_register/divisor_reg[9]_i_2_0
    SLICE_X55Y109        LUT6 (Prop_lut6_I0_O)        0.124     8.858 f  rv64im72f_5sp/id_ex_register/divisor_reg[9]_i_4/O
                         net (fo=1, routed)           0.783     9.641    rv64im72f_5sp/id_ex_register/alu_forward_source_data_b[9]
    SLICE_X55Y105        LUT5 (Prop_lut5_I4_O)        0.124     9.765 r  rv64im72f_5sp/id_ex_register/divisor_reg[9]_i_2/O
                         net (fo=15, routed)          0.760    10.525    rv64im72f_5sp/id_ex_register/divisor_reg[11]_i_2_1[1]
    SLICE_X53Y98         LUT2 (Prop_lut2_I1_O)        0.124    10.649 r  rv64im72f_5sp/id_ex_register/MEM_alu_result[11]_i_18/O
                         net (fo=1, routed)           0.000    10.649    rv64im72f_5sp/id_ex_register/MEM_alu_result[11]_i_18_n_0
    SLICE_X53Y98         CARRY4 (Prop_carry4_S[1]_CO[3])
                                                      0.550    11.199 r  rv64im72f_5sp/id_ex_register/MEM_alu_result_reg[11]_i_15/CO[3]
                         net (fo=1, routed)           0.000    11.199    rv64im72f_5sp/id_ex_register/MEM_alu_result_reg[11]_i_15_n_0
    SLICE_X53Y99         CARRY4 (Prop_carry4_CI_CO[3])
                                                      0.114    11.313 r  rv64im72f_5sp/id_ex_register/MEM_alu_result_reg[15]_i_15/CO[3]
                         net (fo=1, routed)           0.001    11.313    rv64im72f_5sp/id_ex_register/MEM_alu_result_reg[15]_i_15_n_0
    SLICE_X53Y100        CARRY4 (Prop_carry4_CI_CO[3])
                                                      0.114    11.427 r  rv64im72f_5sp/id_ex_register/MEM_alu_result_reg[19]_i_17/CO[3]
                         net (fo=1, routed)           0.000    11.427    rv64im72f_5sp/id_ex_register/MEM_alu_result_reg[19]_i_17_n_0
    SLICE_X53Y101        CARRY4 (Prop_carry4_CI_CO[3])
                                                      0.114    11.541 r  rv64im72f_5sp/id_ex_register/MEM_alu_result_reg[23]_i_15/CO[3]
                         net (fo=1, routed)           0.000    11.541    rv64im72f_5sp/id_ex_register/MEM_alu_result_reg[23]_i_15_n_0
    SLICE_X53Y102        CARRY4 (Prop_carry4_CI_CO[3])
                                                      0.114    11.655 r  rv64im72f_5sp/id_ex_register/MEM_alu_result_reg[27]_i_15/CO[3]
                         net (fo=1, routed)           0.000    11.655    rv64im72f_5sp/id_ex_register/MEM_alu_result_reg[27]_i_15_n_0
    SLICE_X53Y103        CARRY4 (Prop_carry4_CI_O[3])
                                                      0.313    11.968 f  rv64im72f_5sp/id_ex_register/MEM_alu_result_reg[31]_i_17/O[3]
                         net (fo=1, routed)           0.480    12.448    rv64im72f_5sp/id_ex_register/alu/alu_word/data0[31]
    SLICE_X51Y103        LUT6 (Prop_lut6_I5_O)        0.306    12.754 f  rv64im72f_5sp/id_ex_register/MEM_alu_result[31]_i_10/O
                         net (fo=1, routed)           0.407    13.161    rv64im72f_5sp/id_ex_register/MEM_alu_result[31]_i_10_n_0
    SLICE_X51Y103        LUT6 (Prop_lut6_I0_O)        0.124    13.285 f  rv64im72f_5sp/id_ex_register/MEM_alu_result[31]_i_6/O
                         net (fo=1, routed)           0.000    13.285    rv64im72f_5sp/id_ex_register/MEM_alu_result[31]_i_6_n_0
    SLICE_X51Y103        MUXF7 (Prop_muxf7_I0_O)      0.212    13.497 f  rv64im72f_5sp/id_ex_register/MEM_alu_result_reg[31]_i_3/O
                         net (fo=2, routed)           1.163    14.661    rv64im72f_5sp/id_ex_register/alu/alu_word_result[31]
    SLICE_X49Y101        LUT6 (Prop_lut6_I2_O)        0.299    14.960 r  rv64im72f_5sp/id_ex_register/prediction_counter[1]_i_16/O
                         net (fo=1, routed)           0.513    15.472    rv64im72f_5sp/id_ex_register/prediction_counter[1]_i_16_n_0
    SLICE_X48Y93         LUT6 (Prop_lut6_I1_O)        0.124    15.596 r  rv64im72f_5sp/id_ex_register/prediction_counter[1]_i_7/O
                         net (fo=2, routed)           0.173    15.769    rv64im72f_5sp/id_ex_register/alu/alu_word_zero
    SLICE_X48Y93         LUT6 (Prop_lut6_I5_O)        0.124    15.893 r  rv64im72f_5sp/id_ex_register/prediction_counter[1]_i_3/O
                         net (fo=1, routed)           0.432    16.325    rv64im72f_5sp/id_ex_register/prediction_counter[1]_i_3_n_0
    SLICE_X48Y92         LUT6 (Prop_lut6_I2_O)        0.124    16.449 r  rv64im72f_5sp/id_ex_register/prediction_counter[1]_i_2/O
                         net (fo=101, routed)         0.856    17.305    rv64im72f_5sp/id_ex_register/EX_funct3_reg[0]_1
    SLICE_X49Y86         LUT3 (Prop_lut3_I2_O)        0.124    17.429 r  rv64im72f_5sp/id_ex_register/pc[3]_i_10/O
                         net (fo=1, routed)           0.000    17.429    rv64im72f_5sp/id_ex_register/pc[3]_i_10_n_0
    SLICE_X49Y86         CARRY4 (Prop_carry4_S[1]_CO[3])
                                                      0.550    17.979 r  rv64im72f_5sp/id_ex_register/pc_reg[3]_i_6/CO[3]
                         net (fo=1, routed)           0.000    17.979    rv64im72f_5sp/id_ex_register/pc_reg[3]_i_6_n_0
    SLICE_X49Y87         CARRY4 (Prop_carry4_CI_CO[3])
                                                      0.114    18.093 r  rv64im72f_5sp/id_ex_register/pc_reg[7]_i_6/CO[3]
                         net (fo=1, routed)           0.000    18.093    rv64im72f_5sp/id_ex_register/pc_reg[7]_i_6_n_0
    SLICE_X49Y88         CARRY4 (Prop_carry4_CI_CO[3])
                                                      0.114    18.207 r  rv64im72f_5sp/id_ex_register/pc_reg[11]_i_6/CO[3]
                         net (fo=1, routed)           0.000    18.207    rv64im72f_5sp/id_ex_register/pc_reg[11]_i_6_n_0
    SLICE_X49Y89         CARRY4 (Prop_carry4_CI_CO[3])
                                                      0.114    18.321 r  rv64im72f_5sp/id_ex_register/pc_reg[15]_i_6/CO[3]
                         net (fo=1, routed)           0.000    18.321    rv64im72f_5sp/id_ex_register/pc_reg[15]_i_6_n_0
    SLICE_X49Y90         CARRY4 (Prop_carry4_CI_CO[3])
                                                      0.114    18.435 r  rv64im72f_5sp/id_ex_register/pc_reg[19]_i_6/CO[3]
                         net (fo=1, routed)           0.000    18.435    rv64im72f_5sp/id_ex_register/pc_reg[19]_i_6_n_0
    SLICE_X49Y91         CARRY4 (Prop_carry4_CI_CO[3])
                                                      0.114    18.549 r  rv64im72f_5sp/id_ex_register/pc_reg[23]_i_6/CO[3]
                         net (fo=1, routed)           0.000    18.549    rv64im72f_5sp/id_ex_register/pc_reg[23]_i_6_n_0
    SLICE_X49Y92         CARRY4 (Prop_carry4_CI_CO[3])
                                                      0.114    18.663 r  rv64im72f_5sp/id_ex_register/pc_reg[27]_i_6/CO[3]
                         net (fo=1, routed)           0.000    18.663    rv64im72f_5sp/id_ex_register/pc_reg[27]_i_6_n_0
    SLICE_X49Y93         CARRY4 (Prop_carry4_CI_O[3])
                                                      0.313    18.976 r  rv64im72f_5sp/id_ex_register/pc_reg[31]_i_8/O[3]
                         net (fo=1, routed)           0.630    19.606    rv64im72f_5sp/id_ex_register/pc_reg[31]_i_8_n_4
    SLICE_X47Y93         LUT4 (Prop_lut4_I0_O)        0.306    19.912 r  rv64im72f_5sp/id_ex_register/pc[31]_i_4/O
                         net (fo=1, routed)           0.403    20.315    rv64im72f_5sp/program_counter/pc_reg[31]_4
    SLICE_X47Y93         LUT6 (Prop_lut6_I3_O)        0.124    20.439 r  rv64im72f_5sp/program_counter/pc[31]_i_1/O
                         net (fo=1, routed)           0.000    20.439    rv64im72f_5sp/program_counter/next_pc[31]
    SLICE_X47Y93         FDCE                                         r  rv64im72f_5sp/program_counter/pc_reg[31]/D
  -------------------------------------------------------------------    -------------------

                         (clock clk_out1_clk_wiz_0_1 rise edge)
                                                     23.256    23.256 r  
    R4                                                0.000    23.256 r  clk (IN)
                         net (fo=0)                   0.000    23.256    clk_gen/inst/clk_in1
    R4                   IBUF (Prop_ibuf_I_O)         1.405    24.660 r  clk_gen/inst/clkin1_ibufg/O
                         net (fo=1, routed)           1.181    25.841    clk_gen/inst/clk_in1_clk_wiz_0
    PLLE2_ADV_X1Y2       PLLE2_ADV (Prop_plle2_adv_CLKIN1_CLKOUT0)
                                                     -8.206    17.636 r  clk_gen/inst/plle2_adv_inst/CLKOUT0
                         net (fo=1, routed)           1.718    19.354    clk_gen/inst/clk_out1_clk_wiz_0
    BUFGCTRL_X0Y0        BUFG (Prop_bufg_I_O)         0.091    19.445 r  clk_gen/inst/clkout1_buf/O
                         net (fo=6346, routed)        1.716    21.161    rv64im72f_5sp/program_counter/clk_out1
    SLICE_X47Y93         FDCE                                         r  rv64im72f_5sp/program_counter/pc_reg[31]/C
                         clock pessimism             -0.515    20.646    
                         clock uncertainty           -0.161    20.484    
    SLICE_X47Y93         FDCE (Setup_fdce_C_D)        0.029    20.513    rv64im72f_5sp/program_counter/pc_reg[31]
  -------------------------------------------------------------------
                         required time                         20.513    
                         arrival time                         -20.439    
  -------------------------------------------------------------------
                         slack                                  0.074    

Slack (MET) :             0.137ns  (required time - arrival time)
  Source:                 rv64im72f_5sp/ex_mem_register/MEM_alu_result_reg[4]_rep__31/C
                            (rising edge-triggered cell FDCE clocked by clk_out1_clk_wiz_0_1  {rise@0.000ns fall@11.628ns period=23.256ns})
  Destination:            rv64im72f_5sp/program_counter/pc_reg[11]/D
                            (rising edge-triggered cell FDCE clocked by clk_out1_clk_wiz_0_1  {rise@0.000ns fall@11.628ns period=23.256ns})
  Path Group:             clk_out1_clk_wiz_0_1
  Path Type:              Setup (Max at Slow Process Corner)
  Requirement:            23.256ns  (clk_out1_clk_wiz_0_1 rise@23.256ns - clk_out1_clk_wiz_0_1 rise@0.000ns)
  Data Path Delay:        22.998ns  (logic 7.161ns (31.137%)  route 15.837ns (68.863%))
  Logic Levels:           35  (CARRY4=9 LUT2=2 LUT3=1 LUT4=1 LUT5=1 LUT6=18 MUXF7=3)
  Clock Path Skew:        0.057ns (DCD - SCD + CPR)
    Destination Clock Delay (DCD):    -2.100ns = ( 21.156 - 23.256 ) 
    Source Clock Delay      (SCD):    -2.672ns
    Clock Pessimism Removal (CPR):    -0.515ns
  Clock Uncertainty:      0.161ns  ((TSJ^2 + DJ^2)^1/2) / 2 + PE
    Total System Jitter     (TSJ):    0.071ns
    Discrete Jitter          (DJ):    0.315ns
    Phase Error              (PE):    0.000ns

    Location             Delay type                Incr(ns)  Path(ns)    Netlist Resource(s)
  -------------------------------------------------------------------    -------------------
                         (clock clk_out1_clk_wiz_0_1 rise edge)
                                                      0.000     0.000 r  
    R4                                                0.000     0.000 r  clk (IN)
                         net (fo=0)                   0.000     0.000    clk_gen/inst/clk_in1
    R4                   IBUF (Prop_ibuf_I_O)         1.475     1.475 r  clk_gen/inst/clkin1_ibufg/O
                         net (fo=1, routed)           1.253     2.728    clk_gen/inst/clk_in1_clk_wiz_0
    PLLE2_ADV_X1Y2       PLLE2_ADV (Prop_plle2_adv_CLKIN1_CLKOUT0)
                                                     -8.953    -6.225 r  clk_gen/inst/plle2_adv_inst/CLKOUT0
                         net (fo=1, routed)           1.802    -4.422    clk_gen/inst/clk_out1_clk_wiz_0
    BUFGCTRL_X0Y0        BUFG (Prop_bufg_I_O)         0.096    -4.326 r  clk_gen/inst/clkout1_buf/O
                         net (fo=6346, routed)        1.654    -2.672    rv64im72f_5sp/ex_mem_register/clk_out1
    SLICE_X51Y163        FDCE                                         r  rv64im72f_5sp/ex_mem_register/MEM_alu_result_reg[4]_rep__31/C
  -------------------------------------------------------------------    -------------------
    SLICE_X51Y163        FDCE (Prop_fdce_C_Q)         0.456    -2.216 r  rv64im72f_5sp/ex_mem_register/MEM_alu_result_reg[4]_rep__31/Q
                         net (fo=125, routed)         0.735    -1.481    rv64im72f_5sp/ex_mem_register/MEM_alu_result_reg[4]_rep__31_n_0
    SLICE_X47Y164        LUT2 (Prop_lut2_I0_O)        0.124    -1.357 f  rv64im72f_5sp/ex_mem_register/WB_byte_enable_logic_register_file_write_data[14]_i_147/O
                         net (fo=156, routed)         1.007    -0.349    rv64im72f_5sp/ex_mem_register/WB_byte_enable_logic_register_file_write_data[14]_i_147_n_0
    SLICE_X45Y170        LUT6 (Prop_lut6_I4_O)        0.124    -0.225 f  rv64im72f_5sp/ex_mem_register/i__carry__4_i_156/O
                         net (fo=1, routed)           0.000    -0.225    rv64im72f_5sp/ex_mem_register/i__carry__4_i_156_n_0
    SLICE_X45Y170        MUXF7 (Prop_muxf7_I1_O)      0.245     0.020 f  rv64im72f_5sp/ex_mem_register/i__carry__4_i_110/O
                         net (fo=1, routed)           0.697     0.717    rv64im72f_5sp/ex_mem_register/i__carry__4_i_110_n_0
    SLICE_X47Y166        LUT6 (Prop_lut6_I5_O)        0.298     1.015 f  rv64im72f_5sp/ex_mem_register/i__carry__4_i_76/O
                         net (fo=1, routed)           0.000     1.015    rv64im72f_5sp/ex_mem_register/i__carry__4_i_76_n_0
    SLICE_X47Y166        MUXF7 (Prop_muxf7_I0_O)      0.212     1.227 f  rv64im72f_5sp/ex_mem_register/i__carry__4_i_64/O
                         net (fo=2, routed)           1.030     2.257    rv64im72f_5sp/ex_mem_register/i__carry__4_i_64_n_0
    SLICE_X49Y152        LUT6 (Prop_lut6_I3_O)        0.299     2.556 f  rv64im72f_5sp/ex_mem_register/i__carry__4_i_59/O
                         net (fo=2, routed)           0.661     3.217    rv64im72f_5sp/ex_mem_register/i__carry__4_i_59_n_0
    SLICE_X50Y145        LUT6 (Prop_lut6_I0_O)        0.124     3.341 f  rv64im72f_5sp/ex_mem_register/i__carry__4_i_58/O
                         net (fo=1, routed)           0.985     4.326    rv64im72f_5sp/ex_mem_register/i__carry__4_i_58_n_0
    SLICE_X51Y130        LUT6 (Prop_lut6_I2_O)        0.124     4.450 f  rv64im72f_5sp/ex_mem_register/i__carry__4_i_57/O
                         net (fo=1, routed)           0.626     5.076    rv64im72f_5sp/ex_mem_register/i__carry__4_i_57_n_0
    SLICE_X51Y125        LUT6 (Prop_lut6_I2_O)        0.124     5.200 f  rv64im72f_5sp/ex_mem_register/i__carry__4_i_56/O
                         net (fo=1, routed)           0.525     5.725    rv64im72f_5sp/ex_mem_register/i__carry__4_i_56_n_0
    SLICE_X54Y122        LUT6 (Prop_lut6_I2_O)        0.124     5.849 f  rv64im72f_5sp/ex_mem_register/i__carry__4_i_48/O
                         net (fo=2, routed)           0.702     6.551    rv64im72f_5sp/ex_mem_register/rom_read_data[7]
    SLICE_X55Y119        LUT6 (Prop_lut6_I3_O)        0.124     6.675 f  rv64im72f_5sp/ex_mem_register/WB_byte_enable_logic_register_file_write_data[31]_i_5/O
                         net (fo=12, routed)          0.852     7.527    rv64im72f_5sp/ex_mem_register/WB_byte_enable_logic_register_file_write_data[31]_i_5_n_0
    SLICE_X55Y116        LUT6 (Prop_lut6_I1_O)        0.124     7.651 f  rv64im72f_5sp/ex_mem_register/i__carry__1_i_35/O
                         net (fo=1, routed)           0.640     8.291    rv64im72f_5sp/ex_mem_register/byte_enable_logic_register_file_write_data[9]
    SLICE_X55Y111        LUT6 (Prop_lut6_I3_O)        0.124     8.415 f  rv64im72f_5sp/ex_mem_register/i__carry__1_i_19/O
                         net (fo=3, routed)           0.319     8.734    rv64im72f_5sp/id_ex_register/divisor_reg[9]_i_2_0
    SLICE_X55Y109        LUT6 (Prop_lut6_I0_O)        0.124     8.858 f  rv64im72f_5sp/id_ex_register/divisor_reg[9]_i_4/O
                         net (fo=1, routed)           0.783     9.641    rv64im72f_5sp/id_ex_register/alu_forward_source_data_b[9]
    SLICE_X55Y105        LUT5 (Prop_lut5_I4_O)        0.124     9.765 r  rv64im72f_5sp/id_ex_register/divisor_reg[9]_i_2/O
                         net (fo=15, routed)          0.760    10.525    rv64im72f_5sp/id_ex_register/divisor_reg[11]_i_2_1[1]
    SLICE_X53Y98         LUT2 (Prop_lut2_I1_O)        0.124    10.649 r  rv64im72f_5sp/id_ex_register/MEM_alu_result[11]_i_18/O
                         net (fo=1, routed)           0.000    10.649    rv64im72f_5sp/id_ex_register/MEM_alu_result[11]_i_18_n_0
    SLICE_X53Y98         CARRY4 (Prop_carry4_S[1]_CO[3])
                                                      0.550    11.199 r  rv64im72f_5sp/id_ex_register/MEM_alu_result_reg[11]_i_15/CO[3]
                         net (fo=1, routed)           0.000    11.199    rv64im72f_5sp/id_ex_register/MEM_alu_result_reg[11]_i_15_n_0
    SLICE_X53Y99         CARRY4 (Prop_carry4_CI_CO[3])
                                                      0.114    11.313 r  rv64im72f_5sp/id_ex_register/MEM_alu_result_reg[15]_i_15/CO[3]
                         net (fo=1, routed)           0.001    11.313    rv64im72f_5sp/id_ex_register/MEM_alu_result_reg[15]_i_15_n_0
    SLICE_X53Y100        CARRY4 (Prop_carry4_CI_CO[3])
                                                      0.114    11.427 r  rv64im72f_5sp/id_ex_register/MEM_alu_result_reg[19]_i_17/CO[3]
                         net (fo=1, routed)           0.000    11.427    rv64im72f_5sp/id_ex_register/MEM_alu_result_reg[19]_i_17_n_0
    SLICE_X53Y101        CARRY4 (Prop_carry4_CI_CO[3])
                                                      0.114    11.541 r  rv64im72f_5sp/id_ex_register/MEM_alu_result_reg[23]_i_15/CO[3]
                         net (fo=1, routed)           0.000    11.541    rv64im72f_5sp/id_ex_register/MEM_alu_result_reg[23]_i_15_n_0
    SLICE_X53Y102        CARRY4 (Prop_carry4_CI_CO[3])
                                                      0.114    11.655 r  rv64im72f_5sp/id_ex_register/MEM_alu_result_reg[27]_i_15/CO[3]
                         net (fo=1, routed)           0.000    11.655    rv64im72f_5sp/id_ex_register/MEM_alu_result_reg[27]_i_15_n_0
    SLICE_X53Y103        CARRY4 (Prop_carry4_CI_O[3])
                                                      0.313    11.968 f  rv64im72f_5sp/id_ex_register/MEM_alu_result_reg[31]_i_17/O[3]
                         net (fo=1, routed)           0.480    12.448    rv64im72f_5sp/id_ex_register/alu/alu_word/data0[31]
    SLICE_X51Y103        LUT6 (Prop_lut6_I5_O)        0.306    12.754 f  rv64im72f_5sp/id_ex_register/MEM_alu_result[31]_i_10/O
                         net (fo=1, routed)           0.407    13.161    rv64im72f_5sp/id_ex_register/MEM_alu_result[31]_i_10_n_0
    SLICE_X51Y103        LUT6 (Prop_lut6_I0_O)        0.124    13.285 f  rv64im72f_5sp/id_ex_register/MEM_alu_result[31]_i_6/O
                         net (fo=1, routed)           0.000    13.285    rv64im72f_5sp/id_ex_register/MEM_alu_result[31]_i_6_n_0
    SLICE_X51Y103        MUXF7 (Prop_muxf7_I0_O)      0.212    13.497 f  rv64im72f_5sp/id_ex_register/MEM_alu_result_reg[31]_i_3/O
                         net (fo=2, routed)           1.163    14.661    rv64im72f_5sp/id_ex_register/alu/alu_word_result[31]
    SLICE_X49Y101        LUT6 (Prop_lut6_I2_O)        0.299    14.960 r  rv64im72f_5sp/id_ex_register/prediction_counter[1]_i_16/O
                         net (fo=1, routed)           0.513    15.472    rv64im72f_5sp/id_ex_register/prediction_counter[1]_i_16_n_0
    SLICE_X48Y93         LUT6 (Prop_lut6_I1_O)        0.124    15.596 r  rv64im72f_5sp/id_ex_register/prediction_counter[1]_i_7/O
                         net (fo=2, routed)           0.173    15.769    rv64im72f_5sp/id_ex_register/alu/alu_word_zero
    SLICE_X48Y93         LUT6 (Prop_lut6_I5_O)        0.124    15.893 r  rv64im72f_5sp/id_ex_register/prediction_counter[1]_i_3/O
                         net (fo=1, routed)           0.432    16.325    rv64im72f_5sp/id_ex_register/prediction_counter[1]_i_3_n_0
    SLICE_X48Y92         LUT6 (Prop_lut6_I2_O)        0.124    16.449 r  rv64im72f_5sp/id_ex_register/prediction_counter[1]_i_2/O
                         net (fo=101, routed)         0.856    17.305    rv64im72f_5sp/id_ex_register/EX_funct3_reg[0]_1
    SLICE_X49Y86         LUT3 (Prop_lut3_I2_O)        0.124    17.429 r  rv64im72f_5sp/id_ex_register/pc[3]_i_10/O
                         net (fo=1, routed)           0.000    17.429    rv64im72f_5sp/id_ex_register/pc[3]_i_10_n_0
    SLICE_X49Y86         CARRY4 (Prop_carry4_S[1]_CO[3])
                                                      0.550    17.979 r  rv64im72f_5sp/id_ex_register/pc_reg[3]_i_6/CO[3]
                         net (fo=1, routed)           0.000    17.979    rv64im72f_5sp/id_ex_register/pc_reg[3]_i_6_n_0
    SLICE_X49Y87         CARRY4 (Prop_carry4_CI_CO[3])
                                                      0.114    18.093 r  rv64im72f_5sp/id_ex_register/pc_reg[7]_i_6/CO[3]
                         net (fo=1, routed)           0.000    18.093    rv64im72f_5sp/id_ex_register/pc_reg[7]_i_6_n_0
    SLICE_X49Y88         CARRY4 (Prop_carry4_CI_O[3])
                                                      0.313    18.406 r  rv64im72f_5sp/id_ex_register/pc_reg[11]_i_6/O[3]
                         net (fo=1, routed)           0.458    18.864    rv64im72f_5sp/id_ex_register/pc_reg[11]_i_6_n_4
    SLICE_X46Y86         LUT4 (Prop_lut4_I0_O)        0.306    19.170 r  rv64im72f_5sp/id_ex_register/pc[11]_i_3/O
                         net (fo=3, routed)           0.464    19.634    rv64im72f_5sp/program_counter/pc_reg[11]_0
    SLICE_X46Y85         LUT6 (Prop_lut6_I3_O)        0.124    19.758 r  rv64im72f_5sp/program_counter/pc[11]_i_1/O
                         net (fo=1, routed)           0.568    20.326    rv64im72f_5sp/program_counter/next_pc[11]
    SLICE_X46Y85         FDCE                                         r  rv64im72f_5sp/program_counter/pc_reg[11]/D
  -------------------------------------------------------------------    -------------------

                         (clock clk_out1_clk_wiz_0_1 rise edge)
                                                     23.256    23.256 r  
    R4                                                0.000    23.256 r  clk (IN)
                         net (fo=0)                   0.000    23.256    clk_gen/inst/clk_in1
    R4                   IBUF (Prop_ibuf_I_O)         1.405    24.660 r  clk_gen/inst/clkin1_ibufg/O
                         net (fo=1, routed)           1.181    25.841    clk_gen/inst/clk_in1_clk_wiz_0
    PLLE2_ADV_X1Y2       PLLE2_ADV (Prop_plle2_adv_CLKIN1_CLKOUT0)
                                                     -8.206    17.636 r  clk_gen/inst/plle2_adv_inst/CLKOUT0
                         net (fo=1, routed)           1.718    19.354    clk_gen/inst/clk_out1_clk_wiz_0
    BUFGCTRL_X0Y0        BUFG (Prop_bufg_I_O)         0.091    19.445 r  clk_gen/inst/clkout1_buf/O
                         net (fo=6346, routed)        1.711    21.156    rv64im72f_5sp/program_counter/clk_out1
    SLICE_X46Y85         FDCE                                         r  rv64im72f_5sp/program_counter/pc_reg[11]/C
                         clock pessimism             -0.515    20.641    
                         clock uncertainty           -0.161    20.479    
    SLICE_X46Y85         FDCE (Setup_fdce_C_D)       -0.016    20.463    rv64im72f_5sp/program_counter/pc_reg[11]
  -------------------------------------------------------------------
                         required time                         20.463    
                         arrival time                         -20.326    
  -------------------------------------------------------------------
                         slack                                  0.137    

Slack (MET) :             0.157ns  (required time - arrival time)
  Source:                 rv64im72f_5sp/ex_mem_register/MEM_alu_result_reg[4]_rep__31/C
                            (rising edge-triggered cell FDCE clocked by clk_out1_clk_wiz_0_1  {rise@0.000ns fall@11.628ns period=23.256ns})
  Destination:            rv64im72f_5sp/program_counter/pc_reg[12]_rep__3/D
                            (rising edge-triggered cell FDCE clocked by clk_out1_clk_wiz_0_1  {rise@0.000ns fall@11.628ns period=23.256ns})
  Path Group:             clk_out1_clk_wiz_0_1
  Path Type:              Setup (Max at Slow Process Corner)
  Requirement:            23.256ns  (clk_out1_clk_wiz_0_1 rise@23.256ns - clk_out1_clk_wiz_0_1 rise@0.000ns)
  Data Path Delay:        22.950ns  (logic 7.177ns (31.272%)  route 15.773ns (68.728%))
  Logic Levels:           36  (CARRY4=10 LUT2=2 LUT3=1 LUT4=1 LUT5=1 LUT6=18 MUXF7=3)
  Clock Path Skew:        0.056ns (DCD - SCD + CPR)
    Destination Clock Delay (DCD):    -2.101ns = ( 21.155 - 23.256 ) 
    Source Clock Delay      (SCD):    -2.672ns
    Clock Pessimism Removal (CPR):    -0.515ns
  Clock Uncertainty:      0.161ns  ((TSJ^2 + DJ^2)^1/2) / 2 + PE
    Total System Jitter     (TSJ):    0.071ns
    Discrete Jitter          (DJ):    0.315ns
    Phase Error              (PE):    0.000ns

    Location             Delay type                Incr(ns)  Path(ns)    Netlist Resource(s)
  -------------------------------------------------------------------    -------------------
                         (clock clk_out1_clk_wiz_0_1 rise edge)
                                                      0.000     0.000 r  
    R4                                                0.000     0.000 r  clk (IN)
                         net (fo=0)                   0.000     0.000    clk_gen/inst/clk_in1
    R4                   IBUF (Prop_ibuf_I_O)         1.475     1.475 r  clk_gen/inst/clkin1_ibufg/O
                         net (fo=1, routed)           1.253     2.728    clk_gen/inst/clk_in1_clk_wiz_0
    PLLE2_ADV_X1Y2       PLLE2_ADV (Prop_plle2_adv_CLKIN1_CLKOUT0)
                                                     -8.953    -6.225 r  clk_gen/inst/plle2_adv_inst/CLKOUT0
                         net (fo=1, routed)           1.802    -4.422    clk_gen/inst/clk_out1_clk_wiz_0
    BUFGCTRL_X0Y0        BUFG (Prop_bufg_I_O)         0.096    -4.326 r  clk_gen/inst/clkout1_buf/O
                         net (fo=6346, routed)        1.654    -2.672    rv64im72f_5sp/ex_mem_register/clk_out1
    SLICE_X51Y163        FDCE                                         r  rv64im72f_5sp/ex_mem_register/MEM_alu_result_reg[4]_rep__31/C
  -------------------------------------------------------------------    -------------------
    SLICE_X51Y163        FDCE (Prop_fdce_C_Q)         0.456    -2.216 r  rv64im72f_5sp/ex_mem_register/MEM_alu_result_reg[4]_rep__31/Q
                         net (fo=125, routed)         0.735    -1.481    rv64im72f_5sp/ex_mem_register/MEM_alu_result_reg[4]_rep__31_n_0
    SLICE_X47Y164        LUT2 (Prop_lut2_I0_O)        0.124    -1.357 f  rv64im72f_5sp/ex_mem_register/WB_byte_enable_logic_register_file_write_data[14]_i_147/O
                         net (fo=156, routed)         1.007    -0.349    rv64im72f_5sp/ex_mem_register/WB_byte_enable_logic_register_file_write_data[14]_i_147_n_0
    SLICE_X45Y170        LUT6 (Prop_lut6_I4_O)        0.124    -0.225 f  rv64im72f_5sp/ex_mem_register/i__carry__4_i_156/O
                         net (fo=1, routed)           0.000    -0.225    rv64im72f_5sp/ex_mem_register/i__carry__4_i_156_n_0
    SLICE_X45Y170        MUXF7 (Prop_muxf7_I1_O)      0.245     0.020 f  rv64im72f_5sp/ex_mem_register/i__carry__4_i_110/O
                         net (fo=1, routed)           0.697     0.717    rv64im72f_5sp/ex_mem_register/i__carry__4_i_110_n_0
    SLICE_X47Y166        LUT6 (Prop_lut6_I5_O)        0.298     1.015 f  rv64im72f_5sp/ex_mem_register/i__carry__4_i_76/O
                         net (fo=1, routed)           0.000     1.015    rv64im72f_5sp/ex_mem_register/i__carry__4_i_76_n_0
    SLICE_X47Y166        MUXF7 (Prop_muxf7_I0_O)      0.212     1.227 f  rv64im72f_5sp/ex_mem_register/i__carry__4_i_64/O
                         net (fo=2, routed)           1.030     2.257    rv64im72f_5sp/ex_mem_register/i__carry__4_i_64_n_0
    SLICE_X49Y152        LUT6 (Prop_lut6_I3_O)        0.299     2.556 f  rv64im72f_5sp/ex_mem_register/i__carry__4_i_59/O
                         net (fo=2, routed)           0.661     3.217    rv64im72f_5sp/ex_mem_register/i__carry__4_i_59_n_0
    SLICE_X50Y145        LUT6 (Prop_lut6_I0_O)        0.124     3.341 f  rv64im72f_5sp/ex_mem_register/i__carry__4_i_58/O
                         net (fo=1, routed)           0.985     4.326    rv64im72f_5sp/ex_mem_register/i__carry__4_i_58_n_0
    SLICE_X51Y130        LUT6 (Prop_lut6_I2_O)        0.124     4.450 f  rv64im72f_5sp/ex_mem_register/i__carry__4_i_57/O
                         net (fo=1, routed)           0.626     5.076    rv64im72f_5sp/ex_mem_register/i__carry__4_i_57_n_0
    SLICE_X51Y125        LUT6 (Prop_lut6_I2_O)        0.124     5.200 f  rv64im72f_5sp/ex_mem_register/i__carry__4_i_56/O
                         net (fo=1, routed)           0.525     5.725    rv64im72f_5sp/ex_mem_register/i__carry__4_i_56_n_0
    SLICE_X54Y122        LUT6 (Prop_lut6_I2_O)        0.124     5.849 f  rv64im72f_5sp/ex_mem_register/i__carry__4_i_48/O
                         net (fo=2, routed)           0.702     6.551    rv64im72f_5sp/ex_mem_register/rom_read_data[7]
    SLICE_X55Y119        LUT6 (Prop_lut6_I3_O)        0.124     6.675 f  rv64im72f_5sp/ex_mem_register/WB_byte_enable_logic_register_file_write_data[31]_i_5/O
                         net (fo=12, routed)          0.852     7.527    rv64im72f_5sp/ex_mem_register/WB_byte_enable_logic_register_file_write_data[31]_i_5_n_0
    SLICE_X55Y116        LUT6 (Prop_lut6_I1_O)        0.124     7.651 f  rv64im72f_5sp/ex_mem_register/i__carry__1_i_35/O
                         net (fo=1, routed)           0.640     8.291    rv64im72f_5sp/ex_mem_register/byte_enable_logic_register_file_write_data[9]
    SLICE_X55Y111        LUT6 (Prop_lut6_I3_O)        0.124     8.415 f  rv64im72f_5sp/ex_mem_register/i__carry__1_i_19/O
                         net (fo=3, routed)           0.319     8.734    rv64im72f_5sp/id_ex_register/divisor_reg[9]_i_2_0
    SLICE_X55Y109        LUT6 (Prop_lut6_I0_O)        0.124     8.858 f  rv64im72f_5sp/id_ex_register/divisor_reg[9]_i_4/O
                         net (fo=1, routed)           0.783     9.641    rv64im72f_5sp/id_ex_register/alu_forward_source_data_b[9]
    SLICE_X55Y105        LUT5 (Prop_lut5_I4_O)        0.124     9.765 r  rv64im72f_5sp/id_ex_register/divisor_reg[9]_i_2/O
                         net (fo=15, routed)          0.760    10.525    rv64im72f_5sp/id_ex_register/divisor_reg[11]_i_2_1[1]
    SLICE_X53Y98         LUT2 (Prop_lut2_I1_O)        0.124    10.649 r  rv64im72f_5sp/id_ex_register/MEM_alu_result[11]_i_18/O
                         net (fo=1, routed)           0.000    10.649    rv64im72f_5sp/id_ex_register/MEM_alu_result[11]_i_18_n_0
    SLICE_X53Y98         CARRY4 (Prop_carry4_S[1]_CO[3])
                                                      0.550    11.199 r  rv64im72f_5sp/id_ex_register/MEM_alu_result_reg[11]_i_15/CO[3]
                         net (fo=1, routed)           0.000    11.199    rv64im72f_5sp/id_ex_register/MEM_alu_result_reg[11]_i_15_n_0
    SLICE_X53Y99         CARRY4 (Prop_carry4_CI_CO[3])
                                                      0.114    11.313 r  rv64im72f_5sp/id_ex_register/MEM_alu_result_reg[15]_i_15/CO[3]
                         net (fo=1, routed)           0.001    11.313    rv64im72f_5sp/id_ex_register/MEM_alu_result_reg[15]_i_15_n_0
    SLICE_X53Y100        CARRY4 (Prop_carry4_CI_CO[3])
                                                      0.114    11.427 r  rv64im72f_5sp/id_ex_register/MEM_alu_result_reg[19]_i_17/CO[3]
                         net (fo=1, routed)           0.000    11.427    rv64im72f_5sp/id_ex_register/MEM_alu_result_reg[19]_i_17_n_0
    SLICE_X53Y101        CARRY4 (Prop_carry4_CI_CO[3])
                                                      0.114    11.541 r  rv64im72f_5sp/id_ex_register/MEM_alu_result_reg[23]_i_15/CO[3]
                         net (fo=1, routed)           0.000    11.541    rv64im72f_5sp/id_ex_register/MEM_alu_result_reg[23]_i_15_n_0
    SLICE_X53Y102        CARRY4 (Prop_carry4_CI_CO[3])
                                                      0.114    11.655 r  rv64im72f_5sp/id_ex_register/MEM_alu_result_reg[27]_i_15/CO[3]
                         net (fo=1, routed)           0.000    11.655    rv64im72f_5sp/id_ex_register/MEM_alu_result_reg[27]_i_15_n_0
    SLICE_X53Y103        CARRY4 (Prop_carry4_CI_O[3])
                                                      0.313    11.968 f  rv64im72f_5sp/id_ex_register/MEM_alu_result_reg[31]_i_17/O[3]
                         net (fo=1, routed)           0.480    12.448    rv64im72f_5sp/id_ex_register/alu/alu_word/data0[31]
    SLICE_X51Y103        LUT6 (Prop_lut6_I5_O)        0.306    12.754 f  rv64im72f_5sp/id_ex_register/MEM_alu_result[31]_i_10/O
                         net (fo=1, routed)           0.407    13.161    rv64im72f_5sp/id_ex_register/MEM_alu_result[31]_i_10_n_0
    SLICE_X51Y103        LUT6 (Prop_lut6_I0_O)        0.124    13.285 f  rv64im72f_5sp/id_ex_register/MEM_alu_result[31]_i_6/O
                         net (fo=1, routed)           0.000    13.285    rv64im72f_5sp/id_ex_register/MEM_alu_result[31]_i_6_n_0
    SLICE_X51Y103        MUXF7 (Prop_muxf7_I0_O)      0.212    13.497 f  rv64im72f_5sp/id_ex_register/MEM_alu_result_reg[31]_i_3/O
                         net (fo=2, routed)           1.163    14.661    rv64im72f_5sp/id_ex_register/alu/alu_word_result[31]
    SLICE_X49Y101        LUT6 (Prop_lut6_I2_O)        0.299    14.960 r  rv64im72f_5sp/id_ex_register/prediction_counter[1]_i_16/O
                         net (fo=1, routed)           0.513    15.472    rv64im72f_5sp/id_ex_register/prediction_counter[1]_i_16_n_0
    SLICE_X48Y93         LUT6 (Prop_lut6_I1_O)        0.124    15.596 r  rv64im72f_5sp/id_ex_register/prediction_counter[1]_i_7/O
                         net (fo=2, routed)           0.173    15.769    rv64im72f_5sp/id_ex_register/alu/alu_word_zero
    SLICE_X48Y93         LUT6 (Prop_lut6_I5_O)        0.124    15.893 r  rv64im72f_5sp/id_ex_register/prediction_counter[1]_i_3/O
                         net (fo=1, routed)           0.432    16.325    rv64im72f_5sp/id_ex_register/prediction_counter[1]_i_3_n_0
    SLICE_X48Y92         LUT6 (Prop_lut6_I2_O)        0.124    16.449 r  rv64im72f_5sp/id_ex_register/prediction_counter[1]_i_2/O
                         net (fo=101, routed)         0.856    17.305    rv64im72f_5sp/id_ex_register/EX_funct3_reg[0]_1
    SLICE_X49Y86         LUT3 (Prop_lut3_I2_O)        0.124    17.429 r  rv64im72f_5sp/id_ex_register/pc[3]_i_10/O
                         net (fo=1, routed)           0.000    17.429    rv64im72f_5sp/id_ex_register/pc[3]_i_10_n_0
    SLICE_X49Y86         CARRY4 (Prop_carry4_S[1]_CO[3])
                                                      0.550    17.979 r  rv64im72f_5sp/id_ex_register/pc_reg[3]_i_6/CO[3]
                         net (fo=1, routed)           0.000    17.979    rv64im72f_5sp/id_ex_register/pc_reg[3]_i_6_n_0
    SLICE_X49Y87         CARRY4 (Prop_carry4_CI_CO[3])
                                                      0.114    18.093 r  rv64im72f_5sp/id_ex_register/pc_reg[7]_i_6/CO[3]
                         net (fo=1, routed)           0.000    18.093    rv64im72f_5sp/id_ex_register/pc_reg[7]_i_6_n_0
    SLICE_X49Y88         CARRY4 (Prop_carry4_CI_CO[3])
                                                      0.114    18.207 r  rv64im72f_5sp/id_ex_register/pc_reg[11]_i_6/CO[3]
                         net (fo=1, routed)           0.000    18.207    rv64im72f_5sp/id_ex_register/pc_reg[11]_i_6_n_0
    SLICE_X49Y89         CARRY4 (Prop_carry4_CI_O[0])
                                                      0.222    18.429 r  rv64im72f_5sp/id_ex_register/pc_reg[15]_i_6/O[0]
                         net (fo=1, routed)           0.442    18.871    rv64im72f_5sp/id_ex_register/pc_reg[15]_i_6_n_7
    SLICE_X51Y88         LUT4 (Prop_lut4_I0_O)        0.299    19.170 r  rv64im72f_5sp/id_ex_register/pc[12]_i_3/O
                         net (fo=15, routed)          0.647    19.817    rv64im72f_5sp/program_counter/pc_reg[12]_0
    SLICE_X52Y87         LUT6 (Prop_lut6_I3_O)        0.124    19.941 r  rv64im72f_5sp/program_counter/pc[12]_rep_i_1__3/O
                         net (fo=1, routed)           0.337    20.278    rv64im72f_5sp/program_counter/pc[12]_rep_i_1__3_n_0
    SLICE_X51Y86         FDCE                                         r  rv64im72f_5sp/program_counter/pc_reg[12]_rep__3/D
  -------------------------------------------------------------------    -------------------

                         (clock clk_out1_clk_wiz_0_1 rise edge)
                                                     23.256    23.256 r  
    R4                                                0.000    23.256 r  clk (IN)
                         net (fo=0)                   0.000    23.256    clk_gen/inst/clk_in1
    R4                   IBUF (Prop_ibuf_I_O)         1.405    24.660 r  clk_gen/inst/clkin1_ibufg/O
                         net (fo=1, routed)           1.181    25.841    clk_gen/inst/clk_in1_clk_wiz_0
    PLLE2_ADV_X1Y2       PLLE2_ADV (Prop_plle2_adv_CLKIN1_CLKOUT0)
                                                     -8.206    17.636 r  clk_gen/inst/plle2_adv_inst/CLKOUT0
                         net (fo=1, routed)           1.718    19.354    clk_gen/inst/clk_out1_clk_wiz_0
    BUFGCTRL_X0Y0        BUFG (Prop_bufg_I_O)         0.091    19.445 r  clk_gen/inst/clkout1_buf/O
                         net (fo=6346, routed)        1.710    21.155    rv64im72f_5sp/program_counter/clk_out1
    SLICE_X51Y86         FDCE                                         r  rv64im72f_5sp/program_counter/pc_reg[12]_rep__3/C
                         clock pessimism             -0.515    20.640    
                         clock uncertainty           -0.161    20.478    
    SLICE_X51Y86         FDCE (Setup_fdce_C_D)       -0.043    20.435    rv64im72f_5sp/program_counter/pc_reg[12]_rep__3
  -------------------------------------------------------------------
                         required time                         20.435    
                         arrival time                         -20.278    
  -------------------------------------------------------------------
                         slack                                  0.157    

Slack (MET) :             0.168ns  (required time - arrival time)
  Source:                 rv64im72f_5sp/ex_mem_register/MEM_alu_result_reg[4]_rep__31/C
                            (rising edge-triggered cell FDCE clocked by clk_out1_clk_wiz_0_1  {rise@0.000ns fall@11.628ns period=23.256ns})
  Destination:            rv64im72f_5sp/program_counter/pc_reg[7]_rep__9/D
                            (rising edge-triggered cell FDCE clocked by clk_out1_clk_wiz_0_1  {rise@0.000ns fall@11.628ns period=23.256ns})
  Path Group:             clk_out1_clk_wiz_0_1
  Path Type:              Setup (Max at Slow Process Corner)
  Requirement:            23.256ns  (clk_out1_clk_wiz_0_1 rise@23.256ns - clk_out1_clk_wiz_0_1 rise@0.000ns)
  Data Path Delay:        22.933ns  (logic 7.047ns (30.728%)  route 15.886ns (69.272%))
  Logic Levels:           34  (CARRY4=8 LUT2=2 LUT3=1 LUT4=1 LUT5=1 LUT6=18 MUXF7=3)
  Clock Path Skew:        0.052ns (DCD - SCD + CPR)
    Destination Clock Delay (DCD):    -2.105ns = ( 21.151 - 23.256 ) 
    Source Clock Delay      (SCD):    -2.672ns
    Clock Pessimism Removal (CPR):    -0.515ns
  Clock Uncertainty:      0.161ns  ((TSJ^2 + DJ^2)^1/2) / 2 + PE
    Total System Jitter     (TSJ):    0.071ns
    Discrete Jitter          (DJ):    0.315ns
    Phase Error              (PE):    0.000ns

    Location             Delay type                Incr(ns)  Path(ns)    Netlist Resource(s)
  -------------------------------------------------------------------    -------------------
                         (clock clk_out1_clk_wiz_0_1 rise edge)
                                                      0.000     0.000 r  
    R4                                                0.000     0.000 r  clk (IN)
                         net (fo=0)                   0.000     0.000    clk_gen/inst/clk_in1
    R4                   IBUF (Prop_ibuf_I_O)         1.475     1.475 r  clk_gen/inst/clkin1_ibufg/O
                         net (fo=1, routed)           1.253     2.728    clk_gen/inst/clk_in1_clk_wiz_0
    PLLE2_ADV_X1Y2       PLLE2_ADV (Prop_plle2_adv_CLKIN1_CLKOUT0)
                                                     -8.953    -6.225 r  clk_gen/inst/plle2_adv_inst/CLKOUT0
                         net (fo=1, routed)           1.802    -4.422    clk_gen/inst/clk_out1_clk_wiz_0
    BUFGCTRL_X0Y0        BUFG (Prop_bufg_I_O)         0.096    -4.326 r  clk_gen/inst/clkout1_buf/O
                         net (fo=6346, routed)        1.654    -2.672    rv64im72f_5sp/ex_mem_register/clk_out1
    SLICE_X51Y163        FDCE                                         r  rv64im72f_5sp/ex_mem_register/MEM_alu_result_reg[4]_rep__31/C
  -------------------------------------------------------------------    -------------------
    SLICE_X51Y163        FDCE (Prop_fdce_C_Q)         0.456    -2.216 r  rv64im72f_5sp/ex_mem_register/MEM_alu_result_reg[4]_rep__31/Q
                         net (fo=125, routed)         0.735    -1.481    rv64im72f_5sp/ex_mem_register/MEM_alu_result_reg[4]_rep__31_n_0
    SLICE_X47Y164        LUT2 (Prop_lut2_I0_O)        0.124    -1.357 f  rv64im72f_5sp/ex_mem_register/WB_byte_enable_logic_register_file_write_data[14]_i_147/O
                         net (fo=156, routed)         1.007    -0.349    rv64im72f_5sp/ex_mem_register/WB_byte_enable_logic_register_file_write_data[14]_i_147_n_0
    SLICE_X45Y170        LUT6 (Prop_lut6_I4_O)        0.124    -0.225 f  rv64im72f_5sp/ex_mem_register/i__carry__4_i_156/O
                         net (fo=1, routed)           0.000    -0.225    rv64im72f_5sp/ex_mem_register/i__carry__4_i_156_n_0
    SLICE_X45Y170        MUXF7 (Prop_muxf7_I1_O)      0.245     0.020 f  rv64im72f_5sp/ex_mem_register/i__carry__4_i_110/O
                         net (fo=1, routed)           0.697     0.717    rv64im72f_5sp/ex_mem_register/i__carry__4_i_110_n_0
    SLICE_X47Y166        LUT6 (Prop_lut6_I5_O)        0.298     1.015 f  rv64im72f_5sp/ex_mem_register/i__carry__4_i_76/O
                         net (fo=1, routed)           0.000     1.015    rv64im72f_5sp/ex_mem_register/i__carry__4_i_76_n_0
    SLICE_X47Y166        MUXF7 (Prop_muxf7_I0_O)      0.212     1.227 f  rv64im72f_5sp/ex_mem_register/i__carry__4_i_64/O
                         net (fo=2, routed)           1.030     2.257    rv64im72f_5sp/ex_mem_register/i__carry__4_i_64_n_0
    SLICE_X49Y152        LUT6 (Prop_lut6_I3_O)        0.299     2.556 f  rv64im72f_5sp/ex_mem_register/i__carry__4_i_59/O
                         net (fo=2, routed)           0.661     3.217    rv64im72f_5sp/ex_mem_register/i__carry__4_i_59_n_0
    SLICE_X50Y145        LUT6 (Prop_lut6_I0_O)        0.124     3.341 f  rv64im72f_5sp/ex_mem_register/i__carry__4_i_58/O
                         net (fo=1, routed)           0.985     4.326    rv64im72f_5sp/ex_mem_register/i__carry__4_i_58_n_0
    SLICE_X51Y130        LUT6 (Prop_lut6_I2_O)        0.124     4.450 f  rv64im72f_5sp/ex_mem_register/i__carry__4_i_57/O
                         net (fo=1, routed)           0.626     5.076    rv64im72f_5sp/ex_mem_register/i__carry__4_i_57_n_0
    SLICE_X51Y125        LUT6 (Prop_lut6_I2_O)        0.124     5.200 f  rv64im72f_5sp/ex_mem_register/i__carry__4_i_56/O
                         net (fo=1, routed)           0.525     5.725    rv64im72f_5sp/ex_mem_register/i__carry__4_i_56_n_0
    SLICE_X54Y122        LUT6 (Prop_lut6_I2_O)        0.124     5.849 f  rv64im72f_5sp/ex_mem_register/i__carry__4_i_48/O
                         net (fo=2, routed)           0.702     6.551    rv64im72f_5sp/ex_mem_register/rom_read_data[7]
    SLICE_X55Y119        LUT6 (Prop_lut6_I3_O)        0.124     6.675 f  rv64im72f_5sp/ex_mem_register/WB_byte_enable_logic_register_file_write_data[31]_i_5/O
                         net (fo=12, routed)          0.852     7.527    rv64im72f_5sp/ex_mem_register/WB_byte_enable_logic_register_file_write_data[31]_i_5_n_0
    SLICE_X55Y116        LUT6 (Prop_lut6_I1_O)        0.124     7.651 f  rv64im72f_5sp/ex_mem_register/i__carry__1_i_35/O
                         net (fo=1, routed)           0.640     8.291    rv64im72f_5sp/ex_mem_register/byte_enable_logic_register_file_write_data[9]
    SLICE_X55Y111        LUT6 (Prop_lut6_I3_O)        0.124     8.415 f  rv64im72f_5sp/ex_mem_register/i__carry__1_i_19/O
                         net (fo=3, routed)           0.319     8.734    rv64im72f_5sp/id_ex_register/divisor_reg[9]_i_2_0
    SLICE_X55Y109        LUT6 (Prop_lut6_I0_O)        0.124     8.858 f  rv64im72f_5sp/id_ex_register/divisor_reg[9]_i_4/O
                         net (fo=1, routed)           0.783     9.641    rv64im72f_5sp/id_ex_register/alu_forward_source_data_b[9]
    SLICE_X55Y105        LUT5 (Prop_lut5_I4_O)        0.124     9.765 r  rv64im72f_5sp/id_ex_register/divisor_reg[9]_i_2/O
                         net (fo=15, routed)          0.760    10.525    rv64im72f_5sp/id_ex_register/divisor_reg[11]_i_2_1[1]
    SLICE_X53Y98         LUT2 (Prop_lut2_I1_O)        0.124    10.649 r  rv64im72f_5sp/id_ex_register/MEM_alu_result[11]_i_18/O
                         net (fo=1, routed)           0.000    10.649    rv64im72f_5sp/id_ex_register/MEM_alu_result[11]_i_18_n_0
    SLICE_X53Y98         CARRY4 (Prop_carry4_S[1]_CO[3])
                                                      0.550    11.199 r  rv64im72f_5sp/id_ex_register/MEM_alu_result_reg[11]_i_15/CO[3]
                         net (fo=1, routed)           0.000    11.199    rv64im72f_5sp/id_ex_register/MEM_alu_result_reg[11]_i_15_n_0
    SLICE_X53Y99         CARRY4 (Prop_carry4_CI_CO[3])
                                                      0.114    11.313 r  rv64im72f_5sp/id_ex_register/MEM_alu_result_reg[15]_i_15/CO[3]
                         net (fo=1, routed)           0.001    11.313    rv64im72f_5sp/id_ex_register/MEM_alu_result_reg[15]_i_15_n_0
    SLICE_X53Y100        CARRY4 (Prop_carry4_CI_CO[3])
                                                      0.114    11.427 r  rv64im72f_5sp/id_ex_register/MEM_alu_result_reg[19]_i_17/CO[3]
                         net (fo=1, routed)           0.000    11.427    rv64im72f_5sp/id_ex_register/MEM_alu_result_reg[19]_i_17_n_0
    SLICE_X53Y101        CARRY4 (Prop_carry4_CI_CO[3])
                                                      0.114    11.541 r  rv64im72f_5sp/id_ex_register/MEM_alu_result_reg[23]_i_15/CO[3]
                         net (fo=1, routed)           0.000    11.541    rv64im72f_5sp/id_ex_register/MEM_alu_result_reg[23]_i_15_n_0
    SLICE_X53Y102        CARRY4 (Prop_carry4_CI_CO[3])
                                                      0.114    11.655 r  rv64im72f_5sp/id_ex_register/MEM_alu_result_reg[27]_i_15/CO[3]
                         net (fo=1, routed)           0.000    11.655    rv64im72f_5sp/id_ex_register/MEM_alu_result_reg[27]_i_15_n_0
    SLICE_X53Y103        CARRY4 (Prop_carry4_CI_O[3])
                                                      0.313    11.968 f  rv64im72f_5sp/id_ex_register/MEM_alu_result_reg[31]_i_17/O[3]
                         net (fo=1, routed)           0.480    12.448    rv64im72f_5sp/id_ex_register/alu/alu_word/data0[31]
    SLICE_X51Y103        LUT6 (Prop_lut6_I5_O)        0.306    12.754 f  rv64im72f_5sp/id_ex_register/MEM_alu_result[31]_i_10/O
                         net (fo=1, routed)           0.407    13.161    rv64im72f_5sp/id_ex_register/MEM_alu_result[31]_i_10_n_0
    SLICE_X51Y103        LUT6 (Prop_lut6_I0_O)        0.124    13.285 f  rv64im72f_5sp/id_ex_register/MEM_alu_result[31]_i_6/O
                         net (fo=1, routed)           0.000    13.285    rv64im72f_5sp/id_ex_register/MEM_alu_result[31]_i_6_n_0
    SLICE_X51Y103        MUXF7 (Prop_muxf7_I0_O)      0.212    13.497 f  rv64im72f_5sp/id_ex_register/MEM_alu_result_reg[31]_i_3/O
                         net (fo=2, routed)           1.163    14.661    rv64im72f_5sp/id_ex_register/alu/alu_word_result[31]
    SLICE_X49Y101        LUT6 (Prop_lut6_I2_O)        0.299    14.960 r  rv64im72f_5sp/id_ex_register/prediction_counter[1]_i_16/O
                         net (fo=1, routed)           0.513    15.472    rv64im72f_5sp/id_ex_register/prediction_counter[1]_i_16_n_0
    SLICE_X48Y93         LUT6 (Prop_lut6_I1_O)        0.124    15.596 r  rv64im72f_5sp/id_ex_register/prediction_counter[1]_i_7/O
                         net (fo=2, routed)           0.173    15.769    rv64im72f_5sp/id_ex_register/alu/alu_word_zero
    SLICE_X48Y93         LUT6 (Prop_lut6_I5_O)        0.124    15.893 r  rv64im72f_5sp/id_ex_register/prediction_counter[1]_i_3/O
                         net (fo=1, routed)           0.432    16.325    rv64im72f_5sp/id_ex_register/prediction_counter[1]_i_3_n_0
    SLICE_X48Y92         LUT6 (Prop_lut6_I2_O)        0.124    16.449 r  rv64im72f_5sp/id_ex_register/prediction_counter[1]_i_2/O
                         net (fo=101, routed)         0.856    17.305    rv64im72f_5sp/id_ex_register/EX_funct3_reg[0]_1
    SLICE_X49Y86         LUT3 (Prop_lut3_I2_O)        0.124    17.429 r  rv64im72f_5sp/id_ex_register/pc[3]_i_10/O
                         net (fo=1, routed)           0.000    17.429    rv64im72f_5sp/id_ex_register/pc[3]_i_10_n_0
    SLICE_X49Y86         CARRY4 (Prop_carry4_S[1]_CO[3])
                                                      0.550    17.979 r  rv64im72f_5sp/id_ex_register/pc_reg[3]_i_6/CO[3]
                         net (fo=1, routed)           0.000    17.979    rv64im72f_5sp/id_ex_register/pc_reg[3]_i_6_n_0
    SLICE_X49Y87         CARRY4 (Prop_carry4_CI_O[3])
                                                      0.313    18.292 r  rv64im72f_5sp/id_ex_register/pc_reg[7]_i_6/O[3]
                         net (fo=1, routed)           0.302    18.594    rv64im72f_5sp/id_ex_register/pc_reg[7]_i_6_n_4
    SLICE_X49Y85         LUT4 (Prop_lut4_I0_O)        0.306    18.900 r  rv64im72f_5sp/id_ex_register/pc[7]_i_3/O
                         net (fo=13, routed)          0.669    19.569    rv64im72f_5sp/program_counter/pc_reg[7]_0
    SLICE_X48Y81         LUT6 (Prop_lut6_I3_O)        0.124    19.693 r  rv64im72f_5sp/program_counter/pc[7]_rep_i_1__9/O
                         net (fo=1, routed)           0.568    20.261    rv64im72f_5sp/program_counter/pc[7]_rep_i_1__9_n_0
    SLICE_X48Y81         FDCE                                         r  rv64im72f_5sp/program_counter/pc_reg[7]_rep__9/D
  -------------------------------------------------------------------    -------------------

                         (clock clk_out1_clk_wiz_0_1 rise edge)
                                                     23.256    23.256 r  
    R4                                                0.000    23.256 r  clk (IN)
                         net (fo=0)                   0.000    23.256    clk_gen/inst/clk_in1
    R4                   IBUF (Prop_ibuf_I_O)         1.405    24.660 r  clk_gen/inst/clkin1_ibufg/O
                         net (fo=1, routed)           1.181    25.841    clk_gen/inst/clk_in1_clk_wiz_0
    PLLE2_ADV_X1Y2       PLLE2_ADV (Prop_plle2_adv_CLKIN1_CLKOUT0)
                                                     -8.206    17.636 r  clk_gen/inst/plle2_adv_inst/CLKOUT0
                         net (fo=1, routed)           1.718    19.354    clk_gen/inst/clk_out1_clk_wiz_0
    BUFGCTRL_X0Y0        BUFG (Prop_bufg_I_O)         0.091    19.445 r  clk_gen/inst/clkout1_buf/O
                         net (fo=6346, routed)        1.706    21.151    rv64im72f_5sp/program_counter/clk_out1
    SLICE_X48Y81         FDCE                                         r  rv64im72f_5sp/program_counter/pc_reg[7]_rep__9/C
                         clock pessimism             -0.515    20.636    
                         clock uncertainty           -0.161    20.474    
    SLICE_X48Y81         FDCE (Setup_fdce_C_D)       -0.045    20.429    rv64im72f_5sp/program_counter/pc_reg[7]_rep__9
  -------------------------------------------------------------------
                         required time                         20.429    
                         arrival time                         -20.261    
  -------------------------------------------------------------------
                         slack                                  0.168    

Slack (MET) :             0.186ns  (required time - arrival time)
  Source:                 rv64im72f_5sp/ex_mem_register/MEM_alu_result_reg[4]_rep__31/C
                            (rising edge-triggered cell FDCE clocked by clk_out1_clk_wiz_0_1  {rise@0.000ns fall@11.628ns period=23.256ns})
  Destination:            rv64im72f_5sp/program_counter/pc_reg[30]/D
                            (rising edge-triggered cell FDCE clocked by clk_out1_clk_wiz_0_1  {rise@0.000ns fall@11.628ns period=23.256ns})
  Path Group:             clk_out1_clk_wiz_0_1
  Path Type:              Setup (Max at Slow Process Corner)
  Requirement:            23.256ns  (clk_out1_clk_wiz_0_1 rise@23.256ns - clk_out1_clk_wiz_0_1 rise@0.000ns)
  Data Path Delay:        23.052ns  (logic 7.653ns (33.199%)  route 15.399ns (66.801%))
  Logic Levels:           40  (CARRY4=14 LUT2=2 LUT3=1 LUT4=1 LUT5=1 LUT6=18 MUXF7=3)
  Clock Path Skew:        0.062ns (DCD - SCD + CPR)
    Destination Clock Delay (DCD):    -2.095ns = ( 21.161 - 23.256 ) 
    Source Clock Delay      (SCD):    -2.672ns
    Clock Pessimism Removal (CPR):    -0.515ns
  Clock Uncertainty:      0.161ns  ((TSJ^2 + DJ^2)^1/2) / 2 + PE
    Total System Jitter     (TSJ):    0.071ns
    Discrete Jitter          (DJ):    0.315ns
    Phase Error              (PE):    0.000ns

    Location             Delay type                Incr(ns)  Path(ns)    Netlist Resource(s)
  -------------------------------------------------------------------    -------------------
                         (clock clk_out1_clk_wiz_0_1 rise edge)
                                                      0.000     0.000 r  
    R4                                                0.000     0.000 r  clk (IN)
                         net (fo=0)                   0.000     0.000    clk_gen/inst/clk_in1
    R4                   IBUF (Prop_ibuf_I_O)         1.475     1.475 r  clk_gen/inst/clkin1_ibufg/O
                         net (fo=1, routed)           1.253     2.728    clk_gen/inst/clk_in1_clk_wiz_0
    PLLE2_ADV_X1Y2       PLLE2_ADV (Prop_plle2_adv_CLKIN1_CLKOUT0)
                                                     -8.953    -6.225 r  clk_gen/inst/plle2_adv_inst/CLKOUT0
                         net (fo=1, routed)           1.802    -4.422    clk_gen/inst/clk_out1_clk_wiz_0
    BUFGCTRL_X0Y0        BUFG (Prop_bufg_I_O)         0.096    -4.326 r  clk_gen/inst/clkout1_buf/O
                         net (fo=6346, routed)        1.654    -2.672    rv64im72f_5sp/ex_mem_register/clk_out1
    SLICE_X51Y163        FDCE                                         r  rv64im72f_5sp/ex_mem_register/MEM_alu_result_reg[4]_rep__31/C
  -------------------------------------------------------------------    -------------------
    SLICE_X51Y163        FDCE (Prop_fdce_C_Q)         0.456    -2.216 r  rv64im72f_5sp/ex_mem_register/MEM_alu_result_reg[4]_rep__31/Q
                         net (fo=125, routed)         0.735    -1.481    rv64im72f_5sp/ex_mem_register/MEM_alu_result_reg[4]_rep__31_n_0
    SLICE_X47Y164        LUT2 (Prop_lut2_I0_O)        0.124    -1.357 f  rv64im72f_5sp/ex_mem_register/WB_byte_enable_logic_register_file_write_data[14]_i_147/O
                         net (fo=156, routed)         1.007    -0.349    rv64im72f_5sp/ex_mem_register/WB_byte_enable_logic_register_file_write_data[14]_i_147_n_0
    SLICE_X45Y170        LUT6 (Prop_lut6_I4_O)        0.124    -0.225 f  rv64im72f_5sp/ex_mem_register/i__carry__4_i_156/O
                         net (fo=1, routed)           0.000    -0.225    rv64im72f_5sp/ex_mem_register/i__carry__4_i_156_n_0
    SLICE_X45Y170        MUXF7 (Prop_muxf7_I1_O)      0.245     0.020 f  rv64im72f_5sp/ex_mem_register/i__carry__4_i_110/O
                         net (fo=1, routed)           0.697     0.717    rv64im72f_5sp/ex_mem_register/i__carry__4_i_110_n_0
    SLICE_X47Y166        LUT6 (Prop_lut6_I5_O)        0.298     1.015 f  rv64im72f_5sp/ex_mem_register/i__carry__4_i_76/O
                         net (fo=1, routed)           0.000     1.015    rv64im72f_5sp/ex_mem_register/i__carry__4_i_76_n_0
    SLICE_X47Y166        MUXF7 (Prop_muxf7_I0_O)      0.212     1.227 f  rv64im72f_5sp/ex_mem_register/i__carry__4_i_64/O
                         net (fo=2, routed)           1.030     2.257    rv64im72f_5sp/ex_mem_register/i__carry__4_i_64_n_0
    SLICE_X49Y152        LUT6 (Prop_lut6_I3_O)        0.299     2.556 f  rv64im72f_5sp/ex_mem_register/i__carry__4_i_59/O
                         net (fo=2, routed)           0.661     3.217    rv64im72f_5sp/ex_mem_register/i__carry__4_i_59_n_0
    SLICE_X50Y145        LUT6 (Prop_lut6_I0_O)        0.124     3.341 f  rv64im72f_5sp/ex_mem_register/i__carry__4_i_58/O
                         net (fo=1, routed)           0.985     4.326    rv64im72f_5sp/ex_mem_register/i__carry__4_i_58_n_0
    SLICE_X51Y130        LUT6 (Prop_lut6_I2_O)        0.124     4.450 f  rv64im72f_5sp/ex_mem_register/i__carry__4_i_57/O
                         net (fo=1, routed)           0.626     5.076    rv64im72f_5sp/ex_mem_register/i__carry__4_i_57_n_0
    SLICE_X51Y125        LUT6 (Prop_lut6_I2_O)        0.124     5.200 f  rv64im72f_5sp/ex_mem_register/i__carry__4_i_56/O
                         net (fo=1, routed)           0.525     5.725    rv64im72f_5sp/ex_mem_register/i__carry__4_i_56_n_0
    SLICE_X54Y122        LUT6 (Prop_lut6_I2_O)        0.124     5.849 f  rv64im72f_5sp/ex_mem_register/i__carry__4_i_48/O
                         net (fo=2, routed)           0.702     6.551    rv64im72f_5sp/ex_mem_register/rom_read_data[7]
    SLICE_X55Y119        LUT6 (Prop_lut6_I3_O)        0.124     6.675 f  rv64im72f_5sp/ex_mem_register/WB_byte_enable_logic_register_file_write_data[31]_i_5/O
                         net (fo=12, routed)          0.852     7.527    rv64im72f_5sp/ex_mem_register/WB_byte_enable_logic_register_file_write_data[31]_i_5_n_0
    SLICE_X55Y116        LUT6 (Prop_lut6_I1_O)        0.124     7.651 f  rv64im72f_5sp/ex_mem_register/i__carry__1_i_35/O
                         net (fo=1, routed)           0.640     8.291    rv64im72f_5sp/ex_mem_register/byte_enable_logic_register_file_write_data[9]
    SLICE_X55Y111        LUT6 (Prop_lut6_I3_O)        0.124     8.415 f  rv64im72f_5sp/ex_mem_register/i__carry__1_i_19/O
                         net (fo=3, routed)           0.319     8.734    rv64im72f_5sp/id_ex_register/divisor_reg[9]_i_2_0
    SLICE_X55Y109        LUT6 (Prop_lut6_I0_O)        0.124     8.858 f  rv64im72f_5sp/id_ex_register/divisor_reg[9]_i_4/O
                         net (fo=1, routed)           0.783     9.641    rv64im72f_5sp/id_ex_register/alu_forward_source_data_b[9]
    SLICE_X55Y105        LUT5 (Prop_lut5_I4_O)        0.124     9.765 r  rv64im72f_5sp/id_ex_register/divisor_reg[9]_i_2/O
                         net (fo=15, routed)          0.760    10.525    rv64im72f_5sp/id_ex_register/divisor_reg[11]_i_2_1[1]
    SLICE_X53Y98         LUT2 (Prop_lut2_I1_O)        0.124    10.649 r  rv64im72f_5sp/id_ex_register/MEM_alu_result[11]_i_18/O
                         net (fo=1, routed)           0.000    10.649    rv64im72f_5sp/id_ex_register/MEM_alu_result[11]_i_18_n_0
    SLICE_X53Y98         CARRY4 (Prop_carry4_S[1]_CO[3])
                                                      0.550    11.199 r  rv64im72f_5sp/id_ex_register/MEM_alu_result_reg[11]_i_15/CO[3]
                         net (fo=1, routed)           0.000    11.199    rv64im72f_5sp/id_ex_register/MEM_alu_result_reg[11]_i_15_n_0
    SLICE_X53Y99         CARRY4 (Prop_carry4_CI_CO[3])
                                                      0.114    11.313 r  rv64im72f_5sp/id_ex_register/MEM_alu_result_reg[15]_i_15/CO[3]
                         net (fo=1, routed)           0.001    11.313    rv64im72f_5sp/id_ex_register/MEM_alu_result_reg[15]_i_15_n_0
    SLICE_X53Y100        CARRY4 (Prop_carry4_CI_CO[3])
                                                      0.114    11.427 r  rv64im72f_5sp/id_ex_register/MEM_alu_result_reg[19]_i_17/CO[3]
                         net (fo=1, routed)           0.000    11.427    rv64im72f_5sp/id_ex_register/MEM_alu_result_reg[19]_i_17_n_0
    SLICE_X53Y101        CARRY4 (Prop_carry4_CI_CO[3])
                                                      0.114    11.541 r  rv64im72f_5sp/id_ex_register/MEM_alu_result_reg[23]_i_15/CO[3]
                         net (fo=1, routed)           0.000    11.541    rv64im72f_5sp/id_ex_register/MEM_alu_result_reg[23]_i_15_n_0
    SLICE_X53Y102        CARRY4 (Prop_carry4_CI_CO[3])
                                                      0.114    11.655 r  rv64im72f_5sp/id_ex_register/MEM_alu_result_reg[27]_i_15/CO[3]
                         net (fo=1, routed)           0.000    11.655    rv64im72f_5sp/id_ex_register/MEM_alu_result_reg[27]_i_15_n_0
    SLICE_X53Y103        CARRY4 (Prop_carry4_CI_O[3])
                                                      0.313    11.968 f  rv64im72f_5sp/id_ex_register/MEM_alu_result_reg[31]_i_17/O[3]
                         net (fo=1, routed)           0.480    12.448    rv64im72f_5sp/id_ex_register/alu/alu_word/data0[31]
    SLICE_X51Y103        LUT6 (Prop_lut6_I5_O)        0.306    12.754 f  rv64im72f_5sp/id_ex_register/MEM_alu_result[31]_i_10/O
                         net (fo=1, routed)           0.407    13.161    rv64im72f_5sp/id_ex_register/MEM_alu_result[31]_i_10_n_0
    SLICE_X51Y103        LUT6 (Prop_lut6_I0_O)        0.124    13.285 f  rv64im72f_5sp/id_ex_register/MEM_alu_result[31]_i_6/O
                         net (fo=1, routed)           0.000    13.285    rv64im72f_5sp/id_ex_register/MEM_alu_result[31]_i_6_n_0
    SLICE_X51Y103        MUXF7 (Prop_muxf7_I0_O)      0.212    13.497 f  rv64im72f_5sp/id_ex_register/MEM_alu_result_reg[31]_i_3/O
                         net (fo=2, routed)           1.163    14.661    rv64im72f_5sp/id_ex_register/alu/alu_word_result[31]
    SLICE_X49Y101        LUT6 (Prop_lut6_I2_O)        0.299    14.960 r  rv64im72f_5sp/id_ex_register/prediction_counter[1]_i_16/O
                         net (fo=1, routed)           0.513    15.472    rv64im72f_5sp/id_ex_register/prediction_counter[1]_i_16_n_0
    SLICE_X48Y93         LUT6 (Prop_lut6_I1_O)        0.124    15.596 r  rv64im72f_5sp/id_ex_register/prediction_counter[1]_i_7/O
                         net (fo=2, routed)           0.173    15.769    rv64im72f_5sp/id_ex_register/alu/alu_word_zero
    SLICE_X48Y93         LUT6 (Prop_lut6_I5_O)        0.124    15.893 r  rv64im72f_5sp/id_ex_register/prediction_counter[1]_i_3/O
                         net (fo=1, routed)           0.432    16.325    rv64im72f_5sp/id_ex_register/prediction_counter[1]_i_3_n_0
    SLICE_X48Y92         LUT6 (Prop_lut6_I2_O)        0.124    16.449 r  rv64im72f_5sp/id_ex_register/prediction_counter[1]_i_2/O
                         net (fo=101, routed)         0.856    17.305    rv64im72f_5sp/id_ex_register/EX_funct3_reg[0]_1
    SLICE_X49Y86         LUT3 (Prop_lut3_I2_O)        0.124    17.429 r  rv64im72f_5sp/id_ex_register/pc[3]_i_10/O
                         net (fo=1, routed)           0.000    17.429    rv64im72f_5sp/id_ex_register/pc[3]_i_10_n_0
    SLICE_X49Y86         CARRY4 (Prop_carry4_S[1]_CO[3])
                                                      0.550    17.979 r  rv64im72f_5sp/id_ex_register/pc_reg[3]_i_6/CO[3]
                         net (fo=1, routed)           0.000    17.979    rv64im72f_5sp/id_ex_register/pc_reg[3]_i_6_n_0
    SLICE_X49Y87         CARRY4 (Prop_carry4_CI_CO[3])
                                                      0.114    18.093 r  rv64im72f_5sp/id_ex_register/pc_reg[7]_i_6/CO[3]
                         net (fo=1, routed)           0.000    18.093    rv64im72f_5sp/id_ex_register/pc_reg[7]_i_6_n_0
    SLICE_X49Y88         CARRY4 (Prop_carry4_CI_CO[3])
                                                      0.114    18.207 r  rv64im72f_5sp/id_ex_register/pc_reg[11]_i_6/CO[3]
                         net (fo=1, routed)           0.000    18.207    rv64im72f_5sp/id_ex_register/pc_reg[11]_i_6_n_0
    SLICE_X49Y89         CARRY4 (Prop_carry4_CI_CO[3])
                                                      0.114    18.321 r  rv64im72f_5sp/id_ex_register/pc_reg[15]_i_6/CO[3]
                         net (fo=1, routed)           0.000    18.321    rv64im72f_5sp/id_ex_register/pc_reg[15]_i_6_n_0
    SLICE_X49Y90         CARRY4 (Prop_carry4_CI_CO[3])
                                                      0.114    18.435 r  rv64im72f_5sp/id_ex_register/pc_reg[19]_i_6/CO[3]
                         net (fo=1, routed)           0.000    18.435    rv64im72f_5sp/id_ex_register/pc_reg[19]_i_6_n_0
    SLICE_X49Y91         CARRY4 (Prop_carry4_CI_CO[3])
                                                      0.114    18.549 r  rv64im72f_5sp/id_ex_register/pc_reg[23]_i_6/CO[3]
                         net (fo=1, routed)           0.000    18.549    rv64im72f_5sp/id_ex_register/pc_reg[23]_i_6_n_0
    SLICE_X49Y92         CARRY4 (Prop_carry4_CI_CO[3])
                                                      0.114    18.663 r  rv64im72f_5sp/id_ex_register/pc_reg[27]_i_6/CO[3]
                         net (fo=1, routed)           0.000    18.663    rv64im72f_5sp/id_ex_register/pc_reg[27]_i_6_n_0
    SLICE_X49Y93         CARRY4 (Prop_carry4_CI_O[2])
                                                      0.239    18.902 r  rv64im72f_5sp/id_ex_register/pc_reg[31]_i_8/O[2]
                         net (fo=1, routed)           0.511    19.413    rv64im72f_5sp/id_ex_register/pc_reg[31]_i_8_n_5
    SLICE_X46Y94         LUT4 (Prop_lut4_I0_O)        0.302    19.715 r  rv64im72f_5sp/id_ex_register/pc[30]_i_3/O
                         net (fo=1, routed)           0.541    20.256    rv64im72f_5sp/program_counter/pc_reg[30]_0
    SLICE_X46Y94         LUT6 (Prop_lut6_I3_O)        0.124    20.380 r  rv64im72f_5sp/program_counter/pc[30]_i_1/O
                         net (fo=1, routed)           0.000    20.380    rv64im72f_5sp/program_counter/next_pc[30]
    SLICE_X46Y94         FDCE                                         r  rv64im72f_5sp/program_counter/pc_reg[30]/D
  -------------------------------------------------------------------    -------------------

                         (clock clk_out1_clk_wiz_0_1 rise edge)
                                                     23.256    23.256 r  
    R4                                                0.000    23.256 r  clk (IN)
                         net (fo=0)                   0.000    23.256    clk_gen/inst/clk_in1
    R4                   IBUF (Prop_ibuf_I_O)         1.405    24.660 r  clk_gen/inst/clkin1_ibufg/O
                         net (fo=1, routed)           1.181    25.841    clk_gen/inst/clk_in1_clk_wiz_0
    PLLE2_ADV_X1Y2       PLLE2_ADV (Prop_plle2_adv_CLKIN1_CLKOUT0)
                                                     -8.206    17.636 r  clk_gen/inst/plle2_adv_inst/CLKOUT0
                         net (fo=1, routed)           1.718    19.354    clk_gen/inst/clk_out1_clk_wiz_0
    BUFGCTRL_X0Y0        BUFG (Prop_bufg_I_O)         0.091    19.445 r  clk_gen/inst/clkout1_buf/O
                         net (fo=6346, routed)        1.716    21.161    rv64im72f_5sp/program_counter/clk_out1
    SLICE_X46Y94         FDCE                                         r  rv64im72f_5sp/program_counter/pc_reg[30]/C
                         clock pessimism             -0.515    20.646    
                         clock uncertainty           -0.161    20.484    
    SLICE_X46Y94         FDCE (Setup_fdce_C_D)        0.081    20.565    rv64im72f_5sp/program_counter/pc_reg[30]
  -------------------------------------------------------------------
                         required time                         20.565    
                         arrival time                         -20.380    
  -------------------------------------------------------------------
                         slack                                  0.186    

Slack (MET) :             0.190ns  (required time - arrival time)
  Source:                 rv64im72f_5sp/ex_mem_register/MEM_alu_result_reg[4]_rep__31/C
                            (rising edge-triggered cell FDCE clocked by clk_out1_clk_wiz_0_1  {rise@0.000ns fall@11.628ns period=23.256ns})
  Destination:            rv64im72f_5sp/program_counter/pc_reg[5]_rep__4/D
                            (rising edge-triggered cell FDCE clocked by clk_out1_clk_wiz_0_1  {rise@0.000ns fall@11.628ns period=23.256ns})
  Path Group:             clk_out1_clk_wiz_0_1
  Path Type:              Setup (Max at Slow Process Corner)
  Requirement:            23.256ns  (clk_out1_clk_wiz_0_1 rise@23.256ns - clk_out1_clk_wiz_0_1 rise@0.000ns)
  Data Path Delay:        22.899ns  (logic 7.065ns (30.853%)  route 15.834ns (69.147%))
  Logic Levels:           34  (CARRY4=8 LUT2=2 LUT3=1 LUT4=1 LUT5=1 LUT6=18 MUXF7=3)
  Clock Path Skew:        0.056ns (DCD - SCD + CPR)
    Destination Clock Delay (DCD):    -2.101ns = ( 21.155 - 23.256 ) 
    Source Clock Delay      (SCD):    -2.672ns
    Clock Pessimism Removal (CPR):    -0.515ns
  Clock Uncertainty:      0.161ns  ((TSJ^2 + DJ^2)^1/2) / 2 + PE
    Total System Jitter     (TSJ):    0.071ns
    Discrete Jitter          (DJ):    0.315ns
    Phase Error              (PE):    0.000ns

    Location             Delay type                Incr(ns)  Path(ns)    Netlist Resource(s)
  -------------------------------------------------------------------    -------------------
                         (clock clk_out1_clk_wiz_0_1 rise edge)
                                                      0.000     0.000 r  
    R4                                                0.000     0.000 r  clk (IN)
                         net (fo=0)                   0.000     0.000    clk_gen/inst/clk_in1
    R4                   IBUF (Prop_ibuf_I_O)         1.475     1.475 r  clk_gen/inst/clkin1_ibufg/O
                         net (fo=1, routed)           1.253     2.728    clk_gen/inst/clk_in1_clk_wiz_0
    PLLE2_ADV_X1Y2       PLLE2_ADV (Prop_plle2_adv_CLKIN1_CLKOUT0)
                                                     -8.953    -6.225 r  clk_gen/inst/plle2_adv_inst/CLKOUT0
                         net (fo=1, routed)           1.802    -4.422    clk_gen/inst/clk_out1_clk_wiz_0
    BUFGCTRL_X0Y0        BUFG (Prop_bufg_I_O)         0.096    -4.326 r  clk_gen/inst/clkout1_buf/O
                         net (fo=6346, routed)        1.654    -2.672    rv64im72f_5sp/ex_mem_register/clk_out1
    SLICE_X51Y163        FDCE                                         r  rv64im72f_5sp/ex_mem_register/MEM_alu_result_reg[4]_rep__31/C
  -------------------------------------------------------------------    -------------------
    SLICE_X51Y163        FDCE (Prop_fdce_C_Q)         0.456    -2.216 r  rv64im72f_5sp/ex_mem_register/MEM_alu_result_reg[4]_rep__31/Q
                         net (fo=125, routed)         0.735    -1.481    rv64im72f_5sp/ex_mem_register/MEM_alu_result_reg[4]_rep__31_n_0
    SLICE_X47Y164        LUT2 (Prop_lut2_I0_O)        0.124    -1.357 f  rv64im72f_5sp/ex_mem_register/WB_byte_enable_logic_register_file_write_data[14]_i_147/O
                         net (fo=156, routed)         1.007    -0.349    rv64im72f_5sp/ex_mem_register/WB_byte_enable_logic_register_file_write_data[14]_i_147_n_0
    SLICE_X45Y170        LUT6 (Prop_lut6_I4_O)        0.124    -0.225 f  rv64im72f_5sp/ex_mem_register/i__carry__4_i_156/O
                         net (fo=1, routed)           0.000    -0.225    rv64im72f_5sp/ex_mem_register/i__carry__4_i_156_n_0
    SLICE_X45Y170        MUXF7 (Prop_muxf7_I1_O)      0.245     0.020 f  rv64im72f_5sp/ex_mem_register/i__carry__4_i_110/O
                         net (fo=1, routed)           0.697     0.717    rv64im72f_5sp/ex_mem_register/i__carry__4_i_110_n_0
    SLICE_X47Y166        LUT6 (Prop_lut6_I5_O)        0.298     1.015 f  rv64im72f_5sp/ex_mem_register/i__carry__4_i_76/O
                         net (fo=1, routed)           0.000     1.015    rv64im72f_5sp/ex_mem_register/i__carry__4_i_76_n_0
    SLICE_X47Y166        MUXF7 (Prop_muxf7_I0_O)      0.212     1.227 f  rv64im72f_5sp/ex_mem_register/i__carry__4_i_64/O
                         net (fo=2, routed)           1.030     2.257    rv64im72f_5sp/ex_mem_register/i__carry__4_i_64_n_0
    SLICE_X49Y152        LUT6 (Prop_lut6_I3_O)        0.299     2.556 f  rv64im72f_5sp/ex_mem_register/i__carry__4_i_59/O
                         net (fo=2, routed)           0.661     3.217    rv64im72f_5sp/ex_mem_register/i__carry__4_i_59_n_0
    SLICE_X50Y145        LUT6 (Prop_lut6_I0_O)        0.124     3.341 f  rv64im72f_5sp/ex_mem_register/i__carry__4_i_58/O
                         net (fo=1, routed)           0.985     4.326    rv64im72f_5sp/ex_mem_register/i__carry__4_i_58_n_0
    SLICE_X51Y130        LUT6 (Prop_lut6_I2_O)        0.124     4.450 f  rv64im72f_5sp/ex_mem_register/i__carry__4_i_57/O
                         net (fo=1, routed)           0.626     5.076    rv64im72f_5sp/ex_mem_register/i__carry__4_i_57_n_0
    SLICE_X51Y125        LUT6 (Prop_lut6_I2_O)        0.124     5.200 f  rv64im72f_5sp/ex_mem_register/i__carry__4_i_56/O
                         net (fo=1, routed)           0.525     5.725    rv64im72f_5sp/ex_mem_register/i__carry__4_i_56_n_0
    SLICE_X54Y122        LUT6 (Prop_lut6_I2_O)        0.124     5.849 f  rv64im72f_5sp/ex_mem_register/i__carry__4_i_48/O
                         net (fo=2, routed)           0.702     6.551    rv64im72f_5sp/ex_mem_register/rom_read_data[7]
    SLICE_X55Y119        LUT6 (Prop_lut6_I3_O)        0.124     6.675 f  rv64im72f_5sp/ex_mem_register/WB_byte_enable_logic_register_file_write_data[31]_i_5/O
                         net (fo=12, routed)          0.852     7.527    rv64im72f_5sp/ex_mem_register/WB_byte_enable_logic_register_file_write_data[31]_i_5_n_0
    SLICE_X55Y116        LUT6 (Prop_lut6_I1_O)        0.124     7.651 f  rv64im72f_5sp/ex_mem_register/i__carry__1_i_35/O
                         net (fo=1, routed)           0.640     8.291    rv64im72f_5sp/ex_mem_register/byte_enable_logic_register_file_write_data[9]
    SLICE_X55Y111        LUT6 (Prop_lut6_I3_O)        0.124     8.415 f  rv64im72f_5sp/ex_mem_register/i__carry__1_i_19/O
                         net (fo=3, routed)           0.319     8.734    rv64im72f_5sp/id_ex_register/divisor_reg[9]_i_2_0
    SLICE_X55Y109        LUT6 (Prop_lut6_I0_O)        0.124     8.858 f  rv64im72f_5sp/id_ex_register/divisor_reg[9]_i_4/O
                         net (fo=1, routed)           0.783     9.641    rv64im72f_5sp/id_ex_register/alu_forward_source_data_b[9]
    SLICE_X55Y105        LUT5 (Prop_lut5_I4_O)        0.124     9.765 r  rv64im72f_5sp/id_ex_register/divisor_reg[9]_i_2/O
                         net (fo=15, routed)          0.760    10.525    rv64im72f_5sp/id_ex_register/divisor_reg[11]_i_2_1[1]
    SLICE_X53Y98         LUT2 (Prop_lut2_I1_O)        0.124    10.649 r  rv64im72f_5sp/id_ex_register/MEM_alu_result[11]_i_18/O
                         net (fo=1, routed)           0.000    10.649    rv64im72f_5sp/id_ex_register/MEM_alu_result[11]_i_18_n_0
    SLICE_X53Y98         CARRY4 (Prop_carry4_S[1]_CO[3])
                                                      0.550    11.199 r  rv64im72f_5sp/id_ex_register/MEM_alu_result_reg[11]_i_15/CO[3]
                         net (fo=1, routed)           0.000    11.199    rv64im72f_5sp/id_ex_register/MEM_alu_result_reg[11]_i_15_n_0
    SLICE_X53Y99         CARRY4 (Prop_carry4_CI_CO[3])
                                                      0.114    11.313 r  rv64im72f_5sp/id_ex_register/MEM_alu_result_reg[15]_i_15/CO[3]
                         net (fo=1, routed)           0.001    11.313    rv64im72f_5sp/id_ex_register/MEM_alu_result_reg[15]_i_15_n_0
    SLICE_X53Y100        CARRY4 (Prop_carry4_CI_CO[3])
                                                      0.114    11.427 r  rv64im72f_5sp/id_ex_register/MEM_alu_result_reg[19]_i_17/CO[3]
                         net (fo=1, routed)           0.000    11.427    rv64im72f_5sp/id_ex_register/MEM_alu_result_reg[19]_i_17_n_0
    SLICE_X53Y101        CARRY4 (Prop_carry4_CI_CO[3])
                                                      0.114    11.541 r  rv64im72f_5sp/id_ex_register/MEM_alu_result_reg[23]_i_15/CO[3]
                         net (fo=1, routed)           0.000    11.541    rv64im72f_5sp/id_ex_register/MEM_alu_result_reg[23]_i_15_n_0
    SLICE_X53Y102        CARRY4 (Prop_carry4_CI_CO[3])
                                                      0.114    11.655 r  rv64im72f_5sp/id_ex_register/MEM_alu_result_reg[27]_i_15/CO[3]
                         net (fo=1, routed)           0.000    11.655    rv64im72f_5sp/id_ex_register/MEM_alu_result_reg[27]_i_15_n_0
    SLICE_X53Y103        CARRY4 (Prop_carry4_CI_O[3])
                                                      0.313    11.968 f  rv64im72f_5sp/id_ex_register/MEM_alu_result_reg[31]_i_17/O[3]
                         net (fo=1, routed)           0.480    12.448    rv64im72f_5sp/id_ex_register/alu/alu_word/data0[31]
    SLICE_X51Y103        LUT6 (Prop_lut6_I5_O)        0.306    12.754 f  rv64im72f_5sp/id_ex_register/MEM_alu_result[31]_i_10/O
                         net (fo=1, routed)           0.407    13.161    rv64im72f_5sp/id_ex_register/MEM_alu_result[31]_i_10_n_0
    SLICE_X51Y103        LUT6 (Prop_lut6_I0_O)        0.124    13.285 f  rv64im72f_5sp/id_ex_register/MEM_alu_result[31]_i_6/O
                         net (fo=1, routed)           0.000    13.285    rv64im72f_5sp/id_ex_register/MEM_alu_result[31]_i_6_n_0
    SLICE_X51Y103        MUXF7 (Prop_muxf7_I0_O)      0.212    13.497 f  rv64im72f_5sp/id_ex_register/MEM_alu_result_reg[31]_i_3/O
                         net (fo=2, routed)           1.163    14.661    rv64im72f_5sp/id_ex_register/alu/alu_word_result[31]
    SLICE_X49Y101        LUT6 (Prop_lut6_I2_O)        0.299    14.960 r  rv64im72f_5sp/id_ex_register/prediction_counter[1]_i_16/O
                         net (fo=1, routed)           0.513    15.472    rv64im72f_5sp/id_ex_register/prediction_counter[1]_i_16_n_0
    SLICE_X48Y93         LUT6 (Prop_lut6_I1_O)        0.124    15.596 r  rv64im72f_5sp/id_ex_register/prediction_counter[1]_i_7/O
                         net (fo=2, routed)           0.173    15.769    rv64im72f_5sp/id_ex_register/alu/alu_word_zero
    SLICE_X48Y93         LUT6 (Prop_lut6_I5_O)        0.124    15.893 r  rv64im72f_5sp/id_ex_register/prediction_counter[1]_i_3/O
                         net (fo=1, routed)           0.432    16.325    rv64im72f_5sp/id_ex_register/prediction_counter[1]_i_3_n_0
    SLICE_X48Y92         LUT6 (Prop_lut6_I2_O)        0.124    16.449 r  rv64im72f_5sp/id_ex_register/prediction_counter[1]_i_2/O
                         net (fo=101, routed)         0.856    17.305    rv64im72f_5sp/id_ex_register/EX_funct3_reg[0]_1
    SLICE_X49Y86         LUT3 (Prop_lut3_I2_O)        0.124    17.429 r  rv64im72f_5sp/id_ex_register/pc[3]_i_10/O
                         net (fo=1, routed)           0.000    17.429    rv64im72f_5sp/id_ex_register/pc[3]_i_10_n_0
    SLICE_X49Y86         CARRY4 (Prop_carry4_S[1]_CO[3])
                                                      0.550    17.979 r  rv64im72f_5sp/id_ex_register/pc_reg[3]_i_6/CO[3]
                         net (fo=1, routed)           0.000    17.979    rv64im72f_5sp/id_ex_register/pc_reg[3]_i_6_n_0
    SLICE_X49Y87         CARRY4 (Prop_carry4_CI_O[1])
                                                      0.334    18.313 r  rv64im72f_5sp/id_ex_register/pc_reg[7]_i_6/O[1]
                         net (fo=1, routed)           0.494    18.807    rv64im72f_5sp/id_ex_register/pc_reg[7]_i_6_n_6
    SLICE_X51Y87         LUT4 (Prop_lut4_I0_O)        0.303    19.110 r  rv64im72f_5sp/id_ex_register/pc[5]_i_3/O
                         net (fo=7, routed)           0.424    19.534    rv64im72f_5sp/program_counter/pc_reg[5]_0
    SLICE_X51Y86         LUT6 (Prop_lut6_I3_O)        0.124    19.658 r  rv64im72f_5sp/program_counter/pc[5]_rep_i_1__4/O
                         net (fo=1, routed)           0.568    20.227    rv64im72f_5sp/program_counter/pc[5]_rep_i_1__4_n_0
    SLICE_X51Y86         FDCE                                         r  rv64im72f_5sp/program_counter/pc_reg[5]_rep__4/D
  -------------------------------------------------------------------    -------------------

                         (clock clk_out1_clk_wiz_0_1 rise edge)
                                                     23.256    23.256 r  
    R4                                                0.000    23.256 r  clk (IN)
                         net (fo=0)                   0.000    23.256    clk_gen/inst/clk_in1
    R4                   IBUF (Prop_ibuf_I_O)         1.405    24.660 r  clk_gen/inst/clkin1_ibufg/O
                         net (fo=1, routed)           1.181    25.841    clk_gen/inst/clk_in1_clk_wiz_0
    PLLE2_ADV_X1Y2       PLLE2_ADV (Prop_plle2_adv_CLKIN1_CLKOUT0)
                                                     -8.206    17.636 r  clk_gen/inst/plle2_adv_inst/CLKOUT0
                         net (fo=1, routed)           1.718    19.354    clk_gen/inst/clk_out1_clk_wiz_0
    BUFGCTRL_X0Y0        BUFG (Prop_bufg_I_O)         0.091    19.445 r  clk_gen/inst/clkout1_buf/O
                         net (fo=6346, routed)        1.710    21.155    rv64im72f_5sp/program_counter/clk_out1
    SLICE_X51Y86         FDCE                                         r  rv64im72f_5sp/program_counter/pc_reg[5]_rep__4/C
                         clock pessimism             -0.515    20.640    
                         clock uncertainty           -0.161    20.478    
    SLICE_X51Y86         FDCE (Setup_fdce_C_D)       -0.062    20.416    rv64im72f_5sp/program_counter/pc_reg[5]_rep__4
  -------------------------------------------------------------------
                         required time                         20.416    
                         arrival time                         -20.227    
  -------------------------------------------------------------------
                         slack                                  0.190    

Slack (MET) :             0.197ns  (required time - arrival time)
  Source:                 rv64im72f_5sp/ex_mem_register/MEM_alu_result_reg[4]_rep__31/C
                            (rising edge-triggered cell FDCE clocked by clk_out1_clk_wiz_0_1  {rise@0.000ns fall@11.628ns period=23.256ns})
  Destination:            rv64im72f_5sp/program_counter/pc_reg[7]_rep__8/D
                            (rising edge-triggered cell FDCE clocked by clk_out1_clk_wiz_0_1  {rise@0.000ns fall@11.628ns period=23.256ns})
  Path Group:             clk_out1_clk_wiz_0_1
  Path Type:              Setup (Max at Slow Process Corner)
  Requirement:            23.256ns  (clk_out1_clk_wiz_0_1 rise@23.256ns - clk_out1_clk_wiz_0_1 rise@0.000ns)
  Data Path Delay:        22.934ns  (logic 7.047ns (30.728%)  route 15.887ns (69.272%))
  Logic Levels:           34  (CARRY4=8 LUT2=2 LUT3=1 LUT4=1 LUT5=1 LUT6=18 MUXF7=3)
  Clock Path Skew:        0.052ns (DCD - SCD + CPR)
    Destination Clock Delay (DCD):    -2.105ns = ( 21.151 - 23.256 ) 
    Source Clock Delay      (SCD):    -2.672ns
    Clock Pessimism Removal (CPR):    -0.515ns
  Clock Uncertainty:      0.161ns  ((TSJ^2 + DJ^2)^1/2) / 2 + PE
    Total System Jitter     (TSJ):    0.071ns
    Discrete Jitter          (DJ):    0.315ns
    Phase Error              (PE):    0.000ns

    Location             Delay type                Incr(ns)  Path(ns)    Netlist Resource(s)
  -------------------------------------------------------------------    -------------------
                         (clock clk_out1_clk_wiz_0_1 rise edge)
                                                      0.000     0.000 r  
    R4                                                0.000     0.000 r  clk (IN)
                         net (fo=0)                   0.000     0.000    clk_gen/inst/clk_in1
    R4                   IBUF (Prop_ibuf_I_O)         1.475     1.475 r  clk_gen/inst/clkin1_ibufg/O
                         net (fo=1, routed)           1.253     2.728    clk_gen/inst/clk_in1_clk_wiz_0
    PLLE2_ADV_X1Y2       PLLE2_ADV (Prop_plle2_adv_CLKIN1_CLKOUT0)
                                                     -8.953    -6.225 r  clk_gen/inst/plle2_adv_inst/CLKOUT0
                         net (fo=1, routed)           1.802    -4.422    clk_gen/inst/clk_out1_clk_wiz_0
    BUFGCTRL_X0Y0        BUFG (Prop_bufg_I_O)         0.096    -4.326 r  clk_gen/inst/clkout1_buf/O
                         net (fo=6346, routed)        1.654    -2.672    rv64im72f_5sp/ex_mem_register/clk_out1
    SLICE_X51Y163        FDCE                                         r  rv64im72f_5sp/ex_mem_register/MEM_alu_result_reg[4]_rep__31/C
  -------------------------------------------------------------------    -------------------
    SLICE_X51Y163        FDCE (Prop_fdce_C_Q)         0.456    -2.216 r  rv64im72f_5sp/ex_mem_register/MEM_alu_result_reg[4]_rep__31/Q
                         net (fo=125, routed)         0.735    -1.481    rv64im72f_5sp/ex_mem_register/MEM_alu_result_reg[4]_rep__31_n_0
    SLICE_X47Y164        LUT2 (Prop_lut2_I0_O)        0.124    -1.357 f  rv64im72f_5sp/ex_mem_register/WB_byte_enable_logic_register_file_write_data[14]_i_147/O
                         net (fo=156, routed)         1.007    -0.349    rv64im72f_5sp/ex_mem_register/WB_byte_enable_logic_register_file_write_data[14]_i_147_n_0
    SLICE_X45Y170        LUT6 (Prop_lut6_I4_O)        0.124    -0.225 f  rv64im72f_5sp/ex_mem_register/i__carry__4_i_156/O
                         net (fo=1, routed)           0.000    -0.225    rv64im72f_5sp/ex_mem_register/i__carry__4_i_156_n_0
    SLICE_X45Y170        MUXF7 (Prop_muxf7_I1_O)      0.245     0.020 f  rv64im72f_5sp/ex_mem_register/i__carry__4_i_110/O
                         net (fo=1, routed)           0.697     0.717    rv64im72f_5sp/ex_mem_register/i__carry__4_i_110_n_0
    SLICE_X47Y166        LUT6 (Prop_lut6_I5_O)        0.298     1.015 f  rv64im72f_5sp/ex_mem_register/i__carry__4_i_76/O
                         net (fo=1, routed)           0.000     1.015    rv64im72f_5sp/ex_mem_register/i__carry__4_i_76_n_0
    SLICE_X47Y166        MUXF7 (Prop_muxf7_I0_O)      0.212     1.227 f  rv64im72f_5sp/ex_mem_register/i__carry__4_i_64/O
                         net (fo=2, routed)           1.030     2.257    rv64im72f_5sp/ex_mem_register/i__carry__4_i_64_n_0
    SLICE_X49Y152        LUT6 (Prop_lut6_I3_O)        0.299     2.556 f  rv64im72f_5sp/ex_mem_register/i__carry__4_i_59/O
                         net (fo=2, routed)           0.661     3.217    rv64im72f_5sp/ex_mem_register/i__carry__4_i_59_n_0
    SLICE_X50Y145        LUT6 (Prop_lut6_I0_O)        0.124     3.341 f  rv64im72f_5sp/ex_mem_register/i__carry__4_i_58/O
                         net (fo=1, routed)           0.985     4.326    rv64im72f_5sp/ex_mem_register/i__carry__4_i_58_n_0
    SLICE_X51Y130        LUT6 (Prop_lut6_I2_O)        0.124     4.450 f  rv64im72f_5sp/ex_mem_register/i__carry__4_i_57/O
                         net (fo=1, routed)           0.626     5.076    rv64im72f_5sp/ex_mem_register/i__carry__4_i_57_n_0
    SLICE_X51Y125        LUT6 (Prop_lut6_I2_O)        0.124     5.200 f  rv64im72f_5sp/ex_mem_register/i__carry__4_i_56/O
                         net (fo=1, routed)           0.525     5.725    rv64im72f_5sp/ex_mem_register/i__carry__4_i_56_n_0
    SLICE_X54Y122        LUT6 (Prop_lut6_I2_O)        0.124     5.849 f  rv64im72f_5sp/ex_mem_register/i__carry__4_i_48/O
                         net (fo=2, routed)           0.702     6.551    rv64im72f_5sp/ex_mem_register/rom_read_data[7]
    SLICE_X55Y119        LUT6 (Prop_lut6_I3_O)        0.124     6.675 f  rv64im72f_5sp/ex_mem_register/WB_byte_enable_logic_register_file_write_data[31]_i_5/O
                         net (fo=12, routed)          0.852     7.527    rv64im72f_5sp/ex_mem_register/WB_byte_enable_logic_register_file_write_data[31]_i_5_n_0
    SLICE_X55Y116        LUT6 (Prop_lut6_I1_O)        0.124     7.651 f  rv64im72f_5sp/ex_mem_register/i__carry__1_i_35/O
                         net (fo=1, routed)           0.640     8.291    rv64im72f_5sp/ex_mem_register/byte_enable_logic_register_file_write_data[9]
    SLICE_X55Y111        LUT6 (Prop_lut6_I3_O)        0.124     8.415 f  rv64im72f_5sp/ex_mem_register/i__carry__1_i_19/O
                         net (fo=3, routed)           0.319     8.734    rv64im72f_5sp/id_ex_register/divisor_reg[9]_i_2_0
    SLICE_X55Y109        LUT6 (Prop_lut6_I0_O)        0.124     8.858 f  rv64im72f_5sp/id_ex_register/divisor_reg[9]_i_4/O
                         net (fo=1, routed)           0.783     9.641    rv64im72f_5sp/id_ex_register/alu_forward_source_data_b[9]
    SLICE_X55Y105        LUT5 (Prop_lut5_I4_O)        0.124     9.765 r  rv64im72f_5sp/id_ex_register/divisor_reg[9]_i_2/O
                         net (fo=15, routed)          0.760    10.525    rv64im72f_5sp/id_ex_register/divisor_reg[11]_i_2_1[1]
    SLICE_X53Y98         LUT2 (Prop_lut2_I1_O)        0.124    10.649 r  rv64im72f_5sp/id_ex_register/MEM_alu_result[11]_i_18/O
                         net (fo=1, routed)           0.000    10.649    rv64im72f_5sp/id_ex_register/MEM_alu_result[11]_i_18_n_0
    SLICE_X53Y98         CARRY4 (Prop_carry4_S[1]_CO[3])
                                                      0.550    11.199 r  rv64im72f_5sp/id_ex_register/MEM_alu_result_reg[11]_i_15/CO[3]
                         net (fo=1, routed)           0.000    11.199    rv64im72f_5sp/id_ex_register/MEM_alu_result_reg[11]_i_15_n_0
    SLICE_X53Y99         CARRY4 (Prop_carry4_CI_CO[3])
                                                      0.114    11.313 r  rv64im72f_5sp/id_ex_register/MEM_alu_result_reg[15]_i_15/CO[3]
                         net (fo=1, routed)           0.001    11.313    rv64im72f_5sp/id_ex_register/MEM_alu_result_reg[15]_i_15_n_0
    SLICE_X53Y100        CARRY4 (Prop_carry4_CI_CO[3])
                                                      0.114    11.427 r  rv64im72f_5sp/id_ex_register/MEM_alu_result_reg[19]_i_17/CO[3]
                         net (fo=1, routed)           0.000    11.427    rv64im72f_5sp/id_ex_register/MEM_alu_result_reg[19]_i_17_n_0
    SLICE_X53Y101        CARRY4 (Prop_carry4_CI_CO[3])
                                                      0.114    11.541 r  rv64im72f_5sp/id_ex_register/MEM_alu_result_reg[23]_i_15/CO[3]
                         net (fo=1, routed)           0.000    11.541    rv64im72f_5sp/id_ex_register/MEM_alu_result_reg[23]_i_15_n_0
    SLICE_X53Y102        CARRY4 (Prop_carry4_CI_CO[3])
                                                      0.114    11.655 r  rv64im72f_5sp/id_ex_register/MEM_alu_result_reg[27]_i_15/CO[3]
                         net (fo=1, routed)           0.000    11.655    rv64im72f_5sp/id_ex_register/MEM_alu_result_reg[27]_i_15_n_0
    SLICE_X53Y103        CARRY4 (Prop_carry4_CI_O[3])
                                                      0.313    11.968 f  rv64im72f_5sp/id_ex_register/MEM_alu_result_reg[31]_i_17/O[3]
                         net (fo=1, routed)           0.480    12.448    rv64im72f_5sp/id_ex_register/alu/alu_word/data0[31]
    SLICE_X51Y103        LUT6 (Prop_lut6_I5_O)        0.306    12.754 f  rv64im72f_5sp/id_ex_register/MEM_alu_result[31]_i_10/O
                         net (fo=1, routed)           0.407    13.161    rv64im72f_5sp/id_ex_register/MEM_alu_result[31]_i_10_n_0
    SLICE_X51Y103        LUT6 (Prop_lut6_I0_O)        0.124    13.285 f  rv64im72f_5sp/id_ex_register/MEM_alu_result[31]_i_6/O
                         net (fo=1, routed)           0.000    13.285    rv64im72f_5sp/id_ex_register/MEM_alu_result[31]_i_6_n_0
    SLICE_X51Y103        MUXF7 (Prop_muxf7_I0_O)      0.212    13.497 f  rv64im72f_5sp/id_ex_register/MEM_alu_result_reg[31]_i_3/O
                         net (fo=2, routed)           1.163    14.661    rv64im72f_5sp/id_ex_register/alu/alu_word_result[31]
    SLICE_X49Y101        LUT6 (Prop_lut6_I2_O)        0.299    14.960 r  rv64im72f_5sp/id_ex_register/prediction_counter[1]_i_16/O
                         net (fo=1, routed)           0.513    15.472    rv64im72f_5sp/id_ex_register/prediction_counter[1]_i_16_n_0
    SLICE_X48Y93         LUT6 (Prop_lut6_I1_O)        0.124    15.596 r  rv64im72f_5sp/id_ex_register/prediction_counter[1]_i_7/O
                         net (fo=2, routed)           0.173    15.769    rv64im72f_5sp/id_ex_register/alu/alu_word_zero
    SLICE_X48Y93         LUT6 (Prop_lut6_I5_O)        0.124    15.893 r  rv64im72f_5sp/id_ex_register/prediction_counter[1]_i_3/O
                         net (fo=1, routed)           0.432    16.325    rv64im72f_5sp/id_ex_register/prediction_counter[1]_i_3_n_0
    SLICE_X48Y92         LUT6 (Prop_lut6_I2_O)        0.124    16.449 r  rv64im72f_5sp/id_ex_register/prediction_counter[1]_i_2/O
                         net (fo=101, routed)         0.856    17.305    rv64im72f_5sp/id_ex_register/EX_funct3_reg[0]_1
    SLICE_X49Y86         LUT3 (Prop_lut3_I2_O)        0.124    17.429 r  rv64im72f_5sp/id_ex_register/pc[3]_i_10/O
                         net (fo=1, routed)           0.000    17.429    rv64im72f_5sp/id_ex_register/pc[3]_i_10_n_0
    SLICE_X49Y86         CARRY4 (Prop_carry4_S[1]_CO[3])
                                                      0.550    17.979 r  rv64im72f_5sp/id_ex_register/pc_reg[3]_i_6/CO[3]
                         net (fo=1, routed)           0.000    17.979    rv64im72f_5sp/id_ex_register/pc_reg[3]_i_6_n_0
    SLICE_X49Y87         CARRY4 (Prop_carry4_CI_O[3])
                                                      0.313    18.292 r  rv64im72f_5sp/id_ex_register/pc_reg[7]_i_6/O[3]
                         net (fo=1, routed)           0.302    18.594    rv64im72f_5sp/id_ex_register/pc_reg[7]_i_6_n_4
    SLICE_X49Y85         LUT4 (Prop_lut4_I0_O)        0.306    18.900 r  rv64im72f_5sp/id_ex_register/pc[7]_i_3/O
                         net (fo=13, routed)          0.859    19.758    rv64im72f_5sp/program_counter/pc_reg[7]_0
    SLICE_X48Y81         LUT6 (Prop_lut6_I3_O)        0.124    19.882 r  rv64im72f_5sp/program_counter/pc[7]_rep_i_1__8/O
                         net (fo=1, routed)           0.379    20.262    rv64im72f_5sp/program_counter/pc[7]_rep_i_1__8_n_0
    SLICE_X48Y81         FDCE                                         r  rv64im72f_5sp/program_counter/pc_reg[7]_rep__8/D
  -------------------------------------------------------------------    -------------------

                         (clock clk_out1_clk_wiz_0_1 rise edge)
                                                     23.256    23.256 r  
    R4                                                0.000    23.256 r  clk (IN)
                         net (fo=0)                   0.000    23.256    clk_gen/inst/clk_in1
    R4                   IBUF (Prop_ibuf_I_O)         1.405    24.660 r  clk_gen/inst/clkin1_ibufg/O
                         net (fo=1, routed)           1.181    25.841    clk_gen/inst/clk_in1_clk_wiz_0
    PLLE2_ADV_X1Y2       PLLE2_ADV (Prop_plle2_adv_CLKIN1_CLKOUT0)
                                                     -8.206    17.636 r  clk_gen/inst/plle2_adv_inst/CLKOUT0
                         net (fo=1, routed)           1.718    19.354    clk_gen/inst/clk_out1_clk_wiz_0
    BUFGCTRL_X0Y0        BUFG (Prop_bufg_I_O)         0.091    19.445 r  clk_gen/inst/clkout1_buf/O
                         net (fo=6346, routed)        1.706    21.151    rv64im72f_5sp/program_counter/clk_out1
    SLICE_X48Y81         FDCE                                         r  rv64im72f_5sp/program_counter/pc_reg[7]_rep__8/C
                         clock pessimism             -0.515    20.636    
                         clock uncertainty           -0.161    20.474    
    SLICE_X48Y81         FDCE (Setup_fdce_C_D)       -0.016    20.458    rv64im72f_5sp/program_counter/pc_reg[7]_rep__8
  -------------------------------------------------------------------
                         required time                         20.458    
                         arrival time                         -20.262    
  -------------------------------------------------------------------
                         slack                                  0.197    

Slack (MET) :             0.221ns  (required time - arrival time)
  Source:                 rv64im72f_5sp/ex_mem_register/MEM_alu_result_reg[4]_rep__31/C
                            (rising edge-triggered cell FDCE clocked by clk_out1_clk_wiz_0_1  {rise@0.000ns fall@11.628ns period=23.256ns})
  Destination:            rv64im72f_5sp/program_counter/pc_reg[5]_rep__0/D
                            (rising edge-triggered cell FDCE clocked by clk_out1_clk_wiz_0_1  {rise@0.000ns fall@11.628ns period=23.256ns})
  Path Group:             clk_out1_clk_wiz_0_1
  Path Type:              Setup (Max at Slow Process Corner)
  Requirement:            23.256ns  (clk_out1_clk_wiz_0_1 rise@23.256ns - clk_out1_clk_wiz_0_1 rise@0.000ns)
  Data Path Delay:        22.882ns  (logic 7.065ns (30.876%)  route 15.817ns (69.124%))
  Logic Levels:           34  (CARRY4=8 LUT2=2 LUT3=1 LUT4=1 LUT5=1 LUT6=18 MUXF7=3)
  Clock Path Skew:        0.056ns (DCD - SCD + CPR)
    Destination Clock Delay (DCD):    -2.101ns = ( 21.155 - 23.256 ) 
    Source Clock Delay      (SCD):    -2.672ns
    Clock Pessimism Removal (CPR):    -0.515ns
  Clock Uncertainty:      0.161ns  ((TSJ^2 + DJ^2)^1/2) / 2 + PE
    Total System Jitter     (TSJ):    0.071ns
    Discrete Jitter          (DJ):    0.315ns
    Phase Error              (PE):    0.000ns

    Location             Delay type                Incr(ns)  Path(ns)    Netlist Resource(s)
  -------------------------------------------------------------------    -------------------
                         (clock clk_out1_clk_wiz_0_1 rise edge)
                                                      0.000     0.000 r  
    R4                                                0.000     0.000 r  clk (IN)
                         net (fo=0)                   0.000     0.000    clk_gen/inst/clk_in1
    R4                   IBUF (Prop_ibuf_I_O)         1.475     1.475 r  clk_gen/inst/clkin1_ibufg/O
                         net (fo=1, routed)           1.253     2.728    clk_gen/inst/clk_in1_clk_wiz_0
    PLLE2_ADV_X1Y2       PLLE2_ADV (Prop_plle2_adv_CLKIN1_CLKOUT0)
                                                     -8.953    -6.225 r  clk_gen/inst/plle2_adv_inst/CLKOUT0
                         net (fo=1, routed)           1.802    -4.422    clk_gen/inst/clk_out1_clk_wiz_0
    BUFGCTRL_X0Y0        BUFG (Prop_bufg_I_O)         0.096    -4.326 r  clk_gen/inst/clkout1_buf/O
                         net (fo=6346, routed)        1.654    -2.672    rv64im72f_5sp/ex_mem_register/clk_out1
    SLICE_X51Y163        FDCE                                         r  rv64im72f_5sp/ex_mem_register/MEM_alu_result_reg[4]_rep__31/C
  -------------------------------------------------------------------    -------------------
    SLICE_X51Y163        FDCE (Prop_fdce_C_Q)         0.456    -2.216 r  rv64im72f_5sp/ex_mem_register/MEM_alu_result_reg[4]_rep__31/Q
                         net (fo=125, routed)         0.735    -1.481    rv64im72f_5sp/ex_mem_register/MEM_alu_result_reg[4]_rep__31_n_0
    SLICE_X47Y164        LUT2 (Prop_lut2_I0_O)        0.124    -1.357 f  rv64im72f_5sp/ex_mem_register/WB_byte_enable_logic_register_file_write_data[14]_i_147/O
                         net (fo=156, routed)         1.007    -0.349    rv64im72f_5sp/ex_mem_register/WB_byte_enable_logic_register_file_write_data[14]_i_147_n_0
    SLICE_X45Y170        LUT6 (Prop_lut6_I4_O)        0.124    -0.225 f  rv64im72f_5sp/ex_mem_register/i__carry__4_i_156/O
                         net (fo=1, routed)           0.000    -0.225    rv64im72f_5sp/ex_mem_register/i__carry__4_i_156_n_0
    SLICE_X45Y170        MUXF7 (Prop_muxf7_I1_O)      0.245     0.020 f  rv64im72f_5sp/ex_mem_register/i__carry__4_i_110/O
                         net (fo=1, routed)           0.697     0.717    rv64im72f_5sp/ex_mem_register/i__carry__4_i_110_n_0
    SLICE_X47Y166        LUT6 (Prop_lut6_I5_O)        0.298     1.015 f  rv64im72f_5sp/ex_mem_register/i__carry__4_i_76/O
                         net (fo=1, routed)           0.000     1.015    rv64im72f_5sp/ex_mem_register/i__carry__4_i_76_n_0
    SLICE_X47Y166        MUXF7 (Prop_muxf7_I0_O)      0.212     1.227 f  rv64im72f_5sp/ex_mem_register/i__carry__4_i_64/O
                         net (fo=2, routed)           1.030     2.257    rv64im72f_5sp/ex_mem_register/i__carry__4_i_64_n_0
    SLICE_X49Y152        LUT6 (Prop_lut6_I3_O)        0.299     2.556 f  rv64im72f_5sp/ex_mem_register/i__carry__4_i_59/O
                         net (fo=2, routed)           0.661     3.217    rv64im72f_5sp/ex_mem_register/i__carry__4_i_59_n_0
    SLICE_X50Y145        LUT6 (Prop_lut6_I0_O)        0.124     3.341 f  rv64im72f_5sp/ex_mem_register/i__carry__4_i_58/O
                         net (fo=1, routed)           0.985     4.326    rv64im72f_5sp/ex_mem_register/i__carry__4_i_58_n_0
    SLICE_X51Y130        LUT6 (Prop_lut6_I2_O)        0.124     4.450 f  rv64im72f_5sp/ex_mem_register/i__carry__4_i_57/O
                         net (fo=1, routed)           0.626     5.076    rv64im72f_5sp/ex_mem_register/i__carry__4_i_57_n_0
    SLICE_X51Y125        LUT6 (Prop_lut6_I2_O)        0.124     5.200 f  rv64im72f_5sp/ex_mem_register/i__carry__4_i_56/O
                         net (fo=1, routed)           0.525     5.725    rv64im72f_5sp/ex_mem_register/i__carry__4_i_56_n_0
    SLICE_X54Y122        LUT6 (Prop_lut6_I2_O)        0.124     5.849 f  rv64im72f_5sp/ex_mem_register/i__carry__4_i_48/O
                         net (fo=2, routed)           0.702     6.551    rv64im72f_5sp/ex_mem_register/rom_read_data[7]
    SLICE_X55Y119        LUT6 (Prop_lut6_I3_O)        0.124     6.675 f  rv64im72f_5sp/ex_mem_register/WB_byte_enable_logic_register_file_write_data[31]_i_5/O
                         net (fo=12, routed)          0.852     7.527    rv64im72f_5sp/ex_mem_register/WB_byte_enable_logic_register_file_write_data[31]_i_5_n_0
    SLICE_X55Y116        LUT6 (Prop_lut6_I1_O)        0.124     7.651 f  rv64im72f_5sp/ex_mem_register/i__carry__1_i_35/O
                         net (fo=1, routed)           0.640     8.291    rv64im72f_5sp/ex_mem_register/byte_enable_logic_register_file_write_data[9]
    SLICE_X55Y111        LUT6 (Prop_lut6_I3_O)        0.124     8.415 f  rv64im72f_5sp/ex_mem_register/i__carry__1_i_19/O
                         net (fo=3, routed)           0.319     8.734    rv64im72f_5sp/id_ex_register/divisor_reg[9]_i_2_0
    SLICE_X55Y109        LUT6 (Prop_lut6_I0_O)        0.124     8.858 f  rv64im72f_5sp/id_ex_register/divisor_reg[9]_i_4/O
                         net (fo=1, routed)           0.783     9.641    rv64im72f_5sp/id_ex_register/alu_forward_source_data_b[9]
    SLICE_X55Y105        LUT5 (Prop_lut5_I4_O)        0.124     9.765 r  rv64im72f_5sp/id_ex_register/divisor_reg[9]_i_2/O
                         net (fo=15, routed)          0.760    10.525    rv64im72f_5sp/id_ex_register/divisor_reg[11]_i_2_1[1]
    SLICE_X53Y98         LUT2 (Prop_lut2_I1_O)        0.124    10.649 r  rv64im72f_5sp/id_ex_register/MEM_alu_result[11]_i_18/O
                         net (fo=1, routed)           0.000    10.649    rv64im72f_5sp/id_ex_register/MEM_alu_result[11]_i_18_n_0
    SLICE_X53Y98         CARRY4 (Prop_carry4_S[1]_CO[3])
                                                      0.550    11.199 r  rv64im72f_5sp/id_ex_register/MEM_alu_result_reg[11]_i_15/CO[3]
                         net (fo=1, routed)           0.000    11.199    rv64im72f_5sp/id_ex_register/MEM_alu_result_reg[11]_i_15_n_0
    SLICE_X53Y99         CARRY4 (Prop_carry4_CI_CO[3])
                                                      0.114    11.313 r  rv64im72f_5sp/id_ex_register/MEM_alu_result_reg[15]_i_15/CO[3]
                         net (fo=1, routed)           0.001    11.313    rv64im72f_5sp/id_ex_register/MEM_alu_result_reg[15]_i_15_n_0
    SLICE_X53Y100        CARRY4 (Prop_carry4_CI_CO[3])
                                                      0.114    11.427 r  rv64im72f_5sp/id_ex_register/MEM_alu_result_reg[19]_i_17/CO[3]
                         net (fo=1, routed)           0.000    11.427    rv64im72f_5sp/id_ex_register/MEM_alu_result_reg[19]_i_17_n_0
    SLICE_X53Y101        CARRY4 (Prop_carry4_CI_CO[3])
                                                      0.114    11.541 r  rv64im72f_5sp/id_ex_register/MEM_alu_result_reg[23]_i_15/CO[3]
                         net (fo=1, routed)           0.000    11.541    rv64im72f_5sp/id_ex_register/MEM_alu_result_reg[23]_i_15_n_0
    SLICE_X53Y102        CARRY4 (Prop_carry4_CI_CO[3])
                                                      0.114    11.655 r  rv64im72f_5sp/id_ex_register/MEM_alu_result_reg[27]_i_15/CO[3]
                         net (fo=1, routed)           0.000    11.655    rv64im72f_5sp/id_ex_register/MEM_alu_result_reg[27]_i_15_n_0
    SLICE_X53Y103        CARRY4 (Prop_carry4_CI_O[3])
                                                      0.313    11.968 f  rv64im72f_5sp/id_ex_register/MEM_alu_result_reg[31]_i_17/O[3]
                         net (fo=1, routed)           0.480    12.448    rv64im72f_5sp/id_ex_register/alu/alu_word/data0[31]
    SLICE_X51Y103        LUT6 (Prop_lut6_I5_O)        0.306    12.754 f  rv64im72f_5sp/id_ex_register/MEM_alu_result[31]_i_10/O
                         net (fo=1, routed)           0.407    13.161    rv64im72f_5sp/id_ex_register/MEM_alu_result[31]_i_10_n_0
    SLICE_X51Y103        LUT6 (Prop_lut6_I0_O)        0.124    13.285 f  rv64im72f_5sp/id_ex_register/MEM_alu_result[31]_i_6/O
                         net (fo=1, routed)           0.000    13.285    rv64im72f_5sp/id_ex_register/MEM_alu_result[31]_i_6_n_0
    SLICE_X51Y103        MUXF7 (Prop_muxf7_I0_O)      0.212    13.497 f  rv64im72f_5sp/id_ex_register/MEM_alu_result_reg[31]_i_3/O
                         net (fo=2, routed)           1.163    14.661    rv64im72f_5sp/id_ex_register/alu/alu_word_result[31]
    SLICE_X49Y101        LUT6 (Prop_lut6_I2_O)        0.299    14.960 r  rv64im72f_5sp/id_ex_register/prediction_counter[1]_i_16/O
                         net (fo=1, routed)           0.513    15.472    rv64im72f_5sp/id_ex_register/prediction_counter[1]_i_16_n_0
    SLICE_X48Y93         LUT6 (Prop_lut6_I1_O)        0.124    15.596 r  rv64im72f_5sp/id_ex_register/prediction_counter[1]_i_7/O
                         net (fo=2, routed)           0.173    15.769    rv64im72f_5sp/id_ex_register/alu/alu_word_zero
    SLICE_X48Y93         LUT6 (Prop_lut6_I5_O)        0.124    15.893 r  rv64im72f_5sp/id_ex_register/prediction_counter[1]_i_3/O
                         net (fo=1, routed)           0.432    16.325    rv64im72f_5sp/id_ex_register/prediction_counter[1]_i_3_n_0
    SLICE_X48Y92         LUT6 (Prop_lut6_I2_O)        0.124    16.449 r  rv64im72f_5sp/id_ex_register/prediction_counter[1]_i_2/O
                         net (fo=101, routed)         0.856    17.305    rv64im72f_5sp/id_ex_register/EX_funct3_reg[0]_1
    SLICE_X49Y86         LUT3 (Prop_lut3_I2_O)        0.124    17.429 r  rv64im72f_5sp/id_ex_register/pc[3]_i_10/O
                         net (fo=1, routed)           0.000    17.429    rv64im72f_5sp/id_ex_register/pc[3]_i_10_n_0
    SLICE_X49Y86         CARRY4 (Prop_carry4_S[1]_CO[3])
                                                      0.550    17.979 r  rv64im72f_5sp/id_ex_register/pc_reg[3]_i_6/CO[3]
                         net (fo=1, routed)           0.000    17.979    rv64im72f_5sp/id_ex_register/pc_reg[3]_i_6_n_0
    SLICE_X49Y87         CARRY4 (Prop_carry4_CI_O[1])
                                                      0.334    18.313 r  rv64im72f_5sp/id_ex_register/pc_reg[7]_i_6/O[1]
                         net (fo=1, routed)           0.494    18.807    rv64im72f_5sp/id_ex_register/pc_reg[7]_i_6_n_6
    SLICE_X51Y87         LUT4 (Prop_lut4_I0_O)        0.303    19.110 r  rv64im72f_5sp/id_ex_register/pc[5]_i_3/O
                         net (fo=7, routed)           0.597    19.707    rv64im72f_5sp/program_counter/pc_reg[5]_0
    SLICE_X51Y85         LUT6 (Prop_lut6_I3_O)        0.124    19.831 r  rv64im72f_5sp/program_counter/pc[5]_rep_i_1__0/O
                         net (fo=1, routed)           0.379    20.210    rv64im72f_5sp/program_counter/pc[5]_rep_i_1__0_n_0
    SLICE_X51Y85         FDCE                                         r  rv64im72f_5sp/program_counter/pc_reg[5]_rep__0/D
  -------------------------------------------------------------------    -------------------

                         (clock clk_out1_clk_wiz_0_1 rise edge)
                                                     23.256    23.256 r  
    R4                                                0.000    23.256 r  clk (IN)
                         net (fo=0)                   0.000    23.256    clk_gen/inst/clk_in1
    R4                   IBUF (Prop_ibuf_I_O)         1.405    24.660 r  clk_gen/inst/clkin1_ibufg/O
                         net (fo=1, routed)           1.181    25.841    clk_gen/inst/clk_in1_clk_wiz_0
    PLLE2_ADV_X1Y2       PLLE2_ADV (Prop_plle2_adv_CLKIN1_CLKOUT0)
                                                     -8.206    17.636 r  clk_gen/inst/plle2_adv_inst/CLKOUT0
                         net (fo=1, routed)           1.718    19.354    clk_gen/inst/clk_out1_clk_wiz_0
    BUFGCTRL_X0Y0        BUFG (Prop_bufg_I_O)         0.091    19.445 r  clk_gen/inst/clkout1_buf/O
                         net (fo=6346, routed)        1.710    21.155    rv64im72f_5sp/program_counter/clk_out1
    SLICE_X51Y85         FDCE                                         r  rv64im72f_5sp/program_counter/pc_reg[5]_rep__0/C
                         clock pessimism             -0.515    20.640    
                         clock uncertainty           -0.161    20.478    
    SLICE_X51Y85         FDCE (Setup_fdce_C_D)       -0.047    20.431    rv64im72f_5sp/program_counter/pc_reg[5]_rep__0
  -------------------------------------------------------------------
                         required time                         20.431    
                         arrival time                         -20.210    
  -------------------------------------------------------------------
                         slack                                  0.221    

Slack (MET) :             0.229ns  (required time - arrival time)
  Source:                 rv64im72f_5sp/ex_mem_register/MEM_alu_result_reg[4]_rep__31/C
                            (rising edge-triggered cell FDCE clocked by clk_out1_clk_wiz_0_1  {rise@0.000ns fall@11.628ns period=23.256ns})
  Destination:            rv64im72f_5sp/program_counter/pc_reg[6]_rep/D
                            (rising edge-triggered cell FDCE clocked by clk_out1_clk_wiz_0_1  {rise@0.000ns fall@11.628ns period=23.256ns})
  Path Group:             clk_out1_clk_wiz_0_1
  Path Type:              Setup (Max at Slow Process Corner)
  Requirement:            23.256ns  (clk_out1_clk_wiz_0_1 rise@23.256ns - clk_out1_clk_wiz_0_1 rise@0.000ns)
  Data Path Delay:        22.906ns  (logic 6.969ns (30.425%)  route 15.937ns (69.575%))
  Logic Levels:           34  (CARRY4=8 LUT2=2 LUT3=1 LUT4=1 LUT5=1 LUT6=18 MUXF7=3)
  Clock Path Skew:        0.056ns (DCD - SCD + CPR)
    Destination Clock Delay (DCD):    -2.101ns = ( 21.155 - 23.256 ) 
    Source Clock Delay      (SCD):    -2.672ns
    Clock Pessimism Removal (CPR):    -0.515ns
  Clock Uncertainty:      0.161ns  ((TSJ^2 + DJ^2)^1/2) / 2 + PE
    Total System Jitter     (TSJ):    0.071ns
    Discrete Jitter          (DJ):    0.315ns
    Phase Error              (PE):    0.000ns

    Location             Delay type                Incr(ns)  Path(ns)    Netlist Resource(s)
  -------------------------------------------------------------------    -------------------
                         (clock clk_out1_clk_wiz_0_1 rise edge)
                                                      0.000     0.000 r  
    R4                                                0.000     0.000 r  clk (IN)
                         net (fo=0)                   0.000     0.000    clk_gen/inst/clk_in1
    R4                   IBUF (Prop_ibuf_I_O)         1.475     1.475 r  clk_gen/inst/clkin1_ibufg/O
                         net (fo=1, routed)           1.253     2.728    clk_gen/inst/clk_in1_clk_wiz_0
    PLLE2_ADV_X1Y2       PLLE2_ADV (Prop_plle2_adv_CLKIN1_CLKOUT0)
                                                     -8.953    -6.225 r  clk_gen/inst/plle2_adv_inst/CLKOUT0
                         net (fo=1, routed)           1.802    -4.422    clk_gen/inst/clk_out1_clk_wiz_0
    BUFGCTRL_X0Y0        BUFG (Prop_bufg_I_O)         0.096    -4.326 r  clk_gen/inst/clkout1_buf/O
                         net (fo=6346, routed)        1.654    -2.672    rv64im72f_5sp/ex_mem_register/clk_out1
    SLICE_X51Y163        FDCE                                         r  rv64im72f_5sp/ex_mem_register/MEM_alu_result_reg[4]_rep__31/C
  -------------------------------------------------------------------    -------------------
    SLICE_X51Y163        FDCE (Prop_fdce_C_Q)         0.456    -2.216 r  rv64im72f_5sp/ex_mem_register/MEM_alu_result_reg[4]_rep__31/Q
                         net (fo=125, routed)         0.735    -1.481    rv64im72f_5sp/ex_mem_register/MEM_alu_result_reg[4]_rep__31_n_0
    SLICE_X47Y164        LUT2 (Prop_lut2_I0_O)        0.124    -1.357 f  rv64im72f_5sp/ex_mem_register/WB_byte_enable_logic_register_file_write_data[14]_i_147/O
                         net (fo=156, routed)         1.007    -0.349    rv64im72f_5sp/ex_mem_register/WB_byte_enable_logic_register_file_write_data[14]_i_147_n_0
    SLICE_X45Y170        LUT6 (Prop_lut6_I4_O)        0.124    -0.225 f  rv64im72f_5sp/ex_mem_register/i__carry__4_i_156/O
                         net (fo=1, routed)           0.000    -0.225    rv64im72f_5sp/ex_mem_register/i__carry__4_i_156_n_0
    SLICE_X45Y170        MUXF7 (Prop_muxf7_I1_O)      0.245     0.020 f  rv64im72f_5sp/ex_mem_register/i__carry__4_i_110/O
                         net (fo=1, routed)           0.697     0.717    rv64im72f_5sp/ex_mem_register/i__carry__4_i_110_n_0
    SLICE_X47Y166        LUT6 (Prop_lut6_I5_O)        0.298     1.015 f  rv64im72f_5sp/ex_mem_register/i__carry__4_i_76/O
                         net (fo=1, routed)           0.000     1.015    rv64im72f_5sp/ex_mem_register/i__carry__4_i_76_n_0
    SLICE_X47Y166        MUXF7 (Prop_muxf7_I0_O)      0.212     1.227 f  rv64im72f_5sp/ex_mem_register/i__carry__4_i_64/O
                         net (fo=2, routed)           1.030     2.257    rv64im72f_5sp/ex_mem_register/i__carry__4_i_64_n_0
    SLICE_X49Y152        LUT6 (Prop_lut6_I3_O)        0.299     2.556 f  rv64im72f_5sp/ex_mem_register/i__carry__4_i_59/O
                         net (fo=2, routed)           0.661     3.217    rv64im72f_5sp/ex_mem_register/i__carry__4_i_59_n_0
    SLICE_X50Y145        LUT6 (Prop_lut6_I0_O)        0.124     3.341 f  rv64im72f_5sp/ex_mem_register/i__carry__4_i_58/O
                         net (fo=1, routed)           0.985     4.326    rv64im72f_5sp/ex_mem_register/i__carry__4_i_58_n_0
    SLICE_X51Y130        LUT6 (Prop_lut6_I2_O)        0.124     4.450 f  rv64im72f_5sp/ex_mem_register/i__carry__4_i_57/O
                         net (fo=1, routed)           0.626     5.076    rv64im72f_5sp/ex_mem_register/i__carry__4_i_57_n_0
    SLICE_X51Y125        LUT6 (Prop_lut6_I2_O)        0.124     5.200 f  rv64im72f_5sp/ex_mem_register/i__carry__4_i_56/O
                         net (fo=1, routed)           0.525     5.725    rv64im72f_5sp/ex_mem_register/i__carry__4_i_56_n_0
    SLICE_X54Y122        LUT6 (Prop_lut6_I2_O)        0.124     5.849 f  rv64im72f_5sp/ex_mem_register/i__carry__4_i_48/O
                         net (fo=2, routed)           0.702     6.551    rv64im72f_5sp/ex_mem_register/rom_read_data[7]
    SLICE_X55Y119        LUT6 (Prop_lut6_I3_O)        0.124     6.675 f  rv64im72f_5sp/ex_mem_register/WB_byte_enable_logic_register_file_write_data[31]_i_5/O
                         net (fo=12, routed)          0.852     7.527    rv64im72f_5sp/ex_mem_register/WB_byte_enable_logic_register_file_write_data[31]_i_5_n_0
    SLICE_X55Y116        LUT6 (Prop_lut6_I1_O)        0.124     7.651 f  rv64im72f_5sp/ex_mem_register/i__carry__1_i_35/O
                         net (fo=1, routed)           0.640     8.291    rv64im72f_5sp/ex_mem_register/byte_enable_logic_register_file_write_data[9]
    SLICE_X55Y111        LUT6 (Prop_lut6_I3_O)        0.124     8.415 f  rv64im72f_5sp/ex_mem_register/i__carry__1_i_19/O
                         net (fo=3, routed)           0.319     8.734    rv64im72f_5sp/id_ex_register/divisor_reg[9]_i_2_0
    SLICE_X55Y109        LUT6 (Prop_lut6_I0_O)        0.124     8.858 f  rv64im72f_5sp/id_ex_register/divisor_reg[9]_i_4/O
                         net (fo=1, routed)           0.783     9.641    rv64im72f_5sp/id_ex_register/alu_forward_source_data_b[9]
    SLICE_X55Y105        LUT5 (Prop_lut5_I4_O)        0.124     9.765 r  rv64im72f_5sp/id_ex_register/divisor_reg[9]_i_2/O
                         net (fo=15, routed)          0.760    10.525    rv64im72f_5sp/id_ex_register/divisor_reg[11]_i_2_1[1]
    SLICE_X53Y98         LUT2 (Prop_lut2_I1_O)        0.124    10.649 r  rv64im72f_5sp/id_ex_register/MEM_alu_result[11]_i_18/O
                         net (fo=1, routed)           0.000    10.649    rv64im72f_5sp/id_ex_register/MEM_alu_result[11]_i_18_n_0
    SLICE_X53Y98         CARRY4 (Prop_carry4_S[1]_CO[3])
                                                      0.550    11.199 r  rv64im72f_5sp/id_ex_register/MEM_alu_result_reg[11]_i_15/CO[3]
                         net (fo=1, routed)           0.000    11.199    rv64im72f_5sp/id_ex_register/MEM_alu_result_reg[11]_i_15_n_0
    SLICE_X53Y99         CARRY4 (Prop_carry4_CI_CO[3])
                                                      0.114    11.313 r  rv64im72f_5sp/id_ex_register/MEM_alu_result_reg[15]_i_15/CO[3]
                         net (fo=1, routed)           0.001    11.313    rv64im72f_5sp/id_ex_register/MEM_alu_result_reg[15]_i_15_n_0
    SLICE_X53Y100        CARRY4 (Prop_carry4_CI_CO[3])
                                                      0.114    11.427 r  rv64im72f_5sp/id_ex_register/MEM_alu_result_reg[19]_i_17/CO[3]
                         net (fo=1, routed)           0.000    11.427    rv64im72f_5sp/id_ex_register/MEM_alu_result_reg[19]_i_17_n_0
    SLICE_X53Y101        CARRY4 (Prop_carry4_CI_CO[3])
                                                      0.114    11.541 r  rv64im72f_5sp/id_ex_register/MEM_alu_result_reg[23]_i_15/CO[3]
                         net (fo=1, routed)           0.000    11.541    rv64im72f_5sp/id_ex_register/MEM_alu_result_reg[23]_i_15_n_0
    SLICE_X53Y102        CARRY4 (Prop_carry4_CI_CO[3])
                                                      0.114    11.655 r  rv64im72f_5sp/id_ex_register/MEM_alu_result_reg[27]_i_15/CO[3]
                         net (fo=1, routed)           0.000    11.655    rv64im72f_5sp/id_ex_register/MEM_alu_result_reg[27]_i_15_n_0
    SLICE_X53Y103        CARRY4 (Prop_carry4_CI_O[3])
                                                      0.313    11.968 f  rv64im72f_5sp/id_ex_register/MEM_alu_result_reg[31]_i_17/O[3]
                         net (fo=1, routed)           0.480    12.448    rv64im72f_5sp/id_ex_register/alu/alu_word/data0[31]
    SLICE_X51Y103        LUT6 (Prop_lut6_I5_O)        0.306    12.754 f  rv64im72f_5sp/id_ex_register/MEM_alu_result[31]_i_10/O
                         net (fo=1, routed)           0.407    13.161    rv64im72f_5sp/id_ex_register/MEM_alu_result[31]_i_10_n_0
    SLICE_X51Y103        LUT6 (Prop_lut6_I0_O)        0.124    13.285 f  rv64im72f_5sp/id_ex_register/MEM_alu_result[31]_i_6/O
                         net (fo=1, routed)           0.000    13.285    rv64im72f_5sp/id_ex_register/MEM_alu_result[31]_i_6_n_0
    SLICE_X51Y103        MUXF7 (Prop_muxf7_I0_O)      0.212    13.497 f  rv64im72f_5sp/id_ex_register/MEM_alu_result_reg[31]_i_3/O
                         net (fo=2, routed)           1.163    14.661    rv64im72f_5sp/id_ex_register/alu/alu_word_result[31]
    SLICE_X49Y101        LUT6 (Prop_lut6_I2_O)        0.299    14.960 r  rv64im72f_5sp/id_ex_register/prediction_counter[1]_i_16/O
                         net (fo=1, routed)           0.513    15.472    rv64im72f_5sp/id_ex_register/prediction_counter[1]_i_16_n_0
    SLICE_X48Y93         LUT6 (Prop_lut6_I1_O)        0.124    15.596 r  rv64im72f_5sp/id_ex_register/prediction_counter[1]_i_7/O
                         net (fo=2, routed)           0.173    15.769    rv64im72f_5sp/id_ex_register/alu/alu_word_zero
    SLICE_X48Y93         LUT6 (Prop_lut6_I5_O)        0.124    15.893 r  rv64im72f_5sp/id_ex_register/prediction_counter[1]_i_3/O
                         net (fo=1, routed)           0.432    16.325    rv64im72f_5sp/id_ex_register/prediction_counter[1]_i_3_n_0
    SLICE_X48Y92         LUT6 (Prop_lut6_I2_O)        0.124    16.449 r  rv64im72f_5sp/id_ex_register/prediction_counter[1]_i_2/O
                         net (fo=101, routed)         0.856    17.305    rv64im72f_5sp/id_ex_register/EX_funct3_reg[0]_1
    SLICE_X49Y86         LUT3 (Prop_lut3_I2_O)        0.124    17.429 r  rv64im72f_5sp/id_ex_register/pc[3]_i_10/O
                         net (fo=1, routed)           0.000    17.429    rv64im72f_5sp/id_ex_register/pc[3]_i_10_n_0
    SLICE_X49Y86         CARRY4 (Prop_carry4_S[1]_CO[3])
                                                      0.550    17.979 r  rv64im72f_5sp/id_ex_register/pc_reg[3]_i_6/CO[3]
                         net (fo=1, routed)           0.000    17.979    rv64im72f_5sp/id_ex_register/pc_reg[3]_i_6_n_0
    SLICE_X49Y87         CARRY4 (Prop_carry4_CI_O[2])
                                                      0.239    18.218 r  rv64im72f_5sp/id_ex_register/pc_reg[7]_i_6/O[2]
                         net (fo=1, routed)           0.292    18.510    rv64im72f_5sp/id_ex_register/pc_reg[7]_i_6_n_5
    SLICE_X47Y87         LUT4 (Prop_lut4_I0_O)        0.302    18.812 r  rv64im72f_5sp/id_ex_register/pc[6]_i_3/O
                         net (fo=14, routed)          0.769    19.581    rv64im72f_5sp/program_counter/pc_reg[6]_0
    SLICE_X44Y84         LUT6 (Prop_lut6_I3_O)        0.124    19.705 r  rv64im72f_5sp/program_counter/pc[6]_rep_i_1/O
                         net (fo=1, routed)           0.529    20.234    rv64im72f_5sp/program_counter/pc[6]_rep_i_1_n_0
    SLICE_X44Y84         FDCE                                         r  rv64im72f_5sp/program_counter/pc_reg[6]_rep/D
  -------------------------------------------------------------------    -------------------

                         (clock clk_out1_clk_wiz_0_1 rise edge)
                                                     23.256    23.256 r  
    R4                                                0.000    23.256 r  clk (IN)
                         net (fo=0)                   0.000    23.256    clk_gen/inst/clk_in1
    R4                   IBUF (Prop_ibuf_I_O)         1.405    24.660 r  clk_gen/inst/clkin1_ibufg/O
                         net (fo=1, routed)           1.181    25.841    clk_gen/inst/clk_in1_clk_wiz_0
    PLLE2_ADV_X1Y2       PLLE2_ADV (Prop_plle2_adv_CLKIN1_CLKOUT0)
                                                     -8.206    17.636 r  clk_gen/inst/plle2_adv_inst/CLKOUT0
                         net (fo=1, routed)           1.718    19.354    clk_gen/inst/clk_out1_clk_wiz_0
    BUFGCTRL_X0Y0        BUFG (Prop_bufg_I_O)         0.091    19.445 r  clk_gen/inst/clkout1_buf/O
                         net (fo=6346, routed)        1.710    21.155    rv64im72f_5sp/program_counter/clk_out1
    SLICE_X44Y84         FDCE                                         r  rv64im72f_5sp/program_counter/pc_reg[6]_rep/C
                         clock pessimism             -0.515    20.640    
                         clock uncertainty           -0.161    20.478    
    SLICE_X44Y84         FDCE (Setup_fdce_C_D)       -0.016    20.462    rv64im72f_5sp/program_counter/pc_reg[6]_rep
  -------------------------------------------------------------------
                         required time                         20.462    
                         arrival time                         -20.234    
  -------------------------------------------------------------------
                         slack                                  0.229    

Slack (MET) :             0.273ns  (required time - arrival time)
  Source:                 rv64im72f_5sp/ex_mem_register/MEM_alu_result_reg[4]_rep__31/C
                            (rising edge-triggered cell FDCE clocked by clk_out1_clk_wiz_0_1  {rise@0.000ns fall@11.628ns period=23.256ns})
  Destination:            rv64im72f_5sp/program_counter/pc_reg[4]_rep__2/D
                            (rising edge-triggered cell FDCE clocked by clk_out1_clk_wiz_0_1  {rise@0.000ns fall@11.628ns period=23.256ns})
  Path Group:             clk_out1_clk_wiz_0_1
  Path Type:              Setup (Max at Slow Process Corner)
  Requirement:            23.256ns  (clk_out1_clk_wiz_0_1 rise@23.256ns - clk_out1_clk_wiz_0_1 rise@0.000ns)
  Data Path Delay:        22.828ns  (logic 6.949ns (30.440%)  route 15.879ns (69.560%))
  Logic Levels:           34  (CARRY4=8 LUT2=2 LUT3=1 LUT4=1 LUT5=1 LUT6=18 MUXF7=3)
  Clock Path Skew:        0.054ns (DCD - SCD + CPR)
    Destination Clock Delay (DCD):    -2.103ns = ( 21.153 - 23.256 ) 
    Source Clock Delay      (SCD):    -2.672ns
    Clock Pessimism Removal (CPR):    -0.515ns
  Clock Uncertainty:      0.161ns  ((TSJ^2 + DJ^2)^1/2) / 2 + PE
    Total System Jitter     (TSJ):    0.071ns
    Discrete Jitter          (DJ):    0.315ns
    Phase Error              (PE):    0.000ns

    Location             Delay type                Incr(ns)  Path(ns)    Netlist Resource(s)
  -------------------------------------------------------------------    -------------------
                         (clock clk_out1_clk_wiz_0_1 rise edge)
                                                      0.000     0.000 r  
    R4                                                0.000     0.000 r  clk (IN)
                         net (fo=0)                   0.000     0.000    clk_gen/inst/clk_in1
    R4                   IBUF (Prop_ibuf_I_O)         1.475     1.475 r  clk_gen/inst/clkin1_ibufg/O
                         net (fo=1, routed)           1.253     2.728    clk_gen/inst/clk_in1_clk_wiz_0
    PLLE2_ADV_X1Y2       PLLE2_ADV (Prop_plle2_adv_CLKIN1_CLKOUT0)
                                                     -8.953    -6.225 r  clk_gen/inst/plle2_adv_inst/CLKOUT0
                         net (fo=1, routed)           1.802    -4.422    clk_gen/inst/clk_out1_clk_wiz_0
    BUFGCTRL_X0Y0        BUFG (Prop_bufg_I_O)         0.096    -4.326 r  clk_gen/inst/clkout1_buf/O
                         net (fo=6346, routed)        1.654    -2.672    rv64im72f_5sp/ex_mem_register/clk_out1
    SLICE_X51Y163        FDCE                                         r  rv64im72f_5sp/ex_mem_register/MEM_alu_result_reg[4]_rep__31/C
  -------------------------------------------------------------------    -------------------
    SLICE_X51Y163        FDCE (Prop_fdce_C_Q)         0.456    -2.216 r  rv64im72f_5sp/ex_mem_register/MEM_alu_result_reg[4]_rep__31/Q
                         net (fo=125, routed)         0.735    -1.481    rv64im72f_5sp/ex_mem_register/MEM_alu_result_reg[4]_rep__31_n_0
    SLICE_X47Y164        LUT2 (Prop_lut2_I0_O)        0.124    -1.357 f  rv64im72f_5sp/ex_mem_register/WB_byte_enable_logic_register_file_write_data[14]_i_147/O
                         net (fo=156, routed)         1.007    -0.349    rv64im72f_5sp/ex_mem_register/WB_byte_enable_logic_register_file_write_data[14]_i_147_n_0
    SLICE_X45Y170        LUT6 (Prop_lut6_I4_O)        0.124    -0.225 f  rv64im72f_5sp/ex_mem_register/i__carry__4_i_156/O
                         net (fo=1, routed)           0.000    -0.225    rv64im72f_5sp/ex_mem_register/i__carry__4_i_156_n_0
    SLICE_X45Y170        MUXF7 (Prop_muxf7_I1_O)      0.245     0.020 f  rv64im72f_5sp/ex_mem_register/i__carry__4_i_110/O
                         net (fo=1, routed)           0.697     0.717    rv64im72f_5sp/ex_mem_register/i__carry__4_i_110_n_0
    SLICE_X47Y166        LUT6 (Prop_lut6_I5_O)        0.298     1.015 f  rv64im72f_5sp/ex_mem_register/i__carry__4_i_76/O
                         net (fo=1, routed)           0.000     1.015    rv64im72f_5sp/ex_mem_register/i__carry__4_i_76_n_0
    SLICE_X47Y166        MUXF7 (Prop_muxf7_I0_O)      0.212     1.227 f  rv64im72f_5sp/ex_mem_register/i__carry__4_i_64/O
                         net (fo=2, routed)           1.030     2.257    rv64im72f_5sp/ex_mem_register/i__carry__4_i_64_n_0
    SLICE_X49Y152        LUT6 (Prop_lut6_I3_O)        0.299     2.556 f  rv64im72f_5sp/ex_mem_register/i__carry__4_i_59/O
                         net (fo=2, routed)           0.661     3.217    rv64im72f_5sp/ex_mem_register/i__carry__4_i_59_n_0
    SLICE_X50Y145        LUT6 (Prop_lut6_I0_O)        0.124     3.341 f  rv64im72f_5sp/ex_mem_register/i__carry__4_i_58/O
                         net (fo=1, routed)           0.985     4.326    rv64im72f_5sp/ex_mem_register/i__carry__4_i_58_n_0
    SLICE_X51Y130        LUT6 (Prop_lut6_I2_O)        0.124     4.450 f  rv64im72f_5sp/ex_mem_register/i__carry__4_i_57/O
                         net (fo=1, routed)           0.626     5.076    rv64im72f_5sp/ex_mem_register/i__carry__4_i_57_n_0
    SLICE_X51Y125        LUT6 (Prop_lut6_I2_O)        0.124     5.200 f  rv64im72f_5sp/ex_mem_register/i__carry__4_i_56/O
                         net (fo=1, routed)           0.525     5.725    rv64im72f_5sp/ex_mem_register/i__carry__4_i_56_n_0
    SLICE_X54Y122        LUT6 (Prop_lut6_I2_O)        0.124     5.849 f  rv64im72f_5sp/ex_mem_register/i__carry__4_i_48/O
                         net (fo=2, routed)           0.702     6.551    rv64im72f_5sp/ex_mem_register/rom_read_data[7]
    SLICE_X55Y119        LUT6 (Prop_lut6_I3_O)        0.124     6.675 f  rv64im72f_5sp/ex_mem_register/WB_byte_enable_logic_register_file_write_data[31]_i_5/O
                         net (fo=12, routed)          0.852     7.527    rv64im72f_5sp/ex_mem_register/WB_byte_enable_logic_register_file_write_data[31]_i_5_n_0
    SLICE_X55Y116        LUT6 (Prop_lut6_I1_O)        0.124     7.651 f  rv64im72f_5sp/ex_mem_register/i__carry__1_i_35/O
                         net (fo=1, routed)           0.640     8.291    rv64im72f_5sp/ex_mem_register/byte_enable_logic_register_file_write_data[9]
    SLICE_X55Y111        LUT6 (Prop_lut6_I3_O)        0.124     8.415 f  rv64im72f_5sp/ex_mem_register/i__carry__1_i_19/O
                         net (fo=3, routed)           0.319     8.734    rv64im72f_5sp/id_ex_register/divisor_reg[9]_i_2_0
    SLICE_X55Y109        LUT6 (Prop_lut6_I0_O)        0.124     8.858 f  rv64im72f_5sp/id_ex_register/divisor_reg[9]_i_4/O
                         net (fo=1, routed)           0.783     9.641    rv64im72f_5sp/id_ex_register/alu_forward_source_data_b[9]
    SLICE_X55Y105        LUT5 (Prop_lut5_I4_O)        0.124     9.765 r  rv64im72f_5sp/id_ex_register/divisor_reg[9]_i_2/O
                         net (fo=15, routed)          0.760    10.525    rv64im72f_5sp/id_ex_register/divisor_reg[11]_i_2_1[1]
    SLICE_X53Y98         LUT2 (Prop_lut2_I1_O)        0.124    10.649 r  rv64im72f_5sp/id_ex_register/MEM_alu_result[11]_i_18/O
                         net (fo=1, routed)           0.000    10.649    rv64im72f_5sp/id_ex_register/MEM_alu_result[11]_i_18_n_0
    SLICE_X53Y98         CARRY4 (Prop_carry4_S[1]_CO[3])
                                                      0.550    11.199 r  rv64im72f_5sp/id_ex_register/MEM_alu_result_reg[11]_i_15/CO[3]
                         net (fo=1, routed)           0.000    11.199    rv64im72f_5sp/id_ex_register/MEM_alu_result_reg[11]_i_15_n_0
    SLICE_X53Y99         CARRY4 (Prop_carry4_CI_CO[3])
                                                      0.114    11.313 r  rv64im72f_5sp/id_ex_register/MEM_alu_result_reg[15]_i_15/CO[3]
                         net (fo=1, routed)           0.001    11.313    rv64im72f_5sp/id_ex_register/MEM_alu_result_reg[15]_i_15_n_0
    SLICE_X53Y100        CARRY4 (Prop_carry4_CI_CO[3])
                                                      0.114    11.427 r  rv64im72f_5sp/id_ex_register/MEM_alu_result_reg[19]_i_17/CO[3]
                         net (fo=1, routed)           0.000    11.427    rv64im72f_5sp/id_ex_register/MEM_alu_result_reg[19]_i_17_n_0
    SLICE_X53Y101        CARRY4 (Prop_carry4_CI_CO[3])
                                                      0.114    11.541 r  rv64im72f_5sp/id_ex_register/MEM_alu_result_reg[23]_i_15/CO[3]
                         net (fo=1, routed)           0.000    11.541    rv64im72f_5sp/id_ex_register/MEM_alu_result_reg[23]_i_15_n_0
    SLICE_X53Y102        CARRY4 (Prop_carry4_CI_CO[3])
                                                      0.114    11.655 r  rv64im72f_5sp/id_ex_register/MEM_alu_result_reg[27]_i_15/CO[3]
                         net (fo=1, routed)           0.000    11.655    rv64im72f_5sp/id_ex_register/MEM_alu_result_reg[27]_i_15_n_0
    SLICE_X53Y103        CARRY4 (Prop_carry4_CI_O[3])
                                                      0.313    11.968 f  rv64im72f_5sp/id_ex_register/MEM_alu_result_reg[31]_i_17/O[3]
                         net (fo=1, routed)           0.480    12.448    rv64im72f_5sp/id_ex_register/alu/alu_word/data0[31]
    SLICE_X51Y103        LUT6 (Prop_lut6_I5_O)        0.306    12.754 f  rv64im72f_5sp/id_ex_register/MEM_alu_result[31]_i_10/O
                         net (fo=1, routed)           0.407    13.161    rv64im72f_5sp/id_ex_register/MEM_alu_result[31]_i_10_n_0
    SLICE_X51Y103        LUT6 (Prop_lut6_I0_O)        0.124    13.285 f  rv64im72f_5sp/id_ex_register/MEM_alu_result[31]_i_6/O
                         net (fo=1, routed)           0.000    13.285    rv64im72f_5sp/id_ex_register/MEM_alu_result[31]_i_6_n_0
    SLICE_X51Y103        MUXF7 (Prop_muxf7_I0_O)      0.212    13.497 f  rv64im72f_5sp/id_ex_register/MEM_alu_result_reg[31]_i_3/O
                         net (fo=2, routed)           1.163    14.661    rv64im72f_5sp/id_ex_register/alu/alu_word_result[31]
    SLICE_X49Y101        LUT6 (Prop_lut6_I2_O)        0.299    14.960 r  rv64im72f_5sp/id_ex_register/prediction_counter[1]_i_16/O
                         net (fo=1, routed)           0.513    15.472    rv64im72f_5sp/id_ex_register/prediction_counter[1]_i_16_n_0
    SLICE_X48Y93         LUT6 (Prop_lut6_I1_O)        0.124    15.596 r  rv64im72f_5sp/id_ex_register/prediction_counter[1]_i_7/O
                         net (fo=2, routed)           0.173    15.769    rv64im72f_5sp/id_ex_register/alu/alu_word_zero
    SLICE_X48Y93         LUT6 (Prop_lut6_I5_O)        0.124    15.893 r  rv64im72f_5sp/id_ex_register/prediction_counter[1]_i_3/O
                         net (fo=1, routed)           0.432    16.325    rv64im72f_5sp/id_ex_register/prediction_counter[1]_i_3_n_0
    SLICE_X48Y92         LUT6 (Prop_lut6_I2_O)        0.124    16.449 r  rv64im72f_5sp/id_ex_register/prediction_counter[1]_i_2/O
                         net (fo=101, routed)         0.856    17.305    rv64im72f_5sp/id_ex_register/EX_funct3_reg[0]_1
    SLICE_X49Y86         LUT3 (Prop_lut3_I2_O)        0.124    17.429 r  rv64im72f_5sp/id_ex_register/pc[3]_i_10/O
                         net (fo=1, routed)           0.000    17.429    rv64im72f_5sp/id_ex_register/pc[3]_i_10_n_0
    SLICE_X49Y86         CARRY4 (Prop_carry4_S[1]_CO[3])
                                                      0.550    17.979 r  rv64im72f_5sp/id_ex_register/pc_reg[3]_i_6/CO[3]
                         net (fo=1, routed)           0.000    17.979    rv64im72f_5sp/id_ex_register/pc_reg[3]_i_6_n_0
    SLICE_X49Y87         CARRY4 (Prop_carry4_CI_O[0])
                                                      0.222    18.201 r  rv64im72f_5sp/id_ex_register/pc_reg[7]_i_6/O[0]
                         net (fo=1, routed)           0.563    18.764    rv64im72f_5sp/id_ex_register/pc_reg[7]_i_6_n_7
    SLICE_X47Y85         LUT4 (Prop_lut4_I0_O)        0.299    19.063 r  rv64im72f_5sp/id_ex_register/pc[4]_i_3/O
                         net (fo=16, routed)          0.590    19.653    rv64im72f_5sp/program_counter/pc_reg[4]_0
    SLICE_X45Y82         LUT6 (Prop_lut6_I3_O)        0.124    19.777 r  rv64im72f_5sp/program_counter/pc[4]_rep_i_1__2/O
                         net (fo=1, routed)           0.379    20.156    rv64im72f_5sp/program_counter/pc[4]_rep_i_1__2_n_0
    SLICE_X45Y82         FDCE                                         r  rv64im72f_5sp/program_counter/pc_reg[4]_rep__2/D
  -------------------------------------------------------------------    -------------------

                         (clock clk_out1_clk_wiz_0_1 rise edge)
                                                     23.256    23.256 r  
    R4                                                0.000    23.256 r  clk (IN)
                         net (fo=0)                   0.000    23.256    clk_gen/inst/clk_in1
    R4                   IBUF (Prop_ibuf_I_O)         1.405    24.660 r  clk_gen/inst/clkin1_ibufg/O
                         net (fo=1, routed)           1.181    25.841    clk_gen/inst/clk_in1_clk_wiz_0
    PLLE2_ADV_X1Y2       PLLE2_ADV (Prop_plle2_adv_CLKIN1_CLKOUT0)
                                                     -8.206    17.636 r  clk_gen/inst/plle2_adv_inst/CLKOUT0
                         net (fo=1, routed)           1.718    19.354    clk_gen/inst/clk_out1_clk_wiz_0
    BUFGCTRL_X0Y0        BUFG (Prop_bufg_I_O)         0.091    19.445 r  clk_gen/inst/clkout1_buf/O
                         net (fo=6346, routed)        1.708    21.153    rv64im72f_5sp/program_counter/clk_out1
    SLICE_X45Y82         FDCE                                         r  rv64im72f_5sp/program_counter/pc_reg[4]_rep__2/C
                         clock pessimism             -0.515    20.638    
                         clock uncertainty           -0.161    20.476    
    SLICE_X45Y82         FDCE (Setup_fdce_C_D)       -0.047    20.429    rv64im72f_5sp/program_counter/pc_reg[4]_rep__2
  -------------------------------------------------------------------
                         required time                         20.429    
                         arrival time                         -20.156    
  -------------------------------------------------------------------
                         slack                                  0.273    





Min Delay Paths
--------------------------------------------------------------------------------------
Slack (MET) :             0.029ns  (arrival time - required time)
  Source:                 rv64im72f_5sp/csr_file/mtvec_reg[20]/C
                            (rising edge-triggered cell FDCE clocked by clk_out1_clk_wiz_0_1  {rise@0.000ns fall@11.628ns period=23.256ns})
  Destination:            rv64im72f_5sp/csr_file/csr_read_out_reg[20]/D
                            (rising edge-triggered cell FDCE clocked by clk_out1_clk_wiz_0_1  {rise@0.000ns fall@11.628ns period=23.256ns})
  Path Group:             clk_out1_clk_wiz_0_1
  Path Type:              Hold (Min at Fast Process Corner)
  Requirement:            0.000ns  (clk_out1_clk_wiz_0_1 rise@0.000ns - clk_out1_clk_wiz_0_1 rise@0.000ns)
  Data Path Delay:        0.485ns  (logic 0.254ns (52.383%)  route 0.231ns (47.617%))
  Logic Levels:           2  (LUT5=1 LUT6=1)
  Clock Path Skew:        0.335ns (DCD - SCD - CPR)
    Destination Clock Delay (DCD):    -0.377ns
    Source Clock Delay      (SCD):    -0.672ns
    Clock Pessimism Removal (CPR):    -0.040ns

    Location             Delay type                Incr(ns)  Path(ns)    Netlist Resource(s)
  -------------------------------------------------------------------    -------------------
                         (clock clk_out1_clk_wiz_0_1 rise edge)
                                                      0.000     0.000 r  
    R4                                                0.000     0.000 r  clk (IN)
                         net (fo=0)                   0.000     0.000    clk_gen/inst/clk_in1
    R4                   IBUF (Prop_ibuf_I_O)         0.243     0.243 r  clk_gen/inst/clkin1_ibufg/O
                         net (fo=1, routed)           0.440     0.683    clk_gen/inst/clk_in1_clk_wiz_0
    PLLE2_ADV_X1Y2       PLLE2_ADV (Prop_plle2_adv_CLKIN1_CLKOUT0)
                                                     -2.503    -1.819 r  clk_gen/inst/plle2_adv_inst/CLKOUT0
                         net (fo=1, routed)           0.546    -1.273    clk_gen/inst/clk_out1_clk_wiz_0
    BUFGCTRL_X0Y0        BUFG (Prop_bufg_I_O)         0.026    -1.247 r  clk_gen/inst/clkout1_buf/O
                         net (fo=6346, routed)        0.576    -0.672    rv64im72f_5sp/csr_file/clk_out1
    SLICE_X74Y100        FDCE                                         r  rv64im72f_5sp/csr_file/mtvec_reg[20]/C
  -------------------------------------------------------------------    -------------------
    SLICE_X74Y100        FDCE (Prop_fdce_C_Q)         0.164    -0.508 r  rv64im72f_5sp/csr_file/mtvec_reg[20]/Q
                         net (fo=1, routed)           0.142    -0.366    rv64im72f_5sp/if_id_register/csr_read_out_reg[31]_1[20]
    SLICE_X74Y99         LUT6 (Prop_lut6_I3_O)        0.045    -0.321 r  rv64im72f_5sp/if_id_register/csr_read_out[20]_i_3/O
                         net (fo=1, routed)           0.089    -0.232    rv64im72f_5sp/if_id_register/csr_read_out[20]_i_3_n_0
    SLICE_X74Y99         LUT5 (Prop_lut5_I1_O)        0.045    -0.187 r  rv64im72f_5sp/if_id_register/csr_read_out[20]_i_1/O
                         net (fo=1, routed)           0.000    -0.187    rv64im72f_5sp/csr_file/csr_read_out_reg[31]_3[20]
    SLICE_X74Y99         FDCE                                         r  rv64im72f_5sp/csr_file/csr_read_out_reg[20]/D
  -------------------------------------------------------------------    -------------------

                         (clock clk_out1_clk_wiz_0_1 rise edge)
                                                      0.000     0.000 r  
    R4                                                0.000     0.000 r  clk (IN)
                         net (fo=0)                   0.000     0.000    clk_gen/inst/clk_in1
    R4                   IBUF (Prop_ibuf_I_O)         0.431     0.431 r  clk_gen/inst/clkin1_ibufg/O
                         net (fo=1, routed)           0.481     0.912    clk_gen/inst/clk_in1_clk_wiz_0
    PLLE2_ADV_X1Y2       PLLE2_ADV (Prop_plle2_adv_CLKIN1_CLKOUT0)
                                                     -2.828    -1.916 r  clk_gen/inst/plle2_adv_inst/CLKOUT0
                         net (fo=1, routed)           0.595    -1.322    clk_gen/inst/clk_out1_clk_wiz_0
    BUFGCTRL_X0Y0        BUFG (Prop_bufg_I_O)         0.029    -1.293 r  clk_gen/inst/clkout1_buf/O
                         net (fo=6346, routed)        0.916    -0.377    rv64im72f_5sp/csr_file/clk_out1
    SLICE_X74Y99         FDCE                                         r  rv64im72f_5sp/csr_file/csr_read_out_reg[20]/C
                         clock pessimism              0.040    -0.337    
    SLICE_X74Y99         FDCE (Hold_fdce_C_D)         0.121    -0.216    rv64im72f_5sp/csr_file/csr_read_out_reg[20]
  -------------------------------------------------------------------
                         required time                          0.216    
                         arrival time                          -0.187    
  -------------------------------------------------------------------
                         slack                                  0.029    

Slack (MET) :             0.094ns  (arrival time - required time)
  Source:                 rv64im72f_5sp/ex_mem_register/MEM_alu_result_reg[2]_rep__28/C
                            (rising edge-triggered cell FDCE clocked by clk_out1_clk_wiz_0_1  {rise@0.000ns fall@11.628ns period=23.256ns})
  Destination:            rv64im72f_5sp/data_memory/memory_reg_1024_1279_29_29/RAMS64E_A/ADR0
                            (rising edge-triggered cell RAMS64E clocked by clk_out1_clk_wiz_0_1  {rise@0.000ns fall@11.628ns period=23.256ns})
  Path Group:             clk_out1_clk_wiz_0_1
  Path Type:              Hold (Min at Fast Process Corner)
  Requirement:            0.000ns  (clk_out1_clk_wiz_0_1 rise@0.000ns - clk_out1_clk_wiz_0_1 rise@0.000ns)
  Data Path Delay:        0.674ns  (logic 0.141ns (20.919%)  route 0.533ns (79.081%))
  Logic Levels:           0  
  Clock Path Skew:        0.270ns (DCD - SCD - CPR)
    Destination Clock Delay (DCD):    -0.437ns
    Source Clock Delay      (SCD):    -0.662ns
    Clock Pessimism Removal (CPR):    -0.045ns

    Location             Delay type                Incr(ns)  Path(ns)    Netlist Resource(s)
  -------------------------------------------------------------------    -------------------
                         (clock clk_out1_clk_wiz_0_1 rise edge)
                                                      0.000     0.000 r  
    R4                                                0.000     0.000 r  clk (IN)
                         net (fo=0)                   0.000     0.000    clk_gen/inst/clk_in1
    R4                   IBUF (Prop_ibuf_I_O)         0.243     0.243 r  clk_gen/inst/clkin1_ibufg/O
                         net (fo=1, routed)           0.440     0.683    clk_gen/inst/clk_in1_clk_wiz_0
    PLLE2_ADV_X1Y2       PLLE2_ADV (Prop_plle2_adv_CLKIN1_CLKOUT0)
                                                     -2.503    -1.819 r  clk_gen/inst/plle2_adv_inst/CLKOUT0
                         net (fo=1, routed)           0.546    -1.273    clk_gen/inst/clk_out1_clk_wiz_0
    BUFGCTRL_X0Y0        BUFG (Prop_bufg_I_O)         0.026    -1.247 r  clk_gen/inst/clkout1_buf/O
                         net (fo=6346, routed)        0.586    -0.662    rv64im72f_5sp/ex_mem_register/clk_out1
    SLICE_X45Y144        FDCE                                         r  rv64im72f_5sp/ex_mem_register/MEM_alu_result_reg[2]_rep__28/C
  -------------------------------------------------------------------    -------------------
    SLICE_X45Y144        FDCE (Prop_fdce_C_Q)         0.141    -0.521 r  rv64im72f_5sp/ex_mem_register/MEM_alu_result_reg[2]_rep__28/Q
                         net (fo=128, routed)         0.533     0.012    rv64im72f_5sp/data_memory/memory_reg_1024_1279_29_29/A0
    SLICE_X42Y150        RAMS64E                                      r  rv64im72f_5sp/data_memory/memory_reg_1024_1279_29_29/RAMS64E_A/ADR0
  -------------------------------------------------------------------    -------------------

                         (clock clk_out1_clk_wiz_0_1 rise edge)
                                                      0.000     0.000 r  
    R4                                                0.000     0.000 r  clk (IN)
                         net (fo=0)                   0.000     0.000    clk_gen/inst/clk_in1
    R4                   IBUF (Prop_ibuf_I_O)         0.431     0.431 r  clk_gen/inst/clkin1_ibufg/O
                         net (fo=1, routed)           0.481     0.912    clk_gen/inst/clk_in1_clk_wiz_0
    PLLE2_ADV_X1Y2       PLLE2_ADV (Prop_plle2_adv_CLKIN1_CLKOUT0)
                                                     -2.828    -1.916 r  clk_gen/inst/plle2_adv_inst/CLKOUT0
                         net (fo=1, routed)           0.595    -1.322    clk_gen/inst/clk_out1_clk_wiz_0
    BUFGCTRL_X0Y0        BUFG (Prop_bufg_I_O)         0.029    -1.293 r  clk_gen/inst/clkout1_buf/O
                         net (fo=6346, routed)        0.855    -0.437    rv64im72f_5sp/data_memory/memory_reg_1024_1279_29_29/WCLK
    SLICE_X42Y150        RAMS64E                                      r  rv64im72f_5sp/data_memory/memory_reg_1024_1279_29_29/RAMS64E_A/CLK
                         clock pessimism              0.045    -0.392    
    SLICE_X42Y150        RAMS64E (Hold_rams64e_CLK_ADR0)
                                                      0.310    -0.082    rv64im72f_5sp/data_memory/memory_reg_1024_1279_29_29/RAMS64E_A
  -------------------------------------------------------------------
                         required time                          0.082    
                         arrival time                           0.012    
  -------------------------------------------------------------------
                         slack                                  0.094    

Slack (MET) :             0.094ns  (arrival time - required time)
  Source:                 rv64im72f_5sp/ex_mem_register/MEM_alu_result_reg[2]_rep__28/C
                            (rising edge-triggered cell FDCE clocked by clk_out1_clk_wiz_0_1  {rise@0.000ns fall@11.628ns period=23.256ns})
  Destination:            rv64im72f_5sp/data_memory/memory_reg_1024_1279_29_29/RAMS64E_B/ADR0
                            (rising edge-triggered cell RAMS64E clocked by clk_out1_clk_wiz_0_1  {rise@0.000ns fall@11.628ns period=23.256ns})
  Path Group:             clk_out1_clk_wiz_0_1
  Path Type:              Hold (Min at Fast Process Corner)
  Requirement:            0.000ns  (clk_out1_clk_wiz_0_1 rise@0.000ns - clk_out1_clk_wiz_0_1 rise@0.000ns)
  Data Path Delay:        0.674ns  (logic 0.141ns (20.919%)  route 0.533ns (79.081%))
  Logic Levels:           0  
  Clock Path Skew:        0.270ns (DCD - SCD - CPR)
    Destination Clock Delay (DCD):    -0.437ns
    Source Clock Delay      (SCD):    -0.662ns
    Clock Pessimism Removal (CPR):    -0.045ns

    Location             Delay type                Incr(ns)  Path(ns)    Netlist Resource(s)
  -------------------------------------------------------------------    -------------------
                         (clock clk_out1_clk_wiz_0_1 rise edge)
                                                      0.000     0.000 r  
    R4                                                0.000     0.000 r  clk (IN)
                         net (fo=0)                   0.000     0.000    clk_gen/inst/clk_in1
    R4                   IBUF (Prop_ibuf_I_O)         0.243     0.243 r  clk_gen/inst/clkin1_ibufg/O
                         net (fo=1, routed)           0.440     0.683    clk_gen/inst/clk_in1_clk_wiz_0
    PLLE2_ADV_X1Y2       PLLE2_ADV (Prop_plle2_adv_CLKIN1_CLKOUT0)
                                                     -2.503    -1.819 r  clk_gen/inst/plle2_adv_inst/CLKOUT0
                         net (fo=1, routed)           0.546    -1.273    clk_gen/inst/clk_out1_clk_wiz_0
    BUFGCTRL_X0Y0        BUFG (Prop_bufg_I_O)         0.026    -1.247 r  clk_gen/inst/clkout1_buf/O
                         net (fo=6346, routed)        0.586    -0.662    rv64im72f_5sp/ex_mem_register/clk_out1
    SLICE_X45Y144        FDCE                                         r  rv64im72f_5sp/ex_mem_register/MEM_alu_result_reg[2]_rep__28/C
  -------------------------------------------------------------------    -------------------
    SLICE_X45Y144        FDCE (Prop_fdce_C_Q)         0.141    -0.521 r  rv64im72f_5sp/ex_mem_register/MEM_alu_result_reg[2]_rep__28/Q
                         net (fo=128, routed)         0.533     0.012    rv64im72f_5sp/data_memory/memory_reg_1024_1279_29_29/A0
    SLICE_X42Y150        RAMS64E                                      r  rv64im72f_5sp/data_memory/memory_reg_1024_1279_29_29/RAMS64E_B/ADR0
  -------------------------------------------------------------------    -------------------

                         (clock clk_out1_clk_wiz_0_1 rise edge)
                                                      0.000     0.000 r  
    R4                                                0.000     0.000 r  clk (IN)
                         net (fo=0)                   0.000     0.000    clk_gen/inst/clk_in1
    R4                   IBUF (Prop_ibuf_I_O)         0.431     0.431 r  clk_gen/inst/clkin1_ibufg/O
                         net (fo=1, routed)           0.481     0.912    clk_gen/inst/clk_in1_clk_wiz_0
    PLLE2_ADV_X1Y2       PLLE2_ADV (Prop_plle2_adv_CLKIN1_CLKOUT0)
                                                     -2.828    -1.916 r  clk_gen/inst/plle2_adv_inst/CLKOUT0
                         net (fo=1, routed)           0.595    -1.322    clk_gen/inst/clk_out1_clk_wiz_0
    BUFGCTRL_X0Y0        BUFG (Prop_bufg_I_O)         0.029    -1.293 r  clk_gen/inst/clkout1_buf/O
                         net (fo=6346, routed)        0.855    -0.437    rv64im72f_5sp/data_memory/memory_reg_1024_1279_29_29/WCLK
    SLICE_X42Y150        RAMS64E                                      r  rv64im72f_5sp/data_memory/memory_reg_1024_1279_29_29/RAMS64E_B/CLK
                         clock pessimism              0.045    -0.392    
    SLICE_X42Y150        RAMS64E (Hold_rams64e_CLK_ADR0)
                                                      0.310    -0.082    rv64im72f_5sp/data_memory/memory_reg_1024_1279_29_29/RAMS64E_B
  -------------------------------------------------------------------
                         required time                          0.082    
                         arrival time                           0.012    
  -------------------------------------------------------------------
                         slack                                  0.094    

Slack (MET) :             0.094ns  (arrival time - required time)
  Source:                 rv64im72f_5sp/ex_mem_register/MEM_alu_result_reg[2]_rep__28/C
                            (rising edge-triggered cell FDCE clocked by clk_out1_clk_wiz_0_1  {rise@0.000ns fall@11.628ns period=23.256ns})
  Destination:            rv64im72f_5sp/data_memory/memory_reg_1024_1279_29_29/RAMS64E_C/ADR0
                            (rising edge-triggered cell RAMS64E clocked by clk_out1_clk_wiz_0_1  {rise@0.000ns fall@11.628ns period=23.256ns})
  Path Group:             clk_out1_clk_wiz_0_1
  Path Type:              Hold (Min at Fast Process Corner)
  Requirement:            0.000ns  (clk_out1_clk_wiz_0_1 rise@0.000ns - clk_out1_clk_wiz_0_1 rise@0.000ns)
  Data Path Delay:        0.674ns  (logic 0.141ns (20.919%)  route 0.533ns (79.081%))
  Logic Levels:           0  
  Clock Path Skew:        0.270ns (DCD - SCD - CPR)
    Destination Clock Delay (DCD):    -0.437ns
    Source Clock Delay      (SCD):    -0.662ns
    Clock Pessimism Removal (CPR):    -0.045ns

    Location             Delay type                Incr(ns)  Path(ns)    Netlist Resource(s)
  -------------------------------------------------------------------    -------------------
                         (clock clk_out1_clk_wiz_0_1 rise edge)
                                                      0.000     0.000 r  
    R4                                                0.000     0.000 r  clk (IN)
                         net (fo=0)                   0.000     0.000    clk_gen/inst/clk_in1
    R4                   IBUF (Prop_ibuf_I_O)         0.243     0.243 r  clk_gen/inst/clkin1_ibufg/O
                         net (fo=1, routed)           0.440     0.683    clk_gen/inst/clk_in1_clk_wiz_0
    PLLE2_ADV_X1Y2       PLLE2_ADV (Prop_plle2_adv_CLKIN1_CLKOUT0)
                                                     -2.503    -1.819 r  clk_gen/inst/plle2_adv_inst/CLKOUT0
                         net (fo=1, routed)           0.546    -1.273    clk_gen/inst/clk_out1_clk_wiz_0
    BUFGCTRL_X0Y0        BUFG (Prop_bufg_I_O)         0.026    -1.247 r  clk_gen/inst/clkout1_buf/O
                         net (fo=6346, routed)        0.586    -0.662    rv64im72f_5sp/ex_mem_register/clk_out1
    SLICE_X45Y144        FDCE                                         r  rv64im72f_5sp/ex_mem_register/MEM_alu_result_reg[2]_rep__28/C
  -------------------------------------------------------------------    -------------------
    SLICE_X45Y144        FDCE (Prop_fdce_C_Q)         0.141    -0.521 r  rv64im72f_5sp/ex_mem_register/MEM_alu_result_reg[2]_rep__28/Q
                         net (fo=128, routed)         0.533     0.012    rv64im72f_5sp/data_memory/memory_reg_1024_1279_29_29/A0
    SLICE_X42Y150        RAMS64E                                      r  rv64im72f_5sp/data_memory/memory_reg_1024_1279_29_29/RAMS64E_C/ADR0
  -------------------------------------------------------------------    -------------------

                         (clock clk_out1_clk_wiz_0_1 rise edge)
                                                      0.000     0.000 r  
    R4                                                0.000     0.000 r  clk (IN)
                         net (fo=0)                   0.000     0.000    clk_gen/inst/clk_in1
    R4                   IBUF (Prop_ibuf_I_O)         0.431     0.431 r  clk_gen/inst/clkin1_ibufg/O
                         net (fo=1, routed)           0.481     0.912    clk_gen/inst/clk_in1_clk_wiz_0
    PLLE2_ADV_X1Y2       PLLE2_ADV (Prop_plle2_adv_CLKIN1_CLKOUT0)
                                                     -2.828    -1.916 r  clk_gen/inst/plle2_adv_inst/CLKOUT0
                         net (fo=1, routed)           0.595    -1.322    clk_gen/inst/clk_out1_clk_wiz_0
    BUFGCTRL_X0Y0        BUFG (Prop_bufg_I_O)         0.029    -1.293 r  clk_gen/inst/clkout1_buf/O
                         net (fo=6346, routed)        0.855    -0.437    rv64im72f_5sp/data_memory/memory_reg_1024_1279_29_29/WCLK
    SLICE_X42Y150        RAMS64E                                      r  rv64im72f_5sp/data_memory/memory_reg_1024_1279_29_29/RAMS64E_C/CLK
                         clock pessimism              0.045    -0.392    
    SLICE_X42Y150        RAMS64E (Hold_rams64e_CLK_ADR0)
                                                      0.310    -0.082    rv64im72f_5sp/data_memory/memory_reg_1024_1279_29_29/RAMS64E_C
  -------------------------------------------------------------------
                         required time                          0.082    
                         arrival time                           0.012    
  -------------------------------------------------------------------
                         slack                                  0.094    

Slack (MET) :             0.094ns  (arrival time - required time)
  Source:                 rv64im72f_5sp/ex_mem_register/MEM_alu_result_reg[2]_rep__28/C
                            (rising edge-triggered cell FDCE clocked by clk_out1_clk_wiz_0_1  {rise@0.000ns fall@11.628ns period=23.256ns})
  Destination:            rv64im72f_5sp/data_memory/memory_reg_1024_1279_29_29/RAMS64E_D/ADR0
                            (rising edge-triggered cell RAMS64E clocked by clk_out1_clk_wiz_0_1  {rise@0.000ns fall@11.628ns period=23.256ns})
  Path Group:             clk_out1_clk_wiz_0_1
  Path Type:              Hold (Min at Fast Process Corner)
  Requirement:            0.000ns  (clk_out1_clk_wiz_0_1 rise@0.000ns - clk_out1_clk_wiz_0_1 rise@0.000ns)
  Data Path Delay:        0.674ns  (logic 0.141ns (20.919%)  route 0.533ns (79.081%))
  Logic Levels:           0  
  Clock Path Skew:        0.270ns (DCD - SCD - CPR)
    Destination Clock Delay (DCD):    -0.437ns
    Source Clock Delay      (SCD):    -0.662ns
    Clock Pessimism Removal (CPR):    -0.045ns

    Location             Delay type                Incr(ns)  Path(ns)    Netlist Resource(s)
  -------------------------------------------------------------------    -------------------
                         (clock clk_out1_clk_wiz_0_1 rise edge)
                                                      0.000     0.000 r  
    R4                                                0.000     0.000 r  clk (IN)
                         net (fo=0)                   0.000     0.000    clk_gen/inst/clk_in1
    R4                   IBUF (Prop_ibuf_I_O)         0.243     0.243 r  clk_gen/inst/clkin1_ibufg/O
                         net (fo=1, routed)           0.440     0.683    clk_gen/inst/clk_in1_clk_wiz_0
    PLLE2_ADV_X1Y2       PLLE2_ADV (Prop_plle2_adv_CLKIN1_CLKOUT0)
                                                     -2.503    -1.819 r  clk_gen/inst/plle2_adv_inst/CLKOUT0
                         net (fo=1, routed)           0.546    -1.273    clk_gen/inst/clk_out1_clk_wiz_0
    BUFGCTRL_X0Y0        BUFG (Prop_bufg_I_O)         0.026    -1.247 r  clk_gen/inst/clkout1_buf/O
                         net (fo=6346, routed)        0.586    -0.662    rv64im72f_5sp/ex_mem_register/clk_out1
    SLICE_X45Y144        FDCE                                         r  rv64im72f_5sp/ex_mem_register/MEM_alu_result_reg[2]_rep__28/C
  -------------------------------------------------------------------    -------------------
    SLICE_X45Y144        FDCE (Prop_fdce_C_Q)         0.141    -0.521 r  rv64im72f_5sp/ex_mem_register/MEM_alu_result_reg[2]_rep__28/Q
                         net (fo=128, routed)         0.533     0.012    rv64im72f_5sp/data_memory/memory_reg_1024_1279_29_29/A0
    SLICE_X42Y150        RAMS64E                                      r  rv64im72f_5sp/data_memory/memory_reg_1024_1279_29_29/RAMS64E_D/ADR0
  -------------------------------------------------------------------    -------------------

                         (clock clk_out1_clk_wiz_0_1 rise edge)
                                                      0.000     0.000 r  
    R4                                                0.000     0.000 r  clk (IN)
                         net (fo=0)                   0.000     0.000    clk_gen/inst/clk_in1
    R4                   IBUF (Prop_ibuf_I_O)         0.431     0.431 r  clk_gen/inst/clkin1_ibufg/O
                         net (fo=1, routed)           0.481     0.912    clk_gen/inst/clk_in1_clk_wiz_0
    PLLE2_ADV_X1Y2       PLLE2_ADV (Prop_plle2_adv_CLKIN1_CLKOUT0)
                                                     -2.828    -1.916 r  clk_gen/inst/plle2_adv_inst/CLKOUT0
                         net (fo=1, routed)           0.595    -1.322    clk_gen/inst/clk_out1_clk_wiz_0
    BUFGCTRL_X0Y0        BUFG (Prop_bufg_I_O)         0.029    -1.293 r  clk_gen/inst/clkout1_buf/O
                         net (fo=6346, routed)        0.855    -0.437    rv64im72f_5sp/data_memory/memory_reg_1024_1279_29_29/WCLK
    SLICE_X42Y150        RAMS64E                                      r  rv64im72f_5sp/data_memory/memory_reg_1024_1279_29_29/RAMS64E_D/CLK
                         clock pessimism              0.045    -0.392    
    SLICE_X42Y150        RAMS64E (Hold_rams64e_CLK_ADR0)
                                                      0.310    -0.082    rv64im72f_5sp/data_memory/memory_reg_1024_1279_29_29/RAMS64E_D
  -------------------------------------------------------------------
                         required time                          0.082    
                         arrival time                           0.012    
  -------------------------------------------------------------------
                         slack                                  0.094    

Slack (MET) :             0.094ns  (arrival time - required time)
  Source:                 rv64im72f_5sp/ex_mem_register/MEM_csr_read_data_reg[5]/C
                            (rising edge-triggered cell FDCE clocked by clk_out1_clk_wiz_0_1  {rise@0.000ns fall@11.628ns period=23.256ns})
  Destination:            rv64im72f_5sp/mem_wb_register/WB_csr_read_data_reg[5]/D
                            (rising edge-triggered cell FDCE clocked by clk_out1_clk_wiz_0_1  {rise@0.000ns fall@11.628ns period=23.256ns})
  Path Group:             clk_out1_clk_wiz_0_1
  Path Type:              Hold (Min at Fast Process Corner)
  Requirement:            0.000ns  (clk_out1_clk_wiz_0_1 rise@0.000ns - clk_out1_clk_wiz_0_1 rise@0.000ns)
  Data Path Delay:        0.386ns  (logic 0.209ns (54.205%)  route 0.177ns (45.795%))
  Logic Levels:           1  (LUT2=1)
  Clock Path Skew:        0.199ns (DCD - SCD - CPR)
    Destination Clock Delay (DCD):    -0.443ns
    Source Clock Delay      (SCD):    -0.602ns
    Clock Pessimism Removal (CPR):    -0.040ns

    Location             Delay type                Incr(ns)  Path(ns)    Netlist Resource(s)
  -------------------------------------------------------------------    -------------------
                         (clock clk_out1_clk_wiz_0_1 rise edge)
                                                      0.000     0.000 r  
    R4                                                0.000     0.000 r  clk (IN)
                         net (fo=0)                   0.000     0.000    clk_gen/inst/clk_in1
    R4                   IBUF (Prop_ibuf_I_O)         0.243     0.243 r  clk_gen/inst/clkin1_ibufg/O
                         net (fo=1, routed)           0.440     0.683    clk_gen/inst/clk_in1_clk_wiz_0
    PLLE2_ADV_X1Y2       PLLE2_ADV (Prop_plle2_adv_CLKIN1_CLKOUT0)
                                                     -2.503    -1.819 r  clk_gen/inst/plle2_adv_inst/CLKOUT0
                         net (fo=1, routed)           0.546    -1.273    clk_gen/inst/clk_out1_clk_wiz_0
    BUFGCTRL_X0Y0        BUFG (Prop_bufg_I_O)         0.026    -1.247 r  clk_gen/inst/clkout1_buf/O
                         net (fo=6346, routed)        0.645    -0.602    rv64im72f_5sp/ex_mem_register/clk_out1
    SLICE_X66Y98         FDCE                                         r  rv64im72f_5sp/ex_mem_register/MEM_csr_read_data_reg[5]/C
  -------------------------------------------------------------------    -------------------
    SLICE_X66Y98         FDCE (Prop_fdce_C_Q)         0.164    -0.438 r  rv64im72f_5sp/ex_mem_register/MEM_csr_read_data_reg[5]/Q
                         net (fo=2, routed)           0.177    -0.262    rv64im72f_5sp/ex_mem_register/MEM_csr_read_data[5]
    SLICE_X67Y101        LUT2 (Prop_lut2_I0_O)        0.045    -0.217 r  rv64im72f_5sp/ex_mem_register/WB_csr_read_data[5]_i_1/O
                         net (fo=1, routed)           0.000    -0.217    rv64im72f_5sp/mem_wb_register/WB_csr_read_data_reg[31]_1[5]
    SLICE_X67Y101        FDCE                                         r  rv64im72f_5sp/mem_wb_register/WB_csr_read_data_reg[5]/D
  -------------------------------------------------------------------    -------------------

                         (clock clk_out1_clk_wiz_0_1 rise edge)
                                                      0.000     0.000 r  
    R4                                                0.000     0.000 r  clk (IN)
                         net (fo=0)                   0.000     0.000    clk_gen/inst/clk_in1
    R4                   IBUF (Prop_ibuf_I_O)         0.431     0.431 r  clk_gen/inst/clkin1_ibufg/O
                         net (fo=1, routed)           0.481     0.912    clk_gen/inst/clk_in1_clk_wiz_0
    PLLE2_ADV_X1Y2       PLLE2_ADV (Prop_plle2_adv_CLKIN1_CLKOUT0)
                                                     -2.828    -1.916 r  clk_gen/inst/plle2_adv_inst/CLKOUT0
                         net (fo=1, routed)           0.595    -1.322    clk_gen/inst/clk_out1_clk_wiz_0
    BUFGCTRL_X0Y0        BUFG (Prop_bufg_I_O)         0.029    -1.293 r  clk_gen/inst/clkout1_buf/O
                         net (fo=6346, routed)        0.850    -0.443    rv64im72f_5sp/mem_wb_register/clk_out1
    SLICE_X67Y101        FDCE                                         r  rv64im72f_5sp/mem_wb_register/WB_csr_read_data_reg[5]/C
                         clock pessimism              0.040    -0.403    
    SLICE_X67Y101        FDCE (Hold_fdce_C_D)         0.092    -0.311    rv64im72f_5sp/mem_wb_register/WB_csr_read_data_reg[5]
  -------------------------------------------------------------------
                         required time                          0.311    
                         arrival time                          -0.217    
  -------------------------------------------------------------------
                         slack                                  0.094    

Slack (MET) :             0.094ns  (arrival time - required time)
  Source:                 rv64im72f_5sp/mem_wb_register/WB_imm_reg[13]/C
                            (rising edge-triggered cell FDCE clocked by clk_out1_clk_wiz_0_1  {rise@0.000ns fall@11.628ns period=23.256ns})
  Destination:            rv64im72f_5sp/retire_imm_reg[13]/D
                            (rising edge-triggered cell FDCE clocked by clk_out1_clk_wiz_0_1  {rise@0.000ns fall@11.628ns period=23.256ns})
  Path Group:             clk_out1_clk_wiz_0_1
  Path Type:              Hold (Min at Fast Process Corner)
  Requirement:            0.000ns  (clk_out1_clk_wiz_0_1 rise@0.000ns - clk_out1_clk_wiz_0_1 rise@0.000ns)
  Data Path Delay:        0.357ns  (logic 0.164ns (45.967%)  route 0.193ns (54.033%))
  Logic Levels:           0  
  Clock Path Skew:        0.199ns (DCD - SCD - CPR)
    Destination Clock Delay (DCD):    -0.441ns
    Source Clock Delay      (SCD):    -0.600ns
    Clock Pessimism Removal (CPR):    -0.040ns

    Location             Delay type                Incr(ns)  Path(ns)    Netlist Resource(s)
  -------------------------------------------------------------------    -------------------
                         (clock clk_out1_clk_wiz_0_1 rise edge)
                                                      0.000     0.000 r  
    R4                                                0.000     0.000 r  clk (IN)
                         net (fo=0)                   0.000     0.000    clk_gen/inst/clk_in1
    R4                   IBUF (Prop_ibuf_I_O)         0.243     0.243 r  clk_gen/inst/clkin1_ibufg/O
                         net (fo=1, routed)           0.440     0.683    clk_gen/inst/clk_in1_clk_wiz_0
    PLLE2_ADV_X1Y2       PLLE2_ADV (Prop_plle2_adv_CLKIN1_CLKOUT0)
                                                     -2.503    -1.819 r  clk_gen/inst/plle2_adv_inst/CLKOUT0
                         net (fo=1, routed)           0.546    -1.273    clk_gen/inst/clk_out1_clk_wiz_0
    BUFGCTRL_X0Y0        BUFG (Prop_bufg_I_O)         0.026    -1.247 r  clk_gen/inst/clkout1_buf/O
                         net (fo=6346, routed)        0.647    -0.600    rv64im72f_5sp/mem_wb_register/clk_out1
    SLICE_X64Y98         FDCE                                         r  rv64im72f_5sp/mem_wb_register/WB_imm_reg[13]/C
  -------------------------------------------------------------------    -------------------
    SLICE_X64Y98         FDCE (Prop_fdce_C_Q)         0.164    -0.436 r  rv64im72f_5sp/mem_wb_register/WB_imm_reg[13]/Q
                         net (fo=3, routed)           0.193    -0.243    rv64im72f_5sp/WB_imm[13]
    SLICE_X64Y100        FDCE                                         r  rv64im72f_5sp/retire_imm_reg[13]/D
  -------------------------------------------------------------------    -------------------

                         (clock clk_out1_clk_wiz_0_1 rise edge)
                                                      0.000     0.000 r  
    R4                                                0.000     0.000 r  clk (IN)
                         net (fo=0)                   0.000     0.000    clk_gen/inst/clk_in1
    R4                   IBUF (Prop_ibuf_I_O)         0.431     0.431 r  clk_gen/inst/clkin1_ibufg/O
                         net (fo=1, routed)           0.481     0.912    clk_gen/inst/clk_in1_clk_wiz_0
    PLLE2_ADV_X1Y2       PLLE2_ADV (Prop_plle2_adv_CLKIN1_CLKOUT0)
                                                     -2.828    -1.916 r  clk_gen/inst/plle2_adv_inst/CLKOUT0
                         net (fo=1, routed)           0.595    -1.322    clk_gen/inst/clk_out1_clk_wiz_0
    BUFGCTRL_X0Y0        BUFG (Prop_bufg_I_O)         0.029    -1.293 r  clk_gen/inst/clkout1_buf/O
                         net (fo=6346, routed)        0.852    -0.441    rv64im72f_5sp/clk_out1
    SLICE_X64Y100        FDCE                                         r  rv64im72f_5sp/retire_imm_reg[13]/C
                         clock pessimism              0.040    -0.401    
    SLICE_X64Y100        FDCE (Hold_fdce_C_D)         0.063    -0.338    rv64im72f_5sp/retire_imm_reg[13]
  -------------------------------------------------------------------
                         required time                          0.338    
                         arrival time                          -0.243    
  -------------------------------------------------------------------
                         slack                                  0.094    

Slack (MET) :             0.104ns  (arrival time - required time)
  Source:                 rv64im72f_5sp/ex_mem_register/MEM_csr_read_data_reg[16]/C
                            (rising edge-triggered cell FDCE clocked by clk_out1_clk_wiz_0_1  {rise@0.000ns fall@11.628ns period=23.256ns})
  Destination:            rv64im72f_5sp/mem_wb_register/WB_csr_read_data_reg[16]/D
                            (rising edge-triggered cell FDCE clocked by clk_out1_clk_wiz_0_1  {rise@0.000ns fall@11.628ns period=23.256ns})
  Path Group:             clk_out1_clk_wiz_0_1
  Path Type:              Hold (Min at Fast Process Corner)
  Requirement:            0.000ns  (clk_out1_clk_wiz_0_1 rise@0.000ns - clk_out1_clk_wiz_0_1 rise@0.000ns)
  Data Path Delay:        0.424ns  (logic 0.209ns (49.245%)  route 0.215ns (50.755%))
  Logic Levels:           1  (LUT2=1)
  Clock Path Skew:        0.199ns (DCD - SCD - CPR)
    Destination Clock Delay (DCD):    -0.443ns
    Source Clock Delay      (SCD):    -0.602ns
    Clock Pessimism Removal (CPR):    -0.040ns

    Location             Delay type                Incr(ns)  Path(ns)    Netlist Resource(s)
  -------------------------------------------------------------------    -------------------
                         (clock clk_out1_clk_wiz_0_1 rise edge)
                                                      0.000     0.000 r  
    R4                                                0.000     0.000 r  clk (IN)
                         net (fo=0)                   0.000     0.000    clk_gen/inst/clk_in1
    R4                   IBUF (Prop_ibuf_I_O)         0.243     0.243 r  clk_gen/inst/clkin1_ibufg/O
                         net (fo=1, routed)           0.440     0.683    clk_gen/inst/clk_in1_clk_wiz_0
    PLLE2_ADV_X1Y2       PLLE2_ADV (Prop_plle2_adv_CLKIN1_CLKOUT0)
                                                     -2.503    -1.819 r  clk_gen/inst/plle2_adv_inst/CLKOUT0
                         net (fo=1, routed)           0.546    -1.273    clk_gen/inst/clk_out1_clk_wiz_0
    BUFGCTRL_X0Y0        BUFG (Prop_bufg_I_O)         0.026    -1.247 r  clk_gen/inst/clkout1_buf/O
                         net (fo=6346, routed)        0.645    -0.602    rv64im72f_5sp/ex_mem_register/clk_out1
    SLICE_X66Y98         FDCE                                         r  rv64im72f_5sp/ex_mem_register/MEM_csr_read_data_reg[16]/C
  -------------------------------------------------------------------    -------------------
    SLICE_X66Y98         FDCE (Prop_fdce_C_Q)         0.164    -0.438 r  rv64im72f_5sp/ex_mem_register/MEM_csr_read_data_reg[16]/Q
                         net (fo=2, routed)           0.215    -0.223    rv64im72f_5sp/ex_mem_register/MEM_csr_read_data[16]
    SLICE_X66Y101        LUT2 (Prop_lut2_I0_O)        0.045    -0.178 r  rv64im72f_5sp/ex_mem_register/WB_csr_read_data[16]_i_1/O
                         net (fo=1, routed)           0.000    -0.178    rv64im72f_5sp/mem_wb_register/WB_csr_read_data_reg[31]_1[16]
    SLICE_X66Y101        FDCE                                         r  rv64im72f_5sp/mem_wb_register/WB_csr_read_data_reg[16]/D
  -------------------------------------------------------------------    -------------------

                         (clock clk_out1_clk_wiz_0_1 rise edge)
                                                      0.000     0.000 r  
    R4                                                0.000     0.000 r  clk (IN)
                         net (fo=0)                   0.000     0.000    clk_gen/inst/clk_in1
    R4                   IBUF (Prop_ibuf_I_O)         0.431     0.431 r  clk_gen/inst/clkin1_ibufg/O
                         net (fo=1, routed)           0.481     0.912    clk_gen/inst/clk_in1_clk_wiz_0
    PLLE2_ADV_X1Y2       PLLE2_ADV (Prop_plle2_adv_CLKIN1_CLKOUT0)
                                                     -2.828    -1.916 r  clk_gen/inst/plle2_adv_inst/CLKOUT0
                         net (fo=1, routed)           0.595    -1.322    clk_gen/inst/clk_out1_clk_wiz_0
    BUFGCTRL_X0Y0        BUFG (Prop_bufg_I_O)         0.029    -1.293 r  clk_gen/inst/clkout1_buf/O
                         net (fo=6346, routed)        0.850    -0.443    rv64im72f_5sp/mem_wb_register/clk_out1
    SLICE_X66Y101        FDCE                                         r  rv64im72f_5sp/mem_wb_register/WB_csr_read_data_reg[16]/C
                         clock pessimism              0.040    -0.403    
    SLICE_X66Y101        FDCE (Hold_fdce_C_D)         0.121    -0.282    rv64im72f_5sp/mem_wb_register/WB_csr_read_data_reg[16]
  -------------------------------------------------------------------
                         required time                          0.282    
                         arrival time                          -0.178    
  -------------------------------------------------------------------
                         slack                                  0.104    

Slack (MET) :             0.106ns  (arrival time - required time)
  Source:                 rv64im72f_5sp/mem_wb_register/WB_imm_reg[0]/C
                            (rising edge-triggered cell FDCE clocked by clk_out1_clk_wiz_0_1  {rise@0.000ns fall@11.628ns period=23.256ns})
  Destination:            rv64im72f_5sp/retire_imm_reg[0]/D
                            (rising edge-triggered cell FDCE clocked by clk_out1_clk_wiz_0_1  {rise@0.000ns fall@11.628ns period=23.256ns})
  Path Group:             clk_out1_clk_wiz_0_1
  Path Type:              Hold (Min at Fast Process Corner)
  Requirement:            0.000ns  (clk_out1_clk_wiz_0_1 rise@0.000ns - clk_out1_clk_wiz_0_1 rise@0.000ns)
  Data Path Delay:        0.369ns  (logic 0.141ns (38.246%)  route 0.228ns (61.754%))
  Logic Levels:           0  
  Clock Path Skew:        0.199ns (DCD - SCD - CPR)
    Destination Clock Delay (DCD):    -0.441ns
    Source Clock Delay      (SCD):    -0.600ns
    Clock Pessimism Removal (CPR):    -0.040ns

    Location             Delay type                Incr(ns)  Path(ns)    Netlist Resource(s)
  -------------------------------------------------------------------    -------------------
                         (clock clk_out1_clk_wiz_0_1 rise edge)
                                                      0.000     0.000 r  
    R4                                                0.000     0.000 r  clk (IN)
                         net (fo=0)                   0.000     0.000    clk_gen/inst/clk_in1
    R4                   IBUF (Prop_ibuf_I_O)         0.243     0.243 r  clk_gen/inst/clkin1_ibufg/O
                         net (fo=1, routed)           0.440     0.683    clk_gen/inst/clk_in1_clk_wiz_0
    PLLE2_ADV_X1Y2       PLLE2_ADV (Prop_plle2_adv_CLKIN1_CLKOUT0)
                                                     -2.503    -1.819 r  clk_gen/inst/plle2_adv_inst/CLKOUT0
                         net (fo=1, routed)           0.546    -1.273    clk_gen/inst/clk_out1_clk_wiz_0
    BUFGCTRL_X0Y0        BUFG (Prop_bufg_I_O)         0.026    -1.247 r  clk_gen/inst/clkout1_buf/O
                         net (fo=6346, routed)        0.647    -0.600    rv64im72f_5sp/mem_wb_register/clk_out1
    SLICE_X65Y97         FDCE                                         r  rv64im72f_5sp/mem_wb_register/WB_imm_reg[0]/C
  -------------------------------------------------------------------    -------------------
    SLICE_X65Y97         FDCE (Prop_fdce_C_Q)         0.141    -0.459 r  rv64im72f_5sp/mem_wb_register/WB_imm_reg[0]/Q
                         net (fo=3, routed)           0.228    -0.232    rv64im72f_5sp/WB_imm[0]
    SLICE_X64Y100        FDCE                                         r  rv64im72f_5sp/retire_imm_reg[0]/D
  -------------------------------------------------------------------    -------------------

                         (clock clk_out1_clk_wiz_0_1 rise edge)
                                                      0.000     0.000 r  
    R4                                                0.000     0.000 r  clk (IN)
                         net (fo=0)                   0.000     0.000    clk_gen/inst/clk_in1
    R4                   IBUF (Prop_ibuf_I_O)         0.431     0.431 r  clk_gen/inst/clkin1_ibufg/O
                         net (fo=1, routed)           0.481     0.912    clk_gen/inst/clk_in1_clk_wiz_0
    PLLE2_ADV_X1Y2       PLLE2_ADV (Prop_plle2_adv_CLKIN1_CLKOUT0)
                                                     -2.828    -1.916 r  clk_gen/inst/plle2_adv_inst/CLKOUT0
                         net (fo=1, routed)           0.595    -1.322    clk_gen/inst/clk_out1_clk_wiz_0
    BUFGCTRL_X0Y0        BUFG (Prop_bufg_I_O)         0.029    -1.293 r  clk_gen/inst/clkout1_buf/O
                         net (fo=6346, routed)        0.852    -0.441    rv64im72f_5sp/clk_out1
    SLICE_X64Y100        FDCE                                         r  rv64im72f_5sp/retire_imm_reg[0]/C
                         clock pessimism              0.040    -0.401    
    SLICE_X64Y100        FDCE (Hold_fdce_C_D)         0.063    -0.338    rv64im72f_5sp/retire_imm_reg[0]
  -------------------------------------------------------------------
                         required time                          0.338    
                         arrival time                          -0.232    
  -------------------------------------------------------------------
                         slack                                  0.106    

Slack (MET) :             0.109ns  (arrival time - required time)
  Source:                 rv64im72f_5sp/mem_wb_register/WB_csr_read_data_reg[0]/C
                            (rising edge-triggered cell FDCE clocked by clk_out1_clk_wiz_0_1  {rise@0.000ns fall@11.628ns period=23.256ns})
  Destination:            rv64im72f_5sp/retire_csr_read_data_reg[0]/D
                            (rising edge-triggered cell FDCE clocked by clk_out1_clk_wiz_0_1  {rise@0.000ns fall@11.628ns period=23.256ns})
  Path Group:             clk_out1_clk_wiz_0_1
  Path Type:              Hold (Min at Fast Process Corner)
  Requirement:            0.000ns  (clk_out1_clk_wiz_0_1 rise@0.000ns - clk_out1_clk_wiz_0_1 rise@0.000ns)
  Data Path Delay:        0.368ns  (logic 0.141ns (38.333%)  route 0.227ns (61.667%))
  Logic Levels:           0  
  Clock Path Skew:        0.199ns (DCD - SCD - CPR)
    Destination Clock Delay (DCD):    -0.441ns
    Source Clock Delay      (SCD):    -0.600ns
    Clock Pessimism Removal (CPR):    -0.040ns

    Location             Delay type                Incr(ns)  Path(ns)    Netlist Resource(s)
  -------------------------------------------------------------------    -------------------
                         (clock clk_out1_clk_wiz_0_1 rise edge)
                                                      0.000     0.000 r  
    R4                                                0.000     0.000 r  clk (IN)
                         net (fo=0)                   0.000     0.000    clk_gen/inst/clk_in1
    R4                   IBUF (Prop_ibuf_I_O)         0.243     0.243 r  clk_gen/inst/clkin1_ibufg/O
                         net (fo=1, routed)           0.440     0.683    clk_gen/inst/clk_in1_clk_wiz_0
    PLLE2_ADV_X1Y2       PLLE2_ADV (Prop_plle2_adv_CLKIN1_CLKOUT0)
                                                     -2.503    -1.819 r  clk_gen/inst/plle2_adv_inst/CLKOUT0
                         net (fo=1, routed)           0.546    -1.273    clk_gen/inst/clk_out1_clk_wiz_0
    BUFGCTRL_X0Y0        BUFG (Prop_bufg_I_O)         0.026    -1.247 r  clk_gen/inst/clkout1_buf/O
                         net (fo=6346, routed)        0.647    -0.600    rv64im72f_5sp/mem_wb_register/clk_out1
    SLICE_X65Y97         FDCE                                         r  rv64im72f_5sp/mem_wb_register/WB_csr_read_data_reg[0]/C
  -------------------------------------------------------------------    -------------------
    SLICE_X65Y97         FDCE (Prop_fdce_C_Q)         0.141    -0.459 r  rv64im72f_5sp/mem_wb_register/WB_csr_read_data_reg[0]/Q
                         net (fo=3, routed)           0.227    -0.232    rv64im72f_5sp/WB_csr_read_data[0]
    SLICE_X64Y100        FDCE                                         r  rv64im72f_5sp/retire_csr_read_data_reg[0]/D
  -------------------------------------------------------------------    -------------------

                         (clock clk_out1_clk_wiz_0_1 rise edge)
                                                      0.000     0.000 r  
    R4                                                0.000     0.000 r  clk (IN)
                         net (fo=0)                   0.000     0.000    clk_gen/inst/clk_in1
    R4                   IBUF (Prop_ibuf_I_O)         0.431     0.431 r  clk_gen/inst/clkin1_ibufg/O
                         net (fo=1, routed)           0.481     0.912    clk_gen/inst/clk_in1_clk_wiz_0
    PLLE2_ADV_X1Y2       PLLE2_ADV (Prop_plle2_adv_CLKIN1_CLKOUT0)
                                                     -2.828    -1.916 r  clk_gen/inst/plle2_adv_inst/CLKOUT0
                         net (fo=1, routed)           0.595    -1.322    clk_gen/inst/clk_out1_clk_wiz_0
    BUFGCTRL_X0Y0        BUFG (Prop_bufg_I_O)         0.029    -1.293 r  clk_gen/inst/clkout1_buf/O
                         net (fo=6346, routed)        0.852    -0.441    rv64im72f_5sp/clk_out1
    SLICE_X64Y100        FDCE                                         r  rv64im72f_5sp/retire_csr_read_data_reg[0]/C
                         clock pessimism              0.040    -0.401    
    SLICE_X64Y100        FDCE (Hold_fdce_C_D)         0.059    -0.342    rv64im72f_5sp/retire_csr_read_data_reg[0]
  -------------------------------------------------------------------
                         required time                          0.342    
                         arrival time                          -0.232    
  -------------------------------------------------------------------
                         slack                                  0.109    





Pulse Width Checks
--------------------------------------------------------------------------------------
Clock Name:         clk_out1_clk_wiz_0_1
Waveform(ns):       { 0.000 11.628 }
Period(ns):         23.256
Sources:            { clk_gen/inst/plle2_adv_inst/CLKOUT0 }

Check Type        Corner  Lib Pin            Reference Pin  Required(ns)  Actual(ns)  Slack(ns)  Location        Pin
Min Period        n/a     BUFG/I             n/a            2.155         23.256      21.101     BUFGCTRL_X0Y0   clk_gen/inst/clkout1_buf/I
Min Period        n/a     DSP48E1/CLK        n/a            2.154         23.256      21.102     DSP48_X2Y41     rv64im72f_5sp/alu/multiplier_word/mult_result__0/CLK
Min Period        n/a     DSP48E1/CLK        n/a            2.154         23.256      21.102     DSP48_X2Y39     rv64im72f_5sp/alu/multiplier_word/mult_result__2/CLK
Min Period        n/a     PLLE2_ADV/CLKOUT0  n/a            1.249         23.256      22.007     PLLE2_ADV_X1Y2  clk_gen/inst/plle2_adv_inst/CLKOUT0
Min Period        n/a     FDCE/C             n/a            1.000         23.256      22.256     SLICE_X22Y125   cpu_clk_enable_reg/C
Min Period        n/a     FDCE/C             n/a            1.000         23.256      22.256     SLICE_X43Y102   mult_result_carry__3_i_9/C
Min Period        n/a     FDCE/C             n/a            1.000         23.256      22.256     SLICE_X43Y102   mult_result_carry_i_7/C
Min Period        n/a     FDPE/C             n/a            1.000         23.256      22.256     SLICE_X63Y137   reset_sync_reg[0]/C
Min Period        n/a     FDPE/C             n/a            1.000         23.256      22.256     SLICE_X63Y137   reset_sync_reg[1]/C
Min Period        n/a     FDPE/C             n/a            1.000         23.256      22.256     SLICE_X63Y137   reset_sync_reg[2]/C
Max Period        n/a     PLLE2_ADV/CLKOUT0  n/a            160.000       23.256      136.744    PLLE2_ADV_X1Y2  clk_gen/inst/plle2_adv_inst/CLKOUT0
Low Pulse Width   Slow    RAMS64E/CLK        n/a            1.250         11.628      10.378     SLICE_X72Y140   rv64im72f_5sp/data_memory/memory_reg_0_255_0_0/RAMS64E_A/CLK
Low Pulse Width   Fast    RAMS64E/CLK        n/a            1.250         11.628      10.378     SLICE_X72Y140   rv64im72f_5sp/data_memory/memory_reg_0_255_0_0/RAMS64E_A/CLK
Low Pulse Width   Slow    RAMS64E/CLK        n/a            1.250         11.628      10.378     SLICE_X72Y140   rv64im72f_5sp/data_memory/memory_reg_0_255_0_0/RAMS64E_B/CLK
Low Pulse Width   Fast    RAMS64E/CLK        n/a            1.250         11.628      10.378     SLICE_X72Y140   rv64im72f_5sp/data_memory/memory_reg_0_255_0_0/RAMS64E_B/CLK
Low Pulse Width   Slow    RAMS64E/CLK        n/a            1.250         11.628      10.378     SLICE_X72Y140   rv64im72f_5sp/data_memory/memory_reg_0_255_0_0/RAMS64E_C/CLK
Low Pulse Width   Fast    RAMS64E/CLK        n/a            1.250         11.628      10.378     SLICE_X72Y140   rv64im72f_5sp/data_memory/memory_reg_0_255_0_0/RAMS64E_C/CLK
Low Pulse Width   Slow    RAMS64E/CLK        n/a            1.250         11.628      10.378     SLICE_X72Y140   rv64im72f_5sp/data_memory/memory_reg_0_255_0_0/RAMS64E_D/CLK
Low Pulse Width   Fast    RAMS64E/CLK        n/a            1.250         11.628      10.378     SLICE_X72Y140   rv64im72f_5sp/data_memory/memory_reg_0_255_0_0/RAMS64E_D/CLK
Low Pulse Width   Slow    RAMS64E/CLK        n/a            1.250         11.628      10.378     SLICE_X70Y132   rv64im72f_5sp/data_memory/memory_reg_0_255_10_10/RAMS64E_A/CLK
Low Pulse Width   Fast    RAMS64E/CLK        n/a            1.250         11.628      10.378     SLICE_X70Y132   rv64im72f_5sp/data_memory/memory_reg_0_255_10_10/RAMS64E_A/CLK
High Pulse Width  Slow    RAMS64E/CLK        n/a            1.250         11.628      10.378     SLICE_X72Y140   rv64im72f_5sp/data_memory/memory_reg_0_255_0_0/RAMS64E_A/CLK
High Pulse Width  Fast    RAMS64E/CLK        n/a            1.250         11.628      10.378     SLICE_X72Y140   rv64im72f_5sp/data_memory/memory_reg_0_255_0_0/RAMS64E_A/CLK
High Pulse Width  Slow    RAMS64E/CLK        n/a            1.250         11.628      10.378     SLICE_X72Y140   rv64im72f_5sp/data_memory/memory_reg_0_255_0_0/RAMS64E_B/CLK
High Pulse Width  Fast    RAMS64E/CLK        n/a            1.250         11.628      10.378     SLICE_X72Y140   rv64im72f_5sp/data_memory/memory_reg_0_255_0_0/RAMS64E_B/CLK
High Pulse Width  Slow    RAMS64E/CLK        n/a            1.250         11.628      10.378     SLICE_X72Y140   rv64im72f_5sp/data_memory/memory_reg_0_255_0_0/RAMS64E_C/CLK
High Pulse Width  Fast    RAMS64E/CLK        n/a            1.250         11.628      10.378     SLICE_X72Y140   rv64im72f_5sp/data_memory/memory_reg_0_255_0_0/RAMS64E_C/CLK
High Pulse Width  Slow    RAMS64E/CLK        n/a            1.250         11.628      10.378     SLICE_X72Y140   rv64im72f_5sp/data_memory/memory_reg_0_255_0_0/RAMS64E_D/CLK
High Pulse Width  Fast    RAMS64E/CLK        n/a            1.250         11.628      10.378     SLICE_X72Y140   rv64im72f_5sp/data_memory/memory_reg_0_255_0_0/RAMS64E_D/CLK
High Pulse Width  Slow    RAMS64E/CLK        n/a            1.250         11.628      10.378     SLICE_X70Y132   rv64im72f_5sp/data_memory/memory_reg_0_255_10_10/RAMS64E_A/CLK
High Pulse Width  Fast    RAMS64E/CLK        n/a            1.250         11.628      10.378     SLICE_X70Y132   rv64im72f_5sp/data_memory/memory_reg_0_255_10_10/RAMS64E_A/CLK



---------------------------------------------------------------------------------------------------
From Clock:  clkfbout_clk_wiz_0_1
  To Clock:  clkfbout_clk_wiz_0_1

Setup :           NA  Failing Endpoints,  Worst Slack           NA  ,  Total Violation           NA
Hold  :           NA  Failing Endpoints,  Worst Slack           NA  ,  Total Violation           NA
PW    :            0  Failing Endpoints,  Worst Slack        2.633ns,  Total Violation        0.000ns
---------------------------------------------------------------------------------------------------


Pulse Width Checks
--------------------------------------------------------------------------------------
Clock Name:         clkfbout_clk_wiz_0_1
Waveform(ns):       { 0.000 25.000 }
Period(ns):         50.000
Sources:            { clk_gen/inst/plle2_adv_inst/CLKFBOUT }

Check Type  Corner  Lib Pin             Reference Pin  Required(ns)  Actual(ns)  Slack(ns)  Location        Pin
Min Period  n/a     BUFG/I              n/a            2.155         50.000      47.845     BUFGCTRL_X0Y1   clk_gen/inst/clkf_buf/I
Min Period  n/a     PLLE2_ADV/CLKFBOUT  n/a            1.249         50.000      48.751     PLLE2_ADV_X1Y2  clk_gen/inst/plle2_adv_inst/CLKFBOUT
Min Period  n/a     PLLE2_ADV/CLKFBIN   n/a            1.249         50.000      48.751     PLLE2_ADV_X1Y2  clk_gen/inst/plle2_adv_inst/CLKFBIN
Max Period  n/a     PLLE2_ADV/CLKFBIN   n/a            52.633        50.000      2.633      PLLE2_ADV_X1Y2  clk_gen/inst/plle2_adv_inst/CLKFBIN
Max Period  n/a     PLLE2_ADV/CLKFBOUT  n/a            160.000       50.000      110.000    PLLE2_ADV_X1Y2  clk_gen/inst/plle2_adv_inst/CLKFBOUT



---------------------------------------------------------------------------------------------------
Path Group:  **async_default**
From Clock:  clk_out1_clk_wiz_0_1
  To Clock:  clk_out1_clk_wiz_0_1

Setup :            0  Failing Endpoints,  Worst Slack       10.345ns,  Total Violation        0.000ns
Hold  :            0  Failing Endpoints,  Worst Slack        0.455ns,  Total Violation        0.000ns
---------------------------------------------------------------------------------------------------


Max Delay Paths
--------------------------------------------------------------------------------------
Slack (MET) :             10.345ns  (required time - arrival time)
  Source:                 reset_sync_reg[2]/C
                            (rising edge-triggered cell FDPE clocked by clk_out1_clk_wiz_0_1  {rise@0.000ns fall@11.628ns period=23.256ns})
  Destination:            rv64im72f_5sp/ex_mem_register/MEM_csr_read_data_reg[2]/CLR
                            (recovery check against rising-edge clock clk_out1_clk_wiz_0_1  {rise@0.000ns fall@11.628ns period=23.256ns})
  Path Group:             **async_default**
  Path Type:              Recovery (Max at Slow Process Corner)
  Requirement:            23.256ns  (clk_out1_clk_wiz_0_1 rise@23.256ns - clk_out1_clk_wiz_0_1 rise@0.000ns)
  Data Path Delay:        12.226ns  (logic 0.419ns (3.427%)  route 11.807ns (96.573%))
  Logic Levels:           0  
  Clock Path Skew:        0.057ns (DCD - SCD + CPR)
    Destination Clock Delay (DCD):    -2.101ns = ( 21.155 - 23.256 ) 
    Source Clock Delay      (SCD):    -2.665ns
    Clock Pessimism Removal (CPR):    -0.507ns
  Clock Uncertainty:      0.161ns  ((TSJ^2 + DJ^2)^1/2) / 2 + PE
    Total System Jitter     (TSJ):    0.071ns
    Discrete Jitter          (DJ):    0.315ns
    Phase Error              (PE):    0.000ns

    Location             Delay type                Incr(ns)  Path(ns)    Netlist Resource(s)
  -------------------------------------------------------------------    -------------------
                         (clock clk_out1_clk_wiz_0_1 rise edge)
                                                      0.000     0.000 r  
    R4                                                0.000     0.000 r  clk (IN)
                         net (fo=0)                   0.000     0.000    clk_gen/inst/clk_in1
    R4                   IBUF (Prop_ibuf_I_O)         1.475     1.475 r  clk_gen/inst/clkin1_ibufg/O
                         net (fo=1, routed)           1.253     2.728    clk_gen/inst/clk_in1_clk_wiz_0
    PLLE2_ADV_X1Y2       PLLE2_ADV (Prop_plle2_adv_CLKIN1_CLKOUT0)
                                                     -8.953    -6.225 r  clk_gen/inst/plle2_adv_inst/CLKOUT0
                         net (fo=1, routed)           1.802    -4.422    clk_gen/inst/clk_out1_clk_wiz_0
    BUFGCTRL_X0Y0        BUFG (Prop_bufg_I_O)         0.096    -4.326 r  clk_gen/inst/clkout1_buf/O
                         net (fo=6346, routed)        1.661    -2.665    clk_cpu
    SLICE_X63Y137        FDPE                                         r  reset_sync_reg[2]/C
  -------------------------------------------------------------------    -------------------
    SLICE_X63Y137        FDPE (Prop_fdpe_C_Q)         0.419    -2.246 f  reset_sync_reg[2]/Q
                         net (fo=2158, routed)       11.807     9.561    rv64im72f_5sp/ex_mem_register/Q[0]
    SLICE_X65Y99         FDCE                                         f  rv64im72f_5sp/ex_mem_register/MEM_csr_read_data_reg[2]/CLR
  -------------------------------------------------------------------    -------------------

                         (clock clk_out1_clk_wiz_0_1 rise edge)
                                                     23.256    23.256 r  
    R4                                                0.000    23.256 r  clk (IN)
                         net (fo=0)                   0.000    23.256    clk_gen/inst/clk_in1
    R4                   IBUF (Prop_ibuf_I_O)         1.405    24.660 r  clk_gen/inst/clkin1_ibufg/O
                         net (fo=1, routed)           1.181    25.841    clk_gen/inst/clk_in1_clk_wiz_0
    PLLE2_ADV_X1Y2       PLLE2_ADV (Prop_plle2_adv_CLKIN1_CLKOUT0)
                                                     -8.206    17.636 r  clk_gen/inst/plle2_adv_inst/CLKOUT0
                         net (fo=1, routed)           1.718    19.354    clk_gen/inst/clk_out1_clk_wiz_0
    BUFGCTRL_X0Y0        BUFG (Prop_bufg_I_O)         0.091    19.445 r  clk_gen/inst/clkout1_buf/O
                         net (fo=6346, routed)        1.710    21.155    rv64im72f_5sp/ex_mem_register/clk_out1
    SLICE_X65Y99         FDCE                                         r  rv64im72f_5sp/ex_mem_register/MEM_csr_read_data_reg[2]/C
                         clock pessimism             -0.507    20.648    
                         clock uncertainty           -0.161    20.486    
    SLICE_X65Y99         FDCE (Recov_fdce_C_CLR)     -0.580    19.906    rv64im72f_5sp/ex_mem_register/MEM_csr_read_data_reg[2]
  -------------------------------------------------------------------
                         required time                         19.906    
                         arrival time                          -9.561    
  -------------------------------------------------------------------
                         slack                                 10.345    

Slack (MET) :             10.345ns  (required time - arrival time)
  Source:                 reset_sync_reg[2]/C
                            (rising edge-triggered cell FDPE clocked by clk_out1_clk_wiz_0_1  {rise@0.000ns fall@11.628ns period=23.256ns})
  Destination:            rv64im72f_5sp/ex_mem_register/MEM_pc_plus_4_reg[19]/CLR
                            (recovery check against rising-edge clock clk_out1_clk_wiz_0_1  {rise@0.000ns fall@11.628ns period=23.256ns})
  Path Group:             **async_default**
  Path Type:              Recovery (Max at Slow Process Corner)
  Requirement:            23.256ns  (clk_out1_clk_wiz_0_1 rise@23.256ns - clk_out1_clk_wiz_0_1 rise@0.000ns)
  Data Path Delay:        12.226ns  (logic 0.419ns (3.427%)  route 11.807ns (96.573%))
  Logic Levels:           0  
  Clock Path Skew:        0.057ns (DCD - SCD + CPR)
    Destination Clock Delay (DCD):    -2.101ns = ( 21.155 - 23.256 ) 
    Source Clock Delay      (SCD):    -2.665ns
    Clock Pessimism Removal (CPR):    -0.507ns
  Clock Uncertainty:      0.161ns  ((TSJ^2 + DJ^2)^1/2) / 2 + PE
    Total System Jitter     (TSJ):    0.071ns
    Discrete Jitter          (DJ):    0.315ns
    Phase Error              (PE):    0.000ns

    Location             Delay type                Incr(ns)  Path(ns)    Netlist Resource(s)
  -------------------------------------------------------------------    -------------------
                         (clock clk_out1_clk_wiz_0_1 rise edge)
                                                      0.000     0.000 r  
    R4                                                0.000     0.000 r  clk (IN)
                         net (fo=0)                   0.000     0.000    clk_gen/inst/clk_in1
    R4                   IBUF (Prop_ibuf_I_O)         1.475     1.475 r  clk_gen/inst/clkin1_ibufg/O
                         net (fo=1, routed)           1.253     2.728    clk_gen/inst/clk_in1_clk_wiz_0
    PLLE2_ADV_X1Y2       PLLE2_ADV (Prop_plle2_adv_CLKIN1_CLKOUT0)
                                                     -8.953    -6.225 r  clk_gen/inst/plle2_adv_inst/CLKOUT0
                         net (fo=1, routed)           1.802    -4.422    clk_gen/inst/clk_out1_clk_wiz_0
    BUFGCTRL_X0Y0        BUFG (Prop_bufg_I_O)         0.096    -4.326 r  clk_gen/inst/clkout1_buf/O
                         net (fo=6346, routed)        1.661    -2.665    clk_cpu
    SLICE_X63Y137        FDPE                                         r  reset_sync_reg[2]/C
  -------------------------------------------------------------------    -------------------
    SLICE_X63Y137        FDPE (Prop_fdpe_C_Q)         0.419    -2.246 f  reset_sync_reg[2]/Q
                         net (fo=2158, routed)       11.807     9.561    rv64im72f_5sp/ex_mem_register/Q[0]
    SLICE_X65Y99         FDCE                                         f  rv64im72f_5sp/ex_mem_register/MEM_pc_plus_4_reg[19]/CLR
  -------------------------------------------------------------------    -------------------

                         (clock clk_out1_clk_wiz_0_1 rise edge)
                                                     23.256    23.256 r  
    R4                                                0.000    23.256 r  clk (IN)
                         net (fo=0)                   0.000    23.256    clk_gen/inst/clk_in1
    R4                   IBUF (Prop_ibuf_I_O)         1.405    24.660 r  clk_gen/inst/clkin1_ibufg/O
                         net (fo=1, routed)           1.181    25.841    clk_gen/inst/clk_in1_clk_wiz_0
    PLLE2_ADV_X1Y2       PLLE2_ADV (Prop_plle2_adv_CLKIN1_CLKOUT0)
                                                     -8.206    17.636 r  clk_gen/inst/plle2_adv_inst/CLKOUT0
                         net (fo=1, routed)           1.718    19.354    clk_gen/inst/clk_out1_clk_wiz_0
    BUFGCTRL_X0Y0        BUFG (Prop_bufg_I_O)         0.091    19.445 r  clk_gen/inst/clkout1_buf/O
                         net (fo=6346, routed)        1.710    21.155    rv64im72f_5sp/ex_mem_register/clk_out1
    SLICE_X65Y99         FDCE                                         r  rv64im72f_5sp/ex_mem_register/MEM_pc_plus_4_reg[19]/C
                         clock pessimism             -0.507    20.648    
                         clock uncertainty           -0.161    20.486    
    SLICE_X65Y99         FDCE (Recov_fdce_C_CLR)     -0.580    19.906    rv64im72f_5sp/ex_mem_register/MEM_pc_plus_4_reg[19]
  -------------------------------------------------------------------
                         required time                         19.906    
                         arrival time                          -9.561    
  -------------------------------------------------------------------
                         slack                                 10.345    

Slack (MET) :             10.417ns  (required time - arrival time)
  Source:                 reset_sync_reg[2]/C
                            (rising edge-triggered cell FDPE clocked by clk_out1_clk_wiz_0_1  {rise@0.000ns fall@11.628ns period=23.256ns})
  Destination:            rv64im72f_5sp/ex_mem_register/MEM_csr_read_data_reg[8]/CLR
                            (recovery check against rising-edge clock clk_out1_clk_wiz_0_1  {rise@0.000ns fall@11.628ns period=23.256ns})
  Path Group:             **async_default**
  Path Type:              Recovery (Max at Slow Process Corner)
  Requirement:            23.256ns  (clk_out1_clk_wiz_0_1 rise@23.256ns - clk_out1_clk_wiz_0_1 rise@0.000ns)
  Data Path Delay:        12.063ns  (logic 0.419ns (3.474%)  route 11.644ns (96.526%))
  Logic Levels:           0  
  Clock Path Skew:        -0.035ns (DCD - SCD + CPR)
    Destination Clock Delay (DCD):    -2.264ns = ( 20.991 - 23.256 ) 
    Source Clock Delay      (SCD):    -2.665ns
    Clock Pessimism Removal (CPR):    -0.435ns
  Clock Uncertainty:      0.161ns  ((TSJ^2 + DJ^2)^1/2) / 2 + PE
    Total System Jitter     (TSJ):    0.071ns
    Discrete Jitter          (DJ):    0.315ns
    Phase Error              (PE):    0.000ns

    Location             Delay type                Incr(ns)  Path(ns)    Netlist Resource(s)
  -------------------------------------------------------------------    -------------------
                         (clock clk_out1_clk_wiz_0_1 rise edge)
                                                      0.000     0.000 r  
    R4                                                0.000     0.000 r  clk (IN)
                         net (fo=0)                   0.000     0.000    clk_gen/inst/clk_in1
    R4                   IBUF (Prop_ibuf_I_O)         1.475     1.475 r  clk_gen/inst/clkin1_ibufg/O
                         net (fo=1, routed)           1.253     2.728    clk_gen/inst/clk_in1_clk_wiz_0
    PLLE2_ADV_X1Y2       PLLE2_ADV (Prop_plle2_adv_CLKIN1_CLKOUT0)
                                                     -8.953    -6.225 r  clk_gen/inst/plle2_adv_inst/CLKOUT0
                         net (fo=1, routed)           1.802    -4.422    clk_gen/inst/clk_out1_clk_wiz_0
    BUFGCTRL_X0Y0        BUFG (Prop_bufg_I_O)         0.096    -4.326 r  clk_gen/inst/clkout1_buf/O
                         net (fo=6346, routed)        1.661    -2.665    clk_cpu
    SLICE_X63Y137        FDPE                                         r  reset_sync_reg[2]/C
  -------------------------------------------------------------------    -------------------
    SLICE_X63Y137        FDPE (Prop_fdpe_C_Q)         0.419    -2.246 f  reset_sync_reg[2]/Q
                         net (fo=2158, routed)       11.644     9.398    rv64im72f_5sp/ex_mem_register/Q[0]
    SLICE_X63Y101        FDCE                                         f  rv64im72f_5sp/ex_mem_register/MEM_csr_read_data_reg[8]/CLR
  -------------------------------------------------------------------    -------------------

                         (clock clk_out1_clk_wiz_0_1 rise edge)
                                                     23.256    23.256 r  
    R4                                                0.000    23.256 r  clk (IN)
                         net (fo=0)                   0.000    23.256    clk_gen/inst/clk_in1
    R4                   IBUF (Prop_ibuf_I_O)         1.405    24.660 r  clk_gen/inst/clkin1_ibufg/O
                         net (fo=1, routed)           1.181    25.841    clk_gen/inst/clk_in1_clk_wiz_0
    PLLE2_ADV_X1Y2       PLLE2_ADV (Prop_plle2_adv_CLKIN1_CLKOUT0)
                                                     -8.206    17.636 r  clk_gen/inst/plle2_adv_inst/CLKOUT0
                         net (fo=1, routed)           1.718    19.354    clk_gen/inst/clk_out1_clk_wiz_0
    BUFGCTRL_X0Y0        BUFG (Prop_bufg_I_O)         0.091    19.445 r  clk_gen/inst/clkout1_buf/O
                         net (fo=6346, routed)        1.546    20.991    rv64im72f_5sp/ex_mem_register/clk_out1
    SLICE_X63Y101        FDCE                                         r  rv64im72f_5sp/ex_mem_register/MEM_csr_read_data_reg[8]/C
                         clock pessimism             -0.435    20.556    
                         clock uncertainty           -0.161    20.395    
    SLICE_X63Y101        FDCE (Recov_fdce_C_CLR)     -0.580    19.815    rv64im72f_5sp/ex_mem_register/MEM_csr_read_data_reg[8]
  -------------------------------------------------------------------
                         required time                         19.815    
                         arrival time                          -9.398    
  -------------------------------------------------------------------
                         slack                                 10.417    

Slack (MET) :             10.417ns  (required time - arrival time)
  Source:                 reset_sync_reg[2]/C
                            (rising edge-triggered cell FDPE clocked by clk_out1_clk_wiz_0_1  {rise@0.000ns fall@11.628ns period=23.256ns})
  Destination:            rv64im72f_5sp/ex_mem_register/MEM_pc_plus_4_reg[3]/CLR
                            (recovery check against rising-edge clock clk_out1_clk_wiz_0_1  {rise@0.000ns fall@11.628ns period=23.256ns})
  Path Group:             **async_default**
  Path Type:              Recovery (Max at Slow Process Corner)
  Requirement:            23.256ns  (clk_out1_clk_wiz_0_1 rise@23.256ns - clk_out1_clk_wiz_0_1 rise@0.000ns)
  Data Path Delay:        12.063ns  (logic 0.419ns (3.474%)  route 11.644ns (96.526%))
  Logic Levels:           0  
  Clock Path Skew:        -0.035ns (DCD - SCD + CPR)
    Destination Clock Delay (DCD):    -2.264ns = ( 20.991 - 23.256 ) 
    Source Clock Delay      (SCD):    -2.665ns
    Clock Pessimism Removal (CPR):    -0.435ns
  Clock Uncertainty:      0.161ns  ((TSJ^2 + DJ^2)^1/2) / 2 + PE
    Total System Jitter     (TSJ):    0.071ns
    Discrete Jitter          (DJ):    0.315ns
    Phase Error              (PE):    0.000ns

    Location             Delay type                Incr(ns)  Path(ns)    Netlist Resource(s)
  -------------------------------------------------------------------    -------------------
                         (clock clk_out1_clk_wiz_0_1 rise edge)
                                                      0.000     0.000 r  
    R4                                                0.000     0.000 r  clk (IN)
                         net (fo=0)                   0.000     0.000    clk_gen/inst/clk_in1
    R4                   IBUF (Prop_ibuf_I_O)         1.475     1.475 r  clk_gen/inst/clkin1_ibufg/O
                         net (fo=1, routed)           1.253     2.728    clk_gen/inst/clk_in1_clk_wiz_0
    PLLE2_ADV_X1Y2       PLLE2_ADV (Prop_plle2_adv_CLKIN1_CLKOUT0)
                                                     -8.953    -6.225 r  clk_gen/inst/plle2_adv_inst/CLKOUT0
                         net (fo=1, routed)           1.802    -4.422    clk_gen/inst/clk_out1_clk_wiz_0
    BUFGCTRL_X0Y0        BUFG (Prop_bufg_I_O)         0.096    -4.326 r  clk_gen/inst/clkout1_buf/O
                         net (fo=6346, routed)        1.661    -2.665    clk_cpu
    SLICE_X63Y137        FDPE                                         r  reset_sync_reg[2]/C
  -------------------------------------------------------------------    -------------------
    SLICE_X63Y137        FDPE (Prop_fdpe_C_Q)         0.419    -2.246 f  reset_sync_reg[2]/Q
                         net (fo=2158, routed)       11.644     9.398    rv64im72f_5sp/ex_mem_register/Q[0]
    SLICE_X63Y101        FDCE                                         f  rv64im72f_5sp/ex_mem_register/MEM_pc_plus_4_reg[3]/CLR
  -------------------------------------------------------------------    -------------------

                         (clock clk_out1_clk_wiz_0_1 rise edge)
                                                     23.256    23.256 r  
    R4                                                0.000    23.256 r  clk (IN)
                         net (fo=0)                   0.000    23.256    clk_gen/inst/clk_in1
    R4                   IBUF (Prop_ibuf_I_O)         1.405    24.660 r  clk_gen/inst/clkin1_ibufg/O
                         net (fo=1, routed)           1.181    25.841    clk_gen/inst/clk_in1_clk_wiz_0
    PLLE2_ADV_X1Y2       PLLE2_ADV (Prop_plle2_adv_CLKIN1_CLKOUT0)
                                                     -8.206    17.636 r  clk_gen/inst/plle2_adv_inst/CLKOUT0
                         net (fo=1, routed)           1.718    19.354    clk_gen/inst/clk_out1_clk_wiz_0
    BUFGCTRL_X0Y0        BUFG (Prop_bufg_I_O)         0.091    19.445 r  clk_gen/inst/clkout1_buf/O
                         net (fo=6346, routed)        1.546    20.991    rv64im72f_5sp/ex_mem_register/clk_out1
    SLICE_X63Y101        FDCE                                         r  rv64im72f_5sp/ex_mem_register/MEM_pc_plus_4_reg[3]/C
                         clock pessimism             -0.435    20.556    
                         clock uncertainty           -0.161    20.395    
    SLICE_X63Y101        FDCE (Recov_fdce_C_CLR)     -0.580    19.815    rv64im72f_5sp/ex_mem_register/MEM_pc_plus_4_reg[3]
  -------------------------------------------------------------------
                         required time                         19.815    
                         arrival time                          -9.398    
  -------------------------------------------------------------------
                         slack                                 10.417    

Slack (MET) :             10.534ns  (required time - arrival time)
  Source:                 reset_sync_reg[2]/C
                            (rising edge-triggered cell FDPE clocked by clk_out1_clk_wiz_0_1  {rise@0.000ns fall@11.628ns period=23.256ns})
  Destination:            rv64im72f_5sp/retire_alu_result_reg[14]/CLR
                            (recovery check against rising-edge clock clk_out1_clk_wiz_0_1  {rise@0.000ns fall@11.628ns period=23.256ns})
  Path Group:             **async_default**
  Path Type:              Recovery (Max at Slow Process Corner)
  Requirement:            23.256ns  (clk_out1_clk_wiz_0_1 rise@23.256ns - clk_out1_clk_wiz_0_1 rise@0.000ns)
  Data Path Delay:        11.945ns  (logic 0.419ns (3.508%)  route 11.526ns (96.492%))
  Logic Levels:           0  
  Clock Path Skew:        -0.036ns (DCD - SCD + CPR)
    Destination Clock Delay (DCD):    -2.265ns = ( 20.990 - 23.256 ) 
    Source Clock Delay      (SCD):    -2.665ns
    Clock Pessimism Removal (CPR):    -0.435ns
  Clock Uncertainty:      0.161ns  ((TSJ^2 + DJ^2)^1/2) / 2 + PE
    Total System Jitter     (TSJ):    0.071ns
    Discrete Jitter          (DJ):    0.315ns
    Phase Error              (PE):    0.000ns

    Location             Delay type                Incr(ns)  Path(ns)    Netlist Resource(s)
  -------------------------------------------------------------------    -------------------
                         (clock clk_out1_clk_wiz_0_1 rise edge)
                                                      0.000     0.000 r  
    R4                                                0.000     0.000 r  clk (IN)
                         net (fo=0)                   0.000     0.000    clk_gen/inst/clk_in1
    R4                   IBUF (Prop_ibuf_I_O)         1.475     1.475 r  clk_gen/inst/clkin1_ibufg/O
                         net (fo=1, routed)           1.253     2.728    clk_gen/inst/clk_in1_clk_wiz_0
    PLLE2_ADV_X1Y2       PLLE2_ADV (Prop_plle2_adv_CLKIN1_CLKOUT0)
                                                     -8.953    -6.225 r  clk_gen/inst/plle2_adv_inst/CLKOUT0
                         net (fo=1, routed)           1.802    -4.422    clk_gen/inst/clk_out1_clk_wiz_0
    BUFGCTRL_X0Y0        BUFG (Prop_bufg_I_O)         0.096    -4.326 r  clk_gen/inst/clkout1_buf/O
                         net (fo=6346, routed)        1.661    -2.665    clk_cpu
    SLICE_X63Y137        FDPE                                         r  reset_sync_reg[2]/C
  -------------------------------------------------------------------    -------------------
    SLICE_X63Y137        FDPE (Prop_fdpe_C_Q)         0.419    -2.246 f  reset_sync_reg[2]/Q
                         net (fo=2158, routed)       11.526     9.280    rv64im72f_5sp/Q[0]
    SLICE_X65Y100        FDCE                                         f  rv64im72f_5sp/retire_alu_result_reg[14]/CLR
  -------------------------------------------------------------------    -------------------

                         (clock clk_out1_clk_wiz_0_1 rise edge)
                                                     23.256    23.256 r  
    R4                                                0.000    23.256 r  clk (IN)
                         net (fo=0)                   0.000    23.256    clk_gen/inst/clk_in1
    R4                   IBUF (Prop_ibuf_I_O)         1.405    24.660 r  clk_gen/inst/clkin1_ibufg/O
                         net (fo=1, routed)           1.181    25.841    clk_gen/inst/clk_in1_clk_wiz_0
    PLLE2_ADV_X1Y2       PLLE2_ADV (Prop_plle2_adv_CLKIN1_CLKOUT0)
                                                     -8.206    17.636 r  clk_gen/inst/plle2_adv_inst/CLKOUT0
                         net (fo=1, routed)           1.718    19.354    clk_gen/inst/clk_out1_clk_wiz_0
    BUFGCTRL_X0Y0        BUFG (Prop_bufg_I_O)         0.091    19.445 r  clk_gen/inst/clkout1_buf/O
                         net (fo=6346, routed)        1.545    20.990    rv64im72f_5sp/clk_out1
    SLICE_X65Y100        FDCE                                         r  rv64im72f_5sp/retire_alu_result_reg[14]/C
                         clock pessimism             -0.435    20.555    
                         clock uncertainty           -0.161    20.394    
    SLICE_X65Y100        FDCE (Recov_fdce_C_CLR)     -0.580    19.814    rv64im72f_5sp/retire_alu_result_reg[14]
  -------------------------------------------------------------------
                         required time                         19.814    
                         arrival time                          -9.280    
  -------------------------------------------------------------------
                         slack                                 10.534    

Slack (MET) :             10.534ns  (required time - arrival time)
  Source:                 reset_sync_reg[2]/C
                            (rising edge-triggered cell FDPE clocked by clk_out1_clk_wiz_0_1  {rise@0.000ns fall@11.628ns period=23.256ns})
  Destination:            rv64im72f_5sp/retire_byte_enable_logic_register_file_write_data_reg[14]/CLR
                            (recovery check against rising-edge clock clk_out1_clk_wiz_0_1  {rise@0.000ns fall@11.628ns period=23.256ns})
  Path Group:             **async_default**
  Path Type:              Recovery (Max at Slow Process Corner)
  Requirement:            23.256ns  (clk_out1_clk_wiz_0_1 rise@23.256ns - clk_out1_clk_wiz_0_1 rise@0.000ns)
  Data Path Delay:        11.945ns  (logic 0.419ns (3.508%)  route 11.526ns (96.492%))
  Logic Levels:           0  
  Clock Path Skew:        -0.036ns (DCD - SCD + CPR)
    Destination Clock Delay (DCD):    -2.265ns = ( 20.990 - 23.256 ) 
    Source Clock Delay      (SCD):    -2.665ns
    Clock Pessimism Removal (CPR):    -0.435ns
  Clock Uncertainty:      0.161ns  ((TSJ^2 + DJ^2)^1/2) / 2 + PE
    Total System Jitter     (TSJ):    0.071ns
    Discrete Jitter          (DJ):    0.315ns
    Phase Error              (PE):    0.000ns

    Location             Delay type                Incr(ns)  Path(ns)    Netlist Resource(s)
  -------------------------------------------------------------------    -------------------
                         (clock clk_out1_clk_wiz_0_1 rise edge)
                                                      0.000     0.000 r  
    R4                                                0.000     0.000 r  clk (IN)
                         net (fo=0)                   0.000     0.000    clk_gen/inst/clk_in1
    R4                   IBUF (Prop_ibuf_I_O)         1.475     1.475 r  clk_gen/inst/clkin1_ibufg/O
                         net (fo=1, routed)           1.253     2.728    clk_gen/inst/clk_in1_clk_wiz_0
    PLLE2_ADV_X1Y2       PLLE2_ADV (Prop_plle2_adv_CLKIN1_CLKOUT0)
                                                     -8.953    -6.225 r  clk_gen/inst/plle2_adv_inst/CLKOUT0
                         net (fo=1, routed)           1.802    -4.422    clk_gen/inst/clk_out1_clk_wiz_0
    BUFGCTRL_X0Y0        BUFG (Prop_bufg_I_O)         0.096    -4.326 r  clk_gen/inst/clkout1_buf/O
                         net (fo=6346, routed)        1.661    -2.665    clk_cpu
    SLICE_X63Y137        FDPE                                         r  reset_sync_reg[2]/C
  -------------------------------------------------------------------    -------------------
    SLICE_X63Y137        FDPE (Prop_fdpe_C_Q)         0.419    -2.246 f  reset_sync_reg[2]/Q
                         net (fo=2158, routed)       11.526     9.280    rv64im72f_5sp/Q[0]
    SLICE_X65Y100        FDCE                                         f  rv64im72f_5sp/retire_byte_enable_logic_register_file_write_data_reg[14]/CLR
  -------------------------------------------------------------------    -------------------

                         (clock clk_out1_clk_wiz_0_1 rise edge)
                                                     23.256    23.256 r  
    R4                                                0.000    23.256 r  clk (IN)
                         net (fo=0)                   0.000    23.256    clk_gen/inst/clk_in1
    R4                   IBUF (Prop_ibuf_I_O)         1.405    24.660 r  clk_gen/inst/clkin1_ibufg/O
                         net (fo=1, routed)           1.181    25.841    clk_gen/inst/clk_in1_clk_wiz_0
    PLLE2_ADV_X1Y2       PLLE2_ADV (Prop_plle2_adv_CLKIN1_CLKOUT0)
                                                     -8.206    17.636 r  clk_gen/inst/plle2_adv_inst/CLKOUT0
                         net (fo=1, routed)           1.718    19.354    clk_gen/inst/clk_out1_clk_wiz_0
    BUFGCTRL_X0Y0        BUFG (Prop_bufg_I_O)         0.091    19.445 r  clk_gen/inst/clkout1_buf/O
                         net (fo=6346, routed)        1.545    20.990    rv64im72f_5sp/clk_out1
    SLICE_X65Y100        FDCE                                         r  rv64im72f_5sp/retire_byte_enable_logic_register_file_write_data_reg[14]/C
                         clock pessimism             -0.435    20.555    
                         clock uncertainty           -0.161    20.394    
    SLICE_X65Y100        FDCE (Recov_fdce_C_CLR)     -0.580    19.814    rv64im72f_5sp/retire_byte_enable_logic_register_file_write_data_reg[14]
  -------------------------------------------------------------------
                         required time                         19.814    
                         arrival time                          -9.280    
  -------------------------------------------------------------------
                         slack                                 10.534    

Slack (MET) :             10.534ns  (required time - arrival time)
  Source:                 reset_sync_reg[2]/C
                            (rising edge-triggered cell FDPE clocked by clk_out1_clk_wiz_0_1  {rise@0.000ns fall@11.628ns period=23.256ns})
  Destination:            rv64im72f_5sp/retire_csr_read_data_reg[13]/CLR
                            (recovery check against rising-edge clock clk_out1_clk_wiz_0_1  {rise@0.000ns fall@11.628ns period=23.256ns})
  Path Group:             **async_default**
  Path Type:              Recovery (Max at Slow Process Corner)
  Requirement:            23.256ns  (clk_out1_clk_wiz_0_1 rise@23.256ns - clk_out1_clk_wiz_0_1 rise@0.000ns)
  Data Path Delay:        11.945ns  (logic 0.419ns (3.508%)  route 11.526ns (96.492%))
  Logic Levels:           0  
  Clock Path Skew:        -0.036ns (DCD - SCD + CPR)
    Destination Clock Delay (DCD):    -2.265ns = ( 20.990 - 23.256 ) 
    Source Clock Delay      (SCD):    -2.665ns
    Clock Pessimism Removal (CPR):    -0.435ns
  Clock Uncertainty:      0.161ns  ((TSJ^2 + DJ^2)^1/2) / 2 + PE
    Total System Jitter     (TSJ):    0.071ns
    Discrete Jitter          (DJ):    0.315ns
    Phase Error              (PE):    0.000ns

    Location             Delay type                Incr(ns)  Path(ns)    Netlist Resource(s)
  -------------------------------------------------------------------    -------------------
                         (clock clk_out1_clk_wiz_0_1 rise edge)
                                                      0.000     0.000 r  
    R4                                                0.000     0.000 r  clk (IN)
                         net (fo=0)                   0.000     0.000    clk_gen/inst/clk_in1
    R4                   IBUF (Prop_ibuf_I_O)         1.475     1.475 r  clk_gen/inst/clkin1_ibufg/O
                         net (fo=1, routed)           1.253     2.728    clk_gen/inst/clk_in1_clk_wiz_0
    PLLE2_ADV_X1Y2       PLLE2_ADV (Prop_plle2_adv_CLKIN1_CLKOUT0)
                                                     -8.953    -6.225 r  clk_gen/inst/plle2_adv_inst/CLKOUT0
                         net (fo=1, routed)           1.802    -4.422    clk_gen/inst/clk_out1_clk_wiz_0
    BUFGCTRL_X0Y0        BUFG (Prop_bufg_I_O)         0.096    -4.326 r  clk_gen/inst/clkout1_buf/O
                         net (fo=6346, routed)        1.661    -2.665    clk_cpu
    SLICE_X63Y137        FDPE                                         r  reset_sync_reg[2]/C
  -------------------------------------------------------------------    -------------------
    SLICE_X63Y137        FDPE (Prop_fdpe_C_Q)         0.419    -2.246 f  reset_sync_reg[2]/Q
                         net (fo=2158, routed)       11.526     9.280    rv64im72f_5sp/Q[0]
    SLICE_X65Y100        FDCE                                         f  rv64im72f_5sp/retire_csr_read_data_reg[13]/CLR
  -------------------------------------------------------------------    -------------------

                         (clock clk_out1_clk_wiz_0_1 rise edge)
                                                     23.256    23.256 r  
    R4                                                0.000    23.256 r  clk (IN)
                         net (fo=0)                   0.000    23.256    clk_gen/inst/clk_in1
    R4                   IBUF (Prop_ibuf_I_O)         1.405    24.660 r  clk_gen/inst/clkin1_ibufg/O
                         net (fo=1, routed)           1.181    25.841    clk_gen/inst/clk_in1_clk_wiz_0
    PLLE2_ADV_X1Y2       PLLE2_ADV (Prop_plle2_adv_CLKIN1_CLKOUT0)
                                                     -8.206    17.636 r  clk_gen/inst/plle2_adv_inst/CLKOUT0
                         net (fo=1, routed)           1.718    19.354    clk_gen/inst/clk_out1_clk_wiz_0
    BUFGCTRL_X0Y0        BUFG (Prop_bufg_I_O)         0.091    19.445 r  clk_gen/inst/clkout1_buf/O
                         net (fo=6346, routed)        1.545    20.990    rv64im72f_5sp/clk_out1
    SLICE_X65Y100        FDCE                                         r  rv64im72f_5sp/retire_csr_read_data_reg[13]/C
                         clock pessimism             -0.435    20.555    
                         clock uncertainty           -0.161    20.394    
    SLICE_X65Y100        FDCE (Recov_fdce_C_CLR)     -0.580    19.814    rv64im72f_5sp/retire_csr_read_data_reg[13]
  -------------------------------------------------------------------
                         required time                         19.814    
                         arrival time                          -9.280    
  -------------------------------------------------------------------
                         slack                                 10.534    

Slack (MET) :             10.534ns  (required time - arrival time)
  Source:                 reset_sync_reg[2]/C
                            (rising edge-triggered cell FDPE clocked by clk_out1_clk_wiz_0_1  {rise@0.000ns fall@11.628ns period=23.256ns})
  Destination:            rv64im72f_5sp/retire_pc_plus_4_reg[13]/CLR
                            (recovery check against rising-edge clock clk_out1_clk_wiz_0_1  {rise@0.000ns fall@11.628ns period=23.256ns})
  Path Group:             **async_default**
  Path Type:              Recovery (Max at Slow Process Corner)
  Requirement:            23.256ns  (clk_out1_clk_wiz_0_1 rise@23.256ns - clk_out1_clk_wiz_0_1 rise@0.000ns)
  Data Path Delay:        11.945ns  (logic 0.419ns (3.508%)  route 11.526ns (96.492%))
  Logic Levels:           0  
  Clock Path Skew:        -0.036ns (DCD - SCD + CPR)
    Destination Clock Delay (DCD):    -2.265ns = ( 20.990 - 23.256 ) 
    Source Clock Delay      (SCD):    -2.665ns
    Clock Pessimism Removal (CPR):    -0.435ns
  Clock Uncertainty:      0.161ns  ((TSJ^2 + DJ^2)^1/2) / 2 + PE
    Total System Jitter     (TSJ):    0.071ns
    Discrete Jitter          (DJ):    0.315ns
    Phase Error              (PE):    0.000ns

    Location             Delay type                Incr(ns)  Path(ns)    Netlist Resource(s)
  -------------------------------------------------------------------    -------------------
                         (clock clk_out1_clk_wiz_0_1 rise edge)
                                                      0.000     0.000 r  
    R4                                                0.000     0.000 r  clk (IN)
                         net (fo=0)                   0.000     0.000    clk_gen/inst/clk_in1
    R4                   IBUF (Prop_ibuf_I_O)         1.475     1.475 r  clk_gen/inst/clkin1_ibufg/O
                         net (fo=1, routed)           1.253     2.728    clk_gen/inst/clk_in1_clk_wiz_0
    PLLE2_ADV_X1Y2       PLLE2_ADV (Prop_plle2_adv_CLKIN1_CLKOUT0)
                                                     -8.953    -6.225 r  clk_gen/inst/plle2_adv_inst/CLKOUT0
                         net (fo=1, routed)           1.802    -4.422    clk_gen/inst/clk_out1_clk_wiz_0
    BUFGCTRL_X0Y0        BUFG (Prop_bufg_I_O)         0.096    -4.326 r  clk_gen/inst/clkout1_buf/O
                         net (fo=6346, routed)        1.661    -2.665    clk_cpu
    SLICE_X63Y137        FDPE                                         r  reset_sync_reg[2]/C
  -------------------------------------------------------------------    -------------------
    SLICE_X63Y137        FDPE (Prop_fdpe_C_Q)         0.419    -2.246 f  reset_sync_reg[2]/Q
                         net (fo=2158, routed)       11.526     9.280    rv64im72f_5sp/Q[0]
    SLICE_X65Y100        FDCE                                         f  rv64im72f_5sp/retire_pc_plus_4_reg[13]/CLR
  -------------------------------------------------------------------    -------------------

                         (clock clk_out1_clk_wiz_0_1 rise edge)
                                                     23.256    23.256 r  
    R4                                                0.000    23.256 r  clk (IN)
                         net (fo=0)                   0.000    23.256    clk_gen/inst/clk_in1
    R4                   IBUF (Prop_ibuf_I_O)         1.405    24.660 r  clk_gen/inst/clkin1_ibufg/O
                         net (fo=1, routed)           1.181    25.841    clk_gen/inst/clk_in1_clk_wiz_0
    PLLE2_ADV_X1Y2       PLLE2_ADV (Prop_plle2_adv_CLKIN1_CLKOUT0)
                                                     -8.206    17.636 r  clk_gen/inst/plle2_adv_inst/CLKOUT0
                         net (fo=1, routed)           1.718    19.354    clk_gen/inst/clk_out1_clk_wiz_0
    BUFGCTRL_X0Y0        BUFG (Prop_bufg_I_O)         0.091    19.445 r  clk_gen/inst/clkout1_buf/O
                         net (fo=6346, routed)        1.545    20.990    rv64im72f_5sp/clk_out1
    SLICE_X65Y100        FDCE                                         r  rv64im72f_5sp/retire_pc_plus_4_reg[13]/C
                         clock pessimism             -0.435    20.555    
                         clock uncertainty           -0.161    20.394    
    SLICE_X65Y100        FDCE (Recov_fdce_C_CLR)     -0.580    19.814    rv64im72f_5sp/retire_pc_plus_4_reg[13]
  -------------------------------------------------------------------
                         required time                         19.814    
                         arrival time                          -9.280    
  -------------------------------------------------------------------
                         slack                                 10.534    

Slack (MET) :             10.578ns  (required time - arrival time)
  Source:                 reset_sync_reg[2]/C
                            (rising edge-triggered cell FDPE clocked by clk_out1_clk_wiz_0_1  {rise@0.000ns fall@11.628ns period=23.256ns})
  Destination:            rv64im72f_5sp/retire_pc_plus_4_reg[14]/CLR
                            (recovery check against rising-edge clock clk_out1_clk_wiz_0_1  {rise@0.000ns fall@11.628ns period=23.256ns})
  Path Group:             **async_default**
  Path Type:              Recovery (Max at Slow Process Corner)
  Requirement:            23.256ns  (clk_out1_clk_wiz_0_1 rise@23.256ns - clk_out1_clk_wiz_0_1 rise@0.000ns)
  Data Path Delay:        11.945ns  (logic 0.419ns (3.508%)  route 11.526ns (96.492%))
  Logic Levels:           0  
  Clock Path Skew:        -0.036ns (DCD - SCD + CPR)
    Destination Clock Delay (DCD):    -2.265ns = ( 20.990 - 23.256 ) 
    Source Clock Delay      (SCD):    -2.665ns
    Clock Pessimism Removal (CPR):    -0.435ns
  Clock Uncertainty:      0.161ns  ((TSJ^2 + DJ^2)^1/2) / 2 + PE
    Total System Jitter     (TSJ):    0.071ns
    Discrete Jitter          (DJ):    0.315ns
    Phase Error              (PE):    0.000ns

    Location             Delay type                Incr(ns)  Path(ns)    Netlist Resource(s)
  -------------------------------------------------------------------    -------------------
                         (clock clk_out1_clk_wiz_0_1 rise edge)
                                                      0.000     0.000 r  
    R4                                                0.000     0.000 r  clk (IN)
                         net (fo=0)                   0.000     0.000    clk_gen/inst/clk_in1
    R4                   IBUF (Prop_ibuf_I_O)         1.475     1.475 r  clk_gen/inst/clkin1_ibufg/O
                         net (fo=1, routed)           1.253     2.728    clk_gen/inst/clk_in1_clk_wiz_0
    PLLE2_ADV_X1Y2       PLLE2_ADV (Prop_plle2_adv_CLKIN1_CLKOUT0)
                                                     -8.953    -6.225 r  clk_gen/inst/plle2_adv_inst/CLKOUT0
                         net (fo=1, routed)           1.802    -4.422    clk_gen/inst/clk_out1_clk_wiz_0
    BUFGCTRL_X0Y0        BUFG (Prop_bufg_I_O)         0.096    -4.326 r  clk_gen/inst/clkout1_buf/O
                         net (fo=6346, routed)        1.661    -2.665    clk_cpu
    SLICE_X63Y137        FDPE                                         r  reset_sync_reg[2]/C
  -------------------------------------------------------------------    -------------------
    SLICE_X63Y137        FDPE (Prop_fdpe_C_Q)         0.419    -2.246 f  reset_sync_reg[2]/Q
                         net (fo=2158, routed)       11.526     9.280    rv64im72f_5sp/Q[0]
    SLICE_X64Y100        FDCE                                         f  rv64im72f_5sp/retire_pc_plus_4_reg[14]/CLR
  -------------------------------------------------------------------    -------------------

                         (clock clk_out1_clk_wiz_0_1 rise edge)
                                                     23.256    23.256 r  
    R4                                                0.000    23.256 r  clk (IN)
                         net (fo=0)                   0.000    23.256    clk_gen/inst/clk_in1
    R4                   IBUF (Prop_ibuf_I_O)         1.405    24.660 r  clk_gen/inst/clkin1_ibufg/O
                         net (fo=1, routed)           1.181    25.841    clk_gen/inst/clk_in1_clk_wiz_0
    PLLE2_ADV_X1Y2       PLLE2_ADV (Prop_plle2_adv_CLKIN1_CLKOUT0)
                                                     -8.206    17.636 r  clk_gen/inst/plle2_adv_inst/CLKOUT0
                         net (fo=1, routed)           1.718    19.354    clk_gen/inst/clk_out1_clk_wiz_0
    BUFGCTRL_X0Y0        BUFG (Prop_bufg_I_O)         0.091    19.445 r  clk_gen/inst/clkout1_buf/O
                         net (fo=6346, routed)        1.545    20.990    rv64im72f_5sp/clk_out1
    SLICE_X64Y100        FDCE                                         r  rv64im72f_5sp/retire_pc_plus_4_reg[14]/C
                         clock pessimism             -0.435    20.555    
                         clock uncertainty           -0.161    20.394    
    SLICE_X64Y100        FDCE (Recov_fdce_C_CLR)     -0.536    19.858    rv64im72f_5sp/retire_pc_plus_4_reg[14]
  -------------------------------------------------------------------
                         required time                         19.858    
                         arrival time                          -9.280    
  -------------------------------------------------------------------
                         slack                                 10.578    

Slack (MET) :             10.620ns  (required time - arrival time)
  Source:                 reset_sync_reg[2]/C
                            (rising edge-triggered cell FDPE clocked by clk_out1_clk_wiz_0_1  {rise@0.000ns fall@11.628ns period=23.256ns})
  Destination:            rv64im72f_5sp/retire_csr_read_data_reg[0]/CLR
                            (recovery check against rising-edge clock clk_out1_clk_wiz_0_1  {rise@0.000ns fall@11.628ns period=23.256ns})
  Path Group:             **async_default**
  Path Type:              Recovery (Max at Slow Process Corner)
  Requirement:            23.256ns  (clk_out1_clk_wiz_0_1 rise@23.256ns - clk_out1_clk_wiz_0_1 rise@0.000ns)
  Data Path Delay:        11.945ns  (logic 0.419ns (3.508%)  route 11.526ns (96.492%))
  Logic Levels:           0  
  Clock Path Skew:        -0.036ns (DCD - SCD + CPR)
    Destination Clock Delay (DCD):    -2.265ns = ( 20.990 - 23.256 ) 
    Source Clock Delay      (SCD):    -2.665ns
    Clock Pessimism Removal (CPR):    -0.435ns
  Clock Uncertainty:      0.161ns  ((TSJ^2 + DJ^2)^1/2) / 2 + PE
    Total System Jitter     (TSJ):    0.071ns
    Discrete Jitter          (DJ):    0.315ns
    Phase Error              (PE):    0.000ns

    Location             Delay type                Incr(ns)  Path(ns)    Netlist Resource(s)
  -------------------------------------------------------------------    -------------------
                         (clock clk_out1_clk_wiz_0_1 rise edge)
                                                      0.000     0.000 r  
    R4                                                0.000     0.000 r  clk (IN)
                         net (fo=0)                   0.000     0.000    clk_gen/inst/clk_in1
    R4                   IBUF (Prop_ibuf_I_O)         1.475     1.475 r  clk_gen/inst/clkin1_ibufg/O
                         net (fo=1, routed)           1.253     2.728    clk_gen/inst/clk_in1_clk_wiz_0
    PLLE2_ADV_X1Y2       PLLE2_ADV (Prop_plle2_adv_CLKIN1_CLKOUT0)
                                                     -8.953    -6.225 r  clk_gen/inst/plle2_adv_inst/CLKOUT0
                         net (fo=1, routed)           1.802    -4.422    clk_gen/inst/clk_out1_clk_wiz_0
    BUFGCTRL_X0Y0        BUFG (Prop_bufg_I_O)         0.096    -4.326 r  clk_gen/inst/clkout1_buf/O
                         net (fo=6346, routed)        1.661    -2.665    clk_cpu
    SLICE_X63Y137        FDPE                                         r  reset_sync_reg[2]/C
  -------------------------------------------------------------------    -------------------
    SLICE_X63Y137        FDPE (Prop_fdpe_C_Q)         0.419    -2.246 f  reset_sync_reg[2]/Q
                         net (fo=2158, routed)       11.526     9.280    rv64im72f_5sp/Q[0]
    SLICE_X64Y100        FDCE                                         f  rv64im72f_5sp/retire_csr_read_data_reg[0]/CLR
  -------------------------------------------------------------------    -------------------

                         (clock clk_out1_clk_wiz_0_1 rise edge)
                                                     23.256    23.256 r  
    R4                                                0.000    23.256 r  clk (IN)
                         net (fo=0)                   0.000    23.256    clk_gen/inst/clk_in1
    R4                   IBUF (Prop_ibuf_I_O)         1.405    24.660 r  clk_gen/inst/clkin1_ibufg/O
                         net (fo=1, routed)           1.181    25.841    clk_gen/inst/clk_in1_clk_wiz_0
    PLLE2_ADV_X1Y2       PLLE2_ADV (Prop_plle2_adv_CLKIN1_CLKOUT0)
                                                     -8.206    17.636 r  clk_gen/inst/plle2_adv_inst/CLKOUT0
                         net (fo=1, routed)           1.718    19.354    clk_gen/inst/clk_out1_clk_wiz_0
    BUFGCTRL_X0Y0        BUFG (Prop_bufg_I_O)         0.091    19.445 r  clk_gen/inst/clkout1_buf/O
                         net (fo=6346, routed)        1.545    20.990    rv64im72f_5sp/clk_out1
    SLICE_X64Y100        FDCE                                         r  rv64im72f_5sp/retire_csr_read_data_reg[0]/C
                         clock pessimism             -0.435    20.555    
                         clock uncertainty           -0.161    20.394    
    SLICE_X64Y100        FDCE (Recov_fdce_C_CLR)     -0.494    19.900    rv64im72f_5sp/retire_csr_read_data_reg[0]
  -------------------------------------------------------------------
                         required time                         19.900    
                         arrival time                          -9.280    
  -------------------------------------------------------------------
                         slack                                 10.620    





Min Delay Paths
--------------------------------------------------------------------------------------
Slack (MET) :             0.455ns  (arrival time - required time)
  Source:                 reset_sync_reg[2]/C
                            (rising edge-triggered cell FDPE clocked by clk_out1_clk_wiz_0_1  {rise@0.000ns fall@11.628ns period=23.256ns})
  Destination:            rv64im72f_5sp/ex_mem_register/MEM_alu_result_reg[4]_rep__8/CLR
                            (removal check against rising-edge clock clk_out1_clk_wiz_0_1  {rise@0.000ns fall@11.628ns period=23.256ns})
  Path Group:             **async_default**
  Path Type:              Removal (Min at Fast Process Corner)
  Requirement:            0.000ns  (clk_out1_clk_wiz_0_1 rise@0.000ns - clk_out1_clk_wiz_0_1 rise@0.000ns)
  Data Path Delay:        0.327ns  (logic 0.128ns (39.130%)  route 0.199ns (60.870%))
  Logic Levels:           0  
  Clock Path Skew:        0.018ns (DCD - SCD - CPR)
    Destination Clock Delay (DCD):    -0.442ns
    Source Clock Delay      (SCD):    -0.670ns
    Clock Pessimism Removal (CPR):    0.210ns

    Location             Delay type                Incr(ns)  Path(ns)    Netlist Resource(s)
  -------------------------------------------------------------------    -------------------
                         (clock clk_out1_clk_wiz_0_1 rise edge)
                                                      0.000     0.000 r  
    R4                                                0.000     0.000 r  clk (IN)
                         net (fo=0)                   0.000     0.000    clk_gen/inst/clk_in1
    R4                   IBUF (Prop_ibuf_I_O)         0.243     0.243 r  clk_gen/inst/clkin1_ibufg/O
                         net (fo=1, routed)           0.440     0.683    clk_gen/inst/clk_in1_clk_wiz_0
    PLLE2_ADV_X1Y2       PLLE2_ADV (Prop_plle2_adv_CLKIN1_CLKOUT0)
                                                     -2.503    -1.819 r  clk_gen/inst/plle2_adv_inst/CLKOUT0
                         net (fo=1, routed)           0.546    -1.273    clk_gen/inst/clk_out1_clk_wiz_0
    BUFGCTRL_X0Y0        BUFG (Prop_bufg_I_O)         0.026    -1.247 r  clk_gen/inst/clkout1_buf/O
                         net (fo=6346, routed)        0.578    -0.670    clk_cpu
    SLICE_X63Y137        FDPE                                         r  reset_sync_reg[2]/C
  -------------------------------------------------------------------    -------------------
    SLICE_X63Y137        FDPE (Prop_fdpe_C_Q)         0.128    -0.542 f  reset_sync_reg[2]/Q
                         net (fo=2158, routed)        0.199    -0.343    rv64im72f_5sp/ex_mem_register/Q[0]
    SLICE_X63Y140        FDCE                                         f  rv64im72f_5sp/ex_mem_register/MEM_alu_result_reg[4]_rep__8/CLR
  -------------------------------------------------------------------    -------------------

                         (clock clk_out1_clk_wiz_0_1 rise edge)
                                                      0.000     0.000 r  
    R4                                                0.000     0.000 r  clk (IN)
                         net (fo=0)                   0.000     0.000    clk_gen/inst/clk_in1
    R4                   IBUF (Prop_ibuf_I_O)         0.431     0.431 r  clk_gen/inst/clkin1_ibufg/O
                         net (fo=1, routed)           0.481     0.912    clk_gen/inst/clk_in1_clk_wiz_0
    PLLE2_ADV_X1Y2       PLLE2_ADV (Prop_plle2_adv_CLKIN1_CLKOUT0)
                                                     -2.828    -1.916 r  clk_gen/inst/plle2_adv_inst/CLKOUT0
                         net (fo=1, routed)           0.595    -1.322    clk_gen/inst/clk_out1_clk_wiz_0
    BUFGCTRL_X0Y0        BUFG (Prop_bufg_I_O)         0.029    -1.293 r  clk_gen/inst/clkout1_buf/O
                         net (fo=6346, routed)        0.851    -0.442    rv64im72f_5sp/ex_mem_register/clk_out1
    SLICE_X63Y140        FDCE                                         r  rv64im72f_5sp/ex_mem_register/MEM_alu_result_reg[4]_rep__8/C
                         clock pessimism             -0.210    -0.652    
    SLICE_X63Y140        FDCE (Remov_fdce_C_CLR)     -0.146    -0.798    rv64im72f_5sp/ex_mem_register/MEM_alu_result_reg[4]_rep__8
  -------------------------------------------------------------------
                         required time                          0.798    
                         arrival time                          -0.343    
  -------------------------------------------------------------------
                         slack                                  0.455    

Slack (MET) :             0.633ns  (arrival time - required time)
  Source:                 reset_sync_reg[2]/C
                            (rising edge-triggered cell FDPE clocked by clk_out1_clk_wiz_0_1  {rise@0.000ns fall@11.628ns period=23.256ns})
  Destination:            rv64im72f_5sp/ex_mem_register/MEM_alu_result_reg[7]_rep__16/CLR
                            (removal check against rising-edge clock clk_out1_clk_wiz_0_1  {rise@0.000ns fall@11.628ns period=23.256ns})
  Path Group:             **async_default**
  Path Type:              Removal (Min at Fast Process Corner)
  Requirement:            0.000ns  (clk_out1_clk_wiz_0_1 rise@0.000ns - clk_out1_clk_wiz_0_1 rise@0.000ns)
  Data Path Delay:        0.523ns  (logic 0.128ns (24.491%)  route 0.395ns (75.509%))
  Logic Levels:           0  
  Clock Path Skew:        0.036ns (DCD - SCD - CPR)
    Destination Clock Delay (DCD):    -0.445ns
    Source Clock Delay      (SCD):    -0.670ns
    Clock Pessimism Removal (CPR):    0.189ns

    Location             Delay type                Incr(ns)  Path(ns)    Netlist Resource(s)
  -------------------------------------------------------------------    -------------------
                         (clock clk_out1_clk_wiz_0_1 rise edge)
                                                      0.000     0.000 r  
    R4                                                0.000     0.000 r  clk (IN)
                         net (fo=0)                   0.000     0.000    clk_gen/inst/clk_in1
    R4                   IBUF (Prop_ibuf_I_O)         0.243     0.243 r  clk_gen/inst/clkin1_ibufg/O
                         net (fo=1, routed)           0.440     0.683    clk_gen/inst/clk_in1_clk_wiz_0
    PLLE2_ADV_X1Y2       PLLE2_ADV (Prop_plle2_adv_CLKIN1_CLKOUT0)
                                                     -2.503    -1.819 r  clk_gen/inst/plle2_adv_inst/CLKOUT0
                         net (fo=1, routed)           0.546    -1.273    clk_gen/inst/clk_out1_clk_wiz_0
    BUFGCTRL_X0Y0        BUFG (Prop_bufg_I_O)         0.026    -1.247 r  clk_gen/inst/clkout1_buf/O
                         net (fo=6346, routed)        0.578    -0.670    clk_cpu
    SLICE_X63Y137        FDPE                                         r  reset_sync_reg[2]/C
  -------------------------------------------------------------------    -------------------
    SLICE_X63Y137        FDPE (Prop_fdpe_C_Q)         0.128    -0.542 f  reset_sync_reg[2]/Q
                         net (fo=2158, routed)        0.395    -0.147    rv64im72f_5sp/ex_mem_register/Q[0]
    SLICE_X67Y141        FDCE                                         f  rv64im72f_5sp/ex_mem_register/MEM_alu_result_reg[7]_rep__16/CLR
  -------------------------------------------------------------------    -------------------

                         (clock clk_out1_clk_wiz_0_1 rise edge)
                                                      0.000     0.000 r  
    R4                                                0.000     0.000 r  clk (IN)
                         net (fo=0)                   0.000     0.000    clk_gen/inst/clk_in1
    R4                   IBUF (Prop_ibuf_I_O)         0.431     0.431 r  clk_gen/inst/clkin1_ibufg/O
                         net (fo=1, routed)           0.481     0.912    clk_gen/inst/clk_in1_clk_wiz_0
    PLLE2_ADV_X1Y2       PLLE2_ADV (Prop_plle2_adv_CLKIN1_CLKOUT0)
                                                     -2.828    -1.916 r  clk_gen/inst/plle2_adv_inst/CLKOUT0
                         net (fo=1, routed)           0.595    -1.322    clk_gen/inst/clk_out1_clk_wiz_0
    BUFGCTRL_X0Y0        BUFG (Prop_bufg_I_O)         0.029    -1.293 r  clk_gen/inst/clkout1_buf/O
                         net (fo=6346, routed)        0.848    -0.445    rv64im72f_5sp/ex_mem_register/clk_out1
    SLICE_X67Y141        FDCE                                         r  rv64im72f_5sp/ex_mem_register/MEM_alu_result_reg[7]_rep__16/C
                         clock pessimism             -0.189    -0.634    
    SLICE_X67Y141        FDCE (Remov_fdce_C_CLR)     -0.146    -0.780    rv64im72f_5sp/ex_mem_register/MEM_alu_result_reg[7]_rep__16
  -------------------------------------------------------------------
                         required time                          0.780    
                         arrival time                          -0.147    
  -------------------------------------------------------------------
                         slack                                  0.633    

Slack (MET) :             0.684ns  (arrival time - required time)
  Source:                 reset_sync_reg[2]/C
                            (rising edge-triggered cell FDPE clocked by clk_out1_clk_wiz_0_1  {rise@0.000ns fall@11.628ns period=23.256ns})
  Destination:            rv64im72f_5sp/ex_mem_register/MEM_alu_result_reg[3]_rep__6/CLR
                            (removal check against rising-edge clock clk_out1_clk_wiz_0_1  {rise@0.000ns fall@11.628ns period=23.256ns})
  Path Group:             **async_default**
  Path Type:              Removal (Min at Fast Process Corner)
  Requirement:            0.000ns  (clk_out1_clk_wiz_0_1 rise@0.000ns - clk_out1_clk_wiz_0_1 rise@0.000ns)
  Data Path Delay:        0.578ns  (logic 0.128ns (22.144%)  route 0.450ns (77.856%))
  Logic Levels:           0  
  Clock Path Skew:        0.040ns (DCD - SCD - CPR)
    Destination Clock Delay (DCD):    -0.441ns
    Source Clock Delay      (SCD):    -0.670ns
    Clock Pessimism Removal (CPR):    0.189ns

    Location             Delay type                Incr(ns)  Path(ns)    Netlist Resource(s)
  -------------------------------------------------------------------    -------------------
                         (clock clk_out1_clk_wiz_0_1 rise edge)
                                                      0.000     0.000 r  
    R4                                                0.000     0.000 r  clk (IN)
                         net (fo=0)                   0.000     0.000    clk_gen/inst/clk_in1
    R4                   IBUF (Prop_ibuf_I_O)         0.243     0.243 r  clk_gen/inst/clkin1_ibufg/O
                         net (fo=1, routed)           0.440     0.683    clk_gen/inst/clk_in1_clk_wiz_0
    PLLE2_ADV_X1Y2       PLLE2_ADV (Prop_plle2_adv_CLKIN1_CLKOUT0)
                                                     -2.503    -1.819 r  clk_gen/inst/plle2_adv_inst/CLKOUT0
                         net (fo=1, routed)           0.546    -1.273    clk_gen/inst/clk_out1_clk_wiz_0
    BUFGCTRL_X0Y0        BUFG (Prop_bufg_I_O)         0.026    -1.247 r  clk_gen/inst/clkout1_buf/O
                         net (fo=6346, routed)        0.578    -0.670    clk_cpu
    SLICE_X63Y137        FDPE                                         r  reset_sync_reg[2]/C
  -------------------------------------------------------------------    -------------------
    SLICE_X63Y137        FDPE (Prop_fdpe_C_Q)         0.128    -0.542 f  reset_sync_reg[2]/Q
                         net (fo=2158, routed)        0.450    -0.092    rv64im72f_5sp/ex_mem_register/Q[0]
    SLICE_X61Y139        FDCE                                         f  rv64im72f_5sp/ex_mem_register/MEM_alu_result_reg[3]_rep__6/CLR
  -------------------------------------------------------------------    -------------------

                         (clock clk_out1_clk_wiz_0_1 rise edge)
                                                      0.000     0.000 r  
    R4                                                0.000     0.000 r  clk (IN)
                         net (fo=0)                   0.000     0.000    clk_gen/inst/clk_in1
    R4                   IBUF (Prop_ibuf_I_O)         0.431     0.431 r  clk_gen/inst/clkin1_ibufg/O
                         net (fo=1, routed)           0.481     0.912    clk_gen/inst/clk_in1_clk_wiz_0
    PLLE2_ADV_X1Y2       PLLE2_ADV (Prop_plle2_adv_CLKIN1_CLKOUT0)
                                                     -2.828    -1.916 r  clk_gen/inst/plle2_adv_inst/CLKOUT0
                         net (fo=1, routed)           0.595    -1.322    clk_gen/inst/clk_out1_clk_wiz_0
    BUFGCTRL_X0Y0        BUFG (Prop_bufg_I_O)         0.029    -1.293 r  clk_gen/inst/clkout1_buf/O
                         net (fo=6346, routed)        0.852    -0.441    rv64im72f_5sp/ex_mem_register/clk_out1
    SLICE_X61Y139        FDCE                                         r  rv64im72f_5sp/ex_mem_register/MEM_alu_result_reg[3]_rep__6/C
                         clock pessimism             -0.189    -0.630    
    SLICE_X61Y139        FDCE (Remov_fdce_C_CLR)     -0.146    -0.776    rv64im72f_5sp/ex_mem_register/MEM_alu_result_reg[3]_rep__6
  -------------------------------------------------------------------
                         required time                          0.776    
                         arrival time                          -0.092    
  -------------------------------------------------------------------
                         slack                                  0.684    

Slack (MET) :             0.684ns  (arrival time - required time)
  Source:                 reset_sync_reg[2]/C
                            (rising edge-triggered cell FDPE clocked by clk_out1_clk_wiz_0_1  {rise@0.000ns fall@11.628ns period=23.256ns})
  Destination:            rv64im72f_5sp/ex_mem_register/MEM_alu_result_reg[5]_rep__14/CLR
                            (removal check against rising-edge clock clk_out1_clk_wiz_0_1  {rise@0.000ns fall@11.628ns period=23.256ns})
  Path Group:             **async_default**
  Path Type:              Removal (Min at Fast Process Corner)
  Requirement:            0.000ns  (clk_out1_clk_wiz_0_1 rise@0.000ns - clk_out1_clk_wiz_0_1 rise@0.000ns)
  Data Path Delay:        0.578ns  (logic 0.128ns (22.144%)  route 0.450ns (77.856%))
  Logic Levels:           0  
  Clock Path Skew:        0.040ns (DCD - SCD - CPR)
    Destination Clock Delay (DCD):    -0.441ns
    Source Clock Delay      (SCD):    -0.670ns
    Clock Pessimism Removal (CPR):    0.189ns

    Location             Delay type                Incr(ns)  Path(ns)    Netlist Resource(s)
  -------------------------------------------------------------------    -------------------
                         (clock clk_out1_clk_wiz_0_1 rise edge)
                                                      0.000     0.000 r  
    R4                                                0.000     0.000 r  clk (IN)
                         net (fo=0)                   0.000     0.000    clk_gen/inst/clk_in1
    R4                   IBUF (Prop_ibuf_I_O)         0.243     0.243 r  clk_gen/inst/clkin1_ibufg/O
                         net (fo=1, routed)           0.440     0.683    clk_gen/inst/clk_in1_clk_wiz_0
    PLLE2_ADV_X1Y2       PLLE2_ADV (Prop_plle2_adv_CLKIN1_CLKOUT0)
                                                     -2.503    -1.819 r  clk_gen/inst/plle2_adv_inst/CLKOUT0
                         net (fo=1, routed)           0.546    -1.273    clk_gen/inst/clk_out1_clk_wiz_0
    BUFGCTRL_X0Y0        BUFG (Prop_bufg_I_O)         0.026    -1.247 r  clk_gen/inst/clkout1_buf/O
                         net (fo=6346, routed)        0.578    -0.670    clk_cpu
    SLICE_X63Y137        FDPE                                         r  reset_sync_reg[2]/C
  -------------------------------------------------------------------    -------------------
    SLICE_X63Y137        FDPE (Prop_fdpe_C_Q)         0.128    -0.542 f  reset_sync_reg[2]/Q
                         net (fo=2158, routed)        0.450    -0.092    rv64im72f_5sp/ex_mem_register/Q[0]
    SLICE_X61Y139        FDCE                                         f  rv64im72f_5sp/ex_mem_register/MEM_alu_result_reg[5]_rep__14/CLR
  -------------------------------------------------------------------    -------------------

                         (clock clk_out1_clk_wiz_0_1 rise edge)
                                                      0.000     0.000 r  
    R4                                                0.000     0.000 r  clk (IN)
                         net (fo=0)                   0.000     0.000    clk_gen/inst/clk_in1
    R4                   IBUF (Prop_ibuf_I_O)         0.431     0.431 r  clk_gen/inst/clkin1_ibufg/O
                         net (fo=1, routed)           0.481     0.912    clk_gen/inst/clk_in1_clk_wiz_0
    PLLE2_ADV_X1Y2       PLLE2_ADV (Prop_plle2_adv_CLKIN1_CLKOUT0)
                                                     -2.828    -1.916 r  clk_gen/inst/plle2_adv_inst/CLKOUT0
                         net (fo=1, routed)           0.595    -1.322    clk_gen/inst/clk_out1_clk_wiz_0
    BUFGCTRL_X0Y0        BUFG (Prop_bufg_I_O)         0.029    -1.293 r  clk_gen/inst/clkout1_buf/O
                         net (fo=6346, routed)        0.852    -0.441    rv64im72f_5sp/ex_mem_register/clk_out1
    SLICE_X61Y139        FDCE                                         r  rv64im72f_5sp/ex_mem_register/MEM_alu_result_reg[5]_rep__14/C
                         clock pessimism             -0.189    -0.630    
    SLICE_X61Y139        FDCE (Remov_fdce_C_CLR)     -0.146    -0.776    rv64im72f_5sp/ex_mem_register/MEM_alu_result_reg[5]_rep__14
  -------------------------------------------------------------------
                         required time                          0.776    
                         arrival time                          -0.092    
  -------------------------------------------------------------------
                         slack                                  0.684    

Slack (MET) :             0.715ns  (arrival time - required time)
  Source:                 reset_sync_reg[2]/C
                            (rising edge-triggered cell FDPE clocked by clk_out1_clk_wiz_0_1  {rise@0.000ns fall@11.628ns period=23.256ns})
  Destination:            rv64im72f_5sp/ex_mem_register/MEM_alu_result_reg[3]_rep__4/CLR
                            (removal check against rising-edge clock clk_out1_clk_wiz_0_1  {rise@0.000ns fall@11.628ns period=23.256ns})
  Path Group:             **async_default**
  Path Type:              Removal (Min at Fast Process Corner)
  Requirement:            0.000ns  (clk_out1_clk_wiz_0_1 rise@0.000ns - clk_out1_clk_wiz_0_1 rise@0.000ns)
  Data Path Delay:        0.601ns  (logic 0.128ns (21.302%)  route 0.473ns (78.698%))
  Logic Levels:           0  
  Clock Path Skew:        0.032ns (DCD - SCD - CPR)
    Destination Clock Delay (DCD):    -0.449ns
    Source Clock Delay      (SCD):    -0.670ns
    Clock Pessimism Removal (CPR):    0.189ns

    Location             Delay type                Incr(ns)  Path(ns)    Netlist Resource(s)
  -------------------------------------------------------------------    -------------------
                         (clock clk_out1_clk_wiz_0_1 rise edge)
                                                      0.000     0.000 r  
    R4                                                0.000     0.000 r  clk (IN)
                         net (fo=0)                   0.000     0.000    clk_gen/inst/clk_in1
    R4                   IBUF (Prop_ibuf_I_O)         0.243     0.243 r  clk_gen/inst/clkin1_ibufg/O
                         net (fo=1, routed)           0.440     0.683    clk_gen/inst/clk_in1_clk_wiz_0
    PLLE2_ADV_X1Y2       PLLE2_ADV (Prop_plle2_adv_CLKIN1_CLKOUT0)
                                                     -2.503    -1.819 r  clk_gen/inst/plle2_adv_inst/CLKOUT0
                         net (fo=1, routed)           0.546    -1.273    clk_gen/inst/clk_out1_clk_wiz_0
    BUFGCTRL_X0Y0        BUFG (Prop_bufg_I_O)         0.026    -1.247 r  clk_gen/inst/clkout1_buf/O
                         net (fo=6346, routed)        0.578    -0.670    clk_cpu
    SLICE_X63Y137        FDPE                                         r  reset_sync_reg[2]/C
  -------------------------------------------------------------------    -------------------
    SLICE_X63Y137        FDPE (Prop_fdpe_C_Q)         0.128    -0.542 f  reset_sync_reg[2]/Q
                         net (fo=2158, routed)        0.473    -0.069    rv64im72f_5sp/ex_mem_register/Q[0]
    SLICE_X71Y137        FDCE                                         f  rv64im72f_5sp/ex_mem_register/MEM_alu_result_reg[3]_rep__4/CLR
  -------------------------------------------------------------------    -------------------

                         (clock clk_out1_clk_wiz_0_1 rise edge)
                                                      0.000     0.000 r  
    R4                                                0.000     0.000 r  clk (IN)
                         net (fo=0)                   0.000     0.000    clk_gen/inst/clk_in1
    R4                   IBUF (Prop_ibuf_I_O)         0.431     0.431 r  clk_gen/inst/clkin1_ibufg/O
                         net (fo=1, routed)           0.481     0.912    clk_gen/inst/clk_in1_clk_wiz_0
    PLLE2_ADV_X1Y2       PLLE2_ADV (Prop_plle2_adv_CLKIN1_CLKOUT0)
                                                     -2.828    -1.916 r  clk_gen/inst/plle2_adv_inst/CLKOUT0
                         net (fo=1, routed)           0.595    -1.322    clk_gen/inst/clk_out1_clk_wiz_0
    BUFGCTRL_X0Y0        BUFG (Prop_bufg_I_O)         0.029    -1.293 r  clk_gen/inst/clkout1_buf/O
                         net (fo=6346, routed)        0.844    -0.449    rv64im72f_5sp/ex_mem_register/clk_out1
    SLICE_X71Y137        FDCE                                         r  rv64im72f_5sp/ex_mem_register/MEM_alu_result_reg[3]_rep__4/C
                         clock pessimism             -0.189    -0.638    
    SLICE_X71Y137        FDCE (Remov_fdce_C_CLR)     -0.146    -0.784    rv64im72f_5sp/ex_mem_register/MEM_alu_result_reg[3]_rep__4
  -------------------------------------------------------------------
                         required time                          0.784    
                         arrival time                          -0.069    
  -------------------------------------------------------------------
                         slack                                  0.715    

Slack (MET) :             0.718ns  (arrival time - required time)
  Source:                 reset_sync_reg[2]/C
                            (rising edge-triggered cell FDPE clocked by clk_out1_clk_wiz_0_1  {rise@0.000ns fall@11.628ns period=23.256ns})
  Destination:            rv64im72f_5sp/ex_mem_register/MEM_alu_result_reg[9]_rep__7/CLR
                            (removal check against rising-edge clock clk_out1_clk_wiz_0_1  {rise@0.000ns fall@11.628ns period=23.256ns})
  Path Group:             **async_default**
  Path Type:              Removal (Min at Fast Process Corner)
  Requirement:            0.000ns  (clk_out1_clk_wiz_0_1 rise@0.000ns - clk_out1_clk_wiz_0_1 rise@0.000ns)
  Data Path Delay:        0.842ns  (logic 0.128ns (15.203%)  route 0.714ns (84.797%))
  Logic Levels:           0  
  Clock Path Skew:        0.270ns (DCD - SCD - CPR)
    Destination Clock Delay (DCD):    -0.445ns
    Source Clock Delay      (SCD):    -0.670ns
    Clock Pessimism Removal (CPR):    -0.045ns

    Location             Delay type                Incr(ns)  Path(ns)    Netlist Resource(s)
  -------------------------------------------------------------------    -------------------
                         (clock clk_out1_clk_wiz_0_1 rise edge)
                                                      0.000     0.000 r  
    R4                                                0.000     0.000 r  clk (IN)
                         net (fo=0)                   0.000     0.000    clk_gen/inst/clk_in1
    R4                   IBUF (Prop_ibuf_I_O)         0.243     0.243 r  clk_gen/inst/clkin1_ibufg/O
                         net (fo=1, routed)           0.440     0.683    clk_gen/inst/clk_in1_clk_wiz_0
    PLLE2_ADV_X1Y2       PLLE2_ADV (Prop_plle2_adv_CLKIN1_CLKOUT0)
                                                     -2.503    -1.819 r  clk_gen/inst/plle2_adv_inst/CLKOUT0
                         net (fo=1, routed)           0.546    -1.273    clk_gen/inst/clk_out1_clk_wiz_0
    BUFGCTRL_X0Y0        BUFG (Prop_bufg_I_O)         0.026    -1.247 r  clk_gen/inst/clkout1_buf/O
                         net (fo=6346, routed)        0.578    -0.670    clk_cpu
    SLICE_X63Y137        FDPE                                         r  reset_sync_reg[2]/C
  -------------------------------------------------------------------    -------------------
    SLICE_X63Y137        FDPE (Prop_fdpe_C_Q)         0.128    -0.542 f  reset_sync_reg[2]/Q
                         net (fo=2158, routed)        0.714     0.172    rv64im72f_5sp/ex_mem_register/Q[0]
    SLICE_X69Y151        FDCE                                         f  rv64im72f_5sp/ex_mem_register/MEM_alu_result_reg[9]_rep__7/CLR
  -------------------------------------------------------------------    -------------------

                         (clock clk_out1_clk_wiz_0_1 rise edge)
                                                      0.000     0.000 r  
    R4                                                0.000     0.000 r  clk (IN)
                         net (fo=0)                   0.000     0.000    clk_gen/inst/clk_in1
    R4                   IBUF (Prop_ibuf_I_O)         0.431     0.431 r  clk_gen/inst/clkin1_ibufg/O
                         net (fo=1, routed)           0.481     0.912    clk_gen/inst/clk_in1_clk_wiz_0
    PLLE2_ADV_X1Y2       PLLE2_ADV (Prop_plle2_adv_CLKIN1_CLKOUT0)
                                                     -2.828    -1.916 r  clk_gen/inst/plle2_adv_inst/CLKOUT0
                         net (fo=1, routed)           0.595    -1.322    clk_gen/inst/clk_out1_clk_wiz_0
    BUFGCTRL_X0Y0        BUFG (Prop_bufg_I_O)         0.029    -1.293 r  clk_gen/inst/clkout1_buf/O
                         net (fo=6346, routed)        0.848    -0.445    rv64im72f_5sp/ex_mem_register/clk_out1
    SLICE_X69Y151        FDCE                                         r  rv64im72f_5sp/ex_mem_register/MEM_alu_result_reg[9]_rep__7/C
                         clock pessimism              0.045    -0.400    
    SLICE_X69Y151        FDCE (Remov_fdce_C_CLR)     -0.146    -0.546    rv64im72f_5sp/ex_mem_register/MEM_alu_result_reg[9]_rep__7
  -------------------------------------------------------------------
                         required time                          0.546    
                         arrival time                           0.172    
  -------------------------------------------------------------------
                         slack                                  0.718    

Slack (MET) :             0.751ns  (arrival time - required time)
  Source:                 reset_sync_reg[2]/C
                            (rising edge-triggered cell FDPE clocked by clk_out1_clk_wiz_0_1  {rise@0.000ns fall@11.628ns period=23.256ns})
  Destination:            rv64im72f_5sp/ex_mem_register/MEM_alu_result_reg[5]_rep__23/CLR
                            (removal check against rising-edge clock clk_out1_clk_wiz_0_1  {rise@0.000ns fall@11.628ns period=23.256ns})
  Path Group:             **async_default**
  Path Type:              Removal (Min at Fast Process Corner)
  Requirement:            0.000ns  (clk_out1_clk_wiz_0_1 rise@0.000ns - clk_out1_clk_wiz_0_1 rise@0.000ns)
  Data Path Delay:        0.642ns  (logic 0.128ns (19.944%)  route 0.514ns (80.056%))
  Logic Levels:           0  
  Clock Path Skew:        0.037ns (DCD - SCD - CPR)
    Destination Clock Delay (DCD):    -0.444ns
    Source Clock Delay      (SCD):    -0.670ns
    Clock Pessimism Removal (CPR):    0.189ns

    Location             Delay type                Incr(ns)  Path(ns)    Netlist Resource(s)
  -------------------------------------------------------------------    -------------------
                         (clock clk_out1_clk_wiz_0_1 rise edge)
                                                      0.000     0.000 r  
    R4                                                0.000     0.000 r  clk (IN)
                         net (fo=0)                   0.000     0.000    clk_gen/inst/clk_in1
    R4                   IBUF (Prop_ibuf_I_O)         0.243     0.243 r  clk_gen/inst/clkin1_ibufg/O
                         net (fo=1, routed)           0.440     0.683    clk_gen/inst/clk_in1_clk_wiz_0
    PLLE2_ADV_X1Y2       PLLE2_ADV (Prop_plle2_adv_CLKIN1_CLKOUT0)
                                                     -2.503    -1.819 r  clk_gen/inst/plle2_adv_inst/CLKOUT0
                         net (fo=1, routed)           0.546    -1.273    clk_gen/inst/clk_out1_clk_wiz_0
    BUFGCTRL_X0Y0        BUFG (Prop_bufg_I_O)         0.026    -1.247 r  clk_gen/inst/clkout1_buf/O
                         net (fo=6346, routed)        0.578    -0.670    clk_cpu
    SLICE_X63Y137        FDPE                                         r  reset_sync_reg[2]/C
  -------------------------------------------------------------------    -------------------
    SLICE_X63Y137        FDPE (Prop_fdpe_C_Q)         0.128    -0.542 f  reset_sync_reg[2]/Q
                         net (fo=2158, routed)        0.514    -0.028    rv64im72f_5sp/ex_mem_register/Q[0]
    SLICE_X67Y143        FDCE                                         f  rv64im72f_5sp/ex_mem_register/MEM_alu_result_reg[5]_rep__23/CLR
  -------------------------------------------------------------------    -------------------

                         (clock clk_out1_clk_wiz_0_1 rise edge)
                                                      0.000     0.000 r  
    R4                                                0.000     0.000 r  clk (IN)
                         net (fo=0)                   0.000     0.000    clk_gen/inst/clk_in1
    R4                   IBUF (Prop_ibuf_I_O)         0.431     0.431 r  clk_gen/inst/clkin1_ibufg/O
                         net (fo=1, routed)           0.481     0.912    clk_gen/inst/clk_in1_clk_wiz_0
    PLLE2_ADV_X1Y2       PLLE2_ADV (Prop_plle2_adv_CLKIN1_CLKOUT0)
                                                     -2.828    -1.916 r  clk_gen/inst/plle2_adv_inst/CLKOUT0
                         net (fo=1, routed)           0.595    -1.322    clk_gen/inst/clk_out1_clk_wiz_0
    BUFGCTRL_X0Y0        BUFG (Prop_bufg_I_O)         0.029    -1.293 r  clk_gen/inst/clkout1_buf/O
                         net (fo=6346, routed)        0.849    -0.444    rv64im72f_5sp/ex_mem_register/clk_out1
    SLICE_X67Y143        FDCE                                         r  rv64im72f_5sp/ex_mem_register/MEM_alu_result_reg[5]_rep__23/C
                         clock pessimism             -0.189    -0.633    
    SLICE_X67Y143        FDCE (Remov_fdce_C_CLR)     -0.146    -0.779    rv64im72f_5sp/ex_mem_register/MEM_alu_result_reg[5]_rep__23
  -------------------------------------------------------------------
                         required time                          0.779    
                         arrival time                          -0.028    
  -------------------------------------------------------------------
                         slack                                  0.751    

Slack (MET) :             0.807ns  (arrival time - required time)
  Source:                 reset_sync_reg[2]/C
                            (rising edge-triggered cell FDPE clocked by clk_out1_clk_wiz_0_1  {rise@0.000ns fall@11.628ns period=23.256ns})
  Destination:            rv64im72f_5sp/ex_mem_register/MEM_alu_result_reg[2]_rep__16/CLR
                            (removal check against rising-edge clock clk_out1_clk_wiz_0_1  {rise@0.000ns fall@11.628ns period=23.256ns})
  Path Group:             **async_default**
  Path Type:              Removal (Min at Fast Process Corner)
  Requirement:            0.000ns  (clk_out1_clk_wiz_0_1 rise@0.000ns - clk_out1_clk_wiz_0_1 rise@0.000ns)
  Data Path Delay:        0.703ns  (logic 0.128ns (18.198%)  route 0.575ns (81.802%))
  Logic Levels:           0  
  Clock Path Skew:        0.042ns (DCD - SCD - CPR)
    Destination Clock Delay (DCD):    -0.439ns
    Source Clock Delay      (SCD):    -0.670ns
    Clock Pessimism Removal (CPR):    0.189ns

    Location             Delay type                Incr(ns)  Path(ns)    Netlist Resource(s)
  -------------------------------------------------------------------    -------------------
                         (clock clk_out1_clk_wiz_0_1 rise edge)
                                                      0.000     0.000 r  
    R4                                                0.000     0.000 r  clk (IN)
                         net (fo=0)                   0.000     0.000    clk_gen/inst/clk_in1
    R4                   IBUF (Prop_ibuf_I_O)         0.243     0.243 r  clk_gen/inst/clkin1_ibufg/O
                         net (fo=1, routed)           0.440     0.683    clk_gen/inst/clk_in1_clk_wiz_0
    PLLE2_ADV_X1Y2       PLLE2_ADV (Prop_plle2_adv_CLKIN1_CLKOUT0)
                                                     -2.503    -1.819 r  clk_gen/inst/plle2_adv_inst/CLKOUT0
                         net (fo=1, routed)           0.546    -1.273    clk_gen/inst/clk_out1_clk_wiz_0
    BUFGCTRL_X0Y0        BUFG (Prop_bufg_I_O)         0.026    -1.247 r  clk_gen/inst/clkout1_buf/O
                         net (fo=6346, routed)        0.578    -0.670    clk_cpu
    SLICE_X63Y137        FDPE                                         r  reset_sync_reg[2]/C
  -------------------------------------------------------------------    -------------------
    SLICE_X63Y137        FDPE (Prop_fdpe_C_Q)         0.128    -0.542 f  reset_sync_reg[2]/Q
                         net (fo=2158, routed)        0.575     0.034    rv64im72f_5sp/ex_mem_register/Q[0]
    SLICE_X55Y138        FDCE                                         f  rv64im72f_5sp/ex_mem_register/MEM_alu_result_reg[2]_rep__16/CLR
  -------------------------------------------------------------------    -------------------

                         (clock clk_out1_clk_wiz_0_1 rise edge)
                                                      0.000     0.000 r  
    R4                                                0.000     0.000 r  clk (IN)
                         net (fo=0)                   0.000     0.000    clk_gen/inst/clk_in1
    R4                   IBUF (Prop_ibuf_I_O)         0.431     0.431 r  clk_gen/inst/clkin1_ibufg/O
                         net (fo=1, routed)           0.481     0.912    clk_gen/inst/clk_in1_clk_wiz_0
    PLLE2_ADV_X1Y2       PLLE2_ADV (Prop_plle2_adv_CLKIN1_CLKOUT0)
                                                     -2.828    -1.916 r  clk_gen/inst/plle2_adv_inst/CLKOUT0
                         net (fo=1, routed)           0.595    -1.322    clk_gen/inst/clk_out1_clk_wiz_0
    BUFGCTRL_X0Y0        BUFG (Prop_bufg_I_O)         0.029    -1.293 r  clk_gen/inst/clkout1_buf/O
                         net (fo=6346, routed)        0.854    -0.439    rv64im72f_5sp/ex_mem_register/clk_out1
    SLICE_X55Y138        FDCE                                         r  rv64im72f_5sp/ex_mem_register/MEM_alu_result_reg[2]_rep__16/C
                         clock pessimism             -0.189    -0.628    
    SLICE_X55Y138        FDCE (Remov_fdce_C_CLR)     -0.146    -0.774    rv64im72f_5sp/ex_mem_register/MEM_alu_result_reg[2]_rep__16
  -------------------------------------------------------------------
                         required time                          0.774    
                         arrival time                           0.034    
  -------------------------------------------------------------------
                         slack                                  0.807    

Slack (MET) :             0.809ns  (arrival time - required time)
  Source:                 reset_sync_reg[2]/C
                            (rising edge-triggered cell FDPE clocked by clk_out1_clk_wiz_0_1  {rise@0.000ns fall@11.628ns period=23.256ns})
  Destination:            rv64im72f_5sp/ex_mem_register/MEM_alu_result_reg[8]_rep__3/CLR
                            (removal check against rising-edge clock clk_out1_clk_wiz_0_1  {rise@0.000ns fall@11.628ns period=23.256ns})
  Path Group:             **async_default**
  Path Type:              Removal (Min at Fast Process Corner)
  Requirement:            0.000ns  (clk_out1_clk_wiz_0_1 rise@0.000ns - clk_out1_clk_wiz_0_1 rise@0.000ns)
  Data Path Delay:        0.706ns  (logic 0.128ns (18.120%)  route 0.578ns (81.880%))
  Logic Levels:           0  
  Clock Path Skew:        0.043ns (DCD - SCD - CPR)
    Destination Clock Delay (DCD):    -0.438ns
    Source Clock Delay      (SCD):    -0.670ns
    Clock Pessimism Removal (CPR):    0.189ns

    Location             Delay type                Incr(ns)  Path(ns)    Netlist Resource(s)
  -------------------------------------------------------------------    -------------------
                         (clock clk_out1_clk_wiz_0_1 rise edge)
                                                      0.000     0.000 r  
    R4                                                0.000     0.000 r  clk (IN)
                         net (fo=0)                   0.000     0.000    clk_gen/inst/clk_in1
    R4                   IBUF (Prop_ibuf_I_O)         0.243     0.243 r  clk_gen/inst/clkin1_ibufg/O
                         net (fo=1, routed)           0.440     0.683    clk_gen/inst/clk_in1_clk_wiz_0
    PLLE2_ADV_X1Y2       PLLE2_ADV (Prop_plle2_adv_CLKIN1_CLKOUT0)
                                                     -2.503    -1.819 r  clk_gen/inst/plle2_adv_inst/CLKOUT0
                         net (fo=1, routed)           0.546    -1.273    clk_gen/inst/clk_out1_clk_wiz_0
    BUFGCTRL_X0Y0        BUFG (Prop_bufg_I_O)         0.026    -1.247 r  clk_gen/inst/clkout1_buf/O
                         net (fo=6346, routed)        0.578    -0.670    clk_cpu
    SLICE_X63Y137        FDPE                                         r  reset_sync_reg[2]/C
  -------------------------------------------------------------------    -------------------
    SLICE_X63Y137        FDPE (Prop_fdpe_C_Q)         0.128    -0.542 f  reset_sync_reg[2]/Q
                         net (fo=2158, routed)        0.578     0.037    rv64im72f_5sp/ex_mem_register/Q[0]
    SLICE_X54Y141        FDCE                                         f  rv64im72f_5sp/ex_mem_register/MEM_alu_result_reg[8]_rep__3/CLR
  -------------------------------------------------------------------    -------------------

                         (clock clk_out1_clk_wiz_0_1 rise edge)
                                                      0.000     0.000 r  
    R4                                                0.000     0.000 r  clk (IN)
                         net (fo=0)                   0.000     0.000    clk_gen/inst/clk_in1
    R4                   IBUF (Prop_ibuf_I_O)         0.431     0.431 r  clk_gen/inst/clkin1_ibufg/O
                         net (fo=1, routed)           0.481     0.912    clk_gen/inst/clk_in1_clk_wiz_0
    PLLE2_ADV_X1Y2       PLLE2_ADV (Prop_plle2_adv_CLKIN1_CLKOUT0)
                                                     -2.828    -1.916 r  clk_gen/inst/plle2_adv_inst/CLKOUT0
                         net (fo=1, routed)           0.595    -1.322    clk_gen/inst/clk_out1_clk_wiz_0
    BUFGCTRL_X0Y0        BUFG (Prop_bufg_I_O)         0.029    -1.293 r  clk_gen/inst/clkout1_buf/O
                         net (fo=6346, routed)        0.855    -0.438    rv64im72f_5sp/ex_mem_register/clk_out1
    SLICE_X54Y141        FDCE                                         r  rv64im72f_5sp/ex_mem_register/MEM_alu_result_reg[8]_rep__3/C
                         clock pessimism             -0.189    -0.627    
    SLICE_X54Y141        FDCE (Remov_fdce_C_CLR)     -0.146    -0.773    rv64im72f_5sp/ex_mem_register/MEM_alu_result_reg[8]_rep__3
  -------------------------------------------------------------------
                         required time                          0.773    
                         arrival time                           0.037    
  -------------------------------------------------------------------
                         slack                                  0.809    

Slack (MET) :             0.814ns  (arrival time - required time)
  Source:                 reset_sync_reg[2]/C
                            (rising edge-triggered cell FDPE clocked by clk_out1_clk_wiz_0_1  {rise@0.000ns fall@11.628ns period=23.256ns})
  Destination:            rv64im72f_5sp/ex_mem_register/MEM_alu_result_reg[3]_rep__15/CLR
                            (removal check against rising-edge clock clk_out1_clk_wiz_0_1  {rise@0.000ns fall@11.628ns period=23.256ns})
  Path Group:             **async_default**
  Path Type:              Removal (Min at Fast Process Corner)
  Requirement:            0.000ns  (clk_out1_clk_wiz_0_1 rise@0.000ns - clk_out1_clk_wiz_0_1 rise@0.000ns)
  Data Path Delay:        0.705ns  (logic 0.128ns (18.152%)  route 0.577ns (81.848%))
  Logic Levels:           0  
  Clock Path Skew:        0.037ns (DCD - SCD - CPR)
    Destination Clock Delay (DCD):    -0.444ns
    Source Clock Delay      (SCD):    -0.670ns
    Clock Pessimism Removal (CPR):    0.189ns

    Location             Delay type                Incr(ns)  Path(ns)    Netlist Resource(s)
  -------------------------------------------------------------------    -------------------
                         (clock clk_out1_clk_wiz_0_1 rise edge)
                                                      0.000     0.000 r  
    R4                                                0.000     0.000 r  clk (IN)
                         net (fo=0)                   0.000     0.000    clk_gen/inst/clk_in1
    R4                   IBUF (Prop_ibuf_I_O)         0.243     0.243 r  clk_gen/inst/clkin1_ibufg/O
                         net (fo=1, routed)           0.440     0.683    clk_gen/inst/clk_in1_clk_wiz_0
    PLLE2_ADV_X1Y2       PLLE2_ADV (Prop_plle2_adv_CLKIN1_CLKOUT0)
                                                     -2.503    -1.819 r  clk_gen/inst/plle2_adv_inst/CLKOUT0
                         net (fo=1, routed)           0.546    -1.273    clk_gen/inst/clk_out1_clk_wiz_0
    BUFGCTRL_X0Y0        BUFG (Prop_bufg_I_O)         0.026    -1.247 r  clk_gen/inst/clkout1_buf/O
                         net (fo=6346, routed)        0.578    -0.670    clk_cpu
    SLICE_X63Y137        FDPE                                         r  reset_sync_reg[2]/C
  -------------------------------------------------------------------    -------------------
    SLICE_X63Y137        FDPE (Prop_fdpe_C_Q)         0.128    -0.542 f  reset_sync_reg[2]/Q
                         net (fo=2158, routed)        0.577     0.035    rv64im72f_5sp/ex_mem_register/Q[0]
    SLICE_X67Y144        FDCE                                         f  rv64im72f_5sp/ex_mem_register/MEM_alu_result_reg[3]_rep__15/CLR
  -------------------------------------------------------------------    -------------------

                         (clock clk_out1_clk_wiz_0_1 rise edge)
                                                      0.000     0.000 r  
    R4                                                0.000     0.000 r  clk (IN)
                         net (fo=0)                   0.000     0.000    clk_gen/inst/clk_in1
    R4                   IBUF (Prop_ibuf_I_O)         0.431     0.431 r  clk_gen/inst/clkin1_ibufg/O
                         net (fo=1, routed)           0.481     0.912    clk_gen/inst/clk_in1_clk_wiz_0
    PLLE2_ADV_X1Y2       PLLE2_ADV (Prop_plle2_adv_CLKIN1_CLKOUT0)
                                                     -2.828    -1.916 r  clk_gen/inst/plle2_adv_inst/CLKOUT0
                         net (fo=1, routed)           0.595    -1.322    clk_gen/inst/clk_out1_clk_wiz_0
    BUFGCTRL_X0Y0        BUFG (Prop_bufg_I_O)         0.029    -1.293 r  clk_gen/inst/clkout1_buf/O
                         net (fo=6346, routed)        0.849    -0.444    rv64im72f_5sp/ex_mem_register/clk_out1
    SLICE_X67Y144        FDCE                                         r  rv64im72f_5sp/ex_mem_register/MEM_alu_result_reg[3]_rep__15/C
                         clock pessimism             -0.189    -0.633    
    SLICE_X67Y144        FDCE (Remov_fdce_C_CLR)     -0.146    -0.779    rv64im72f_5sp/ex_mem_register/MEM_alu_result_reg[3]_rep__15
  -------------------------------------------------------------------
                         required time                          0.779    
                         arrival time                           0.035    
  -------------------------------------------------------------------
                         slack                                  0.814    





--------------------------------------------------------------------------------------
Path Group:  (none)
From Clock:  clk_out1_clk_wiz_0_1
  To Clock:  

Max Delay             9 Endpoints
Min Delay             9 Endpoints
--------------------------------------------------------------------------------------


Max Delay Paths
--------------------------------------------------------------------------------------
Slack:                    inf
  Source:                 cpu_clk_enable_reg/C
                            (rising edge-triggered cell FDCE clocked by clk_out1_clk_wiz_0_1  {rise@0.000ns fall@11.628ns period=23.256ns})
  Destination:            led[0]
                            (output port)
  Path Group:             (none)
  Path Type:              Max at Slow Process Corner
  Data Path Delay:        14.957ns  (logic 3.727ns (24.916%)  route 11.231ns (75.084%))
  Logic Levels:           2  (LUT1=1 OBUF=1)
  Clock Uncertainty:      0.468ns  ((TSJ^2 + DJ^2)^1/2) / 2 + PE
    Total System Jitter     (TSJ):    0.050ns
    Discrete Jitter          (DJ):    0.315ns
    Phase Error              (PE):    0.309ns
  Timing Exception:       False Path

    Location             Delay type                Incr(ns)  Path(ns)    Netlist Resource(s)
  -------------------------------------------------------------------    -------------------
                         (clock clk_out1_clk_wiz_0_1 rise edge)
                                                      0.000     0.000 r  
    R4                                                0.000     0.000 r  clk (IN)
                         net (fo=0)                   0.000     0.000    clk_gen/inst/clk_in1
    R4                   IBUF (Prop_ibuf_I_O)         1.475     1.475 r  clk_gen/inst/clkin1_ibufg/O
                         net (fo=1, routed)           1.253     2.728    clk_gen/inst/clk_in1_clk_wiz_0
    PLLE2_ADV_X1Y2       PLLE2_ADV (Prop_plle2_adv_CLKIN1_CLKOUT0)
                                                     -8.953    -6.225 r  clk_gen/inst/plle2_adv_inst/CLKOUT0
                         net (fo=1, routed)           1.802    -4.422    clk_gen/inst/clk_out1_clk_wiz_0
    BUFGCTRL_X0Y0        BUFG (Prop_bufg_I_O)         0.096    -4.326 r  clk_gen/inst/clkout1_buf/O
                         net (fo=6346, routed)        1.748    -2.578    clk_cpu
    SLICE_X22Y125        FDCE                                         r  cpu_clk_enable_reg/C
  -------------------------------------------------------------------    -------------------
    SLICE_X22Y125        FDCE (Prop_fdce_C_Q)         0.478    -2.100 f  cpu_clk_enable_reg/Q
                         net (fo=404, routed)         8.482     6.382    cpu_clk_enable
    SLICE_X20Y80         LUT1 (Prop_lut1_I0_O)        0.295     6.677 r  led_OBUF[0]_inst_i_1/O
                         net (fo=1, routed)           2.749     9.426    led_OBUF[0]
    T14                  OBUF (Prop_obuf_I_O)         2.954    12.380 r  led_OBUF[0]_inst/O
                         net (fo=0)                   0.000    12.380    led[0]
    T14                                                               r  led[0] (OUT)
  -------------------------------------------------------------------    -------------------

Slack:                    inf
  Source:                 rv64im72f_5sp/mem_wb_register/WB_instruction_reg[1]_lopt_replica/C
                            (rising edge-triggered cell FDPE clocked by clk_out1_clk_wiz_0_1  {rise@0.000ns fall@11.628ns period=23.256ns})
  Destination:            led[2]
                            (output port)
  Path Group:             (none)
  Path Type:              Max at Slow Process Corner
  Data Path Delay:        8.085ns  (logic 3.564ns (44.086%)  route 4.520ns (55.914%))
  Logic Levels:           1  (OBUF=1)
  Clock Uncertainty:      0.468ns  ((TSJ^2 + DJ^2)^1/2) / 2 + PE
    Total System Jitter     (TSJ):    0.050ns
    Discrete Jitter          (DJ):    0.315ns
    Phase Error              (PE):    0.309ns
  Timing Exception:       False Path

    Location             Delay type                Incr(ns)  Path(ns)    Netlist Resource(s)
  -------------------------------------------------------------------    -------------------
                         (clock clk_out1_clk_wiz_0_1 rise edge)
                                                      0.000     0.000 r  
    R4                                                0.000     0.000 r  clk (IN)
                         net (fo=0)                   0.000     0.000    clk_gen/inst/clk_in1
    R4                   IBUF (Prop_ibuf_I_O)         1.475     1.475 r  clk_gen/inst/clkin1_ibufg/O
                         net (fo=1, routed)           1.253     2.728    clk_gen/inst/clk_in1_clk_wiz_0
    PLLE2_ADV_X1Y2       PLLE2_ADV (Prop_plle2_adv_CLKIN1_CLKOUT0)
                                                     -8.953    -6.225 r  clk_gen/inst/plle2_adv_inst/CLKOUT0
                         net (fo=1, routed)           1.802    -4.422    clk_gen/inst/clk_out1_clk_wiz_0
    BUFGCTRL_X0Y0        BUFG (Prop_bufg_I_O)         0.096    -4.326 r  clk_gen/inst/clkout1_buf/O
                         net (fo=6346, routed)        1.828    -2.498    rv64im72f_5sp/mem_wb_register/clk_out1
    SLICE_X66Y84         FDPE                                         r  rv64im72f_5sp/mem_wb_register/WB_instruction_reg[1]_lopt_replica/C
  -------------------------------------------------------------------    -------------------
    SLICE_X66Y84         FDPE (Prop_fdpe_C_Q)         0.478    -2.020 r  rv64im72f_5sp/mem_wb_register/WB_instruction_reg[1]_lopt_replica/Q
                         net (fo=1, routed)           4.520     2.501    lopt_1
    T16                  OBUF (Prop_obuf_I_O)         3.086     5.587 r  led_OBUF[2]_inst/O
                         net (fo=0)                   0.000     5.587    led[2]
    T16                                                               r  led[2] (OUT)
  -------------------------------------------------------------------    -------------------

Slack:                    inf
  Source:                 rv64im72f_5sp/mem_wb_register/WB_instruction_reg[2]_lopt_replica/C
                            (rising edge-triggered cell FDCE clocked by clk_out1_clk_wiz_0_1  {rise@0.000ns fall@11.628ns period=23.256ns})
  Destination:            led[3]
                            (output port)
  Path Group:             (none)
  Path Type:              Max at Slow Process Corner
  Data Path Delay:        8.013ns  (logic 3.511ns (43.819%)  route 4.502ns (56.181%))
  Logic Levels:           1  (OBUF=1)
  Clock Uncertainty:      0.468ns  ((TSJ^2 + DJ^2)^1/2) / 2 + PE
    Total System Jitter     (TSJ):    0.050ns
    Discrete Jitter          (DJ):    0.315ns
    Phase Error              (PE):    0.309ns
  Timing Exception:       False Path

    Location             Delay type                Incr(ns)  Path(ns)    Netlist Resource(s)
  -------------------------------------------------------------------    -------------------
                         (clock clk_out1_clk_wiz_0_1 rise edge)
                                                      0.000     0.000 r  
    R4                                                0.000     0.000 r  clk (IN)
                         net (fo=0)                   0.000     0.000    clk_gen/inst/clk_in1
    R4                   IBUF (Prop_ibuf_I_O)         1.475     1.475 r  clk_gen/inst/clkin1_ibufg/O
                         net (fo=1, routed)           1.253     2.728    clk_gen/inst/clk_in1_clk_wiz_0
    PLLE2_ADV_X1Y2       PLLE2_ADV (Prop_plle2_adv_CLKIN1_CLKOUT0)
                                                     -8.953    -6.225 r  clk_gen/inst/plle2_adv_inst/CLKOUT0
                         net (fo=1, routed)           1.802    -4.422    clk_gen/inst/clk_out1_clk_wiz_0
    BUFGCTRL_X0Y0        BUFG (Prop_bufg_I_O)         0.096    -4.326 r  clk_gen/inst/clkout1_buf/O
                         net (fo=6346, routed)        1.826    -2.500    rv64im72f_5sp/mem_wb_register/clk_out1
    SLICE_X67Y82         FDCE                                         r  rv64im72f_5sp/mem_wb_register/WB_instruction_reg[2]_lopt_replica/C
  -------------------------------------------------------------------    -------------------
    SLICE_X67Y82         FDCE (Prop_fdce_C_Q)         0.419    -2.081 r  rv64im72f_5sp/mem_wb_register/WB_instruction_reg[2]_lopt_replica/Q
                         net (fo=1, routed)           4.502     2.421    lopt_2
    U16                  OBUF (Prop_obuf_I_O)         3.092     5.513 r  led_OBUF[3]_inst/O
                         net (fo=0)                   0.000     5.513    led[3]
    U16                                                               r  led[3] (OUT)
  -------------------------------------------------------------------    -------------------

Slack:                    inf
  Source:                 uart_tx/tx_reg/C
                            (rising edge-triggered cell FDPE clocked by clk_out1_clk_wiz_0_1  {rise@0.000ns fall@11.628ns period=23.256ns})
  Destination:            uart_tx_in
                            (output port)
  Path Group:             (none)
  Path Type:              Max at Slow Process Corner
  Data Path Delay:        8.054ns  (logic 4.024ns (49.969%)  route 4.029ns (50.031%))
  Logic Levels:           1  (OBUF=1)
  Clock Uncertainty:      0.468ns  ((TSJ^2 + DJ^2)^1/2) / 2 + PE
    Total System Jitter     (TSJ):    0.050ns
    Discrete Jitter          (DJ):    0.315ns
    Phase Error              (PE):    0.309ns
  Timing Exception:       False Path

    Location             Delay type                Incr(ns)  Path(ns)    Netlist Resource(s)
  -------------------------------------------------------------------    -------------------
                         (clock clk_out1_clk_wiz_0_1 rise edge)
                                                      0.000     0.000 r  
    R4                                                0.000     0.000 r  clk (IN)
                         net (fo=0)                   0.000     0.000    clk_gen/inst/clk_in1
    R4                   IBUF (Prop_ibuf_I_O)         1.475     1.475 r  clk_gen/inst/clkin1_ibufg/O
                         net (fo=1, routed)           1.253     2.728    clk_gen/inst/clk_in1_clk_wiz_0
    PLLE2_ADV_X1Y2       PLLE2_ADV (Prop_plle2_adv_CLKIN1_CLKOUT0)
                                                     -8.953    -6.225 r  clk_gen/inst/plle2_adv_inst/CLKOUT0
                         net (fo=1, routed)           1.802    -4.422    clk_gen/inst/clk_out1_clk_wiz_0
    BUFGCTRL_X0Y0        BUFG (Prop_bufg_I_O)         0.096    -4.326 r  clk_gen/inst/clkout1_buf/O
                         net (fo=6346, routed)        1.655    -2.671    uart_tx/clk_out1
    SLICE_X71Y112        FDPE                                         r  uart_tx/tx_reg/C
  -------------------------------------------------------------------    -------------------
    SLICE_X71Y112        FDPE (Prop_fdpe_C_Q)         0.456    -2.215 r  uart_tx/tx_reg/Q
                         net (fo=1, routed)           4.029     1.815    uart_tx_in_OBUF
    AA19                 OBUF (Prop_obuf_I_O)         3.568     5.383 r  uart_tx_in_OBUF_inst/O
                         net (fo=0)                   0.000     5.383    uart_tx_in
    AA19                                                              r  uart_tx_in (OUT)
  -------------------------------------------------------------------    -------------------

Slack:                    inf
  Source:                 rv64im72f_5sp/mem_wb_register/WB_instruction_reg[5]_lopt_replica/C
                            (rising edge-triggered cell FDCE clocked by clk_out1_clk_wiz_0_1  {rise@0.000ns fall@11.628ns period=23.256ns})
  Destination:            led[6]
                            (output port)
  Path Group:             (none)
  Path Type:              Max at Slow Process Corner
  Data Path Delay:        7.842ns  (logic 3.371ns (42.987%)  route 4.471ns (57.013%))
  Logic Levels:           1  (OBUF=1)
  Clock Uncertainty:      0.468ns  ((TSJ^2 + DJ^2)^1/2) / 2 + PE
    Total System Jitter     (TSJ):    0.050ns
    Discrete Jitter          (DJ):    0.315ns
    Phase Error              (PE):    0.309ns
  Timing Exception:       False Path

    Location             Delay type                Incr(ns)  Path(ns)    Netlist Resource(s)
  -------------------------------------------------------------------    -------------------
                         (clock clk_out1_clk_wiz_0_1 rise edge)
                                                      0.000     0.000 r  
    R4                                                0.000     0.000 r  clk (IN)
                         net (fo=0)                   0.000     0.000    clk_gen/inst/clk_in1
    R4                   IBUF (Prop_ibuf_I_O)         1.475     1.475 r  clk_gen/inst/clkin1_ibufg/O
                         net (fo=1, routed)           1.253     2.728    clk_gen/inst/clk_in1_clk_wiz_0
    PLLE2_ADV_X1Y2       PLLE2_ADV (Prop_plle2_adv_CLKIN1_CLKOUT0)
                                                     -8.953    -6.225 r  clk_gen/inst/plle2_adv_inst/CLKOUT0
                         net (fo=1, routed)           1.802    -4.422    clk_gen/inst/clk_out1_clk_wiz_0
    BUFGCTRL_X0Y0        BUFG (Prop_bufg_I_O)         0.096    -4.326 r  clk_gen/inst/clkout1_buf/O
                         net (fo=6346, routed)        1.824    -2.502    rv64im72f_5sp/mem_wb_register/clk_out1
    SLICE_X67Y81         FDCE                                         r  rv64im72f_5sp/mem_wb_register/WB_instruction_reg[5]_lopt_replica/C
  -------------------------------------------------------------------    -------------------
    SLICE_X67Y81         FDCE (Prop_fdce_C_Q)         0.456    -2.046 r  rv64im72f_5sp/mem_wb_register/WB_instruction_reg[5]_lopt_replica/Q
                         net (fo=1, routed)           4.471     2.425    lopt_5
    W15                  OBUF (Prop_obuf_I_O)         2.915     5.341 r  led_OBUF[6]_inst/O
                         net (fo=0)                   0.000     5.341    led[6]
    W15                                                               r  led[6] (OUT)
  -------------------------------------------------------------------    -------------------

Slack:                    inf
  Source:                 rv64im72f_5sp/mem_wb_register/WB_instruction_reg[3]_lopt_replica/C
                            (rising edge-triggered cell FDCE clocked by clk_out1_clk_wiz_0_1  {rise@0.000ns fall@11.628ns period=23.256ns})
  Destination:            led[4]
                            (output port)
  Path Group:             (none)
  Path Type:              Max at Slow Process Corner
  Data Path Delay:        7.758ns  (logic 3.387ns (43.661%)  route 4.371ns (56.339%))
  Logic Levels:           1  (OBUF=1)
  Clock Uncertainty:      0.468ns  ((TSJ^2 + DJ^2)^1/2) / 2 + PE
    Total System Jitter     (TSJ):    0.050ns
    Discrete Jitter          (DJ):    0.315ns
    Phase Error              (PE):    0.309ns
  Timing Exception:       False Path

    Location             Delay type                Incr(ns)  Path(ns)    Netlist Resource(s)
  -------------------------------------------------------------------    -------------------
                         (clock clk_out1_clk_wiz_0_1 rise edge)
                                                      0.000     0.000 r  
    R4                                                0.000     0.000 r  clk (IN)
                         net (fo=0)                   0.000     0.000    clk_gen/inst/clk_in1
    R4                   IBUF (Prop_ibuf_I_O)         1.475     1.475 r  clk_gen/inst/clkin1_ibufg/O
                         net (fo=1, routed)           1.253     2.728    clk_gen/inst/clk_in1_clk_wiz_0
    PLLE2_ADV_X1Y2       PLLE2_ADV (Prop_plle2_adv_CLKIN1_CLKOUT0)
                                                     -8.953    -6.225 r  clk_gen/inst/plle2_adv_inst/CLKOUT0
                         net (fo=1, routed)           1.802    -4.422    clk_gen/inst/clk_out1_clk_wiz_0
    BUFGCTRL_X0Y0        BUFG (Prop_bufg_I_O)         0.096    -4.326 r  clk_gen/inst/clkout1_buf/O
                         net (fo=6346, routed)        1.828    -2.498    rv64im72f_5sp/mem_wb_register/clk_out1
    SLICE_X65Y82         FDCE                                         r  rv64im72f_5sp/mem_wb_register/WB_instruction_reg[3]_lopt_replica/C
  -------------------------------------------------------------------    -------------------
    SLICE_X65Y82         FDCE (Prop_fdce_C_Q)         0.456    -2.042 r  rv64im72f_5sp/mem_wb_register/WB_instruction_reg[3]_lopt_replica/Q
                         net (fo=1, routed)           4.371     2.329    lopt_3
    V15                  OBUF (Prop_obuf_I_O)         2.931     5.260 r  led_OBUF[4]_inst/O
                         net (fo=0)                   0.000     5.260    led[4]
    V15                                                               r  led[4] (OUT)
  -------------------------------------------------------------------    -------------------

Slack:                    inf
  Source:                 rv64im72f_5sp/mem_wb_register/WB_instruction_reg[6]_lopt_replica/C
                            (rising edge-triggered cell FDCE clocked by clk_out1_clk_wiz_0_1  {rise@0.000ns fall@11.628ns period=23.256ns})
  Destination:            led[7]
                            (output port)
  Path Group:             (none)
  Path Type:              Max at Slow Process Corner
  Data Path Delay:        7.463ns  (logic 3.425ns (45.887%)  route 4.039ns (54.113%))
  Logic Levels:           1  (OBUF=1)
  Clock Uncertainty:      0.468ns  ((TSJ^2 + DJ^2)^1/2) / 2 + PE
    Total System Jitter     (TSJ):    0.050ns
    Discrete Jitter          (DJ):    0.315ns
    Phase Error              (PE):    0.309ns
  Timing Exception:       False Path

    Location             Delay type                Incr(ns)  Path(ns)    Netlist Resource(s)
  -------------------------------------------------------------------    -------------------
                         (clock clk_out1_clk_wiz_0_1 rise edge)
                                                      0.000     0.000 r  
    R4                                                0.000     0.000 r  clk (IN)
                         net (fo=0)                   0.000     0.000    clk_gen/inst/clk_in1
    R4                   IBUF (Prop_ibuf_I_O)         1.475     1.475 r  clk_gen/inst/clkin1_ibufg/O
                         net (fo=1, routed)           1.253     2.728    clk_gen/inst/clk_in1_clk_wiz_0
    PLLE2_ADV_X1Y2       PLLE2_ADV (Prop_plle2_adv_CLKIN1_CLKOUT0)
                                                     -8.953    -6.225 r  clk_gen/inst/plle2_adv_inst/CLKOUT0
                         net (fo=1, routed)           1.802    -4.422    clk_gen/inst/clk_out1_clk_wiz_0
    BUFGCTRL_X0Y0        BUFG (Prop_bufg_I_O)         0.096    -4.326 r  clk_gen/inst/clkout1_buf/O
                         net (fo=6346, routed)        1.830    -2.496    rv64im72f_5sp/mem_wb_register/clk_out1
    SLICE_X65Y84         FDCE                                         r  rv64im72f_5sp/mem_wb_register/WB_instruction_reg[6]_lopt_replica/C
  -------------------------------------------------------------------    -------------------
    SLICE_X65Y84         FDCE (Prop_fdce_C_Q)         0.456    -2.040 r  rv64im72f_5sp/mem_wb_register/WB_instruction_reg[6]_lopt_replica/Q
                         net (fo=1, routed)           4.039     1.999    lopt_6
    Y13                  OBUF (Prop_obuf_I_O)         2.969     4.967 r  led_OBUF[7]_inst/O
                         net (fo=0)                   0.000     4.967    led[7]
    Y13                                                               r  led[7] (OUT)
  -------------------------------------------------------------------    -------------------

Slack:                    inf
  Source:                 rv64im72f_5sp/mem_wb_register/WB_instruction_reg[0]_lopt_replica/C
                            (rising edge-triggered cell FDPE clocked by clk_out1_clk_wiz_0_1  {rise@0.000ns fall@11.628ns period=23.256ns})
  Destination:            led[1]
                            (output port)
  Path Group:             (none)
  Path Type:              Max at Slow Process Corner
  Data Path Delay:        6.990ns  (logic 3.604ns (51.563%)  route 3.386ns (48.437%))
  Logic Levels:           1  (OBUF=1)
  Clock Uncertainty:      0.468ns  ((TSJ^2 + DJ^2)^1/2) / 2 + PE
    Total System Jitter     (TSJ):    0.050ns
    Discrete Jitter          (DJ):    0.315ns
    Phase Error              (PE):    0.309ns
  Timing Exception:       False Path

    Location             Delay type                Incr(ns)  Path(ns)    Netlist Resource(s)
  -------------------------------------------------------------------    -------------------
                         (clock clk_out1_clk_wiz_0_1 rise edge)
                                                      0.000     0.000 r  
    R4                                                0.000     0.000 r  clk (IN)
                         net (fo=0)                   0.000     0.000    clk_gen/inst/clk_in1
    R4                   IBUF (Prop_ibuf_I_O)         1.475     1.475 r  clk_gen/inst/clkin1_ibufg/O
                         net (fo=1, routed)           1.253     2.728    clk_gen/inst/clk_in1_clk_wiz_0
    PLLE2_ADV_X1Y2       PLLE2_ADV (Prop_plle2_adv_CLKIN1_CLKOUT0)
                                                     -8.953    -6.225 r  clk_gen/inst/plle2_adv_inst/CLKOUT0
                         net (fo=1, routed)           1.802    -4.422    clk_gen/inst/clk_out1_clk_wiz_0
    BUFGCTRL_X0Y0        BUFG (Prop_bufg_I_O)         0.096    -4.326 r  clk_gen/inst/clkout1_buf/O
                         net (fo=6346, routed)        1.826    -2.500    rv64im72f_5sp/mem_wb_register/clk_out1
    SLICE_X66Y82         FDPE                                         r  rv64im72f_5sp/mem_wb_register/WB_instruction_reg[0]_lopt_replica/C
  -------------------------------------------------------------------    -------------------
    SLICE_X66Y82         FDPE (Prop_fdpe_C_Q)         0.478    -2.022 r  rv64im72f_5sp/mem_wb_register/WB_instruction_reg[0]_lopt_replica/Q
                         net (fo=1, routed)           3.386     1.364    lopt
    T15                  OBUF (Prop_obuf_I_O)         3.126     4.490 r  led_OBUF[1]_inst/O
                         net (fo=0)                   0.000     4.490    led[1]
    T15                                                               r  led[1] (OUT)
  -------------------------------------------------------------------    -------------------

Slack:                    inf
  Source:                 rv64im72f_5sp/mem_wb_register/WB_instruction_reg[4]_lopt_replica/C
                            (rising edge-triggered cell FDPE clocked by clk_out1_clk_wiz_0_1  {rise@0.000ns fall@11.628ns period=23.256ns})
  Destination:            led[5]
                            (output port)
  Path Group:             (none)
  Path Type:              Max at Slow Process Corner
  Data Path Delay:        6.905ns  (logic 3.439ns (49.802%)  route 3.466ns (50.198%))
  Logic Levels:           1  (OBUF=1)
  Clock Uncertainty:      0.468ns  ((TSJ^2 + DJ^2)^1/2) / 2 + PE
    Total System Jitter     (TSJ):    0.050ns
    Discrete Jitter          (DJ):    0.315ns
    Phase Error              (PE):    0.309ns
  Timing Exception:       False Path

    Location             Delay type                Incr(ns)  Path(ns)    Netlist Resource(s)
  -------------------------------------------------------------------    -------------------
                         (clock clk_out1_clk_wiz_0_1 rise edge)
                                                      0.000     0.000 r  
    R4                                                0.000     0.000 r  clk (IN)
                         net (fo=0)                   0.000     0.000    clk_gen/inst/clk_in1
    R4                   IBUF (Prop_ibuf_I_O)         1.475     1.475 r  clk_gen/inst/clkin1_ibufg/O
                         net (fo=1, routed)           1.253     2.728    clk_gen/inst/clk_in1_clk_wiz_0
    PLLE2_ADV_X1Y2       PLLE2_ADV (Prop_plle2_adv_CLKIN1_CLKOUT0)
                                                     -8.953    -6.225 r  clk_gen/inst/plle2_adv_inst/CLKOUT0
                         net (fo=1, routed)           1.802    -4.422    clk_gen/inst/clk_out1_clk_wiz_0
    BUFGCTRL_X0Y0        BUFG (Prop_bufg_I_O)         0.096    -4.326 r  clk_gen/inst/clkout1_buf/O
                         net (fo=6346, routed)        1.826    -2.500    rv64im72f_5sp/mem_wb_register/clk_out1
    SLICE_X66Y82         FDPE                                         r  rv64im72f_5sp/mem_wb_register/WB_instruction_reg[4]_lopt_replica/C
  -------------------------------------------------------------------    -------------------
    SLICE_X66Y82         FDPE (Prop_fdpe_C_Q)         0.518    -1.982 r  rv64im72f_5sp/mem_wb_register/WB_instruction_reg[4]_lopt_replica/Q
                         net (fo=1, routed)           3.466     1.484    lopt_4
    W16                  OBUF (Prop_obuf_I_O)         2.921     4.405 r  led_OBUF[5]_inst/O
                         net (fo=0)                   0.000     4.405    led[5]
    W16                                                               r  led[5] (OUT)
  -------------------------------------------------------------------    -------------------





Min Delay Paths
--------------------------------------------------------------------------------------
Slack:                    inf
  Source:                 rv64im72f_5sp/mem_wb_register/WB_instruction_reg[4]_lopt_replica/C
                            (rising edge-triggered cell FDPE clocked by clk_out1_clk_wiz_0_1  {rise@0.000ns fall@11.628ns period=23.256ns})
  Destination:            led[5]
                            (output port)
  Path Group:             (none)
  Path Type:              Min at Fast Process Corner
  Data Path Delay:        2.537ns  (logic 1.349ns (53.165%)  route 1.188ns (46.835%))
  Logic Levels:           1  (OBUF=1)
  Clock Uncertainty:      0.468ns  ((TSJ^2 + DJ^2)^1/2) / 2 + PE
    Total System Jitter     (TSJ):    0.050ns
    Discrete Jitter          (DJ):    0.315ns
    Phase Error              (PE):    0.309ns
  Timing Exception:       False Path

    Location             Delay type                Incr(ns)  Path(ns)    Netlist Resource(s)
  -------------------------------------------------------------------    -------------------
                         (clock clk_out1_clk_wiz_0_1 rise edge)
                                                      0.000     0.000 r  
    R4                                                0.000     0.000 r  clk (IN)
                         net (fo=0)                   0.000     0.000    clk_gen/inst/clk_in1
    R4                   IBUF (Prop_ibuf_I_O)         0.243     0.243 r  clk_gen/inst/clkin1_ibufg/O
                         net (fo=1, routed)           0.440     0.683    clk_gen/inst/clk_in1_clk_wiz_0
    PLLE2_ADV_X1Y2       PLLE2_ADV (Prop_plle2_adv_CLKIN1_CLKOUT0)
                                                     -2.503    -1.819 r  clk_gen/inst/plle2_adv_inst/CLKOUT0
                         net (fo=1, routed)           0.546    -1.273    clk_gen/inst/clk_out1_clk_wiz_0
    BUFGCTRL_X0Y0        BUFG (Prop_bufg_I_O)         0.026    -1.247 r  clk_gen/inst/clkout1_buf/O
                         net (fo=6346, routed)        0.638    -0.609    rv64im72f_5sp/mem_wb_register/clk_out1
    SLICE_X66Y82         FDPE                                         r  rv64im72f_5sp/mem_wb_register/WB_instruction_reg[4]_lopt_replica/C
  -------------------------------------------------------------------    -------------------
    SLICE_X66Y82         FDPE (Prop_fdpe_C_Q)         0.164    -0.445 r  rv64im72f_5sp/mem_wb_register/WB_instruction_reg[4]_lopt_replica/Q
                         net (fo=1, routed)           1.188     0.743    lopt_4
    W16                  OBUF (Prop_obuf_I_O)         1.185     1.927 r  led_OBUF[5]_inst/O
                         net (fo=0)                   0.000     1.927    led[5]
    W16                                                               r  led[5] (OUT)
  -------------------------------------------------------------------    -------------------

Slack:                    inf
  Source:                 rv64im72f_5sp/mem_wb_register/WB_instruction_reg[0]_lopt_replica/C
                            (rising edge-triggered cell FDPE clocked by clk_out1_clk_wiz_0_1  {rise@0.000ns fall@11.628ns period=23.256ns})
  Destination:            led[1]
                            (output port)
  Path Group:             (none)
  Path Type:              Min at Fast Process Corner
  Data Path Delay:        2.546ns  (logic 1.415ns (55.560%)  route 1.132ns (44.440%))
  Logic Levels:           1  (OBUF=1)
  Clock Uncertainty:      0.468ns  ((TSJ^2 + DJ^2)^1/2) / 2 + PE
    Total System Jitter     (TSJ):    0.050ns
    Discrete Jitter          (DJ):    0.315ns
    Phase Error              (PE):    0.309ns
  Timing Exception:       False Path

    Location             Delay type                Incr(ns)  Path(ns)    Netlist Resource(s)
  -------------------------------------------------------------------    -------------------
                         (clock clk_out1_clk_wiz_0_1 rise edge)
                                                      0.000     0.000 r  
    R4                                                0.000     0.000 r  clk (IN)
                         net (fo=0)                   0.000     0.000    clk_gen/inst/clk_in1
    R4                   IBUF (Prop_ibuf_I_O)         0.243     0.243 r  clk_gen/inst/clkin1_ibufg/O
                         net (fo=1, routed)           0.440     0.683    clk_gen/inst/clk_in1_clk_wiz_0
    PLLE2_ADV_X1Y2       PLLE2_ADV (Prop_plle2_adv_CLKIN1_CLKOUT0)
                                                     -2.503    -1.819 r  clk_gen/inst/plle2_adv_inst/CLKOUT0
                         net (fo=1, routed)           0.546    -1.273    clk_gen/inst/clk_out1_clk_wiz_0
    BUFGCTRL_X0Y0        BUFG (Prop_bufg_I_O)         0.026    -1.247 r  clk_gen/inst/clkout1_buf/O
                         net (fo=6346, routed)        0.638    -0.609    rv64im72f_5sp/mem_wb_register/clk_out1
    SLICE_X66Y82         FDPE                                         r  rv64im72f_5sp/mem_wb_register/WB_instruction_reg[0]_lopt_replica/C
  -------------------------------------------------------------------    -------------------
    SLICE_X66Y82         FDPE (Prop_fdpe_C_Q)         0.148    -0.461 r  rv64im72f_5sp/mem_wb_register/WB_instruction_reg[0]_lopt_replica/Q
                         net (fo=1, routed)           1.132     0.670    lopt
    T15                  OBUF (Prop_obuf_I_O)         1.267     1.937 r  led_OBUF[1]_inst/O
                         net (fo=0)                   0.000     1.937    led[1]
    T15                                                               r  led[1] (OUT)
  -------------------------------------------------------------------    -------------------

Slack:                    inf
  Source:                 rv64im72f_5sp/mem_wb_register/WB_instruction_reg[6]_lopt_replica/C
                            (rising edge-triggered cell FDCE clocked by clk_out1_clk_wiz_0_1  {rise@0.000ns fall@11.628ns period=23.256ns})
  Destination:            led[7]
                            (output port)
  Path Group:             (none)
  Path Type:              Min at Fast Process Corner
  Data Path Delay:        2.874ns  (logic 1.373ns (47.782%)  route 1.501ns (52.218%))
  Logic Levels:           1  (OBUF=1)
  Clock Uncertainty:      0.468ns  ((TSJ^2 + DJ^2)^1/2) / 2 + PE
    Total System Jitter     (TSJ):    0.050ns
    Discrete Jitter          (DJ):    0.315ns
    Phase Error              (PE):    0.309ns
  Timing Exception:       False Path

    Location             Delay type                Incr(ns)  Path(ns)    Netlist Resource(s)
  -------------------------------------------------------------------    -------------------
                         (clock clk_out1_clk_wiz_0_1 rise edge)
                                                      0.000     0.000 r  
    R4                                                0.000     0.000 r  clk (IN)
                         net (fo=0)                   0.000     0.000    clk_gen/inst/clk_in1
    R4                   IBUF (Prop_ibuf_I_O)         0.243     0.243 r  clk_gen/inst/clkin1_ibufg/O
                         net (fo=1, routed)           0.440     0.683    clk_gen/inst/clk_in1_clk_wiz_0
    PLLE2_ADV_X1Y2       PLLE2_ADV (Prop_plle2_adv_CLKIN1_CLKOUT0)
                                                     -2.503    -1.819 r  clk_gen/inst/plle2_adv_inst/CLKOUT0
                         net (fo=1, routed)           0.546    -1.273    clk_gen/inst/clk_out1_clk_wiz_0
    BUFGCTRL_X0Y0        BUFG (Prop_bufg_I_O)         0.026    -1.247 r  clk_gen/inst/clkout1_buf/O
                         net (fo=6346, routed)        0.642    -0.605    rv64im72f_5sp/mem_wb_register/clk_out1
    SLICE_X65Y84         FDCE                                         r  rv64im72f_5sp/mem_wb_register/WB_instruction_reg[6]_lopt_replica/C
  -------------------------------------------------------------------    -------------------
    SLICE_X65Y84         FDCE (Prop_fdce_C_Q)         0.141    -0.464 r  rv64im72f_5sp/mem_wb_register/WB_instruction_reg[6]_lopt_replica/Q
                         net (fo=1, routed)           1.501     1.036    lopt_6
    Y13                  OBUF (Prop_obuf_I_O)         1.232     2.268 r  led_OBUF[7]_inst/O
                         net (fo=0)                   0.000     2.268    led[7]
    Y13                                                               r  led[7] (OUT)
  -------------------------------------------------------------------    -------------------

Slack:                    inf
  Source:                 uart_tx/tx_reg/C
                            (rising edge-triggered cell FDPE clocked by clk_out1_clk_wiz_0_1  {rise@0.000ns fall@11.628ns period=23.256ns})
  Destination:            uart_tx_in
                            (output port)
  Path Group:             (none)
  Path Type:              Min at Fast Process Corner
  Data Path Delay:        2.987ns  (logic 1.410ns (47.196%)  route 1.577ns (52.804%))
  Logic Levels:           1  (OBUF=1)
  Clock Uncertainty:      0.468ns  ((TSJ^2 + DJ^2)^1/2) / 2 + PE
    Total System Jitter     (TSJ):    0.050ns
    Discrete Jitter          (DJ):    0.315ns
    Phase Error              (PE):    0.309ns
  Timing Exception:       False Path

    Location             Delay type                Incr(ns)  Path(ns)    Netlist Resource(s)
  -------------------------------------------------------------------    -------------------
                         (clock clk_out1_clk_wiz_0_1 rise edge)
                                                      0.000     0.000 r  
    R4                                                0.000     0.000 r  clk (IN)
                         net (fo=0)                   0.000     0.000    clk_gen/inst/clk_in1
    R4                   IBUF (Prop_ibuf_I_O)         0.243     0.243 r  clk_gen/inst/clkin1_ibufg/O
                         net (fo=1, routed)           0.440     0.683    clk_gen/inst/clk_in1_clk_wiz_0
    PLLE2_ADV_X1Y2       PLLE2_ADV (Prop_plle2_adv_CLKIN1_CLKOUT0)
                                                     -2.503    -1.819 r  clk_gen/inst/plle2_adv_inst/CLKOUT0
                         net (fo=1, routed)           0.546    -1.273    clk_gen/inst/clk_out1_clk_wiz_0
    BUFGCTRL_X0Y0        BUFG (Prop_bufg_I_O)         0.026    -1.247 r  clk_gen/inst/clkout1_buf/O
                         net (fo=6346, routed)        0.574    -0.674    uart_tx/clk_out1
    SLICE_X71Y112        FDPE                                         r  uart_tx/tx_reg/C
  -------------------------------------------------------------------    -------------------
    SLICE_X71Y112        FDPE (Prop_fdpe_C_Q)         0.141    -0.533 r  uart_tx/tx_reg/Q
                         net (fo=1, routed)           1.577     1.045    uart_tx_in_OBUF
    AA19                 OBUF (Prop_obuf_I_O)         1.269     2.314 r  uart_tx_in_OBUF_inst/O
                         net (fo=0)                   0.000     2.314    uart_tx_in
    AA19                                                              r  uart_tx_in (OUT)
  -------------------------------------------------------------------    -------------------

Slack:                    inf
  Source:                 rv64im72f_5sp/mem_wb_register/WB_instruction_reg[3]_lopt_replica/C
                            (rising edge-triggered cell FDCE clocked by clk_out1_clk_wiz_0_1  {rise@0.000ns fall@11.628ns period=23.256ns})
  Destination:            led[4]
                            (output port)
  Path Group:             (none)
  Path Type:              Min at Fast Process Corner
  Data Path Delay:        2.989ns  (logic 1.336ns (44.700%)  route 1.653ns (55.300%))
  Logic Levels:           1  (OBUF=1)
  Clock Uncertainty:      0.468ns  ((TSJ^2 + DJ^2)^1/2) / 2 + PE
    Total System Jitter     (TSJ):    0.050ns
    Discrete Jitter          (DJ):    0.315ns
    Phase Error              (PE):    0.309ns
  Timing Exception:       False Path

    Location             Delay type                Incr(ns)  Path(ns)    Netlist Resource(s)
  -------------------------------------------------------------------    -------------------
                         (clock clk_out1_clk_wiz_0_1 rise edge)
                                                      0.000     0.000 r  
    R4                                                0.000     0.000 r  clk (IN)
                         net (fo=0)                   0.000     0.000    clk_gen/inst/clk_in1
    R4                   IBUF (Prop_ibuf_I_O)         0.243     0.243 r  clk_gen/inst/clkin1_ibufg/O
                         net (fo=1, routed)           0.440     0.683    clk_gen/inst/clk_in1_clk_wiz_0
    PLLE2_ADV_X1Y2       PLLE2_ADV (Prop_plle2_adv_CLKIN1_CLKOUT0)
                                                     -2.503    -1.819 r  clk_gen/inst/plle2_adv_inst/CLKOUT0
                         net (fo=1, routed)           0.546    -1.273    clk_gen/inst/clk_out1_clk_wiz_0
    BUFGCTRL_X0Y0        BUFG (Prop_bufg_I_O)         0.026    -1.247 r  clk_gen/inst/clkout1_buf/O
                         net (fo=6346, routed)        0.640    -0.607    rv64im72f_5sp/mem_wb_register/clk_out1
    SLICE_X65Y82         FDCE                                         r  rv64im72f_5sp/mem_wb_register/WB_instruction_reg[3]_lopt_replica/C
  -------------------------------------------------------------------    -------------------
    SLICE_X65Y82         FDCE (Prop_fdce_C_Q)         0.141    -0.466 r  rv64im72f_5sp/mem_wb_register/WB_instruction_reg[3]_lopt_replica/Q
                         net (fo=1, routed)           1.653     1.187    lopt_3
    V15                  OBUF (Prop_obuf_I_O)         1.195     2.382 r  led_OBUF[4]_inst/O
                         net (fo=0)                   0.000     2.382    led[4]
    V15                                                               r  led[4] (OUT)
  -------------------------------------------------------------------    -------------------

Slack:                    inf
  Source:                 rv64im72f_5sp/mem_wb_register/WB_instruction_reg[5]_lopt_replica/C
                            (rising edge-triggered cell FDCE clocked by clk_out1_clk_wiz_0_1  {rise@0.000ns fall@11.628ns period=23.256ns})
  Destination:            led[6]
                            (output port)
  Path Group:             (none)
  Path Type:              Min at Fast Process Corner
  Data Path Delay:        3.031ns  (logic 1.320ns (43.549%)  route 1.711ns (56.451%))
  Logic Levels:           1  (OBUF=1)
  Clock Uncertainty:      0.468ns  ((TSJ^2 + DJ^2)^1/2) / 2 + PE
    Total System Jitter     (TSJ):    0.050ns
    Discrete Jitter          (DJ):    0.315ns
    Phase Error              (PE):    0.309ns
  Timing Exception:       False Path

    Location             Delay type                Incr(ns)  Path(ns)    Netlist Resource(s)
  -------------------------------------------------------------------    -------------------
                         (clock clk_out1_clk_wiz_0_1 rise edge)
                                                      0.000     0.000 r  
    R4                                                0.000     0.000 r  clk (IN)
                         net (fo=0)                   0.000     0.000    clk_gen/inst/clk_in1
    R4                   IBUF (Prop_ibuf_I_O)         0.243     0.243 r  clk_gen/inst/clkin1_ibufg/O
                         net (fo=1, routed)           0.440     0.683    clk_gen/inst/clk_in1_clk_wiz_0
    PLLE2_ADV_X1Y2       PLLE2_ADV (Prop_plle2_adv_CLKIN1_CLKOUT0)
                                                     -2.503    -1.819 r  clk_gen/inst/plle2_adv_inst/CLKOUT0
                         net (fo=1, routed)           0.546    -1.273    clk_gen/inst/clk_out1_clk_wiz_0
    BUFGCTRL_X0Y0        BUFG (Prop_bufg_I_O)         0.026    -1.247 r  clk_gen/inst/clkout1_buf/O
                         net (fo=6346, routed)        0.637    -0.610    rv64im72f_5sp/mem_wb_register/clk_out1
    SLICE_X67Y81         FDCE                                         r  rv64im72f_5sp/mem_wb_register/WB_instruction_reg[5]_lopt_replica/C
  -------------------------------------------------------------------    -------------------
    SLICE_X67Y81         FDCE (Prop_fdce_C_Q)         0.141    -0.469 r  rv64im72f_5sp/mem_wb_register/WB_instruction_reg[5]_lopt_replica/Q
                         net (fo=1, routed)           1.711     1.242    lopt_5
    W15                  OBUF (Prop_obuf_I_O)         1.179     2.421 r  led_OBUF[6]_inst/O
                         net (fo=0)                   0.000     2.421    led[6]
    W15                                                               r  led[6] (OUT)
  -------------------------------------------------------------------    -------------------

Slack:                    inf
  Source:                 rv64im72f_5sp/mem_wb_register/WB_instruction_reg[2]_lopt_replica/C
                            (rising edge-triggered cell FDCE clocked by clk_out1_clk_wiz_0_1  {rise@0.000ns fall@11.628ns period=23.256ns})
  Destination:            led[3]
                            (output port)
  Path Group:             (none)
  Path Type:              Min at Fast Process Corner
  Data Path Delay:        3.098ns  (logic 1.363ns (44.002%)  route 1.735ns (55.998%))
  Logic Levels:           1  (OBUF=1)
  Clock Uncertainty:      0.468ns  ((TSJ^2 + DJ^2)^1/2) / 2 + PE
    Total System Jitter     (TSJ):    0.050ns
    Discrete Jitter          (DJ):    0.315ns
    Phase Error              (PE):    0.309ns
  Timing Exception:       False Path

    Location             Delay type                Incr(ns)  Path(ns)    Netlist Resource(s)
  -------------------------------------------------------------------    -------------------
                         (clock clk_out1_clk_wiz_0_1 rise edge)
                                                      0.000     0.000 r  
    R4                                                0.000     0.000 r  clk (IN)
                         net (fo=0)                   0.000     0.000    clk_gen/inst/clk_in1
    R4                   IBUF (Prop_ibuf_I_O)         0.243     0.243 r  clk_gen/inst/clkin1_ibufg/O
                         net (fo=1, routed)           0.440     0.683    clk_gen/inst/clk_in1_clk_wiz_0
    PLLE2_ADV_X1Y2       PLLE2_ADV (Prop_plle2_adv_CLKIN1_CLKOUT0)
                                                     -2.503    -1.819 r  clk_gen/inst/plle2_adv_inst/CLKOUT0
                         net (fo=1, routed)           0.546    -1.273    clk_gen/inst/clk_out1_clk_wiz_0
    BUFGCTRL_X0Y0        BUFG (Prop_bufg_I_O)         0.026    -1.247 r  clk_gen/inst/clkout1_buf/O
                         net (fo=6346, routed)        0.638    -0.609    rv64im72f_5sp/mem_wb_register/clk_out1
    SLICE_X67Y82         FDCE                                         r  rv64im72f_5sp/mem_wb_register/WB_instruction_reg[2]_lopt_replica/C
  -------------------------------------------------------------------    -------------------
    SLICE_X67Y82         FDCE (Prop_fdce_C_Q)         0.128    -0.481 r  rv64im72f_5sp/mem_wb_register/WB_instruction_reg[2]_lopt_replica/Q
                         net (fo=1, routed)           1.735     1.254    lopt_2
    U16                  OBUF (Prop_obuf_I_O)         1.235     2.489 r  led_OBUF[3]_inst/O
                         net (fo=0)                   0.000     2.489    led[3]
    U16                                                               r  led[3] (OUT)
  -------------------------------------------------------------------    -------------------

Slack:                    inf
  Source:                 rv64im72f_5sp/mem_wb_register/WB_instruction_reg[1]_lopt_replica/C
                            (rising edge-triggered cell FDPE clocked by clk_out1_clk_wiz_0_1  {rise@0.000ns fall@11.628ns period=23.256ns})
  Destination:            led[2]
                            (output port)
  Path Group:             (none)
  Path Type:              Min at Fast Process Corner
  Data Path Delay:        3.131ns  (logic 1.380ns (44.085%)  route 1.750ns (55.915%))
  Logic Levels:           1  (OBUF=1)
  Clock Uncertainty:      0.468ns  ((TSJ^2 + DJ^2)^1/2) / 2 + PE
    Total System Jitter     (TSJ):    0.050ns
    Discrete Jitter          (DJ):    0.315ns
    Phase Error              (PE):    0.309ns
  Timing Exception:       False Path

    Location             Delay type                Incr(ns)  Path(ns)    Netlist Resource(s)
  -------------------------------------------------------------------    -------------------
                         (clock clk_out1_clk_wiz_0_1 rise edge)
                                                      0.000     0.000 r  
    R4                                                0.000     0.000 r  clk (IN)
                         net (fo=0)                   0.000     0.000    clk_gen/inst/clk_in1
    R4                   IBUF (Prop_ibuf_I_O)         0.243     0.243 r  clk_gen/inst/clkin1_ibufg/O
                         net (fo=1, routed)           0.440     0.683    clk_gen/inst/clk_in1_clk_wiz_0
    PLLE2_ADV_X1Y2       PLLE2_ADV (Prop_plle2_adv_CLKIN1_CLKOUT0)
                                                     -2.503    -1.819 r  clk_gen/inst/plle2_adv_inst/CLKOUT0
                         net (fo=1, routed)           0.546    -1.273    clk_gen/inst/clk_out1_clk_wiz_0
    BUFGCTRL_X0Y0        BUFG (Prop_bufg_I_O)         0.026    -1.247 r  clk_gen/inst/clkout1_buf/O
                         net (fo=6346, routed)        0.640    -0.607    rv64im72f_5sp/mem_wb_register/clk_out1
    SLICE_X66Y84         FDPE                                         r  rv64im72f_5sp/mem_wb_register/WB_instruction_reg[1]_lopt_replica/C
  -------------------------------------------------------------------    -------------------
    SLICE_X66Y84         FDPE (Prop_fdpe_C_Q)         0.148    -0.459 r  rv64im72f_5sp/mem_wb_register/WB_instruction_reg[1]_lopt_replica/Q
                         net (fo=1, routed)           1.750     1.291    lopt_1
    T16                  OBUF (Prop_obuf_I_O)         1.232     2.523 r  led_OBUF[2]_inst/O
                         net (fo=0)                   0.000     2.523    led[2]
    T16                                                               r  led[2] (OUT)
  -------------------------------------------------------------------    -------------------

Slack:                    inf
  Source:                 cpu_clk_enable_reg/C
                            (rising edge-triggered cell FDCE clocked by clk_out1_clk_wiz_0_1  {rise@0.000ns fall@11.628ns period=23.256ns})
  Destination:            led[0]
                            (output port)
  Path Group:             (none)
  Path Type:              Min at Fast Process Corner
  Data Path Delay:        6.238ns  (logic 1.463ns (23.458%)  route 4.775ns (76.542%))
  Logic Levels:           2  (LUT1=1 OBUF=1)
  Clock Uncertainty:      0.468ns  ((TSJ^2 + DJ^2)^1/2) / 2 + PE
    Total System Jitter     (TSJ):    0.050ns
    Discrete Jitter          (DJ):    0.315ns
    Phase Error              (PE):    0.309ns
  Timing Exception:       False Path

    Location             Delay type                Incr(ns)  Path(ns)    Netlist Resource(s)
  -------------------------------------------------------------------    -------------------
                         (clock clk_out1_clk_wiz_0_1 rise edge)
                                                      0.000     0.000 r  
    R4                                                0.000     0.000 r  clk (IN)
                         net (fo=0)                   0.000     0.000    clk_gen/inst/clk_in1
    R4                   IBUF (Prop_ibuf_I_O)         0.243     0.243 r  clk_gen/inst/clkin1_ibufg/O
                         net (fo=1, routed)           0.440     0.683    clk_gen/inst/clk_in1_clk_wiz_0
    PLLE2_ADV_X1Y2       PLLE2_ADV (Prop_plle2_adv_CLKIN1_CLKOUT0)
                                                     -2.503    -1.819 r  clk_gen/inst/plle2_adv_inst/CLKOUT0
                         net (fo=1, routed)           0.546    -1.273    clk_gen/inst/clk_out1_clk_wiz_0
    BUFGCTRL_X0Y0        BUFG (Prop_bufg_I_O)         0.026    -1.247 r  clk_gen/inst/clkout1_buf/O
                         net (fo=6346, routed)        0.611    -0.637    clk_cpu
    SLICE_X22Y125        FDCE                                         r  cpu_clk_enable_reg/C
  -------------------------------------------------------------------    -------------------
    SLICE_X22Y125        FDCE (Prop_fdce_C_Q)         0.148    -0.489 f  cpu_clk_enable_reg/Q
                         net (fo=404, routed)         3.921     3.432    cpu_clk_enable
    SLICE_X20Y80         LUT1 (Prop_lut1_I0_O)        0.098     3.530 r  led_OBUF[0]_inst_i_1/O
                         net (fo=1, routed)           0.854     4.384    led_OBUF[0]
    T14                  OBUF (Prop_obuf_I_O)         1.217     5.601 r  led_OBUF[0]_inst/O
                         net (fo=0)                   0.000     5.601    led[0]
    T14                                                               r  led[0] (OUT)
  -------------------------------------------------------------------    -------------------





--------------------------------------------------------------------------------------
Path Group:  (none)
From Clock:  
  To Clock:  clk_out1_clk_wiz_0_1

Max Delay             4 Endpoints
Min Delay             4 Endpoints
--------------------------------------------------------------------------------------


Max Delay Paths
--------------------------------------------------------------------------------------
Slack:                    inf
  Source:                 reset_n
                            (input port)
  Destination:            reset_sync_reg[0]/PRE
                            (recovery check against rising-edge clock clk_out1_clk_wiz_0_1  {rise@0.000ns fall@11.628ns period=23.256ns})
  Path Group:             (none)
  Path Type:              Recovery (Max at Slow Process Corner)
  Data Path Delay:        7.105ns  (logic 1.093ns (15.380%)  route 6.013ns (84.620%))
  Logic Levels:           2  (IBUF=1 LUT1=1)
  Clock Path Skew:        -2.269ns (DCD - SCD + CPR)
    Destination Clock Delay (DCD):    -2.269ns
    Source Clock Delay      (SCD):    0.000ns
    Clock Pessimism Removal (CPR):    0.000ns
  Clock Uncertainty:      0.468ns  ((TSJ^2 + DJ^2)^1/2) / 2 + PE
    Total System Jitter     (TSJ):    0.050ns
    Discrete Jitter          (DJ):    0.315ns
    Phase Error              (PE):    0.309ns
  Timing Exception:       False Path

    Location             Delay type                Incr(ns)  Path(ns)    Netlist Resource(s)
  -------------------------------------------------------------------    -------------------
    G4                                                0.000     0.000 r  reset_n (IN)
                         net (fo=0)                   0.000     0.000    reset_n
    G4                   IBUF (Prop_ibuf_I_O)         0.969     0.969 r  reset_n_IBUF_inst/O
                         net (fo=2, routed)           5.625     6.594    reset_n_IBUF
    SLICE_X63Y137        LUT1 (Prop_lut1_I0_O)        0.124     6.718 f  clk_gen_i_1/O
                         net (fo=3, routed)           0.387     7.105    reset
    SLICE_X63Y137        FDPE                                         f  reset_sync_reg[0]/PRE
  -------------------------------------------------------------------    -------------------

                         (clock clk_out1_clk_wiz_0_1 rise edge)
                                                      0.000     0.000 r  
    R4                                                0.000     0.000 r  clk (IN)
                         net (fo=0)                   0.000     0.000    clk_gen/inst/clk_in1
    R4                   IBUF (Prop_ibuf_I_O)         1.405     1.405 r  clk_gen/inst/clkin1_ibufg/O
                         net (fo=1, routed)           1.181     2.586    clk_gen/inst/clk_in1_clk_wiz_0
    PLLE2_ADV_X1Y2       PLLE2_ADV (Prop_plle2_adv_CLKIN1_CLKOUT0)
                                                     -8.206    -5.620 r  clk_gen/inst/plle2_adv_inst/CLKOUT0
                         net (fo=1, routed)           1.718    -3.902    clk_gen/inst/clk_out1_clk_wiz_0
    BUFGCTRL_X0Y0        BUFG (Prop_bufg_I_O)         0.091    -3.811 r  clk_gen/inst/clkout1_buf/O
                         net (fo=6346, routed)        1.541    -2.269    clk_cpu
    SLICE_X63Y137        FDPE                                         r  reset_sync_reg[0]/C

Slack:                    inf
  Source:                 reset_n
                            (input port)
  Destination:            reset_sync_reg[1]/PRE
                            (recovery check against rising-edge clock clk_out1_clk_wiz_0_1  {rise@0.000ns fall@11.628ns period=23.256ns})
  Path Group:             (none)
  Path Type:              Recovery (Max at Slow Process Corner)
  Data Path Delay:        7.105ns  (logic 1.093ns (15.380%)  route 6.013ns (84.620%))
  Logic Levels:           2  (IBUF=1 LUT1=1)
  Clock Path Skew:        -2.269ns (DCD - SCD + CPR)
    Destination Clock Delay (DCD):    -2.269ns
    Source Clock Delay      (SCD):    0.000ns
    Clock Pessimism Removal (CPR):    0.000ns
  Clock Uncertainty:      0.468ns  ((TSJ^2 + DJ^2)^1/2) / 2 + PE
    Total System Jitter     (TSJ):    0.050ns
    Discrete Jitter          (DJ):    0.315ns
    Phase Error              (PE):    0.309ns
  Timing Exception:       False Path

    Location             Delay type                Incr(ns)  Path(ns)    Netlist Resource(s)
  -------------------------------------------------------------------    -------------------
    G4                                                0.000     0.000 r  reset_n (IN)
                         net (fo=0)                   0.000     0.000    reset_n
    G4                   IBUF (Prop_ibuf_I_O)         0.969     0.969 r  reset_n_IBUF_inst/O
                         net (fo=2, routed)           5.625     6.594    reset_n_IBUF
    SLICE_X63Y137        LUT1 (Prop_lut1_I0_O)        0.124     6.718 f  clk_gen_i_1/O
                         net (fo=3, routed)           0.387     7.105    reset
    SLICE_X63Y137        FDPE                                         f  reset_sync_reg[1]/PRE
  -------------------------------------------------------------------    -------------------

                         (clock clk_out1_clk_wiz_0_1 rise edge)
                                                      0.000     0.000 r  
    R4                                                0.000     0.000 r  clk (IN)
                         net (fo=0)                   0.000     0.000    clk_gen/inst/clk_in1
    R4                   IBUF (Prop_ibuf_I_O)         1.405     1.405 r  clk_gen/inst/clkin1_ibufg/O
                         net (fo=1, routed)           1.181     2.586    clk_gen/inst/clk_in1_clk_wiz_0
    PLLE2_ADV_X1Y2       PLLE2_ADV (Prop_plle2_adv_CLKIN1_CLKOUT0)
                                                     -8.206    -5.620 r  clk_gen/inst/plle2_adv_inst/CLKOUT0
                         net (fo=1, routed)           1.718    -3.902    clk_gen/inst/clk_out1_clk_wiz_0
    BUFGCTRL_X0Y0        BUFG (Prop_bufg_I_O)         0.091    -3.811 r  clk_gen/inst/clkout1_buf/O
                         net (fo=6346, routed)        1.541    -2.269    clk_cpu
    SLICE_X63Y137        FDPE                                         r  reset_sync_reg[1]/C

Slack:                    inf
  Source:                 reset_n
                            (input port)
  Destination:            reset_sync_reg[2]/PRE
                            (recovery check against rising-edge clock clk_out1_clk_wiz_0_1  {rise@0.000ns fall@11.628ns period=23.256ns})
  Path Group:             (none)
  Path Type:              Recovery (Max at Slow Process Corner)
  Data Path Delay:        7.105ns  (logic 1.093ns (15.380%)  route 6.013ns (84.620%))
  Logic Levels:           2  (IBUF=1 LUT1=1)
  Clock Path Skew:        -2.269ns (DCD - SCD + CPR)
    Destination Clock Delay (DCD):    -2.269ns
    Source Clock Delay      (SCD):    0.000ns
    Clock Pessimism Removal (CPR):    0.000ns
  Clock Uncertainty:      0.468ns  ((TSJ^2 + DJ^2)^1/2) / 2 + PE
    Total System Jitter     (TSJ):    0.050ns
    Discrete Jitter          (DJ):    0.315ns
    Phase Error              (PE):    0.309ns
  Timing Exception:       False Path

    Location             Delay type                Incr(ns)  Path(ns)    Netlist Resource(s)
  -------------------------------------------------------------------    -------------------
    G4                                                0.000     0.000 r  reset_n (IN)
                         net (fo=0)                   0.000     0.000    reset_n
    G4                   IBUF (Prop_ibuf_I_O)         0.969     0.969 r  reset_n_IBUF_inst/O
                         net (fo=2, routed)           5.625     6.594    reset_n_IBUF
    SLICE_X63Y137        LUT1 (Prop_lut1_I0_O)        0.124     6.718 f  clk_gen_i_1/O
                         net (fo=3, routed)           0.387     7.105    reset
    SLICE_X63Y137        FDPE                                         f  reset_sync_reg[2]/PRE
  -------------------------------------------------------------------    -------------------

                         (clock clk_out1_clk_wiz_0_1 rise edge)
                                                      0.000     0.000 r  
    R4                                                0.000     0.000 r  clk (IN)
                         net (fo=0)                   0.000     0.000    clk_gen/inst/clk_in1
    R4                   IBUF (Prop_ibuf_I_O)         1.405     1.405 r  clk_gen/inst/clkin1_ibufg/O
                         net (fo=1, routed)           1.181     2.586    clk_gen/inst/clk_in1_clk_wiz_0
    PLLE2_ADV_X1Y2       PLLE2_ADV (Prop_plle2_adv_CLKIN1_CLKOUT0)
                                                     -8.206    -5.620 r  clk_gen/inst/plle2_adv_inst/CLKOUT0
                         net (fo=1, routed)           1.718    -3.902    clk_gen/inst/clk_out1_clk_wiz_0
    BUFGCTRL_X0Y0        BUFG (Prop_bufg_I_O)         0.091    -3.811 r  clk_gen/inst/clkout1_buf/O
                         net (fo=6346, routed)        1.541    -2.269    clk_cpu
    SLICE_X63Y137        FDPE                                         r  reset_sync_reg[2]/C

Slack:                    inf
  Source:                 btn_up
                            (input port)
  Destination:            unified_uart_controller/btn_sync_reg[0]/D
                            (rising edge-triggered cell FDCE clocked by clk_out1_clk_wiz_0_1  {rise@0.000ns fall@11.628ns period=23.256ns})
  Path Group:             (none)
  Path Type:              Setup (Max at Slow Process Corner)
  Data Path Delay:        5.543ns  (logic 1.069ns (19.291%)  route 4.474ns (80.709%))
  Logic Levels:           1  (IBUF=1)
  Clock Path Skew:        -2.157ns (DCD - SCD + CPR)
    Destination Clock Delay (DCD):    -2.157ns
    Source Clock Delay      (SCD):    0.000ns
    Clock Pessimism Removal (CPR):    0.000ns
  Clock Uncertainty:      0.468ns  ((TSJ^2 + DJ^2)^1/2) / 2 + PE
    Total System Jitter     (TSJ):    0.050ns
    Discrete Jitter          (DJ):    0.315ns
    Phase Error              (PE):    0.309ns
  Timing Exception:       False Path

    Location             Delay type                Incr(ns)  Path(ns)    Netlist Resource(s)
  -------------------------------------------------------------------    -------------------
    F15                                               0.000     0.000 r  btn_up (IN)
                         net (fo=0)                   0.000     0.000    btn_up
    F15                  IBUF (Prop_ibuf_I_O)         1.069     1.069 r  btn_up_IBUF_inst/O
                         net (fo=1, routed)           4.474     5.543    unified_uart_controller/D[0]
    SLICE_X19Y147        FDCE                                         r  unified_uart_controller/btn_sync_reg[0]/D
  -------------------------------------------------------------------    -------------------

                         (clock clk_out1_clk_wiz_0_1 rise edge)
                                                      0.000     0.000 r  
    R4                                                0.000     0.000 r  clk (IN)
                         net (fo=0)                   0.000     0.000    clk_gen/inst/clk_in1
    R4                   IBUF (Prop_ibuf_I_O)         1.405     1.405 r  clk_gen/inst/clkin1_ibufg/O
                         net (fo=1, routed)           1.181     2.586    clk_gen/inst/clk_in1_clk_wiz_0
    PLLE2_ADV_X1Y2       PLLE2_ADV (Prop_plle2_adv_CLKIN1_CLKOUT0)
                                                     -8.206    -5.620 r  clk_gen/inst/plle2_adv_inst/CLKOUT0
                         net (fo=1, routed)           1.718    -3.902    clk_gen/inst/clk_out1_clk_wiz_0
    BUFGCTRL_X0Y0        BUFG (Prop_bufg_I_O)         0.091    -3.811 r  clk_gen/inst/clkout1_buf/O
                         net (fo=6346, routed)        1.653    -2.157    unified_uart_controller/clk_out1
    SLICE_X19Y147        FDCE                                         r  unified_uart_controller/btn_sync_reg[0]/C





Min Delay Paths
--------------------------------------------------------------------------------------
Slack:                    inf
  Source:                 btn_up
                            (input port)
  Destination:            unified_uart_controller/btn_sync_reg[0]/D
                            (rising edge-triggered cell FDCE clocked by clk_out1_clk_wiz_0_1  {rise@0.000ns fall@11.628ns period=23.256ns})
  Path Group:             (none)
  Path Type:              Hold (Min at Fast Process Corner)
  Data Path Delay:        2.053ns  (logic 0.193ns (9.421%)  route 1.860ns (90.579%))
  Logic Levels:           1  (IBUF=1)
  Clock Path Skew:        -0.394ns (DCD - SCD - CPR)
    Destination Clock Delay (DCD):    -0.394ns
    Source Clock Delay      (SCD):    0.000ns
    Clock Pessimism Removal (CPR):    -0.000ns
  Timing Exception:       False Path

    Location             Delay type                Incr(ns)  Path(ns)    Netlist Resource(s)
  -------------------------------------------------------------------    -------------------
    F15                                               0.000     0.000 r  btn_up (IN)
                         net (fo=0)                   0.000     0.000    btn_up
    F15                  IBUF (Prop_ibuf_I_O)         0.193     0.193 r  btn_up_IBUF_inst/O
                         net (fo=1, routed)           1.860     2.053    unified_uart_controller/D[0]
    SLICE_X19Y147        FDCE                                         r  unified_uart_controller/btn_sync_reg[0]/D
  -------------------------------------------------------------------    -------------------

                         (clock clk_out1_clk_wiz_0_1 rise edge)
                                                      0.000     0.000 r  
    R4                                                0.000     0.000 r  clk (IN)
                         net (fo=0)                   0.000     0.000    clk_gen/inst/clk_in1
    R4                   IBUF (Prop_ibuf_I_O)         0.431     0.431 r  clk_gen/inst/clkin1_ibufg/O
                         net (fo=1, routed)           0.481     0.912    clk_gen/inst/clk_in1_clk_wiz_0
    PLLE2_ADV_X1Y2       PLLE2_ADV (Prop_plle2_adv_CLKIN1_CLKOUT0)
                                                     -2.828    -1.916 r  clk_gen/inst/plle2_adv_inst/CLKOUT0
                         net (fo=1, routed)           0.595    -1.322    clk_gen/inst/clk_out1_clk_wiz_0
    BUFGCTRL_X0Y0        BUFG (Prop_bufg_I_O)         0.029    -1.293 r  clk_gen/inst/clkout1_buf/O
                         net (fo=6346, routed)        0.899    -0.394    unified_uart_controller/clk_out1
    SLICE_X19Y147        FDCE                                         r  unified_uart_controller/btn_sync_reg[0]/C

Slack:                    inf
  Source:                 reset_n
                            (input port)
  Destination:            reset_sync_reg[0]/PRE
                            (removal check against rising-edge clock clk_out1_clk_wiz_0_1  {rise@0.000ns fall@11.628ns period=23.256ns})
  Path Group:             (none)
  Path Type:              Removal (Min at Fast Process Corner)
  Data Path Delay:        2.833ns  (logic 0.171ns (6.032%)  route 2.663ns (93.968%))
  Logic Levels:           2  (IBUF=1 LUT1=1)
  Clock Path Skew:        -0.445ns (DCD - SCD - CPR)
    Destination Clock Delay (DCD):    -0.445ns
    Source Clock Delay      (SCD):    0.000ns
    Clock Pessimism Removal (CPR):    -0.000ns
  Timing Exception:       False Path

    Location             Delay type                Incr(ns)  Path(ns)    Netlist Resource(s)
  -------------------------------------------------------------------    -------------------
    G4                                                0.000     0.000 r  reset_n (IN)
                         net (fo=0)                   0.000     0.000    reset_n
    G4                   IBUF (Prop_ibuf_I_O)         0.126     0.126 r  reset_n_IBUF_inst/O
                         net (fo=2, routed)           2.543     2.669    reset_n_IBUF
    SLICE_X63Y137        LUT1 (Prop_lut1_I0_O)        0.045     2.714 f  clk_gen_i_1/O
                         net (fo=3, routed)           0.119     2.833    reset
    SLICE_X63Y137        FDPE                                         f  reset_sync_reg[0]/PRE
  -------------------------------------------------------------------    -------------------

                         (clock clk_out1_clk_wiz_0_1 rise edge)
                                                      0.000     0.000 r  
    R4                                                0.000     0.000 r  clk (IN)
                         net (fo=0)                   0.000     0.000    clk_gen/inst/clk_in1
    R4                   IBUF (Prop_ibuf_I_O)         0.431     0.431 r  clk_gen/inst/clkin1_ibufg/O
                         net (fo=1, routed)           0.481     0.912    clk_gen/inst/clk_in1_clk_wiz_0
    PLLE2_ADV_X1Y2       PLLE2_ADV (Prop_plle2_adv_CLKIN1_CLKOUT0)
                                                     -2.828    -1.916 r  clk_gen/inst/plle2_adv_inst/CLKOUT0
                         net (fo=1, routed)           0.595    -1.322    clk_gen/inst/clk_out1_clk_wiz_0
    BUFGCTRL_X0Y0        BUFG (Prop_bufg_I_O)         0.029    -1.293 r  clk_gen/inst/clkout1_buf/O
                         net (fo=6346, routed)        0.848    -0.445    clk_cpu
    SLICE_X63Y137        FDPE                                         r  reset_sync_reg[0]/C

Slack:                    inf
  Source:                 reset_n
                            (input port)
  Destination:            reset_sync_reg[1]/PRE
                            (removal check against rising-edge clock clk_out1_clk_wiz_0_1  {rise@0.000ns fall@11.628ns period=23.256ns})
  Path Group:             (none)
  Path Type:              Removal (Min at Fast Process Corner)
  Data Path Delay:        2.833ns  (logic 0.171ns (6.032%)  route 2.663ns (93.968%))
  Logic Levels:           2  (IBUF=1 LUT1=1)
  Clock Path Skew:        -0.445ns (DCD - SCD - CPR)
    Destination Clock Delay (DCD):    -0.445ns
    Source Clock Delay      (SCD):    0.000ns
    Clock Pessimism Removal (CPR):    -0.000ns
  Timing Exception:       False Path

    Location             Delay type                Incr(ns)  Path(ns)    Netlist Resource(s)
  -------------------------------------------------------------------    -------------------
    G4                                                0.000     0.000 r  reset_n (IN)
                         net (fo=0)                   0.000     0.000    reset_n
    G4                   IBUF (Prop_ibuf_I_O)         0.126     0.126 r  reset_n_IBUF_inst/O
                         net (fo=2, routed)           2.543     2.669    reset_n_IBUF
    SLICE_X63Y137        LUT1 (Prop_lut1_I0_O)        0.045     2.714 f  clk_gen_i_1/O
                         net (fo=3, routed)           0.119     2.833    reset
    SLICE_X63Y137        FDPE                                         f  reset_sync_reg[1]/PRE
  -------------------------------------------------------------------    -------------------

                         (clock clk_out1_clk_wiz_0_1 rise edge)
                                                      0.000     0.000 r  
    R4                                                0.000     0.000 r  clk (IN)
                         net (fo=0)                   0.000     0.000    clk_gen/inst/clk_in1
    R4                   IBUF (Prop_ibuf_I_O)         0.431     0.431 r  clk_gen/inst/clkin1_ibufg/O
                         net (fo=1, routed)           0.481     0.912    clk_gen/inst/clk_in1_clk_wiz_0
    PLLE2_ADV_X1Y2       PLLE2_ADV (Prop_plle2_adv_CLKIN1_CLKOUT0)
                                                     -2.828    -1.916 r  clk_gen/inst/plle2_adv_inst/CLKOUT0
                         net (fo=1, routed)           0.595    -1.322    clk_gen/inst/clk_out1_clk_wiz_0
    BUFGCTRL_X0Y0        BUFG (Prop_bufg_I_O)         0.029    -1.293 r  clk_gen/inst/clkout1_buf/O
                         net (fo=6346, routed)        0.848    -0.445    clk_cpu
    SLICE_X63Y137        FDPE                                         r  reset_sync_reg[1]/C

Slack:                    inf
  Source:                 reset_n
                            (input port)
  Destination:            reset_sync_reg[2]/PRE
                            (removal check against rising-edge clock clk_out1_clk_wiz_0_1  {rise@0.000ns fall@11.628ns period=23.256ns})
  Path Group:             (none)
  Path Type:              Removal (Min at Fast Process Corner)
  Data Path Delay:        2.833ns  (logic 0.171ns (6.032%)  route 2.663ns (93.968%))
  Logic Levels:           2  (IBUF=1 LUT1=1)
  Clock Path Skew:        -0.445ns (DCD - SCD - CPR)
    Destination Clock Delay (DCD):    -0.445ns
    Source Clock Delay      (SCD):    0.000ns
    Clock Pessimism Removal (CPR):    -0.000ns
  Timing Exception:       False Path

    Location             Delay type                Incr(ns)  Path(ns)    Netlist Resource(s)
  -------------------------------------------------------------------    -------------------
    G4                                                0.000     0.000 r  reset_n (IN)
                         net (fo=0)                   0.000     0.000    reset_n
    G4                   IBUF (Prop_ibuf_I_O)         0.126     0.126 r  reset_n_IBUF_inst/O
                         net (fo=2, routed)           2.543     2.669    reset_n_IBUF
    SLICE_X63Y137        LUT1 (Prop_lut1_I0_O)        0.045     2.714 f  clk_gen_i_1/O
                         net (fo=3, routed)           0.119     2.833    reset
    SLICE_X63Y137        FDPE                                         f  reset_sync_reg[2]/PRE
  -------------------------------------------------------------------    -------------------

                         (clock clk_out1_clk_wiz_0_1 rise edge)
                                                      0.000     0.000 r  
    R4                                                0.000     0.000 r  clk (IN)
                         net (fo=0)                   0.000     0.000    clk_gen/inst/clk_in1
    R4                   IBUF (Prop_ibuf_I_O)         0.431     0.431 r  clk_gen/inst/clkin1_ibufg/O
                         net (fo=1, routed)           0.481     0.912    clk_gen/inst/clk_in1_clk_wiz_0
    PLLE2_ADV_X1Y2       PLLE2_ADV (Prop_plle2_adv_CLKIN1_CLKOUT0)
                                                     -2.828    -1.916 r  clk_gen/inst/plle2_adv_inst/CLKOUT0
                         net (fo=1, routed)           0.595    -1.322    clk_gen/inst/clk_out1_clk_wiz_0
    BUFGCTRL_X0Y0        BUFG (Prop_bufg_I_O)         0.029    -1.293 r  clk_gen/inst/clkout1_buf/O
                         net (fo=6346, routed)        0.848    -0.445    clk_cpu
    SLICE_X63Y137        FDPE                                         r  reset_sync_reg[2]/C





--------------------------------------------------------------------------------------
Path Group:  (none)
From Clock:  
  To Clock:  clk_out1_clk_wiz_0_1

Max Delay            20 Endpoints
Min Delay            20 Endpoints
--------------------------------------------------------------------------------------


Max Delay Paths
--------------------------------------------------------------------------------------
Slack:                    inf
  Source:                 clk_gen/inst/plle2_adv_inst/LOCKED
                            (internal pin)
  Destination:            reset_sync_reg[2]/D
                            (rising edge-triggered cell FDPE clocked by clk_out1_clk_wiz_0_1  {rise@0.000ns fall@11.628ns period=23.256ns})
  Path Group:             (none)
  Path Type:              Setup (Max at Slow Process Corner)
  Data Path Delay:        3.831ns  (logic 0.124ns (3.237%)  route 3.707ns (96.763%))
  Logic Levels:           1  (LUT2=1)
  Clock Uncertainty:      0.468ns  ((TSJ^2 + DJ^2)^1/2) / 2 + PE
    Total System Jitter     (TSJ):    0.050ns
    Discrete Jitter          (DJ):    0.315ns
    Phase Error              (PE):    0.309ns

    Location             Delay type                Incr(ns)  Path(ns)    Netlist Resource(s)
  -------------------------------------------------------------------    -------------------
    PLLE2_ADV_X1Y2       PLLE2_ADV                    0.000     0.000 f  clk_gen/inst/plle2_adv_inst/LOCKED
                         net (fo=3, routed)           3.186     3.186    clk_locked
    SLICE_X63Y137        LUT2 (Prop_lut2_I1_O)        0.124     3.310 r  reset_sync[2]_i_1/O
                         net (fo=1, routed)           0.520     3.831    reset_sync[2]_i_1_n_0
    SLICE_X63Y137        FDPE                                         r  reset_sync_reg[2]/D
  -------------------------------------------------------------------    -------------------

                         (clock clk_out1_clk_wiz_0_1 rise edge)
                                                      0.000     0.000 r  
    R4                                                0.000     0.000 r  clk (IN)
                         net (fo=0)                   0.000     0.000    clk_gen/inst/clk_in1
    R4                   IBUF (Prop_ibuf_I_O)         1.405     1.405 r  clk_gen/inst/clkin1_ibufg/O
                         net (fo=1, routed)           1.181     2.586    clk_gen/inst/clk_in1_clk_wiz_0
    PLLE2_ADV_X1Y2       PLLE2_ADV (Prop_plle2_adv_CLKIN1_CLKOUT0)
                                                     -8.206    -5.620 r  clk_gen/inst/plle2_adv_inst/CLKOUT0
                         net (fo=1, routed)           1.718    -3.902    clk_gen/inst/clk_out1_clk_wiz_0
    BUFGCTRL_X0Y0        BUFG (Prop_bufg_I_O)         0.091    -3.811 r  clk_gen/inst/clkout1_buf/O
                         net (fo=6346, routed)        1.541    -2.269    clk_cpu
    SLICE_X63Y137        FDPE                                         r  reset_sync_reg[2]/C

Slack:                    inf
  Source:                 clk_gen/inst/plle2_adv_inst/LOCKED
                            (internal pin)
  Destination:            reset_sync_reg[0]/D
                            (rising edge-triggered cell FDPE clocked by clk_out1_clk_wiz_0_1  {rise@0.000ns fall@11.628ns period=23.256ns})
  Path Group:             (none)
  Path Type:              Setup (Max at Slow Process Corner)
  Data Path Delay:        3.394ns  (logic 0.124ns (3.654%)  route 3.270ns (96.346%))
  Logic Levels:           1  (LUT1=1)
  Clock Uncertainty:      0.468ns  ((TSJ^2 + DJ^2)^1/2) / 2 + PE
    Total System Jitter     (TSJ):    0.050ns
    Discrete Jitter          (DJ):    0.315ns
    Phase Error              (PE):    0.309ns

    Location             Delay type                Incr(ns)  Path(ns)    Netlist Resource(s)
  -------------------------------------------------------------------    -------------------
    PLLE2_ADV_X1Y2       PLLE2_ADV                    0.000     0.000 f  clk_gen/inst/plle2_adv_inst/LOCKED
                         net (fo=3, routed)           3.270     3.270    clk_locked
    SLICE_X63Y137        LUT1 (Prop_lut1_I0_O)        0.124     3.394 r  reset_sync[0]_i_1/O
                         net (fo=1, routed)           0.000     3.394    reset_sync[0]_i_1_n_0
    SLICE_X63Y137        FDPE                                         r  reset_sync_reg[0]/D
  -------------------------------------------------------------------    -------------------

                         (clock clk_out1_clk_wiz_0_1 rise edge)
                                                      0.000     0.000 r  
    R4                                                0.000     0.000 r  clk (IN)
                         net (fo=0)                   0.000     0.000    clk_gen/inst/clk_in1
    R4                   IBUF (Prop_ibuf_I_O)         1.405     1.405 r  clk_gen/inst/clkin1_ibufg/O
                         net (fo=1, routed)           1.181     2.586    clk_gen/inst/clk_in1_clk_wiz_0
    PLLE2_ADV_X1Y2       PLLE2_ADV (Prop_plle2_adv_CLKIN1_CLKOUT0)
                                                     -8.206    -5.620 r  clk_gen/inst/plle2_adv_inst/CLKOUT0
                         net (fo=1, routed)           1.718    -3.902    clk_gen/inst/clk_out1_clk_wiz_0
    BUFGCTRL_X0Y0        BUFG (Prop_bufg_I_O)         0.091    -3.811 r  clk_gen/inst/clkout1_buf/O
                         net (fo=6346, routed)        1.541    -2.269    clk_cpu
    SLICE_X63Y137        FDPE                                         r  reset_sync_reg[0]/C

Slack:                    inf
  Source:                 clk_gen/inst/plle2_adv_inst/LOCKED
                            (internal pin)
  Destination:            reset_sync_reg[1]/D
                            (rising edge-triggered cell FDPE clocked by clk_out1_clk_wiz_0_1  {rise@0.000ns fall@11.628ns period=23.256ns})
  Path Group:             (none)
  Path Type:              Setup (Max at Slow Process Corner)
  Data Path Delay:        3.392ns  (logic 0.124ns (3.656%)  route 3.268ns (96.344%))
  Logic Levels:           1  (LUT2=1)
  Clock Uncertainty:      0.468ns  ((TSJ^2 + DJ^2)^1/2) / 2 + PE
    Total System Jitter     (TSJ):    0.050ns
    Discrete Jitter          (DJ):    0.315ns
    Phase Error              (PE):    0.309ns

    Location             Delay type                Incr(ns)  Path(ns)    Netlist Resource(s)
  -------------------------------------------------------------------    -------------------
    PLLE2_ADV_X1Y2       PLLE2_ADV                    0.000     0.000 f  clk_gen/inst/plle2_adv_inst/LOCKED
                         net (fo=3, routed)           3.268     3.268    clk_locked
    SLICE_X63Y137        LUT2 (Prop_lut2_I1_O)        0.124     3.392 r  reset_sync[1]_i_1/O
                         net (fo=1, routed)           0.000     3.392    reset_sync[1]_i_1_n_0
    SLICE_X63Y137        FDPE                                         r  reset_sync_reg[1]/D
  -------------------------------------------------------------------    -------------------

                         (clock clk_out1_clk_wiz_0_1 rise edge)
                                                      0.000     0.000 r  
    R4                                                0.000     0.000 r  clk (IN)
                         net (fo=0)                   0.000     0.000    clk_gen/inst/clk_in1
    R4                   IBUF (Prop_ibuf_I_O)         1.405     1.405 r  clk_gen/inst/clkin1_ibufg/O
                         net (fo=1, routed)           1.181     2.586    clk_gen/inst/clk_in1_clk_wiz_0
    PLLE2_ADV_X1Y2       PLLE2_ADV (Prop_plle2_adv_CLKIN1_CLKOUT0)
                                                     -8.206    -5.620 r  clk_gen/inst/plle2_adv_inst/CLKOUT0
                         net (fo=1, routed)           1.718    -3.902    clk_gen/inst/clk_out1_clk_wiz_0
    BUFGCTRL_X0Y0        BUFG (Prop_bufg_I_O)         0.091    -3.811 r  clk_gen/inst/clkout1_buf/O
                         net (fo=6346, routed)        1.541    -2.269    clk_cpu
    SLICE_X63Y137        FDPE                                         r  reset_sync_reg[1]/C

Slack:                    inf
  Source:                 rv64im72f_5sp/alu/multiplier_word/mult_result__1/ACOUT[0]
                            (internal pin)
  Destination:            rv64im72f_5sp/alu/multiplier_word/mult_result__2/ACIN[0]
                            (rising edge-triggered cell DSP48E1 clocked by clk_out1_clk_wiz_0_1  {rise@0.000ns fall@11.628ns period=23.256ns})
  Path Group:             (none)
  Path Type:              Setup (Max at Slow Process Corner)
  Data Path Delay:        0.002ns  (logic 0.000ns (0.000%)  route 0.002ns (100.000%))
  Logic Levels:           0  
  Clock Uncertainty:      0.468ns  ((TSJ^2 + DJ^2)^1/2) / 2 + PE
    Total System Jitter     (TSJ):    0.050ns
    Discrete Jitter          (DJ):    0.315ns
    Phase Error              (PE):    0.309ns

    Location             Delay type                Incr(ns)  Path(ns)    Netlist Resource(s)
  -------------------------------------------------------------------    -------------------
    DSP48_X2Y38          DSP48E1                      0.000     0.000 r  rv64im72f_5sp/alu/multiplier_word/mult_result__1/ACOUT[0]
                         net (fo=1, routed)           0.002     0.002    rv64im72f_5sp/alu/multiplier_word/mult_result__1_n_53
    DSP48_X2Y39          DSP48E1                                      r  rv64im72f_5sp/alu/multiplier_word/mult_result__2/ACIN[0]
  -------------------------------------------------------------------    -------------------

                         (clock clk_out1_clk_wiz_0_1 rise edge)
                                                      0.000     0.000 r  
    R4                                                0.000     0.000 r  clk (IN)
                         net (fo=0)                   0.000     0.000    clk_gen/inst/clk_in1
    R4                   IBUF (Prop_ibuf_I_O)         1.405     1.405 r  clk_gen/inst/clkin1_ibufg/O
                         net (fo=1, routed)           1.181     2.586    clk_gen/inst/clk_in1_clk_wiz_0
    PLLE2_ADV_X1Y2       PLLE2_ADV (Prop_plle2_adv_CLKIN1_CLKOUT0)
                                                     -8.206    -5.620 r  clk_gen/inst/plle2_adv_inst/CLKOUT0
                         net (fo=1, routed)           1.718    -3.902    clk_gen/inst/clk_out1_clk_wiz_0
    BUFGCTRL_X0Y0        BUFG (Prop_bufg_I_O)         0.091    -3.811 r  clk_gen/inst/clkout1_buf/O
                         net (fo=6346, routed)        1.807    -2.004    rv64im72f_5sp/alu/multiplier_word/clk_out1
    DSP48_X2Y39          DSP48E1                                      r  rv64im72f_5sp/alu/multiplier_word/mult_result__2/CLK

Slack:                    inf
  Source:                 rv64im72f_5sp/alu/multiplier_word/mult_result__1/ACOUT[10]
                            (internal pin)
  Destination:            rv64im72f_5sp/alu/multiplier_word/mult_result__2/ACIN[10]
                            (rising edge-triggered cell DSP48E1 clocked by clk_out1_clk_wiz_0_1  {rise@0.000ns fall@11.628ns period=23.256ns})
  Path Group:             (none)
  Path Type:              Setup (Max at Slow Process Corner)
  Data Path Delay:        0.002ns  (logic 0.000ns (0.000%)  route 0.002ns (100.000%))
  Logic Levels:           0  
  Clock Uncertainty:      0.468ns  ((TSJ^2 + DJ^2)^1/2) / 2 + PE
    Total System Jitter     (TSJ):    0.050ns
    Discrete Jitter          (DJ):    0.315ns
    Phase Error              (PE):    0.309ns

    Location             Delay type                Incr(ns)  Path(ns)    Netlist Resource(s)
  -------------------------------------------------------------------    -------------------
    DSP48_X2Y38          DSP48E1                      0.000     0.000 r  rv64im72f_5sp/alu/multiplier_word/mult_result__1/ACOUT[10]
                         net (fo=1, routed)           0.002     0.002    rv64im72f_5sp/alu/multiplier_word/mult_result__1_n_43
    DSP48_X2Y39          DSP48E1                                      r  rv64im72f_5sp/alu/multiplier_word/mult_result__2/ACIN[10]
  -------------------------------------------------------------------    -------------------

                         (clock clk_out1_clk_wiz_0_1 rise edge)
                                                      0.000     0.000 r  
    R4                                                0.000     0.000 r  clk (IN)
                         net (fo=0)                   0.000     0.000    clk_gen/inst/clk_in1
    R4                   IBUF (Prop_ibuf_I_O)         1.405     1.405 r  clk_gen/inst/clkin1_ibufg/O
                         net (fo=1, routed)           1.181     2.586    clk_gen/inst/clk_in1_clk_wiz_0
    PLLE2_ADV_X1Y2       PLLE2_ADV (Prop_plle2_adv_CLKIN1_CLKOUT0)
                                                     -8.206    -5.620 r  clk_gen/inst/plle2_adv_inst/CLKOUT0
                         net (fo=1, routed)           1.718    -3.902    clk_gen/inst/clk_out1_clk_wiz_0
    BUFGCTRL_X0Y0        BUFG (Prop_bufg_I_O)         0.091    -3.811 r  clk_gen/inst/clkout1_buf/O
                         net (fo=6346, routed)        1.807    -2.004    rv64im72f_5sp/alu/multiplier_word/clk_out1
    DSP48_X2Y39          DSP48E1                                      r  rv64im72f_5sp/alu/multiplier_word/mult_result__2/CLK

Slack:                    inf
  Source:                 rv64im72f_5sp/alu/multiplier_word/mult_result__1/ACOUT[11]
                            (internal pin)
  Destination:            rv64im72f_5sp/alu/multiplier_word/mult_result__2/ACIN[11]
                            (rising edge-triggered cell DSP48E1 clocked by clk_out1_clk_wiz_0_1  {rise@0.000ns fall@11.628ns period=23.256ns})
  Path Group:             (none)
  Path Type:              Setup (Max at Slow Process Corner)
  Data Path Delay:        0.002ns  (logic 0.000ns (0.000%)  route 0.002ns (100.000%))
  Logic Levels:           0  
  Clock Uncertainty:      0.468ns  ((TSJ^2 + DJ^2)^1/2) / 2 + PE
    Total System Jitter     (TSJ):    0.050ns
    Discrete Jitter          (DJ):    0.315ns
    Phase Error              (PE):    0.309ns

    Location             Delay type                Incr(ns)  Path(ns)    Netlist Resource(s)
  -------------------------------------------------------------------    -------------------
    DSP48_X2Y38          DSP48E1                      0.000     0.000 r  rv64im72f_5sp/alu/multiplier_word/mult_result__1/ACOUT[11]
                         net (fo=1, routed)           0.002     0.002    rv64im72f_5sp/alu/multiplier_word/mult_result__1_n_42
    DSP48_X2Y39          DSP48E1                                      r  rv64im72f_5sp/alu/multiplier_word/mult_result__2/ACIN[11]
  -------------------------------------------------------------------    -------------------

                         (clock clk_out1_clk_wiz_0_1 rise edge)
                                                      0.000     0.000 r  
    R4                                                0.000     0.000 r  clk (IN)
                         net (fo=0)                   0.000     0.000    clk_gen/inst/clk_in1
    R4                   IBUF (Prop_ibuf_I_O)         1.405     1.405 r  clk_gen/inst/clkin1_ibufg/O
                         net (fo=1, routed)           1.181     2.586    clk_gen/inst/clk_in1_clk_wiz_0
    PLLE2_ADV_X1Y2       PLLE2_ADV (Prop_plle2_adv_CLKIN1_CLKOUT0)
                                                     -8.206    -5.620 r  clk_gen/inst/plle2_adv_inst/CLKOUT0
                         net (fo=1, routed)           1.718    -3.902    clk_gen/inst/clk_out1_clk_wiz_0
    BUFGCTRL_X0Y0        BUFG (Prop_bufg_I_O)         0.091    -3.811 r  clk_gen/inst/clkout1_buf/O
                         net (fo=6346, routed)        1.807    -2.004    rv64im72f_5sp/alu/multiplier_word/clk_out1
    DSP48_X2Y39          DSP48E1                                      r  rv64im72f_5sp/alu/multiplier_word/mult_result__2/CLK

Slack:                    inf
  Source:                 rv64im72f_5sp/alu/multiplier_word/mult_result__1/ACOUT[12]
                            (internal pin)
  Destination:            rv64im72f_5sp/alu/multiplier_word/mult_result__2/ACIN[12]
                            (rising edge-triggered cell DSP48E1 clocked by clk_out1_clk_wiz_0_1  {rise@0.000ns fall@11.628ns period=23.256ns})
  Path Group:             (none)
  Path Type:              Setup (Max at Slow Process Corner)
  Data Path Delay:        0.002ns  (logic 0.000ns (0.000%)  route 0.002ns (100.000%))
  Logic Levels:           0  
  Clock Uncertainty:      0.468ns  ((TSJ^2 + DJ^2)^1/2) / 2 + PE
    Total System Jitter     (TSJ):    0.050ns
    Discrete Jitter          (DJ):    0.315ns
    Phase Error              (PE):    0.309ns

    Location             Delay type                Incr(ns)  Path(ns)    Netlist Resource(s)
  -------------------------------------------------------------------    -------------------
    DSP48_X2Y38          DSP48E1                      0.000     0.000 r  rv64im72f_5sp/alu/multiplier_word/mult_result__1/ACOUT[12]
                         net (fo=1, routed)           0.002     0.002    rv64im72f_5sp/alu/multiplier_word/mult_result__1_n_41
    DSP48_X2Y39          DSP48E1                                      r  rv64im72f_5sp/alu/multiplier_word/mult_result__2/ACIN[12]
  -------------------------------------------------------------------    -------------------

                         (clock clk_out1_clk_wiz_0_1 rise edge)
                                                      0.000     0.000 r  
    R4                                                0.000     0.000 r  clk (IN)
                         net (fo=0)                   0.000     0.000    clk_gen/inst/clk_in1
    R4                   IBUF (Prop_ibuf_I_O)         1.405     1.405 r  clk_gen/inst/clkin1_ibufg/O
                         net (fo=1, routed)           1.181     2.586    clk_gen/inst/clk_in1_clk_wiz_0
    PLLE2_ADV_X1Y2       PLLE2_ADV (Prop_plle2_adv_CLKIN1_CLKOUT0)
                                                     -8.206    -5.620 r  clk_gen/inst/plle2_adv_inst/CLKOUT0
                         net (fo=1, routed)           1.718    -3.902    clk_gen/inst/clk_out1_clk_wiz_0
    BUFGCTRL_X0Y0        BUFG (Prop_bufg_I_O)         0.091    -3.811 r  clk_gen/inst/clkout1_buf/O
                         net (fo=6346, routed)        1.807    -2.004    rv64im72f_5sp/alu/multiplier_word/clk_out1
    DSP48_X2Y39          DSP48E1                                      r  rv64im72f_5sp/alu/multiplier_word/mult_result__2/CLK

Slack:                    inf
  Source:                 rv64im72f_5sp/alu/multiplier_word/mult_result__1/ACOUT[13]
                            (internal pin)
  Destination:            rv64im72f_5sp/alu/multiplier_word/mult_result__2/ACIN[13]
                            (rising edge-triggered cell DSP48E1 clocked by clk_out1_clk_wiz_0_1  {rise@0.000ns fall@11.628ns period=23.256ns})
  Path Group:             (none)
  Path Type:              Setup (Max at Slow Process Corner)
  Data Path Delay:        0.002ns  (logic 0.000ns (0.000%)  route 0.002ns (100.000%))
  Logic Levels:           0  
  Clock Uncertainty:      0.468ns  ((TSJ^2 + DJ^2)^1/2) / 2 + PE
    Total System Jitter     (TSJ):    0.050ns
    Discrete Jitter          (DJ):    0.315ns
    Phase Error              (PE):    0.309ns

    Location             Delay type                Incr(ns)  Path(ns)    Netlist Resource(s)
  -------------------------------------------------------------------    -------------------
    DSP48_X2Y38          DSP48E1                      0.000     0.000 r  rv64im72f_5sp/alu/multiplier_word/mult_result__1/ACOUT[13]
                         net (fo=1, routed)           0.002     0.002    rv64im72f_5sp/alu/multiplier_word/mult_result__1_n_40
    DSP48_X2Y39          DSP48E1                                      r  rv64im72f_5sp/alu/multiplier_word/mult_result__2/ACIN[13]
  -------------------------------------------------------------------    -------------------

                         (clock clk_out1_clk_wiz_0_1 rise edge)
                                                      0.000     0.000 r  
    R4                                                0.000     0.000 r  clk (IN)
                         net (fo=0)                   0.000     0.000    clk_gen/inst/clk_in1
    R4                   IBUF (Prop_ibuf_I_O)         1.405     1.405 r  clk_gen/inst/clkin1_ibufg/O
                         net (fo=1, routed)           1.181     2.586    clk_gen/inst/clk_in1_clk_wiz_0
    PLLE2_ADV_X1Y2       PLLE2_ADV (Prop_plle2_adv_CLKIN1_CLKOUT0)
                                                     -8.206    -5.620 r  clk_gen/inst/plle2_adv_inst/CLKOUT0
                         net (fo=1, routed)           1.718    -3.902    clk_gen/inst/clk_out1_clk_wiz_0
    BUFGCTRL_X0Y0        BUFG (Prop_bufg_I_O)         0.091    -3.811 r  clk_gen/inst/clkout1_buf/O
                         net (fo=6346, routed)        1.807    -2.004    rv64im72f_5sp/alu/multiplier_word/clk_out1
    DSP48_X2Y39          DSP48E1                                      r  rv64im72f_5sp/alu/multiplier_word/mult_result__2/CLK

Slack:                    inf
  Source:                 rv64im72f_5sp/alu/multiplier_word/mult_result__1/ACOUT[14]
                            (internal pin)
  Destination:            rv64im72f_5sp/alu/multiplier_word/mult_result__2/ACIN[14]
                            (rising edge-triggered cell DSP48E1 clocked by clk_out1_clk_wiz_0_1  {rise@0.000ns fall@11.628ns period=23.256ns})
  Path Group:             (none)
  Path Type:              Setup (Max at Slow Process Corner)
  Data Path Delay:        0.002ns  (logic 0.000ns (0.000%)  route 0.002ns (100.000%))
  Logic Levels:           0  
  Clock Uncertainty:      0.468ns  ((TSJ^2 + DJ^2)^1/2) / 2 + PE
    Total System Jitter     (TSJ):    0.050ns
    Discrete Jitter          (DJ):    0.315ns
    Phase Error              (PE):    0.309ns

    Location             Delay type                Incr(ns)  Path(ns)    Netlist Resource(s)
  -------------------------------------------------------------------    -------------------
    DSP48_X2Y38          DSP48E1                      0.000     0.000 r  rv64im72f_5sp/alu/multiplier_word/mult_result__1/ACOUT[14]
                         net (fo=1, routed)           0.002     0.002    rv64im72f_5sp/alu/multiplier_word/mult_result__1_n_39
    DSP48_X2Y39          DSP48E1                                      r  rv64im72f_5sp/alu/multiplier_word/mult_result__2/ACIN[14]
  -------------------------------------------------------------------    -------------------

                         (clock clk_out1_clk_wiz_0_1 rise edge)
                                                      0.000     0.000 r  
    R4                                                0.000     0.000 r  clk (IN)
                         net (fo=0)                   0.000     0.000    clk_gen/inst/clk_in1
    R4                   IBUF (Prop_ibuf_I_O)         1.405     1.405 r  clk_gen/inst/clkin1_ibufg/O
                         net (fo=1, routed)           1.181     2.586    clk_gen/inst/clk_in1_clk_wiz_0
    PLLE2_ADV_X1Y2       PLLE2_ADV (Prop_plle2_adv_CLKIN1_CLKOUT0)
                                                     -8.206    -5.620 r  clk_gen/inst/plle2_adv_inst/CLKOUT0
                         net (fo=1, routed)           1.718    -3.902    clk_gen/inst/clk_out1_clk_wiz_0
    BUFGCTRL_X0Y0        BUFG (Prop_bufg_I_O)         0.091    -3.811 r  clk_gen/inst/clkout1_buf/O
                         net (fo=6346, routed)        1.807    -2.004    rv64im72f_5sp/alu/multiplier_word/clk_out1
    DSP48_X2Y39          DSP48E1                                      r  rv64im72f_5sp/alu/multiplier_word/mult_result__2/CLK

Slack:                    inf
  Source:                 rv64im72f_5sp/alu/multiplier_word/mult_result__1/ACOUT[15]
                            (internal pin)
  Destination:            rv64im72f_5sp/alu/multiplier_word/mult_result__2/ACIN[15]
                            (rising edge-triggered cell DSP48E1 clocked by clk_out1_clk_wiz_0_1  {rise@0.000ns fall@11.628ns period=23.256ns})
  Path Group:             (none)
  Path Type:              Setup (Max at Slow Process Corner)
  Data Path Delay:        0.002ns  (logic 0.000ns (0.000%)  route 0.002ns (100.000%))
  Logic Levels:           0  
  Clock Uncertainty:      0.468ns  ((TSJ^2 + DJ^2)^1/2) / 2 + PE
    Total System Jitter     (TSJ):    0.050ns
    Discrete Jitter          (DJ):    0.315ns
    Phase Error              (PE):    0.309ns

    Location             Delay type                Incr(ns)  Path(ns)    Netlist Resource(s)
  -------------------------------------------------------------------    -------------------
    DSP48_X2Y38          DSP48E1                      0.000     0.000 r  rv64im72f_5sp/alu/multiplier_word/mult_result__1/ACOUT[15]
                         net (fo=1, routed)           0.002     0.002    rv64im72f_5sp/alu/multiplier_word/mult_result__1_n_38
    DSP48_X2Y39          DSP48E1                                      r  rv64im72f_5sp/alu/multiplier_word/mult_result__2/ACIN[15]
  -------------------------------------------------------------------    -------------------

                         (clock clk_out1_clk_wiz_0_1 rise edge)
                                                      0.000     0.000 r  
    R4                                                0.000     0.000 r  clk (IN)
                         net (fo=0)                   0.000     0.000    clk_gen/inst/clk_in1
    R4                   IBUF (Prop_ibuf_I_O)         1.405     1.405 r  clk_gen/inst/clkin1_ibufg/O
                         net (fo=1, routed)           1.181     2.586    clk_gen/inst/clk_in1_clk_wiz_0
    PLLE2_ADV_X1Y2       PLLE2_ADV (Prop_plle2_adv_CLKIN1_CLKOUT0)
                                                     -8.206    -5.620 r  clk_gen/inst/plle2_adv_inst/CLKOUT0
                         net (fo=1, routed)           1.718    -3.902    clk_gen/inst/clk_out1_clk_wiz_0
    BUFGCTRL_X0Y0        BUFG (Prop_bufg_I_O)         0.091    -3.811 r  clk_gen/inst/clkout1_buf/O
                         net (fo=6346, routed)        1.807    -2.004    rv64im72f_5sp/alu/multiplier_word/clk_out1
    DSP48_X2Y39          DSP48E1                                      r  rv64im72f_5sp/alu/multiplier_word/mult_result__2/CLK





Min Delay Paths
--------------------------------------------------------------------------------------
Slack:                    inf
  Source:                 rv64im72f_5sp/alu/multiplier_word/mult_result__1/ACOUT[0]
                            (internal pin)
  Destination:            rv64im72f_5sp/alu/multiplier_word/mult_result__2/ACIN[0]
                            (rising edge-triggered cell DSP48E1 clocked by clk_out1_clk_wiz_0_1  {rise@0.000ns fall@11.628ns period=23.256ns})
  Path Group:             (none)
  Path Type:              Hold (Min at Slow Process Corner)
  Data Path Delay:        0.002ns  (logic 0.000ns (0.000%)  route 0.002ns (100.000%))
  Logic Levels:           0  
  Clock Uncertainty:      0.468ns  ((TSJ^2 + DJ^2)^1/2) / 2 + PE
    Total System Jitter     (TSJ):    0.050ns
    Discrete Jitter          (DJ):    0.315ns
    Phase Error              (PE):    0.309ns

    Location             Delay type                Incr(ns)  Path(ns)    Netlist Resource(s)
  -------------------------------------------------------------------    -------------------
    DSP48_X2Y38          DSP48E1                      0.000     0.000 r  rv64im72f_5sp/alu/multiplier_word/mult_result__1/ACOUT[0]
                         net (fo=1, routed)           0.002     0.002    rv64im72f_5sp/alu/multiplier_word/mult_result__1_n_53
    DSP48_X2Y39          DSP48E1                                      r  rv64im72f_5sp/alu/multiplier_word/mult_result__2/ACIN[0]
  -------------------------------------------------------------------    -------------------

                         (clock clk_out1_clk_wiz_0_1 rise edge)
                                                      0.000     0.000 r  
    R4                                                0.000     0.000 r  clk (IN)
                         net (fo=0)                   0.000     0.000    clk_gen/inst/clk_in1
    R4                   IBUF (Prop_ibuf_I_O)         1.475     1.475 r  clk_gen/inst/clkin1_ibufg/O
                         net (fo=1, routed)           1.253     2.728    clk_gen/inst/clk_in1_clk_wiz_0
    PLLE2_ADV_X1Y2       PLLE2_ADV (Prop_plle2_adv_CLKIN1_CLKOUT0)
                                                     -8.953    -6.225 r  clk_gen/inst/plle2_adv_inst/CLKOUT0
                         net (fo=1, routed)           1.802    -4.422    clk_gen/inst/clk_out1_clk_wiz_0
    BUFGCTRL_X0Y0        BUFG (Prop_bufg_I_O)         0.096    -4.326 r  clk_gen/inst/clkout1_buf/O
                         net (fo=6346, routed)        1.936    -2.390    rv64im72f_5sp/alu/multiplier_word/clk_out1
    DSP48_X2Y39          DSP48E1                                      r  rv64im72f_5sp/alu/multiplier_word/mult_result__2/CLK

Slack:                    inf
  Source:                 rv64im72f_5sp/alu/multiplier_word/mult_result__1/ACOUT[10]
                            (internal pin)
  Destination:            rv64im72f_5sp/alu/multiplier_word/mult_result__2/ACIN[10]
                            (rising edge-triggered cell DSP48E1 clocked by clk_out1_clk_wiz_0_1  {rise@0.000ns fall@11.628ns period=23.256ns})
  Path Group:             (none)
  Path Type:              Hold (Min at Slow Process Corner)
  Data Path Delay:        0.002ns  (logic 0.000ns (0.000%)  route 0.002ns (100.000%))
  Logic Levels:           0  
  Clock Uncertainty:      0.468ns  ((TSJ^2 + DJ^2)^1/2) / 2 + PE
    Total System Jitter     (TSJ):    0.050ns
    Discrete Jitter          (DJ):    0.315ns
    Phase Error              (PE):    0.309ns

    Location             Delay type                Incr(ns)  Path(ns)    Netlist Resource(s)
  -------------------------------------------------------------------    -------------------
    DSP48_X2Y38          DSP48E1                      0.000     0.000 r  rv64im72f_5sp/alu/multiplier_word/mult_result__1/ACOUT[10]
                         net (fo=1, routed)           0.002     0.002    rv64im72f_5sp/alu/multiplier_word/mult_result__1_n_43
    DSP48_X2Y39          DSP48E1                                      r  rv64im72f_5sp/alu/multiplier_word/mult_result__2/ACIN[10]
  -------------------------------------------------------------------    -------------------

                         (clock clk_out1_clk_wiz_0_1 rise edge)
                                                      0.000     0.000 r  
    R4                                                0.000     0.000 r  clk (IN)
                         net (fo=0)                   0.000     0.000    clk_gen/inst/clk_in1
    R4                   IBUF (Prop_ibuf_I_O)         1.475     1.475 r  clk_gen/inst/clkin1_ibufg/O
                         net (fo=1, routed)           1.253     2.728    clk_gen/inst/clk_in1_clk_wiz_0
    PLLE2_ADV_X1Y2       PLLE2_ADV (Prop_plle2_adv_CLKIN1_CLKOUT0)
                                                     -8.953    -6.225 r  clk_gen/inst/plle2_adv_inst/CLKOUT0
                         net (fo=1, routed)           1.802    -4.422    clk_gen/inst/clk_out1_clk_wiz_0
    BUFGCTRL_X0Y0        BUFG (Prop_bufg_I_O)         0.096    -4.326 r  clk_gen/inst/clkout1_buf/O
                         net (fo=6346, routed)        1.936    -2.390    rv64im72f_5sp/alu/multiplier_word/clk_out1
    DSP48_X2Y39          DSP48E1                                      r  rv64im72f_5sp/alu/multiplier_word/mult_result__2/CLK

Slack:                    inf
  Source:                 rv64im72f_5sp/alu/multiplier_word/mult_result__1/ACOUT[11]
                            (internal pin)
  Destination:            rv64im72f_5sp/alu/multiplier_word/mult_result__2/ACIN[11]
                            (rising edge-triggered cell DSP48E1 clocked by clk_out1_clk_wiz_0_1  {rise@0.000ns fall@11.628ns period=23.256ns})
  Path Group:             (none)
  Path Type:              Hold (Min at Slow Process Corner)
  Data Path Delay:        0.002ns  (logic 0.000ns (0.000%)  route 0.002ns (100.000%))
  Logic Levels:           0  
  Clock Uncertainty:      0.468ns  ((TSJ^2 + DJ^2)^1/2) / 2 + PE
    Total System Jitter     (TSJ):    0.050ns
    Discrete Jitter          (DJ):    0.315ns
    Phase Error              (PE):    0.309ns

    Location             Delay type                Incr(ns)  Path(ns)    Netlist Resource(s)
  -------------------------------------------------------------------    -------------------
    DSP48_X2Y38          DSP48E1                      0.000     0.000 r  rv64im72f_5sp/alu/multiplier_word/mult_result__1/ACOUT[11]
                         net (fo=1, routed)           0.002     0.002    rv64im72f_5sp/alu/multiplier_word/mult_result__1_n_42
    DSP48_X2Y39          DSP48E1                                      r  rv64im72f_5sp/alu/multiplier_word/mult_result__2/ACIN[11]
  -------------------------------------------------------------------    -------------------

                         (clock clk_out1_clk_wiz_0_1 rise edge)
                                                      0.000     0.000 r  
    R4                                                0.000     0.000 r  clk (IN)
                         net (fo=0)                   0.000     0.000    clk_gen/inst/clk_in1
    R4                   IBUF (Prop_ibuf_I_O)         1.475     1.475 r  clk_gen/inst/clkin1_ibufg/O
                         net (fo=1, routed)           1.253     2.728    clk_gen/inst/clk_in1_clk_wiz_0
    PLLE2_ADV_X1Y2       PLLE2_ADV (Prop_plle2_adv_CLKIN1_CLKOUT0)
                                                     -8.953    -6.225 r  clk_gen/inst/plle2_adv_inst/CLKOUT0
                         net (fo=1, routed)           1.802    -4.422    clk_gen/inst/clk_out1_clk_wiz_0
    BUFGCTRL_X0Y0        BUFG (Prop_bufg_I_O)         0.096    -4.326 r  clk_gen/inst/clkout1_buf/O
                         net (fo=6346, routed)        1.936    -2.390    rv64im72f_5sp/alu/multiplier_word/clk_out1
    DSP48_X2Y39          DSP48E1                                      r  rv64im72f_5sp/alu/multiplier_word/mult_result__2/CLK

Slack:                    inf
  Source:                 rv64im72f_5sp/alu/multiplier_word/mult_result__1/ACOUT[12]
                            (internal pin)
  Destination:            rv64im72f_5sp/alu/multiplier_word/mult_result__2/ACIN[12]
                            (rising edge-triggered cell DSP48E1 clocked by clk_out1_clk_wiz_0_1  {rise@0.000ns fall@11.628ns period=23.256ns})
  Path Group:             (none)
  Path Type:              Hold (Min at Slow Process Corner)
  Data Path Delay:        0.002ns  (logic 0.000ns (0.000%)  route 0.002ns (100.000%))
  Logic Levels:           0  
  Clock Uncertainty:      0.468ns  ((TSJ^2 + DJ^2)^1/2) / 2 + PE
    Total System Jitter     (TSJ):    0.050ns
    Discrete Jitter          (DJ):    0.315ns
    Phase Error              (PE):    0.309ns

    Location             Delay type                Incr(ns)  Path(ns)    Netlist Resource(s)
  -------------------------------------------------------------------    -------------------
    DSP48_X2Y38          DSP48E1                      0.000     0.000 r  rv64im72f_5sp/alu/multiplier_word/mult_result__1/ACOUT[12]
                         net (fo=1, routed)           0.002     0.002    rv64im72f_5sp/alu/multiplier_word/mult_result__1_n_41
    DSP48_X2Y39          DSP48E1                                      r  rv64im72f_5sp/alu/multiplier_word/mult_result__2/ACIN[12]
  -------------------------------------------------------------------    -------------------

                         (clock clk_out1_clk_wiz_0_1 rise edge)
                                                      0.000     0.000 r  
    R4                                                0.000     0.000 r  clk (IN)
                         net (fo=0)                   0.000     0.000    clk_gen/inst/clk_in1
    R4                   IBUF (Prop_ibuf_I_O)         1.475     1.475 r  clk_gen/inst/clkin1_ibufg/O
                         net (fo=1, routed)           1.253     2.728    clk_gen/inst/clk_in1_clk_wiz_0
    PLLE2_ADV_X1Y2       PLLE2_ADV (Prop_plle2_adv_CLKIN1_CLKOUT0)
                                                     -8.953    -6.225 r  clk_gen/inst/plle2_adv_inst/CLKOUT0
                         net (fo=1, routed)           1.802    -4.422    clk_gen/inst/clk_out1_clk_wiz_0
    BUFGCTRL_X0Y0        BUFG (Prop_bufg_I_O)         0.096    -4.326 r  clk_gen/inst/clkout1_buf/O
                         net (fo=6346, routed)        1.936    -2.390    rv64im72f_5sp/alu/multiplier_word/clk_out1
    DSP48_X2Y39          DSP48E1                                      r  rv64im72f_5sp/alu/multiplier_word/mult_result__2/CLK

Slack:                    inf
  Source:                 rv64im72f_5sp/alu/multiplier_word/mult_result__1/ACOUT[13]
                            (internal pin)
  Destination:            rv64im72f_5sp/alu/multiplier_word/mult_result__2/ACIN[13]
                            (rising edge-triggered cell DSP48E1 clocked by clk_out1_clk_wiz_0_1  {rise@0.000ns fall@11.628ns period=23.256ns})
  Path Group:             (none)
  Path Type:              Hold (Min at Slow Process Corner)
  Data Path Delay:        0.002ns  (logic 0.000ns (0.000%)  route 0.002ns (100.000%))
  Logic Levels:           0  
  Clock Uncertainty:      0.468ns  ((TSJ^2 + DJ^2)^1/2) / 2 + PE
    Total System Jitter     (TSJ):    0.050ns
    Discrete Jitter          (DJ):    0.315ns
    Phase Error              (PE):    0.309ns

    Location             Delay type                Incr(ns)  Path(ns)    Netlist Resource(s)
  -------------------------------------------------------------------    -------------------
    DSP48_X2Y38          DSP48E1                      0.000     0.000 r  rv64im72f_5sp/alu/multiplier_word/mult_result__1/ACOUT[13]
                         net (fo=1, routed)           0.002     0.002    rv64im72f_5sp/alu/multiplier_word/mult_result__1_n_40
    DSP48_X2Y39          DSP48E1                                      r  rv64im72f_5sp/alu/multiplier_word/mult_result__2/ACIN[13]
  -------------------------------------------------------------------    -------------------

                         (clock clk_out1_clk_wiz_0_1 rise edge)
                                                      0.000     0.000 r  
    R4                                                0.000     0.000 r  clk (IN)
                         net (fo=0)                   0.000     0.000    clk_gen/inst/clk_in1
    R4                   IBUF (Prop_ibuf_I_O)         1.475     1.475 r  clk_gen/inst/clkin1_ibufg/O
                         net (fo=1, routed)           1.253     2.728    clk_gen/inst/clk_in1_clk_wiz_0
    PLLE2_ADV_X1Y2       PLLE2_ADV (Prop_plle2_adv_CLKIN1_CLKOUT0)
                                                     -8.953    -6.225 r  clk_gen/inst/plle2_adv_inst/CLKOUT0
                         net (fo=1, routed)           1.802    -4.422    clk_gen/inst/clk_out1_clk_wiz_0
    BUFGCTRL_X0Y0        BUFG (Prop_bufg_I_O)         0.096    -4.326 r  clk_gen/inst/clkout1_buf/O
                         net (fo=6346, routed)        1.936    -2.390    rv64im72f_5sp/alu/multiplier_word/clk_out1
    DSP48_X2Y39          DSP48E1                                      r  rv64im72f_5sp/alu/multiplier_word/mult_result__2/CLK

Slack:                    inf
  Source:                 rv64im72f_5sp/alu/multiplier_word/mult_result__1/ACOUT[14]
                            (internal pin)
  Destination:            rv64im72f_5sp/alu/multiplier_word/mult_result__2/ACIN[14]
                            (rising edge-triggered cell DSP48E1 clocked by clk_out1_clk_wiz_0_1  {rise@0.000ns fall@11.628ns period=23.256ns})
  Path Group:             (none)
  Path Type:              Hold (Min at Slow Process Corner)
  Data Path Delay:        0.002ns  (logic 0.000ns (0.000%)  route 0.002ns (100.000%))
  Logic Levels:           0  
  Clock Uncertainty:      0.468ns  ((TSJ^2 + DJ^2)^1/2) / 2 + PE
    Total System Jitter     (TSJ):    0.050ns
    Discrete Jitter          (DJ):    0.315ns
    Phase Error              (PE):    0.309ns

    Location             Delay type                Incr(ns)  Path(ns)    Netlist Resource(s)
  -------------------------------------------------------------------    -------------------
    DSP48_X2Y38          DSP48E1                      0.000     0.000 r  rv64im72f_5sp/alu/multiplier_word/mult_result__1/ACOUT[14]
                         net (fo=1, routed)           0.002     0.002    rv64im72f_5sp/alu/multiplier_word/mult_result__1_n_39
    DSP48_X2Y39          DSP48E1                                      r  rv64im72f_5sp/alu/multiplier_word/mult_result__2/ACIN[14]
  -------------------------------------------------------------------    -------------------

                         (clock clk_out1_clk_wiz_0_1 rise edge)
                                                      0.000     0.000 r  
    R4                                                0.000     0.000 r  clk (IN)
                         net (fo=0)                   0.000     0.000    clk_gen/inst/clk_in1
    R4                   IBUF (Prop_ibuf_I_O)         1.475     1.475 r  clk_gen/inst/clkin1_ibufg/O
                         net (fo=1, routed)           1.253     2.728    clk_gen/inst/clk_in1_clk_wiz_0
    PLLE2_ADV_X1Y2       PLLE2_ADV (Prop_plle2_adv_CLKIN1_CLKOUT0)
                                                     -8.953    -6.225 r  clk_gen/inst/plle2_adv_inst/CLKOUT0
                         net (fo=1, routed)           1.802    -4.422    clk_gen/inst/clk_out1_clk_wiz_0
    BUFGCTRL_X0Y0        BUFG (Prop_bufg_I_O)         0.096    -4.326 r  clk_gen/inst/clkout1_buf/O
                         net (fo=6346, routed)        1.936    -2.390    rv64im72f_5sp/alu/multiplier_word/clk_out1
    DSP48_X2Y39          DSP48E1                                      r  rv64im72f_5sp/alu/multiplier_word/mult_result__2/CLK

Slack:                    inf
  Source:                 rv64im72f_5sp/alu/multiplier_word/mult_result__1/ACOUT[15]
                            (internal pin)
  Destination:            rv64im72f_5sp/alu/multiplier_word/mult_result__2/ACIN[15]
                            (rising edge-triggered cell DSP48E1 clocked by clk_out1_clk_wiz_0_1  {rise@0.000ns fall@11.628ns period=23.256ns})
  Path Group:             (none)
  Path Type:              Hold (Min at Slow Process Corner)
  Data Path Delay:        0.002ns  (logic 0.000ns (0.000%)  route 0.002ns (100.000%))
  Logic Levels:           0  
  Clock Uncertainty:      0.468ns  ((TSJ^2 + DJ^2)^1/2) / 2 + PE
    Total System Jitter     (TSJ):    0.050ns
    Discrete Jitter          (DJ):    0.315ns
    Phase Error              (PE):    0.309ns

    Location             Delay type                Incr(ns)  Path(ns)    Netlist Resource(s)
  -------------------------------------------------------------------    -------------------
    DSP48_X2Y38          DSP48E1                      0.000     0.000 r  rv64im72f_5sp/alu/multiplier_word/mult_result__1/ACOUT[15]
                         net (fo=1, routed)           0.002     0.002    rv64im72f_5sp/alu/multiplier_word/mult_result__1_n_38
    DSP48_X2Y39          DSP48E1                                      r  rv64im72f_5sp/alu/multiplier_word/mult_result__2/ACIN[15]
  -------------------------------------------------------------------    -------------------

                         (clock clk_out1_clk_wiz_0_1 rise edge)
                                                      0.000     0.000 r  
    R4                                                0.000     0.000 r  clk (IN)
                         net (fo=0)                   0.000     0.000    clk_gen/inst/clk_in1
    R4                   IBUF (Prop_ibuf_I_O)         1.475     1.475 r  clk_gen/inst/clkin1_ibufg/O
                         net (fo=1, routed)           1.253     2.728    clk_gen/inst/clk_in1_clk_wiz_0
    PLLE2_ADV_X1Y2       PLLE2_ADV (Prop_plle2_adv_CLKIN1_CLKOUT0)
                                                     -8.953    -6.225 r  clk_gen/inst/plle2_adv_inst/CLKOUT0
                         net (fo=1, routed)           1.802    -4.422    clk_gen/inst/clk_out1_clk_wiz_0
    BUFGCTRL_X0Y0        BUFG (Prop_bufg_I_O)         0.096    -4.326 r  clk_gen/inst/clkout1_buf/O
                         net (fo=6346, routed)        1.936    -2.390    rv64im72f_5sp/alu/multiplier_word/clk_out1
    DSP48_X2Y39          DSP48E1                                      r  rv64im72f_5sp/alu/multiplier_word/mult_result__2/CLK

Slack:                    inf
  Source:                 rv64im72f_5sp/alu/multiplier_word/mult_result__1/ACOUT[16]
                            (internal pin)
  Destination:            rv64im72f_5sp/alu/multiplier_word/mult_result__2/ACIN[16]
                            (rising edge-triggered cell DSP48E1 clocked by clk_out1_clk_wiz_0_1  {rise@0.000ns fall@11.628ns period=23.256ns})
  Path Group:             (none)
  Path Type:              Hold (Min at Slow Process Corner)
  Data Path Delay:        0.002ns  (logic 0.000ns (0.000%)  route 0.002ns (100.000%))
  Logic Levels:           0  
  Clock Uncertainty:      0.468ns  ((TSJ^2 + DJ^2)^1/2) / 2 + PE
    Total System Jitter     (TSJ):    0.050ns
    Discrete Jitter          (DJ):    0.315ns
    Phase Error              (PE):    0.309ns

    Location             Delay type                Incr(ns)  Path(ns)    Netlist Resource(s)
  -------------------------------------------------------------------    -------------------
    DSP48_X2Y38          DSP48E1                      0.000     0.000 r  rv64im72f_5sp/alu/multiplier_word/mult_result__1/ACOUT[16]
                         net (fo=1, routed)           0.002     0.002    rv64im72f_5sp/alu/multiplier_word/mult_result__1_n_37
    DSP48_X2Y39          DSP48E1                                      r  rv64im72f_5sp/alu/multiplier_word/mult_result__2/ACIN[16]
  -------------------------------------------------------------------    -------------------

                         (clock clk_out1_clk_wiz_0_1 rise edge)
                                                      0.000     0.000 r  
    R4                                                0.000     0.000 r  clk (IN)
                         net (fo=0)                   0.000     0.000    clk_gen/inst/clk_in1
    R4                   IBUF (Prop_ibuf_I_O)         1.475     1.475 r  clk_gen/inst/clkin1_ibufg/O
                         net (fo=1, routed)           1.253     2.728    clk_gen/inst/clk_in1_clk_wiz_0
    PLLE2_ADV_X1Y2       PLLE2_ADV (Prop_plle2_adv_CLKIN1_CLKOUT0)
                                                     -8.953    -6.225 r  clk_gen/inst/plle2_adv_inst/CLKOUT0
                         net (fo=1, routed)           1.802    -4.422    clk_gen/inst/clk_out1_clk_wiz_0
    BUFGCTRL_X0Y0        BUFG (Prop_bufg_I_O)         0.096    -4.326 r  clk_gen/inst/clkout1_buf/O
                         net (fo=6346, routed)        1.936    -2.390    rv64im72f_5sp/alu/multiplier_word/clk_out1
    DSP48_X2Y39          DSP48E1                                      r  rv64im72f_5sp/alu/multiplier_word/mult_result__2/CLK

Slack:                    inf
  Source:                 rv64im72f_5sp/alu/multiplier_word/mult_result__1/ACOUT[1]
                            (internal pin)
  Destination:            rv64im72f_5sp/alu/multiplier_word/mult_result__2/ACIN[1]
                            (rising edge-triggered cell DSP48E1 clocked by clk_out1_clk_wiz_0_1  {rise@0.000ns fall@11.628ns period=23.256ns})
  Path Group:             (none)
  Path Type:              Hold (Min at Slow Process Corner)
  Data Path Delay:        0.002ns  (logic 0.000ns (0.000%)  route 0.002ns (100.000%))
  Logic Levels:           0  
  Clock Uncertainty:      0.468ns  ((TSJ^2 + DJ^2)^1/2) / 2 + PE
    Total System Jitter     (TSJ):    0.050ns
    Discrete Jitter          (DJ):    0.315ns
    Phase Error              (PE):    0.309ns

    Location             Delay type                Incr(ns)  Path(ns)    Netlist Resource(s)
  -------------------------------------------------------------------    -------------------
    DSP48_X2Y38          DSP48E1                      0.000     0.000 r  rv64im72f_5sp/alu/multiplier_word/mult_result__1/ACOUT[1]
                         net (fo=1, routed)           0.002     0.002    rv64im72f_5sp/alu/multiplier_word/mult_result__1_n_52
    DSP48_X2Y39          DSP48E1                                      r  rv64im72f_5sp/alu/multiplier_word/mult_result__2/ACIN[1]
  -------------------------------------------------------------------    -------------------

                         (clock clk_out1_clk_wiz_0_1 rise edge)
                                                      0.000     0.000 r  
    R4                                                0.000     0.000 r  clk (IN)
                         net (fo=0)                   0.000     0.000    clk_gen/inst/clk_in1
    R4                   IBUF (Prop_ibuf_I_O)         1.475     1.475 r  clk_gen/inst/clkin1_ibufg/O
                         net (fo=1, routed)           1.253     2.728    clk_gen/inst/clk_in1_clk_wiz_0
    PLLE2_ADV_X1Y2       PLLE2_ADV (Prop_plle2_adv_CLKIN1_CLKOUT0)
                                                     -8.953    -6.225 r  clk_gen/inst/plle2_adv_inst/CLKOUT0
                         net (fo=1, routed)           1.802    -4.422    clk_gen/inst/clk_out1_clk_wiz_0
    BUFGCTRL_X0Y0        BUFG (Prop_bufg_I_O)         0.096    -4.326 r  clk_gen/inst/clkout1_buf/O
                         net (fo=6346, routed)        1.936    -2.390    rv64im72f_5sp/alu/multiplier_word/clk_out1
    DSP48_X2Y39          DSP48E1                                      r  rv64im72f_5sp/alu/multiplier_word/mult_result__2/CLK

Slack:                    inf
  Source:                 rv64im72f_5sp/alu/multiplier_word/mult_result__1/ACOUT[2]
                            (internal pin)
  Destination:            rv64im72f_5sp/alu/multiplier_word/mult_result__2/ACIN[2]
                            (rising edge-triggered cell DSP48E1 clocked by clk_out1_clk_wiz_0_1  {rise@0.000ns fall@11.628ns period=23.256ns})
  Path Group:             (none)
  Path Type:              Hold (Min at Slow Process Corner)
  Data Path Delay:        0.002ns  (logic 0.000ns (0.000%)  route 0.002ns (100.000%))
  Logic Levels:           0  
  Clock Uncertainty:      0.468ns  ((TSJ^2 + DJ^2)^1/2) / 2 + PE
    Total System Jitter     (TSJ):    0.050ns
    Discrete Jitter          (DJ):    0.315ns
    Phase Error              (PE):    0.309ns

    Location             Delay type                Incr(ns)  Path(ns)    Netlist Resource(s)
  -------------------------------------------------------------------    -------------------
    DSP48_X2Y38          DSP48E1                      0.000     0.000 r  rv64im72f_5sp/alu/multiplier_word/mult_result__1/ACOUT[2]
                         net (fo=1, routed)           0.002     0.002    rv64im72f_5sp/alu/multiplier_word/mult_result__1_n_51
    DSP48_X2Y39          DSP48E1                                      r  rv64im72f_5sp/alu/multiplier_word/mult_result__2/ACIN[2]
  -------------------------------------------------------------------    -------------------

                         (clock clk_out1_clk_wiz_0_1 rise edge)
                                                      0.000     0.000 r  
    R4                                                0.000     0.000 r  clk (IN)
                         net (fo=0)                   0.000     0.000    clk_gen/inst/clk_in1
    R4                   IBUF (Prop_ibuf_I_O)         1.475     1.475 r  clk_gen/inst/clkin1_ibufg/O
                         net (fo=1, routed)           1.253     2.728    clk_gen/inst/clk_in1_clk_wiz_0
    PLLE2_ADV_X1Y2       PLLE2_ADV (Prop_plle2_adv_CLKIN1_CLKOUT0)
                                                     -8.953    -6.225 r  clk_gen/inst/plle2_adv_inst/CLKOUT0
                         net (fo=1, routed)           1.802    -4.422    clk_gen/inst/clk_out1_clk_wiz_0
    BUFGCTRL_X0Y0        BUFG (Prop_bufg_I_O)         0.096    -4.326 r  clk_gen/inst/clkout1_buf/O
                         net (fo=6346, routed)        1.936    -2.390    rv64im72f_5sp/alu/multiplier_word/clk_out1
    DSP48_X2Y39          DSP48E1                                      r  rv64im72f_5sp/alu/multiplier_word/mult_result__2/CLK





