Copyright 1986-2022 Xilinx, Inc. All Rights Reserved. Copyright 2022-2025 Advanced Micro Devices, Inc. All Rights Reserved.
----------------------------------------------------------------------------------------------------------------------------------------------------------
| Tool Version : Vivado v.2025.2 (lin64) Build 6299465 Fri Nov 14 12:34:56 MST 2025
| Date         : Tue Sep 15 14:35:35 2026
| Host         : khwl-ThinkPad-X1-Carbon-Gen-13 running 64-bit Ubuntu 24.04.4 LTS
| Command      : report_timing_summary -file /home/khwl/Desktop/RV-IM100/riscof-env/logs/final_impl/RV64IM_7SP_BRAM_Opt_Coremark/timing.rpt
| Design       : RV64IM72F5SPSoCTOP
| Device       : 7a200t-sbg484
| Speed File   : -1  PRODUCTION 1.23 2018-06-13
| Design State : Physopt postRoute
----------------------------------------------------------------------------------------------------------------------------------------------------------

Timing Summary Report

------------------------------------------------------------------------------------------------
| Timer Settings
| --------------
------------------------------------------------------------------------------------------------

  Enable Multi Corner Analysis               :  Yes
  Enable Pessimism Removal                   :  Yes
  Pessimism Removal Resolution               :  Nearest Common Node
  Enable Input Delay Default Clock           :  No
  Enable Preset / Clear Arcs                 :  No
  Disable Flight Delays                      :  No
  Ignore I/O Paths                           :  No
  Timing Early Launch at Borrowing Latches   :  No
  Borrow Time for Max Delay Exceptions       :  Yes
  Merge Timing Exceptions                    :  Yes
  Inter-SLR Compensation                     :  Conservative

  Corner  Analyze    Analyze    
  Name    Max Paths  Min Paths  
  ------  ---------  ---------  
  Slow    Yes        Yes        
  Fast    Yes        Yes        


------------------------------------------------------------------------------------------------
| Report Methodology
| ------------------
------------------------------------------------------------------------------------------------

Rule       Severity          Description                                                       Violations  
---------  ----------------  ----------------------------------------------------------------  ----------  
TIMING-6   Critical Warning  No common primary clock between related clocks                    2           
DPIR-1     Warning           Asynchronous driver check                                         623         
SYNTH-6    Warning           Timing of a RAM block might be sub-optimal                        24          
SYNTH-10   Warning           Wide multiplier                                                   20          
TIMING-10  Warning           Missing property on synchronizer                                  1           
TIMING-56  Warning           Missing logically or physically excluded clock groups constraint  2           

Note: This report is based on the most recent report_methodology run and may not be up-to-date. Run report_methodology on the current design for the latest report.



check_timing report

Table of Contents
-----------------
1. checking no_clock (0)
2. checking constant_clock (0)
3. checking pulse_width_clock (0)
4. checking unconstrained_internal_endpoints (0)
5. checking no_input_delay (1)
6. checking no_output_delay (9)
7. checking multiple_clock (4412)
8. checking generated_clocks (0)
9. checking loops (0)
10. checking partial_input_delay (0)
11. checking partial_output_delay (0)
12. checking latch_loops (0)

1. checking no_clock (0)
------------------------
 There are 0 register/latch pins with no clock.


2. checking constant_clock (0)
------------------------------
 There are 0 register/latch pins with constant_clock.


3. checking pulse_width_clock (0)
---------------------------------
 There are 0 register/latch pins which need pulse_width check


4. checking unconstrained_internal_endpoints (0)
------------------------------------------------
 There are 0 pins that are not constrained for maximum delay.

 There are 0 pins that are not constrained for maximum delay due to constant clock.


5. checking no_input_delay (1)
------------------------------
 There are 0 input ports with no input delay specified.

 There is 1 input port with no input delay but user has a false path constraint. (MEDIUM)


6. checking no_output_delay (9)
-------------------------------
 There is 1 port with no output delay specified. (HIGH)

 There are 8 ports with no output delay but user has a false path constraint (MEDIUM)

 There are 0 ports with no output delay but with a timing clock defined on it or propagating through it


7. checking multiple_clock (4412)
---------------------------------
 There are 4412 register/latch pins with multiple clocks. (HIGH)


8. checking generated_clocks (0)
--------------------------------
 There are 0 generated clocks that are not connected to a clock source.


9. checking loops (0)
---------------------
 There are 0 combinational loops in the design.


10. checking partial_input_delay (0)
------------------------------------
 There are 0 input ports with partial input delay specified.


11. checking partial_output_delay (0)
-------------------------------------
 There are 0 ports with partial output delay specified.


12. checking latch_loops (0)
----------------------------
 There are 0 combinational latch loops in the design through latch input



------------------------------------------------------------------------------------------------
| Design Timing Summary
| ---------------------
------------------------------------------------------------------------------------------------

    WNS(ns)      TNS(ns)  TNS Failing Endpoints  TNS Total Endpoints      WHS(ns)      THS(ns)  THS Failing Endpoints  THS Total Endpoints     WPWS(ns)     TPWS(ns)  TPWS Failing Endpoints  TPWS Total Endpoints  
    -------      -------  ---------------------  -------------------      -------      -------  ---------------------  -------------------     --------     --------  ----------------------  --------------------  
      0.007        0.000                      0                14945        0.057        0.000                      0                14945        3.000        0.000                       0                  4420  


All user specified timing constraints are met.


------------------------------------------------------------------------------------------------
| Clock Summary
| -------------
------------------------------------------------------------------------------------------------

Clock                   Waveform(ns)       Period(ns)      Frequency(MHz)
-----                   ------------       ----------      --------------
clk                     {0.000 5.000}      10.000          100.000         
  clk_out1_clk_wiz_0    {0.000 6.176}      12.353          80.952          
  clkfbout_clk_wiz_0    {0.000 15.000}     30.000          33.333          
sys_clk_pin             {0.000 5.000}      10.000          100.000         
  clk_out1_clk_wiz_0_1  {0.000 6.176}      12.353          80.952          
  clkfbout_clk_wiz_0_1  {0.000 15.000}     30.000          33.333          


------------------------------------------------------------------------------------------------
| Intra Clock Table
| -----------------
------------------------------------------------------------------------------------------------

Clock                       WNS(ns)      TNS(ns)  TNS Failing Endpoints  TNS Total Endpoints      WHS(ns)      THS(ns)  THS Failing Endpoints  THS Total Endpoints     WPWS(ns)     TPWS(ns)  TPWS Failing Endpoints  TPWS Total Endpoints  
-----                       -------      -------  ---------------------  -------------------      -------      -------  ---------------------  -------------------     --------     --------  ----------------------  --------------------  
clk                                                                                                                                                                       3.000        0.000                       0                     1  
  clk_out1_clk_wiz_0          0.007        0.000                      0                13095        0.151        0.000                      0                13095        4.926        0.000                       0                  4416  
  clkfbout_clk_wiz_0                                                                                                                                                     22.633        0.000                       0                     3  
sys_clk_pin                                                                                                                                                               3.000        0.000                       0                     1  
  clk_out1_clk_wiz_0_1        0.010        0.000                      0                13095        0.151        0.000                      0                13095        4.926        0.000                       0                  4416  
  clkfbout_clk_wiz_0_1                                                                                                                                                   22.633        0.000                       0                     3  


------------------------------------------------------------------------------------------------
| Inter Clock Table
| -----------------
------------------------------------------------------------------------------------------------

From Clock            To Clock                  WNS(ns)      TNS(ns)  TNS Failing Endpoints  TNS Total Endpoints      WHS(ns)      THS(ns)  THS Failing Endpoints  THS Total Endpoints  
----------            --------                  -------      -------  ---------------------  -------------------      -------      -------  ---------------------  -------------------  
clk_out1_clk_wiz_0_1  clk_out1_clk_wiz_0          0.007        0.000                      0                13095        0.057        0.000                      0                13095  
clk_out1_clk_wiz_0    clk_out1_clk_wiz_0_1        0.007        0.000                      0                13095        0.057        0.000                      0                13095  


------------------------------------------------------------------------------------------------
| Other Path Groups Table
| -----------------------
------------------------------------------------------------------------------------------------

Path Group            From Clock            To Clock                  WNS(ns)      TNS(ns)  TNS Failing Endpoints  TNS Total Endpoints      WHS(ns)      THS(ns)  THS Failing Endpoints  THS Total Endpoints  
----------            ----------            --------                  -------      -------  ---------------------  -------------------      -------      -------  ---------------------  -------------------  
**async_default**     clk_out1_clk_wiz_0    clk_out1_clk_wiz_0          5.107        0.000                      0                 1850        0.367        0.000                      0                 1850  
**async_default**     clk_out1_clk_wiz_0_1  clk_out1_clk_wiz_0          5.107        0.000                      0                 1850        0.273        0.000                      0                 1850  
**async_default**     clk_out1_clk_wiz_0    clk_out1_clk_wiz_0_1        5.107        0.000                      0                 1850        0.273        0.000                      0                 1850  
**async_default**     clk_out1_clk_wiz_0_1  clk_out1_clk_wiz_0_1        5.109        0.000                      0                 1850        0.367        0.000                      0                 1850  


------------------------------------------------------------------------------------------------
| Timing Details
| --------------
------------------------------------------------------------------------------------------------


---------------------------------------------------------------------------------------------------
From Clock:  clk
  To Clock:  clk

Setup :           NA  Failing Endpoints,  Worst Slack           NA  ,  Total Violation           NA
Hold  :           NA  Failing Endpoints,  Worst Slack           NA  ,  Total Violation           NA
PW    :            0  Failing Endpoints,  Worst Slack        3.000ns,  Total Violation        0.000ns
---------------------------------------------------------------------------------------------------


Pulse Width Checks
--------------------------------------------------------------------------------------
Clock Name:         clk
Waveform(ns):       { 0.000 5.000 }
Period(ns):         10.000
Sources:            { clk }

Check Type        Corner  Lib Pin           Reference Pin  Required(ns)  Actual(ns)  Slack(ns)  Location        Pin
Min Period        n/a     PLLE2_ADV/CLKIN1  n/a            1.249         10.000      8.751      PLLE2_ADV_X1Y2  clk_gen/inst/plle2_adv_inst/CLKIN1
Max Period        n/a     PLLE2_ADV/CLKIN1  n/a            52.633        10.000      42.633     PLLE2_ADV_X1Y2  clk_gen/inst/plle2_adv_inst/CLKIN1
Low Pulse Width   Slow    PLLE2_ADV/CLKIN1  n/a            2.000         5.000       3.000      PLLE2_ADV_X1Y2  clk_gen/inst/plle2_adv_inst/CLKIN1
High Pulse Width  Slow    PLLE2_ADV/CLKIN1  n/a            2.000         5.000       3.000      PLLE2_ADV_X1Y2  clk_gen/inst/plle2_adv_inst/CLKIN1



---------------------------------------------------------------------------------------------------
From Clock:  clk_out1_clk_wiz_0
  To Clock:  clk_out1_clk_wiz_0

Setup :            0  Failing Endpoints,  Worst Slack        0.007ns,  Total Violation        0.000ns
Hold  :            0  Failing Endpoints,  Worst Slack        0.151ns,  Total Violation        0.000ns
PW    :            0  Failing Endpoints,  Worst Slack        4.926ns,  Total Violation        0.000ns
---------------------------------------------------------------------------------------------------


Max Delay Paths
--------------------------------------------------------------------------------------
Slack (MET) :             0.007ns  (required time - arrival time)
  Source:                 rv64im72f_6sp/ex_ex2_register/EX2_rd_reg[1]/C
                            (rising edge-triggered cell FDRE clocked by clk_out1_clk_wiz_0  {rise@0.000ns fall@6.176ns period=12.353ns})
  Destination:            rv64im72f_6sp/ex_ex2_register/EX2_alu_result_reg[5]_rep__12/D
                            (rising edge-triggered cell FDRE clocked by clk_out1_clk_wiz_0  {rise@0.000ns fall@6.176ns period=12.353ns})
  Path Group:             clk_out1_clk_wiz_0
  Path Type:              Setup (Max at Slow Process Corner)
  Requirement:            12.353ns  (clk_out1_clk_wiz_0 rise@12.353ns - clk_out1_clk_wiz_0 rise@0.000ns)
  Data Path Delay:        11.888ns  (logic 1.944ns (16.352%)  route 9.944ns (83.648%))
  Logic Levels:           12  (LUT3=1 LUT4=1 LUT5=1 LUT6=9)
  Clock Path Skew:        -0.395ns (DCD - SCD + CPR)
    Destination Clock Delay (DCD):    -1.549ns = ( 10.804 - 12.353 ) 
    Source Clock Delay      (SCD):    -1.629ns
    Clock Pessimism Removal (CPR):    -0.475ns
  Clock Uncertainty:      0.094ns  ((TSJ^2 + DJ^2)^1/2) / 2 + PE
    Total System Jitter     (TSJ):    0.071ns
    Discrete Jitter          (DJ):    0.174ns
    Phase Error              (PE):    0.000ns

    Pin Reuse     Location             Delay type                Incr(ns)  Path(ns)    Netlist Resource(s)
  ---------------------------------------------------------------------------------    -------------------
                                       (clock clk_out1_clk_wiz_0 rise edge)
                                                                    0.000     0.000 r  
                  R4                                                0.000     0.000 r  clk (IN)
                                       net (fo=0)                   0.000     0.000    clk_gen/inst/clk_in1
                  R4                                                                r  clk_gen/inst/clkin1_ibufg/I
                  R4                   IBUF (Prop_ibuf_I_O)         1.475     1.475 r  clk_gen/inst/clkin1_ibufg/O
                                       net (fo=1, routed)           1.253     2.728    clk_gen/inst/clk_in1_clk_wiz_0
                  PLLE2_ADV_X1Y2                                                    r  clk_gen/inst/plle2_adv_inst/CLKIN1
                  PLLE2_ADV_X1Y2       PLLE2_ADV (Prop_plle2_adv_CLKIN1_CLKOUT0)
                                                                   -8.953    -6.225 r  clk_gen/inst/plle2_adv_inst/CLKOUT0
                                       net (fo=1, routed)           1.802    -4.422    clk_gen/inst/clk_out1_clk_wiz_0
                  BUFGCTRL_X0Y14                                                    r  clk_gen/inst/clkout1_buf_replica_1/I
                  BUFGCTRL_X0Y14       BUFG (Prop_bufg_I_O)         0.096    -4.326 r  clk_gen/inst/clkout1_buf_replica_1/O
                                       net (fo=7, routed)           0.140    -4.186    clk_gen/inst/clk_out1_repN_1
                  BUFGCTRL_X0Y15                                                    r  clk_gen/inst/clkout1_buf_replica/I
                  BUFGCTRL_X0Y15       BUFG (Prop_bufg_I_O)         0.096    -4.090 r  clk_gen/inst/clkout1_buf_replica/O
                                       net (fo=4, routed)           0.154    -3.936    clk_gen/inst/clk_out1_repN
                  BUFGCTRL_X0Y0                                                     r  clk_gen/inst/clkout1_buf/I
                  BUFGCTRL_X0Y0        BUFG (Prop_bufg_I_O)         0.096    -3.840 r  clk_gen/inst/clkout1_buf/O
                                       net (fo=4403, routed)        2.211    -1.629    rv64im72f_6sp/ex_ex2_register/clk_out1
                  SLICE_X3Y49          FDRE                                         r  rv64im72f_6sp/ex_ex2_register/EX2_rd_reg[1]/C
  ---------------------------------------------------------------------------------    -------------------
    Placement     SLICE_X3Y49          FDRE (Prop_fdre_C_Q)         0.456    -1.173 f  rv64im72f_6sp/ex_ex2_register/EX2_rd_reg[1]/Q
                                       net (fo=4, routed)           0.834    -0.339    rv64im72f_6sp/ex_ex2_register/EX2_rd_reg[4]_0[1]
    Placement     SLICE_X3Y51                                                       f  rv64im72f_6sp/ex_ex2_register/pc_stall0_i_10/I2
    Placement     SLICE_X3Y51          LUT5 (Prop_lut5_I2_O)        0.124    -0.215 r  rv64im72f_6sp/ex_ex2_register/pc_stall0_i_10/O
                                       net (fo=2, routed)           0.721     0.506    rv64im72f_6sp/id_ex_register/dividend_reg[31]_i_9
    Placement     SLICE_X4Y51                                                       r  rv64im72f_6sp/id_ex_register/pc_stall0_i_8/I5
    Placement     SLICE_X4Y51          LUT6 (Prop_lut6_I5_O)        0.124     0.630 r  rv64im72f_6sp/id_ex_register/pc_stall0_i_8/O
                                       net (fo=2, routed)           0.320     0.950    rv64im72f_6sp/ex_ex2_register/dividend_reg[31]_i_6
    Placement     SLICE_X4Y53                                                       r  rv64im72f_6sp/ex_ex2_register/dividend_reg[31]_i_9/I2
    Placement     SLICE_X4Y53          LUT3 (Prop_lut3_I2_O)        0.124     1.074 f  rv64im72f_6sp/ex_ex2_register/dividend_reg[31]_i_9/O
                                       net (fo=5, routed)           0.338     1.412    rv64im72f_6sp/forward_unit/hazard_ex2[0]
    Placement     SLICE_X6Y53                                                       f  rv64im72f_6sp/forward_unit/dividend_reg[31]_i_4/I0
    Placement     SLICE_X6Y53          LUT4 (Prop_lut4_I0_O)        0.124     1.536 r  rv64im72f_6sp/forward_unit/dividend_reg[31]_i_4/O
                                       net (fo=144, routed)         0.788     2.324    rv64im72f_6sp/ex_ex2_register/alu_forward_source_select_a[1]
    New           SLICE_X9Y52                                                       r  rv64im72f_6sp/ex_ex2_register/dividend_reg[31]_i_14_comp/I4
    New           SLICE_X9Y52          LUT6 (Prop_lut6_I4_O)        0.124     2.448 f  rv64im72f_6sp/ex_ex2_register/dividend_reg[31]_i_14_comp/O
                                       net (fo=64, routed)          1.730     4.178    rv64im72f_6sp/ex_ex2_register/EX_uses_rs1_reg
    Placement     SLICE_X25Y73                                                      f  rv64im72f_6sp/ex_ex2_register/dividend_reg[60]_i_4/I4
    Placement     SLICE_X25Y73         LUT6 (Prop_lut6_I4_O)        0.124     4.302 r  rv64im72f_6sp/ex_ex2_register/dividend_reg[60]_i_4/O
                                       net (fo=1, routed)           0.898     5.199    rv64im72f_6sp/ex_ex2_register/dividend_reg[60]_i_4_n_0
    Placement     SLICE_X27Y63                                                      r  rv64im72f_6sp/ex_ex2_register/dividend_reg[60]_i_1/I5
    Placement     SLICE_X27Y63         LUT6 (Prop_lut6_I5_O)        0.124     5.323 r  rv64im72f_6sp/ex_ex2_register/dividend_reg[60]_i_1/O
                                       net (fo=28, routed)          1.084     6.408    rv64im72f_6sp/ex_ex2_register/src_A[60]
    Moved         SLICE_X29Y59                                                      r  rv64im72f_6sp/ex_ex2_register/EX2_alu_result[12]_i_18/I0
    Moved         SLICE_X29Y59         LUT6 (Prop_lut6_I0_O)        0.124     6.532 r  rv64im72f_6sp/ex_ex2_register/EX2_alu_result[12]_i_18/O
                                       net (fo=7, routed)           0.823     7.355    rv64im72f_6sp/ex_ex2_register/EX2_alu_result[12]_i_18_n_0
    Placement     SLICE_X30Y58                                                      r  rv64im72f_6sp/ex_ex2_register/EX2_alu_result[8]_i_13/I1
    Placement     SLICE_X30Y58         LUT6 (Prop_lut6_I1_O)        0.124     7.479 r  rv64im72f_6sp/ex_ex2_register/EX2_alu_result[8]_i_13/O
                                       net (fo=4, routed)           1.194     8.672    rv64im72f_6sp/ex_ex2_register/EX2_alu_result[8]_i_13_n_0
    Moved         SLICE_X41Y52                                                      r  rv64im72f_6sp/ex_ex2_register/EX2_alu_result[5]_i_6/I0
    Moved         SLICE_X41Y52         LUT6 (Prop_lut6_I0_O)        0.124     8.796 r  rv64im72f_6sp/ex_ex2_register/EX2_alu_result[5]_i_6/O
                                       net (fo=9, routed)           0.338     9.134    rv64im72f_6sp/id_ex_register/EX2_alu_result_reg[31][4]
    New           SLICE_X41Y51                                                      r  rv64im72f_6sp/id_ex_register/EX2_alu_result[5]_i_2_comp_15/I5
    New           SLICE_X41Y51         LUT6 (Prop_lut6_I5_O)        0.124     9.258 r  rv64im72f_6sp/id_ex_register/EX2_alu_result[5]_i_2_comp_15/O
                                       net (fo=1, routed)           0.877    10.136    rv64im72f_6sp/id_ex_register/EX2_alu_result[5]_i_2_n_0_repN_15
    New           SLICE_X41Y58                                                      r  rv64im72f_6sp/id_ex_register/EX2_alu_result[5]_rep__12_i_1_comp/I5
    New           SLICE_X41Y58         LUT6 (Prop_lut6_I5_O)        0.124    10.260 r  rv64im72f_6sp/id_ex_register/EX2_alu_result[5]_rep__12_i_1_comp/O
                                       net (fo=1, routed)           0.000    10.260    rv64im72f_6sp/ex_ex2_register/EX2_alu_result_reg[5]_rep__12_0
    Routing       SLICE_X41Y58         FDRE                                         r  rv64im72f_6sp/ex_ex2_register/EX2_alu_result_reg[5]_rep__12/D
  ---------------------------------------------------------------------------------    -------------------

                                       (clock clk_out1_clk_wiz_0 rise edge)
                                                                   12.353    12.353 r  
                  R4                                                0.000    12.353 r  clk (IN)
                                       net (fo=0)                   0.000    12.353    clk_gen/inst/clk_in1
                  R4                                                                r  clk_gen/inst/clkin1_ibufg/I
                  R4                   IBUF (Prop_ibuf_I_O)         1.405    13.758 r  clk_gen/inst/clkin1_ibufg/O
                                       net (fo=1, routed)           1.181    14.938    clk_gen/inst/clk_in1_clk_wiz_0
                  PLLE2_ADV_X1Y2                                                    r  clk_gen/inst/plle2_adv_inst/CLKIN1
                  PLLE2_ADV_X1Y2       PLLE2_ADV (Prop_plle2_adv_CLKIN1_CLKOUT0)
                                                                   -8.206     6.733 r  clk_gen/inst/plle2_adv_inst/CLKOUT0
                                       net (fo=1, routed)           1.718     8.451    clk_gen/inst/clk_out1_clk_wiz_0
                  BUFGCTRL_X0Y14                                                    r  clk_gen/inst/clkout1_buf_replica_1/I
                  BUFGCTRL_X0Y14       BUFG (Prop_bufg_I_O)         0.091     8.542 r  clk_gen/inst/clkout1_buf_replica_1/O
                                       net (fo=7, routed)           0.133     8.675    clk_gen/inst/clk_out1_repN_1
                  BUFGCTRL_X0Y15                                                    r  clk_gen/inst/clkout1_buf_replica/I
                  BUFGCTRL_X0Y15       BUFG (Prop_bufg_I_O)         0.091     8.766 r  clk_gen/inst/clkout1_buf_replica/O
                                       net (fo=4, routed)           0.147     8.913    clk_gen/inst/clk_out1_repN
                  BUFGCTRL_X0Y0                                                     r  clk_gen/inst/clkout1_buf/I
                  BUFGCTRL_X0Y0        BUFG (Prop_bufg_I_O)         0.091     9.004 r  clk_gen/inst/clkout1_buf/O
                                       net (fo=4403, routed)        1.800    10.804    rv64im72f_6sp/ex_ex2_register/clk_out1
                  SLICE_X41Y58         FDRE                                         r  rv64im72f_6sp/ex_ex2_register/EX2_alu_result_reg[5]_rep__12/C
                                       clock pessimism             -0.475    10.329    
                                       clock uncertainty           -0.094    10.235    
                  SLICE_X41Y58         FDRE (Setup_fdre_C_D)        0.032    10.267    rv64im72f_6sp/ex_ex2_register/EX2_alu_result_reg[5]_rep__12
  ---------------------------------------------------------------------------------
                                       required time                         10.267    
                                       arrival time                         -10.260    
  ---------------------------------------------------------------------------------
                                       slack                                  0.007    





Min Delay Paths
--------------------------------------------------------------------------------------
Slack (MET) :             0.151ns  (arrival time - required time)
  Source:                 rv64im72f_6sp/alu/divider_dword/dividend_reg_reg[59]/C
                            (rising edge-triggered cell FDCE clocked by clk_out1_clk_wiz_0  {rise@0.000ns fall@6.176ns period=12.353ns})
  Destination:            rv64im72f_6sp/alu/divider_dword/remainder_quotient_reg[59]/D
                            (rising edge-triggered cell FDCE clocked by clk_out1_clk_wiz_0  {rise@0.000ns fall@6.176ns period=12.353ns})
  Path Group:             clk_out1_clk_wiz_0
  Path Type:              Hold (Min at Fast Process Corner)
  Requirement:            0.000ns  (clk_out1_clk_wiz_0 rise@0.000ns - clk_out1_clk_wiz_0 rise@0.000ns)
  Data Path Delay:        0.256ns  (logic 0.186ns (72.764%)  route 0.070ns (27.236%))
  Logic Levels:           1  (LUT6=1)
  Clock Path Skew:        0.013ns (DCD - SCD - CPR)
    Destination Clock Delay (DCD):    -0.206ns
    Source Clock Delay      (SCD):    -0.447ns
    Clock Pessimism Removal (CPR):    0.228ns

    Pin Reuse     Location             Delay type                Incr(ns)  Path(ns)    Netlist Resource(s)
  ---------------------------------------------------------------------------------    -------------------
                                       (clock clk_out1_clk_wiz_0 rise edge)
                                                                    0.000     0.000 r  
                  R4                                                0.000     0.000 r  clk (IN)
                                       net (fo=0)                   0.000     0.000    clk_gen/inst/clk_in1
                  R4                                                                r  clk_gen/inst/clkin1_ibufg/I
                  R4                   IBUF (Prop_ibuf_I_O)         0.243     0.243 r  clk_gen/inst/clkin1_ibufg/O
                                       net (fo=1, routed)           0.440     0.683    clk_gen/inst/clk_in1_clk_wiz_0
                  PLLE2_ADV_X1Y2                                                    r  clk_gen/inst/plle2_adv_inst/CLKIN1
                  PLLE2_ADV_X1Y2       PLLE2_ADV (Prop_plle2_adv_CLKIN1_CLKOUT0)
                                                                   -2.503    -1.819 r  clk_gen/inst/plle2_adv_inst/CLKOUT0
                                       net (fo=1, routed)           0.546    -1.273    clk_gen/inst/clk_out1_clk_wiz_0
                  BUFGCTRL_X0Y14                                                    r  clk_gen/inst/clkout1_buf_replica_1/I
                  BUFGCTRL_X0Y14       BUFG (Prop_bufg_I_O)         0.026    -1.247 r  clk_gen/inst/clkout1_buf_replica_1/O
                                       net (fo=7, routed)           0.030    -1.217    clk_gen/inst/clk_out1_repN_1
                  BUFGCTRL_X0Y15                                                    r  clk_gen/inst/clkout1_buf_replica/I
                  BUFGCTRL_X0Y15       BUFG (Prop_bufg_I_O)         0.026    -1.191 r  clk_gen/inst/clkout1_buf_replica/O
                                       net (fo=4, routed)           0.042    -1.149    clk_gen/inst/clk_out1_repN
                  BUFGCTRL_X0Y0                                                     r  clk_gen/inst/clkout1_buf/I
                  BUFGCTRL_X0Y0        BUFG (Prop_bufg_I_O)         0.026    -1.123 r  clk_gen/inst/clkout1_buf/O
                                       net (fo=4403, routed)        0.676    -0.447    rv64im72f_6sp/alu/divider_dword/clk_out1
                  SLICE_X31Y78         FDCE                                         r  rv64im72f_6sp/alu/divider_dword/dividend_reg_reg[59]/C
  ---------------------------------------------------------------------------------    -------------------
    Placement     SLICE_X31Y78         FDCE (Prop_fdce_C_Q)         0.141    -0.306 r  rv64im72f_6sp/alu/divider_dword/dividend_reg_reg[59]/Q
                                       net (fo=4, routed)           0.070    -0.237    rv64im72f_6sp/alu/divider_dword/dividend_reg_reg_n_0_[59]
    Placement     SLICE_X30Y78                                                      r  rv64im72f_6sp/alu/divider_dword/remainder_quotient[59]_i_1__0/I2
    Routing       SLICE_X30Y78         LUT6 (Prop_lut6_I2_O)        0.045    -0.192 r  rv64im72f_6sp/alu/divider_dword/remainder_quotient[59]_i_1__0/O
                                       net (fo=1, routed)           0.000    -0.192    rv64im72f_6sp/alu/divider_dword/remainder_quotient[59]
    Routing       SLICE_X30Y78         FDCE                                         r  rv64im72f_6sp/alu/divider_dword/remainder_quotient_reg[59]/D
  ---------------------------------------------------------------------------------    -------------------

                                       (clock clk_out1_clk_wiz_0 rise edge)
                                                                    0.000     0.000 r  
                  R4                                                0.000     0.000 r  clk (IN)
                                       net (fo=0)                   0.000     0.000    clk_gen/inst/clk_in1
                  R4                                                                r  clk_gen/inst/clkin1_ibufg/I
                  R4                   IBUF (Prop_ibuf_I_O)         0.431     0.431 r  clk_gen/inst/clkin1_ibufg/O
                                       net (fo=1, routed)           0.481     0.912    clk_gen/inst/clk_in1_clk_wiz_0
                  PLLE2_ADV_X1Y2                                                    r  clk_gen/inst/plle2_adv_inst/CLKIN1
                  PLLE2_ADV_X1Y2       PLLE2_ADV (Prop_plle2_adv_CLKIN1_CLKOUT0)
                                                                   -2.828    -1.916 r  clk_gen/inst/plle2_adv_inst/CLKOUT0
                                       net (fo=1, routed)           0.595    -1.322    clk_gen/inst/clk_out1_clk_wiz_0
                  BUFGCTRL_X0Y14                                                    r  clk_gen/inst/clkout1_buf_replica_1/I
                  BUFGCTRL_X0Y14       BUFG (Prop_bufg_I_O)         0.029    -1.293 r  clk_gen/inst/clkout1_buf_replica_1/O
                                       net (fo=7, routed)           0.033    -1.260    clk_gen/inst/clk_out1_repN_1
                  BUFGCTRL_X0Y15                                                    r  clk_gen/inst/clkout1_buf_replica/I
                  BUFGCTRL_X0Y15       BUFG (Prop_bufg_I_O)         0.029    -1.231 r  clk_gen/inst/clkout1_buf_replica/O
                                       net (fo=4, routed)           0.046    -1.185    clk_gen/inst/clk_out1_repN
                  BUFGCTRL_X0Y0                                                     r  clk_gen/inst/clkout1_buf/I
                  BUFGCTRL_X0Y0        BUFG (Prop_bufg_I_O)         0.029    -1.156 r  clk_gen/inst/clkout1_buf/O
                                       net (fo=4403, routed)        0.950    -0.206    rv64im72f_6sp/alu/divider_dword/clk_out1
                  SLICE_X30Y78         FDCE                                         r  rv64im72f_6sp/alu/divider_dword/remainder_quotient_reg[59]/C
                                       clock pessimism             -0.228    -0.434    
                  SLICE_X30Y78         FDCE (Hold_fdce_C_D)         0.092    -0.342    rv64im72f_6sp/alu/divider_dword/remainder_quotient_reg[59]
  ---------------------------------------------------------------------------------
                                       required time                          0.342    
                                       arrival time                          -0.192    
  ---------------------------------------------------------------------------------
                                       slack                                  0.151    





Pulse Width Checks
--------------------------------------------------------------------------------------
Clock Name:         clk_out1_clk_wiz_0
Waveform(ns):       { 0.000 6.176 }
Period(ns):         12.353
Sources:            { clk_gen/inst/plle2_adv_inst/CLKOUT0 }

Check Type        Corner  Lib Pin             Reference Pin  Required(ns)  Actual(ns)  Slack(ns)  Location        Pin
Min Period        n/a     RAMB36E1/CLKARDCLK  n/a            2.944         12.353      9.409      RAMB36_X2Y11    rv64im72f_6sp/data_memory/memory_bank0_reg_0/CLKARDCLK
Max Period        n/a     PLLE2_ADV/CLKOUT0   n/a            160.000       12.353      147.647    PLLE2_ADV_X1Y2  clk_gen/inst/plle2_adv_inst/CLKOUT0
Low Pulse Width   Slow    RAMD32/CLK          n/a            1.250         6.176       4.926      SLICE_X14Y47    rv64im72f_6sp/register_file/registers_reg_r1_0_31_0_5/RAMA/CLK
High Pulse Width  Slow    RAMD32/CLK          n/a            1.250         6.176       4.926      SLICE_X14Y47    rv64im72f_6sp/register_file/registers_reg_r1_0_31_0_5/RAMA/CLK



---------------------------------------------------------------------------------------------------
From Clock:  clkfbout_clk_wiz_0
  To Clock:  clkfbout_clk_wiz_0

Setup :           NA  Failing Endpoints,  Worst Slack           NA  ,  Total Violation           NA
Hold  :           NA  Failing Endpoints,  Worst Slack           NA  ,  Total Violation           NA
PW    :            0  Failing Endpoints,  Worst Slack       22.633ns,  Total Violation        0.000ns
---------------------------------------------------------------------------------------------------


Pulse Width Checks
--------------------------------------------------------------------------------------
Clock Name:         clkfbout_clk_wiz_0
Waveform(ns):       { 0.000 15.000 }
Period(ns):         30.000
Sources:            { clk_gen/inst/plle2_adv_inst/CLKFBOUT }

Check Type  Corner  Lib Pin            Reference Pin  Required(ns)  Actual(ns)  Slack(ns)  Location        Pin
Min Period  n/a     BUFG/I             n/a            2.155         30.000      27.845     BUFGCTRL_X0Y1   clk_gen/inst/clkf_buf/I
Max Period  n/a     PLLE2_ADV/CLKFBIN  n/a            52.633        30.000      22.633     PLLE2_ADV_X1Y2  clk_gen/inst/plle2_adv_inst/CLKFBIN



---------------------------------------------------------------------------------------------------
From Clock:  sys_clk_pin
  To Clock:  sys_clk_pin

Setup :           NA  Failing Endpoints,  Worst Slack           NA  ,  Total Violation           NA
Hold  :           NA  Failing Endpoints,  Worst Slack           NA  ,  Total Violation           NA
PW    :            0  Failing Endpoints,  Worst Slack        3.000ns,  Total Violation        0.000ns
---------------------------------------------------------------------------------------------------


Pulse Width Checks
--------------------------------------------------------------------------------------
Clock Name:         sys_clk_pin
Waveform(ns):       { 0.000 5.000 }
Period(ns):         10.000
Sources:            { clk }

Check Type        Corner  Lib Pin           Reference Pin  Required(ns)  Actual(ns)  Slack(ns)  Location        Pin
Min Period        n/a     PLLE2_ADV/CLKIN1  n/a            1.249         10.000      8.751      PLLE2_ADV_X1Y2  clk_gen/inst/plle2_adv_inst/CLKIN1
Max Period        n/a     PLLE2_ADV/CLKIN1  n/a            52.633        10.000      42.633     PLLE2_ADV_X1Y2  clk_gen/inst/plle2_adv_inst/CLKIN1
Low Pulse Width   Slow    PLLE2_ADV/CLKIN1  n/a            2.000         5.000       3.000      PLLE2_ADV_X1Y2  clk_gen/inst/plle2_adv_inst/CLKIN1
High Pulse Width  Slow    PLLE2_ADV/CLKIN1  n/a            2.000         5.000       3.000      PLLE2_ADV_X1Y2  clk_gen/inst/plle2_adv_inst/CLKIN1



---------------------------------------------------------------------------------------------------
From Clock:  clk_out1_clk_wiz_0_1
  To Clock:  clk_out1_clk_wiz_0_1

Setup :            0  Failing Endpoints,  Worst Slack        0.010ns,  Total Violation        0.000ns
Hold  :            0  Failing Endpoints,  Worst Slack        0.151ns,  Total Violation        0.000ns
PW    :            0  Failing Endpoints,  Worst Slack        4.926ns,  Total Violation        0.000ns
---------------------------------------------------------------------------------------------------


Max Delay Paths
--------------------------------------------------------------------------------------
Slack (MET) :             0.010ns  (required time - arrival time)
  Source:                 rv64im72f_6sp/ex_ex2_register/EX2_rd_reg[1]/C
                            (rising edge-triggered cell FDRE clocked by clk_out1_clk_wiz_0_1  {rise@0.000ns fall@6.176ns period=12.353ns})
  Destination:            rv64im72f_6sp/ex_ex2_register/EX2_alu_result_reg[5]_rep__12/D
                            (rising edge-triggered cell FDRE clocked by clk_out1_clk_wiz_0_1  {rise@0.000ns fall@6.176ns period=12.353ns})
  Path Group:             clk_out1_clk_wiz_0_1
  Path Type:              Setup (Max at Slow Process Corner)
  Requirement:            12.353ns  (clk_out1_clk_wiz_0_1 rise@12.353ns - clk_out1_clk_wiz_0_1 rise@0.000ns)
  Data Path Delay:        11.888ns  (logic 1.944ns (16.352%)  route 9.944ns (83.648%))
  Logic Levels:           12  (LUT3=1 LUT4=1 LUT5=1 LUT6=9)
  Clock Path Skew:        -0.395ns (DCD - SCD + CPR)
    Destination Clock Delay (DCD):    -1.549ns = ( 10.804 - 12.353 ) 
    Source Clock Delay      (SCD):    -1.629ns
    Clock Pessimism Removal (CPR):    -0.475ns
  Clock Uncertainty:      0.092ns  ((TSJ^2 + DJ^2)^1/2) / 2 + PE
    Total System Jitter     (TSJ):    0.071ns
    Discrete Jitter          (DJ):    0.170ns
    Phase Error              (PE):    0.000ns

    Pin Reuse     Location             Delay type                Incr(ns)  Path(ns)    Netlist Resource(s)
  ---------------------------------------------------------------------------------    -------------------
                                       (clock clk_out1_clk_wiz_0_1 rise edge)
                                                                    0.000     0.000 r  
                  R4                                                0.000     0.000 r  clk (IN)
                                       net (fo=0)                   0.000     0.000    clk_gen/inst/clk_in1
                  R4                                                                r  clk_gen/inst/clkin1_ibufg/I
                  R4                   IBUF (Prop_ibuf_I_O)         1.475     1.475 r  clk_gen/inst/clkin1_ibufg/O
                                       net (fo=1, routed)           1.253     2.728    clk_gen/inst/clk_in1_clk_wiz_0
                  PLLE2_ADV_X1Y2                                                    r  clk_gen/inst/plle2_adv_inst/CLKIN1
                  PLLE2_ADV_X1Y2       PLLE2_ADV (Prop_plle2_adv_CLKIN1_CLKOUT0)
                                                                   -8.953    -6.225 r  clk_gen/inst/plle2_adv_inst/CLKOUT0
                                       net (fo=1, routed)           1.802    -4.422    clk_gen/inst/clk_out1_clk_wiz_0
                  BUFGCTRL_X0Y14                                                    r  clk_gen/inst/clkout1_buf_replica_1/I
                  BUFGCTRL_X0Y14       BUFG (Prop_bufg_I_O)         0.096    -4.326 r  clk_gen/inst/clkout1_buf_replica_1/O
                                       net (fo=7, routed)           0.140    -4.186    clk_gen/inst/clk_out1_repN_1
                  BUFGCTRL_X0Y15                                                    r  clk_gen/inst/clkout1_buf_replica/I
                  BUFGCTRL_X0Y15       BUFG (Prop_bufg_I_O)         0.096    -4.090 r  clk_gen/inst/clkout1_buf_replica/O
                                       net (fo=4, routed)           0.154    -3.936    clk_gen/inst/clk_out1_repN
                  BUFGCTRL_X0Y0                                                     r  clk_gen/inst/clkout1_buf/I
                  BUFGCTRL_X0Y0        BUFG (Prop_bufg_I_O)         0.096    -3.840 r  clk_gen/inst/clkout1_buf/O
                                       net (fo=4403, routed)        2.211    -1.629    rv64im72f_6sp/ex_ex2_register/clk_out1
                  SLICE_X3Y49          FDRE                                         r  rv64im72f_6sp/ex_ex2_register/EX2_rd_reg[1]/C
  ---------------------------------------------------------------------------------    -------------------
    Placement     SLICE_X3Y49          FDRE (Prop_fdre_C_Q)         0.456    -1.173 f  rv64im72f_6sp/ex_ex2_register/EX2_rd_reg[1]/Q
                                       net (fo=4, routed)           0.834    -0.339    rv64im72f_6sp/ex_ex2_register/EX2_rd_reg[4]_0[1]
    Placement     SLICE_X3Y51                                                       f  rv64im72f_6sp/ex_ex2_register/pc_stall0_i_10/I2
    Placement     SLICE_X3Y51          LUT5 (Prop_lut5_I2_O)        0.124    -0.215 r  rv64im72f_6sp/ex_ex2_register/pc_stall0_i_10/O
                                       net (fo=2, routed)           0.721     0.506    rv64im72f_6sp/id_ex_register/dividend_reg[31]_i_9
    Placement     SLICE_X4Y51                                                       r  rv64im72f_6sp/id_ex_register/pc_stall0_i_8/I5
    Placement     SLICE_X4Y51          LUT6 (Prop_lut6_I5_O)        0.124     0.630 r  rv64im72f_6sp/id_ex_register/pc_stall0_i_8/O
                                       net (fo=2, routed)           0.320     0.950    rv64im72f_6sp/ex_ex2_register/dividend_reg[31]_i_6
    Placement     SLICE_X4Y53                                                       r  rv64im72f_6sp/ex_ex2_register/dividend_reg[31]_i_9/I2
    Placement     SLICE_X4Y53          LUT3 (Prop_lut3_I2_O)        0.124     1.074 f  rv64im72f_6sp/ex_ex2_register/dividend_reg[31]_i_9/O
                                       net (fo=5, routed)           0.338     1.412    rv64im72f_6sp/forward_unit/hazard_ex2[0]
    Placement     SLICE_X6Y53                                                       f  rv64im72f_6sp/forward_unit/dividend_reg[31]_i_4/I0
    Placement     SLICE_X6Y53          LUT4 (Prop_lut4_I0_O)        0.124     1.536 r  rv64im72f_6sp/forward_unit/dividend_reg[31]_i_4/O
                                       net (fo=144, routed)         0.788     2.324    rv64im72f_6sp/ex_ex2_register/alu_forward_source_select_a[1]
    New           SLICE_X9Y52                                                       r  rv64im72f_6sp/ex_ex2_register/dividend_reg[31]_i_14_comp/I4
    New           SLICE_X9Y52          LUT6 (Prop_lut6_I4_O)        0.124     2.448 f  rv64im72f_6sp/ex_ex2_register/dividend_reg[31]_i_14_comp/O
                                       net (fo=64, routed)          1.730     4.178    rv64im72f_6sp/ex_ex2_register/EX_uses_rs1_reg
    Placement     SLICE_X25Y73                                                      f  rv64im72f_6sp/ex_ex2_register/dividend_reg[60]_i_4/I4
    Placement     SLICE_X25Y73         LUT6 (Prop_lut6_I4_O)        0.124     4.302 r  rv64im72f_6sp/ex_ex2_register/dividend_reg[60]_i_4/O
                                       net (fo=1, routed)           0.898     5.199    rv64im72f_6sp/ex_ex2_register/dividend_reg[60]_i_4_n_0
    Placement     SLICE_X27Y63                                                      r  rv64im72f_6sp/ex_ex2_register/dividend_reg[60]_i_1/I5
    Placement     SLICE_X27Y63         LUT6 (Prop_lut6_I5_O)        0.124     5.323 r  rv64im72f_6sp/ex_ex2_register/dividend_reg[60]_i_1/O
                                       net (fo=28, routed)          1.084     6.408    rv64im72f_6sp/ex_ex2_register/src_A[60]
    Moved         SLICE_X29Y59                                                      r  rv64im72f_6sp/ex_ex2_register/EX2_alu_result[12]_i_18/I0
    Moved         SLICE_X29Y59         LUT6 (Prop_lut6_I0_O)        0.124     6.532 r  rv64im72f_6sp/ex_ex2_register/EX2_alu_result[12]_i_18/O
                                       net (fo=7, routed)           0.823     7.355    rv64im72f_6sp/ex_ex2_register/EX2_alu_result[12]_i_18_n_0
    Placement     SLICE_X30Y58                                                      r  rv64im72f_6sp/ex_ex2_register/EX2_alu_result[8]_i_13/I1
    Placement     SLICE_X30Y58         LUT6 (Prop_lut6_I1_O)        0.124     7.479 r  rv64im72f_6sp/ex_ex2_register/EX2_alu_result[8]_i_13/O
                                       net (fo=4, routed)           1.194     8.672    rv64im72f_6sp/ex_ex2_register/EX2_alu_result[8]_i_13_n_0
    Moved         SLICE_X41Y52                                                      r  rv64im72f_6sp/ex_ex2_register/EX2_alu_result[5]_i_6/I0
    Moved         SLICE_X41Y52         LUT6 (Prop_lut6_I0_O)        0.124     8.796 r  rv64im72f_6sp/ex_ex2_register/EX2_alu_result[5]_i_6/O
                                       net (fo=9, routed)           0.338     9.134    rv64im72f_6sp/id_ex_register/EX2_alu_result_reg[31][4]
    New           SLICE_X41Y51                                                      r  rv64im72f_6sp/id_ex_register/EX2_alu_result[5]_i_2_comp_15/I5
    New           SLICE_X41Y51         LUT6 (Prop_lut6_I5_O)        0.124     9.258 r  rv64im72f_6sp/id_ex_register/EX2_alu_result[5]_i_2_comp_15/O
                                       net (fo=1, routed)           0.877    10.136    rv64im72f_6sp/id_ex_register/EX2_alu_result[5]_i_2_n_0_repN_15
    New           SLICE_X41Y58                                                      r  rv64im72f_6sp/id_ex_register/EX2_alu_result[5]_rep__12_i_1_comp/I5
    New           SLICE_X41Y58         LUT6 (Prop_lut6_I5_O)        0.124    10.260 r  rv64im72f_6sp/id_ex_register/EX2_alu_result[5]_rep__12_i_1_comp/O
                                       net (fo=1, routed)           0.000    10.260    rv64im72f_6sp/ex_ex2_register/EX2_alu_result_reg[5]_rep__12_0
    Routing       SLICE_X41Y58         FDRE                                         r  rv64im72f_6sp/ex_ex2_register/EX2_alu_result_reg[5]_rep__12/D
  ---------------------------------------------------------------------------------    -------------------

                                       (clock clk_out1_clk_wiz_0_1 rise edge)
                                                                   12.353    12.353 r  
                  R4                                                0.000    12.353 r  clk (IN)
                                       net (fo=0)                   0.000    12.353    clk_gen/inst/clk_in1
                  R4                                                                r  clk_gen/inst/clkin1_ibufg/I
                  R4                   IBUF (Prop_ibuf_I_O)         1.405    13.758 r  clk_gen/inst/clkin1_ibufg/O
                                       net (fo=1, routed)           1.181    14.938    clk_gen/inst/clk_in1_clk_wiz_0
                  PLLE2_ADV_X1Y2                                                    r  clk_gen/inst/plle2_adv_inst/CLKIN1
                  PLLE2_ADV_X1Y2       PLLE2_ADV (Prop_plle2_adv_CLKIN1_CLKOUT0)
                                                                   -8.206     6.733 r  clk_gen/inst/plle2_adv_inst/CLKOUT0
                                       net (fo=1, routed)           1.718     8.451    clk_gen/inst/clk_out1_clk_wiz_0
                  BUFGCTRL_X0Y14                                                    r  clk_gen/inst/clkout1_buf_replica_1/I
                  BUFGCTRL_X0Y14       BUFG (Prop_bufg_I_O)         0.091     8.542 r  clk_gen/inst/clkout1_buf_replica_1/O
                                       net (fo=7, routed)           0.133     8.675    clk_gen/inst/clk_out1_repN_1
                  BUFGCTRL_X0Y15                                                    r  clk_gen/inst/clkout1_buf_replica/I
                  BUFGCTRL_X0Y15       BUFG (Prop_bufg_I_O)         0.091     8.766 r  clk_gen/inst/clkout1_buf_replica/O
                                       net (fo=4, routed)           0.147     8.913    clk_gen/inst/clk_out1_repN
                  BUFGCTRL_X0Y0                                                     r  clk_gen/inst/clkout1_buf/I
                  BUFGCTRL_X0Y0        BUFG (Prop_bufg_I_O)         0.091     9.004 r  clk_gen/inst/clkout1_buf/O
                                       net (fo=4403, routed)        1.800    10.804    rv64im72f_6sp/ex_ex2_register/clk_out1
                  SLICE_X41Y58         FDRE                                         r  rv64im72f_6sp/ex_ex2_register/EX2_alu_result_reg[5]_rep__12/C
                                       clock pessimism             -0.475    10.329    
                                       clock uncertainty           -0.092    10.237    
                  SLICE_X41Y58         FDRE (Setup_fdre_C_D)        0.032    10.269    rv64im72f_6sp/ex_ex2_register/EX2_alu_result_reg[5]_rep__12
  ---------------------------------------------------------------------------------
                                       required time                         10.269    
                                       arrival time                         -10.260    
  ---------------------------------------------------------------------------------
                                       slack                                  0.010    





Min Delay Paths
--------------------------------------------------------------------------------------
Slack (MET) :             0.151ns  (arrival time - required time)
  Source:                 rv64im72f_6sp/alu/divider_dword/dividend_reg_reg[59]/C
                            (rising edge-triggered cell FDCE clocked by clk_out1_clk_wiz_0_1  {rise@0.000ns fall@6.176ns period=12.353ns})
  Destination:            rv64im72f_6sp/alu/divider_dword/remainder_quotient_reg[59]/D
                            (rising edge-triggered cell FDCE clocked by clk_out1_clk_wiz_0_1  {rise@0.000ns fall@6.176ns period=12.353ns})
  Path Group:             clk_out1_clk_wiz_0_1
  Path Type:              Hold (Min at Fast Process Corner)
  Requirement:            0.000ns  (clk_out1_clk_wiz_0_1 rise@0.000ns - clk_out1_clk_wiz_0_1 rise@0.000ns)
  Data Path Delay:        0.256ns  (logic 0.186ns (72.764%)  route 0.070ns (27.236%))
  Logic Levels:           1  (LUT6=1)
  Clock Path Skew:        0.013ns (DCD - SCD - CPR)
    Destination Clock Delay (DCD):    -0.206ns
    Source Clock Delay      (SCD):    -0.447ns
    Clock Pessimism Removal (CPR):    0.228ns

    Pin Reuse     Location             Delay type                Incr(ns)  Path(ns)    Netlist Resource(s)
  ---------------------------------------------------------------------------------    -------------------
                                       (clock clk_out1_clk_wiz_0_1 rise edge)
                                                                    0.000     0.000 r  
                  R4                                                0.000     0.000 r  clk (IN)
                                       net (fo=0)                   0.000     0.000    clk_gen/inst/clk_in1
                  R4                                                                r  clk_gen/inst/clkin1_ibufg/I
                  R4                   IBUF (Prop_ibuf_I_O)         0.243     0.243 r  clk_gen/inst/clkin1_ibufg/O
                                       net (fo=1, routed)           0.440     0.683    clk_gen/inst/clk_in1_clk_wiz_0
                  PLLE2_ADV_X1Y2                                                    r  clk_gen/inst/plle2_adv_inst/CLKIN1
                  PLLE2_ADV_X1Y2       PLLE2_ADV (Prop_plle2_adv_CLKIN1_CLKOUT0)
                                                                   -2.503    -1.819 r  clk_gen/inst/plle2_adv_inst/CLKOUT0
                                       net (fo=1, routed)           0.546    -1.273    clk_gen/inst/clk_out1_clk_wiz_0
                  BUFGCTRL_X0Y14                                                    r  clk_gen/inst/clkout1_buf_replica_1/I
                  BUFGCTRL_X0Y14       BUFG (Prop_bufg_I_O)         0.026    -1.247 r  clk_gen/inst/clkout1_buf_replica_1/O
                                       net (fo=7, routed)           0.030    -1.217    clk_gen/inst/clk_out1_repN_1
                  BUFGCTRL_X0Y15                                                    r  clk_gen/inst/clkout1_buf_replica/I
                  BUFGCTRL_X0Y15       BUFG (Prop_bufg_I_O)         0.026    -1.191 r  clk_gen/inst/clkout1_buf_replica/O
                                       net (fo=4, routed)           0.042    -1.149    clk_gen/inst/clk_out1_repN
                  BUFGCTRL_X0Y0                                                     r  clk_gen/inst/clkout1_buf/I
                  BUFGCTRL_X0Y0        BUFG (Prop_bufg_I_O)         0.026    -1.123 r  clk_gen/inst/clkout1_buf/O
                                       net (fo=4403, routed)        0.676    -0.447    rv64im72f_6sp/alu/divider_dword/clk_out1
                  SLICE_X31Y78         FDCE                                         r  rv64im72f_6sp/alu/divider_dword/dividend_reg_reg[59]/C
  ---------------------------------------------------------------------------------    -------------------
    Placement     SLICE_X31Y78         FDCE (Prop_fdce_C_Q)         0.141    -0.306 r  rv64im72f_6sp/alu/divider_dword/dividend_reg_reg[59]/Q
                                       net (fo=4, routed)           0.070    -0.237    rv64im72f_6sp/alu/divider_dword/dividend_reg_reg_n_0_[59]
    Placement     SLICE_X30Y78                                                      r  rv64im72f_6sp/alu/divider_dword/remainder_quotient[59]_i_1__0/I2
    Routing       SLICE_X30Y78         LUT6 (Prop_lut6_I2_O)        0.045    -0.192 r  rv64im72f_6sp/alu/divider_dword/remainder_quotient[59]_i_1__0/O
                                       net (fo=1, routed)           0.000    -0.192    rv64im72f_6sp/alu/divider_dword/remainder_quotient[59]
    Routing       SLICE_X30Y78         FDCE                                         r  rv64im72f_6sp/alu/divider_dword/remainder_quotient_reg[59]/D
  ---------------------------------------------------------------------------------    -------------------

                                       (clock clk_out1_clk_wiz_0_1 rise edge)
                                                                    0.000     0.000 r  
                  R4                                                0.000     0.000 r  clk (IN)
                                       net (fo=0)                   0.000     0.000    clk_gen/inst/clk_in1
                  R4                                                                r  clk_gen/inst/clkin1_ibufg/I
                  R4                   IBUF (Prop_ibuf_I_O)         0.431     0.431 r  clk_gen/inst/clkin1_ibufg/O
                                       net (fo=1, routed)           0.481     0.912    clk_gen/inst/clk_in1_clk_wiz_0
                  PLLE2_ADV_X1Y2                                                    r  clk_gen/inst/plle2_adv_inst/CLKIN1
                  PLLE2_ADV_X1Y2       PLLE2_ADV (Prop_plle2_adv_CLKIN1_CLKOUT0)
                                                                   -2.828    -1.916 r  clk_gen/inst/plle2_adv_inst/CLKOUT0
                                       net (fo=1, routed)           0.595    -1.322    clk_gen/inst/clk_out1_clk_wiz_0
                  BUFGCTRL_X0Y14                                                    r  clk_gen/inst/clkout1_buf_replica_1/I
                  BUFGCTRL_X0Y14       BUFG (Prop_bufg_I_O)         0.029    -1.293 r  clk_gen/inst/clkout1_buf_replica_1/O
                                       net (fo=7, routed)           0.033    -1.260    clk_gen/inst/clk_out1_repN_1
                  BUFGCTRL_X0Y15                                                    r  clk_gen/inst/clkout1_buf_replica/I
                  BUFGCTRL_X0Y15       BUFG (Prop_bufg_I_O)         0.029    -1.231 r  clk_gen/inst/clkout1_buf_replica/O
                                       net (fo=4, routed)           0.046    -1.185    clk_gen/inst/clk_out1_repN
                  BUFGCTRL_X0Y0                                                     r  clk_gen/inst/clkout1_buf/I
                  BUFGCTRL_X0Y0        BUFG (Prop_bufg_I_O)         0.029    -1.156 r  clk_gen/inst/clkout1_buf/O
                                       net (fo=4403, routed)        0.950    -0.206    rv64im72f_6sp/alu/divider_dword/clk_out1
                  SLICE_X30Y78         FDCE                                         r  rv64im72f_6sp/alu/divider_dword/remainder_quotient_reg[59]/C
                                       clock pessimism             -0.228    -0.434    
                  SLICE_X30Y78         FDCE (Hold_fdce_C_D)         0.092    -0.342    rv64im72f_6sp/alu/divider_dword/remainder_quotient_reg[59]
  ---------------------------------------------------------------------------------
                                       required time                          0.342    
                                       arrival time                          -0.192    
  ---------------------------------------------------------------------------------
                                       slack                                  0.151    





Pulse Width Checks
--------------------------------------------------------------------------------------
Clock Name:         clk_out1_clk_wiz_0_1
Waveform(ns):       { 0.000 6.176 }
Period(ns):         12.353
Sources:            { clk_gen/inst/plle2_adv_inst/CLKOUT0 }

Check Type        Corner  Lib Pin             Reference Pin  Required(ns)  Actual(ns)  Slack(ns)  Location        Pin
Min Period        n/a     RAMB36E1/CLKARDCLK  n/a            2.944         12.353      9.409      RAMB36_X2Y11    rv64im72f_6sp/data_memory/memory_bank0_reg_0/CLKARDCLK
Max Period        n/a     PLLE2_ADV/CLKOUT0   n/a            160.000       12.353      147.647    PLLE2_ADV_X1Y2  clk_gen/inst/plle2_adv_inst/CLKOUT0
Low Pulse Width   Slow    RAMD32/CLK          n/a            1.250         6.176       4.926      SLICE_X14Y47    rv64im72f_6sp/register_file/registers_reg_r1_0_31_0_5/RAMA/CLK
High Pulse Width  Slow    RAMD32/CLK          n/a            1.250         6.176       4.926      SLICE_X14Y47    rv64im72f_6sp/register_file/registers_reg_r1_0_31_0_5/RAMA/CLK



---------------------------------------------------------------------------------------------------
From Clock:  clkfbout_clk_wiz_0_1
  To Clock:  clkfbout_clk_wiz_0_1

Setup :           NA  Failing Endpoints,  Worst Slack           NA  ,  Total Violation           NA
Hold  :           NA  Failing Endpoints,  Worst Slack           NA  ,  Total Violation           NA
PW    :            0  Failing Endpoints,  Worst Slack       22.633ns,  Total Violation        0.000ns
---------------------------------------------------------------------------------------------------


Pulse Width Checks
--------------------------------------------------------------------------------------
Clock Name:         clkfbout_clk_wiz_0_1
Waveform(ns):       { 0.000 15.000 }
Period(ns):         30.000
Sources:            { clk_gen/inst/plle2_adv_inst/CLKFBOUT }

Check Type  Corner  Lib Pin            Reference Pin  Required(ns)  Actual(ns)  Slack(ns)  Location        Pin
Min Period  n/a     BUFG/I             n/a            2.155         30.000      27.845     BUFGCTRL_X0Y1   clk_gen/inst/clkf_buf/I
Max Period  n/a     PLLE2_ADV/CLKFBIN  n/a            52.633        30.000      22.633     PLLE2_ADV_X1Y2  clk_gen/inst/plle2_adv_inst/CLKFBIN



---------------------------------------------------------------------------------------------------
From Clock:  clk_out1_clk_wiz_0_1
  To Clock:  clk_out1_clk_wiz_0

Setup :            0  Failing Endpoints,  Worst Slack        0.007ns,  Total Violation        0.000ns
Hold  :            0  Failing Endpoints,  Worst Slack        0.057ns,  Total Violation        0.000ns
---------------------------------------------------------------------------------------------------


Max Delay Paths
--------------------------------------------------------------------------------------
Slack (MET) :             0.007ns  (required time - arrival time)
  Source:                 rv64im72f_6sp/ex_ex2_register/EX2_rd_reg[1]/C
                            (rising edge-triggered cell FDRE clocked by clk_out1_clk_wiz_0_1  {rise@0.000ns fall@6.176ns period=12.353ns})
  Destination:            rv64im72f_6sp/ex_ex2_register/EX2_alu_result_reg[5]_rep__12/D
                            (rising edge-triggered cell FDRE clocked by clk_out1_clk_wiz_0  {rise@0.000ns fall@6.176ns period=12.353ns})
  Path Group:             clk_out1_clk_wiz_0
  Path Type:              Setup (Max at Slow Process Corner)
  Requirement:            12.353ns  (clk_out1_clk_wiz_0 rise@12.353ns - clk_out1_clk_wiz_0_1 rise@0.000ns)
  Data Path Delay:        11.888ns  (logic 1.944ns (16.352%)  route 9.944ns (83.648%))
  Logic Levels:           12  (LUT3=1 LUT4=1 LUT5=1 LUT6=9)
  Clock Path Skew:        -0.395ns (DCD - SCD + CPR)
    Destination Clock Delay (DCD):    -1.549ns = ( 10.804 - 12.353 ) 
    Source Clock Delay      (SCD):    -1.629ns
    Clock Pessimism Removal (CPR):    -0.475ns
  Clock Uncertainty:      0.094ns  ((TSJ^2 + DJ^2)^1/2) / 2 + PE
    Total System Jitter     (TSJ):    0.071ns
    Discrete Jitter          (DJ):    0.174ns
    Phase Error              (PE):    0.000ns
  Clock Domain Crossing:  Inter clock paths are considered valid unless explicitly excluded by timing constraints such as set_clock_groups or set_false_path.

    Pin Reuse     Location             Delay type                Incr(ns)  Path(ns)    Netlist Resource(s)
  ---------------------------------------------------------------------------------    -------------------
                                       (clock clk_out1_clk_wiz_0_1 rise edge)
                                                                    0.000     0.000 r  
                  R4                                                0.000     0.000 r  clk (IN)
                                       net (fo=0)                   0.000     0.000    clk_gen/inst/clk_in1
                  R4                                                                r  clk_gen/inst/clkin1_ibufg/I
                  R4                   IBUF (Prop_ibuf_I_O)         1.475     1.475 r  clk_gen/inst/clkin1_ibufg/O
                                       net (fo=1, routed)           1.253     2.728    clk_gen/inst/clk_in1_clk_wiz_0
                  PLLE2_ADV_X1Y2                                                    r  clk_gen/inst/plle2_adv_inst/CLKIN1
                  PLLE2_ADV_X1Y2       PLLE2_ADV (Prop_plle2_adv_CLKIN1_CLKOUT0)
                                                                   -8.953    -6.225 r  clk_gen/inst/plle2_adv_inst/CLKOUT0
                                       net (fo=1, routed)           1.802    -4.422    clk_gen/inst/clk_out1_clk_wiz_0
                  BUFGCTRL_X0Y14                                                    r  clk_gen/inst/clkout1_buf_replica_1/I
                  BUFGCTRL_X0Y14       BUFG (Prop_bufg_I_O)         0.096    -4.326 r  clk_gen/inst/clkout1_buf_replica_1/O
                                       net (fo=7, routed)           0.140    -4.186    clk_gen/inst/clk_out1_repN_1
                  BUFGCTRL_X0Y15                                                    r  clk_gen/inst/clkout1_buf_replica/I
                  BUFGCTRL_X0Y15       BUFG (Prop_bufg_I_O)         0.096    -4.090 r  clk_gen/inst/clkout1_buf_replica/O
                                       net (fo=4, routed)           0.154    -3.936    clk_gen/inst/clk_out1_repN
                  BUFGCTRL_X0Y0                                                     r  clk_gen/inst/clkout1_buf/I
                  BUFGCTRL_X0Y0        BUFG (Prop_bufg_I_O)         0.096    -3.840 r  clk_gen/inst/clkout1_buf/O
                                       net (fo=4403, routed)        2.211    -1.629    rv64im72f_6sp/ex_ex2_register/clk_out1
                  SLICE_X3Y49          FDRE                                         r  rv64im72f_6sp/ex_ex2_register/EX2_rd_reg[1]/C
  ---------------------------------------------------------------------------------    -------------------
    Placement     SLICE_X3Y49          FDRE (Prop_fdre_C_Q)         0.456    -1.173 f  rv64im72f_6sp/ex_ex2_register/EX2_rd_reg[1]/Q
                                       net (fo=4, routed)           0.834    -0.339    rv64im72f_6sp/ex_ex2_register/EX2_rd_reg[4]_0[1]
    Placement     SLICE_X3Y51                                                       f  rv64im72f_6sp/ex_ex2_register/pc_stall0_i_10/I2
    Placement     SLICE_X3Y51          LUT5 (Prop_lut5_I2_O)        0.124    -0.215 r  rv64im72f_6sp/ex_ex2_register/pc_stall0_i_10/O
                                       net (fo=2, routed)           0.721     0.506    rv64im72f_6sp/id_ex_register/dividend_reg[31]_i_9
    Placement     SLICE_X4Y51                                                       r  rv64im72f_6sp/id_ex_register/pc_stall0_i_8/I5
    Placement     SLICE_X4Y51          LUT6 (Prop_lut6_I5_O)        0.124     0.630 r  rv64im72f_6sp/id_ex_register/pc_stall0_i_8/O
                                       net (fo=2, routed)           0.320     0.950    rv64im72f_6sp/ex_ex2_register/dividend_reg[31]_i_6
    Placement     SLICE_X4Y53                                                       r  rv64im72f_6sp/ex_ex2_register/dividend_reg[31]_i_9/I2
    Placement     SLICE_X4Y53          LUT3 (Prop_lut3_I2_O)        0.124     1.074 f  rv64im72f_6sp/ex_ex2_register/dividend_reg[31]_i_9/O
                                       net (fo=5, routed)           0.338     1.412    rv64im72f_6sp/forward_unit/hazard_ex2[0]
    Placement     SLICE_X6Y53                                                       f  rv64im72f_6sp/forward_unit/dividend_reg[31]_i_4/I0
    Placement     SLICE_X6Y53          LUT4 (Prop_lut4_I0_O)        0.124     1.536 r  rv64im72f_6sp/forward_unit/dividend_reg[31]_i_4/O
                                       net (fo=144, routed)         0.788     2.324    rv64im72f_6sp/ex_ex2_register/alu_forward_source_select_a[1]
    New           SLICE_X9Y52                                                       r  rv64im72f_6sp/ex_ex2_register/dividend_reg[31]_i_14_comp/I4
    New           SLICE_X9Y52          LUT6 (Prop_lut6_I4_O)        0.124     2.448 f  rv64im72f_6sp/ex_ex2_register/dividend_reg[31]_i_14_comp/O
                                       net (fo=64, routed)          1.730     4.178    rv64im72f_6sp/ex_ex2_register/EX_uses_rs1_reg
    Placement     SLICE_X25Y73                                                      f  rv64im72f_6sp/ex_ex2_register/dividend_reg[60]_i_4/I4
    Placement     SLICE_X25Y73         LUT6 (Prop_lut6_I4_O)        0.124     4.302 r  rv64im72f_6sp/ex_ex2_register/dividend_reg[60]_i_4/O
                                       net (fo=1, routed)           0.898     5.199    rv64im72f_6sp/ex_ex2_register/dividend_reg[60]_i_4_n_0
    Placement     SLICE_X27Y63                                                      r  rv64im72f_6sp/ex_ex2_register/dividend_reg[60]_i_1/I5
    Placement     SLICE_X27Y63         LUT6 (Prop_lut6_I5_O)        0.124     5.323 r  rv64im72f_6sp/ex_ex2_register/dividend_reg[60]_i_1/O
                                       net (fo=28, routed)          1.084     6.408    rv64im72f_6sp/ex_ex2_register/src_A[60]
    Moved         SLICE_X29Y59                                                      r  rv64im72f_6sp/ex_ex2_register/EX2_alu_result[12]_i_18/I0
    Moved         SLICE_X29Y59         LUT6 (Prop_lut6_I0_O)        0.124     6.532 r  rv64im72f_6sp/ex_ex2_register/EX2_alu_result[12]_i_18/O
                                       net (fo=7, routed)           0.823     7.355    rv64im72f_6sp/ex_ex2_register/EX2_alu_result[12]_i_18_n_0
    Placement     SLICE_X30Y58                                                      r  rv64im72f_6sp/ex_ex2_register/EX2_alu_result[8]_i_13/I1
    Placement     SLICE_X30Y58         LUT6 (Prop_lut6_I1_O)        0.124     7.479 r  rv64im72f_6sp/ex_ex2_register/EX2_alu_result[8]_i_13/O
                                       net (fo=4, routed)           1.194     8.672    rv64im72f_6sp/ex_ex2_register/EX2_alu_result[8]_i_13_n_0
    Moved         SLICE_X41Y52                                                      r  rv64im72f_6sp/ex_ex2_register/EX2_alu_result[5]_i_6/I0
    Moved         SLICE_X41Y52         LUT6 (Prop_lut6_I0_O)        0.124     8.796 r  rv64im72f_6sp/ex_ex2_register/EX2_alu_result[5]_i_6/O
                                       net (fo=9, routed)           0.338     9.134    rv64im72f_6sp/id_ex_register/EX2_alu_result_reg[31][4]
    New           SLICE_X41Y51                                                      r  rv64im72f_6sp/id_ex_register/EX2_alu_result[5]_i_2_comp_15/I5
    New           SLICE_X41Y51         LUT6 (Prop_lut6_I5_O)        0.124     9.258 r  rv64im72f_6sp/id_ex_register/EX2_alu_result[5]_i_2_comp_15/O
                                       net (fo=1, routed)           0.877    10.136    rv64im72f_6sp/id_ex_register/EX2_alu_result[5]_i_2_n_0_repN_15
    New           SLICE_X41Y58                                                      r  rv64im72f_6sp/id_ex_register/EX2_alu_result[5]_rep__12_i_1_comp/I5
    New           SLICE_X41Y58         LUT6 (Prop_lut6_I5_O)        0.124    10.260 r  rv64im72f_6sp/id_ex_register/EX2_alu_result[5]_rep__12_i_1_comp/O
                                       net (fo=1, routed)           0.000    10.260    rv64im72f_6sp/ex_ex2_register/EX2_alu_result_reg[5]_rep__12_0
    Routing       SLICE_X41Y58         FDRE                                         r  rv64im72f_6sp/ex_ex2_register/EX2_alu_result_reg[5]_rep__12/D
  ---------------------------------------------------------------------------------    -------------------

                                       (clock clk_out1_clk_wiz_0 rise edge)
                                                                   12.353    12.353 r  
                  R4                                                0.000    12.353 r  clk (IN)
                                       net (fo=0)                   0.000    12.353    clk_gen/inst/clk_in1
                  R4                                                                r  clk_gen/inst/clkin1_ibufg/I
                  R4                   IBUF (Prop_ibuf_I_O)         1.405    13.758 r  clk_gen/inst/clkin1_ibufg/O
                                       net (fo=1, routed)           1.181    14.938    clk_gen/inst/clk_in1_clk_wiz_0
                  PLLE2_ADV_X1Y2                                                    r  clk_gen/inst/plle2_adv_inst/CLKIN1
                  PLLE2_ADV_X1Y2       PLLE2_ADV (Prop_plle2_adv_CLKIN1_CLKOUT0)
                                                                   -8.206     6.733 r  clk_gen/inst/plle2_adv_inst/CLKOUT0
                                       net (fo=1, routed)           1.718     8.451    clk_gen/inst/clk_out1_clk_wiz_0
                  BUFGCTRL_X0Y14                                                    r  clk_gen/inst/clkout1_buf_replica_1/I
                  BUFGCTRL_X0Y14       BUFG (Prop_bufg_I_O)         0.091     8.542 r  clk_gen/inst/clkout1_buf_replica_1/O
                                       net (fo=7, routed)           0.133     8.675    clk_gen/inst/clk_out1_repN_1
                  BUFGCTRL_X0Y15                                                    r  clk_gen/inst/clkout1_buf_replica/I
                  BUFGCTRL_X0Y15       BUFG (Prop_bufg_I_O)         0.091     8.766 r  clk_gen/inst/clkout1_buf_replica/O
                                       net (fo=4, routed)           0.147     8.913    clk_gen/inst/clk_out1_repN
                  BUFGCTRL_X0Y0                                                     r  clk_gen/inst/clkout1_buf/I
                  BUFGCTRL_X0Y0        BUFG (Prop_bufg_I_O)         0.091     9.004 r  clk_gen/inst/clkout1_buf/O
                                       net (fo=4403, routed)        1.800    10.804    rv64im72f_6sp/ex_ex2_register/clk_out1
                  SLICE_X41Y58         FDRE                                         r  rv64im72f_6sp/ex_ex2_register/EX2_alu_result_reg[5]_rep__12/C
                                       clock pessimism             -0.475    10.329    
                                       clock uncertainty           -0.094    10.235    
                  SLICE_X41Y58         FDRE (Setup_fdre_C_D)        0.032    10.267    rv64im72f_6sp/ex_ex2_register/EX2_alu_result_reg[5]_rep__12
  ---------------------------------------------------------------------------------
                                       required time                         10.267    
                                       arrival time                         -10.260    
  ---------------------------------------------------------------------------------
                                       slack                                  0.007    





Min Delay Paths
--------------------------------------------------------------------------------------
Slack (MET) :             0.057ns  (arrival time - required time)
  Source:                 rv64im72f_6sp/alu/divider_dword/dividend_reg_reg[59]/C
                            (rising edge-triggered cell FDCE clocked by clk_out1_clk_wiz_0_1  {rise@0.000ns fall@6.176ns period=12.353ns})
  Destination:            rv64im72f_6sp/alu/divider_dword/remainder_quotient_reg[59]/D
                            (rising edge-triggered cell FDCE clocked by clk_out1_clk_wiz_0  {rise@0.000ns fall@6.176ns period=12.353ns})
  Path Group:             clk_out1_clk_wiz_0
  Path Type:              Hold (Min at Fast Process Corner)
  Requirement:            0.000ns  (clk_out1_clk_wiz_0 rise@0.000ns - clk_out1_clk_wiz_0_1 rise@0.000ns)
  Data Path Delay:        0.256ns  (logic 0.186ns (72.764%)  route 0.070ns (27.236%))
  Logic Levels:           1  (LUT6=1)
  Clock Path Skew:        0.013ns (DCD - SCD - CPR)
    Destination Clock Delay (DCD):    -0.206ns
    Source Clock Delay      (SCD):    -0.447ns
    Clock Pessimism Removal (CPR):    0.228ns
  Clock Uncertainty:      0.094ns  ((TSJ^2 + DJ^2)^1/2) / 2 + PE
    Total System Jitter     (TSJ):    0.071ns
    Discrete Jitter          (DJ):    0.174ns
    Phase Error              (PE):    0.000ns
  Clock Domain Crossing:  Inter clock paths are considered valid unless explicitly excluded by timing constraints such as set_clock_groups or set_false_path.

    Pin Reuse     Location             Delay type                Incr(ns)  Path(ns)    Netlist Resource(s)
  ---------------------------------------------------------------------------------    -------------------
                                       (clock clk_out1_clk_wiz_0_1 rise edge)
                                                                    0.000     0.000 r  
                  R4                                                0.000     0.000 r  clk (IN)
                                       net (fo=0)                   0.000     0.000    clk_gen/inst/clk_in1
                  R4                                                                r  clk_gen/inst/clkin1_ibufg/I
                  R4                   IBUF (Prop_ibuf_I_O)         0.243     0.243 r  clk_gen/inst/clkin1_ibufg/O
                                       net (fo=1, routed)           0.440     0.683    clk_gen/inst/clk_in1_clk_wiz_0
                  PLLE2_ADV_X1Y2                                                    r  clk_gen/inst/plle2_adv_inst/CLKIN1
                  PLLE2_ADV_X1Y2       PLLE2_ADV (Prop_plle2_adv_CLKIN1_CLKOUT0)
                                                                   -2.503    -1.819 r  clk_gen/inst/plle2_adv_inst/CLKOUT0
                                       net (fo=1, routed)           0.546    -1.273    clk_gen/inst/clk_out1_clk_wiz_0
                  BUFGCTRL_X0Y14                                                    r  clk_gen/inst/clkout1_buf_replica_1/I
                  BUFGCTRL_X0Y14       BUFG (Prop_bufg_I_O)         0.026    -1.247 r  clk_gen/inst/clkout1_buf_replica_1/O
                                       net (fo=7, routed)           0.030    -1.217    clk_gen/inst/clk_out1_repN_1
                  BUFGCTRL_X0Y15                                                    r  clk_gen/inst/clkout1_buf_replica/I
                  BUFGCTRL_X0Y15       BUFG (Prop_bufg_I_O)         0.026    -1.191 r  clk_gen/inst/clkout1_buf_replica/O
                                       net (fo=4, routed)           0.042    -1.149    clk_gen/inst/clk_out1_repN
                  BUFGCTRL_X0Y0                                                     r  clk_gen/inst/clkout1_buf/I
                  BUFGCTRL_X0Y0        BUFG (Prop_bufg_I_O)         0.026    -1.123 r  clk_gen/inst/clkout1_buf/O
                                       net (fo=4403, routed)        0.676    -0.447    rv64im72f_6sp/alu/divider_dword/clk_out1
                  SLICE_X31Y78         FDCE                                         r  rv64im72f_6sp/alu/divider_dword/dividend_reg_reg[59]/C
  ---------------------------------------------------------------------------------    -------------------
    Placement     SLICE_X31Y78         FDCE (Prop_fdce_C_Q)         0.141    -0.306 r  rv64im72f_6sp/alu/divider_dword/dividend_reg_reg[59]/Q
                                       net (fo=4, routed)           0.070    -0.237    rv64im72f_6sp/alu/divider_dword/dividend_reg_reg_n_0_[59]
    Placement     SLICE_X30Y78                                                      r  rv64im72f_6sp/alu/divider_dword/remainder_quotient[59]_i_1__0/I2
    Routing       SLICE_X30Y78         LUT6 (Prop_lut6_I2_O)        0.045    -0.192 r  rv64im72f_6sp/alu/divider_dword/remainder_quotient[59]_i_1__0/O
                                       net (fo=1, routed)           0.000    -0.192    rv64im72f_6sp/alu/divider_dword/remainder_quotient[59]
    Routing       SLICE_X30Y78         FDCE                                         r  rv64im72f_6sp/alu/divider_dword/remainder_quotient_reg[59]/D
  ---------------------------------------------------------------------------------    -------------------

                                       (clock clk_out1_clk_wiz_0 rise edge)
                                                                    0.000     0.000 r  
                  R4                                                0.000     0.000 r  clk (IN)
                                       net (fo=0)                   0.000     0.000    clk_gen/inst/clk_in1
                  R4                                                                r  clk_gen/inst/clkin1_ibufg/I
                  R4                   IBUF (Prop_ibuf_I_O)         0.431     0.431 r  clk_gen/inst/clkin1_ibufg/O
                                       net (fo=1, routed)           0.481     0.912    clk_gen/inst/clk_in1_clk_wiz_0
                  PLLE2_ADV_X1Y2                                                    r  clk_gen/inst/plle2_adv_inst/CLKIN1
                  PLLE2_ADV_X1Y2       PLLE2_ADV (Prop_plle2_adv_CLKIN1_CLKOUT0)
                                                                   -2.828    -1.916 r  clk_gen/inst/plle2_adv_inst/CLKOUT0
                                       net (fo=1, routed)           0.595    -1.322    clk_gen/inst/clk_out1_clk_wiz_0
                  BUFGCTRL_X0Y14                                                    r  clk_gen/inst/clkout1_buf_replica_1/I
                  BUFGCTRL_X0Y14       BUFG (Prop_bufg_I_O)         0.029    -1.293 r  clk_gen/inst/clkout1_buf_replica_1/O
                                       net (fo=7, routed)           0.033    -1.260    clk_gen/inst/clk_out1_repN_1
                  BUFGCTRL_X0Y15                                                    r  clk_gen/inst/clkout1_buf_replica/I
                  BUFGCTRL_X0Y15       BUFG (Prop_bufg_I_O)         0.029    -1.231 r  clk_gen/inst/clkout1_buf_replica/O
                                       net (fo=4, routed)           0.046    -1.185    clk_gen/inst/clk_out1_repN
                  BUFGCTRL_X0Y0                                                     r  clk_gen/inst/clkout1_buf/I
                  BUFGCTRL_X0Y0        BUFG (Prop_bufg_I_O)         0.029    -1.156 r  clk_gen/inst/clkout1_buf/O
                                       net (fo=4403, routed)        0.950    -0.206    rv64im72f_6sp/alu/divider_dword/clk_out1
                  SLICE_X30Y78         FDCE                                         r  rv64im72f_6sp/alu/divider_dword/remainder_quotient_reg[59]/C
                                       clock pessimism             -0.228    -0.434    
                                       clock uncertainty            0.094    -0.340    
                  SLICE_X30Y78         FDCE (Hold_fdce_C_D)         0.092    -0.248    rv64im72f_6sp/alu/divider_dword/remainder_quotient_reg[59]
  ---------------------------------------------------------------------------------
                                       required time                          0.248    
                                       arrival time                          -0.192    
  ---------------------------------------------------------------------------------
                                       slack                                  0.057    





---------------------------------------------------------------------------------------------------
From Clock:  clk_out1_clk_wiz_0
  To Clock:  clk_out1_clk_wiz_0_1

Setup :            0  Failing Endpoints,  Worst Slack        0.007ns,  Total Violation        0.000ns
Hold  :            0  Failing Endpoints,  Worst Slack        0.057ns,  Total Violation        0.000ns
---------------------------------------------------------------------------------------------------


Max Delay Paths
--------------------------------------------------------------------------------------
Slack (MET) :             0.007ns  (required time - arrival time)
  Source:                 rv64im72f_6sp/ex_ex2_register/EX2_rd_reg[1]/C
                            (rising edge-triggered cell FDRE clocked by clk_out1_clk_wiz_0  {rise@0.000ns fall@6.176ns period=12.353ns})
  Destination:            rv64im72f_6sp/ex_ex2_register/EX2_alu_result_reg[5]_rep__12/D
                            (rising edge-triggered cell FDRE clocked by clk_out1_clk_wiz_0_1  {rise@0.000ns fall@6.176ns period=12.353ns})
  Path Group:             clk_out1_clk_wiz_0_1
  Path Type:              Setup (Max at Slow Process Corner)
  Requirement:            12.353ns  (clk_out1_clk_wiz_0_1 rise@12.353ns - clk_out1_clk_wiz_0 rise@0.000ns)
  Data Path Delay:        11.888ns  (logic 1.944ns (16.352%)  route 9.944ns (83.648%))
  Logic Levels:           12  (LUT3=1 LUT4=1 LUT5=1 LUT6=9)
  Clock Path Skew:        -0.395ns (DCD - SCD + CPR)
    Destination Clock Delay (DCD):    -1.549ns = ( 10.804 - 12.353 ) 
    Source Clock Delay      (SCD):    -1.629ns
    Clock Pessimism Removal (CPR):    -0.475ns
  Clock Uncertainty:      0.094ns  ((TSJ^2 + DJ^2)^1/2) / 2 + PE
    Total System Jitter     (TSJ):    0.071ns
    Discrete Jitter          (DJ):    0.174ns
    Phase Error              (PE):    0.000ns
  Clock Domain Crossing:  Inter clock paths are considered valid unless explicitly excluded by timing constraints such as set_clock_groups or set_false_path.

    Pin Reuse     Location             Delay type                Incr(ns)  Path(ns)    Netlist Resource(s)
  ---------------------------------------------------------------------------------    -------------------
                                       (clock clk_out1_clk_wiz_0 rise edge)
                                                                    0.000     0.000 r  
                  R4                                                0.000     0.000 r  clk (IN)
                                       net (fo=0)                   0.000     0.000    clk_gen/inst/clk_in1
                  R4                                                                r  clk_gen/inst/clkin1_ibufg/I
                  R4                   IBUF (Prop_ibuf_I_O)         1.475     1.475 r  clk_gen/inst/clkin1_ibufg/O
                                       net (fo=1, routed)           1.253     2.728    clk_gen/inst/clk_in1_clk_wiz_0
                  PLLE2_ADV_X1Y2                                                    r  clk_gen/inst/plle2_adv_inst/CLKIN1
                  PLLE2_ADV_X1Y2       PLLE2_ADV (Prop_plle2_adv_CLKIN1_CLKOUT0)
                                                                   -8.953    -6.225 r  clk_gen/inst/plle2_adv_inst/CLKOUT0
                                       net (fo=1, routed)           1.802    -4.422    clk_gen/inst/clk_out1_clk_wiz_0
                  BUFGCTRL_X0Y14                                                    r  clk_gen/inst/clkout1_buf_replica_1/I
                  BUFGCTRL_X0Y14       BUFG (Prop_bufg_I_O)         0.096    -4.326 r  clk_gen/inst/clkout1_buf_replica_1/O
                                       net (fo=7, routed)           0.140    -4.186    clk_gen/inst/clk_out1_repN_1
                  BUFGCTRL_X0Y15                                                    r  clk_gen/inst/clkout1_buf_replica/I
                  BUFGCTRL_X0Y15       BUFG (Prop_bufg_I_O)         0.096    -4.090 r  clk_gen/inst/clkout1_buf_replica/O
                                       net (fo=4, routed)           0.154    -3.936    clk_gen/inst/clk_out1_repN
                  BUFGCTRL_X0Y0                                                     r  clk_gen/inst/clkout1_buf/I
                  BUFGCTRL_X0Y0        BUFG (Prop_bufg_I_O)         0.096    -3.840 r  clk_gen/inst/clkout1_buf/O
                                       net (fo=4403, routed)        2.211    -1.629    rv64im72f_6sp/ex_ex2_register/clk_out1
                  SLICE_X3Y49          FDRE                                         r  rv64im72f_6sp/ex_ex2_register/EX2_rd_reg[1]/C
  ---------------------------------------------------------------------------------    -------------------
    Placement     SLICE_X3Y49          FDRE (Prop_fdre_C_Q)         0.456    -1.173 f  rv64im72f_6sp/ex_ex2_register/EX2_rd_reg[1]/Q
                                       net (fo=4, routed)           0.834    -0.339    rv64im72f_6sp/ex_ex2_register/EX2_rd_reg[4]_0[1]
    Placement     SLICE_X3Y51                                                       f  rv64im72f_6sp/ex_ex2_register/pc_stall0_i_10/I2
    Placement     SLICE_X3Y51          LUT5 (Prop_lut5_I2_O)        0.124    -0.215 r  rv64im72f_6sp/ex_ex2_register/pc_stall0_i_10/O
                                       net (fo=2, routed)           0.721     0.506    rv64im72f_6sp/id_ex_register/dividend_reg[31]_i_9
    Placement     SLICE_X4Y51                                                       r  rv64im72f_6sp/id_ex_register/pc_stall0_i_8/I5
    Placement     SLICE_X4Y51          LUT6 (Prop_lut6_I5_O)        0.124     0.630 r  rv64im72f_6sp/id_ex_register/pc_stall0_i_8/O
                                       net (fo=2, routed)           0.320     0.950    rv64im72f_6sp/ex_ex2_register/dividend_reg[31]_i_6
    Placement     SLICE_X4Y53                                                       r  rv64im72f_6sp/ex_ex2_register/dividend_reg[31]_i_9/I2
    Placement     SLICE_X4Y53          LUT3 (Prop_lut3_I2_O)        0.124     1.074 f  rv64im72f_6sp/ex_ex2_register/dividend_reg[31]_i_9/O
                                       net (fo=5, routed)           0.338     1.412    rv64im72f_6sp/forward_unit/hazard_ex2[0]
    Placement     SLICE_X6Y53                                                       f  rv64im72f_6sp/forward_unit/dividend_reg[31]_i_4/I0
    Placement     SLICE_X6Y53          LUT4 (Prop_lut4_I0_O)        0.124     1.536 r  rv64im72f_6sp/forward_unit/dividend_reg[31]_i_4/O
                                       net (fo=144, routed)         0.788     2.324    rv64im72f_6sp/ex_ex2_register/alu_forward_source_select_a[1]
    New           SLICE_X9Y52                                                       r  rv64im72f_6sp/ex_ex2_register/dividend_reg[31]_i_14_comp/I4
    New           SLICE_X9Y52          LUT6 (Prop_lut6_I4_O)        0.124     2.448 f  rv64im72f_6sp/ex_ex2_register/dividend_reg[31]_i_14_comp/O
                                       net (fo=64, routed)          1.730     4.178    rv64im72f_6sp/ex_ex2_register/EX_uses_rs1_reg
    Placement     SLICE_X25Y73                                                      f  rv64im72f_6sp/ex_ex2_register/dividend_reg[60]_i_4/I4
    Placement     SLICE_X25Y73         LUT6 (Prop_lut6_I4_O)        0.124     4.302 r  rv64im72f_6sp/ex_ex2_register/dividend_reg[60]_i_4/O
                                       net (fo=1, routed)           0.898     5.199    rv64im72f_6sp/ex_ex2_register/dividend_reg[60]_i_4_n_0
    Placement     SLICE_X27Y63                                                      r  rv64im72f_6sp/ex_ex2_register/dividend_reg[60]_i_1/I5
    Placement     SLICE_X27Y63         LUT6 (Prop_lut6_I5_O)        0.124     5.323 r  rv64im72f_6sp/ex_ex2_register/dividend_reg[60]_i_1/O
                                       net (fo=28, routed)          1.084     6.408    rv64im72f_6sp/ex_ex2_register/src_A[60]
    Moved         SLICE_X29Y59                                                      r  rv64im72f_6sp/ex_ex2_register/EX2_alu_result[12]_i_18/I0
    Moved         SLICE_X29Y59         LUT6 (Prop_lut6_I0_O)        0.124     6.532 r  rv64im72f_6sp/ex_ex2_register/EX2_alu_result[12]_i_18/O
                                       net (fo=7, routed)           0.823     7.355    rv64im72f_6sp/ex_ex2_register/EX2_alu_result[12]_i_18_n_0
    Placement     SLICE_X30Y58                                                      r  rv64im72f_6sp/ex_ex2_register/EX2_alu_result[8]_i_13/I1
    Placement     SLICE_X30Y58         LUT6 (Prop_lut6_I1_O)        0.124     7.479 r  rv64im72f_6sp/ex_ex2_register/EX2_alu_result[8]_i_13/O
                                       net (fo=4, routed)           1.194     8.672    rv64im72f_6sp/ex_ex2_register/EX2_alu_result[8]_i_13_n_0
    Moved         SLICE_X41Y52                                                      r  rv64im72f_6sp/ex_ex2_register/EX2_alu_result[5]_i_6/I0
    Moved         SLICE_X41Y52         LUT6 (Prop_lut6_I0_O)        0.124     8.796 r  rv64im72f_6sp/ex_ex2_register/EX2_alu_result[5]_i_6/O
                                       net (fo=9, routed)           0.338     9.134    rv64im72f_6sp/id_ex_register/EX2_alu_result_reg[31][4]
    New           SLICE_X41Y51                                                      r  rv64im72f_6sp/id_ex_register/EX2_alu_result[5]_i_2_comp_15/I5
    New           SLICE_X41Y51         LUT6 (Prop_lut6_I5_O)        0.124     9.258 r  rv64im72f_6sp/id_ex_register/EX2_alu_result[5]_i_2_comp_15/O
                                       net (fo=1, routed)           0.877    10.136    rv64im72f_6sp/id_ex_register/EX2_alu_result[5]_i_2_n_0_repN_15
    New           SLICE_X41Y58                                                      r  rv64im72f_6sp/id_ex_register/EX2_alu_result[5]_rep__12_i_1_comp/I5
    New           SLICE_X41Y58         LUT6 (Prop_lut6_I5_O)        0.124    10.260 r  rv64im72f_6sp/id_ex_register/EX2_alu_result[5]_rep__12_i_1_comp/O
                                       net (fo=1, routed)           0.000    10.260    rv64im72f_6sp/ex_ex2_register/EX2_alu_result_reg[5]_rep__12_0
    Routing       SLICE_X41Y58         FDRE                                         r  rv64im72f_6sp/ex_ex2_register/EX2_alu_result_reg[5]_rep__12/D
  ---------------------------------------------------------------------------------    -------------------

                                       (clock clk_out1_clk_wiz_0_1 rise edge)
                                                                   12.353    12.353 r  
                  R4                                                0.000    12.353 r  clk (IN)
                                       net (fo=0)                   0.000    12.353    clk_gen/inst/clk_in1
                  R4                                                                r  clk_gen/inst/clkin1_ibufg/I
                  R4                   IBUF (Prop_ibuf_I_O)         1.405    13.758 r  clk_gen/inst/clkin1_ibufg/O
                                       net (fo=1, routed)           1.181    14.938    clk_gen/inst/clk_in1_clk_wiz_0
                  PLLE2_ADV_X1Y2                                                    r  clk_gen/inst/plle2_adv_inst/CLKIN1
                  PLLE2_ADV_X1Y2       PLLE2_ADV (Prop_plle2_adv_CLKIN1_CLKOUT0)
                                                                   -8.206     6.733 r  clk_gen/inst/plle2_adv_inst/CLKOUT0
                                       net (fo=1, routed)           1.718     8.451    clk_gen/inst/clk_out1_clk_wiz_0
                  BUFGCTRL_X0Y14                                                    r  clk_gen/inst/clkout1_buf_replica_1/I
                  BUFGCTRL_X0Y14       BUFG (Prop_bufg_I_O)         0.091     8.542 r  clk_gen/inst/clkout1_buf_replica_1/O
                                       net (fo=7, routed)           0.133     8.675    clk_gen/inst/clk_out1_repN_1
                  BUFGCTRL_X0Y15                                                    r  clk_gen/inst/clkout1_buf_replica/I
                  BUFGCTRL_X0Y15       BUFG (Prop_bufg_I_O)         0.091     8.766 r  clk_gen/inst/clkout1_buf_replica/O
                                       net (fo=4, routed)           0.147     8.913    clk_gen/inst/clk_out1_repN
                  BUFGCTRL_X0Y0                                                     r  clk_gen/inst/clkout1_buf/I
                  BUFGCTRL_X0Y0        BUFG (Prop_bufg_I_O)         0.091     9.004 r  clk_gen/inst/clkout1_buf/O
                                       net (fo=4403, routed)        1.800    10.804    rv64im72f_6sp/ex_ex2_register/clk_out1
                  SLICE_X41Y58         FDRE                                         r  rv64im72f_6sp/ex_ex2_register/EX2_alu_result_reg[5]_rep__12/C
                                       clock pessimism             -0.475    10.329    
                                       clock uncertainty           -0.094    10.235    
                  SLICE_X41Y58         FDRE (Setup_fdre_C_D)        0.032    10.267    rv64im72f_6sp/ex_ex2_register/EX2_alu_result_reg[5]_rep__12
  ---------------------------------------------------------------------------------
                                       required time                         10.267    
                                       arrival time                         -10.260    
  ---------------------------------------------------------------------------------
                                       slack                                  0.007    





Min Delay Paths
--------------------------------------------------------------------------------------
Slack (MET) :             0.057ns  (arrival time - required time)
  Source:                 rv64im72f_6sp/alu/divider_dword/dividend_reg_reg[59]/C
                            (rising edge-triggered cell FDCE clocked by clk_out1_clk_wiz_0  {rise@0.000ns fall@6.176ns period=12.353ns})
  Destination:            rv64im72f_6sp/alu/divider_dword/remainder_quotient_reg[59]/D
                            (rising edge-triggered cell FDCE clocked by clk_out1_clk_wiz_0_1  {rise@0.000ns fall@6.176ns period=12.353ns})
  Path Group:             clk_out1_clk_wiz_0_1
  Path Type:              Hold (Min at Fast Process Corner)
  Requirement:            0.000ns  (clk_out1_clk_wiz_0_1 rise@0.000ns - clk_out1_clk_wiz_0 rise@0.000ns)
  Data Path Delay:        0.256ns  (logic 0.186ns (72.764%)  route 0.070ns (27.236%))
  Logic Levels:           1  (LUT6=1)
  Clock Path Skew:        0.013ns (DCD - SCD - CPR)
    Destination Clock Delay (DCD):    -0.206ns
    Source Clock Delay      (SCD):    -0.447ns
    Clock Pessimism Removal (CPR):    0.228ns
  Clock Uncertainty:      0.094ns  ((TSJ^2 + DJ^2)^1/2) / 2 + PE
    Total System Jitter     (TSJ):    0.071ns
    Discrete Jitter          (DJ):    0.174ns
    Phase Error              (PE):    0.000ns
  Clock Domain Crossing:  Inter clock paths are considered valid unless explicitly excluded by timing constraints such as set_clock_groups or set_false_path.

    Pin Reuse     Location             Delay type                Incr(ns)  Path(ns)    Netlist Resource(s)
  ---------------------------------------------------------------------------------    -------------------
                                       (clock clk_out1_clk_wiz_0 rise edge)
                                                                    0.000     0.000 r  
                  R4                                                0.000     0.000 r  clk (IN)
                                       net (fo=0)                   0.000     0.000    clk_gen/inst/clk_in1
                  R4                                                                r  clk_gen/inst/clkin1_ibufg/I
                  R4                   IBUF (Prop_ibuf_I_O)         0.243     0.243 r  clk_gen/inst/clkin1_ibufg/O
                                       net (fo=1, routed)           0.440     0.683    clk_gen/inst/clk_in1_clk_wiz_0
                  PLLE2_ADV_X1Y2                                                    r  clk_gen/inst/plle2_adv_inst/CLKIN1
                  PLLE2_ADV_X1Y2       PLLE2_ADV (Prop_plle2_adv_CLKIN1_CLKOUT0)
                                                                   -2.503    -1.819 r  clk_gen/inst/plle2_adv_inst/CLKOUT0
                                       net (fo=1, routed)           0.546    -1.273    clk_gen/inst/clk_out1_clk_wiz_0
                  BUFGCTRL_X0Y14                                                    r  clk_gen/inst/clkout1_buf_replica_1/I
                  BUFGCTRL_X0Y14       BUFG (Prop_bufg_I_O)         0.026    -1.247 r  clk_gen/inst/clkout1_buf_replica_1/O
                                       net (fo=7, routed)           0.030    -1.217    clk_gen/inst/clk_out1_repN_1
                  BUFGCTRL_X0Y15                                                    r  clk_gen/inst/clkout1_buf_replica/I
                  BUFGCTRL_X0Y15       BUFG (Prop_bufg_I_O)         0.026    -1.191 r  clk_gen/inst/clkout1_buf_replica/O
                                       net (fo=4, routed)           0.042    -1.149    clk_gen/inst/clk_out1_repN
                  BUFGCTRL_X0Y0                                                     r  clk_gen/inst/clkout1_buf/I
                  BUFGCTRL_X0Y0        BUFG (Prop_bufg_I_O)         0.026    -1.123 r  clk_gen/inst/clkout1_buf/O
                                       net (fo=4403, routed)        0.676    -0.447    rv64im72f_6sp/alu/divider_dword/clk_out1
                  SLICE_X31Y78         FDCE                                         r  rv64im72f_6sp/alu/divider_dword/dividend_reg_reg[59]/C
  ---------------------------------------------------------------------------------    -------------------
    Placement     SLICE_X31Y78         FDCE (Prop_fdce_C_Q)         0.141    -0.306 r  rv64im72f_6sp/alu/divider_dword/dividend_reg_reg[59]/Q
                                       net (fo=4, routed)           0.070    -0.237    rv64im72f_6sp/alu/divider_dword/dividend_reg_reg_n_0_[59]
    Placement     SLICE_X30Y78                                                      r  rv64im72f_6sp/alu/divider_dword/remainder_quotient[59]_i_1__0/I2
    Routing       SLICE_X30Y78         LUT6 (Prop_lut6_I2_O)        0.045    -0.192 r  rv64im72f_6sp/alu/divider_dword/remainder_quotient[59]_i_1__0/O
                                       net (fo=1, routed)           0.000    -0.192    rv64im72f_6sp/alu/divider_dword/remainder_quotient[59]
    Routing       SLICE_X30Y78         FDCE                                         r  rv64im72f_6sp/alu/divider_dword/remainder_quotient_reg[59]/D
  ---------------------------------------------------------------------------------    -------------------

                                       (clock clk_out1_clk_wiz_0_1 rise edge)
                                                                    0.000     0.000 r  
                  R4                                                0.000     0.000 r  clk (IN)
                                       net (fo=0)                   0.000     0.000    clk_gen/inst/clk_in1
                  R4                                                                r  clk_gen/inst/clkin1_ibufg/I
                  R4                   IBUF (Prop_ibuf_I_O)         0.431     0.431 r  clk_gen/inst/clkin1_ibufg/O
                                       net (fo=1, routed)           0.481     0.912    clk_gen/inst/clk_in1_clk_wiz_0
                  PLLE2_ADV_X1Y2                                                    r  clk_gen/inst/plle2_adv_inst/CLKIN1
                  PLLE2_ADV_X1Y2       PLLE2_ADV (Prop_plle2_adv_CLKIN1_CLKOUT0)
                                                                   -2.828    -1.916 r  clk_gen/inst/plle2_adv_inst/CLKOUT0
                                       net (fo=1, routed)           0.595    -1.322    clk_gen/inst/clk_out1_clk_wiz_0
                  BUFGCTRL_X0Y14                                                    r  clk_gen/inst/clkout1_buf_replica_1/I
                  BUFGCTRL_X0Y14       BUFG (Prop_bufg_I_O)         0.029    -1.293 r  clk_gen/inst/clkout1_buf_replica_1/O
                                       net (fo=7, routed)           0.033    -1.260    clk_gen/inst/clk_out1_repN_1
                  BUFGCTRL_X0Y15                                                    r  clk_gen/inst/clkout1_buf_replica/I
                  BUFGCTRL_X0Y15       BUFG (Prop_bufg_I_O)         0.029    -1.231 r  clk_gen/inst/clkout1_buf_replica/O
                                       net (fo=4, routed)           0.046    -1.185    clk_gen/inst/clk_out1_repN
                  BUFGCTRL_X0Y0                                                     r  clk_gen/inst/clkout1_buf/I
                  BUFGCTRL_X0Y0        BUFG (Prop_bufg_I_O)         0.029    -1.156 r  clk_gen/inst/clkout1_buf/O
                                       net (fo=4403, routed)        0.950    -0.206    rv64im72f_6sp/alu/divider_dword/clk_out1
                  SLICE_X30Y78         FDCE                                         r  rv64im72f_6sp/alu/divider_dword/remainder_quotient_reg[59]/C
                                       clock pessimism             -0.228    -0.434    
                                       clock uncertainty            0.094    -0.340    
                  SLICE_X30Y78         FDCE (Hold_fdce_C_D)         0.092    -0.248    rv64im72f_6sp/alu/divider_dword/remainder_quotient_reg[59]
  ---------------------------------------------------------------------------------
                                       required time                          0.248    
                                       arrival time                          -0.192    
  ---------------------------------------------------------------------------------
                                       slack                                  0.057    





---------------------------------------------------------------------------------------------------
Path Group:  **async_default**
From Clock:  clk_out1_clk_wiz_0
  To Clock:  clk_out1_clk_wiz_0

Setup :            0  Failing Endpoints,  Worst Slack        5.107ns,  Total Violation        0.000ns
Hold  :            0  Failing Endpoints,  Worst Slack        0.367ns,  Total Violation        0.000ns
---------------------------------------------------------------------------------------------------


Max Delay Paths
--------------------------------------------------------------------------------------
Slack (MET) :             5.107ns  (required time - arrival time)
  Source:                 reset_sync_reg[2]_replica_9/C
                            (rising edge-triggered cell FDPE clocked by clk_out1_clk_wiz_0  {rise@0.000ns fall@6.176ns period=12.353ns})
  Destination:            rv64im72f_6sp/alu/multiplier_dword/abs_B_s1_reg[52]/CLR
                            (recovery check against rising-edge clock clk_out1_clk_wiz_0  {rise@0.000ns fall@6.176ns period=12.353ns})
  Path Group:             **async_default**
  Path Type:              Recovery (Max at Slow Process Corner)
  Requirement:            12.353ns  (clk_out1_clk_wiz_0 rise@12.353ns - clk_out1_clk_wiz_0 rise@0.000ns)
  Data Path Delay:        6.793ns  (logic 0.456ns (6.713%)  route 6.337ns (93.287%))
  Logic Levels:           0  
  Clock Path Skew:        -0.040ns (DCD - SCD + CPR)
    Destination Clock Delay (DCD):    -1.542ns = ( 10.811 - 12.353 ) 
    Source Clock Delay      (SCD):    -1.905ns
    Clock Pessimism Removal (CPR):    -0.403ns
  Clock Uncertainty:      0.094ns  ((TSJ^2 + DJ^2)^1/2) / 2 + PE
    Total System Jitter     (TSJ):    0.071ns
    Discrete Jitter          (DJ):    0.174ns
    Phase Error              (PE):    0.000ns

    Pin Reuse     Location             Delay type                Incr(ns)  Path(ns)    Netlist Resource(s)
  ---------------------------------------------------------------------------------    -------------------
                                       (clock clk_out1_clk_wiz_0 rise edge)
                                                                    0.000     0.000 r  
                  R4                                                0.000     0.000 r  clk (IN)
                                       net (fo=0)                   0.000     0.000    clk_gen/inst/clk_in1
                  R4                                                                r  clk_gen/inst/clkin1_ibufg/I
                  R4                   IBUF (Prop_ibuf_I_O)         1.475     1.475 r  clk_gen/inst/clkin1_ibufg/O
                                       net (fo=1, routed)           1.253     2.728    clk_gen/inst/clk_in1_clk_wiz_0
                  PLLE2_ADV_X1Y2                                                    r  clk_gen/inst/plle2_adv_inst/CLKIN1
                  PLLE2_ADV_X1Y2       PLLE2_ADV (Prop_plle2_adv_CLKIN1_CLKOUT0)
                                                                   -8.953    -6.225 r  clk_gen/inst/plle2_adv_inst/CLKOUT0
                                       net (fo=1, routed)           1.802    -4.422    clk_gen/inst/clk_out1_clk_wiz_0
                  BUFGCTRL_X0Y14                                                    r  clk_gen/inst/clkout1_buf_replica_1/I
                  BUFGCTRL_X0Y14       BUFG (Prop_bufg_I_O)         0.096    -4.326 r  clk_gen/inst/clkout1_buf_replica_1/O
                                       net (fo=7, routed)           0.140    -4.186    clk_gen/inst/clk_out1_repN_1
                  BUFGCTRL_X0Y15                                                    r  clk_gen/inst/clkout1_buf_replica/I
                  BUFGCTRL_X0Y15       BUFG (Prop_bufg_I_O)         0.096    -4.090 r  clk_gen/inst/clkout1_buf_replica/O
                                       net (fo=4, routed)           0.154    -3.936    clk_gen/inst/clk_out1_repN
                  BUFGCTRL_X0Y0                                                     r  clk_gen/inst/clkout1_buf/I
                  BUFGCTRL_X0Y0        BUFG (Prop_bufg_I_O)         0.096    -3.840 r  clk_gen/inst/clkout1_buf/O
                                       net (fo=4403, routed)        1.935    -1.905    clk_cpu
                  SLICE_X21Y67         FDPE                                         r  reset_sync_reg[2]_replica_9/C
  ---------------------------------------------------------------------------------    -------------------
    Placement     SLICE_X21Y67         FDPE (Prop_fdpe_C_Q)         0.456    -1.449 f  reset_sync_reg[2]_replica_9/Q
                                       net (fo=175, routed)         6.337     4.888    rv64im72f_6sp/alu/multiplier_dword/internal_reset_repN_9_alias
    Placement     SLICE_X22Y82         FDCE                                         f  rv64im72f_6sp/alu/multiplier_dword/abs_B_s1_reg[52]/CLR
  ---------------------------------------------------------------------------------    -------------------

                                       (clock clk_out1_clk_wiz_0 rise edge)
                                                                   12.353    12.353 r  
                  R4                                                0.000    12.353 r  clk (IN)
                                       net (fo=0)                   0.000    12.353    clk_gen/inst/clk_in1
                  R4                                                                r  clk_gen/inst/clkin1_ibufg/I
                  R4                   IBUF (Prop_ibuf_I_O)         1.405    13.758 r  clk_gen/inst/clkin1_ibufg/O
                                       net (fo=1, routed)           1.181    14.938    clk_gen/inst/clk_in1_clk_wiz_0
                  PLLE2_ADV_X1Y2                                                    r  clk_gen/inst/plle2_adv_inst/CLKIN1
                  PLLE2_ADV_X1Y2       PLLE2_ADV (Prop_plle2_adv_CLKIN1_CLKOUT0)
                                                                   -8.206     6.733 r  clk_gen/inst/plle2_adv_inst/CLKOUT0
                                       net (fo=1, routed)           1.718     8.451    clk_gen/inst/clk_out1_clk_wiz_0
                  BUFGCTRL_X0Y14                                                    r  clk_gen/inst/clkout1_buf_replica_1/I
                  BUFGCTRL_X0Y14       BUFG (Prop_bufg_I_O)         0.091     8.542 r  clk_gen/inst/clkout1_buf_replica_1/O
                                       net (fo=7, routed)           0.133     8.675    clk_gen/inst/clk_out1_repN_1
                  BUFGCTRL_X0Y15                                                    r  clk_gen/inst/clkout1_buf_replica/I
                  BUFGCTRL_X0Y15       BUFG (Prop_bufg_I_O)         0.091     8.766 r  clk_gen/inst/clkout1_buf_replica/O
                                       net (fo=4, routed)           0.147     8.913    clk_gen/inst/clk_out1_repN
                  BUFGCTRL_X0Y0                                                     r  clk_gen/inst/clkout1_buf/I
                  BUFGCTRL_X0Y0        BUFG (Prop_bufg_I_O)         0.091     9.004 r  clk_gen/inst/clkout1_buf/O
                                       net (fo=4403, routed)        1.807    10.811    rv64im72f_6sp/alu/multiplier_dword/clk_out1
                  SLICE_X22Y82         FDCE                                         r  rv64im72f_6sp/alu/multiplier_dword/abs_B_s1_reg[52]/C
                                       clock pessimism             -0.403    10.408    
                                       clock uncertainty           -0.094    10.314    
                  SLICE_X22Y82         FDCE (Recov_fdce_C_CLR)     -0.319     9.995    rv64im72f_6sp/alu/multiplier_dword/abs_B_s1_reg[52]
  ---------------------------------------------------------------------------------
                                       required time                          9.995    
                                       arrival time                          -4.888    
  ---------------------------------------------------------------------------------
                                       slack                                  5.107    





Min Delay Paths
--------------------------------------------------------------------------------------
Slack (MET) :             0.367ns  (arrival time - required time)
  Source:                 reset_sync_reg[2]_replica_10/C
                            (rising edge-triggered cell FDPE clocked by clk_out1_clk_wiz_0  {rise@0.000ns fall@6.176ns period=12.353ns})
  Destination:            rv64im72f_6sp/alu/divider_dword/quotient_reg_reg[52]/CLR
                            (removal check against rising-edge clock clk_out1_clk_wiz_0  {rise@0.000ns fall@6.176ns period=12.353ns})
  Path Group:             **async_default**
  Path Type:              Removal (Min at Fast Process Corner)
  Requirement:            0.000ns  (clk_out1_clk_wiz_0 rise@0.000ns - clk_out1_clk_wiz_0 rise@0.000ns)
  Data Path Delay:        0.308ns  (logic 0.141ns (45.713%)  route 0.167ns (54.287%))
  Logic Levels:           0  
  Clock Path Skew:        0.033ns (DCD - SCD - CPR)
    Destination Clock Delay (DCD):    -0.205ns
    Source Clock Delay      (SCD):    -0.443ns
    Clock Pessimism Removal (CPR):    0.205ns

    Pin Reuse     Location             Delay type                Incr(ns)  Path(ns)    Netlist Resource(s)
  ---------------------------------------------------------------------------------    -------------------
                                       (clock clk_out1_clk_wiz_0 rise edge)
                                                                    0.000     0.000 r  
                  R4                                                0.000     0.000 r  clk (IN)
                                       net (fo=0)                   0.000     0.000    clk_gen/inst/clk_in1
                  R4                                                                r  clk_gen/inst/clkin1_ibufg/I
                  R4                   IBUF (Prop_ibuf_I_O)         0.243     0.243 r  clk_gen/inst/clkin1_ibufg/O
                                       net (fo=1, routed)           0.440     0.683    clk_gen/inst/clk_in1_clk_wiz_0
                  PLLE2_ADV_X1Y2                                                    r  clk_gen/inst/plle2_adv_inst/CLKIN1
                  PLLE2_ADV_X1Y2       PLLE2_ADV (Prop_plle2_adv_CLKIN1_CLKOUT0)
                                                                   -2.503    -1.819 r  clk_gen/inst/plle2_adv_inst/CLKOUT0
                                       net (fo=1, routed)           0.546    -1.273    clk_gen/inst/clk_out1_clk_wiz_0
                  BUFGCTRL_X0Y14                                                    r  clk_gen/inst/clkout1_buf_replica_1/I
                  BUFGCTRL_X0Y14       BUFG (Prop_bufg_I_O)         0.026    -1.247 r  clk_gen/inst/clkout1_buf_replica_1/O
                                       net (fo=7, routed)           0.030    -1.217    clk_gen/inst/clk_out1_repN_1
                  BUFGCTRL_X0Y15                                                    r  clk_gen/inst/clkout1_buf_replica/I
                  BUFGCTRL_X0Y15       BUFG (Prop_bufg_I_O)         0.026    -1.191 r  clk_gen/inst/clkout1_buf_replica/O
                                       net (fo=4, routed)           0.042    -1.149    clk_gen/inst/clk_out1_repN
                  BUFGCTRL_X0Y0                                                     r  clk_gen/inst/clkout1_buf/I
                  BUFGCTRL_X0Y0        BUFG (Prop_bufg_I_O)         0.026    -1.123 r  clk_gen/inst/clkout1_buf/O
                                       net (fo=4403, routed)        0.680    -0.443    clk_cpu
                  SLICE_X27Y80         FDPE                                         r  reset_sync_reg[2]_replica_10/C
  ---------------------------------------------------------------------------------    -------------------
    Placement     SLICE_X27Y80         FDPE (Prop_fdpe_C_Q)         0.141    -0.302 f  reset_sync_reg[2]_replica_10/Q
                                       net (fo=207, routed)         0.167    -0.135    rv64im72f_6sp/alu/divider_dword/internal_reset_repN_10_alias
    Placement     SLICE_X35Y80         FDCE                                         f  rv64im72f_6sp/alu/divider_dword/quotient_reg_reg[52]/CLR
  ---------------------------------------------------------------------------------    -------------------

                                       (clock clk_out1_clk_wiz_0 rise edge)
                                                                    0.000     0.000 r  
                  R4                                                0.000     0.000 r  clk (IN)
                                       net (fo=0)                   0.000     0.000    clk_gen/inst/clk_in1
                  R4                                                                r  clk_gen/inst/clkin1_ibufg/I
                  R4                   IBUF (Prop_ibuf_I_O)         0.431     0.431 r  clk_gen/inst/clkin1_ibufg/O
                                       net (fo=1, routed)           0.481     0.912    clk_gen/inst/clk_in1_clk_wiz_0
                  PLLE2_ADV_X1Y2                                                    r  clk_gen/inst/plle2_adv_inst/CLKIN1
                  PLLE2_ADV_X1Y2       PLLE2_ADV (Prop_plle2_adv_CLKIN1_CLKOUT0)
                                                                   -2.828    -1.916 r  clk_gen/inst/plle2_adv_inst/CLKOUT0
                                       net (fo=1, routed)           0.595    -1.322    clk_gen/inst/clk_out1_clk_wiz_0
                  BUFGCTRL_X0Y14                                                    r  clk_gen/inst/clkout1_buf_replica_1/I
                  BUFGCTRL_X0Y14       BUFG (Prop_bufg_I_O)         0.029    -1.293 r  clk_gen/inst/clkout1_buf_replica_1/O
                                       net (fo=7, routed)           0.033    -1.260    clk_gen/inst/clk_out1_repN_1
                  BUFGCTRL_X0Y15                                                    r  clk_gen/inst/clkout1_buf_replica/I
                  BUFGCTRL_X0Y15       BUFG (Prop_bufg_I_O)         0.029    -1.231 r  clk_gen/inst/clkout1_buf_replica/O
                                       net (fo=4, routed)           0.046    -1.185    clk_gen/inst/clk_out1_repN
                  BUFGCTRL_X0Y0                                                     r  clk_gen/inst/clkout1_buf/I
                  BUFGCTRL_X0Y0        BUFG (Prop_bufg_I_O)         0.029    -1.156 r  clk_gen/inst/clkout1_buf/O
                                       net (fo=4403, routed)        0.951    -0.205    rv64im72f_6sp/alu/divider_dword/clk_out1
                  SLICE_X35Y80         FDCE                                         r  rv64im72f_6sp/alu/divider_dword/quotient_reg_reg[52]/C
                                       clock pessimism             -0.205    -0.410    
                  SLICE_X35Y80         FDCE (Remov_fdce_C_CLR)     -0.092    -0.502    rv64im72f_6sp/alu/divider_dword/quotient_reg_reg[52]
  ---------------------------------------------------------------------------------
                                       required time                          0.502    
                                       arrival time                          -0.135    
  ---------------------------------------------------------------------------------
                                       slack                                  0.367    





---------------------------------------------------------------------------------------------------
Path Group:  **async_default**
From Clock:  clk_out1_clk_wiz_0_1
  To Clock:  clk_out1_clk_wiz_0

Setup :            0  Failing Endpoints,  Worst Slack        5.107ns,  Total Violation        0.000ns
Hold  :            0  Failing Endpoints,  Worst Slack        0.273ns,  Total Violation        0.000ns
---------------------------------------------------------------------------------------------------


Max Delay Paths
--------------------------------------------------------------------------------------
Slack (MET) :             5.107ns  (required time - arrival time)
  Source:                 reset_sync_reg[2]_replica_9/C
                            (rising edge-triggered cell FDPE clocked by clk_out1_clk_wiz_0_1  {rise@0.000ns fall@6.176ns period=12.353ns})
  Destination:            rv64im72f_6sp/alu/multiplier_dword/abs_B_s1_reg[52]/CLR
                            (recovery check against rising-edge clock clk_out1_clk_wiz_0  {rise@0.000ns fall@6.176ns period=12.353ns})
  Path Group:             **async_default**
  Path Type:              Recovery (Max at Slow Process Corner)
  Requirement:            12.353ns  (clk_out1_clk_wiz_0 rise@12.353ns - clk_out1_clk_wiz_0_1 rise@0.000ns)
  Data Path Delay:        6.793ns  (logic 0.456ns (6.713%)  route 6.337ns (93.287%))
  Logic Levels:           0  
  Clock Path Skew:        -0.040ns (DCD - SCD + CPR)
    Destination Clock Delay (DCD):    -1.542ns = ( 10.811 - 12.353 ) 
    Source Clock Delay      (SCD):    -1.905ns
    Clock Pessimism Removal (CPR):    -0.403ns
  Clock Uncertainty:      0.094ns  ((TSJ^2 + DJ^2)^1/2) / 2 + PE
    Total System Jitter     (TSJ):    0.071ns
    Discrete Jitter          (DJ):    0.174ns
    Phase Error              (PE):    0.000ns
  Clock Domain Crossing:  Inter clock paths are considered valid unless explicitly excluded by timing constraints such as set_clock_groups or set_false_path.

    Pin Reuse     Location             Delay type                Incr(ns)  Path(ns)    Netlist Resource(s)
  ---------------------------------------------------------------------------------    -------------------
                                       (clock clk_out1_clk_wiz_0_1 rise edge)
                                                                    0.000     0.000 r  
                  R4                                                0.000     0.000 r  clk (IN)
                                       net (fo=0)                   0.000     0.000    clk_gen/inst/clk_in1
                  R4                                                                r  clk_gen/inst/clkin1_ibufg/I
                  R4                   IBUF (Prop_ibuf_I_O)         1.475     1.475 r  clk_gen/inst/clkin1_ibufg/O
                                       net (fo=1, routed)           1.253     2.728    clk_gen/inst/clk_in1_clk_wiz_0
                  PLLE2_ADV_X1Y2                                                    r  clk_gen/inst/plle2_adv_inst/CLKIN1
                  PLLE2_ADV_X1Y2       PLLE2_ADV (Prop_plle2_adv_CLKIN1_CLKOUT0)
                                                                   -8.953    -6.225 r  clk_gen/inst/plle2_adv_inst/CLKOUT0
                                       net (fo=1, routed)           1.802    -4.422    clk_gen/inst/clk_out1_clk_wiz_0
                  BUFGCTRL_X0Y14                                                    r  clk_gen/inst/clkout1_buf_replica_1/I
                  BUFGCTRL_X0Y14       BUFG (Prop_bufg_I_O)         0.096    -4.326 r  clk_gen/inst/clkout1_buf_replica_1/O
                                       net (fo=7, routed)           0.140    -4.186    clk_gen/inst/clk_out1_repN_1
                  BUFGCTRL_X0Y15                                                    r  clk_gen/inst/clkout1_buf_replica/I
                  BUFGCTRL_X0Y15       BUFG (Prop_bufg_I_O)         0.096    -4.090 r  clk_gen/inst/clkout1_buf_replica/O
                                       net (fo=4, routed)           0.154    -3.936    clk_gen/inst/clk_out1_repN
                  BUFGCTRL_X0Y0                                                     r  clk_gen/inst/clkout1_buf/I
                  BUFGCTRL_X0Y0        BUFG (Prop_bufg_I_O)         0.096    -3.840 r  clk_gen/inst/clkout1_buf/O
                                       net (fo=4403, routed)        1.935    -1.905    clk_cpu
                  SLICE_X21Y67         FDPE                                         r  reset_sync_reg[2]_replica_9/C
  ---------------------------------------------------------------------------------    -------------------
    Placement     SLICE_X21Y67         FDPE (Prop_fdpe_C_Q)         0.456    -1.449 f  reset_sync_reg[2]_replica_9/Q
                                       net (fo=175, routed)         6.337     4.888    rv64im72f_6sp/alu/multiplier_dword/internal_reset_repN_9_alias
    Placement     SLICE_X22Y82         FDCE                                         f  rv64im72f_6sp/alu/multiplier_dword/abs_B_s1_reg[52]/CLR
  ---------------------------------------------------------------------------------    -------------------

                                       (clock clk_out1_clk_wiz_0 rise edge)
                                                                   12.353    12.353 r  
                  R4                                                0.000    12.353 r  clk (IN)
                                       net (fo=0)                   0.000    12.353    clk_gen/inst/clk_in1
                  R4                                                                r  clk_gen/inst/clkin1_ibufg/I
                  R4                   IBUF (Prop_ibuf_I_O)         1.405    13.758 r  clk_gen/inst/clkin1_ibufg/O
                                       net (fo=1, routed)           1.181    14.938    clk_gen/inst/clk_in1_clk_wiz_0
                  PLLE2_ADV_X1Y2                                                    r  clk_gen/inst/plle2_adv_inst/CLKIN1
                  PLLE2_ADV_X1Y2       PLLE2_ADV (Prop_plle2_adv_CLKIN1_CLKOUT0)
                                                                   -8.206     6.733 r  clk_gen/inst/plle2_adv_inst/CLKOUT0
                                       net (fo=1, routed)           1.718     8.451    clk_gen/inst/clk_out1_clk_wiz_0
                  BUFGCTRL_X0Y14                                                    r  clk_gen/inst/clkout1_buf_replica_1/I
                  BUFGCTRL_X0Y14       BUFG (Prop_bufg_I_O)         0.091     8.542 r  clk_gen/inst/clkout1_buf_replica_1/O
                                       net (fo=7, routed)           0.133     8.675    clk_gen/inst/clk_out1_repN_1
                  BUFGCTRL_X0Y15                                                    r  clk_gen/inst/clkout1_buf_replica/I
                  BUFGCTRL_X0Y15       BUFG (Prop_bufg_I_O)         0.091     8.766 r  clk_gen/inst/clkout1_buf_replica/O
                                       net (fo=4, routed)           0.147     8.913    clk_gen/inst/clk_out1_repN
                  BUFGCTRL_X0Y0                                                     r  clk_gen/inst/clkout1_buf/I
                  BUFGCTRL_X0Y0        BUFG (Prop_bufg_I_O)         0.091     9.004 r  clk_gen/inst/clkout1_buf/O
                                       net (fo=4403, routed)        1.807    10.811    rv64im72f_6sp/alu/multiplier_dword/clk_out1
                  SLICE_X22Y82         FDCE                                         r  rv64im72f_6sp/alu/multiplier_dword/abs_B_s1_reg[52]/C
                                       clock pessimism             -0.403    10.408    
                                       clock uncertainty           -0.094    10.314    
                  SLICE_X22Y82         FDCE (Recov_fdce_C_CLR)     -0.319     9.995    rv64im72f_6sp/alu/multiplier_dword/abs_B_s1_reg[52]
  ---------------------------------------------------------------------------------
                                       required time                          9.995    
                                       arrival time                          -4.888    
  ---------------------------------------------------------------------------------
                                       slack                                  5.107    





Min Delay Paths
--------------------------------------------------------------------------------------
Slack (MET) :             0.273ns  (arrival time - required time)
  Source:                 reset_sync_reg[2]_replica_10/C
                            (rising edge-triggered cell FDPE clocked by clk_out1_clk_wiz_0_1  {rise@0.000ns fall@6.176ns period=12.353ns})
  Destination:            rv64im72f_6sp/alu/divider_dword/quotient_reg_reg[52]/CLR
                            (removal check against rising-edge clock clk_out1_clk_wiz_0  {rise@0.000ns fall@6.176ns period=12.353ns})
  Path Group:             **async_default**
  Path Type:              Removal (Min at Fast Process Corner)
  Requirement:            0.000ns  (clk_out1_clk_wiz_0 rise@0.000ns - clk_out1_clk_wiz_0_1 rise@0.000ns)
  Data Path Delay:        0.308ns  (logic 0.141ns (45.713%)  route 0.167ns (54.287%))
  Logic Levels:           0  
  Clock Path Skew:        0.033ns (DCD - SCD - CPR)
    Destination Clock Delay (DCD):    -0.205ns
    Source Clock Delay      (SCD):    -0.443ns
    Clock Pessimism Removal (CPR):    0.205ns
  Clock Uncertainty:      0.094ns  ((TSJ^2 + DJ^2)^1/2) / 2 + PE
    Total System Jitter     (TSJ):    0.071ns
    Discrete Jitter          (DJ):    0.174ns
    Phase Error              (PE):    0.000ns
  Clock Domain Crossing:  Inter clock paths are considered valid unless explicitly excluded by timing constraints such as set_clock_groups or set_false_path.

    Pin Reuse     Location             Delay type                Incr(ns)  Path(ns)    Netlist Resource(s)
  ---------------------------------------------------------------------------------    -------------------
                                       (clock clk_out1_clk_wiz_0_1 rise edge)
                                                                    0.000     0.000 r  
                  R4                                                0.000     0.000 r  clk (IN)
                                       net (fo=0)                   0.000     0.000    clk_gen/inst/clk_in1
                  R4                                                                r  clk_gen/inst/clkin1_ibufg/I
                  R4                   IBUF (Prop_ibuf_I_O)         0.243     0.243 r  clk_gen/inst/clkin1_ibufg/O
                                       net (fo=1, routed)           0.440     0.683    clk_gen/inst/clk_in1_clk_wiz_0
                  PLLE2_ADV_X1Y2                                                    r  clk_gen/inst/plle2_adv_inst/CLKIN1
                  PLLE2_ADV_X1Y2       PLLE2_ADV (Prop_plle2_adv_CLKIN1_CLKOUT0)
                                                                   -2.503    -1.819 r  clk_gen/inst/plle2_adv_inst/CLKOUT0
                                       net (fo=1, routed)           0.546    -1.273    clk_gen/inst/clk_out1_clk_wiz_0
                  BUFGCTRL_X0Y14                                                    r  clk_gen/inst/clkout1_buf_replica_1/I
                  BUFGCTRL_X0Y14       BUFG (Prop_bufg_I_O)         0.026    -1.247 r  clk_gen/inst/clkout1_buf_replica_1/O
                                       net (fo=7, routed)           0.030    -1.217    clk_gen/inst/clk_out1_repN_1
                  BUFGCTRL_X0Y15                                                    r  clk_gen/inst/clkout1_buf_replica/I
                  BUFGCTRL_X0Y15       BUFG (Prop_bufg_I_O)         0.026    -1.191 r  clk_gen/inst/clkout1_buf_replica/O
                                       net (fo=4, routed)           0.042    -1.149    clk_gen/inst/clk_out1_repN
                  BUFGCTRL_X0Y0                                                     r  clk_gen/inst/clkout1_buf/I
                  BUFGCTRL_X0Y0        BUFG (Prop_bufg_I_O)         0.026    -1.123 r  clk_gen/inst/clkout1_buf/O
                                       net (fo=4403, routed)        0.680    -0.443    clk_cpu
                  SLICE_X27Y80         FDPE                                         r  reset_sync_reg[2]_replica_10/C
  ---------------------------------------------------------------------------------    -------------------
    Placement     SLICE_X27Y80         FDPE (Prop_fdpe_C_Q)         0.141    -0.302 f  reset_sync_reg[2]_replica_10/Q
                                       net (fo=207, routed)         0.167    -0.135    rv64im72f_6sp/alu/divider_dword/internal_reset_repN_10_alias
    Placement     SLICE_X35Y80         FDCE                                         f  rv64im72f_6sp/alu/divider_dword/quotient_reg_reg[52]/CLR
  ---------------------------------------------------------------------------------    -------------------

                                       (clock clk_out1_clk_wiz_0 rise edge)
                                                                    0.000     0.000 r  
                  R4                                                0.000     0.000 r  clk (IN)
                                       net (fo=0)                   0.000     0.000    clk_gen/inst/clk_in1
                  R4                                                                r  clk_gen/inst/clkin1_ibufg/I
                  R4                   IBUF (Prop_ibuf_I_O)         0.431     0.431 r  clk_gen/inst/clkin1_ibufg/O
                                       net (fo=1, routed)           0.481     0.912    clk_gen/inst/clk_in1_clk_wiz_0
                  PLLE2_ADV_X1Y2                                                    r  clk_gen/inst/plle2_adv_inst/CLKIN1
                  PLLE2_ADV_X1Y2       PLLE2_ADV (Prop_plle2_adv_CLKIN1_CLKOUT0)
                                                                   -2.828    -1.916 r  clk_gen/inst/plle2_adv_inst/CLKOUT0
                                       net (fo=1, routed)           0.595    -1.322    clk_gen/inst/clk_out1_clk_wiz_0
                  BUFGCTRL_X0Y14                                                    r  clk_gen/inst/clkout1_buf_replica_1/I
                  BUFGCTRL_X0Y14       BUFG (Prop_bufg_I_O)         0.029    -1.293 r  clk_gen/inst/clkout1_buf_replica_1/O
                                       net (fo=7, routed)           0.033    -1.260    clk_gen/inst/clk_out1_repN_1
                  BUFGCTRL_X0Y15                                                    r  clk_gen/inst/clkout1_buf_replica/I
                  BUFGCTRL_X0Y15       BUFG (Prop_bufg_I_O)         0.029    -1.231 r  clk_gen/inst/clkout1_buf_replica/O
                                       net (fo=4, routed)           0.046    -1.185    clk_gen/inst/clk_out1_repN
                  BUFGCTRL_X0Y0                                                     r  clk_gen/inst/clkout1_buf/I
                  BUFGCTRL_X0Y0        BUFG (Prop_bufg_I_O)         0.029    -1.156 r  clk_gen/inst/clkout1_buf/O
                                       net (fo=4403, routed)        0.951    -0.205    rv64im72f_6sp/alu/divider_dword/clk_out1
                  SLICE_X35Y80         FDCE                                         r  rv64im72f_6sp/alu/divider_dword/quotient_reg_reg[52]/C
                                       clock pessimism             -0.205    -0.410    
                                       clock uncertainty            0.094    -0.316    
                  SLICE_X35Y80         FDCE (Remov_fdce_C_CLR)     -0.092    -0.408    rv64im72f_6sp/alu/divider_dword/quotient_reg_reg[52]
  ---------------------------------------------------------------------------------
                                       required time                          0.408    
                                       arrival time                          -0.135    
  ---------------------------------------------------------------------------------
                                       slack                                  0.273    





---------------------------------------------------------------------------------------------------
Path Group:  **async_default**
From Clock:  clk_out1_clk_wiz_0
  To Clock:  clk_out1_clk_wiz_0_1

Setup :            0  Failing Endpoints,  Worst Slack        5.107ns,  Total Violation        0.000ns
Hold  :            0  Failing Endpoints,  Worst Slack        0.273ns,  Total Violation        0.000ns
---------------------------------------------------------------------------------------------------


Max Delay Paths
--------------------------------------------------------------------------------------
Slack (MET) :             5.107ns  (required time - arrival time)
  Source:                 reset_sync_reg[2]_replica_9/C
                            (rising edge-triggered cell FDPE clocked by clk_out1_clk_wiz_0  {rise@0.000ns fall@6.176ns period=12.353ns})
  Destination:            rv64im72f_6sp/alu/multiplier_dword/abs_B_s1_reg[52]/CLR
                            (recovery check against rising-edge clock clk_out1_clk_wiz_0_1  {rise@0.000ns fall@6.176ns period=12.353ns})
  Path Group:             **async_default**
  Path Type:              Recovery (Max at Slow Process Corner)
  Requirement:            12.353ns  (clk_out1_clk_wiz_0_1 rise@12.353ns - clk_out1_clk_wiz_0 rise@0.000ns)
  Data Path Delay:        6.793ns  (logic 0.456ns (6.713%)  route 6.337ns (93.287%))
  Logic Levels:           0  
  Clock Path Skew:        -0.040ns (DCD - SCD + CPR)
    Destination Clock Delay (DCD):    -1.542ns = ( 10.811 - 12.353 ) 
    Source Clock Delay      (SCD):    -1.905ns
    Clock Pessimism Removal (CPR):    -0.403ns
  Clock Uncertainty:      0.094ns  ((TSJ^2 + DJ^2)^1/2) / 2 + PE
    Total System Jitter     (TSJ):    0.071ns
    Discrete Jitter          (DJ):    0.174ns
    Phase Error              (PE):    0.000ns
  Clock Domain Crossing:  Inter clock paths are considered valid unless explicitly excluded by timing constraints such as set_clock_groups or set_false_path.

    Pin Reuse     Location             Delay type                Incr(ns)  Path(ns)    Netlist Resource(s)
  ---------------------------------------------------------------------------------    -------------------
                                       (clock clk_out1_clk_wiz_0 rise edge)
                                                                    0.000     0.000 r  
                  R4                                                0.000     0.000 r  clk (IN)
                                       net (fo=0)                   0.000     0.000    clk_gen/inst/clk_in1
                  R4                                                                r  clk_gen/inst/clkin1_ibufg/I
                  R4                   IBUF (Prop_ibuf_I_O)         1.475     1.475 r  clk_gen/inst/clkin1_ibufg/O
                                       net (fo=1, routed)           1.253     2.728    clk_gen/inst/clk_in1_clk_wiz_0
                  PLLE2_ADV_X1Y2                                                    r  clk_gen/inst/plle2_adv_inst/CLKIN1
                  PLLE2_ADV_X1Y2       PLLE2_ADV (Prop_plle2_adv_CLKIN1_CLKOUT0)
                                                                   -8.953    -6.225 r  clk_gen/inst/plle2_adv_inst/CLKOUT0
                                       net (fo=1, routed)           1.802    -4.422    clk_gen/inst/clk_out1_clk_wiz_0
                  BUFGCTRL_X0Y14                                                    r  clk_gen/inst/clkout1_buf_replica_1/I
                  BUFGCTRL_X0Y14       BUFG (Prop_bufg_I_O)         0.096    -4.326 r  clk_gen/inst/clkout1_buf_replica_1/O
                                       net (fo=7, routed)           0.140    -4.186    clk_gen/inst/clk_out1_repN_1
                  BUFGCTRL_X0Y15                                                    r  clk_gen/inst/clkout1_buf_replica/I
                  BUFGCTRL_X0Y15       BUFG (Prop_bufg_I_O)         0.096    -4.090 r  clk_gen/inst/clkout1_buf_replica/O
                                       net (fo=4, routed)           0.154    -3.936    clk_gen/inst/clk_out1_repN
                  BUFGCTRL_X0Y0                                                     r  clk_gen/inst/clkout1_buf/I
                  BUFGCTRL_X0Y0        BUFG (Prop_bufg_I_O)         0.096    -3.840 r  clk_gen/inst/clkout1_buf/O
                                       net (fo=4403, routed)        1.935    -1.905    clk_cpu
                  SLICE_X21Y67         FDPE                                         r  reset_sync_reg[2]_replica_9/C
  ---------------------------------------------------------------------------------    -------------------
    Placement     SLICE_X21Y67         FDPE (Prop_fdpe_C_Q)         0.456    -1.449 f  reset_sync_reg[2]_replica_9/Q
                                       net (fo=175, routed)         6.337     4.888    rv64im72f_6sp/alu/multiplier_dword/internal_reset_repN_9_alias
    Placement     SLICE_X22Y82         FDCE                                         f  rv64im72f_6sp/alu/multiplier_dword/abs_B_s1_reg[52]/CLR
  ---------------------------------------------------------------------------------    -------------------

                                       (clock clk_out1_clk_wiz_0_1 rise edge)
                                                                   12.353    12.353 r  
                  R4                                                0.000    12.353 r  clk (IN)
                                       net (fo=0)                   0.000    12.353    clk_gen/inst/clk_in1
                  R4                                                                r  clk_gen/inst/clkin1_ibufg/I
                  R4                   IBUF (Prop_ibuf_I_O)         1.405    13.758 r  clk_gen/inst/clkin1_ibufg/O
                                       net (fo=1, routed)           1.181    14.938    clk_gen/inst/clk_in1_clk_wiz_0
                  PLLE2_ADV_X1Y2                                                    r  clk_gen/inst/plle2_adv_inst/CLKIN1
                  PLLE2_ADV_X1Y2       PLLE2_ADV (Prop_plle2_adv_CLKIN1_CLKOUT0)
                                                                   -8.206     6.733 r  clk_gen/inst/plle2_adv_inst/CLKOUT0
                                       net (fo=1, routed)           1.718     8.451    clk_gen/inst/clk_out1_clk_wiz_0
                  BUFGCTRL_X0Y14                                                    r  clk_gen/inst/clkout1_buf_replica_1/I
                  BUFGCTRL_X0Y14       BUFG (Prop_bufg_I_O)         0.091     8.542 r  clk_gen/inst/clkout1_buf_replica_1/O
                                       net (fo=7, routed)           0.133     8.675    clk_gen/inst/clk_out1_repN_1
                  BUFGCTRL_X0Y15                                                    r  clk_gen/inst/clkout1_buf_replica/I
                  BUFGCTRL_X0Y15       BUFG (Prop_bufg_I_O)         0.091     8.766 r  clk_gen/inst/clkout1_buf_replica/O
                                       net (fo=4, routed)           0.147     8.913    clk_gen/inst/clk_out1_repN
                  BUFGCTRL_X0Y0                                                     r  clk_gen/inst/clkout1_buf/I
                  BUFGCTRL_X0Y0        BUFG (Prop_bufg_I_O)         0.091     9.004 r  clk_gen/inst/clkout1_buf/O
                                       net (fo=4403, routed)        1.807    10.811    rv64im72f_6sp/alu/multiplier_dword/clk_out1
                  SLICE_X22Y82         FDCE                                         r  rv64im72f_6sp/alu/multiplier_dword/abs_B_s1_reg[52]/C
                                       clock pessimism             -0.403    10.408    
                                       clock uncertainty           -0.094    10.314    
                  SLICE_X22Y82         FDCE (Recov_fdce_C_CLR)     -0.319     9.995    rv64im72f_6sp/alu/multiplier_dword/abs_B_s1_reg[52]
  ---------------------------------------------------------------------------------
                                       required time                          9.995    
                                       arrival time                          -4.888    
  ---------------------------------------------------------------------------------
                                       slack                                  5.107    





Min Delay Paths
--------------------------------------------------------------------------------------
Slack (MET) :             0.273ns  (arrival time - required time)
  Source:                 reset_sync_reg[2]_replica_10/C
                            (rising edge-triggered cell FDPE clocked by clk_out1_clk_wiz_0  {rise@0.000ns fall@6.176ns period=12.353ns})
  Destination:            rv64im72f_6sp/alu/divider_dword/quotient_reg_reg[52]/CLR
                            (removal check against rising-edge clock clk_out1_clk_wiz_0_1  {rise@0.000ns fall@6.176ns period=12.353ns})
  Path Group:             **async_default**
  Path Type:              Removal (Min at Fast Process Corner)
  Requirement:            0.000ns  (clk_out1_clk_wiz_0_1 rise@0.000ns - clk_out1_clk_wiz_0 rise@0.000ns)
  Data Path Delay:        0.308ns  (logic 0.141ns (45.713%)  route 0.167ns (54.287%))
  Logic Levels:           0  
  Clock Path Skew:        0.033ns (DCD - SCD - CPR)
    Destination Clock Delay (DCD):    -0.205ns
    Source Clock Delay      (SCD):    -0.443ns
    Clock Pessimism Removal (CPR):    0.205ns
  Clock Uncertainty:      0.094ns  ((TSJ^2 + DJ^2)^1/2) / 2 + PE
    Total System Jitter     (TSJ):    0.071ns
    Discrete Jitter          (DJ):    0.174ns
    Phase Error              (PE):    0.000ns
  Clock Domain Crossing:  Inter clock paths are considered valid unless explicitly excluded by timing constraints such as set_clock_groups or set_false_path.

    Pin Reuse     Location             Delay type                Incr(ns)  Path(ns)    Netlist Resource(s)
  ---------------------------------------------------------------------------------    -------------------
                                       (clock clk_out1_clk_wiz_0 rise edge)
                                                                    0.000     0.000 r  
                  R4                                                0.000     0.000 r  clk (IN)
                                       net (fo=0)                   0.000     0.000    clk_gen/inst/clk_in1
                  R4                                                                r  clk_gen/inst/clkin1_ibufg/I
                  R4                   IBUF (Prop_ibuf_I_O)         0.243     0.243 r  clk_gen/inst/clkin1_ibufg/O
                                       net (fo=1, routed)           0.440     0.683    clk_gen/inst/clk_in1_clk_wiz_0
                  PLLE2_ADV_X1Y2                                                    r  clk_gen/inst/plle2_adv_inst/CLKIN1
                  PLLE2_ADV_X1Y2       PLLE2_ADV (Prop_plle2_adv_CLKIN1_CLKOUT0)
                                                                   -2.503    -1.819 r  clk_gen/inst/plle2_adv_inst/CLKOUT0
                                       net (fo=1, routed)           0.546    -1.273    clk_gen/inst/clk_out1_clk_wiz_0
                  BUFGCTRL_X0Y14                                                    r  clk_gen/inst/clkout1_buf_replica_1/I
                  BUFGCTRL_X0Y14       BUFG (Prop_bufg_I_O)         0.026    -1.247 r  clk_gen/inst/clkout1_buf_replica_1/O
                                       net (fo=7, routed)           0.030    -1.217    clk_gen/inst/clk_out1_repN_1
                  BUFGCTRL_X0Y15                                                    r  clk_gen/inst/clkout1_buf_replica/I
                  BUFGCTRL_X0Y15       BUFG (Prop_bufg_I_O)         0.026    -1.191 r  clk_gen/inst/clkout1_buf_replica/O
                                       net (fo=4, routed)           0.042    -1.149    clk_gen/inst/clk_out1_repN
                  BUFGCTRL_X0Y0                                                     r  clk_gen/inst/clkout1_buf/I
                  BUFGCTRL_X0Y0        BUFG (Prop_bufg_I_O)         0.026    -1.123 r  clk_gen/inst/clkout1_buf/O
                                       net (fo=4403, routed)        0.680    -0.443    clk_cpu
                  SLICE_X27Y80         FDPE                                         r  reset_sync_reg[2]_replica_10/C
  ---------------------------------------------------------------------------------    -------------------
    Placement     SLICE_X27Y80         FDPE (Prop_fdpe_C_Q)         0.141    -0.302 f  reset_sync_reg[2]_replica_10/Q
                                       net (fo=207, routed)         0.167    -0.135    rv64im72f_6sp/alu/divider_dword/internal_reset_repN_10_alias
    Placement     SLICE_X35Y80         FDCE                                         f  rv64im72f_6sp/alu/divider_dword/quotient_reg_reg[52]/CLR
  ---------------------------------------------------------------------------------    -------------------

                                       (clock clk_out1_clk_wiz_0_1 rise edge)
                                                                    0.000     0.000 r  
                  R4                                                0.000     0.000 r  clk (IN)
                                       net (fo=0)                   0.000     0.000    clk_gen/inst/clk_in1
                  R4                                                                r  clk_gen/inst/clkin1_ibufg/I
                  R4                   IBUF (Prop_ibuf_I_O)         0.431     0.431 r  clk_gen/inst/clkin1_ibufg/O
                                       net (fo=1, routed)           0.481     0.912    clk_gen/inst/clk_in1_clk_wiz_0
                  PLLE2_ADV_X1Y2                                                    r  clk_gen/inst/plle2_adv_inst/CLKIN1
                  PLLE2_ADV_X1Y2       PLLE2_ADV (Prop_plle2_adv_CLKIN1_CLKOUT0)
                                                                   -2.828    -1.916 r  clk_gen/inst/plle2_adv_inst/CLKOUT0
                                       net (fo=1, routed)           0.595    -1.322    clk_gen/inst/clk_out1_clk_wiz_0
                  BUFGCTRL_X0Y14                                                    r  clk_gen/inst/clkout1_buf_replica_1/I
                  BUFGCTRL_X0Y14       BUFG (Prop_bufg_I_O)         0.029    -1.293 r  clk_gen/inst/clkout1_buf_replica_1/O
                                       net (fo=7, routed)           0.033    -1.260    clk_gen/inst/clk_out1_repN_1
                  BUFGCTRL_X0Y15                                                    r  clk_gen/inst/clkout1_buf_replica/I
                  BUFGCTRL_X0Y15       BUFG (Prop_bufg_I_O)         0.029    -1.231 r  clk_gen/inst/clkout1_buf_replica/O
                                       net (fo=4, routed)           0.046    -1.185    clk_gen/inst/clk_out1_repN
                  BUFGCTRL_X0Y0                                                     r  clk_gen/inst/clkout1_buf/I
                  BUFGCTRL_X0Y0        BUFG (Prop_bufg_I_O)         0.029    -1.156 r  clk_gen/inst/clkout1_buf/O
                                       net (fo=4403, routed)        0.951    -0.205    rv64im72f_6sp/alu/divider_dword/clk_out1
                  SLICE_X35Y80         FDCE                                         r  rv64im72f_6sp/alu/divider_dword/quotient_reg_reg[52]/C
                                       clock pessimism             -0.205    -0.410    
                                       clock uncertainty            0.094    -0.316    
                  SLICE_X35Y80         FDCE (Remov_fdce_C_CLR)     -0.092    -0.408    rv64im72f_6sp/alu/divider_dword/quotient_reg_reg[52]
  ---------------------------------------------------------------------------------
                                       required time                          0.408    
                                       arrival time                          -0.135    
  ---------------------------------------------------------------------------------
                                       slack                                  0.273    





---------------------------------------------------------------------------------------------------
Path Group:  **async_default**
From Clock:  clk_out1_clk_wiz_0_1
  To Clock:  clk_out1_clk_wiz_0_1

Setup :            0  Failing Endpoints,  Worst Slack        5.109ns,  Total Violation        0.000ns
Hold  :            0  Failing Endpoints,  Worst Slack        0.367ns,  Total Violation        0.000ns
---------------------------------------------------------------------------------------------------


Max Delay Paths
--------------------------------------------------------------------------------------
Slack (MET) :             5.109ns  (required time - arrival time)
  Source:                 reset_sync_reg[2]_replica_9/C
                            (rising edge-triggered cell FDPE clocked by clk_out1_clk_wiz_0_1  {rise@0.000ns fall@6.176ns period=12.353ns})
  Destination:            rv64im72f_6sp/alu/multiplier_dword/abs_B_s1_reg[52]/CLR
                            (recovery check against rising-edge clock clk_out1_clk_wiz_0_1  {rise@0.000ns fall@6.176ns period=12.353ns})
  Path Group:             **async_default**
  Path Type:              Recovery (Max at Slow Process Corner)
  Requirement:            12.353ns  (clk_out1_clk_wiz_0_1 rise@12.353ns - clk_out1_clk_wiz_0_1 rise@0.000ns)
  Data Path Delay:        6.793ns  (logic 0.456ns (6.713%)  route 6.337ns (93.287%))
  Logic Levels:           0  
  Clock Path Skew:        -0.040ns (DCD - SCD + CPR)
    Destination Clock Delay (DCD):    -1.542ns = ( 10.811 - 12.353 ) 
    Source Clock Delay      (SCD):    -1.905ns
    Clock Pessimism Removal (CPR):    -0.403ns
  Clock Uncertainty:      0.092ns  ((TSJ^2 + DJ^2)^1/2) / 2 + PE
    Total System Jitter     (TSJ):    0.071ns
    Discrete Jitter          (DJ):    0.170ns
    Phase Error              (PE):    0.000ns

    Pin Reuse     Location             Delay type                Incr(ns)  Path(ns)    Netlist Resource(s)
  ---------------------------------------------------------------------------------    -------------------
                                       (clock clk_out1_clk_wiz_0_1 rise edge)
                                                                    0.000     0.000 r  
                  R4                                                0.000     0.000 r  clk (IN)
                                       net (fo=0)                   0.000     0.000    clk_gen/inst/clk_in1
                  R4                                                                r  clk_gen/inst/clkin1_ibufg/I
                  R4                   IBUF (Prop_ibuf_I_O)         1.475     1.475 r  clk_gen/inst/clkin1_ibufg/O
                                       net (fo=1, routed)           1.253     2.728    clk_gen/inst/clk_in1_clk_wiz_0
                  PLLE2_ADV_X1Y2                                                    r  clk_gen/inst/plle2_adv_inst/CLKIN1
                  PLLE2_ADV_X1Y2       PLLE2_ADV (Prop_plle2_adv_CLKIN1_CLKOUT0)
                                                                   -8.953    -6.225 r  clk_gen/inst/plle2_adv_inst/CLKOUT0
                                       net (fo=1, routed)           1.802    -4.422    clk_gen/inst/clk_out1_clk_wiz_0
                  BUFGCTRL_X0Y14                                                    r  clk_gen/inst/clkout1_buf_replica_1/I
                  BUFGCTRL_X0Y14       BUFG (Prop_bufg_I_O)         0.096    -4.326 r  clk_gen/inst/clkout1_buf_replica_1/O
                                       net (fo=7, routed)           0.140    -4.186    clk_gen/inst/clk_out1_repN_1
                  BUFGCTRL_X0Y15                                                    r  clk_gen/inst/clkout1_buf_replica/I
                  BUFGCTRL_X0Y15       BUFG (Prop_bufg_I_O)         0.096    -4.090 r  clk_gen/inst/clkout1_buf_replica/O
                                       net (fo=4, routed)           0.154    -3.936    clk_gen/inst/clk_out1_repN
                  BUFGCTRL_X0Y0                                                     r  clk_gen/inst/clkout1_buf/I
                  BUFGCTRL_X0Y0        BUFG (Prop_bufg_I_O)         0.096    -3.840 r  clk_gen/inst/clkout1_buf/O
                                       net (fo=4403, routed)        1.935    -1.905    clk_cpu
                  SLICE_X21Y67         FDPE                                         r  reset_sync_reg[2]_replica_9/C
  ---------------------------------------------------------------------------------    -------------------
    Placement     SLICE_X21Y67         FDPE (Prop_fdpe_C_Q)         0.456    -1.449 f  reset_sync_reg[2]_replica_9/Q
                                       net (fo=175, routed)         6.337     4.888    rv64im72f_6sp/alu/multiplier_dword/internal_reset_repN_9_alias
    Placement     SLICE_X22Y82         FDCE                                         f  rv64im72f_6sp/alu/multiplier_dword/abs_B_s1_reg[52]/CLR
  ---------------------------------------------------------------------------------    -------------------

                                       (clock clk_out1_clk_wiz_0_1 rise edge)
                                                                   12.353    12.353 r  
                  R4                                                0.000    12.353 r  clk (IN)
                                       net (fo=0)                   0.000    12.353    clk_gen/inst/clk_in1
                  R4                                                                r  clk_gen/inst/clkin1_ibufg/I
                  R4                   IBUF (Prop_ibuf_I_O)         1.405    13.758 r  clk_gen/inst/clkin1_ibufg/O
                                       net (fo=1, routed)           1.181    14.938    clk_gen/inst/clk_in1_clk_wiz_0
                  PLLE2_ADV_X1Y2                                                    r  clk_gen/inst/plle2_adv_inst/CLKIN1
                  PLLE2_ADV_X1Y2       PLLE2_ADV (Prop_plle2_adv_CLKIN1_CLKOUT0)
                                                                   -8.206     6.733 r  clk_gen/inst/plle2_adv_inst/CLKOUT0
                                       net (fo=1, routed)           1.718     8.451    clk_gen/inst/clk_out1_clk_wiz_0
                  BUFGCTRL_X0Y14                                                    r  clk_gen/inst/clkout1_buf_replica_1/I
                  BUFGCTRL_X0Y14       BUFG (Prop_bufg_I_O)         0.091     8.542 r  clk_gen/inst/clkout1_buf_replica_1/O
                                       net (fo=7, routed)           0.133     8.675    clk_gen/inst/clk_out1_repN_1
                  BUFGCTRL_X0Y15                                                    r  clk_gen/inst/clkout1_buf_replica/I
                  BUFGCTRL_X0Y15       BUFG (Prop_bufg_I_O)         0.091     8.766 r  clk_gen/inst/clkout1_buf_replica/O
                                       net (fo=4, routed)           0.147     8.913    clk_gen/inst/clk_out1_repN
                  BUFGCTRL_X0Y0                                                     r  clk_gen/inst/clkout1_buf/I
                  BUFGCTRL_X0Y0        BUFG (Prop_bufg_I_O)         0.091     9.004 r  clk_gen/inst/clkout1_buf/O
                                       net (fo=4403, routed)        1.807    10.811    rv64im72f_6sp/alu/multiplier_dword/clk_out1
                  SLICE_X22Y82         FDCE                                         r  rv64im72f_6sp/alu/multiplier_dword/abs_B_s1_reg[52]/C
                                       clock pessimism             -0.403    10.408    
                                       clock uncertainty           -0.092    10.316    
                  SLICE_X22Y82         FDCE (Recov_fdce_C_CLR)     -0.319     9.997    rv64im72f_6sp/alu/multiplier_dword/abs_B_s1_reg[52]
  ---------------------------------------------------------------------------------
                                       required time                          9.997    
                                       arrival time                          -4.888    
  ---------------------------------------------------------------------------------
                                       slack                                  5.109    





Min Delay Paths
--------------------------------------------------------------------------------------
Slack (MET) :             0.367ns  (arrival time - required time)
  Source:                 reset_sync_reg[2]_replica_10/C
                            (rising edge-triggered cell FDPE clocked by clk_out1_clk_wiz_0_1  {rise@0.000ns fall@6.176ns period=12.353ns})
  Destination:            rv64im72f_6sp/alu/divider_dword/quotient_reg_reg[52]/CLR
                            (removal check against rising-edge clock clk_out1_clk_wiz_0_1  {rise@0.000ns fall@6.176ns period=12.353ns})
  Path Group:             **async_default**
  Path Type:              Removal (Min at Fast Process Corner)
  Requirement:            0.000ns  (clk_out1_clk_wiz_0_1 rise@0.000ns - clk_out1_clk_wiz_0_1 rise@0.000ns)
  Data Path Delay:        0.308ns  (logic 0.141ns (45.713%)  route 0.167ns (54.287%))
  Logic Levels:           0  
  Clock Path Skew:        0.033ns (DCD - SCD - CPR)
    Destination Clock Delay (DCD):    -0.205ns
    Source Clock Delay      (SCD):    -0.443ns
    Clock Pessimism Removal (CPR):    0.205ns

    Pin Reuse     Location             Delay type                Incr(ns)  Path(ns)    Netlist Resource(s)
  ---------------------------------------------------------------------------------    -------------------
                                       (clock clk_out1_clk_wiz_0_1 rise edge)
                                                                    0.000     0.000 r  
                  R4                                                0.000     0.000 r  clk (IN)
                                       net (fo=0)                   0.000     0.000    clk_gen/inst/clk_in1
                  R4                                                                r  clk_gen/inst/clkin1_ibufg/I
                  R4                   IBUF (Prop_ibuf_I_O)         0.243     0.243 r  clk_gen/inst/clkin1_ibufg/O
                                       net (fo=1, routed)           0.440     0.683    clk_gen/inst/clk_in1_clk_wiz_0
                  PLLE2_ADV_X1Y2                                                    r  clk_gen/inst/plle2_adv_inst/CLKIN1
                  PLLE2_ADV_X1Y2       PLLE2_ADV (Prop_plle2_adv_CLKIN1_CLKOUT0)
                                                                   -2.503    -1.819 r  clk_gen/inst/plle2_adv_inst/CLKOUT0
                                       net (fo=1, routed)           0.546    -1.273    clk_gen/inst/clk_out1_clk_wiz_0
                  BUFGCTRL_X0Y14                                                    r  clk_gen/inst/clkout1_buf_replica_1/I
                  BUFGCTRL_X0Y14       BUFG (Prop_bufg_I_O)         0.026    -1.247 r  clk_gen/inst/clkout1_buf_replica_1/O
                                       net (fo=7, routed)           0.030    -1.217    clk_gen/inst/clk_out1_repN_1
                  BUFGCTRL_X0Y15                                                    r  clk_gen/inst/clkout1_buf_replica/I
                  BUFGCTRL_X0Y15       BUFG (Prop_bufg_I_O)         0.026    -1.191 r  clk_gen/inst/clkout1_buf_replica/O
                                       net (fo=4, routed)           0.042    -1.149    clk_gen/inst/clk_out1_repN
                  BUFGCTRL_X0Y0                                                     r  clk_gen/inst/clkout1_buf/I
                  BUFGCTRL_X0Y0        BUFG (Prop_bufg_I_O)         0.026    -1.123 r  clk_gen/inst/clkout1_buf/O
                                       net (fo=4403, routed)        0.680    -0.443    clk_cpu
                  SLICE_X27Y80         FDPE                                         r  reset_sync_reg[2]_replica_10/C
  ---------------------------------------------------------------------------------    -------------------
    Placement     SLICE_X27Y80         FDPE (Prop_fdpe_C_Q)         0.141    -0.302 f  reset_sync_reg[2]_replica_10/Q
                                       net (fo=207, routed)         0.167    -0.135    rv64im72f_6sp/alu/divider_dword/internal_reset_repN_10_alias
    Placement     SLICE_X35Y80         FDCE                                         f  rv64im72f_6sp/alu/divider_dword/quotient_reg_reg[52]/CLR
  ---------------------------------------------------------------------------------    -------------------

                                       (clock clk_out1_clk_wiz_0_1 rise edge)
                                                                    0.000     0.000 r  
                  R4                                                0.000     0.000 r  clk (IN)
                                       net (fo=0)                   0.000     0.000    clk_gen/inst/clk_in1
                  R4                                                                r  clk_gen/inst/clkin1_ibufg/I
                  R4                   IBUF (Prop_ibuf_I_O)         0.431     0.431 r  clk_gen/inst/clkin1_ibufg/O
                                       net (fo=1, routed)           0.481     0.912    clk_gen/inst/clk_in1_clk_wiz_0
                  PLLE2_ADV_X1Y2                                                    r  clk_gen/inst/plle2_adv_inst/CLKIN1
                  PLLE2_ADV_X1Y2       PLLE2_ADV (Prop_plle2_adv_CLKIN1_CLKOUT0)
                                                                   -2.828    -1.916 r  clk_gen/inst/plle2_adv_inst/CLKOUT0
                                       net (fo=1, routed)           0.595    -1.322    clk_gen/inst/clk_out1_clk_wiz_0
                  BUFGCTRL_X0Y14                                                    r  clk_gen/inst/clkout1_buf_replica_1/I
                  BUFGCTRL_X0Y14       BUFG (Prop_bufg_I_O)         0.029    -1.293 r  clk_gen/inst/clkout1_buf_replica_1/O
                                       net (fo=7, routed)           0.033    -1.260    clk_gen/inst/clk_out1_repN_1
                  BUFGCTRL_X0Y15                                                    r  clk_gen/inst/clkout1_buf_replica/I
                  BUFGCTRL_X0Y15       BUFG (Prop_bufg_I_O)         0.029    -1.231 r  clk_gen/inst/clkout1_buf_replica/O
                                       net (fo=4, routed)           0.046    -1.185    clk_gen/inst/clk_out1_repN
                  BUFGCTRL_X0Y0                                                     r  clk_gen/inst/clkout1_buf/I
                  BUFGCTRL_X0Y0        BUFG (Prop_bufg_I_O)         0.029    -1.156 r  clk_gen/inst/clkout1_buf/O
                                       net (fo=4403, routed)        0.951    -0.205    rv64im72f_6sp/alu/divider_dword/clk_out1
                  SLICE_X35Y80         FDCE                                         r  rv64im72f_6sp/alu/divider_dword/quotient_reg_reg[52]/C
                                       clock pessimism             -0.205    -0.410    
                  SLICE_X35Y80         FDCE (Remov_fdce_C_CLR)     -0.092    -0.502    rv64im72f_6sp/alu/divider_dword/quotient_reg_reg[52]
  ---------------------------------------------------------------------------------
                                       required time                          0.502    
                                       arrival time                          -0.135    
  ---------------------------------------------------------------------------------
                                       slack                                  0.367    





