
*** Running vivado
    with args -log RV32IM72F7SPSoCTOP.vdi -applog -m64 -product Vivado -messageDb vivado.pb -mode batch -source RV32IM72F7SPSoCTOP.tcl -notrace


****** Vivado v2025.2 (64-bit)
  **** SW Build 6299465 on Fri Nov 14 12:34:56 MST 2025
  **** IP Build 6300035 on Fri Nov 14 10:48:45 MST 2025
  **** SharedData Build 6298862 on Thu Nov 13 04:50:51 MST 2025
  **** Start of session at: Wed Sep 16 00:41:29 2026
    ** Copyright 1986-2022 Xilinx, Inc. All Rights Reserved.
    ** Copyright 2022-2025 Advanced Micro Devices, Inc. All Rights Reserved.

source RV32IM72F7SPSoCTOP.tcl -notrace
Command: link_design -top RV32IM72F7SPSoCTOP -part xc7a200tsbg484-1
Design is defaulting to srcset: sources_1
Design is defaulting to constrset: constrs_1
INFO: [Device 21-403] Loading part xc7a200tsbg484-1
INFO: [Project 1-5699] Read binary netlist with skipMacroContent - 1
INFO: [Project 1-454] Reading design checkpoint '/home/khwl/Desktop/claude_RISCOF_RV-IM100/RV-IM100/RV32s/SoCs/RV32IM_7SP_BRAM_Opt_Dhry/RV64IM72F_7SP_BRAM_Final_1431.gen/sources_1/ip/clk_wiz_0/clk_wiz_0.dcp' for cell 'clk_gen'
Netlist sorting complete. Time (s): cpu = 00:00:00.02 ; elapsed = 00:00:00.01 . Memory (MB): peak = 1792.297 ; gain = 0.000 ; free physical = 12343 ; free virtual = 29231
INFO: [Netlist 29-17] Analyzing 223 Unisim elements for replacement
INFO: [Netlist 29-28] Unisim Transformation completed in 0 CPU seconds
INFO: [Project 1-479] Netlist was created with Vivado 2025.2
INFO: [Project 1-570] Preparing netlist for logic optimization
Parsing XDC File [/home/khwl/Desktop/claude_RISCOF_RV-IM100/RV-IM100/RV32s/SoCs/RV32IM_7SP_BRAM_Opt_Dhry/RV64IM72F_7SP_BRAM_Final_1431.gen/sources_1/ip/clk_wiz_0/clk_wiz_0_board.xdc] for cell 'clk_gen/inst'
Finished Parsing XDC File [/home/khwl/Desktop/claude_RISCOF_RV-IM100/RV-IM100/RV32s/SoCs/RV32IM_7SP_BRAM_Opt_Dhry/RV64IM72F_7SP_BRAM_Final_1431.gen/sources_1/ip/clk_wiz_0/clk_wiz_0_board.xdc] for cell 'clk_gen/inst'
Parsing XDC File [/home/khwl/Desktop/claude_RISCOF_RV-IM100/RV-IM100/RV32s/SoCs/RV32IM_7SP_BRAM_Opt_Dhry/RV64IM72F_7SP_BRAM_Final_1431.gen/sources_1/ip/clk_wiz_0/clk_wiz_0.xdc] for cell 'clk_gen/inst'
INFO: [Timing 38-35] Done setting XDC timing constraints. [/home/khwl/Desktop/claude_RISCOF_RV-IM100/RV-IM100/RV32s/SoCs/RV32IM_7SP_BRAM_Opt_Dhry/RV64IM72F_7SP_BRAM_Final_1431.gen/sources_1/ip/clk_wiz_0/clk_wiz_0.xdc:54]
INFO: [Timing 38-2] Deriving generated clocks [/home/khwl/Desktop/claude_RISCOF_RV-IM100/RV-IM100/RV32s/SoCs/RV32IM_7SP_BRAM_Opt_Dhry/RV64IM72F_7SP_BRAM_Final_1431.gen/sources_1/ip/clk_wiz_0/clk_wiz_0.xdc:54]
Finished Parsing XDC File [/home/khwl/Desktop/claude_RISCOF_RV-IM100/RV-IM100/RV32s/SoCs/RV32IM_7SP_BRAM_Opt_Dhry/RV64IM72F_7SP_BRAM_Final_1431.gen/sources_1/ip/clk_wiz_0/clk_wiz_0.xdc] for cell 'clk_gen/inst'
Parsing XDC File [/home/khwl/Desktop/claude_RISCOF_RV-IM100/RV-IM100/RV32s/SoCs/RV32IM_7SP_BRAM_Opt_Dhry/RV64IM72F_7SP_BRAM_Final_1431.srcs/constrs_1/imports/1.431_srcs/RV64IM72F_5SP_Debug_XDC.xdc]
Finished Parsing XDC File [/home/khwl/Desktop/claude_RISCOF_RV-IM100/RV-IM100/RV32s/SoCs/RV32IM_7SP_BRAM_Opt_Dhry/RV64IM72F_7SP_BRAM_Final_1431.srcs/constrs_1/imports/1.431_srcs/RV64IM72F_5SP_Debug_XDC.xdc]
INFO: [Opt 31-138] Pushed 0 inverter(s) to 0 load pin(s).
Netlist sorting complete. Time (s): cpu = 00:00:00 ; elapsed = 00:00:00 . Memory (MB): peak = 2522.773 ; gain = 0.000 ; free physical = 11762 ; free virtual = 28650
INFO: [Project 1-111] Unisim Transformation Summary:
  A total of 14 instances were transformed.
  RAM32M => RAM32M (RAMD32(x6), RAMS32(x2)): 10 instances
  RAM32X1D => RAM32X1D (RAMD32(x2)): 4 instances

11 Infos, 0 Warnings, 0 Critical Warnings and 0 Errors encountered.
link_design completed successfully
Command: opt_design -directive Explore
INFO: [Vivado_Tcl 4-136] Directive used for opt_design is: Explore
Attempting to get a license for feature 'Implementation' and/or device 'xc7a200t'
INFO: [Common 17-349] Got license for feature 'Implementation' and/or device 'xc7a200t'
Running DRC as a precondition to command opt_design

Starting DRC Task
INFO: [DRC 23-27] Running DRC with 16 threads
INFO: [Project 1-461] DRC finished with 0 Errors
INFO: [Project 1-462] Please refer to the DRC report (report_drc) for more information.

Time (s): cpu = 00:00:01 ; elapsed = 00:00:00.33 . Memory (MB): peak = 2697.898 ; gain = 175.090 ; free physical = 11691 ; free virtual = 28578

Starting Logic Optimization Task

Phase 1 Initialization

Phase 1.1 Core Generation And Design Setup
Phase 1.1 Core Generation And Design Setup | Checksum: 20a862f1b

Time (s): cpu = 00:00:00.01 ; elapsed = 00:00:00.01 . Memory (MB): peak = 2881.711 ; gain = 0.000 ; free physical = 11376 ; free virtual = 28263

Phase 1.2 Setup Constraints And Sort Netlist
Phase 1.2 Setup Constraints And Sort Netlist | Checksum: 20a862f1b

Time (s): cpu = 00:00:00.01 ; elapsed = 00:00:00.01 . Memory (MB): peak = 2881.711 ; gain = 0.000 ; free physical = 11376 ; free virtual = 28263
Phase 1 Initialization | Checksum: 20a862f1b

Time (s): cpu = 00:00:00.01 ; elapsed = 00:00:00.01 . Memory (MB): peak = 2881.711 ; gain = 0.000 ; free physical = 11376 ; free virtual = 28263

Phase 2 Timer Update And Timing Data Collection

Phase 2.1 Detect if minReqCache needed
Phase 2.1 Detect if minReqCache needed | Checksum: 20a862f1b

Time (s): cpu = 00:00:00.01 ; elapsed = 00:00:00.01 . Memory (MB): peak = 2881.711 ; gain = 0.000 ; free physical = 11376 ; free virtual = 28263

Phase 2.2 Timer Update
INFO: [Timing 38-35] Done setting XDC timing constraints.
INFO: [Timing 38-2] Deriving generated clocks
Phase 2.2 Timer Update | Checksum: 20a862f1b

Time (s): cpu = 00:00:00.74 ; elapsed = 00:00:00.19 . Memory (MB): peak = 2933.523 ; gain = 51.812 ; free physical = 11375 ; free virtual = 28263

Phase 2.3 Timing Data Collection
Phase 2.3 Timing Data Collection | Checksum: 20a862f1b

Time (s): cpu = 00:00:00.74 ; elapsed = 00:00:00.19 . Memory (MB): peak = 2933.523 ; gain = 51.812 ; free physical = 11374 ; free virtual = 28261
Phase 2 Timer Update And Timing Data Collection | Checksum: 20a862f1b

Time (s): cpu = 00:00:00.74 ; elapsed = 00:00:00.19 . Memory (MB): peak = 2933.523 ; gain = 51.812 ; free physical = 11374 ; free virtual = 28261

Phase 3 Retarget
INFO: [Opt 31-1851] Number of loadless carry chains removed were: 0
INFO: [Opt 31-1834] Total Chains To Be Transformed Were: 0 AND Number of Transformed insts Created are: 0
INFO: [Opt 31-1566] Pulled 1 inverters resulting in an inversion of 33 pins
INFO: [Opt 31-138] Pushed 1 inverter(s) to 1 load pin(s).
INFO: [Opt 31-49] Retargeted 0 cell(s).
Phase 3 Retarget | Checksum: 10be090cd

Time (s): cpu = 00:00:00.77 ; elapsed = 00:00:00.22 . Memory (MB): peak = 2933.523 ; gain = 51.812 ; free physical = 11374 ; free virtual = 28261
Retarget | Checksum: 10be090cd
INFO: [Opt 31-389] Phase Retarget created 0 cells and removed 2 cells
INFO: [Opt 31-1021] In phase Retarget, 1 netlist objects are constrained preventing optimization. Please run opt_design with -debug_log to get more detail. 

Phase 4 Constant propagation
INFO: [Opt 31-138] Pushed 0 inverter(s) to 0 load pin(s).
Phase 4 Constant propagation | Checksum: 1ec788691

Time (s): cpu = 00:00:00.79 ; elapsed = 00:00:00.25 . Memory (MB): peak = 2933.523 ; gain = 51.812 ; free physical = 11374 ; free virtual = 28261
Constant propagation | Checksum: 1ec788691
INFO: [Opt 31-389] Phase Constant propagation created 0 cells and removed 0 cells

Phase 5 Sweep
INFO: [Constraints 18-11670] Building netlist checker database with flags, 0x8
Done building netlist checker database: Time (s): cpu = 00:00:00 ; elapsed = 00:00:00 . Memory (MB): peak = 2933.523 ; gain = 0.000 ; free physical = 11374 ; free virtual = 28261
INFO: [Constraints 18-11670] Building netlist checker database with flags, 0x8
Done building netlist checker database: Time (s): cpu = 00:00:00 ; elapsed = 00:00:00 . Memory (MB): peak = 2933.523 ; gain = 0.000 ; free physical = 11372 ; free virtual = 28259
Phase 5 Sweep | Checksum: 110cc36d0

Time (s): cpu = 00:00:00.81 ; elapsed = 00:00:00.27 . Memory (MB): peak = 2933.523 ; gain = 51.812 ; free physical = 11372 ; free virtual = 28259
Sweep | Checksum: 110cc36d0
INFO: [Opt 31-389] Phase Sweep created 7 cells and removed 0 cells

Phase 6 BUFG optimization
Phase 6 BUFG optimization | Checksum: 110cc36d0

Time (s): cpu = 00:00:00.84 ; elapsed = 00:00:00.29 . Memory (MB): peak = 2965.539 ; gain = 83.828 ; free physical = 11372 ; free virtual = 28259
BUFG optimization | Checksum: 110cc36d0
INFO: [Opt 31-662] Phase BUFG optimization created 0 cells of which 0 are BUFGs and removed 0 cells.

Phase 7 Shift Register Optimization
INFO: [Opt 31-1064] SRL Remap converted 0 SRLs to 0 registers and converted 0 registers of register chains to 0 SRLs
Phase 7 Shift Register Optimization | Checksum: 110cc36d0

Time (s): cpu = 00:00:00.84 ; elapsed = 00:00:00.29 . Memory (MB): peak = 2965.539 ; gain = 83.828 ; free physical = 11372 ; free virtual = 28259
Shift Register Optimization | Checksum: 110cc36d0
INFO: [Opt 31-389] Phase Shift Register Optimization created 0 cells and removed 0 cells
INFO: [Opt 31-1555] control_set_opt supports Versal devices only, and device 7a200t is unsupported

Phase 8 Post Processing Netlist
Phase 8 Post Processing Netlist | Checksum: 1e8341cd7

Time (s): cpu = 00:00:00.85 ; elapsed = 00:00:00.29 . Memory (MB): peak = 2965.539 ; gain = 83.828 ; free physical = 11372 ; free virtual = 28259
Post Processing Netlist | Checksum: 1e8341cd7
INFO: [Opt 31-389] Phase Post Processing Netlist created 0 cells and removed 0 cells

Phase 9 Finalization

Phase 9.1 Finalizing Design Cores and Updating Shapes
Phase 9.1 Finalizing Design Cores and Updating Shapes | Checksum: 2348a7a50

Time (s): cpu = 00:00:00.88 ; elapsed = 00:00:00.32 . Memory (MB): peak = 2965.539 ; gain = 83.828 ; free physical = 11372 ; free virtual = 28259

Phase 9.2 Verifying Netlist Connectivity

Starting Connectivity Check Task

Time (s): cpu = 00:00:00 ; elapsed = 00:00:00.01 . Memory (MB): peak = 2965.539 ; gain = 0.000 ; free physical = 11372 ; free virtual = 28259
Phase 9.2 Verifying Netlist Connectivity | Checksum: 2348a7a50

Time (s): cpu = 00:00:00.88 ; elapsed = 00:00:00.33 . Memory (MB): peak = 2965.539 ; gain = 83.828 ; free physical = 11372 ; free virtual = 28259
Phase 9 Finalization | Checksum: 2348a7a50

Time (s): cpu = 00:00:00.88 ; elapsed = 00:00:00.33 . Memory (MB): peak = 2965.539 ; gain = 83.828 ; free physical = 11372 ; free virtual = 28259
Opt_design Change Summary
=========================


-------------------------------------------------------------------------------------------------------------------------
|  Phase                        |  #Cells created  |  #Cells Removed  |  #Constrained objects preventing optimizations  |
-------------------------------------------------------------------------------------------------------------------------
|  Retarget                     |               0  |               2  |                                              1  |
|  Constant propagation         |               0  |               0  |                                              0  |
|  Sweep                        |               7  |               0  |                                              0  |
|  BUFG optimization            |               0  |               0  |                                              0  |
|  Shift Register Optimization  |               0  |               0  |                                              0  |
|  Post Processing Netlist      |               0  |               0  |                                              0  |
-------------------------------------------------------------------------------------------------------------------------


Ending Logic Optimization Task | Checksum: 2348a7a50

Time (s): cpu = 00:00:00.88 ; elapsed = 00:00:00.33 . Memory (MB): peak = 2965.539 ; gain = 83.828 ; free physical = 11372 ; free virtual = 28259
Netlist sorting complete. Time (s): cpu = 00:00:00 ; elapsed = 00:00:00 . Memory (MB): peak = 2965.539 ; gain = 0.000 ; free physical = 11372 ; free virtual = 28259
INFO: [Common 17-83] Releasing license: Implementation
36 Infos, 0 Warnings, 0 Critical Warnings and 0 Errors encountered.
opt_design completed successfully
INFO: [Vivado 12-24828] Executing command : report_drc -file RV32IM72F7SPSoCTOP_drc_opted.rpt -pb RV32IM72F7SPSoCTOP_drc_opted.pb -rpx RV32IM72F7SPSoCTOP_drc_opted.rpx
Command: report_drc -file RV32IM72F7SPSoCTOP_drc_opted.rpt -pb RV32IM72F7SPSoCTOP_drc_opted.pb -rpx RV32IM72F7SPSoCTOP_drc_opted.rpx
INFO: [IP_Flow 19-1839] IP Catalog is up to date.
INFO: [DRC 23-27] Running DRC with 16 threads
INFO: [Vivado_Tcl 2-168] The results of DRC are in file /home/khwl/Desktop/claude_RISCOF_RV-IM100/RV-IM100/RV32s/SoCs/RV32IM_7SP_BRAM_Opt_Dhry/RV64IM72F_7SP_BRAM_Final_1431.runs/impl_1/RV32IM72F7SPSoCTOP_drc_opted.rpt.
report_drc completed successfully
INFO: [Timing 38-480] Writing timing data to binary archive.
Wrote PlaceDB: Time (s): cpu = 00:00:00 ; elapsed = 00:00:00 . Memory (MB): peak = 2965.539 ; gain = 0.000 ; free physical = 11366 ; free virtual = 28254
Wrote PulsedLatchDB: Time (s): cpu = 00:00:00 ; elapsed = 00:00:00 . Memory (MB): peak = 2965.539 ; gain = 0.000 ; free physical = 11366 ; free virtual = 28254
Writing XDEF routing.
Write ShapeDB Complete: Time (s): cpu = 00:00:00 ; elapsed = 00:00:00 . Memory (MB): peak = 2965.539 ; gain = 0.000 ; free physical = 11366 ; free virtual = 28254
Writing XDEF routing logical nets.
Writing XDEF routing special nets.
Wrote RouteStorage: Time (s): cpu = 00:00:00.04 ; elapsed = 00:00:00.01 . Memory (MB): peak = 2965.539 ; gain = 0.000 ; free physical = 11366 ; free virtual = 28254
Wrote PlaceStorage: Time (s): cpu = 00:00:00 ; elapsed = 00:00:00 . Memory (MB): peak = 2965.539 ; gain = 0.000 ; free physical = 11366 ; free virtual = 28254
Wrote Netlist Cache: Time (s): cpu = 00:00:00 ; elapsed = 00:00:00 . Memory (MB): peak = 2965.539 ; gain = 0.000 ; free physical = 11366 ; free virtual = 28254
Wrote Device Cache: Time (s): cpu = 00:00:00.01 ; elapsed = 00:00:00 . Memory (MB): peak = 2965.539 ; gain = 0.000 ; free physical = 11366 ; free virtual = 28254
Write Physdb Complete: Time (s): cpu = 00:00:00.05 ; elapsed = 00:00:00.01 . Memory (MB): peak = 2965.539 ; gain = 0.000 ; free physical = 11366 ; free virtual = 28254
INFO: [Common 17-1381] The checkpoint '/home/khwl/Desktop/claude_RISCOF_RV-IM100/RV-IM100/RV32s/SoCs/RV32IM_7SP_BRAM_Opt_Dhry/RV64IM72F_7SP_BRAM_Final_1431.runs/impl_1/RV32IM72F7SPSoCTOP_opt.dcp' has been generated.
Command: place_design -directive Explore
Attempting to get a license for feature 'Implementation' and/or device 'xc7a200t'
INFO: [Common 17-349] Got license for feature 'Implementation' and/or device 'xc7a200t'
INFO: [Common 17-83] Releasing license: Implementation
INFO: [DRC 23-27] Running DRC with 16 threads
INFO: [Vivado_Tcl 4-198] DRC finished with 0 Errors
INFO: [Vivado_Tcl 4-199] Please refer to the DRC report (report_drc) for more information.
INFO: [Timing 38-35] Done setting XDC timing constraints.
INFO: [Vivado_Tcl 4-2302] The placer was invoked with the 'Explore' directive.
Running DRC as a precondition to command place_design
INFO: [DRC 23-27] Running DRC with 16 threads
INFO: [Vivado_Tcl 4-198] DRC finished with 0 Errors, 21 Warnings
INFO: [Vivado_Tcl 4-199] Please refer to the DRC report (report_drc) for more information.
INFO: [Place 30-611] Multithreading enabled for place_design using a maximum of 16 CPUs

Starting Placer Task

Phase 1 Placer Initialization

Phase 1.1 Placer Initialization Netlist Sorting
Netlist sorting complete. Time (s): cpu = 00:00:00 ; elapsed = 00:00:00 . Memory (MB): peak = 2965.539 ; gain = 0.000 ; free physical = 11355 ; free virtual = 28243
Phase 1.1 Placer Initialization Netlist Sorting | Checksum: 1958af0b3

Time (s): cpu = 00:00:00 ; elapsed = 00:00:00.01 . Memory (MB): peak = 2965.539 ; gain = 0.000 ; free physical = 11355 ; free virtual = 28243
Netlist sorting complete. Time (s): cpu = 00:00:00 ; elapsed = 00:00:00 . Memory (MB): peak = 2965.539 ; gain = 0.000 ; free physical = 11355 ; free virtual = 28243

Phase 1.2 IO Placement/ Clock Placement/ Build Placer Device
Phase 1.2 IO Placement/ Clock Placement/ Build Placer Device | Checksum: 15f8f8a35

Time (s): cpu = 00:00:00.39 ; elapsed = 00:00:00.17 . Memory (MB): peak = 3053.582 ; gain = 88.043 ; free physical = 11353 ; free virtual = 28241

Phase 1.3 Build Placer Netlist Model
Phase 1.3 Build Placer Netlist Model | Checksum: 24df6f2dc

Time (s): cpu = 00:00:02 ; elapsed = 00:00:00.64 . Memory (MB): peak = 3132.672 ; gain = 167.133 ; free physical = 11352 ; free virtual = 28241

Phase 1.4 Constrain Clocks/Macros
Phase 1.4 Constrain Clocks/Macros | Checksum: 24df6f2dc

Time (s): cpu = 00:00:02 ; elapsed = 00:00:00.65 . Memory (MB): peak = 3132.672 ; gain = 167.133 ; free physical = 11352 ; free virtual = 28241
Phase 1 Placer Initialization | Checksum: 24df6f2dc

Time (s): cpu = 00:00:02 ; elapsed = 00:00:00.65 . Memory (MB): peak = 3132.672 ; gain = 167.133 ; free physical = 11352 ; free virtual = 28241

Phase 2 Global Placement

Phase 2.1 Floorplanning
Phase 2.1 Floorplanning | Checksum: 181afcc46

Time (s): cpu = 00:00:03 ; elapsed = 00:00:00.91 . Memory (MB): peak = 3132.672 ; gain = 167.133 ; free physical = 11352 ; free virtual = 28240

Phase 2.2 Update Timing before SLR Path Opt
Phase 2.2 Update Timing before SLR Path Opt | Checksum: 18d2545e0

Time (s): cpu = 00:00:04 ; elapsed = 00:00:01 . Memory (MB): peak = 3132.672 ; gain = 167.133 ; free physical = 11352 ; free virtual = 28240

Phase 2.3 Post-Processing in Floorplanning
Phase 2.3 Post-Processing in Floorplanning | Checksum: 18d2545e0

Time (s): cpu = 00:00:04 ; elapsed = 00:00:01 . Memory (MB): peak = 3132.672 ; gain = 167.133 ; free physical = 11352 ; free virtual = 28240

Phase 2.4 Global Place Phase1
Phase 2.4 Global Place Phase1 | Checksum: 1de80858c

Time (s): cpu = 00:00:15 ; elapsed = 00:00:05 . Memory (MB): peak = 3132.672 ; gain = 167.133 ; free physical = 11375 ; free virtual = 28263

Phase 2.5 Global Place Phase2

Phase 2.5.1 UpdateTiming Before Physical Synthesis
Phase 2.5.1 UpdateTiming Before Physical Synthesis | Checksum: 1d3ba6e16

Time (s): cpu = 00:00:17 ; elapsed = 00:00:05 . Memory (MB): peak = 3132.672 ; gain = 167.133 ; free physical = 11375 ; free virtual = 28264

Phase 2.5.2 Physical Synthesis In Placer
INFO: [Physopt 32-1035] Found 0 LUTNM shape to break, 276 LUT instances to create LUTNM shape
INFO: [Physopt 32-1044] Break lutnm for timing: one critical 0, two critical 0, total 0, new lutff created 0
INFO: [Physopt 32-1138] End 1 Pass. Optimized 109 nets or LUTs. Breaked 0 LUT, combined 109 existing LUTs and moved 0 existing LUT
INFO: [Physopt 32-65] No nets found for high-fanout optimization.
INFO: [Physopt 32-232] Optimized 0 net. Created 0 new instance.
INFO: [Physopt 32-775] End 1 Pass. Optimized 0 net or cell. Created 0 new cell, deleted 0 existing cell and moved 0 existing cell
INFO: [Physopt 32-46] Identified 4 candidate nets for critical-cell optimization.
INFO: [Physopt 32-232] Optimized 0 net. Created 0 new instance.
INFO: [Physopt 32-775] End 1 Pass. Optimized 0 net or cell. Created 0 new cell, deleted 0 existing cell and moved 0 existing cell
INFO: [Physopt 32-456] No candidate cells for DSP register optimization found in the design.
INFO: [Physopt 32-775] End 2 Pass. Optimized 0 net or cell. Created 0 new cell, deleted 0 existing cell and moved 0 existing cell
INFO: [Physopt 32-1123] No candidate cells found for Shift Register to Pipeline optimization
INFO: [Physopt 32-775] End 2 Pass. Optimized 0 net or cell. Created 0 new cell, deleted 0 existing cell and moved 0 existing cell
INFO: [Physopt 32-1401] No candidate cells found for Shift Register optimization.
INFO: [Physopt 32-677] No candidate cells for Shift Register optimization found in the design
INFO: [Physopt 32-775] End 1 Pass. Optimized 0 net or cell. Created 0 new cell, deleted 0 existing cell and moved 0 existing cell
INFO: [Physopt 32-526] No candidate cells for BRAM register optimization found in the design
INFO: [Physopt 32-775] End 1 Pass. Optimized 0 net or cell. Created 0 new cell, deleted 0 existing cell and moved 0 existing cell
INFO: [Physopt 32-846] No candidate cells for URAM register optimization found in the design
INFO: [Physopt 32-775] End 1 Pass. Optimized 0 net or cell. Created 0 new cell, deleted 0 existing cell and moved 0 existing cell
INFO: [Physopt 32-846] No candidate cells for URAM register optimization found in the design
INFO: [Physopt 32-775] End 1 Pass. Optimized 0 net or cell. Created 0 new cell, deleted 0 existing cell and moved 0 existing cell
INFO: [Physopt 32-949] No candidate nets found for dynamic/static region interface net replication
INFO: [Physopt 32-775] End 1 Pass. Optimized 0 net or cell. Created 0 new cell, deleted 0 existing cell and moved 0 existing cell
Netlist sorting complete. Time (s): cpu = 00:00:00 ; elapsed = 00:00:00 . Memory (MB): peak = 3132.672 ; gain = 0.000 ; free physical = 11377 ; free virtual = 28265

Summary of Physical Synthesis Optimizations
============================================


-----------------------------------------------------------------------------------------------------------------------------------------------------------
|  Optimization                                     |  Added Cells  |  Removed Cells  |  Optimized Cells/Nets  |  Dont Touch  |  Iterations  |  Elapsed   |
-----------------------------------------------------------------------------------------------------------------------------------------------------------
|  LUT Combining                                    |            0  |            109  |                   109  |           0  |           1  |  00:00:00  |
|  Retime                                           |            0  |              0  |                     0  |           0  |           1  |  00:00:00  |
|  Very High Fanout                                 |            0  |              0  |                     0  |           0  |           1  |  00:00:00  |
|  Critical Cell                                    |            0  |              0  |                     0  |           0  |           1  |  00:00:00  |
|  DSP Register                                     |            0  |              0  |                     0  |           0  |           1  |  00:00:00  |
|  Shift Register to Pipeline                       |            0  |              0  |                     0  |           0  |           1  |  00:00:00  |
|  Shift Register                                   |            0  |              0  |                     0  |           0  |           1  |  00:00:00  |
|  BRAM Register                                    |            0  |              0  |                     0  |           0  |           1  |  00:00:00  |
|  URAM Register                                    |            0  |              0  |                     0  |           0  |           1  |  00:00:00  |
|  Dynamic/Static Region Interface Net Replication  |            0  |              0  |                     0  |           0  |           1  |  00:00:00  |
|  Total                                            |            0  |            109  |                   109  |           0  |          10  |  00:00:00  |
-----------------------------------------------------------------------------------------------------------------------------------------------------------


Phase 2.5.2 Physical Synthesis In Placer | Checksum: 126391423

Time (s): cpu = 00:00:17 ; elapsed = 00:00:05 . Memory (MB): peak = 3132.672 ; gain = 167.133 ; free physical = 11377 ; free virtual = 28265
Phase 2.5 Global Place Phase2 | Checksum: 1ac1908c6

Time (s): cpu = 00:00:18 ; elapsed = 00:00:05 . Memory (MB): peak = 3132.672 ; gain = 167.133 ; free physical = 11377 ; free virtual = 28265
Phase 2 Global Placement | Checksum: 1ac1908c6

Time (s): cpu = 00:00:18 ; elapsed = 00:00:05 . Memory (MB): peak = 3132.672 ; gain = 167.133 ; free physical = 11377 ; free virtual = 28265

Phase 3 Detail Placement

Phase 3.1 Commit Multi Column Macros
Phase 3.1 Commit Multi Column Macros | Checksum: 1d54ed20b

Time (s): cpu = 00:00:19 ; elapsed = 00:00:06 . Memory (MB): peak = 3132.672 ; gain = 167.133 ; free physical = 11377 ; free virtual = 28265

Phase 3.2 Commit Most Macros & LUTRAMs
Phase 3.2 Commit Most Macros & LUTRAMs | Checksum: 1f0e4695c

Time (s): cpu = 00:00:20 ; elapsed = 00:00:06 . Memory (MB): peak = 3132.672 ; gain = 167.133 ; free physical = 11377 ; free virtual = 28266

Phase 3.3 Area Swap Optimization
Phase 3.3 Area Swap Optimization | Checksum: 124c7da11

Time (s): cpu = 00:00:20 ; elapsed = 00:00:06 . Memory (MB): peak = 3132.672 ; gain = 167.133 ; free physical = 11377 ; free virtual = 28266

Phase 3.4 Pipeline Register Optimization
Phase 3.4 Pipeline Register Optimization | Checksum: 141676c95

Time (s): cpu = 00:00:20 ; elapsed = 00:00:06 . Memory (MB): peak = 3132.672 ; gain = 167.133 ; free physical = 11377 ; free virtual = 28266

Phase 3.5 Fast Optimization
Phase 3.5 Fast Optimization | Checksum: 1d7628f65

Time (s): cpu = 00:00:22 ; elapsed = 00:00:07 . Memory (MB): peak = 3132.672 ; gain = 167.133 ; free physical = 11365 ; free virtual = 28253

Phase 3.6 Small Shape Detail Placement
Phase 3.6 Small Shape Detail Placement | Checksum: 1823c0b4f

Time (s): cpu = 00:00:24 ; elapsed = 00:00:08 . Memory (MB): peak = 3132.672 ; gain = 167.133 ; free physical = 11364 ; free virtual = 28252

Phase 3.7 Re-assign LUT pins
Phase 3.7 Re-assign LUT pins | Checksum: 234781fe2

Time (s): cpu = 00:00:24 ; elapsed = 00:00:08 . Memory (MB): peak = 3132.672 ; gain = 167.133 ; free physical = 11364 ; free virtual = 28252

Phase 3.8 Pipeline Register Optimization
Phase 3.8 Pipeline Register Optimization | Checksum: 1932ba59c

Time (s): cpu = 00:00:24 ; elapsed = 00:00:08 . Memory (MB): peak = 3132.672 ; gain = 167.133 ; free physical = 11364 ; free virtual = 28252
Phase 3 Detail Placement | Checksum: 1932ba59c

Time (s): cpu = 00:00:24 ; elapsed = 00:00:08 . Memory (MB): peak = 3132.672 ; gain = 167.133 ; free physical = 11364 ; free virtual = 28252

Phase 4 Post Placement Optimization and Clean-Up

Phase 4.1 Post Commit Optimization
INFO: [Timing 38-35] Done setting XDC timing constraints.

Phase 4.1.1 Post Placement Optimization
Post Placement Optimization Initialization | Checksum: e12d422e

Phase 4.1.1.1 BUFG Insertion

Starting Physical Synthesis Task

Phase 1 Physical Synthesis Initialization
INFO: [Physopt 32-721] Multithreading enabled for phys_opt_design using a maximum of 16 CPUs
INFO: [Physopt 32-619] Estimated Timing Summary | WNS=-1.717 | TNS=-18.786 |
Phase 1 Physical Synthesis Initialization | Checksum: e7e0b6da

Time (s): cpu = 00:00:00.32 ; elapsed = 00:00:00.04 . Memory (MB): peak = 3132.672 ; gain = 0.000 ; free physical = 11368 ; free virtual = 28256
INFO: [Place 46-56] BUFG insertion identified 0 candidate nets. Inserted BUFG: 0, Replicated BUFG Driver: 0, Skipped due to Placement/Routing Conflicts: 0, Skipped due to Timing Degradation: 0, Skipped due to netlist editing failed: 0.
Ending Physical Synthesis Task | Checksum: 14e7baaa0

Time (s): cpu = 00:00:00.33 ; elapsed = 00:00:00.05 . Memory (MB): peak = 3132.672 ; gain = 0.000 ; free physical = 11368 ; free virtual = 28256
Phase 4.1.1.1 BUFG Insertion | Checksum: e12d422e

Time (s): cpu = 00:00:27 ; elapsed = 00:00:09 . Memory (MB): peak = 3132.672 ; gain = 167.133 ; free physical = 11368 ; free virtual = 28256

Phase 4.1.1.2 Post Placement Timing Optimization
INFO: [Place 30-746] Post Placement Timing Summary WNS=-0.279. For the most accurate timing information please run report_timing.
Phase 4.1.1.2 Post Placement Timing Optimization | Checksum: 1c529a28b

Time (s): cpu = 00:01:00 ; elapsed = 00:00:40 . Memory (MB): peak = 3132.672 ; gain = 167.133 ; free physical = 11396 ; free virtual = 28284

Time (s): cpu = 00:01:00 ; elapsed = 00:00:40 . Memory (MB): peak = 3132.672 ; gain = 167.133 ; free physical = 11396 ; free virtual = 28284
Phase 4.1 Post Commit Optimization | Checksum: 1c529a28b

Time (s): cpu = 00:01:00 ; elapsed = 00:00:40 . Memory (MB): peak = 3132.672 ; gain = 167.133 ; free physical = 11396 ; free virtual = 28284

Phase 4.2 Post Placement Cleanup
Phase 4.2 Post Placement Cleanup | Checksum: 1c529a28b

Time (s): cpu = 00:01:00 ; elapsed = 00:00:40 . Memory (MB): peak = 3132.672 ; gain = 167.133 ; free physical = 11396 ; free virtual = 28284

Phase 4.3 Placer Reporting

Phase 4.3.1 Print Estimated Congestion
INFO: [Place 30-612] Post-Placement Estimated Congestion 
 ____________________________________________________
|           | Global Congestion | Short Congestion  |
| Direction | Region Size       | Region Size       |
|___________|___________________|___________________|
|      North|                1x1|                4x4|
|___________|___________________|___________________|
|      South|                1x1|                1x1|
|___________|___________________|___________________|
|       East|                2x2|                4x4|
|___________|___________________|___________________|
|       West|                1x1|                1x1|
|___________|___________________|___________________|

Phase 4.3.1 Print Estimated Congestion | Checksum: 1c529a28b

Time (s): cpu = 00:01:00 ; elapsed = 00:00:40 . Memory (MB): peak = 3132.672 ; gain = 167.133 ; free physical = 11396 ; free virtual = 28284
Phase 4.3 Placer Reporting | Checksum: 1c529a28b

Time (s): cpu = 00:01:00 ; elapsed = 00:00:40 . Memory (MB): peak = 3132.672 ; gain = 167.133 ; free physical = 11396 ; free virtual = 28284

Phase 4.4 Final Placement Cleanup
Netlist sorting complete. Time (s): cpu = 00:00:00 ; elapsed = 00:00:00 . Memory (MB): peak = 3132.672 ; gain = 0.000 ; free physical = 11396 ; free virtual = 28284

Time (s): cpu = 00:01:00 ; elapsed = 00:00:40 . Memory (MB): peak = 3132.672 ; gain = 167.133 ; free physical = 11396 ; free virtual = 28284
Phase 4 Post Placement Optimization and Clean-Up | Checksum: 27215ffb3

Time (s): cpu = 00:01:00 ; elapsed = 00:00:40 . Memory (MB): peak = 3132.672 ; gain = 167.133 ; free physical = 11396 ; free virtual = 28284
Ending Placer Task | Checksum: 1c279f3fa

Time (s): cpu = 00:01:00 ; elapsed = 00:00:40 . Memory (MB): peak = 3132.672 ; gain = 167.133 ; free physical = 11396 ; free virtual = 28284
83 Infos, 0 Warnings, 0 Critical Warnings and 0 Errors encountered.
place_design completed successfully
place_design: Time (s): cpu = 00:01:02 ; elapsed = 00:00:40 . Memory (MB): peak = 3132.672 ; gain = 167.133 ; free physical = 11396 ; free virtual = 28284
INFO: [Vivado 12-24838] Running report commands "report_control_sets, report_io, report_utilization" in parallel.
Running report generation with 3 threads.
INFO: [Vivado 12-24828] Executing command : report_control_sets -verbose -file RV32IM72F7SPSoCTOP_control_sets_placed.rpt
report_control_sets: Time (s): cpu = 00:00:00.09 ; elapsed = 00:00:00.1 . Memory (MB): peak = 3132.672 ; gain = 0.000 ; free physical = 11380 ; free virtual = 28269
INFO: [Vivado 12-24828] Executing command : report_utilization -file RV32IM72F7SPSoCTOP_utilization_placed.rpt -pb RV32IM72F7SPSoCTOP_utilization_placed.pb
INFO: [Vivado 12-24828] Executing command : report_io -file RV32IM72F7SPSoCTOP_io_placed.rpt
report_io: Time (s): cpu = 00:00:00.13 ; elapsed = 00:00:00.19 . Memory (MB): peak = 3132.672 ; gain = 0.000 ; free physical = 11368 ; free virtual = 28257
INFO: [Timing 38-480] Writing timing data to binary archive.
Wrote PlaceDB: Time (s): cpu = 00:00:00 ; elapsed = 00:00:00 . Memory (MB): peak = 3132.672 ; gain = 0.000 ; free physical = 11368 ; free virtual = 28257
Wrote PulsedLatchDB: Time (s): cpu = 00:00:00 ; elapsed = 00:00:00 . Memory (MB): peak = 3132.672 ; gain = 0.000 ; free physical = 11368 ; free virtual = 28257
Writing XDEF routing.
Write ShapeDB Complete: Time (s): cpu = 00:00:00.02 ; elapsed = 00:00:00 . Memory (MB): peak = 3132.672 ; gain = 0.000 ; free physical = 11368 ; free virtual = 28257
Writing XDEF routing logical nets.
Writing XDEF routing special nets.
Wrote RouteStorage: Time (s): cpu = 00:00:00.05 ; elapsed = 00:00:00.01 . Memory (MB): peak = 3132.672 ; gain = 0.000 ; free physical = 11368 ; free virtual = 28257
Wrote PlaceStorage: Time (s): cpu = 00:00:00.2 ; elapsed = 00:00:00.07 . Memory (MB): peak = 3132.672 ; gain = 0.000 ; free physical = 11364 ; free virtual = 28257
Wrote Netlist Cache: Time (s): cpu = 00:00:00 ; elapsed = 00:00:00 . Memory (MB): peak = 3132.672 ; gain = 0.000 ; free physical = 11364 ; free virtual = 28258
Wrote Device Cache: Time (s): cpu = 00:00:00 ; elapsed = 00:00:00.01 . Memory (MB): peak = 3132.672 ; gain = 0.000 ; free physical = 11363 ; free virtual = 28257
Write Physdb Complete: Time (s): cpu = 00:00:00.25 ; elapsed = 00:00:00.09 . Memory (MB): peak = 3132.672 ; gain = 0.000 ; free physical = 11363 ; free virtual = 28257
INFO: [Common 17-1381] The checkpoint '/home/khwl/Desktop/claude_RISCOF_RV-IM100/RV-IM100/RV32s/SoCs/RV32IM_7SP_BRAM_Opt_Dhry/RV64IM72F_7SP_BRAM_Final_1431.runs/impl_1/RV32IM72F7SPSoCTOP_placed.dcp' has been generated.
Command: phys_opt_design -directive Explore
Attempting to get a license for feature 'Implementation' and/or device 'xc7a200t'
INFO: [Common 17-349] Got license for feature 'Implementation' and/or device 'xc7a200t'
INFO: [Vivado_Tcl 4-137] Directive used for phys_opt_design is: Explore

Starting Initial Update Timing Task

Time (s): cpu = 00:00:03 ; elapsed = 00:00:00.34 . Memory (MB): peak = 3132.672 ; gain = 0.000 ; free physical = 11370 ; free virtual = 28260
INFO: [Vivado_Tcl 4-1435] PhysOpt_Tcl_Interface Runtime Before Starting Physical Synthesis Task | CPU: 3.14s |  WALL: 0.35s
Netlist sorting complete. Time (s): cpu = 00:00:00 ; elapsed = 00:00:00 . Memory (MB): peak = 3132.672 ; gain = 0.000 ; free physical = 11370 ; free virtual = 28260

Starting Physical Synthesis Task

Phase 1 Physical Synthesis Initialization
INFO: [Physopt 32-721] Multithreading enabled for phys_opt_design using a maximum of 16 CPUs
INFO: [Physopt 32-619] Estimated Timing Summary | WNS=-0.279 | TNS=-0.279 |
Phase 1 Physical Synthesis Initialization | Checksum: 165cf6a7b

Time (s): cpu = 00:00:00.74 ; elapsed = 00:00:00.24 . Memory (MB): peak = 3132.672 ; gain = 0.000 ; free physical = 11370 ; free virtual = 28260

Phase 2 SLR Crossing Optimization
Phase 2 SLR Crossing Optimization | Checksum: 165cf6a7b

Time (s): cpu = 00:00:00.76 ; elapsed = 00:00:00.26 . Memory (MB): peak = 3132.672 ; gain = 0.000 ; free physical = 11370 ; free virtual = 28260
INFO: [Physopt 32-619] Estimated Timing Summary | WNS=-0.279 | TNS=-0.279 |

Phase 3 Fanout Optimization
INFO: [Physopt 32-64] No nets found for fanout-optimization.
INFO: [Physopt 32-232] Optimized 0 net. Created 0 new instance.
INFO: [Physopt 32-775] End 1 Pass. Optimized 0 net or cell. Created 0 new cell, deleted 0 existing cell and moved 0 existing cell
Phase 3 Fanout Optimization | Checksum: 165cf6a7b

Time (s): cpu = 00:00:00.83 ; elapsed = 00:00:00.29 . Memory (MB): peak = 3132.672 ; gain = 0.000 ; free physical = 11370 ; free virtual = 28260

Phase 4 Single Cell Placement Optimization
INFO: [Physopt 32-660] Identified 250 candidate nets for placement-based optimization.
INFO: [Physopt 32-662] Processed net rv32im72f_7sp/data_memory/MEM_alu_result_reg[0].  Did not re-place instance rv32im72f_7sp/data_memory/WB_forward_data_value[14]_i_3
INFO: [Physopt 32-662] Processed net rv32im72f_7sp/id_ex_register/src_B[13].  Did not re-place instance rv32im72f_7sp/id_ex_register/divisor_latch[13]_i_1
INFO: [Physopt 32-662] Processed net rv32im72f_7sp/data_memory/data_memory_read_data_muxed[19].  Did not re-place instance rv32im72f_7sp/data_memory/WB_forward_data_value[31]_i_7
INFO: [Physopt 32-662] Processed net rv32im72f_7sp/forward_unit/MEM_non_load_forward_data_reg[31]_0[13].  Did not re-place instance rv32im72f_7sp/forward_unit/WB_forward_data_value[13]_i_1
INFO: [Physopt 32-662] Processed net rv32im72f_7sp/ex_ex2_register/EX2_alu_result[30]_i_10.  Did not re-place instance rv32im72f_7sp/ex_ex2_register/EX2_alu_result[31]_i_19
INFO: [Physopt 32-662] Processed net rv32im72f_7sp/id_ex_register/EX2_alu_result[31]_i_2_n_0.  Did not re-place instance rv32im72f_7sp/id_ex_register/EX2_alu_result[31]_i_2
INFO: [Physopt 32-662] Processed net rv32im72f_7sp/id_ex_register/EX2_alu_result[31]_i_7_0[31].  Did not re-place instance rv32im72f_7sp/id_ex_register/EX2_alu_result[31]_i_1
INFO: [Physopt 32-662] Processed net rv32im72f_7sp/id_ex_register/EX2_alu_result[31]_i_8_n_0.  Did not re-place instance rv32im72f_7sp/id_ex_register/EX2_alu_result[31]_i_8
INFO: [Physopt 32-663] Processed net rv32im72f_7sp/id_ex_register/divisor_latch[13]_i_2_n_0.  Re-placed instance rv32im72f_7sp/id_ex_register/divisor_latch[13]_i_2
INFO: [Physopt 32-662] Processed net rv32im72f_7sp/id_ex_register/retire_forward_data_value_reg[14][1].  Did not re-place instance rv32im72f_7sp/id_ex_register/EX2_alu_result[15]_i_15
INFO: [Physopt 32-662] Processed net rv32im72f_7sp/ex_ex2_register/Q[31].  Did not re-place instance rv32im72f_7sp/ex_ex2_register/EX2_alu_result_reg[31]
INFO: [Physopt 32-662] Processed net rv32im72f_7sp/data_memory/data_memory_read_data_muxed[3].  Did not re-place instance rv32im72f_7sp/data_memory/WB_forward_data_value[31]_i_6
INFO: [Physopt 32-662] Processed net rv32im72f_7sp/data_memory/data_memory_read_data_muxed[11].  Did not re-place instance rv32im72f_7sp/data_memory/WB_forward_data_value[23]_i_8
INFO: [Physopt 32-662] Processed net rv32im72f_7sp/ex_ex2_register/src_A[8].  Did not re-place instance rv32im72f_7sp/ex_ex2_register/dividend_reg[8]_i_1
INFO: [Physopt 32-662] Processed net rv32im72f_7sp/forward_unit/MEM_non_load_forward_data_reg[31]_0[8].  Did not re-place instance rv32im72f_7sp/forward_unit/WB_forward_data_value[8]_i_1
INFO: [Physopt 32-663] Processed net rv32im72f_7sp/ex_ex2_register/dividend_reg[8]_i_2_n_0.  Re-placed instance rv32im72f_7sp/ex_ex2_register/dividend_reg[8]_i_2
INFO: [Physopt 32-662] Processed net rv32im72f_7sp/id_ex_register/retire_forward_data_value_reg[11][0].  Did not re-place instance rv32im72f_7sp/id_ex_register/EX2_alu_result[11]_i_16
INFO: [Physopt 32-663] Processed net rv32im72f_7sp/ex_ex2_register/retire_forward_data_value_reg[15][1].  Re-placed instance rv32im72f_7sp/ex_ex2_register/i__carry__2_i_3__0
INFO: [Physopt 32-662] Processed net rv32im72f_7sp/id_ex_register/src_B[11].  Did not re-place instance rv32im72f_7sp/id_ex_register/divisor_latch[11]_i_1
INFO: [Physopt 32-662] Processed net rv32im72f_7sp/forward_unit/MEM_non_load_forward_data_reg[31]_0[11].  Did not re-place instance rv32im72f_7sp/forward_unit/WB_forward_data_value[11]_i_1
INFO: [Physopt 32-663] Processed net rv32im72f_7sp/id_ex_register/divisor_latch[11]_i_2_n_0.  Re-placed instance rv32im72f_7sp/id_ex_register/divisor_latch[11]_i_2
INFO: [Physopt 32-662] Processed net rv32im72f_7sp/id_ex_register/retire_forward_data_value_reg[11][3].  Did not re-place instance rv32im72f_7sp/id_ex_register/EX2_alu_result[11]_i_13
INFO: [Physopt 32-662] Processed net rv32im72f_7sp/id_ex_register/src_B[9].  Did not re-place instance rv32im72f_7sp/id_ex_register/divisor_latch[9]_i_1
INFO: [Physopt 32-662] Processed net rv32im72f_7sp/forward_unit/MEM_non_load_forward_data_reg[31]_0[9].  Did not re-place instance rv32im72f_7sp/forward_unit/WB_forward_data_value[9]_i_1
INFO: [Physopt 32-663] Processed net rv32im72f_7sp/id_ex_register/divisor_latch[9]_i_2_n_0.  Re-placed instance rv32im72f_7sp/id_ex_register/divisor_latch[9]_i_2
INFO: [Physopt 32-662] Processed net rv32im72f_7sp/id_ex_register/retire_forward_data_value_reg[11][1].  Did not re-place instance rv32im72f_7sp/id_ex_register/EX2_alu_result[11]_i_15
INFO: [Physopt 32-662] Processed net rv32im72f_7sp/ex_ex2_register/src_A[13].  Did not re-place instance rv32im72f_7sp/ex_ex2_register/dividend_reg[13]_i_1
INFO: [Physopt 32-663] Processed net rv32im72f_7sp/ex_ex2_register/dividend_reg[13]_i_2_n_0.  Re-placed instance rv32im72f_7sp/ex_ex2_register/dividend_reg[13]_i_2
INFO: [Physopt 32-662] Processed net rv32im72f_7sp/ex_ex2_register/src_A[10].  Did not re-place instance rv32im72f_7sp/ex_ex2_register/dividend_reg[10]_i_1
INFO: [Physopt 32-662] Processed net rv32im72f_7sp/forward_unit/MEM_non_load_forward_data_reg[31]_0[10].  Did not re-place instance rv32im72f_7sp/forward_unit/WB_forward_data_value[10]_i_1
INFO: [Physopt 32-662] Processed net rv32im72f_7sp/ex_ex2_register/dividend_reg[10]_i_2_n_0.  Did not re-place instance rv32im72f_7sp/ex_ex2_register/dividend_reg[10]_i_2
INFO: [Physopt 32-662] Processed net rv32im72f_7sp/ex_ex2_register/src_A[12].  Did not re-place instance rv32im72f_7sp/ex_ex2_register/dividend_reg[12]_i_1
INFO: [Physopt 32-662] Processed net rv32im72f_7sp/forward_unit/MEM_non_load_forward_data_reg[31]_0[12].  Did not re-place instance rv32im72f_7sp/forward_unit/WB_forward_data_value[12]_i_1
INFO: [Physopt 32-663] Processed net rv32im72f_7sp/ex_ex2_register/dividend_reg[12]_i_2_n_0.  Re-placed instance rv32im72f_7sp/ex_ex2_register/dividend_reg[12]_i_2
INFO: [Physopt 32-662] Processed net rv32im72f_7sp/id_ex_register/retire_forward_data_value_reg[14][0].  Did not re-place instance rv32im72f_7sp/id_ex_register/EX2_alu_result[15]_i_16
INFO: [Physopt 32-662] Processed net rv32im72f_7sp/ex_ex2_register/src_A[9].  Did not re-place instance rv32im72f_7sp/ex_ex2_register/dividend_reg[9]_i_1
INFO: [Physopt 32-662] Processed net rv32im72f_7sp/ex_ex2_register/dividend_reg[9]_i_2_n_0.  Did not re-place instance rv32im72f_7sp/ex_ex2_register/dividend_reg[9]_i_2
INFO: [Physopt 32-662] Processed net rv32im72f_7sp/id_ex_register/retire_forward_data_value_reg[11][2].  Did not re-place instance rv32im72f_7sp/id_ex_register/EX2_alu_result[11]_i_14
INFO: [Physopt 32-662] Processed net rv32im72f_7sp/ex_ex2_register/retire_forward_data_value_reg[11][0].  Did not re-place instance rv32im72f_7sp/ex_ex2_register/i__carry__1_i_4__0
INFO: [Physopt 32-662] Processed net rv32im72f_7sp/ex_ex2_register/src_A[11].  Did not re-place instance rv32im72f_7sp/ex_ex2_register/dividend_reg[11]_i_1
INFO: [Physopt 32-662] Processed net rv32im72f_7sp/ex_ex2_register/dividend_reg[11]_i_2_n_0.  Did not re-place instance rv32im72f_7sp/ex_ex2_register/dividend_reg[11]_i_2
INFO: [Physopt 32-663] Processed net rv32im72f_7sp/ex_ex2_register/retire_forward_data_value_reg[11][3].  Re-placed instance rv32im72f_7sp/ex_ex2_register/i__carry__1_i_1__0
INFO: [Physopt 32-662] Processed net rv32im72f_7sp/id_ex_register/src_B[8].  Did not re-place instance rv32im72f_7sp/id_ex_register/divisor_latch[8]_i_1
INFO: [Physopt 32-663] Processed net rv32im72f_7sp/id_ex_register/divisor_latch[8]_i_3_n_0.  Re-placed instance rv32im72f_7sp/id_ex_register/divisor_latch[8]_i_3
INFO: [Physopt 32-662] Processed net rv32im72f_7sp/ex_ex2_register/retire_forward_data_value_reg[11][1].  Did not re-place instance rv32im72f_7sp/ex_ex2_register/i__carry__1_i_3__0
INFO: [Physopt 32-662] Processed net rv32im72f_7sp/ex_mem_register/MEM_alu_result_reg[0]_7.  Did not re-place instance rv32im72f_7sp/ex_mem_register/WB_forward_data_value[30]_i_4
INFO: [Physopt 32-663] Processed net rv32im72f_7sp/id_ex_register/src_B[19].  Re-placed instance rv32im72f_7sp/id_ex_register/divisor_latch[19]_i_1
INFO: [Physopt 32-662] Processed net rv32im72f_7sp/data_memory/MEM_alu_result_reg[1].  Did not re-place instance rv32im72f_7sp/data_memory/WB_forward_data_value[15]_i_2
INFO: [Physopt 32-662] Processed net rv32im72f_7sp/forward_unit/MEM_non_load_forward_data_reg[31]_0[19].  Did not re-place instance rv32im72f_7sp/forward_unit/WB_forward_data_value[19]_i_1
INFO: [Physopt 32-663] Processed net rv32im72f_7sp/ex_ex2_register/EX2_alu_result[19]_i_13_n_0.  Re-placed instance rv32im72f_7sp/ex_ex2_register/EX2_alu_result[19]_i_13
INFO: [Physopt 32-662] Processed net rv32im72f_7sp/id_ex_register/divisor_latch[19]_i_3_n_0.  Did not re-place instance rv32im72f_7sp/id_ex_register/divisor_latch[19]_i_3
INFO: [Physopt 32-662] Processed net rv32im72f_7sp/ex_ex2_register/src_A[0].  Did not re-place instance rv32im72f_7sp/ex_ex2_register/dividend_reg[0]_i_1
INFO: [Physopt 32-662] Processed net rv32im72f_7sp/data_memory/data_memory_read_data_muxed[0].  Did not re-place instance rv32im72f_7sp/data_memory/WB_forward_data_value[0]_i_5
INFO: [Physopt 32-663] Processed net rv32im72f_7sp/ex_ex2_register/dividend_reg[0]_i_2_n_0.  Re-placed instance rv32im72f_7sp/ex_ex2_register/dividend_reg[0]_i_2
INFO: [Physopt 32-662] Processed net rv32im72f_7sp/data_memory/byte_enable_logic_register_file_write_data[0].  Did not re-place instance rv32im72f_7sp/data_memory/dividend_reg[0]_i_5
INFO: [Physopt 32-662] Processed net rv32im72f_7sp/ex_ex2_register/EX2_alu_result[3]_i_16_n_0.  Did not re-place instance rv32im72f_7sp/ex_ex2_register/EX2_alu_result[3]_i_16
INFO: [Physopt 32-662] Processed net rv32im72f_7sp/id_ex_register/src_B[3].  Did not re-place instance rv32im72f_7sp/id_ex_register/divisor_latch[3]_i_1
INFO: [Physopt 32-662] Processed net rv32im72f_7sp/ex_ex2_register/Q[23].  Did not re-place instance rv32im72f_7sp/ex_ex2_register/EX2_alu_result_reg[23]
INFO: [Physopt 32-662] Processed net rv32im72f_7sp/forward_unit/MEM_non_load_forward_data_reg[31]_0[3].  Did not re-place instance rv32im72f_7sp/forward_unit/WB_forward_data_value[3]_i_1
INFO: [Physopt 32-662] Processed net rv32im72f_7sp/ex_ex2_register/retire_forward_data_value_reg[8].  Did not re-place instance rv32im72f_7sp/ex_ex2_register/EX2_alu_result[23]_i_18
INFO: [Physopt 32-662] Processed net rv32im72f_7sp/ex_ex2_register/retire_forward_data_value_reg[1]_34.  Did not re-place instance rv32im72f_7sp/ex_ex2_register/EX2_alu_result[23]_i_8
INFO: [Physopt 32-663] Processed net rv32im72f_7sp/id_ex_register/divisor_latch[3]_i_3_n_0.  Re-placed instance rv32im72f_7sp/id_ex_register/divisor_latch[3]_i_3
INFO: [Physopt 32-663] Processed net rv32im72f_7sp/data_memory/mmio_uart_status_hit_reg_reg_51.  Re-placed instance rv32im72f_7sp/data_memory/WB_forward_data_value[3]_i_5
INFO: [Physopt 32-662] Processed net rv32im72f_7sp/id_ex_register/EX2_alu_result[23]_i_3_n_0.  Did not re-place instance rv32im72f_7sp/id_ex_register/EX2_alu_result[23]_i_3
INFO: [Physopt 32-662] Processed net rv32im72f_7sp/id_ex_register/EX2_alu_result[31]_i_7_0[23].  Did not re-place instance rv32im72f_7sp/id_ex_register/EX2_alu_result[23]_i_1
INFO: [Physopt 32-662] Processed net rv32im72f_7sp/ex_ex2_register/retire_forward_data_value_reg[11][2].  Did not re-place instance rv32im72f_7sp/ex_ex2_register/i__carry__1_i_2__0
INFO: [Physopt 32-662] Processed net rv32im72f_7sp/ex_ex2_register/src_A[6].  Did not re-place instance rv32im72f_7sp/ex_ex2_register/dividend_reg[6]_i_1
INFO: [Physopt 32-662] Processed net rv32im72f_7sp/forward_unit/MEM_non_load_forward_data_reg[31]_0[6].  Did not re-place instance rv32im72f_7sp/forward_unit/WB_forward_data_value[6]_i_1
INFO: [Physopt 32-662] Processed net rv32im72f_7sp/id_ex_register/EX2_alu_result[6]_i_8_n_0.  Did not re-place instance rv32im72f_7sp/id_ex_register/EX2_alu_result[6]_i_8
INFO: [Physopt 32-662] Processed net rv32im72f_7sp/id_ex_register/EX2_alu_result[9]_i_17_n_0.  Did not re-place instance rv32im72f_7sp/id_ex_register/EX2_alu_result[9]_i_17
INFO: [Physopt 32-663] Processed net rv32im72f_7sp/data_memory/mmio_uart_status_hit_reg_reg_35.  Re-placed instance rv32im72f_7sp/data_memory/WB_forward_data_value[6]_i_2
INFO: [Physopt 32-663] Processed net rv32im72f_7sp/ex_ex2_register/dividend_reg[6]_i_2_n_0.  Re-placed instance rv32im72f_7sp/ex_ex2_register/dividend_reg[6]_i_2
INFO: [Physopt 32-662] Processed net rv32im72f_7sp/id_ex_register/EX2_alu_result[31]_i_7_0[7].  Did not re-place instance rv32im72f_7sp/id_ex_register/EX2_alu_result[7]_i_1
INFO: [Physopt 32-662] Processed net rv32im72f_7sp/id_ex_register/EX2_alu_result[7]_i_3_n_0.  Did not re-place instance rv32im72f_7sp/id_ex_register/EX2_alu_result[7]_i_3
INFO: [Physopt 32-662] Processed net rv32im72f_7sp/id_ex_register/EX2_alu_result[7]_i_9_n_0.  Did not re-place instance rv32im72f_7sp/id_ex_register/EX2_alu_result[7]_i_9
INFO: [Physopt 32-662] Processed net rv32im72f_7sp/ex_ex2_register/Q[7].  Did not re-place instance rv32im72f_7sp/ex_ex2_register/EX2_alu_result_reg[7]
INFO: [Physopt 32-662] Processed net rv32im72f_7sp/id_ex_register/src_B[10].  Did not re-place instance rv32im72f_7sp/id_ex_register/divisor_latch[10]_i_1
INFO: [Physopt 32-663] Processed net rv32im72f_7sp/id_ex_register/divisor_latch[10]_i_3_n_0.  Re-placed instance rv32im72f_7sp/id_ex_register/divisor_latch[10]_i_3
INFO: [Physopt 32-662] Processed net rv32im72f_7sp/id_ex_register/src_B[5].  Did not re-place instance rv32im72f_7sp/id_ex_register/divisor_latch[5]_i_1
INFO: [Physopt 32-662] Processed net rv32im72f_7sp/forward_unit/MEM_non_load_forward_data_reg[31]_0[5].  Did not re-place instance rv32im72f_7sp/forward_unit/WB_forward_data_value[5]_i_1
INFO: [Physopt 32-663] Processed net rv32im72f_7sp/data_memory/mmio_uart_status_hit_reg_reg_53.  Re-placed instance rv32im72f_7sp/data_memory/WB_forward_data_value[5]_i_5
INFO: [Physopt 32-663] Processed net rv32im72f_7sp/id_ex_register/EX2_alu_result[23]_i_2_n_0.  Re-placed instance rv32im72f_7sp/id_ex_register/EX2_alu_result[23]_i_2
INFO: [Physopt 32-663] Processed net rv32im72f_7sp/id_ex_register/divisor_latch[5]_i_2_n_0.  Re-placed instance rv32im72f_7sp/id_ex_register/divisor_latch[5]_i_2
INFO: [Physopt 32-662] Processed net rv32im72f_7sp/id_ex_register/retire_forward_data_value_reg[6][1].  Did not re-place instance rv32im72f_7sp/id_ex_register/EX2_alu_result[7]_i_16
INFO: [Physopt 32-662] Processed net rv32im72f_7sp/id_ex_register/src_B[15].  Did not re-place instance rv32im72f_7sp/id_ex_register/divisor_latch[15]_i_1
INFO: [Physopt 32-662] Processed net rv32im72f_7sp/ex_mem_register/MEM_alu_result_reg[0]_2.  Did not re-place instance rv32im72f_7sp/ex_mem_register/WB_forward_data_value[15]_i_4
INFO: [Physopt 32-662] Processed net rv32im72f_7sp/forward_unit/MEM_non_load_forward_data_reg[31]_0[15].  Did not re-place instance rv32im72f_7sp/forward_unit/WB_forward_data_value[15]_i_1
INFO: [Physopt 32-662] Processed net rv32im72f_7sp/ex_mem_register/MEM_alu_result_reg[0]_3.  Did not re-place instance rv32im72f_7sp/ex_mem_register/WB_forward_data_value[15]_i_5
INFO: [Physopt 32-662] Processed net rv32im72f_7sp/ex_ex2_register/EX2_alu_result[15]_i_13_n_0.  Did not re-place instance rv32im72f_7sp/ex_ex2_register/EX2_alu_result[15]_i_13
INFO: [Physopt 32-662] Processed net rv32im72f_7sp/id_ex_register/divisor_latch[15]_i_3_n_0.  Did not re-place instance rv32im72f_7sp/id_ex_register/divisor_latch[15]_i_3
INFO: [Physopt 32-662] Processed net rv32im72f_7sp/id_ex_register/src_B[29].  Did not re-place instance rv32im72f_7sp/id_ex_register/divisor_latch[29]_i_1
INFO: [Physopt 32-662] Processed net rv32im72f_7sp/forward_unit/MEM_non_load_forward_data_reg[31]_0[29].  Did not re-place instance rv32im72f_7sp/forward_unit/WB_forward_data_value[29]_i_1
INFO: [Physopt 32-663] Processed net rv32im72f_7sp/ex_ex2_register/EX2_alu_result[30]_i_21_n_0.  Re-placed instance rv32im72f_7sp/ex_ex2_register/EX2_alu_result[30]_i_21
INFO: [Physopt 32-663] Processed net rv32im72f_7sp/id_ex_register/divisor_latch[29]_i_2_n_0.  Re-placed instance rv32im72f_7sp/id_ex_register/divisor_latch[29]_i_2
INFO: [Physopt 32-662] Processed net rv32im72f_7sp/id_ex_register/src_B[12].  Did not re-place instance rv32im72f_7sp/id_ex_register/divisor_latch[12]_i_1
INFO: [Physopt 32-663] Processed net rv32im72f_7sp/ex_ex2_register/retire_forward_data_value_reg[15][0].  Re-placed instance rv32im72f_7sp/ex_ex2_register/i__carry__2_i_4__0
INFO: [Physopt 32-663] Processed net rv32im72f_7sp/id_ex_register/divisor_latch[12]_i_3_n_0.  Re-placed instance rv32im72f_7sp/id_ex_register/divisor_latch[12]_i_3
INFO: [Physopt 32-662] Processed net rv32im72f_7sp/ex_ex2_register/src_A[4].  Did not re-place instance rv32im72f_7sp/ex_ex2_register/dividend_reg[4]_i_1
INFO: [Physopt 32-662] Processed net rv32im72f_7sp/forward_unit/MEM_non_load_forward_data_reg[31]_0[4].  Did not re-place instance rv32im72f_7sp/forward_unit/WB_forward_data_value[4]_i_1
INFO: [Physopt 32-663] Processed net rv32im72f_7sp/data_memory/mmio_uart_status_hit_reg_reg_33.  Re-placed instance rv32im72f_7sp/data_memory/WB_forward_data_value[4]_i_2
INFO: [Physopt 32-663] Processed net rv32im72f_7sp/ex_ex2_register/dividend_reg[4]_i_2_n_0.  Re-placed instance rv32im72f_7sp/ex_ex2_register/dividend_reg[4]_i_2
INFO: [Physopt 32-662] Processed net rv32im72f_7sp/ex_ex2_register/retire_forward_data_value_reg[7][0].  Did not re-place instance rv32im72f_7sp/ex_ex2_register/i__carry__0_i_4__0
INFO: [Physopt 32-663] Processed net rv32im72f_7sp/data_memory/mmio_uart_status_hit_reg_reg_7.  Re-placed instance rv32im72f_7sp/data_memory/WB_forward_data_value[10]_i_2
INFO: [Physopt 32-662] Processed net rv32im72f_7sp/id_ex_register/src_B[0].  Did not re-place instance rv32im72f_7sp/id_ex_register/divisor_latch[0]_i_1
INFO: [Physopt 32-662] Processed net rv32im72f_7sp/ex_ex2_register/src_A[30].  Did not re-place instance rv32im72f_7sp/ex_ex2_register/dividend_reg[30]_i_1
INFO: [Physopt 32-662] Processed net rv32im72f_7sp/forward_unit/MEM_non_load_forward_data_reg[31]_0[0].  Did not re-place instance rv32im72f_7sp/forward_unit/WB_forward_data_value[0]_i_1
INFO: [Physopt 32-662] Processed net rv32im72f_7sp/ex_ex2_register/retire_forward_data_value_reg[1]_43.  Did not re-place instance rv32im72f_7sp/ex_ex2_register/EX2_alu_result[24]_i_10
INFO: [Physopt 32-662] Processed net rv32im72f_7sp/ex_ex2_register/retire_forward_data_value_reg[2]_4.  Did not re-place instance rv32im72f_7sp/ex_ex2_register/EX2_alu_result[26]_i_14
INFO: [Physopt 32-662] Processed net rv32im72f_7sp/id_ex_register/divisor_latch[0]_i_3_n_0.  Did not re-place instance rv32im72f_7sp/id_ex_register/divisor_latch[0]_i_3
INFO: [Physopt 32-662] Processed net rv32im72f_7sp/data_memory/data_memory_read_data_muxed[2].  Did not re-place instance rv32im72f_7sp/data_memory/WB_forward_data_value[0]_i_4
INFO: [Physopt 32-662] Processed net rv32im72f_7sp/ex_mem_register/MEM_alu_result_reg[1]_0.  Did not re-place instance rv32im72f_7sp/ex_mem_register/WB_forward_data_value[0]_i_3
INFO: [Physopt 32-662] Processed net rv32im72f_7sp/forward_unit/WB_forward_data_value_reg[30].  Did not re-place instance rv32im72f_7sp/forward_unit/dividend_reg[30]_i_2
INFO: [Physopt 32-663] Processed net rv32im72f_7sp/id_ex_register/EX2_alu_result[23]_i_4_n_0.  Re-placed instance rv32im72f_7sp/id_ex_register/EX2_alu_result[23]_i_4
INFO: [Physopt 32-662] Processed net rv32im72f_7sp/id_ex_register/src_B[31].  Did not re-place instance rv32im72f_7sp/id_ex_register/divisor_latch[31]_i_2
INFO: [Physopt 32-662] Processed net rv32im72f_7sp/forward_unit/MEM_non_load_forward_data_reg[31]_0[31].  Did not re-place instance rv32im72f_7sp/forward_unit/WB_forward_data_value[31]_i_1
INFO: [Physopt 32-662] Processed net rv32im72f_7sp/ex_mem_register/MEM_funct3_reg[2]_2.  Did not re-place instance rv32im72f_7sp/ex_mem_register/WB_forward_data_value[31]_i_2
INFO: [Physopt 32-662] Processed net rv32im72f_7sp/id_ex_register/EX2_alu_result[0]_i_11_n_0.  Did not re-place instance rv32im72f_7sp/id_ex_register/EX2_alu_result[0]_i_11
INFO: [Physopt 32-662] Processed net rv32im72f_7sp/id_ex_register/EX2_alu_result[0]_i_6_n_0.  Did not re-place instance rv32im72f_7sp/id_ex_register/EX2_alu_result[0]_i_6
INFO: [Physopt 32-662] Processed net rv32im72f_7sp/id_ex_register/EX2_alu_result[31]_i_7_0[0].  Did not re-place instance rv32im72f_7sp/id_ex_register/EX2_alu_result[0]_i_1
INFO: [Physopt 32-662] Processed net rv32im72f_7sp/id_ex_register/divisor_latch[31]_i_3_n_0.  Did not re-place instance rv32im72f_7sp/id_ex_register/divisor_latch[31]_i_3
INFO: [Physopt 32-662] Processed net rv32im72f_7sp/id_ex_register/retire_forward_data_value_reg[31]_0[3].  Did not re-place instance rv32im72f_7sp/id_ex_register/alu_result2_carry__2_i_5
INFO: [Physopt 32-662] Processed net rv32im72f_7sp/ex_ex2_register/Q[0].  Did not re-place instance rv32im72f_7sp/ex_ex2_register/EX2_alu_result_reg[0]
INFO: [Physopt 32-662] Processed net rv32im72f_7sp/ex_ex2_register/retire_forward_data_value_reg[1]_28.  Did not re-place instance rv32im72f_7sp/ex_ex2_register/EX2_alu_result[29]_i_7
INFO: [Physopt 32-662] Processed net rv32im72f_7sp/ex_ex2_register/EX2_alu_result[31]_i_27_n_0.  Did not re-place instance rv32im72f_7sp/ex_ex2_register/EX2_alu_result[31]_i_27
INFO: [Physopt 32-662] Processed net rv32im72f_7sp/id_ex_register/EX2_alu_result[28]_i_3_n_0.  Did not re-place instance rv32im72f_7sp/id_ex_register/EX2_alu_result[28]_i_3
INFO: [Physopt 32-662] Processed net rv32im72f_7sp/id_ex_register/EX2_alu_result[31]_i_7_0[28].  Did not re-place instance rv32im72f_7sp/id_ex_register/EX2_alu_result[28]_i_1
INFO: [Physopt 32-662] Processed net rv32im72f_7sp/ex_ex2_register/Q[28].  Did not re-place instance rv32im72f_7sp/ex_ex2_register/EX2_alu_result_reg[28]
INFO: [Physopt 32-662] Processed net rv32im72f_7sp/id_ex_register/EX2_alu_result[17]_i_7_n_0.  Did not re-place instance rv32im72f_7sp/id_ex_register/EX2_alu_result[17]_i_7
INFO: [Physopt 32-662] Processed net rv32im72f_7sp/id_ex_register/EX2_alu_result[17]_i_12_n_0.  Did not re-place instance rv32im72f_7sp/id_ex_register/EX2_alu_result[17]_i_12
INFO: [Physopt 32-662] Processed net rv32im72f_7sp/id_ex_register/EX2_alu_result[17]_i_17_n_0.  Did not re-place instance rv32im72f_7sp/id_ex_register/EX2_alu_result[17]_i_17
INFO: [Physopt 32-662] Processed net rv32im72f_7sp/id_ex_register/EX2_alu_result[17]_i_3_n_0.  Did not re-place instance rv32im72f_7sp/id_ex_register/EX2_alu_result[17]_i_3
INFO: [Physopt 32-662] Processed net rv32im72f_7sp/id_ex_register/EX2_alu_result[31]_i_7_0[17].  Did not re-place instance rv32im72f_7sp/id_ex_register/EX2_alu_result[17]_i_1
INFO: [Physopt 32-662] Processed net rv32im72f_7sp/ex_ex2_register/Q[17].  Did not re-place instance rv32im72f_7sp/ex_ex2_register/EX2_alu_result_reg[17]
INFO: [Physopt 32-663] Processed net rv32im72f_7sp/data_memory/dividend_reg[0]_i_7_n_0.  Re-placed instance rv32im72f_7sp/data_memory/dividend_reg[0]_i_7
INFO: [Physopt 32-662] Processed net rv32im72f_7sp/id_ex_register/retire_forward_data_value_reg[13][1].  Did not re-place instance rv32im72f_7sp/id_ex_register/alu_result2_carry__0_i_7
INFO: [Physopt 32-662] Processed net rv32im72f_7sp/data_memory/MEM_alu_result_reg[1]_0.  Did not re-place instance rv32im72f_7sp/data_memory/WB_forward_data_value[7]_i_4
INFO: [Physopt 32-662] Processed net rv32im72f_7sp/ex_ex2_register/src_A[2].  Did not re-place instance rv32im72f_7sp/ex_ex2_register/dividend_reg[2]_i_1
INFO: [Physopt 32-662] Processed net rv32im72f_7sp/forward_unit/MEM_non_load_forward_data_reg[31]_0[2].  Did not re-place instance rv32im72f_7sp/forward_unit/WB_forward_data_value[2]_i_1
INFO: [Physopt 32-663] Processed net rv32im72f_7sp/data_memory/mmio_uart_status_hit_reg_reg_50.  Re-placed instance rv32im72f_7sp/data_memory/WB_forward_data_value[2]_i_5
INFO: [Physopt 32-663] Processed net rv32im72f_7sp/ex_ex2_register/dividend_reg[2]_i_2_n_0.  Re-placed instance rv32im72f_7sp/ex_ex2_register/dividend_reg[2]_i_2
INFO: [Physopt 32-662] Processed net rv32im72f_7sp/id_ex_register/retire_forward_data_value_reg[30][3].  Did not re-place instance rv32im72f_7sp/id_ex_register/alu_result2_carry__2_i_1
INFO: [Physopt 32-662] Processed net rv32im72f_7sp/id_ex_register/retire_forward_data_value_reg[6][2].  Did not re-place instance rv32im72f_7sp/id_ex_register/EX2_alu_result[7]_i_15
INFO: [Physopt 32-662] Processed net rv32im72f_7sp/ex_ex2_register/retire_forward_data_value_reg[7][2].  Did not re-place instance rv32im72f_7sp/ex_ex2_register/i__carry__0_i_2__0
INFO: [Physopt 32-663] Processed net rv32im72f_7sp/data_memory/mmio_uart_status_hit_reg_reg_34.  Re-placed instance rv32im72f_7sp/data_memory/WB_forward_data_value[5]_i_2
INFO: [Physopt 32-663] Processed net rv32im72f_7sp/id_ex_register/EX2_alu_result[17]_i_16_n_0.  Re-placed instance rv32im72f_7sp/id_ex_register/EX2_alu_result[17]_i_16
INFO: [Physopt 32-662] Processed net rv32im72f_7sp/id_ex_register/src_B[4].  Did not re-place instance rv32im72f_7sp/id_ex_register/divisor_latch[4]_i_1
INFO: [Physopt 32-662] Processed net rv32im72f_7sp/id_ex_register/divisor_latch[4]_i_2_n_0.  Did not re-place instance rv32im72f_7sp/id_ex_register/divisor_latch[4]_i_2
INFO: [Physopt 32-663] Processed net rv32im72f_7sp/data_memory/mmio_uart_status_hit_reg_reg_1.  Re-placed instance rv32im72f_7sp/data_memory/WB_forward_data_value[3]_i_3
INFO: [Physopt 32-662] Processed net rv32im72f_7sp/data_memory/data_memory_read_data_muxed[1].  Did not re-place instance rv32im72f_7sp/data_memory/WB_forward_data_value[23]_i_6
INFO: [Physopt 32-662] Processed net rv32im72f_7sp/forward_unit/MEM_non_load_forward_data_reg[31]_0[23].  Did not re-place instance rv32im72f_7sp/forward_unit/WB_forward_data_value[23]_i_1
INFO: [Physopt 32-662] Processed net rv32im72f_7sp/ex_ex2_register/dividend_reg[23]_i_2_n_0.  Did not re-place instance rv32im72f_7sp/ex_ex2_register/dividend_reg[23]_i_2
INFO: [Physopt 32-662] Processed net rv32im72f_7sp/ex_ex2_register/EX2_alu_result[23]_i_13_n_0.  Did not re-place instance rv32im72f_7sp/ex_ex2_register/EX2_alu_result[23]_i_13
INFO: [Physopt 32-662] Processed net rv32im72f_7sp/ex_mem_register/MEM_alu_result_reg[0]_6.  Did not re-place instance rv32im72f_7sp/ex_mem_register/WB_forward_data_value[23]_i_2
INFO: [Physopt 32-662] Processed net rv32im72f_7sp/ex_ex2_register/EX2_alu_result[31]_i_23_n_0.  Did not re-place instance rv32im72f_7sp/ex_ex2_register/EX2_alu_result[31]_i_23
INFO: [Physopt 32-662] Processed net rv32im72f_7sp/ex_ex2_register/retire_forward_data_value_reg[1]_32.  Did not re-place instance rv32im72f_7sp/ex_ex2_register/EX2_alu_result[30]_i_12
INFO: [Physopt 32-662] Processed net rv32im72f_7sp/id_ex_register/EX2_alu_result[30]_i_4_n_0.  Did not re-place instance rv32im72f_7sp/id_ex_register/EX2_alu_result[30]_i_4
INFO: [Physopt 32-662] Processed net rv32im72f_7sp/id_ex_register/EX2_alu_result[31]_i_7_0[30].  Did not re-place instance rv32im72f_7sp/id_ex_register/EX2_alu_result[30]_i_1
INFO: [Physopt 32-662] Processed net rv32im72f_7sp/ex_ex2_register/Q[30].  Did not re-place instance rv32im72f_7sp/ex_ex2_register/EX2_alu_result_reg[30]
INFO: [Physopt 32-662] Processed net rv32im72f_7sp/id_ex_register/S[2].  Did not re-place instance rv32im72f_7sp/id_ex_register/EX2_alu_result[3]_i_13
INFO: [Physopt 32-662] Processed net rv32im72f_7sp/id_ex_register/EX2_alu_result[29]_i_3_n_0.  Did not re-place instance rv32im72f_7sp/id_ex_register/EX2_alu_result[29]_i_3
INFO: [Physopt 32-662] Processed net rv32im72f_7sp/id_ex_register/EX2_alu_result[31]_i_7_0[29].  Did not re-place instance rv32im72f_7sp/id_ex_register/EX2_alu_result[29]_i_1
INFO: [Physopt 32-662] Processed net rv32im72f_7sp/ex_ex2_register/Q[29].  Did not re-place instance rv32im72f_7sp/ex_ex2_register/EX2_alu_result_reg[29]
INFO: [Physopt 32-662] Processed net rv32im72f_7sp/data_memory/mmio_uart_status_hit_reg_reg_32.  Did not re-place instance rv32im72f_7sp/data_memory/WB_forward_data_value[3]_i_2
INFO: [Physopt 32-662] Processed net rv32im72f_7sp/id_ex_register/src_B[14].  Did not re-place instance rv32im72f_7sp/id_ex_register/divisor_latch[14]_i_1
INFO: [Physopt 32-662] Processed net rv32im72f_7sp/id_ex_register/src_B[23].  Did not re-place instance rv32im72f_7sp/id_ex_register/divisor_latch[23]_i_1
INFO: [Physopt 32-662] Processed net rv32im72f_7sp/forward_unit/MEM_non_load_forward_data_reg[31]_0[14].  Did not re-place instance rv32im72f_7sp/forward_unit/WB_forward_data_value[14]_i_1
INFO: [Physopt 32-663] Processed net rv32im72f_7sp/id_ex_register/divisor_latch[14]_i_2_n_0.  Re-placed instance rv32im72f_7sp/id_ex_register/divisor_latch[14]_i_2
INFO: [Physopt 32-663] Processed net rv32im72f_7sp/id_ex_register/divisor_latch[23]_i_3_n_0.  Re-placed instance rv32im72f_7sp/id_ex_register/divisor_latch[23]_i_3
INFO: [Physopt 32-662] Processed net rv32im72f_7sp/id_ex_register/retire_forward_data_value_reg[14][2].  Did not re-place instance rv32im72f_7sp/id_ex_register/EX2_alu_result[15]_i_14
INFO: [Physopt 32-662] Processed net rv32im72f_7sp/id_ex_register/retire_forward_data_value_reg[23]_1[0].  Did not re-place instance rv32im72f_7sp/id_ex_register/EX2_alu_result[23]_i_14
INFO: [Physopt 32-662] Processed net rv32im72f_7sp/id_ex_register/retire_forward_data_value_reg[14]_1[1].  Did not re-place instance rv32im72f_7sp/id_ex_register/alu_result2_carry__0_i_3
INFO: [Physopt 32-662] Processed net rv32im72f_7sp/ex_ex2_register/src_A[14].  Did not re-place instance rv32im72f_7sp/ex_ex2_register/dividend_reg[14]_i_1
INFO: [Physopt 32-663] Processed net rv32im72f_7sp/ex_ex2_register/dividend_reg[14]_i_2_n_0.  Re-placed instance rv32im72f_7sp/ex_ex2_register/dividend_reg[14]_i_2
INFO: [Physopt 32-662] Processed net rv32im72f_7sp/ex_ex2_register/src_A[26].  Did not re-place instance rv32im72f_7sp/ex_ex2_register/dividend_reg[26]_i_1
INFO: [Physopt 32-662] Processed net rv32im72f_7sp/forward_unit/WB_forward_data_value_reg[26].  Did not re-place instance rv32im72f_7sp/forward_unit/dividend_reg[26]_i_2
INFO: [Physopt 32-663] Processed net rv32im72f_7sp/data_memory/dividend_reg[0]_i_8_n_0.  Re-placed instance rv32im72f_7sp/data_memory/dividend_reg[0]_i_8
INFO: [Physopt 32-662] Processed net rv32im72f_7sp/id_ex_register/src_B[6].  Did not re-place instance rv32im72f_7sp/id_ex_register/divisor_latch[6]_i_1
INFO: [Physopt 32-663] Processed net rv32im72f_7sp/id_ex_register/divisor_latch[6]_i_3_n_0.  Re-placed instance rv32im72f_7sp/id_ex_register/divisor_latch[6]_i_3
INFO: [Physopt 32-663] Processed net rv32im72f_7sp/data_memory/mmio_uart_status_hit_reg_reg_31.  Re-placed instance rv32im72f_7sp/data_memory/WB_forward_data_value[2]_i_2
INFO: [Physopt 32-663] Processed net rv32im72f_7sp/ex_ex2_register/retire_forward_data_value_reg[19][3].  Re-placed instance rv32im72f_7sp/ex_ex2_register/i__carry__3_i_1
INFO: [Physopt 32-663] Processed net rv32im72f_7sp/data_memory/mmio_uart_status_hit_reg_reg_2.  Re-placed instance rv32im72f_7sp/data_memory/WB_forward_data_value[4]_i_3
INFO: [Physopt 32-662] Processed net rv32im72f_7sp/ex_ex2_register/retire_forward_data_value_reg[3][0].  Did not re-place instance rv32im72f_7sp/ex_ex2_register/i__carry_i_4
INFO: [Physopt 32-662] Processed net rv32im72f_7sp/id_ex_register/EX2_alu_result[30]_i_2_n_0.  Did not re-place instance rv32im72f_7sp/id_ex_register/EX2_alu_result[30]_i_2
INFO: [Physopt 32-663] Processed net rv32im72f_7sp/id_ex_register/EX2_alu_result[18]_i_12_n_0.  Re-placed instance rv32im72f_7sp/id_ex_register/EX2_alu_result[18]_i_12
INFO: [Physopt 32-662] Processed net rv32im72f_7sp/id_ex_register/EX2_alu_result[18]_i_7_n_0.  Did not re-place instance rv32im72f_7sp/id_ex_register/EX2_alu_result[18]_i_7
INFO: [Physopt 32-663] Processed net rv32im72f_7sp/id_ex_register/EX2_alu_result[18]_i_16_n_0.  Re-placed instance rv32im72f_7sp/id_ex_register/EX2_alu_result[18]_i_16
INFO: [Physopt 32-662] Processed net rv32im72f_7sp/id_ex_register/EX2_alu_result[18]_i_3_n_0.  Did not re-place instance rv32im72f_7sp/id_ex_register/EX2_alu_result[18]_i_3
INFO: [Physopt 32-662] Processed net rv32im72f_7sp/id_ex_register/EX2_alu_result[31]_i_7_0[18].  Did not re-place instance rv32im72f_7sp/id_ex_register/EX2_alu_result[18]_i_1
INFO: [Physopt 32-662] Processed net rv32im72f_7sp/id_ex_register/retire_forward_data_value_reg[6][0].  Did not re-place instance rv32im72f_7sp/id_ex_register/EX2_alu_result[7]_i_17
INFO: [Physopt 32-662] Processed net rv32im72f_7sp/ex_ex2_register/Q[18].  Did not re-place instance rv32im72f_7sp/ex_ex2_register/EX2_alu_result_reg[18]
INFO: [Physopt 32-662] Processed net rv32im72f_7sp/ex_ex2_register/EX2_alu_result[28]_i_12_n_0.  Did not re-place instance rv32im72f_7sp/ex_ex2_register/EX2_alu_result[28]_i_12
INFO: [Physopt 32-662] Processed net rv32im72f_7sp/ex_ex2_register/retire_forward_data_value_reg[1]_30.  Did not re-place instance rv32im72f_7sp/ex_ex2_register/EX2_alu_result[26]_i_8
INFO: [Physopt 32-662] Processed net rv32im72f_7sp/id_ex_register/EX2_alu_result[25]_i_3_n_0.  Did not re-place instance rv32im72f_7sp/id_ex_register/EX2_alu_result[25]_i_3
INFO: [Physopt 32-662] Processed net rv32im72f_7sp/id_ex_register/EX2_alu_result[31]_i_7_0[25].  Did not re-place instance rv32im72f_7sp/id_ex_register/EX2_alu_result[25]_i_1
INFO: [Physopt 32-662] Processed net rv32im72f_7sp/ex_ex2_register/Q[25].  Did not re-place instance rv32im72f_7sp/ex_ex2_register/EX2_alu_result_reg[25]
INFO: [Physopt 32-662] Processed net rv32im72f_7sp/forward_unit/alu_forward_source_select_a[0].  Did not re-place instance rv32im72f_7sp/forward_unit/dividend_reg[31]_i_6
INFO: [Physopt 32-662] Processed net rv32im72f_7sp/ex_ex2_register/src_A[28].  Did not re-place instance rv32im72f_7sp/ex_ex2_register/dividend_reg[28]_i_1
INFO: [Physopt 32-663] Processed net rv32im72f_7sp/ex_ex2_register/dividend_reg[23]_i_3_n_0.  Re-placed instance rv32im72f_7sp/ex_ex2_register/dividend_reg[23]_i_3
INFO: [Physopt 32-663] Processed net rv32im72f_7sp/ex_ex2_register/EX2_rd_reg[4]_0[4].  Re-placed instance rv32im72f_7sp/ex_ex2_register/EX2_rd_reg[4]
INFO: [Physopt 32-662] Processed net rv32im72f_7sp/ex_ex2_register/hazard_ex2[0].  Did not re-place instance rv32im72f_7sp/ex_ex2_register/dividend_reg[31]_i_9
INFO: [Physopt 32-662] Processed net rv32im72f_7sp/ex_ex2_register/EX2_alu_result[24]_i_14_n_0.  Did not re-place instance rv32im72f_7sp/ex_ex2_register/EX2_alu_result[24]_i_14
INFO: [Physopt 32-662] Processed net rv32im72f_7sp/id_ex_register/EX_uses_rs1_reg_0.  Did not re-place instance rv32im72f_7sp/id_ex_register/FSM_onehot_stage[3]_i_7
INFO: [Physopt 32-663] Processed net rv32im72f_7sp/ex_ex2_register/dividend_reg[28]_i_4_n_0.  Re-placed instance rv32im72f_7sp/ex_ex2_register/dividend_reg[28]_i_4
INFO: [Physopt 32-662] Processed net rv32im72f_7sp/id_ex_register/FSM_onehot_stage[3]_i_10_n_0.  Did not re-place instance rv32im72f_7sp/id_ex_register/FSM_onehot_stage[3]_i_10
INFO: [Physopt 32-662] Processed net rv32im72f_7sp/if_io_register/IO_pc[31]_i_1_n_0.  Did not re-place instance rv32im72f_7sp/if_io_register/IO_pc[31]_i_1
INFO: [Physopt 32-662] Processed net rv32im72f_7sp/alu/multiplier_word/mul_busy_reg_0.  Did not re-place instance rv32im72f_7sp/alu/multiplier_word/memory_bank0_reg_0_i_22
INFO: [Physopt 32-662] Processed net rv32im72f_7sp/ex_ex2_register/ID_EX_flush.  Did not re-place instance rv32im72f_7sp/ex_ex2_register/div_inflight_i_3
INFO: [Physopt 32-663] Processed net rv32im72f_7sp/exception_detector/E[0].  Re-placed instance rv32im72f_7sp/exception_detector/IO_pc[31]_i_2
INFO: [Physopt 32-662] Processed net rv32im72f_7sp/ex_ex2_register/branch_prediction_miss.  Did not re-place instance rv32im72f_7sp/ex_ex2_register/div_inflight_i_4
INFO: [Physopt 32-663] Processed net rv32im72f_7sp/ex_ex2_register/EX2_alu_result_reg[0]_0.  Re-placed instance rv32im72f_7sp/ex_ex2_register/prediction_counter[1]_i_2
INFO: [Physopt 32-662] Processed net rv32im72f_7sp/id_ex_register/div_start.  Did not re-place instance rv32im72f_7sp/id_ex_register/FSM_onehot_state[1]_i_4
INFO: [Physopt 32-662] Processed net rv32im72f_7sp/ex_ex2_register/Q[26].  Did not re-place instance rv32im72f_7sp/ex_ex2_register/EX2_alu_result_reg[26]
INFO: [Physopt 32-662] Processed net rv32im72f_7sp/alu/multiplier_word/mul_busy_reg_1.  Did not re-place instance rv32im72f_7sp/alu/multiplier_word/memory_bank0_reg_0_i_26
INFO: [Physopt 32-663] Processed net rv32im72f_7sp/ex_ex2_register/EX2_alu_result_reg[27]_0.  Re-placed instance rv32im72f_7sp/ex_ex2_register/instruction_reg_0_i_6
INFO: [Physopt 32-662] Processed net rv32im72f_7sp/ex_ex2_register/mmio_uart_status_hit_reg_i_5_n_0.  Did not re-place instance rv32im72f_7sp/ex_ex2_register/mmio_uart_status_hit_reg_i_5
INFO: [Physopt 32-662] Processed net rv32im72f_7sp/ex_ex2_register/mmio_uart_status_hit_reg_i_8_n_0.  Did not re-place instance rv32im72f_7sp/ex_ex2_register/mmio_uart_status_hit_reg_i_8
INFO: [Physopt 32-662] Processed net rv32im72f_7sp/if_io_register/IO_pc_plus_4_reg[31]_0[29].  Did not re-place instance rv32im72f_7sp/if_io_register/IO_pc_plus_4_reg[29]
INFO: [Physopt 32-662] Processed net rv32im72f_7sp/if_io_register/IO_pc_plus_4_reg[31]_0[30].  Did not re-place instance rv32im72f_7sp/if_io_register/IO_pc_plus_4_reg[30]
INFO: [Physopt 32-662] Processed net rv32im72f_7sp/if_io_register/IO_pc_plus_4_reg[31]_0[31].  Did not re-place instance rv32im72f_7sp/if_io_register/IO_pc_plus_4_reg[31]
INFO: [Physopt 32-662] Processed net rv32im72f_7sp/ex_ex2_register/EX2_alu_result[18]_i_14_n_0.  Did not re-place instance rv32im72f_7sp/ex_ex2_register/EX2_alu_result[18]_i_14
INFO: [Physopt 32-662] Processed net rv32im72f_7sp/ex_ex2_register/retire_forward_data_value_reg[1]_21.  Did not re-place instance rv32im72f_7sp/ex_ex2_register/EX2_alu_result[16]_i_8
INFO: [Physopt 32-662] Processed net rv32im72f_7sp/id_ex_register/EX2_alu_result[15]_i_3_n_0.  Did not re-place instance rv32im72f_7sp/id_ex_register/EX2_alu_result[15]_i_3
INFO: [Physopt 32-663] Processed net rv32im72f_7sp/id_ex_register/EX2_alu_result[31]_i_7_0[15].  Re-placed instance rv32im72f_7sp/id_ex_register/EX2_alu_result[15]_i_1
INFO: [Physopt 32-662] Processed net rv32im72f_7sp/ex_ex2_register/Q[15].  Did not re-place instance rv32im72f_7sp/ex_ex2_register/EX2_alu_result_reg[15]
INFO: [Physopt 32-663] Processed net rv32im72f_7sp/id_ex_register/ID_EX_stall.  Re-placed instance rv32im72f_7sp/id_ex_register/instruction_reg_0_i_4
INFO: [Physopt 32-663] Processed net rv32im72f_7sp/exception_detector/RDEN.  Re-placed instance rv32im72f_7sp/exception_detector/instruction_reg_0_i_1
INFO: [Physopt 32-662] Processed net rv32im72f_7sp/ex_ex2_register/retire_forward_data_value_reg[15][3].  Did not re-place instance rv32im72f_7sp/ex_ex2_register/i__carry__2_i_1__0
INFO: [Physopt 32-662] Processed net rv32im72f_7sp/ex_ex2_register/EX_uses_rs1_reg.  Did not re-place instance rv32im72f_7sp/ex_ex2_register/dividend_reg[6]_i_3
INFO: [Physopt 32-663] Processed net rv32im72f_7sp/data_memory/data_memory_read_data_muxed[12].  Re-placed instance rv32im72f_7sp/data_memory/WB_forward_data_value[24]_i_2
INFO: [Physopt 32-663] Processed net rv32im72f_7sp/data_memory/mmio_uart_status_hit_reg_reg_45.  Re-placed instance rv32im72f_7sp/data_memory/WB_forward_data_value[11]_i_3
INFO: [Physopt 32-662] Processed net rv32im72f_7sp/forward_unit/MEM_non_load_forward_data_reg[31]_0[1].  Did not re-place instance rv32im72f_7sp/forward_unit/WB_forward_data_value[1]_i_1
INFO: [Physopt 32-662] Processed net rv32im72f_7sp/id_ex_register/src_B[1].  Did not re-place instance rv32im72f_7sp/id_ex_register/divisor_latch[1]_i_1
INFO: [Physopt 32-663] Processed net rv32im72f_7sp/data_memory/mmio_uart_status_hit_reg_reg_49.  Re-placed instance rv32im72f_7sp/data_memory/WB_forward_data_value[1]_i_5
INFO: [Physopt 32-662] Processed net rv32im72f_7sp/id_ex_register/S[0].  Did not re-place instance rv32im72f_7sp/id_ex_register/EX2_alu_result[3]_i_15
INFO: [Physopt 32-662] Processed net rv32im72f_7sp/id_ex_register/divisor_latch[1]_i_3_n_0.  Did not re-place instance rv32im72f_7sp/id_ex_register/divisor_latch[1]_i_3
INFO: [Physopt 32-662] Processed net rv32im72f_7sp/ex_ex2_register/retire_forward_data_value_reg[1]_35.  Did not re-place instance rv32im72f_7sp/ex_ex2_register/EX2_alu_result[24]_i_7
INFO: [Physopt 32-662] Processed net rv32im72f_7sp/data_memory/mmio_uart_status_hit_reg_reg_38.  Did not re-place instance rv32im72f_7sp/data_memory/WB_forward_data_value[3]_i_4
INFO: [Physopt 32-663] Processed net rv32im72f_7sp/data_memory/mmio_uart_status_hit_reg_reg_52.  Re-placed instance rv32im72f_7sp/data_memory/WB_forward_data_value[4]_i_5
INFO: [Physopt 32-662] Processed net rv32im72f_7sp/id_ex_register/EX_rs1_reg[4]_0[1].  Did not re-place instance rv32im72f_7sp/id_ex_register/EX_rs1_reg[1]
INFO: [Physopt 32-663] Processed net rv32im72f_7sp/id_ex_register/FSM_onehot_stage[3]_i_11_n_0.  Re-placed instance rv32im72f_7sp/id_ex_register/FSM_onehot_stage[3]_i_11
INFO: [Physopt 32-662] Processed net rv32im72f_7sp/ex_ex2_register/retire_forward_data_value_reg[30][1].  Did not re-place instance rv32im72f_7sp/ex_ex2_register/i__carry__6_i_3
INFO: [Physopt 32-662] Processed net rv32im72f_7sp/data_memory/mmio_uart_status_hit_reg_reg_30.  Did not re-place instance rv32im72f_7sp/data_memory/WB_forward_data_value[1]_i_2
INFO: [Physopt 32-662] Processed net rv32im72f_7sp/ex_ex2_register/retire_forward_data_value_reg[1]_31.  Did not re-place instance rv32im72f_7sp/ex_ex2_register/EX2_alu_result[28]_i_7
INFO: [Physopt 32-662] Processed net rv32im72f_7sp/ex_ex2_register/retire_forward_data_value_reg[3][2].  Did not re-place instance rv32im72f_7sp/ex_ex2_register/i__carry_i_2__0
INFO: [Physopt 32-663] Processed net rv32im72f_7sp/ex_ex2_register/dividend_reg[30]_i_4_n_0.  Re-placed instance rv32im72f_7sp/ex_ex2_register/dividend_reg[30]_i_4
INFO: [Physopt 32-663] Processed net rv32im72f_7sp/data_memory/mmio_uart_status_hit_reg_reg_37.  Re-placed instance rv32im72f_7sp/data_memory/WB_forward_data_value[2]_i_4
INFO: [Physopt 32-662] Processed net rv32im72f_7sp/ex_ex2_register/instruction_reg_0_i_7_n_0.  Did not re-place instance rv32im72f_7sp/ex_ex2_register/instruction_reg_0_i_7
INFO: [Physopt 32-662] Processed net rv32im72f_7sp/ex_ex2_register/src_A[23].  Did not re-place instance rv32im72f_7sp/ex_ex2_register/dividend_reg[23]_i_1
INFO: [Physopt 32-662] Processed net rv32im72f_7sp/ex_ex2_register/EX2_alu_result[15]_i_17_n_0.  Did not re-place instance rv32im72f_7sp/ex_ex2_register/EX2_alu_result[15]_i_17
INFO: [Physopt 32-662] Processed net rv32im72f_7sp/ex_ex2_register/retire_forward_data_value_reg[1]_44.  Did not re-place instance rv32im72f_7sp/ex_ex2_register/EX2_alu_result[9]_i_7
INFO: [Physopt 32-661] Optimized 60 nets.  Re-placed 60 instances.
INFO: [Physopt 32-775] End 1 Pass. Optimized 60 nets or cells. Created 0 new cell, deleted 0 existing cell and moved 60 existing cells
INFO: [Physopt 32-619] Estimated Timing Summary | WNS=-0.126 | TNS=-0.126 |
Netlist sorting complete. Time (s): cpu = 00:00:00 ; elapsed = 00:00:00 . Memory (MB): peak = 3132.672 ; gain = 0.000 ; free physical = 11387 ; free virtual = 28278
Phase 4 Single Cell Placement Optimization | Checksum: 169473d3c

Time (s): cpu = 00:01:11 ; elapsed = 00:00:07 . Memory (MB): peak = 3132.672 ; gain = 0.000 ; free physical = 11387 ; free virtual = 28278

Phase 5 Multi Cell Placement Optimization
INFO: [Physopt 32-660] Identified 100 candidate nets for placement-based optimization.
INFO: [Physopt 32-662] Processed net rv32im72f_7sp/data_memory/MEM_alu_result_reg[0].  Did not re-place instance rv32im72f_7sp/data_memory/WB_forward_data_value[14]_i_3/O
INFO: [Physopt 32-662] Processed net rv32im72f_7sp/ex_ex2_register/src_A[8].  Did not re-place instance rv32im72f_7sp/ex_ex2_register/dividend_reg[8]_i_1/O
INFO: [Physopt 32-662] Processed net rv32im72f_7sp/data_memory/data_memory_read_data_muxed[19].  Did not re-place instance rv32im72f_7sp/data_memory/WB_forward_data_value[31]_i_7/O
INFO: [Physopt 32-662] Processed net rv32im72f_7sp/forward_unit/MEM_non_load_forward_data_reg[31]_0[8].  Did not re-place instance rv32im72f_7sp/forward_unit/WB_forward_data_value[8]_i_1/O
INFO: [Physopt 32-662] Processed net rv32im72f_7sp/ex_ex2_register/dividend_reg[8]_i_2_n_0.  Did not re-place instance rv32im72f_7sp/ex_ex2_register/dividend_reg[8]_i_2/O
INFO: [Physopt 32-662] Processed net rv32im72f_7sp/ex_ex2_register/EX2_alu_result[30]_i_10.  Did not re-place instance rv32im72f_7sp/ex_ex2_register/EX2_alu_result[31]_i_19/O
INFO: [Physopt 32-662] Processed net rv32im72f_7sp/id_ex_register/EX2_alu_result[31]_i_2_n_0.  Did not re-place instance rv32im72f_7sp/id_ex_register/EX2_alu_result[31]_i_2/O
INFO: [Physopt 32-662] Processed net rv32im72f_7sp/id_ex_register/EX2_alu_result[31]_i_7_0[31].  Did not re-place instance rv32im72f_7sp/id_ex_register/EX2_alu_result[31]_i_1/O
INFO: [Physopt 32-662] Processed net rv32im72f_7sp/id_ex_register/EX2_alu_result[31]_i_8_n_0.  Did not re-place instance rv32im72f_7sp/id_ex_register/EX2_alu_result[31]_i_8/O
INFO: [Physopt 32-662] Processed net rv32im72f_7sp/ex_ex2_register/src_A[10].  Did not re-place instance rv32im72f_7sp/ex_ex2_register/dividend_reg[10]_i_1/O
INFO: [Physopt 32-662] Processed net rv32im72f_7sp/forward_unit/MEM_non_load_forward_data_reg[31]_0[10].  Did not re-place instance rv32im72f_7sp/forward_unit/WB_forward_data_value[10]_i_1/O
INFO: [Physopt 32-663] Processed net rv32im72f_7sp/ex_ex2_register/dividend_reg[10]_i_2_n_0.  Re-placed instance rv32im72f_7sp/ex_ex2_register/dividend_reg[10]_i_2/O
INFO: [Physopt 32-662] Processed net rv32im72f_7sp/data_memory/data_memory_read_data_muxed[3].  Did not re-place instance rv32im72f_7sp/data_memory/WB_forward_data_value[31]_i_6/O
INFO: [Physopt 32-662] Processed net rv32im72f_7sp/ex_ex2_register/src_A[9].  Did not re-place instance rv32im72f_7sp/ex_ex2_register/dividend_reg[9]_i_1/O
INFO: [Physopt 32-662] Processed net rv32im72f_7sp/forward_unit/MEM_non_load_forward_data_reg[31]_0[9].  Did not re-place instance rv32im72f_7sp/forward_unit/WB_forward_data_value[9]_i_1/O
INFO: [Physopt 32-662] Processed net rv32im72f_7sp/ex_ex2_register/dividend_reg[9]_i_2_n_0.  Did not re-place instance rv32im72f_7sp/ex_ex2_register/dividend_reg[9]_i_2/O
INFO: [Physopt 32-662] Processed net rv32im72f_7sp/data_memory/data_memory_read_data_muxed[11].  Did not re-place instance rv32im72f_7sp/data_memory/WB_forward_data_value[23]_i_8/O
INFO: [Physopt 32-662] Processed net rv32im72f_7sp/ex_ex2_register/src_A[13].  Did not re-place instance rv32im72f_7sp/ex_ex2_register/dividend_reg[13]_i_1/O
INFO: [Physopt 32-662] Processed net rv32im72f_7sp/forward_unit/MEM_non_load_forward_data_reg[31]_0[13].  Did not re-place instance rv32im72f_7sp/forward_unit/WB_forward_data_value[13]_i_1/O
INFO: [Physopt 32-662] Processed net rv32im72f_7sp/ex_ex2_register/dividend_reg[13]_i_2_n_0.  Did not re-place instance rv32im72f_7sp/ex_ex2_register/dividend_reg[13]_i_2/O
INFO: [Physopt 32-662] Processed net rv32im72f_7sp/ex_ex2_register/src_A[11].  Did not re-place instance rv32im72f_7sp/ex_ex2_register/dividend_reg[11]_i_1/O
INFO: [Physopt 32-662] Processed net rv32im72f_7sp/forward_unit/MEM_non_load_forward_data_reg[31]_0[11].  Did not re-place instance rv32im72f_7sp/forward_unit/WB_forward_data_value[11]_i_1/O
INFO: [Physopt 32-662] Processed net rv32im72f_7sp/ex_ex2_register/dividend_reg[11]_i_2_n_0.  Did not re-place instance rv32im72f_7sp/ex_ex2_register/dividend_reg[11]_i_2/O
INFO: [Physopt 32-662] Processed net rv32im72f_7sp/ex_ex2_register/retire_forward_data_value_reg[1]_28.  Did not re-place instance rv32im72f_7sp/ex_ex2_register/EX2_alu_result[29]_i_7/O
INFO: [Physopt 32-662] Processed net rv32im72f_7sp/ex_ex2_register/EX2_alu_result[31]_i_27_n_0.  Did not re-place instance rv32im72f_7sp/ex_ex2_register/EX2_alu_result[31]_i_27/O
INFO: [Physopt 32-662] Processed net rv32im72f_7sp/id_ex_register/EX2_alu_result[28]_i_3_n_0.  Did not re-place instance rv32im72f_7sp/id_ex_register/EX2_alu_result[28]_i_3/O
INFO: [Physopt 32-662] Processed net rv32im72f_7sp/id_ex_register/EX2_alu_result[31]_i_7_0[28].  Did not re-place instance rv32im72f_7sp/id_ex_register/EX2_alu_result[28]_i_1/O
INFO: [Physopt 32-661] Optimized 1 net.  Re-placed 2 instances.
INFO: [Physopt 32-775] End 1 Pass. Optimized 1 net or cell. Created 0 new cell, deleted 0 existing cell and moved 2 existing cells
INFO: [Physopt 32-619] Estimated Timing Summary | WNS=-0.126 | TNS=-0.149 |
Netlist sorting complete. Time (s): cpu = 00:00:00 ; elapsed = 00:00:00 . Memory (MB): peak = 3132.672 ; gain = 0.000 ; free physical = 11392 ; free virtual = 28283
Phase 5 Multi Cell Placement Optimization | Checksum: 20c2c479e

Time (s): cpu = 00:01:31 ; elapsed = 00:00:10 . Memory (MB): peak = 3132.672 ; gain = 0.000 ; free physical = 11392 ; free virtual = 28283

Phase 6 Rewire
INFO: [Physopt 32-246] Starting Signal Push optimization...
INFO: [Physopt 32-77] Pass 1. Identified 1 candidate net for rewire optimization.
INFO: [Physopt 32-134] Processed net rv32im72f_7sp/id_ex_register/EX2_alu_result[31]_i_8_n_0. Rewiring did not optimize the net.
INFO: [Physopt 32-232] Optimized 0 net. Created 0 new instance.
INFO: [Physopt 32-775] End 1 Pass. Optimized 0 net or cell. Created 0 new cell, deleted 0 existing cell and moved 0 existing cell
Netlist sorting complete. Time (s): cpu = 00:00:00 ; elapsed = 00:00:00 . Memory (MB): peak = 3132.672 ; gain = 0.000 ; free physical = 11392 ; free virtual = 28283
Netlist sorting complete. Time (s): cpu = 00:00:00 ; elapsed = 00:00:00 . Memory (MB): peak = 3132.672 ; gain = 0.000 ; free physical = 11392 ; free virtual = 28283
Phase 6 Rewire | Checksum: 1c50dcdfd

Time (s): cpu = 00:01:31 ; elapsed = 00:00:10 . Memory (MB): peak = 3132.672 ; gain = 0.000 ; free physical = 11392 ; free virtual = 28283

Phase 7 Critical Cell Optimization
INFO: [Physopt 32-46] Identified 30 candidate nets for critical-cell optimization.
INFO: [Physopt 32-572] Net rv32im72f_7sp/data_memory/MEM_alu_result_reg[0] was not replicated.
Resolution: phys_opt_design can be forced to replicate a net driver using the option -force_replication_on_nets <list of net objects>.
INFO: [Physopt 32-572] Net rv32im72f_7sp/ex_ex2_register/src_A[8] was not replicated.
Resolution: phys_opt_design can be forced to replicate a net driver using the option -force_replication_on_nets <list of net objects>.
INFO: [Physopt 32-572] Net rv32im72f_7sp/data_memory/data_memory_read_data_muxed[19] was not replicated.
Resolution: phys_opt_design can be forced to replicate a net driver using the option -force_replication_on_nets <list of net objects>.
INFO: [Physopt 32-572] Net rv32im72f_7sp/forward_unit/MEM_non_load_forward_data_reg[31]_0[8] was not replicated.
Resolution: phys_opt_design can be forced to replicate a net driver using the option -force_replication_on_nets <list of net objects>.
INFO: [Physopt 32-572] Net rv32im72f_7sp/data_memory/data_memory_read_data_muxed[3] was not replicated.
Resolution: phys_opt_design can be forced to replicate a net driver using the option -force_replication_on_nets <list of net objects>.
INFO: [Physopt 32-572] Net rv32im72f_7sp/ex_ex2_register/src_A[9] was not replicated.
Resolution: phys_opt_design can be forced to replicate a net driver using the option -force_replication_on_nets <list of net objects>.
INFO: [Physopt 32-571] Net rv32im72f_7sp/forward_unit/MEM_non_load_forward_data_reg[31]_0[9] was not replicated.
INFO: [Physopt 32-572] Net rv32im72f_7sp/ex_ex2_register/dividend_reg[9]_i_2_n_0 was not replicated.
Resolution: phys_opt_design can be forced to replicate a net driver using the option -force_replication_on_nets <list of net objects>.
INFO: [Physopt 32-572] Net rv32im72f_7sp/ex_ex2_register/src_A[10] was not replicated.
Resolution: phys_opt_design can be forced to replicate a net driver using the option -force_replication_on_nets <list of net objects>.
INFO: [Physopt 32-571] Net rv32im72f_7sp/forward_unit/MEM_non_load_forward_data_reg[31]_0[10] was not replicated.
INFO: [Physopt 32-572] Net rv32im72f_7sp/data_memory/data_memory_read_data_muxed[11] was not replicated.
Resolution: phys_opt_design can be forced to replicate a net driver using the option -force_replication_on_nets <list of net objects>.
INFO: [Physopt 32-572] Net rv32im72f_7sp/ex_ex2_register/src_A[13] was not replicated.
Resolution: phys_opt_design can be forced to replicate a net driver using the option -force_replication_on_nets <list of net objects>.
INFO: [Physopt 32-571] Net rv32im72f_7sp/forward_unit/MEM_non_load_forward_data_reg[31]_0[13] was not replicated.
INFO: [Physopt 32-572] Net rv32im72f_7sp/ex_ex2_register/dividend_reg[13]_i_2_n_0 was not replicated.
Resolution: phys_opt_design can be forced to replicate a net driver using the option -force_replication_on_nets <list of net objects>.
INFO: [Physopt 32-572] Net rv32im72f_7sp/ex_ex2_register/src_A[11] was not replicated.
Resolution: phys_opt_design can be forced to replicate a net driver using the option -force_replication_on_nets <list of net objects>.
INFO: [Physopt 32-572] Net rv32im72f_7sp/forward_unit/MEM_non_load_forward_data_reg[31]_0[11] was not replicated.
Resolution: phys_opt_design can be forced to replicate a net driver using the option -force_replication_on_nets <list of net objects>.
INFO: [Physopt 32-81] Processed net rv32im72f_7sp/ex_ex2_register/EX2_alu_result[31]_i_27_n_0. Replicated 1 times.
INFO: [Physopt 32-572] Net rv32im72f_7sp/ex_ex2_register/retire_forward_data_value_reg[1]_28 was not replicated.
Resolution: phys_opt_design can be forced to replicate a net driver using the option -force_replication_on_nets <list of net objects>.
INFO: [Physopt 32-571] Net rv32im72f_7sp/id_ex_register/src_B[11] was not replicated.
INFO: [Physopt 32-571] Net rv32im72f_7sp/id_ex_register/src_B[15] was not replicated.
INFO: [Physopt 32-571] Net rv32im72f_7sp/ex_mem_register/MEM_alu_result_reg[0]_2 was not replicated.
INFO: [Physopt 32-571] Net rv32im72f_7sp/forward_unit/MEM_non_load_forward_data_reg[31]_0[15] was not replicated.
INFO: [Physopt 32-571] Net rv32im72f_7sp/ex_mem_register/MEM_alu_result_reg[0]_3 was not replicated.
INFO: [Physopt 32-571] Net rv32im72f_7sp/id_ex_register/src_B[0] was not replicated.
INFO: [Physopt 32-571] Net rv32im72f_7sp/forward_unit/MEM_non_load_forward_data_reg[31]_0[0] was not replicated.
INFO: [Physopt 32-571] Net rv32im72f_7sp/id_ex_register/src_B[31] was not replicated.
INFO: [Physopt 32-571] Net rv32im72f_7sp/data_memory/MEM_alu_result_reg[1] was not replicated.
INFO: [Physopt 32-571] Net rv32im72f_7sp/forward_unit/MEM_non_load_forward_data_reg[31]_0[31] was not replicated.
INFO: [Physopt 32-232] Optimized 1 net. Created 1 new instance.
INFO: [Physopt 32-775] End 1 Pass. Optimized 1 net or cell. Created 1 new cell, deleted 0 existing cell and moved 0 existing cell
INFO: [Physopt 32-619] Estimated Timing Summary | WNS=-0.126 | TNS=-0.167 |
Netlist sorting complete. Time (s): cpu = 00:00:00.01 ; elapsed = 00:00:00.01 . Memory (MB): peak = 3132.672 ; gain = 0.000 ; free physical = 11396 ; free virtual = 28287
Phase 7 Critical Cell Optimization | Checksum: 1e3978151

Time (s): cpu = 00:01:40 ; elapsed = 00:00:11 . Memory (MB): peak = 3132.672 ; gain = 0.000 ; free physical = 11396 ; free virtual = 28287

Phase 8 Fanout Optimization
INFO: [Physopt 32-64] No nets found for fanout-optimization.
INFO: [Physopt 32-232] Optimized 0 net. Created 0 new instance.
INFO: [Physopt 32-775] End 1 Pass. Optimized 0 net or cell. Created 0 new cell, deleted 0 existing cell and moved 0 existing cell
Phase 8 Fanout Optimization | Checksum: 1e3978151

Time (s): cpu = 00:01:40 ; elapsed = 00:00:11 . Memory (MB): peak = 3132.672 ; gain = 0.000 ; free physical = 11396 ; free virtual = 28287

Phase 9 Single Cell Placement Optimization
INFO: [Physopt 32-660] Identified 250 candidate nets for placement-based optimization.
INFO: [Physopt 32-662] Processed net rv32im72f_7sp/data_memory/MEM_alu_result_reg[0].  Did not re-place instance rv32im72f_7sp/data_memory/WB_forward_data_value[14]_i_3
INFO: [Physopt 32-662] Processed net rv32im72f_7sp/ex_ex2_register/src_A[8].  Did not re-place instance rv32im72f_7sp/ex_ex2_register/dividend_reg[8]_i_1
INFO: [Physopt 32-662] Processed net rv32im72f_7sp/data_memory/data_memory_read_data_muxed[19].  Did not re-place instance rv32im72f_7sp/data_memory/WB_forward_data_value[31]_i_7
INFO: [Physopt 32-662] Processed net rv32im72f_7sp/forward_unit/MEM_non_load_forward_data_reg[31]_0[8].  Did not re-place instance rv32im72f_7sp/forward_unit/WB_forward_data_value[8]_i_1
INFO: [Physopt 32-662] Processed net rv32im72f_7sp/ex_ex2_register/dividend_reg[8]_i_2_n_0.  Did not re-place instance rv32im72f_7sp/ex_ex2_register/dividend_reg[8]_i_2
INFO: [Physopt 32-662] Processed net rv32im72f_7sp/ex_ex2_register/EX2_alu_result[30]_i_10.  Did not re-place instance rv32im72f_7sp/ex_ex2_register/EX2_alu_result[31]_i_19
INFO: [Physopt 32-662] Processed net rv32im72f_7sp/id_ex_register/EX2_alu_result[31]_i_2_n_0.  Did not re-place instance rv32im72f_7sp/id_ex_register/EX2_alu_result[31]_i_2
INFO: [Physopt 32-662] Processed net rv32im72f_7sp/id_ex_register/EX2_alu_result[31]_i_7_0[31].  Did not re-place instance rv32im72f_7sp/id_ex_register/EX2_alu_result[31]_i_1
INFO: [Physopt 32-662] Processed net rv32im72f_7sp/id_ex_register/EX2_alu_result[31]_i_8_n_0.  Did not re-place instance rv32im72f_7sp/id_ex_register/EX2_alu_result[31]_i_8
INFO: [Physopt 32-662] Processed net rv32im72f_7sp/id_ex_register/retire_forward_data_value_reg[11][0].  Did not re-place instance rv32im72f_7sp/id_ex_register/EX2_alu_result[11]_i_16
INFO: [Physopt 32-662] Processed net rv32im72f_7sp/ex_ex2_register/Q[31].  Did not re-place instance rv32im72f_7sp/ex_ex2_register/EX2_alu_result_reg[31]
INFO: [Physopt 32-662] Processed net rv32im72f_7sp/data_memory/data_memory_read_data_muxed[3].  Did not re-place instance rv32im72f_7sp/data_memory/WB_forward_data_value[31]_i_6
INFO: [Physopt 32-662] Processed net rv32im72f_7sp/ex_ex2_register/src_A[9].  Did not re-place instance rv32im72f_7sp/ex_ex2_register/dividend_reg[9]_i_1
INFO: [Physopt 32-662] Processed net rv32im72f_7sp/forward_unit/MEM_non_load_forward_data_reg[31]_0[9].  Did not re-place instance rv32im72f_7sp/forward_unit/WB_forward_data_value[9]_i_1
INFO: [Physopt 32-662] Processed net rv32im72f_7sp/ex_ex2_register/dividend_reg[9]_i_2_n_0.  Did not re-place instance rv32im72f_7sp/ex_ex2_register/dividend_reg[9]_i_2
INFO: [Physopt 32-662] Processed net rv32im72f_7sp/id_ex_register/retire_forward_data_value_reg[11][1].  Did not re-place instance rv32im72f_7sp/id_ex_register/EX2_alu_result[11]_i_15
INFO: [Physopt 32-662] Processed net rv32im72f_7sp/ex_ex2_register/src_A[10].  Did not re-place instance rv32im72f_7sp/ex_ex2_register/dividend_reg[10]_i_1
INFO: [Physopt 32-662] Processed net rv32im72f_7sp/forward_unit/MEM_non_load_forward_data_reg[31]_0[10].  Did not re-place instance rv32im72f_7sp/forward_unit/WB_forward_data_value[10]_i_1
INFO: [Physopt 32-662] Processed net rv32im72f_7sp/ex_ex2_register/dividend_reg[10]_i_2_n_0.  Did not re-place instance rv32im72f_7sp/ex_ex2_register/dividend_reg[10]_i_2
INFO: [Physopt 32-662] Processed net rv32im72f_7sp/id_ex_register/retire_forward_data_value_reg[11][2].  Did not re-place instance rv32im72f_7sp/id_ex_register/EX2_alu_result[11]_i_14
INFO: [Physopt 32-662] Processed net rv32im72f_7sp/data_memory/data_memory_read_data_muxed[11].  Did not re-place instance rv32im72f_7sp/data_memory/WB_forward_data_value[23]_i_8
INFO: [Physopt 32-662] Processed net rv32im72f_7sp/ex_ex2_register/src_A[13].  Did not re-place instance rv32im72f_7sp/ex_ex2_register/dividend_reg[13]_i_1
INFO: [Physopt 32-662] Processed net rv32im72f_7sp/forward_unit/MEM_non_load_forward_data_reg[31]_0[13].  Did not re-place instance rv32im72f_7sp/forward_unit/WB_forward_data_value[13]_i_1
INFO: [Physopt 32-662] Processed net rv32im72f_7sp/ex_ex2_register/dividend_reg[13]_i_2_n_0.  Did not re-place instance rv32im72f_7sp/ex_ex2_register/dividend_reg[13]_i_2
INFO: [Physopt 32-662] Processed net rv32im72f_7sp/id_ex_register/retire_forward_data_value_reg[14][1].  Did not re-place instance rv32im72f_7sp/id_ex_register/EX2_alu_result[15]_i_15
INFO: [Physopt 32-662] Processed net rv32im72f_7sp/ex_ex2_register/retire_forward_data_value_reg[1]_28.  Did not re-place instance rv32im72f_7sp/ex_ex2_register/EX2_alu_result[29]_i_7
INFO: [Physopt 32-662] Processed net rv32im72f_7sp/ex_ex2_register/EX2_alu_result[31]_i_27_n_0_repN.  Did not re-place instance rv32im72f_7sp/ex_ex2_register/EX2_alu_result[31]_i_27_replica
INFO: [Physopt 32-662] Processed net rv32im72f_7sp/id_ex_register/EX2_alu_result[28]_i_3_n_0.  Did not re-place instance rv32im72f_7sp/id_ex_register/EX2_alu_result[28]_i_3
INFO: [Physopt 32-662] Processed net rv32im72f_7sp/id_ex_register/EX2_alu_result[31]_i_7_0[28].  Did not re-place instance rv32im72f_7sp/id_ex_register/EX2_alu_result[28]_i_1
INFO: [Physopt 32-662] Processed net rv32im72f_7sp/ex_ex2_register/Q[28].  Did not re-place instance rv32im72f_7sp/ex_ex2_register/EX2_alu_result_reg[28]
INFO: [Physopt 32-662] Processed net rv32im72f_7sp/ex_ex2_register/retire_forward_data_value_reg[15][1].  Did not re-place instance rv32im72f_7sp/ex_ex2_register/i__carry__2_i_3__0
INFO: [Physopt 32-662] Processed net rv32im72f_7sp/ex_ex2_register/src_A[11].  Did not re-place instance rv32im72f_7sp/ex_ex2_register/dividend_reg[11]_i_1
INFO: [Physopt 32-662] Processed net rv32im72f_7sp/forward_unit/MEM_non_load_forward_data_reg[31]_0[11].  Did not re-place instance rv32im72f_7sp/forward_unit/WB_forward_data_value[11]_i_1
INFO: [Physopt 32-662] Processed net rv32im72f_7sp/ex_ex2_register/dividend_reg[11]_i_2_n_0.  Did not re-place instance rv32im72f_7sp/ex_ex2_register/dividend_reg[11]_i_2
INFO: [Physopt 32-662] Processed net rv32im72f_7sp/id_ex_register/retire_forward_data_value_reg[11][3].  Did not re-place instance rv32im72f_7sp/id_ex_register/EX2_alu_result[11]_i_13
INFO: [Physopt 32-662] Processed net rv32im72f_7sp/ex_ex2_register/retire_forward_data_value_reg[11][3].  Did not re-place instance rv32im72f_7sp/ex_ex2_register/i__carry__1_i_1__0
INFO: [Physopt 32-662] Processed net rv32im72f_7sp/id_ex_register/src_B[11].  Did not re-place instance rv32im72f_7sp/id_ex_register/divisor_latch[11]_i_1
INFO: [Physopt 32-662] Processed net rv32im72f_7sp/id_ex_register/divisor_latch[11]_i_2_n_0.  Did not re-place instance rv32im72f_7sp/id_ex_register/divisor_latch[11]_i_2
INFO: [Physopt 32-662] Processed net rv32im72f_7sp/ex_ex2_register/retire_forward_data_value_reg[11][0].  Did not re-place instance rv32im72f_7sp/ex_ex2_register/i__carry__1_i_4__0
INFO: [Physopt 32-662] Processed net rv32im72f_7sp/id_ex_register/src_B[15].  Did not re-place instance rv32im72f_7sp/id_ex_register/divisor_latch[15]_i_1
INFO: [Physopt 32-662] Processed net rv32im72f_7sp/ex_mem_register/MEM_alu_result_reg[0]_2.  Did not re-place instance rv32im72f_7sp/ex_mem_register/WB_forward_data_value[15]_i_4
INFO: [Physopt 32-662] Processed net rv32im72f_7sp/forward_unit/MEM_non_load_forward_data_reg[31]_0[15].  Did not re-place instance rv32im72f_7sp/forward_unit/WB_forward_data_value[15]_i_1
INFO: [Physopt 32-662] Processed net rv32im72f_7sp/ex_mem_register/MEM_alu_result_reg[0]_3.  Did not re-place instance rv32im72f_7sp/ex_mem_register/WB_forward_data_value[15]_i_5
INFO: [Physopt 32-662] Processed net rv32im72f_7sp/ex_ex2_register/EX2_alu_result[15]_i_13_n_0.  Did not re-place instance rv32im72f_7sp/ex_ex2_register/EX2_alu_result[15]_i_13
INFO: [Physopt 32-662] Processed net rv32im72f_7sp/id_ex_register/divisor_latch[15]_i_3_n_0.  Did not re-place instance rv32im72f_7sp/id_ex_register/divisor_latch[15]_i_3
INFO: [Physopt 32-662] Processed net rv32im72f_7sp/id_ex_register/EX2_alu_result[29]_i_3_n_0.  Did not re-place instance rv32im72f_7sp/id_ex_register/EX2_alu_result[29]_i_3
INFO: [Physopt 32-662] Processed net rv32im72f_7sp/id_ex_register/EX2_alu_result[31]_i_7_0[29].  Did not re-place instance rv32im72f_7sp/id_ex_register/EX2_alu_result[29]_i_1
INFO: [Physopt 32-662] Processed net rv32im72f_7sp/ex_ex2_register/Q[29].  Did not re-place instance rv32im72f_7sp/ex_ex2_register/EX2_alu_result_reg[29]
INFO: [Physopt 32-662] Processed net rv32im72f_7sp/id_ex_register/src_B[0].  Did not re-place instance rv32im72f_7sp/id_ex_register/divisor_latch[0]_i_1
INFO: [Physopt 32-662] Processed net rv32im72f_7sp/forward_unit/MEM_non_load_forward_data_reg[31]_0[0].  Did not re-place instance rv32im72f_7sp/forward_unit/WB_forward_data_value[0]_i_1
INFO: [Physopt 32-662] Processed net rv32im72f_7sp/id_ex_register/divisor_latch[0]_i_3_n_0.  Did not re-place instance rv32im72f_7sp/id_ex_register/divisor_latch[0]_i_3
INFO: [Physopt 32-662] Processed net rv32im72f_7sp/data_memory/data_memory_read_data_muxed[2].  Did not re-place instance rv32im72f_7sp/data_memory/WB_forward_data_value[0]_i_4
INFO: [Physopt 32-662] Processed net rv32im72f_7sp/ex_ex2_register/EX2_alu_result[3]_i_16_n_0.  Did not re-place instance rv32im72f_7sp/ex_ex2_register/EX2_alu_result[3]_i_16
INFO: [Physopt 32-662] Processed net rv32im72f_7sp/ex_mem_register/MEM_alu_result_reg[1]_0.  Did not re-place instance rv32im72f_7sp/ex_mem_register/WB_forward_data_value[0]_i_3
INFO: [Physopt 32-662] Processed net rv32im72f_7sp/id_ex_register/src_B[31].  Did not re-place instance rv32im72f_7sp/id_ex_register/divisor_latch[31]_i_2
INFO: [Physopt 32-662] Processed net rv32im72f_7sp/data_memory/MEM_alu_result_reg[1].  Did not re-place instance rv32im72f_7sp/data_memory/WB_forward_data_value[15]_i_2
INFO: [Physopt 32-662] Processed net rv32im72f_7sp/forward_unit/MEM_non_load_forward_data_reg[31]_0[31].  Did not re-place instance rv32im72f_7sp/forward_unit/WB_forward_data_value[31]_i_1
INFO: [Physopt 32-662] Processed net rv32im72f_7sp/ex_mem_register/MEM_funct3_reg[2]_2.  Did not re-place instance rv32im72f_7sp/ex_mem_register/WB_forward_data_value[31]_i_2
INFO: [Physopt 32-662] Processed net rv32im72f_7sp/id_ex_register/EX2_alu_result[0]_i_11_n_0.  Did not re-place instance rv32im72f_7sp/id_ex_register/EX2_alu_result[0]_i_11
INFO: [Physopt 32-662] Processed net rv32im72f_7sp/id_ex_register/EX2_alu_result[0]_i_6_n_0.  Did not re-place instance rv32im72f_7sp/id_ex_register/EX2_alu_result[0]_i_6
INFO: [Physopt 32-662] Processed net rv32im72f_7sp/id_ex_register/EX2_alu_result[31]_i_7_0[0].  Did not re-place instance rv32im72f_7sp/id_ex_register/EX2_alu_result[0]_i_1
INFO: [Physopt 32-662] Processed net rv32im72f_7sp/id_ex_register/divisor_latch[31]_i_3_n_0.  Did not re-place instance rv32im72f_7sp/id_ex_register/divisor_latch[31]_i_3
INFO: [Physopt 32-662] Processed net rv32im72f_7sp/id_ex_register/retire_forward_data_value_reg[31]_0[3].  Did not re-place instance rv32im72f_7sp/id_ex_register/alu_result2_carry__2_i_5
INFO: [Physopt 32-662] Processed net rv32im72f_7sp/ex_ex2_register/Q[0].  Did not re-place instance rv32im72f_7sp/ex_ex2_register/EX2_alu_result_reg[0]
INFO: [Physopt 32-662] Processed net rv32im72f_7sp/id_ex_register/src_B[9].  Did not re-place instance rv32im72f_7sp/id_ex_register/divisor_latch[9]_i_1
INFO: [Physopt 32-662] Processed net rv32im72f_7sp/id_ex_register/divisor_latch[9]_i_2_n_0.  Did not re-place instance rv32im72f_7sp/id_ex_register/divisor_latch[9]_i_2
INFO: [Physopt 32-662] Processed net rv32im72f_7sp/ex_ex2_register/retire_forward_data_value_reg[11][1].  Did not re-place instance rv32im72f_7sp/ex_ex2_register/i__carry__1_i_3__0
INFO: [Physopt 32-662] Processed net rv32im72f_7sp/id_ex_register/retire_forward_data_value_reg[30][3].  Did not re-place instance rv32im72f_7sp/id_ex_register/alu_result2_carry__2_i_1
INFO: [Physopt 32-662] Processed net rv32im72f_7sp/ex_ex2_register/retire_forward_data_value_reg[11][2].  Did not re-place instance rv32im72f_7sp/ex_ex2_register/i__carry__1_i_2__0
INFO: [Physopt 32-662] Processed net rv32im72f_7sp/id_ex_register/src_B[13].  Did not re-place instance rv32im72f_7sp/id_ex_register/divisor_latch[13]_i_1
INFO: [Physopt 32-662] Processed net rv32im72f_7sp/id_ex_register/divisor_latch[13]_i_2_n_0.  Did not re-place instance rv32im72f_7sp/id_ex_register/divisor_latch[13]_i_2
INFO: [Physopt 32-662] Processed net rv32im72f_7sp/data_memory/data_memory_read_data_muxed[1].  Did not re-place instance rv32im72f_7sp/data_memory/WB_forward_data_value[23]_i_6
INFO: [Physopt 32-662] Processed net rv32im72f_7sp/ex_ex2_register/dividend_reg[23]_i_2_n_0.  Did not re-place instance rv32im72f_7sp/ex_ex2_register/dividend_reg[23]_i_2
INFO: [Physopt 32-662] Processed net rv32im72f_7sp/forward_unit/MEM_non_load_forward_data_reg[31]_0[23].  Did not re-place instance rv32im72f_7sp/forward_unit/WB_forward_data_value[23]_i_1
INFO: [Physopt 32-662] Processed net rv32im72f_7sp/ex_ex2_register/EX2_alu_result[23]_i_13_n_0.  Did not re-place instance rv32im72f_7sp/ex_ex2_register/EX2_alu_result[23]_i_13
INFO: [Physopt 32-662] Processed net rv32im72f_7sp/ex_mem_register/MEM_alu_result_reg[0]_6.  Did not re-place instance rv32im72f_7sp/ex_mem_register/WB_forward_data_value[23]_i_2
INFO: [Physopt 32-662] Processed net rv32im72f_7sp/ex_mem_register/MEM_alu_result_reg[0]_7.  Did not re-place instance rv32im72f_7sp/ex_mem_register/WB_forward_data_value[30]_i_4
INFO: [Physopt 32-662] Processed net rv32im72f_7sp/ex_ex2_register/src_A[26].  Did not re-place instance rv32im72f_7sp/ex_ex2_register/dividend_reg[26]_i_1
INFO: [Physopt 32-662] Processed net rv32im72f_7sp/ex_ex2_register/EX2_alu_result[31]_i_23_n_0.  Did not re-place instance rv32im72f_7sp/ex_ex2_register/EX2_alu_result[31]_i_23
INFO: [Physopt 32-662] Processed net rv32im72f_7sp/ex_ex2_register/retire_forward_data_value_reg[1]_32.  Did not re-place instance rv32im72f_7sp/ex_ex2_register/EX2_alu_result[30]_i_12
INFO: [Physopt 32-662] Processed net rv32im72f_7sp/forward_unit/WB_forward_data_value_reg[26].  Did not re-place instance rv32im72f_7sp/forward_unit/dividend_reg[26]_i_2
INFO: [Physopt 32-662] Processed net rv32im72f_7sp/id_ex_register/EX2_alu_result[30]_i_4_n_0.  Did not re-place instance rv32im72f_7sp/id_ex_register/EX2_alu_result[30]_i_4
INFO: [Physopt 32-662] Processed net rv32im72f_7sp/id_ex_register/EX2_alu_result[31]_i_7_0[30].  Did not re-place instance rv32im72f_7sp/id_ex_register/EX2_alu_result[30]_i_1
INFO: [Physopt 32-662] Processed net rv32im72f_7sp/ex_ex2_register/Q[30].  Did not re-place instance rv32im72f_7sp/ex_ex2_register/EX2_alu_result_reg[30]
INFO: [Physopt 32-662] Processed net rv32im72f_7sp/data_memory/data_memory_read_data_muxed[0].  Did not re-place instance rv32im72f_7sp/data_memory/WB_forward_data_value[0]_i_5
INFO: [Physopt 32-662] Processed net rv32im72f_7sp/id_ex_register/src_B[19].  Did not re-place instance rv32im72f_7sp/id_ex_register/divisor_latch[19]_i_1
INFO: [Physopt 32-662] Processed net rv32im72f_7sp/forward_unit/MEM_non_load_forward_data_reg[31]_0[19].  Did not re-place instance rv32im72f_7sp/forward_unit/WB_forward_data_value[19]_i_1
INFO: [Physopt 32-662] Processed net rv32im72f_7sp/ex_ex2_register/EX2_alu_result[19]_i_13_n_0.  Did not re-place instance rv32im72f_7sp/ex_ex2_register/EX2_alu_result[19]_i_13
INFO: [Physopt 32-662] Processed net rv32im72f_7sp/id_ex_register/divisor_latch[19]_i_3_n_0.  Did not re-place instance rv32im72f_7sp/id_ex_register/divisor_latch[19]_i_3
INFO: [Physopt 32-662] Processed net rv32im72f_7sp/ex_ex2_register/retire_forward_data_value_reg[15][3].  Did not re-place instance rv32im72f_7sp/ex_ex2_register/i__carry__2_i_1__0
INFO: [Physopt 32-662] Processed net rv32im72f_7sp/ex_ex2_register/EX2_alu_result[18]_i_15_n_0.  Did not re-place instance rv32im72f_7sp/ex_ex2_register/EX2_alu_result[18]_i_15
INFO: [Physopt 32-662] Processed net rv32im72f_7sp/ex_ex2_register/retire_forward_data_value_reg[1]_53.  Did not re-place instance rv32im72f_7sp/ex_ex2_register/EX2_alu_result[16]_i_10
INFO: [Physopt 32-663] Processed net rv32im72f_7sp/id_ex_register/EX2_alu_result[15]_i_4_n_0.  Re-placed instance rv32im72f_7sp/id_ex_register/EX2_alu_result[15]_i_4
INFO: [Physopt 32-662] Processed net rv32im72f_7sp/id_ex_register/EX2_alu_result[31]_i_7_0[15].  Did not re-place instance rv32im72f_7sp/id_ex_register/EX2_alu_result[15]_i_1
INFO: [Physopt 32-662] Processed net rv32im72f_7sp/ex_ex2_register/Q[15].  Did not re-place instance rv32im72f_7sp/ex_ex2_register/EX2_alu_result_reg[15]
INFO: [Physopt 32-662] Processed net rv32im72f_7sp/ex_ex2_register/src_A[0].  Did not re-place instance rv32im72f_7sp/ex_ex2_register/dividend_reg[0]_i_1
INFO: [Physopt 32-662] Processed net rv32im72f_7sp/forward_unit/MEM_non_load_forward_data_reg[31]_0[1].  Did not re-place instance rv32im72f_7sp/forward_unit/WB_forward_data_value[1]_i_1
INFO: [Physopt 32-662] Processed net rv32im72f_7sp/id_ex_register/src_B[1].  Did not re-place instance rv32im72f_7sp/id_ex_register/divisor_latch[1]_i_1
INFO: [Physopt 32-662] Processed net rv32im72f_7sp/data_memory/MEM_alu_result_reg[1]_0.  Did not re-place instance rv32im72f_7sp/data_memory/WB_forward_data_value[7]_i_4
INFO: [Physopt 32-662] Processed net rv32im72f_7sp/ex_ex2_register/dividend_reg[0]_i_2_n_0.  Did not re-place instance rv32im72f_7sp/ex_ex2_register/dividend_reg[0]_i_2
INFO: [Physopt 32-662] Processed net rv32im72f_7sp/data_memory/byte_enable_logic_register_file_write_data[0].  Did not re-place instance rv32im72f_7sp/data_memory/dividend_reg[0]_i_5
INFO: [Physopt 32-662] Processed net rv32im72f_7sp/data_memory/mmio_uart_status_hit_reg_reg_30.  Did not re-place instance rv32im72f_7sp/data_memory/WB_forward_data_value[1]_i_2
INFO: [Physopt 32-662] Processed net rv32im72f_7sp/id_ex_register/S[0].  Did not re-place instance rv32im72f_7sp/id_ex_register/EX2_alu_result[3]_i_15
INFO: [Physopt 32-662] Processed net rv32im72f_7sp/id_ex_register/divisor_latch[1]_i_3_n_0.  Did not re-place instance rv32im72f_7sp/id_ex_register/divisor_latch[1]_i_3
INFO: [Physopt 32-662] Processed net rv32im72f_7sp/ex_ex2_register/src_A[23].  Did not re-place instance rv32im72f_7sp/ex_ex2_register/dividend_reg[23]_i_1
INFO: [Physopt 32-662] Processed net rv32im72f_7sp/ex_ex2_register/EX2_alu_result[15]_i_17_n_0.  Did not re-place instance rv32im72f_7sp/ex_ex2_register/EX2_alu_result[15]_i_17
INFO: [Physopt 32-662] Processed net rv32im72f_7sp/ex_ex2_register/retire_forward_data_value_reg[1]_44.  Did not re-place instance rv32im72f_7sp/ex_ex2_register/EX2_alu_result[9]_i_7
INFO: [Physopt 32-662] Processed net rv32im72f_7sp/id_ex_register/EX2_alu_result[31]_i_7_0[9].  Did not re-place instance rv32im72f_7sp/id_ex_register/EX2_alu_result[9]_i_1
INFO: [Physopt 32-662] Processed net rv32im72f_7sp/id_ex_register/EX2_alu_result[9]_i_3_n_0.  Did not re-place instance rv32im72f_7sp/id_ex_register/EX2_alu_result[9]_i_3
INFO: [Physopt 32-662] Processed net rv32im72f_7sp/ex_ex2_register/Q[9].  Did not re-place instance rv32im72f_7sp/ex_ex2_register/EX2_alu_result_reg[9]
INFO: [Physopt 32-662] Processed net rv32im72f_7sp/ex_ex2_register/retire_forward_data_value_reg[3][0].  Did not re-place instance rv32im72f_7sp/ex_ex2_register/i__carry_i_4
INFO: [Physopt 32-662] Processed net rv32im72f_7sp/id_ex_register/EX2_alu_result[31]_i_7_0[8].  Did not re-place instance rv32im72f_7sp/id_ex_register/EX2_alu_result[8]_i_1
INFO: [Physopt 32-662] Processed net rv32im72f_7sp/id_ex_register/EX2_alu_result[8]_i_3_n_0.  Did not re-place instance rv32im72f_7sp/id_ex_register/EX2_alu_result[8]_i_3
INFO: [Physopt 32-662] Processed net rv32im72f_7sp/ex_ex2_register/Q[8].  Did not re-place instance rv32im72f_7sp/ex_ex2_register/EX2_alu_result_reg[8]
INFO: [Physopt 32-662] Processed net rv32im72f_7sp/id_ex_register/src_B[3].  Did not re-place instance rv32im72f_7sp/id_ex_register/divisor_latch[3]_i_1
INFO: [Physopt 32-662] Processed net rv32im72f_7sp/ex_ex2_register/src_A[14].  Did not re-place instance rv32im72f_7sp/ex_ex2_register/dividend_reg[14]_i_1
INFO: [Physopt 32-662] Processed net rv32im72f_7sp/forward_unit/MEM_non_load_forward_data_reg[31]_0[14].  Did not re-place instance rv32im72f_7sp/forward_unit/WB_forward_data_value[14]_i_1
INFO: [Physopt 32-662] Processed net rv32im72f_7sp/ex_ex2_register/src_A[25].  Did not re-place instance rv32im72f_7sp/ex_ex2_register/dividend_reg[25]_i_1
INFO: [Physopt 32-662] Processed net rv32im72f_7sp/ex_ex2_register/retire_forward_data_value_reg[8].  Did not re-place instance rv32im72f_7sp/ex_ex2_register/EX2_alu_result[23]_i_18
INFO: [Physopt 32-662] Processed net rv32im72f_7sp/forward_unit/MEM_non_load_forward_data_reg[31]_0[3].  Did not re-place instance rv32im72f_7sp/forward_unit/WB_forward_data_value[3]_i_1
INFO: [Physopt 32-662] Processed net rv32im72f_7sp/ex_ex2_register/EX2_alu_result[21]_i_13_n_0.  Did not re-place instance rv32im72f_7sp/ex_ex2_register/EX2_alu_result[21]_i_13
INFO: [Physopt 32-662] Processed net rv32im72f_7sp/ex_ex2_register/retire_forward_data_value_reg[1]_3.  Did not re-place instance rv32im72f_7sp/ex_ex2_register/EX2_alu_result[19]_i_9
INFO: [Physopt 32-662] Processed net rv32im72f_7sp/ex_ex2_register/retire_forward_data_value_reg[1]_34.  Did not re-place instance rv32im72f_7sp/ex_ex2_register/EX2_alu_result[23]_i_8
INFO: [Physopt 32-662] Processed net rv32im72f_7sp/id_ex_register/divisor_latch[3]_i_3_n_0.  Did not re-place instance rv32im72f_7sp/id_ex_register/divisor_latch[3]_i_3
INFO: [Physopt 32-662] Processed net rv32im72f_7sp/data_memory/mmio_uart_status_hit_reg_reg_32.  Did not re-place instance rv32im72f_7sp/data_memory/WB_forward_data_value[3]_i_2
INFO: [Physopt 32-662] Processed net rv32im72f_7sp/ex_ex2_register/dividend_reg[14]_i_2_n_0.  Did not re-place instance rv32im72f_7sp/ex_ex2_register/dividend_reg[14]_i_2
INFO: [Physopt 32-662] Processed net rv32im72f_7sp/forward_unit/WB_forward_data_value_reg[25].  Did not re-place instance rv32im72f_7sp/forward_unit/dividend_reg[25]_i_2
INFO: [Physopt 32-662] Processed net rv32im72f_7sp/id_ex_register/EX2_alu_result[18]_i_3_n_0.  Did not re-place instance rv32im72f_7sp/id_ex_register/EX2_alu_result[18]_i_3
INFO: [Physopt 32-662] Processed net rv32im72f_7sp/id_ex_register/EX2_alu_result[23]_i_3_n_0.  Did not re-place instance rv32im72f_7sp/id_ex_register/EX2_alu_result[23]_i_3
INFO: [Physopt 32-662] Processed net rv32im72f_7sp/id_ex_register/EX2_alu_result[31]_i_7_0[18].  Did not re-place instance rv32im72f_7sp/id_ex_register/EX2_alu_result[18]_i_1
INFO: [Physopt 32-662] Processed net rv32im72f_7sp/id_ex_register/EX2_alu_result[31]_i_7_0[23].  Did not re-place instance rv32im72f_7sp/id_ex_register/EX2_alu_result[23]_i_1
INFO: [Physopt 32-662] Processed net rv32im72f_7sp/id_ex_register/retire_forward_data_value_reg[14][2].  Did not re-place instance rv32im72f_7sp/id_ex_register/EX2_alu_result[15]_i_14
INFO: [Physopt 32-662] Processed net rv32im72f_7sp/ex_ex2_register/Q[23].  Did not re-place instance rv32im72f_7sp/ex_ex2_register/EX2_alu_result_reg[23]
INFO: [Physopt 32-662] Processed net rv32im72f_7sp/ex_ex2_register/Q[18].  Did not re-place instance rv32im72f_7sp/ex_ex2_register/EX2_alu_result_reg[18]
INFO: [Physopt 32-662] Processed net rv32im72f_7sp/ex_ex2_register/src_A[15].  Did not re-place instance rv32im72f_7sp/ex_ex2_register/dividend_reg[15]_i_1
INFO: [Physopt 32-663] Processed net rv32im72f_7sp/ex_mem_register/WB_forward_data_value_reg[15]_1.  Re-placed instance rv32im72f_7sp/ex_mem_register/dividend_reg[15]_i_2
INFO: [Physopt 32-662] Processed net rv32im72f_7sp/ex_ex2_register/retire_forward_data_value_reg[1]_31.  Did not re-place instance rv32im72f_7sp/ex_ex2_register/EX2_alu_result[28]_i_7
INFO: [Physopt 32-663] Processed net rv32im72f_7sp/data_memory/mmio_uart_status_hit_reg_reg.  Re-placed instance rv32im72f_7sp/data_memory/WB_forward_data_value[1]_i_3
INFO: [Physopt 32-662] Processed net rv32im72f_7sp/ex_ex2_register/src_A[12].  Did not re-place instance rv32im72f_7sp/ex_ex2_register/dividend_reg[12]_i_1
INFO: [Physopt 32-662] Processed net rv32im72f_7sp/forward_unit/MEM_non_load_forward_data_reg[31]_0[12].  Did not re-place instance rv32im72f_7sp/forward_unit/WB_forward_data_value[12]_i_1
INFO: [Physopt 32-662] Processed net rv32im72f_7sp/ex_ex2_register/dividend_reg[12]_i_2_n_0.  Did not re-place instance rv32im72f_7sp/ex_ex2_register/dividend_reg[12]_i_2
INFO: [Physopt 32-662] Processed net rv32im72f_7sp/id_ex_register/retire_forward_data_value_reg[14][0].  Did not re-place instance rv32im72f_7sp/id_ex_register/EX2_alu_result[15]_i_16
INFO: [Physopt 32-662] Processed net rv32im72f_7sp/id_ex_register/EX2_alu_result[31]_i_10_n_0.  Did not re-place instance rv32im72f_7sp/id_ex_register/EX2_alu_result[31]_i_10
INFO: [Physopt 32-662] Processed net rv32im72f_7sp/id_ex_register/EX2_alu_result[1]_i_3_n_0.  Did not re-place instance rv32im72f_7sp/id_ex_register/EX2_alu_result[1]_i_3
INFO: [Physopt 32-663] Processed net rv32im72f_7sp/id_ex_register/EX2_alu_result[1]_i_7_n_0.  Re-placed instance rv32im72f_7sp/id_ex_register/EX2_alu_result[1]_i_7
INFO: [Physopt 32-662] Processed net rv32im72f_7sp/id_ex_register/EX2_alu_result[31]_i_7_0[1].  Did not re-place instance rv32im72f_7sp/id_ex_register/EX2_alu_result[1]_i_1
INFO: [Physopt 32-662] Processed net rv32im72f_7sp/ex_ex2_register/Q[1].  Did not re-place instance rv32im72f_7sp/ex_ex2_register/EX2_alu_result_reg[1]
INFO: [Physopt 32-662] Processed net rv32im72f_7sp/id_ex_register/src_B[7].  Did not re-place instance rv32im72f_7sp/id_ex_register/divisor_latch[7]_i_1
INFO: [Physopt 32-662] Processed net rv32im72f_7sp/forward_unit/MEM_non_load_forward_data_reg[31]_0[7].  Did not re-place instance rv32im72f_7sp/forward_unit/WB_forward_data_value[7]_i_1
INFO: [Physopt 32-662] Processed net rv32im72f_7sp/ex_mem_register/MEM_alu_result_reg[1]_5.  Did not re-place instance rv32im72f_7sp/ex_mem_register/WB_forward_data_value[7]_i_2
INFO: [Physopt 32-662] Processed net rv32im72f_7sp/ex_ex2_register/retire_forward_data_value_reg[7][3].  Did not re-place instance rv32im72f_7sp/ex_ex2_register/i__carry__0_i_1__0
INFO: [Physopt 32-662] Processed net rv32im72f_7sp/id_ex_register/divisor_latch[7]_i_3_n_0.  Did not re-place instance rv32im72f_7sp/id_ex_register/divisor_latch[7]_i_3
INFO: [Physopt 32-662] Processed net rv32im72f_7sp/id_ex_register/src_B[4].  Did not re-place instance rv32im72f_7sp/id_ex_register/divisor_latch[4]_i_1
INFO: [Physopt 32-662] Processed net rv32im72f_7sp/forward_unit/MEM_non_load_forward_data_reg[31]_0[4].  Did not re-place instance rv32im72f_7sp/forward_unit/WB_forward_data_value[4]_i_1
INFO: [Physopt 32-662] Processed net rv32im72f_7sp/id_ex_register/divisor_latch[4]_i_2_n_0.  Did not re-place instance rv32im72f_7sp/id_ex_register/divisor_latch[4]_i_2
INFO: [Physopt 32-663] Processed net rv32im72f_7sp/data_memory/mmio_uart_status_hit_reg_reg_33.  Re-placed instance rv32im72f_7sp/data_memory/WB_forward_data_value[4]_i_2
INFO: [Physopt 32-662] Processed net rv32im72f_7sp/id_ex_register/retire_forward_data_value_reg[6][0].  Did not re-place instance rv32im72f_7sp/id_ex_register/EX2_alu_result[7]_i_17
INFO: [Physopt 32-662] Processed net rv32im72f_7sp/ex_ex2_register/src_A[1].  Did not re-place instance rv32im72f_7sp/ex_ex2_register/dividend_reg[1]_i_1
INFO: [Physopt 32-662] Processed net rv32im72f_7sp/id_ex_register/src_B[18].  Did not re-place instance rv32im72f_7sp/id_ex_register/divisor_latch[18]_i_1
INFO: [Physopt 32-662] Processed net rv32im72f_7sp/forward_unit/MEM_non_load_forward_data_reg[31]_0[18].  Did not re-place instance rv32im72f_7sp/forward_unit/WB_forward_data_value[18]_i_1
INFO: [Physopt 32-663] Processed net rv32im72f_7sp/id_ex_register/EX2_alu_result[26]_i_12_n_0.  Re-placed instance rv32im72f_7sp/id_ex_register/EX2_alu_result[26]_i_12
INFO: [Physopt 32-662] Processed net rv32im72f_7sp/id_ex_register/EX2_alu_result[26]_i_7_n_0.  Did not re-place instance rv32im72f_7sp/id_ex_register/EX2_alu_result[26]_i_7
INFO: [Physopt 32-663] Processed net rv32im72f_7sp/ex_ex2_register/EX2_alu_result[19]_i_14_n_0.  Re-placed instance rv32im72f_7sp/ex_ex2_register/EX2_alu_result[19]_i_14
INFO: [Physopt 32-663] Processed net rv32im72f_7sp/ex_ex2_register/dividend_reg[1]_i_3_n_0.  Re-placed instance rv32im72f_7sp/ex_ex2_register/dividend_reg[1]_i_3
INFO: [Physopt 32-662] Processed net rv32im72f_7sp/id_ex_register/EX2_alu_result[25]_i_3_n_0.  Did not re-place instance rv32im72f_7sp/id_ex_register/EX2_alu_result[25]_i_3
INFO: [Physopt 32-662] Processed net rv32im72f_7sp/id_ex_register/EX2_alu_result[31]_i_7_0[25].  Did not re-place instance rv32im72f_7sp/id_ex_register/EX2_alu_result[25]_i_1
INFO: [Physopt 32-662] Processed net rv32im72f_7sp/id_ex_register/divisor_latch[18]_i_3_n_0.  Did not re-place instance rv32im72f_7sp/id_ex_register/divisor_latch[18]_i_3
INFO: [Physopt 32-662] Processed net rv32im72f_7sp/ex_ex2_register/Q[25].  Did not re-place instance rv32im72f_7sp/ex_ex2_register/EX2_alu_result_reg[25]
INFO: [Physopt 32-662] Processed net rv32im72f_7sp/ex_ex2_register/src_A[7].  Did not re-place instance rv32im72f_7sp/ex_ex2_register/dividend_reg[7]_i_1
INFO: [Physopt 32-662] Processed net rv32im72f_7sp/ex_ex2_register/EX2_alu_result[22]_i_12_n_0.  Did not re-place instance rv32im72f_7sp/ex_ex2_register/EX2_alu_result[22]_i_12
INFO: [Physopt 32-662] Processed net rv32im72f_7sp/ex_ex2_register/retire_forward_data_value_reg[1]_4.  Did not re-place instance rv32im72f_7sp/ex_ex2_register/EX2_alu_result[22]_i_7
INFO: [Physopt 32-662] Processed net rv32im72f_7sp/ex_ex2_register/EX2_alu_result[22]_i_16_n_0.  Did not re-place instance rv32im72f_7sp/ex_ex2_register/EX2_alu_result[22]_i_16
INFO: [Physopt 32-662] Processed net rv32im72f_7sp/ex_ex2_register/retire_forward_data_value_reg[15][0].  Did not re-place instance rv32im72f_7sp/ex_ex2_register/i__carry__2_i_4__0
INFO: [Physopt 32-663] Processed net rv32im72f_7sp/ex_mem_register/WB_forward_data_value_reg[7]_1.  Re-placed instance rv32im72f_7sp/ex_mem_register/dividend_reg[7]_i_2
INFO: [Physopt 32-662] Processed net rv32im72f_7sp/ex_mem_register/dividend_reg[7]_i_5_n_0.  Did not re-place instance rv32im72f_7sp/ex_mem_register/dividend_reg[7]_i_5
INFO: [Physopt 32-662] Processed net rv32im72f_7sp/id_ex_register/EX2_alu_result[22]_i_3_n_0.  Did not re-place instance rv32im72f_7sp/id_ex_register/EX2_alu_result[22]_i_3
INFO: [Physopt 32-662] Processed net rv32im72f_7sp/id_ex_register/EX2_alu_result[31]_i_7_0[22].  Did not re-place instance rv32im72f_7sp/id_ex_register/EX2_alu_result[22]_i_1
INFO: [Physopt 32-662] Processed net rv32im72f_7sp/ex_ex2_register/Q[22].  Did not re-place instance rv32im72f_7sp/ex_ex2_register/EX2_alu_result_reg[22]
INFO: [Physopt 32-662] Processed net rv32im72f_7sp/ex_ex2_register/retire_forward_data_value_reg[3][1].  Did not re-place instance rv32im72f_7sp/ex_ex2_register/i__carry_i_3__0
INFO: [Physopt 32-662] Processed net rv32im72f_7sp/ex_ex2_register/EX2_alu_result[28]_i_12_n_0.  Did not re-place instance rv32im72f_7sp/ex_ex2_register/EX2_alu_result[28]_i_12
INFO: [Physopt 32-662] Processed net rv32im72f_7sp/ex_ex2_register/retire_forward_data_value_reg[1]_30.  Did not re-place instance rv32im72f_7sp/ex_ex2_register/EX2_alu_result[26]_i_8
INFO: [Physopt 32-663] Processed net rv32im72f_7sp/data_memory/data_memory_read_data_muxed[4].  Re-placed instance rv32im72f_7sp/data_memory/WB_forward_data_value[16]_i_2
INFO: [Physopt 32-662] Processed net rv32im72f_7sp/id_ex_register/retire_forward_data_value_reg[13][1].  Did not re-place instance rv32im72f_7sp/id_ex_register/alu_result2_carry__0_i_7
INFO: [Physopt 32-662] Processed net rv32im72f_7sp/id_ex_register/src_B[25].  Did not re-place instance rv32im72f_7sp/id_ex_register/divisor_latch[25]_i_1
INFO: [Physopt 32-662] Processed net rv32im72f_7sp/forward_unit/MEM_non_load_forward_data_reg[31]_0[25].  Did not re-place instance rv32im72f_7sp/forward_unit/WB_forward_data_value[25]_i_1
INFO: [Physopt 32-662] Processed net rv32im72f_7sp/ex_ex2_register/EX2_alu_result[26]_i_13_n_0.  Did not re-place instance rv32im72f_7sp/ex_ex2_register/EX2_alu_result[26]_i_13
INFO: [Physopt 32-663] Processed net rv32im72f_7sp/ex_ex2_register/EX2_alu_result[27]_i_15_n_0.  Re-placed instance rv32im72f_7sp/ex_ex2_register/EX2_alu_result[27]_i_15
INFO: [Physopt 32-662] Processed net rv32im72f_7sp/id_ex_register/divisor_latch[25]_i_2_n_0.  Did not re-place instance rv32im72f_7sp/id_ex_register/divisor_latch[25]_i_2
INFO: [Physopt 32-663] Processed net rv32im72f_7sp/id_ex_register/EX2_alu_result[25]_i_4_n_0.  Re-placed instance rv32im72f_7sp/id_ex_register/EX2_alu_result[25]_i_4
INFO: [Physopt 32-663] Processed net rv32im72f_7sp/id_ex_register/EX2_alu_result[25]_i_9_n_0.  Re-placed instance rv32im72f_7sp/id_ex_register/EX2_alu_result[25]_i_9
INFO: [Physopt 32-663] Processed net rv32im72f_7sp/id_ex_register/EX2_alu_result[31]_i_17_n_0.  Re-placed instance rv32im72f_7sp/id_ex_register/EX2_alu_result[31]_i_17
INFO: [Physopt 32-662] Processed net rv32im72f_7sp/id_ex_register/alu_op[4].  Did not re-place instance rv32im72f_7sp/id_ex_register/div_overflow_flag_i_11
INFO: [Physopt 32-663] Processed net rv32im72f_7sp/id_ex_register/EX_funct3_reg[0]_0.  Re-placed instance rv32im72f_7sp/id_ex_register/EX2_alu_result[31]_i_16
INFO: [Physopt 32-662] Processed net rv32im72f_7sp/id_ex_register/Q[4].  Did not re-place instance rv32im72f_7sp/id_ex_register/EX_opcode_reg[4]
INFO: [Physopt 32-662] Processed net rv32im72f_7sp/id_ex_register/div_overflow_flag_i_22_n_0.  Did not re-place instance rv32im72f_7sp/id_ex_register/div_overflow_flag_i_22
INFO: [Physopt 32-663] Processed net rv32im72f_7sp/id_ex_register/EX2_alu_result[0]_i_13_n_0.  Re-placed instance rv32im72f_7sp/id_ex_register/EX2_alu_result[0]_i_13
INFO: [Physopt 32-662] Processed net rv32im72f_7sp/id_ex_register/EX2_alu_result[31]_i_7_0[4].  Did not re-place instance rv32im72f_7sp/id_ex_register/EX2_alu_result[4]_i_1
INFO: [Physopt 32-662] Processed net rv32im72f_7sp/id_ex_register/EX2_alu_result[4]_i_2_n_0.  Did not re-place instance rv32im72f_7sp/id_ex_register/EX2_alu_result[4]_i_2
INFO: [Physopt 32-663] Processed net rv32im72f_7sp/id_ex_register/EX2_alu_result[4]_i_6_n_0.  Re-placed instance rv32im72f_7sp/id_ex_register/EX2_alu_result[4]_i_6
INFO: [Physopt 32-663] Processed net rv32im72f_7sp/id_ex_register/div_overflow_flag_i_26_n_0.  Re-placed instance rv32im72f_7sp/id_ex_register/div_overflow_flag_i_26
INFO: [Physopt 32-662] Processed net rv32im72f_7sp/id_ex_register/div_overflow_flag_i_31_n_0.  Did not re-place instance rv32im72f_7sp/id_ex_register/div_overflow_flag_i_31
INFO: [Physopt 32-662] Processed net rv32im72f_7sp/ex_ex2_register/Q[4].  Did not re-place instance rv32im72f_7sp/ex_ex2_register/EX2_alu_result_reg[4]
INFO: [Physopt 32-662] Processed net rv32im72f_7sp/id_ex_register/src_B[10].  Did not re-place instance rv32im72f_7sp/id_ex_register/divisor_latch[10]_i_1
INFO: [Physopt 32-662] Processed net rv32im72f_7sp/ex_ex2_register/retire_forward_data_value_reg[1]_35.  Did not re-place instance rv32im72f_7sp/ex_ex2_register/EX2_alu_result[24]_i_7
INFO: [Physopt 32-662] Processed net rv32im72f_7sp/id_ex_register/divisor_latch[10]_i_3_n_0.  Did not re-place instance rv32im72f_7sp/id_ex_register/divisor_latch[10]_i_3
INFO: [Physopt 32-662] Processed net rv32im72f_7sp/data_memory/mmio_uart_status_hit_reg_reg_38.  Did not re-place instance rv32im72f_7sp/data_memory/WB_forward_data_value[3]_i_4
INFO: [Physopt 32-662] Processed net rv32im72f_7sp/id_ex_register/EX2_alu_result[15]_i_2_n_0.  Did not re-place instance rv32im72f_7sp/id_ex_register/EX2_alu_result[15]_i_2
INFO: [Physopt 32-663] Processed net rv32im72f_7sp/id_ex_register/EX2_alu_result[23]_i_2_n_0.  Re-placed instance rv32im72f_7sp/id_ex_register/EX2_alu_result[23]_i_2
INFO: [Physopt 32-662] Processed net rv32im72f_7sp/id_ex_register/EX2_alu_result[18]_i_12_n_0.  Did not re-place instance rv32im72f_7sp/id_ex_register/EX2_alu_result[18]_i_12
INFO: [Physopt 32-662] Processed net rv32im72f_7sp/id_ex_register/EX2_alu_result[18]_i_7_n_0.  Did not re-place instance rv32im72f_7sp/id_ex_register/EX2_alu_result[18]_i_7
INFO: [Physopt 32-662] Processed net rv32im72f_7sp/ex_ex2_register/EX2_alu_result[31]_i_27_n_0.  Did not re-place instance rv32im72f_7sp/ex_ex2_register/EX2_alu_result[31]_i_27
INFO: [Physopt 32-662] Processed net rv32im72f_7sp/ex_ex2_register/retire_forward_data_value_reg[1]_29.  Did not re-place instance rv32im72f_7sp/ex_ex2_register/EX2_alu_result[31]_i_14
INFO: [Physopt 32-662] Processed net rv32im72f_7sp/ex_ex2_register/EX2_alu_result[7]_i_14_n_0.  Did not re-place instance rv32im72f_7sp/ex_ex2_register/EX2_alu_result[7]_i_14
INFO: [Physopt 32-662] Processed net rv32im72f_7sp/id_ex_register/EX2_alu_result[17]_i_12_n_0.  Did not re-place instance rv32im72f_7sp/id_ex_register/EX2_alu_result[17]_i_12
INFO: [Physopt 32-662] Processed net rv32im72f_7sp/id_ex_register/EX2_alu_result[17]_i_7_n_0.  Did not re-place instance rv32im72f_7sp/id_ex_register/EX2_alu_result[17]_i_7
INFO: [Physopt 32-662] Processed net rv32im72f_7sp/id_ex_register/EX2_alu_result[17]_i_16_n_0.  Did not re-place instance rv32im72f_7sp/id_ex_register/EX2_alu_result[17]_i_16
INFO: [Physopt 32-662] Processed net rv32im72f_7sp/id_ex_register/EX2_alu_result[17]_i_3_n_0.  Did not re-place instance rv32im72f_7sp/id_ex_register/EX2_alu_result[17]_i_3
INFO: [Physopt 32-662] Processed net rv32im72f_7sp/id_ex_register/EX2_alu_result[31]_i_7_0[17].  Did not re-place instance rv32im72f_7sp/id_ex_register/EX2_alu_result[17]_i_1
INFO: [Physopt 32-662] Processed net rv32im72f_7sp/ex_ex2_register/Q[17].  Did not re-place instance rv32im72f_7sp/ex_ex2_register/EX2_alu_result_reg[17]
INFO: [Physopt 32-662] Processed net rv32im72f_7sp/ex_ex2_register/EX2_alu_result[19]_i_18_n_0.  Did not re-place instance rv32im72f_7sp/ex_ex2_register/EX2_alu_result[19]_i_18
INFO: [Physopt 32-662] Processed net rv32im72f_7sp/ex_ex2_register/retire_forward_data_value_reg[1]_24.  Did not re-place instance rv32im72f_7sp/ex_ex2_register/EX2_alu_result[17]_i_8
INFO: [Physopt 32-662] Processed net rv32im72f_7sp/id_ex_register/EX2_alu_result[16]_i_3_n_0.  Did not re-place instance rv32im72f_7sp/id_ex_register/EX2_alu_result[16]_i_3
INFO: [Physopt 32-662] Processed net rv32im72f_7sp/id_ex_register/EX2_alu_result[31]_i_7_0[16].  Did not re-place instance rv32im72f_7sp/id_ex_register/EX2_alu_result[16]_i_1
INFO: [Physopt 32-662] Processed net rv32im72f_7sp/ex_ex2_register/Q[16].  Did not re-place instance rv32im72f_7sp/ex_ex2_register/EX2_alu_result_reg[16]
INFO: [Physopt 32-663] Processed net rv32im72f_7sp/data_memory/mmio_uart_status_hit_reg_reg_44.  Re-placed instance rv32im72f_7sp/data_memory/WB_forward_data_value[10]_i_3
INFO: [Physopt 32-663] Processed net rv32im72f_7sp/data_memory/mmio_uart_status_hit_reg_reg_21.  Re-placed instance rv32im72f_7sp/data_memory/WB_forward_data_value[23]_i_3
INFO: [Physopt 32-662] Processed net rv32im72f_7sp/ex_ex2_register/EX2_alu_result[18]_i_14_n_0.  Did not re-place instance rv32im72f_7sp/ex_ex2_register/EX2_alu_result[18]_i_14
INFO: [Physopt 32-662] Processed net rv32im72f_7sp/ex_ex2_register/retire_forward_data_value_reg[1]_21.  Did not re-place instance rv32im72f_7sp/ex_ex2_register/EX2_alu_result[16]_i_8
INFO: [Physopt 32-662] Processed net rv32im72f_7sp/id_ex_register/EX2_alu_result[15]_i_3_n_0.  Did not re-place instance rv32im72f_7sp/id_ex_register/EX2_alu_result[15]_i_3
INFO: [Physopt 32-662] Processed net rv32im72f_7sp/ex_ex2_register/retire_forward_data_value_reg[1].  Did not re-place instance rv32im72f_7sp/ex_ex2_register/EX2_alu_result[13]_i_7
INFO: [Physopt 32-662] Processed net rv32im72f_7sp/id_ex_register/EX2_alu_result[12]_i_3_n_0.  Did not re-place instance rv32im72f_7sp/id_ex_register/EX2_alu_result[12]_i_3
INFO: [Physopt 32-662] Processed net rv32im72f_7sp/id_ex_register/EX2_alu_result[31]_i_7_0[12].  Did not re-place instance rv32im72f_7sp/id_ex_register/EX2_alu_result[12]_i_1
INFO: [Physopt 32-662] Processed net rv32im72f_7sp/ex_ex2_register/Q[12].  Did not re-place instance rv32im72f_7sp/ex_ex2_register/EX2_alu_result_reg[12]
INFO: [Physopt 32-662] Processed net rv32im72f_7sp/ex_ex2_register/EX2_alu_result[25]_i_12_n_0.  Did not re-place instance rv32im72f_7sp/ex_ex2_register/EX2_alu_result[25]_i_12
INFO: [Physopt 32-662] Processed net rv32im72f_7sp/ex_ex2_register/retire_forward_data_value_reg[1]_26.  Did not re-place instance rv32im72f_7sp/ex_ex2_register/EX2_alu_result[25]_i_7
INFO: [Physopt 32-662] Processed net rv32im72f_7sp/id_ex_register/retire_forward_data_value_reg[23][1].  Did not re-place instance rv32im72f_7sp/id_ex_register/alu_result2_carry__1_i_7
INFO: [Physopt 32-662] Processed net rv32im72f_7sp/id_ex_register/src_B[20].  Did not re-place instance rv32im72f_7sp/id_ex_register/divisor_latch[20]_i_1
INFO: [Physopt 32-662] Processed net rv32im72f_7sp/forward_unit/MEM_non_load_forward_data_reg[31]_0[20].  Did not re-place instance rv32im72f_7sp/forward_unit/WB_forward_data_value[20]_i_1
INFO: [Physopt 32-662] Processed net rv32im72f_7sp/ex_ex2_register/EX2_alu_result[23]_i_17_n_0.  Did not re-place instance rv32im72f_7sp/ex_ex2_register/EX2_alu_result[23]_i_17
INFO: [Physopt 32-662] Processed net rv32im72f_7sp/id_ex_register/divisor_latch[20]_i_3_n_0.  Did not re-place instance rv32im72f_7sp/id_ex_register/divisor_latch[20]_i_3
INFO: [Physopt 32-662] Processed net rv32im72f_7sp/id_ex_register/src_B[14].  Did not re-place instance rv32im72f_7sp/id_ex_register/divisor_latch[14]_i_1
INFO: [Physopt 32-662] Processed net rv32im72f_7sp/id_ex_register/divisor_latch[14]_i_2_n_0.  Did not re-place instance rv32im72f_7sp/id_ex_register/divisor_latch[14]_i_2
INFO: [Physopt 32-662] Processed net rv32im72f_7sp/id_ex_register/retire_forward_data_value_reg[14]_1[1].  Did not re-place instance rv32im72f_7sp/id_ex_register/alu_result2_carry__0_i_3
INFO: [Physopt 32-662] Processed net rv32im72f_7sp/ex_ex2_register/EX2_alu_result[15]_i_19_n_0.  Did not re-place instance rv32im72f_7sp/ex_ex2_register/EX2_alu_result[15]_i_19
INFO: [Physopt 32-663] Processed net rv32im72f_7sp/ex_ex2_register/retire_forward_data_value_reg[1]_45.  Re-placed instance rv32im72f_7sp/ex_ex2_register/EX2_alu_result[9]_i_11
INFO: [Physopt 32-662] Processed net rv32im72f_7sp/id_ex_register/EX2_alu_result[8]_i_4_n_0.  Did not re-place instance rv32im72f_7sp/id_ex_register/EX2_alu_result[8]_i_4
INFO: [Physopt 32-663] Processed net rv32im72f_7sp/id_ex_register/EX2_alu_result[28]_i_13_n_0.  Re-placed instance rv32im72f_7sp/id_ex_register/EX2_alu_result[28]_i_13
INFO: [Physopt 32-662] Processed net rv32im72f_7sp/id_ex_register/EX2_alu_result[10]_i_2_n_0.  Did not re-place instance rv32im72f_7sp/id_ex_register/EX2_alu_result[10]_i_2
INFO: [Physopt 32-662] Processed net rv32im72f_7sp/id_ex_register/EX2_alu_result[10]_i_6_n_0.  Did not re-place instance rv32im72f_7sp/id_ex_register/EX2_alu_result[10]_i_6
INFO: [Physopt 32-662] Processed net rv32im72f_7sp/id_ex_register/EX2_alu_result[31]_i_7_0[10].  Did not re-place instance rv32im72f_7sp/id_ex_register/EX2_alu_result[10]_i_1
INFO: [Physopt 32-661] Optimized 23 nets.  Re-placed 23 instances.
INFO: [Physopt 32-775] End 1 Pass. Optimized 23 nets or cells. Created 0 new cell, deleted 0 existing cell and moved 23 existing cells
INFO: [Physopt 32-619] Estimated Timing Summary | WNS=-0.126 | TNS=-0.167 |
Netlist sorting complete. Time (s): cpu = 00:00:00.01 ; elapsed = 00:00:00 . Memory (MB): peak = 3132.672 ; gain = 0.000 ; free physical = 11398 ; free virtual = 28289
Phase 9 Single Cell Placement Optimization | Checksum: 1af05cd62

Time (s): cpu = 00:02:51 ; elapsed = 00:00:18 . Memory (MB): peak = 3132.672 ; gain = 0.000 ; free physical = 11398 ; free virtual = 28289

Phase 10 Multi Cell Placement Optimization
INFO: [Physopt 32-660] Identified 100 candidate nets for placement-based optimization.
INFO: [Physopt 32-662] Processed net rv32im72f_7sp/data_memory/MEM_alu_result_reg[0].  Did not re-place instance rv32im72f_7sp/data_memory/WB_forward_data_value[14]_i_3/O
INFO: [Physopt 32-662] Processed net rv32im72f_7sp/ex_ex2_register/src_A[8].  Did not re-place instance rv32im72f_7sp/ex_ex2_register/dividend_reg[8]_i_1/O
INFO: [Physopt 32-662] Processed net rv32im72f_7sp/data_memory/data_memory_read_data_muxed[19].  Did not re-place instance rv32im72f_7sp/data_memory/WB_forward_data_value[31]_i_7/O
INFO: [Physopt 32-662] Processed net rv32im72f_7sp/forward_unit/MEM_non_load_forward_data_reg[31]_0[8].  Did not re-place instance rv32im72f_7sp/forward_unit/WB_forward_data_value[8]_i_1/O
INFO: [Physopt 32-662] Processed net rv32im72f_7sp/ex_ex2_register/dividend_reg[8]_i_2_n_0.  Did not re-place instance rv32im72f_7sp/ex_ex2_register/dividend_reg[8]_i_2/O
INFO: [Physopt 32-662] Processed net rv32im72f_7sp/ex_ex2_register/EX2_alu_result[30]_i_10.  Did not re-place instance rv32im72f_7sp/ex_ex2_register/EX2_alu_result[31]_i_19/O
INFO: [Physopt 32-662] Processed net rv32im72f_7sp/id_ex_register/EX2_alu_result[31]_i_2_n_0.  Did not re-place instance rv32im72f_7sp/id_ex_register/EX2_alu_result[31]_i_2/O
INFO: [Physopt 32-662] Processed net rv32im72f_7sp/id_ex_register/EX2_alu_result[31]_i_7_0[31].  Did not re-place instance rv32im72f_7sp/id_ex_register/EX2_alu_result[31]_i_1/O
INFO: [Physopt 32-662] Processed net rv32im72f_7sp/id_ex_register/EX2_alu_result[31]_i_8_n_0.  Did not re-place instance rv32im72f_7sp/id_ex_register/EX2_alu_result[31]_i_8/O
INFO: [Physopt 32-662] Processed net rv32im72f_7sp/data_memory/data_memory_read_data_muxed[3].  Did not re-place instance rv32im72f_7sp/data_memory/WB_forward_data_value[31]_i_6/O
INFO: [Physopt 32-662] Processed net rv32im72f_7sp/ex_ex2_register/src_A[9].  Did not re-place instance rv32im72f_7sp/ex_ex2_register/dividend_reg[9]_i_1/O
INFO: [Physopt 32-662] Processed net rv32im72f_7sp/forward_unit/MEM_non_load_forward_data_reg[31]_0[9].  Did not re-place instance rv32im72f_7sp/forward_unit/WB_forward_data_value[9]_i_1/O
INFO: [Physopt 32-662] Processed net rv32im72f_7sp/ex_ex2_register/dividend_reg[9]_i_2_n_0.  Did not re-place instance rv32im72f_7sp/ex_ex2_register/dividend_reg[9]_i_2/O
INFO: [Physopt 32-663] Processed net rv32im72f_7sp/ex_ex2_register/src_A[10].  Re-placed instance rv32im72f_7sp/ex_ex2_register/dividend_reg[10]_i_1/O
INFO: [Physopt 32-662] Processed net rv32im72f_7sp/forward_unit/MEM_non_load_forward_data_reg[31]_0[10].  Did not re-place instance rv32im72f_7sp/forward_unit/WB_forward_data_value[10]_i_1/O
INFO: [Physopt 32-662] Processed net rv32im72f_7sp/ex_ex2_register/dividend_reg[10]_i_2_n_0.  Did not re-place instance rv32im72f_7sp/ex_ex2_register/dividend_reg[10]_i_2/O
INFO: [Physopt 32-662] Processed net rv32im72f_7sp/data_memory/data_memory_read_data_muxed[11].  Did not re-place instance rv32im72f_7sp/data_memory/WB_forward_data_value[23]_i_8/O
INFO: [Physopt 32-662] Processed net rv32im72f_7sp/ex_ex2_register/src_A[13].  Did not re-place instance rv32im72f_7sp/ex_ex2_register/dividend_reg[13]_i_1/O
INFO: [Physopt 32-662] Processed net rv32im72f_7sp/forward_unit/MEM_non_load_forward_data_reg[31]_0[13].  Did not re-place instance rv32im72f_7sp/forward_unit/WB_forward_data_value[13]_i_1/O
INFO: [Physopt 32-662] Processed net rv32im72f_7sp/ex_ex2_register/dividend_reg[13]_i_2_n_0.  Did not re-place instance rv32im72f_7sp/ex_ex2_register/dividend_reg[13]_i_2/O
INFO: [Physopt 32-662] Processed net rv32im72f_7sp/ex_ex2_register/src_A[11].  Did not re-place instance rv32im72f_7sp/ex_ex2_register/dividend_reg[11]_i_1/O
INFO: [Physopt 32-662] Processed net rv32im72f_7sp/forward_unit/MEM_non_load_forward_data_reg[31]_0[11].  Did not re-place instance rv32im72f_7sp/forward_unit/WB_forward_data_value[11]_i_1/O
INFO: [Physopt 32-662] Processed net rv32im72f_7sp/ex_ex2_register/dividend_reg[11]_i_2_n_0.  Did not re-place instance rv32im72f_7sp/ex_ex2_register/dividend_reg[11]_i_2/O
INFO: [Physopt 32-661] Optimized 1 net.  Re-placed 3 instances.
INFO: [Physopt 32-775] End 1 Pass. Optimized 1 net or cell. Created 0 new cell, deleted 0 existing cell and moved 3 existing cells
INFO: [Physopt 32-619] Estimated Timing Summary | WNS=-0.126 | TNS=-0.126 |
Netlist sorting complete. Time (s): cpu = 00:00:00.01 ; elapsed = 00:00:00 . Memory (MB): peak = 3132.672 ; gain = 0.000 ; free physical = 11402 ; free virtual = 28293
Phase 10 Multi Cell Placement Optimization | Checksum: 24af774f9

Time (s): cpu = 00:03:09 ; elapsed = 00:00:21 . Memory (MB): peak = 3132.672 ; gain = 0.000 ; free physical = 11402 ; free virtual = 28293

Phase 11 Rewire
INFO: [Physopt 32-246] Starting Signal Push optimization...
INFO: [Physopt 32-241] No nets found for rewiring () optimization.
INFO: [Physopt 32-232] Optimized 0 net. Created 0 new instance.
INFO: [Physopt 32-775] End 1 Pass. Optimized 0 net or cell. Created 0 new cell, deleted 0 existing cell and moved 0 existing cell
Netlist sorting complete. Time (s): cpu = 00:00:00 ; elapsed = 00:00:00 . Memory (MB): peak = 3132.672 ; gain = 0.000 ; free physical = 11402 ; free virtual = 28293
Phase 11 Rewire | Checksum: 24af774f9

Time (s): cpu = 00:03:09 ; elapsed = 00:00:21 . Memory (MB): peak = 3132.672 ; gain = 0.000 ; free physical = 11402 ; free virtual = 28293

Phase 12 Critical Cell Optimization
INFO: [Physopt 32-46] Identified 30 candidate nets for critical-cell optimization.
INFO: [Physopt 32-571] Net rv32im72f_7sp/forward_unit/MEM_non_load_forward_data_reg[31]_0[10] was not replicated.
INFO: [Physopt 32-571] Net rv32im72f_7sp/forward_unit/MEM_non_load_forward_data_reg[31]_0[0] was not replicated.
INFO: [Physopt 32-571] Net rv32im72f_7sp/id_ex_register/src_B[9] was not replicated.
INFO: [Physopt 32-571] Net rv32im72f_7sp/id_ex_register/src_B[13] was not replicated.
INFO: [Physopt 32-571] Net rv32im72f_7sp/data_memory/data_memory_read_data_muxed[1] was not replicated.
INFO: [Physopt 32-571] Net rv32im72f_7sp/ex_ex2_register/dividend_reg[23]_i_2_n_0 was not replicated.
INFO: [Physopt 32-571] Net rv32im72f_7sp/forward_unit/MEM_non_load_forward_data_reg[31]_0[23] was not replicated.
INFO: [Physopt 32-571] Net rv32im72f_7sp/ex_ex2_register/EX2_alu_result[31]_i_23_n_0 was not replicated.
INFO: [Physopt 32-571] Net rv32im72f_7sp/ex_ex2_register/retire_forward_data_value_reg[1]_32 was not replicated.
INFO: [Physopt 32-571] Net rv32im72f_7sp/data_memory/data_memory_read_data_muxed[0] was not replicated.
INFO: [Physopt 32-571] Net rv32im72f_7sp/ex_mem_register/MEM_alu_result_reg[0]_7 was not replicated.
INFO: [Physopt 32-571] Net rv32im72f_7sp/id_ex_register/src_B[19] was not replicated.
INFO: [Physopt 32-571] Net rv32im72f_7sp/ex_ex2_register/retire_forward_data_value_reg[1]_28 was not replicated.
INFO: [Physopt 32-571] Net rv32im72f_7sp/ex_ex2_register/src_A[0] was not replicated.
INFO: [Physopt 32-571] Net rv32im72f_7sp/id_ex_register/src_B[1] was not replicated.
INFO: [Physopt 32-571] Net rv32im72f_7sp/forward_unit/MEM_non_load_forward_data_reg[31]_0[1] was not replicated.
INFO: [Physopt 32-571] Net rv32im72f_7sp/ex_ex2_register/dividend_reg[0]_i_2_n_0 was not replicated.
INFO: [Physopt 32-571] Net rv32im72f_7sp/ex_ex2_register/src_A[23] was not replicated.
INFO: [Physopt 32-571] Net rv32im72f_7sp/ex_ex2_register/EX2_alu_result[15]_i_17_n_0 was not replicated.
INFO: [Physopt 32-571] Net rv32im72f_7sp/ex_ex2_register/retire_forward_data_value_reg[1]_44 was not replicated.
INFO: [Physopt 32-571] Net rv32im72f_7sp/id_ex_register/src_B[3] was not replicated.
INFO: [Physopt 32-571] Net rv32im72f_7sp/ex_ex2_register/src_A[14] was not replicated.
INFO: [Physopt 32-571] Net rv32im72f_7sp/forward_unit/MEM_non_load_forward_data_reg[31]_0[14] was not replicated.
INFO: [Physopt 32-571] Net rv32im72f_7sp/ex_ex2_register/src_A[25] was not replicated.
INFO: [Physopt 32-571] Net rv32im72f_7sp/ex_ex2_register/retire_forward_data_value_reg[8] was not replicated.
INFO: [Physopt 32-571] Net rv32im72f_7sp/forward_unit/MEM_non_load_forward_data_reg[31]_0[3] was not replicated.
INFO: [Physopt 32-571] Net rv32im72f_7sp/ex_ex2_register/EX2_alu_result[21]_i_13_n_0 was not replicated.
INFO: [Physopt 32-232] Optimized 0 net. Created 0 new instance.
INFO: [Physopt 32-775] End 1 Pass. Optimized 0 net or cell. Created 0 new cell, deleted 0 existing cell and moved 0 existing cell
Phase 12 Critical Cell Optimization | Checksum: 24af774f9

Time (s): cpu = 00:03:09 ; elapsed = 00:00:21 . Memory (MB): peak = 3132.672 ; gain = 0.000 ; free physical = 11402 ; free virtual = 28293

Phase 13 SLR Crossing Optimization
Phase 13 SLR Crossing Optimization | Checksum: 24af774f9

Time (s): cpu = 00:03:09 ; elapsed = 00:00:21 . Memory (MB): peak = 3132.672 ; gain = 0.000 ; free physical = 11402 ; free virtual = 28293

Phase 14 Fanout Optimization
INFO: [Physopt 32-64] No nets found for fanout-optimization.
INFO: [Physopt 32-232] Optimized 0 net. Created 0 new instance.
INFO: [Physopt 32-775] End 1 Pass. Optimized 0 net or cell. Created 0 new cell, deleted 0 existing cell and moved 0 existing cell
Phase 14 Fanout Optimization | Checksum: 24af774f9

Time (s): cpu = 00:03:09 ; elapsed = 00:00:21 . Memory (MB): peak = 3132.672 ; gain = 0.000 ; free physical = 11402 ; free virtual = 28293

Phase 15 Single Cell Placement Optimization
INFO: [Physopt 32-660] Identified 204 candidate nets for placement-based optimization.
INFO: [Physopt 32-662] Processed net rv32im72f_7sp/data_memory/MEM_alu_result_reg[0].  Did not re-place instance rv32im72f_7sp/data_memory/WB_forward_data_value[14]_i_3
INFO: [Physopt 32-662] Processed net rv32im72f_7sp/ex_ex2_register/src_A[8].  Did not re-place instance rv32im72f_7sp/ex_ex2_register/dividend_reg[8]_i_1
INFO: [Physopt 32-662] Processed net rv32im72f_7sp/data_memory/data_memory_read_data_muxed[19].  Did not re-place instance rv32im72f_7sp/data_memory/WB_forward_data_value[31]_i_7
INFO: [Physopt 32-662] Processed net rv32im72f_7sp/forward_unit/MEM_non_load_forward_data_reg[31]_0[8].  Did not re-place instance rv32im72f_7sp/forward_unit/WB_forward_data_value[8]_i_1
INFO: [Physopt 32-662] Processed net rv32im72f_7sp/ex_ex2_register/dividend_reg[8]_i_2_n_0.  Did not re-place instance rv32im72f_7sp/ex_ex2_register/dividend_reg[8]_i_2
INFO: [Physopt 32-662] Processed net rv32im72f_7sp/ex_ex2_register/EX2_alu_result[30]_i_10.  Did not re-place instance rv32im72f_7sp/ex_ex2_register/EX2_alu_result[31]_i_19
INFO: [Physopt 32-662] Processed net rv32im72f_7sp/id_ex_register/EX2_alu_result[31]_i_2_n_0.  Did not re-place instance rv32im72f_7sp/id_ex_register/EX2_alu_result[31]_i_2
INFO: [Physopt 32-662] Processed net rv32im72f_7sp/id_ex_register/EX2_alu_result[31]_i_7_0[31].  Did not re-place instance rv32im72f_7sp/id_ex_register/EX2_alu_result[31]_i_1
INFO: [Physopt 32-662] Processed net rv32im72f_7sp/id_ex_register/EX2_alu_result[31]_i_8_n_0.  Did not re-place instance rv32im72f_7sp/id_ex_register/EX2_alu_result[31]_i_8
INFO: [Physopt 32-662] Processed net rv32im72f_7sp/id_ex_register/retire_forward_data_value_reg[11][0].  Did not re-place instance rv32im72f_7sp/id_ex_register/EX2_alu_result[11]_i_16
INFO: [Physopt 32-662] Processed net rv32im72f_7sp/ex_ex2_register/Q[31].  Did not re-place instance rv32im72f_7sp/ex_ex2_register/EX2_alu_result_reg[31]
INFO: [Physopt 32-662] Processed net rv32im72f_7sp/data_memory/data_memory_read_data_muxed[3].  Did not re-place instance rv32im72f_7sp/data_memory/WB_forward_data_value[31]_i_6
INFO: [Physopt 32-662] Processed net rv32im72f_7sp/ex_ex2_register/src_A[9].  Did not re-place instance rv32im72f_7sp/ex_ex2_register/dividend_reg[9]_i_1
INFO: [Physopt 32-662] Processed net rv32im72f_7sp/forward_unit/MEM_non_load_forward_data_reg[31]_0[9].  Did not re-place instance rv32im72f_7sp/forward_unit/WB_forward_data_value[9]_i_1
INFO: [Physopt 32-662] Processed net rv32im72f_7sp/ex_ex2_register/dividend_reg[9]_i_2_n_0.  Did not re-place instance rv32im72f_7sp/ex_ex2_register/dividend_reg[9]_i_2
INFO: [Physopt 32-662] Processed net rv32im72f_7sp/id_ex_register/retire_forward_data_value_reg[11][1].  Did not re-place instance rv32im72f_7sp/id_ex_register/EX2_alu_result[11]_i_15
INFO: [Physopt 32-662] Processed net rv32im72f_7sp/ex_ex2_register/src_A[10].  Did not re-place instance rv32im72f_7sp/ex_ex2_register/dividend_reg[10]_i_1
INFO: [Physopt 32-662] Processed net rv32im72f_7sp/forward_unit/MEM_non_load_forward_data_reg[31]_0[10].  Did not re-place instance rv32im72f_7sp/forward_unit/WB_forward_data_value[10]_i_1
INFO: [Physopt 32-662] Processed net rv32im72f_7sp/ex_ex2_register/dividend_reg[10]_i_2_n_0.  Did not re-place instance rv32im72f_7sp/ex_ex2_register/dividend_reg[10]_i_2
INFO: [Physopt 32-662] Processed net rv32im72f_7sp/id_ex_register/retire_forward_data_value_reg[11][2].  Did not re-place instance rv32im72f_7sp/id_ex_register/EX2_alu_result[11]_i_14
INFO: [Physopt 32-662] Processed net rv32im72f_7sp/data_memory/data_memory_read_data_muxed[11].  Did not re-place instance rv32im72f_7sp/data_memory/WB_forward_data_value[23]_i_8
INFO: [Physopt 32-662] Processed net rv32im72f_7sp/ex_ex2_register/src_A[13].  Did not re-place instance rv32im72f_7sp/ex_ex2_register/dividend_reg[13]_i_1
INFO: [Physopt 32-662] Processed net rv32im72f_7sp/forward_unit/MEM_non_load_forward_data_reg[31]_0[13].  Did not re-place instance rv32im72f_7sp/forward_unit/WB_forward_data_value[13]_i_1
INFO: [Physopt 32-662] Processed net rv32im72f_7sp/ex_ex2_register/dividend_reg[13]_i_2_n_0.  Did not re-place instance rv32im72f_7sp/ex_ex2_register/dividend_reg[13]_i_2
INFO: [Physopt 32-662] Processed net rv32im72f_7sp/id_ex_register/retire_forward_data_value_reg[14][1].  Did not re-place instance rv32im72f_7sp/id_ex_register/EX2_alu_result[15]_i_15
INFO: [Physopt 32-662] Processed net rv32im72f_7sp/ex_ex2_register/retire_forward_data_value_reg[15][1].  Did not re-place instance rv32im72f_7sp/ex_ex2_register/i__carry__2_i_3__0
INFO: [Physopt 32-662] Processed net rv32im72f_7sp/ex_ex2_register/src_A[11].  Did not re-place instance rv32im72f_7sp/ex_ex2_register/dividend_reg[11]_i_1
INFO: [Physopt 32-662] Processed net rv32im72f_7sp/forward_unit/MEM_non_load_forward_data_reg[31]_0[11].  Did not re-place instance rv32im72f_7sp/forward_unit/WB_forward_data_value[11]_i_1
INFO: [Physopt 32-662] Processed net rv32im72f_7sp/ex_ex2_register/dividend_reg[11]_i_2_n_0.  Did not re-place instance rv32im72f_7sp/ex_ex2_register/dividend_reg[11]_i_2
INFO: [Physopt 32-662] Processed net rv32im72f_7sp/id_ex_register/retire_forward_data_value_reg[11][3].  Did not re-place instance rv32im72f_7sp/id_ex_register/EX2_alu_result[11]_i_13
INFO: [Physopt 32-662] Processed net rv32im72f_7sp/ex_ex2_register/retire_forward_data_value_reg[11][3].  Did not re-place instance rv32im72f_7sp/ex_ex2_register/i__carry__1_i_1__0
INFO: [Physopt 32-662] Processed net rv32im72f_7sp/id_ex_register/src_B[11].  Did not re-place instance rv32im72f_7sp/id_ex_register/divisor_latch[11]_i_1
INFO: [Physopt 32-662] Processed net rv32im72f_7sp/id_ex_register/divisor_latch[11]_i_2_n_0.  Did not re-place instance rv32im72f_7sp/id_ex_register/divisor_latch[11]_i_2
INFO: [Physopt 32-662] Processed net rv32im72f_7sp/ex_ex2_register/retire_forward_data_value_reg[11][0].  Did not re-place instance rv32im72f_7sp/ex_ex2_register/i__carry__1_i_4__0
INFO: [Physopt 32-662] Processed net rv32im72f_7sp/id_ex_register/src_B[15].  Did not re-place instance rv32im72f_7sp/id_ex_register/divisor_latch[15]_i_1
INFO: [Physopt 32-662] Processed net rv32im72f_7sp/ex_mem_register/MEM_alu_result_reg[0]_2.  Did not re-place instance rv32im72f_7sp/ex_mem_register/WB_forward_data_value[15]_i_4
INFO: [Physopt 32-662] Processed net rv32im72f_7sp/forward_unit/MEM_non_load_forward_data_reg[31]_0[15].  Did not re-place instance rv32im72f_7sp/forward_unit/WB_forward_data_value[15]_i_1
INFO: [Physopt 32-662] Processed net rv32im72f_7sp/ex_mem_register/MEM_alu_result_reg[0]_3.  Did not re-place instance rv32im72f_7sp/ex_mem_register/WB_forward_data_value[15]_i_5
INFO: [Physopt 32-662] Processed net rv32im72f_7sp/ex_ex2_register/EX2_alu_result[15]_i_13_n_0.  Did not re-place instance rv32im72f_7sp/ex_ex2_register/EX2_alu_result[15]_i_13
INFO: [Physopt 32-662] Processed net rv32im72f_7sp/id_ex_register/divisor_latch[15]_i_3_n_0.  Did not re-place instance rv32im72f_7sp/id_ex_register/divisor_latch[15]_i_3
INFO: [Physopt 32-662] Processed net rv32im72f_7sp/id_ex_register/src_B[0].  Did not re-place instance rv32im72f_7sp/id_ex_register/divisor_latch[0]_i_1
INFO: [Physopt 32-662] Processed net rv32im72f_7sp/forward_unit/MEM_non_load_forward_data_reg[31]_0[0].  Did not re-place instance rv32im72f_7sp/forward_unit/WB_forward_data_value[0]_i_1
INFO: [Physopt 32-662] Processed net rv32im72f_7sp/id_ex_register/divisor_latch[0]_i_3_n_0.  Did not re-place instance rv32im72f_7sp/id_ex_register/divisor_latch[0]_i_3
INFO: [Physopt 32-663] Processed net rv32im72f_7sp/data_memory/data_memory_read_data_muxed[2].  Re-placed instance rv32im72f_7sp/data_memory/WB_forward_data_value[0]_i_4
INFO: [Physopt 32-662] Processed net rv32im72f_7sp/ex_ex2_register/EX2_alu_result[3]_i_16_n_0.  Did not re-place instance rv32im72f_7sp/ex_ex2_register/EX2_alu_result[3]_i_16
INFO: [Physopt 32-662] Processed net rv32im72f_7sp/ex_mem_register/MEM_alu_result_reg[1]_0.  Did not re-place instance rv32im72f_7sp/ex_mem_register/WB_forward_data_value[0]_i_3
INFO: [Physopt 32-662] Processed net rv32im72f_7sp/id_ex_register/src_B[31].  Did not re-place instance rv32im72f_7sp/id_ex_register/divisor_latch[31]_i_2
INFO: [Physopt 32-662] Processed net rv32im72f_7sp/data_memory/MEM_alu_result_reg[1].  Did not re-place instance rv32im72f_7sp/data_memory/WB_forward_data_value[15]_i_2
INFO: [Physopt 32-662] Processed net rv32im72f_7sp/forward_unit/MEM_non_load_forward_data_reg[31]_0[31].  Did not re-place instance rv32im72f_7sp/forward_unit/WB_forward_data_value[31]_i_1
INFO: [Physopt 32-662] Processed net rv32im72f_7sp/ex_mem_register/MEM_funct3_reg[2]_2.  Did not re-place instance rv32im72f_7sp/ex_mem_register/WB_forward_data_value[31]_i_2
INFO: [Physopt 32-662] Processed net rv32im72f_7sp/id_ex_register/EX2_alu_result[0]_i_11_n_0.  Did not re-place instance rv32im72f_7sp/id_ex_register/EX2_alu_result[0]_i_11
INFO: [Physopt 32-662] Processed net rv32im72f_7sp/id_ex_register/EX2_alu_result[0]_i_6_n_0.  Did not re-place instance rv32im72f_7sp/id_ex_register/EX2_alu_result[0]_i_6
INFO: [Physopt 32-662] Processed net rv32im72f_7sp/id_ex_register/EX2_alu_result[31]_i_7_0[0].  Did not re-place instance rv32im72f_7sp/id_ex_register/EX2_alu_result[0]_i_1
INFO: [Physopt 32-662] Processed net rv32im72f_7sp/id_ex_register/divisor_latch[31]_i_3_n_0.  Did not re-place instance rv32im72f_7sp/id_ex_register/divisor_latch[31]_i_3
INFO: [Physopt 32-662] Processed net rv32im72f_7sp/id_ex_register/retire_forward_data_value_reg[31]_0[3].  Did not re-place instance rv32im72f_7sp/id_ex_register/alu_result2_carry__2_i_5
INFO: [Physopt 32-662] Processed net rv32im72f_7sp/ex_ex2_register/Q[0].  Did not re-place instance rv32im72f_7sp/ex_ex2_register/EX2_alu_result_reg[0]
INFO: [Physopt 32-662] Processed net rv32im72f_7sp/id_ex_register/src_B[9].  Did not re-place instance rv32im72f_7sp/id_ex_register/divisor_latch[9]_i_1
INFO: [Physopt 32-662] Processed net rv32im72f_7sp/id_ex_register/divisor_latch[9]_i_2_n_0.  Did not re-place instance rv32im72f_7sp/id_ex_register/divisor_latch[9]_i_2
INFO: [Physopt 32-662] Processed net rv32im72f_7sp/ex_ex2_register/retire_forward_data_value_reg[11][1].  Did not re-place instance rv32im72f_7sp/ex_ex2_register/i__carry__1_i_3__0
INFO: [Physopt 32-662] Processed net rv32im72f_7sp/id_ex_register/retire_forward_data_value_reg[30][3].  Did not re-place instance rv32im72f_7sp/id_ex_register/alu_result2_carry__2_i_1
INFO: [Physopt 32-662] Processed net rv32im72f_7sp/ex_ex2_register/retire_forward_data_value_reg[11][2].  Did not re-place instance rv32im72f_7sp/ex_ex2_register/i__carry__1_i_2__0
INFO: [Physopt 32-662] Processed net rv32im72f_7sp/id_ex_register/src_B[13].  Did not re-place instance rv32im72f_7sp/id_ex_register/divisor_latch[13]_i_1
INFO: [Physopt 32-662] Processed net rv32im72f_7sp/id_ex_register/divisor_latch[13]_i_2_n_0.  Did not re-place instance rv32im72f_7sp/id_ex_register/divisor_latch[13]_i_2
INFO: [Physopt 32-662] Processed net rv32im72f_7sp/data_memory/data_memory_read_data_muxed[1].  Did not re-place instance rv32im72f_7sp/data_memory/WB_forward_data_value[23]_i_6
INFO: [Physopt 32-662] Processed net rv32im72f_7sp/ex_ex2_register/dividend_reg[23]_i_2_n_0.  Did not re-place instance rv32im72f_7sp/ex_ex2_register/dividend_reg[23]_i_2
INFO: [Physopt 32-662] Processed net rv32im72f_7sp/forward_unit/MEM_non_load_forward_data_reg[31]_0[23].  Did not re-place instance rv32im72f_7sp/forward_unit/WB_forward_data_value[23]_i_1
INFO: [Physopt 32-662] Processed net rv32im72f_7sp/ex_ex2_register/EX2_alu_result[23]_i_13_n_0.  Did not re-place instance rv32im72f_7sp/ex_ex2_register/EX2_alu_result[23]_i_13
INFO: [Physopt 32-662] Processed net rv32im72f_7sp/ex_mem_register/MEM_alu_result_reg[0]_6.  Did not re-place instance rv32im72f_7sp/ex_mem_register/WB_forward_data_value[23]_i_2
INFO: [Physopt 32-662] Processed net rv32im72f_7sp/ex_ex2_register/EX2_alu_result[31]_i_23_n_0.  Did not re-place instance rv32im72f_7sp/ex_ex2_register/EX2_alu_result[31]_i_23
INFO: [Physopt 32-662] Processed net rv32im72f_7sp/ex_ex2_register/retire_forward_data_value_reg[1]_32.  Did not re-place instance rv32im72f_7sp/ex_ex2_register/EX2_alu_result[30]_i_12
INFO: [Physopt 32-662] Processed net rv32im72f_7sp/id_ex_register/EX2_alu_result[30]_i_4_n_0.  Did not re-place instance rv32im72f_7sp/id_ex_register/EX2_alu_result[30]_i_4
INFO: [Physopt 32-662] Processed net rv32im72f_7sp/id_ex_register/EX2_alu_result[31]_i_7_0[30].  Did not re-place instance rv32im72f_7sp/id_ex_register/EX2_alu_result[30]_i_1
INFO: [Physopt 32-662] Processed net rv32im72f_7sp/ex_ex2_register/Q[30].  Did not re-place instance rv32im72f_7sp/ex_ex2_register/EX2_alu_result_reg[30]
INFO: [Physopt 32-662] Processed net rv32im72f_7sp/data_memory/data_memory_read_data_muxed[0].  Did not re-place instance rv32im72f_7sp/data_memory/WB_forward_data_value[0]_i_5
INFO: [Physopt 32-662] Processed net rv32im72f_7sp/ex_mem_register/MEM_alu_result_reg[0]_7.  Did not re-place instance rv32im72f_7sp/ex_mem_register/WB_forward_data_value[30]_i_4
INFO: [Physopt 32-662] Processed net rv32im72f_7sp/id_ex_register/src_B[19].  Did not re-place instance rv32im72f_7sp/id_ex_register/divisor_latch[19]_i_1
INFO: [Physopt 32-662] Processed net rv32im72f_7sp/forward_unit/MEM_non_load_forward_data_reg[31]_0[19].  Did not re-place instance rv32im72f_7sp/forward_unit/WB_forward_data_value[19]_i_1
INFO: [Physopt 32-662] Processed net rv32im72f_7sp/ex_ex2_register/EX2_alu_result[19]_i_13_n_0.  Did not re-place instance rv32im72f_7sp/ex_ex2_register/EX2_alu_result[19]_i_13
INFO: [Physopt 32-662] Processed net rv32im72f_7sp/id_ex_register/divisor_latch[19]_i_3_n_0.  Did not re-place instance rv32im72f_7sp/id_ex_register/divisor_latch[19]_i_3
INFO: [Physopt 32-662] Processed net rv32im72f_7sp/ex_ex2_register/retire_forward_data_value_reg[15][3].  Did not re-place instance rv32im72f_7sp/ex_ex2_register/i__carry__2_i_1__0
INFO: [Physopt 32-662] Processed net rv32im72f_7sp/ex_ex2_register/retire_forward_data_value_reg[1]_28.  Did not re-place instance rv32im72f_7sp/ex_ex2_register/EX2_alu_result[29]_i_7
INFO: [Physopt 32-662] Processed net rv32im72f_7sp/ex_ex2_register/EX2_alu_result[31]_i_27_n_0_repN.  Did not re-place instance rv32im72f_7sp/ex_ex2_register/EX2_alu_result[31]_i_27_replica
INFO: [Physopt 32-662] Processed net rv32im72f_7sp/id_ex_register/EX2_alu_result[28]_i_3_n_0.  Did not re-place instance rv32im72f_7sp/id_ex_register/EX2_alu_result[28]_i_3
INFO: [Physopt 32-662] Processed net rv32im72f_7sp/id_ex_register/EX2_alu_result[31]_i_7_0[28].  Did not re-place instance rv32im72f_7sp/id_ex_register/EX2_alu_result[28]_i_1
INFO: [Physopt 32-662] Processed net rv32im72f_7sp/ex_ex2_register/Q[28].  Did not re-place instance rv32im72f_7sp/ex_ex2_register/EX2_alu_result_reg[28]
INFO: [Physopt 32-662] Processed net rv32im72f_7sp/ex_ex2_register/src_A[0].  Did not re-place instance rv32im72f_7sp/ex_ex2_register/dividend_reg[0]_i_1
INFO: [Physopt 32-662] Processed net rv32im72f_7sp/id_ex_register/src_B[1].  Did not re-place instance rv32im72f_7sp/id_ex_register/divisor_latch[1]_i_1
INFO: [Physopt 32-662] Processed net rv32im72f_7sp/forward_unit/MEM_non_load_forward_data_reg[31]_0[1].  Did not re-place instance rv32im72f_7sp/forward_unit/WB_forward_data_value[1]_i_1
INFO: [Physopt 32-662] Processed net rv32im72f_7sp/ex_ex2_register/dividend_reg[0]_i_2_n_0.  Did not re-place instance rv32im72f_7sp/ex_ex2_register/dividend_reg[0]_i_2
INFO: [Physopt 32-662] Processed net rv32im72f_7sp/data_memory/byte_enable_logic_register_file_write_data[0].  Did not re-place instance rv32im72f_7sp/data_memory/dividend_reg[0]_i_5
INFO: [Physopt 32-662] Processed net rv32im72f_7sp/data_memory/mmio_uart_status_hit_reg_reg_30.  Did not re-place instance rv32im72f_7sp/data_memory/WB_forward_data_value[1]_i_2
INFO: [Physopt 32-662] Processed net rv32im72f_7sp/id_ex_register/S[0].  Did not re-place instance rv32im72f_7sp/id_ex_register/EX2_alu_result[3]_i_15
INFO: [Physopt 32-663] Processed net rv32im72f_7sp/id_ex_register/divisor_latch[1]_i_3_n_0.  Re-placed instance rv32im72f_7sp/id_ex_register/divisor_latch[1]_i_3
INFO: [Physopt 32-662] Processed net rv32im72f_7sp/ex_ex2_register/src_A[23].  Did not re-place instance rv32im72f_7sp/ex_ex2_register/dividend_reg[23]_i_1
INFO: [Physopt 32-662] Processed net rv32im72f_7sp/ex_ex2_register/EX2_alu_result[15]_i_17_n_0.  Did not re-place instance rv32im72f_7sp/ex_ex2_register/EX2_alu_result[15]_i_17
INFO: [Physopt 32-662] Processed net rv32im72f_7sp/ex_ex2_register/retire_forward_data_value_reg[1]_44.  Did not re-place instance rv32im72f_7sp/ex_ex2_register/EX2_alu_result[9]_i_7
INFO: [Physopt 32-662] Processed net rv32im72f_7sp/id_ex_register/EX2_alu_result[31]_i_7_0[9].  Did not re-place instance rv32im72f_7sp/id_ex_register/EX2_alu_result[9]_i_1
INFO: [Physopt 32-662] Processed net rv32im72f_7sp/id_ex_register/EX2_alu_result[9]_i_3_n_0.  Did not re-place instance rv32im72f_7sp/id_ex_register/EX2_alu_result[9]_i_3
INFO: [Physopt 32-662] Processed net rv32im72f_7sp/ex_ex2_register/Q[9].  Did not re-place instance rv32im72f_7sp/ex_ex2_register/EX2_alu_result_reg[9]
INFO: [Physopt 32-662] Processed net rv32im72f_7sp/ex_ex2_register/retire_forward_data_value_reg[3][0].  Did not re-place instance rv32im72f_7sp/ex_ex2_register/i__carry_i_4
INFO: [Physopt 32-662] Processed net rv32im72f_7sp/id_ex_register/EX2_alu_result[31]_i_7_0[8].  Did not re-place instance rv32im72f_7sp/id_ex_register/EX2_alu_result[8]_i_1
INFO: [Physopt 32-662] Processed net rv32im72f_7sp/id_ex_register/EX2_alu_result[8]_i_3_n_0.  Did not re-place instance rv32im72f_7sp/id_ex_register/EX2_alu_result[8]_i_3
INFO: [Physopt 32-662] Processed net rv32im72f_7sp/ex_ex2_register/Q[8].  Did not re-place instance rv32im72f_7sp/ex_ex2_register/EX2_alu_result_reg[8]
INFO: [Physopt 32-662] Processed net rv32im72f_7sp/id_ex_register/src_B[3].  Did not re-place instance rv32im72f_7sp/id_ex_register/divisor_latch[3]_i_1
INFO: [Physopt 32-662] Processed net rv32im72f_7sp/ex_ex2_register/src_A[14].  Did not re-place instance rv32im72f_7sp/ex_ex2_register/dividend_reg[14]_i_1
INFO: [Physopt 32-662] Processed net rv32im72f_7sp/forward_unit/MEM_non_load_forward_data_reg[31]_0[14].  Did not re-place instance rv32im72f_7sp/forward_unit/WB_forward_data_value[14]_i_1
INFO: [Physopt 32-662] Processed net rv32im72f_7sp/ex_ex2_register/src_A[25].  Did not re-place instance rv32im72f_7sp/ex_ex2_register/dividend_reg[25]_i_1
INFO: [Physopt 32-662] Processed net rv32im72f_7sp/ex_ex2_register/retire_forward_data_value_reg[8].  Did not re-place instance rv32im72f_7sp/ex_ex2_register/EX2_alu_result[23]_i_18
INFO: [Physopt 32-662] Processed net rv32im72f_7sp/forward_unit/MEM_non_load_forward_data_reg[31]_0[3].  Did not re-place instance rv32im72f_7sp/forward_unit/WB_forward_data_value[3]_i_1
INFO: [Physopt 32-662] Processed net rv32im72f_7sp/ex_ex2_register/EX2_alu_result[21]_i_13_n_0.  Did not re-place instance rv32im72f_7sp/ex_ex2_register/EX2_alu_result[21]_i_13
INFO: [Physopt 32-662] Processed net rv32im72f_7sp/ex_ex2_register/retire_forward_data_value_reg[1]_3.  Did not re-place instance rv32im72f_7sp/ex_ex2_register/EX2_alu_result[19]_i_9
INFO: [Physopt 32-662] Processed net rv32im72f_7sp/ex_ex2_register/retire_forward_data_value_reg[1]_34.  Did not re-place instance rv32im72f_7sp/ex_ex2_register/EX2_alu_result[23]_i_8
INFO: [Physopt 32-663] Processed net rv32im72f_7sp/id_ex_register/divisor_latch[3]_i_3_n_0.  Re-placed instance rv32im72f_7sp/id_ex_register/divisor_latch[3]_i_3
INFO: [Physopt 32-662] Processed net rv32im72f_7sp/data_memory/mmio_uart_status_hit_reg_reg_32.  Did not re-place instance rv32im72f_7sp/data_memory/WB_forward_data_value[3]_i_2
INFO: [Physopt 32-662] Processed net rv32im72f_7sp/ex_ex2_register/dividend_reg[14]_i_2_n_0.  Did not re-place instance rv32im72f_7sp/ex_ex2_register/dividend_reg[14]_i_2
INFO: [Physopt 32-662] Processed net rv32im72f_7sp/forward_unit/WB_forward_data_value_reg[25].  Did not re-place instance rv32im72f_7sp/forward_unit/dividend_reg[25]_i_2
INFO: [Physopt 32-662] Processed net rv32im72f_7sp/id_ex_register/EX2_alu_result[18]_i_3_n_0.  Did not re-place instance rv32im72f_7sp/id_ex_register/EX2_alu_result[18]_i_3
INFO: [Physopt 32-662] Processed net rv32im72f_7sp/id_ex_register/EX2_alu_result[23]_i_3_n_0.  Did not re-place instance rv32im72f_7sp/id_ex_register/EX2_alu_result[23]_i_3
INFO: [Physopt 32-662] Processed net rv32im72f_7sp/id_ex_register/EX2_alu_result[31]_i_7_0[18].  Did not re-place instance rv32im72f_7sp/id_ex_register/EX2_alu_result[18]_i_1
INFO: [Physopt 32-662] Processed net rv32im72f_7sp/id_ex_register/EX2_alu_result[31]_i_7_0[23].  Did not re-place instance rv32im72f_7sp/id_ex_register/EX2_alu_result[23]_i_1
INFO: [Physopt 32-662] Processed net rv32im72f_7sp/id_ex_register/retire_forward_data_value_reg[14][2].  Did not re-place instance rv32im72f_7sp/id_ex_register/EX2_alu_result[15]_i_14
INFO: [Physopt 32-662] Processed net rv32im72f_7sp/ex_ex2_register/Q[23].  Did not re-place instance rv32im72f_7sp/ex_ex2_register/EX2_alu_result_reg[23]
INFO: [Physopt 32-662] Processed net rv32im72f_7sp/ex_ex2_register/Q[18].  Did not re-place instance rv32im72f_7sp/ex_ex2_register/EX2_alu_result_reg[18]
INFO: [Physopt 32-662] Processed net rv32im72f_7sp/ex_ex2_register/retire_forward_data_value_reg[1]_31.  Did not re-place instance rv32im72f_7sp/ex_ex2_register/EX2_alu_result[28]_i_7
INFO: [Physopt 32-662] Processed net rv32im72f_7sp/ex_ex2_register/src_A[12].  Did not re-place instance rv32im72f_7sp/ex_ex2_register/dividend_reg[12]_i_1
INFO: [Physopt 32-662] Processed net rv32im72f_7sp/forward_unit/MEM_non_load_forward_data_reg[31]_0[12].  Did not re-place instance rv32im72f_7sp/forward_unit/WB_forward_data_value[12]_i_1
INFO: [Physopt 32-662] Processed net rv32im72f_7sp/ex_ex2_register/dividend_reg[12]_i_2_n_0.  Did not re-place instance rv32im72f_7sp/ex_ex2_register/dividend_reg[12]_i_2
INFO: [Physopt 32-662] Processed net rv32im72f_7sp/id_ex_register/retire_forward_data_value_reg[14][0].  Did not re-place instance rv32im72f_7sp/id_ex_register/EX2_alu_result[15]_i_16
INFO: [Physopt 32-662] Processed net rv32im72f_7sp/id_ex_register/src_B[7].  Did not re-place instance rv32im72f_7sp/id_ex_register/divisor_latch[7]_i_1
INFO: [Physopt 32-662] Processed net rv32im72f_7sp/ex_mem_register/MEM_alu_result_reg[1]_5.  Did not re-place instance rv32im72f_7sp/ex_mem_register/WB_forward_data_value[7]_i_2
INFO: [Physopt 32-662] Processed net rv32im72f_7sp/forward_unit/MEM_non_load_forward_data_reg[31]_0[7].  Did not re-place instance rv32im72f_7sp/forward_unit/WB_forward_data_value[7]_i_1
INFO: [Physopt 32-662] Processed net rv32im72f_7sp/ex_ex2_register/retire_forward_data_value_reg[7][3].  Did not re-place instance rv32im72f_7sp/ex_ex2_register/i__carry__0_i_1__0
INFO: [Physopt 32-662] Processed net rv32im72f_7sp/id_ex_register/divisor_latch[7]_i_3_n_0.  Did not re-place instance rv32im72f_7sp/id_ex_register/divisor_latch[7]_i_3
INFO: [Physopt 32-662] Processed net rv32im72f_7sp/data_memory/MEM_alu_result_reg[1]_0.  Did not re-place instance rv32im72f_7sp/data_memory/WB_forward_data_value[7]_i_4
INFO: [Physopt 32-662] Processed net rv32im72f_7sp/ex_ex2_register/retire_forward_data_value_reg[15][0].  Did not re-place instance rv32im72f_7sp/ex_ex2_register/i__carry__2_i_4__0
INFO: [Physopt 32-662] Processed net rv32im72f_7sp/ex_ex2_register/src_A[15].  Did not re-place instance rv32im72f_7sp/ex_ex2_register/dividend_reg[15]_i_1
INFO: [Physopt 32-662] Processed net rv32im72f_7sp/ex_mem_register/WB_forward_data_value_reg[15]_1.  Did not re-place instance rv32im72f_7sp/ex_mem_register/dividend_reg[15]_i_2
INFO: [Physopt 32-662] Processed net rv32im72f_7sp/ex_ex2_register/EX2_alu_result[28]_i_12_n_0.  Did not re-place instance rv32im72f_7sp/ex_ex2_register/EX2_alu_result[28]_i_12
INFO: [Physopt 32-662] Processed net rv32im72f_7sp/ex_ex2_register/retire_forward_data_value_reg[1]_30.  Did not re-place instance rv32im72f_7sp/ex_ex2_register/EX2_alu_result[26]_i_8
INFO: [Physopt 32-662] Processed net rv32im72f_7sp/id_ex_register/EX2_alu_result[25]_i_3_n_0.  Did not re-place instance rv32im72f_7sp/id_ex_register/EX2_alu_result[25]_i_3
INFO: [Physopt 32-662] Processed net rv32im72f_7sp/id_ex_register/EX2_alu_result[31]_i_7_0[25].  Did not re-place instance rv32im72f_7sp/id_ex_register/EX2_alu_result[25]_i_1
INFO: [Physopt 32-662] Processed net rv32im72f_7sp/ex_ex2_register/Q[25].  Did not re-place instance rv32im72f_7sp/ex_ex2_register/EX2_alu_result_reg[25]
INFO: [Physopt 32-662] Processed net rv32im72f_7sp/ex_ex2_register/src_A[26].  Did not re-place instance rv32im72f_7sp/ex_ex2_register/dividend_reg[26]_i_1
INFO: [Physopt 32-662] Processed net rv32im72f_7sp/ex_ex2_register/EX2_alu_result[18]_i_15_n_0.  Did not re-place instance rv32im72f_7sp/ex_ex2_register/EX2_alu_result[18]_i_15
INFO: [Physopt 32-662] Processed net rv32im72f_7sp/ex_ex2_register/retire_forward_data_value_reg[1]_53.  Did not re-place instance rv32im72f_7sp/ex_ex2_register/EX2_alu_result[16]_i_10
INFO: [Physopt 32-662] Processed net rv32im72f_7sp/forward_unit/WB_forward_data_value_reg[26].  Did not re-place instance rv32im72f_7sp/forward_unit/dividend_reg[26]_i_2
INFO: [Physopt 32-662] Processed net rv32im72f_7sp/id_ex_register/EX2_alu_result[15]_i_4_n_0.  Did not re-place instance rv32im72f_7sp/id_ex_register/EX2_alu_result[15]_i_4
INFO: [Physopt 32-662] Processed net rv32im72f_7sp/id_ex_register/EX2_alu_result[31]_i_7_0[15].  Did not re-place instance rv32im72f_7sp/id_ex_register/EX2_alu_result[15]_i_1
INFO: [Physopt 32-662] Processed net rv32im72f_7sp/ex_ex2_register/Q[15].  Did not re-place instance rv32im72f_7sp/ex_ex2_register/EX2_alu_result_reg[15]
INFO: [Physopt 32-662] Processed net rv32im72f_7sp/id_ex_register/retire_forward_data_value_reg[13][1].  Did not re-place instance rv32im72f_7sp/id_ex_register/alu_result2_carry__0_i_7
INFO: [Physopt 32-662] Processed net rv32im72f_7sp/ex_ex2_register/EX2_alu_result[26]_i_13_n_0.  Did not re-place instance rv32im72f_7sp/ex_ex2_register/EX2_alu_result[26]_i_13
INFO: [Physopt 32-662] Processed net rv32im72f_7sp/ex_ex2_register/src_A[7].  Did not re-place instance rv32im72f_7sp/ex_ex2_register/dividend_reg[7]_i_1
INFO: [Physopt 32-662] Processed net rv32im72f_7sp/ex_ex2_register/EX2_alu_result[22]_i_12_n_0.  Did not re-place instance rv32im72f_7sp/ex_ex2_register/EX2_alu_result[22]_i_12
INFO: [Physopt 32-662] Processed net rv32im72f_7sp/ex_ex2_register/retire_forward_data_value_reg[1]_4.  Did not re-place instance rv32im72f_7sp/ex_ex2_register/EX2_alu_result[22]_i_7
INFO: [Physopt 32-662] Processed net rv32im72f_7sp/ex_ex2_register/EX2_alu_result[22]_i_16_n_0.  Did not re-place instance rv32im72f_7sp/ex_ex2_register/EX2_alu_result[22]_i_16
INFO: [Physopt 32-662] Processed net rv32im72f_7sp/ex_mem_register/WB_forward_data_value_reg[7]_1.  Did not re-place instance rv32im72f_7sp/ex_mem_register/dividend_reg[7]_i_2
INFO: [Physopt 32-662] Processed net rv32im72f_7sp/id_ex_register/EX2_alu_result[22]_i_3_n_0.  Did not re-place instance rv32im72f_7sp/id_ex_register/EX2_alu_result[22]_i_3
INFO: [Physopt 32-662] Processed net rv32im72f_7sp/id_ex_register/EX2_alu_result[31]_i_7_0[22].  Did not re-place instance rv32im72f_7sp/id_ex_register/EX2_alu_result[22]_i_1
INFO: [Physopt 32-662] Processed net rv32im72f_7sp/ex_ex2_register/Q[22].  Did not re-place instance rv32im72f_7sp/ex_ex2_register/EX2_alu_result_reg[22]
INFO: [Physopt 32-662] Processed net rv32im72f_7sp/id_ex_register/EX2_alu_result[29]_i_3_n_0.  Did not re-place instance rv32im72f_7sp/id_ex_register/EX2_alu_result[29]_i_3
INFO: [Physopt 32-662] Processed net rv32im72f_7sp/id_ex_register/EX2_alu_result[31]_i_7_0[29].  Did not re-place instance rv32im72f_7sp/id_ex_register/EX2_alu_result[29]_i_1
INFO: [Physopt 32-662] Processed net rv32im72f_7sp/ex_ex2_register/Q[29].  Did not re-place instance rv32im72f_7sp/ex_ex2_register/EX2_alu_result_reg[29]
INFO: [Physopt 32-662] Processed net rv32im72f_7sp/id_ex_register/src_B[10].  Did not re-place instance rv32im72f_7sp/id_ex_register/divisor_latch[10]_i_1
INFO: [Physopt 32-662] Processed net rv32im72f_7sp/ex_ex2_register/retire_forward_data_value_reg[1]_35.  Did not re-place instance rv32im72f_7sp/ex_ex2_register/EX2_alu_result[24]_i_7
INFO: [Physopt 32-662] Processed net rv32im72f_7sp/id_ex_register/divisor_latch[10]_i_3_n_0.  Did not re-place instance rv32im72f_7sp/id_ex_register/divisor_latch[10]_i_3
INFO: [Physopt 32-662] Processed net rv32im72f_7sp/data_memory/mmio_uart_status_hit_reg_reg_38.  Did not re-place instance rv32im72f_7sp/data_memory/WB_forward_data_value[3]_i_4
INFO: [Physopt 32-662] Processed net rv32im72f_7sp/id_ex_register/EX2_alu_result[15]_i_2_n_0.  Did not re-place instance rv32im72f_7sp/id_ex_register/EX2_alu_result[15]_i_2
INFO: [Physopt 32-662] Processed net rv32im72f_7sp/id_ex_register/EX2_alu_result[18]_i_12_n_0.  Did not re-place instance rv32im72f_7sp/id_ex_register/EX2_alu_result[18]_i_12
INFO: [Physopt 32-662] Processed net rv32im72f_7sp/id_ex_register/EX2_alu_result[18]_i_7_n_0.  Did not re-place instance rv32im72f_7sp/id_ex_register/EX2_alu_result[18]_i_7
INFO: [Physopt 32-662] Processed net rv32im72f_7sp/ex_ex2_register/EX2_alu_result[31]_i_27_n_0.  Did not re-place instance rv32im72f_7sp/ex_ex2_register/EX2_alu_result[31]_i_27
INFO: [Physopt 32-662] Processed net rv32im72f_7sp/ex_ex2_register/retire_forward_data_value_reg[1]_29.  Did not re-place instance rv32im72f_7sp/ex_ex2_register/EX2_alu_result[31]_i_14
INFO: [Physopt 32-662] Processed net rv32im72f_7sp/ex_ex2_register/EX2_alu_result[19]_i_18_n_0.  Did not re-place instance rv32im72f_7sp/ex_ex2_register/EX2_alu_result[19]_i_18
INFO: [Physopt 32-663] Processed net rv32im72f_7sp/ex_ex2_register/retire_forward_data_value_reg[1]_24.  Re-placed instance rv32im72f_7sp/ex_ex2_register/EX2_alu_result[17]_i_8
INFO: [Physopt 32-662] Processed net rv32im72f_7sp/id_ex_register/EX2_alu_result[16]_i_3_n_0.  Did not re-place instance rv32im72f_7sp/id_ex_register/EX2_alu_result[16]_i_3
INFO: [Physopt 32-662] Processed net rv32im72f_7sp/id_ex_register/EX2_alu_result[31]_i_7_0[16].  Did not re-place instance rv32im72f_7sp/id_ex_register/EX2_alu_result[16]_i_1
INFO: [Physopt 32-662] Processed net rv32im72f_7sp/ex_ex2_register/Q[16].  Did not re-place instance rv32im72f_7sp/ex_ex2_register/EX2_alu_result_reg[16]
INFO: [Physopt 32-662] Processed net rv32im72f_7sp/ex_ex2_register/EX2_alu_result[7]_i_14_n_0.  Did not re-place instance rv32im72f_7sp/ex_ex2_register/EX2_alu_result[7]_i_14
INFO: [Physopt 32-663] Processed net rv32im72f_7sp/id_ex_register/EX2_alu_result[26]_i_12_n_0.  Re-placed instance rv32im72f_7sp/id_ex_register/EX2_alu_result[26]_i_12
INFO: [Physopt 32-662] Processed net rv32im72f_7sp/id_ex_register/EX2_alu_result[26]_i_7_n_0.  Did not re-place instance rv32im72f_7sp/id_ex_register/EX2_alu_result[26]_i_7
INFO: [Physopt 32-662] Processed net rv32im72f_7sp/id_ex_register/src_B[18].  Did not re-place instance rv32im72f_7sp/id_ex_register/divisor_latch[18]_i_1
INFO: [Physopt 32-662] Processed net rv32im72f_7sp/forward_unit/MEM_non_load_forward_data_reg[31]_0[18].  Did not re-place instance rv32im72f_7sp/forward_unit/WB_forward_data_value[18]_i_1
INFO: [Physopt 32-662] Processed net rv32im72f_7sp/ex_ex2_register/EX2_alu_result[19]_i_14_n_0.  Did not re-place instance rv32im72f_7sp/ex_ex2_register/EX2_alu_result[19]_i_14
INFO: [Physopt 32-662] Processed net rv32im72f_7sp/id_ex_register/divisor_latch[18]_i_3_n_0.  Did not re-place instance rv32im72f_7sp/id_ex_register/divisor_latch[18]_i_3
INFO: [Physopt 32-662] Processed net rv32im72f_7sp/ex_ex2_register/EX2_alu_result[18]_i_14_n_0.  Did not re-place instance rv32im72f_7sp/ex_ex2_register/EX2_alu_result[18]_i_14
INFO: [Physopt 32-662] Processed net rv32im72f_7sp/ex_ex2_register/retire_forward_data_value_reg[1]_21.  Did not re-place instance rv32im72f_7sp/ex_ex2_register/EX2_alu_result[16]_i_8
INFO: [Physopt 32-662] Processed net rv32im72f_7sp/id_ex_register/EX2_alu_result[15]_i_3_n_0.  Did not re-place instance rv32im72f_7sp/id_ex_register/EX2_alu_result[15]_i_3
INFO: [Physopt 32-662] Processed net rv32im72f_7sp/ex_ex2_register/retire_forward_data_value_reg[1].  Did not re-place instance rv32im72f_7sp/ex_ex2_register/EX2_alu_result[13]_i_7
INFO: [Physopt 32-662] Processed net rv32im72f_7sp/id_ex_register/EX2_alu_result[12]_i_3_n_0.  Did not re-place instance rv32im72f_7sp/id_ex_register/EX2_alu_result[12]_i_3
INFO: [Physopt 32-662] Processed net rv32im72f_7sp/id_ex_register/EX2_alu_result[31]_i_7_0[12].  Did not re-place instance rv32im72f_7sp/id_ex_register/EX2_alu_result[12]_i_1
INFO: [Physopt 32-662] Processed net rv32im72f_7sp/ex_ex2_register/Q[12].  Did not re-place instance rv32im72f_7sp/ex_ex2_register/EX2_alu_result_reg[12]
INFO: [Physopt 32-662] Processed net rv32im72f_7sp/ex_ex2_register/EX2_alu_result[25]_i_12_n_0.  Did not re-place instance rv32im72f_7sp/ex_ex2_register/EX2_alu_result[25]_i_12
INFO: [Physopt 32-662] Processed net rv32im72f_7sp/ex_ex2_register/retire_forward_data_value_reg[1]_26.  Did not re-place instance rv32im72f_7sp/ex_ex2_register/EX2_alu_result[25]_i_7
INFO: [Physopt 32-662] Processed net rv32im72f_7sp/id_ex_register/retire_forward_data_value_reg[23][1].  Did not re-place instance rv32im72f_7sp/id_ex_register/alu_result2_carry__1_i_7
INFO: [Physopt 32-662] Processed net rv32im72f_7sp/id_ex_register/src_B[20].  Did not re-place instance rv32im72f_7sp/id_ex_register/divisor_latch[20]_i_1
INFO: [Physopt 32-662] Processed net rv32im72f_7sp/forward_unit/MEM_non_load_forward_data_reg[31]_0[20].  Did not re-place instance rv32im72f_7sp/forward_unit/WB_forward_data_value[20]_i_1
INFO: [Physopt 32-662] Processed net rv32im72f_7sp/ex_ex2_register/EX2_alu_result[23]_i_17_n_0.  Did not re-place instance rv32im72f_7sp/ex_ex2_register/EX2_alu_result[23]_i_17
INFO: [Physopt 32-662] Processed net rv32im72f_7sp/id_ex_register/divisor_latch[20]_i_3_n_0.  Did not re-place instance rv32im72f_7sp/id_ex_register/divisor_latch[20]_i_3
INFO: [Physopt 32-662] Processed net rv32im72f_7sp/id_ex_register/src_B[14].  Did not re-place instance rv32im72f_7sp/id_ex_register/divisor_latch[14]_i_1
INFO: [Physopt 32-662] Processed net rv32im72f_7sp/id_ex_register/divisor_latch[14]_i_2_n_0.  Did not re-place instance rv32im72f_7sp/id_ex_register/divisor_latch[14]_i_2
INFO: [Physopt 32-662] Processed net rv32im72f_7sp/id_ex_register/retire_forward_data_value_reg[14]_1[1].  Did not re-place instance rv32im72f_7sp/id_ex_register/alu_result2_carry__0_i_3
INFO: [Physopt 32-662] Processed net rv32im72f_7sp/ex_ex2_register/retire_forward_data_value_reg[19][3].  Did not re-place instance rv32im72f_7sp/ex_ex2_register/i__carry__3_i_1
INFO: [Physopt 32-663] Processed net rv32im72f_7sp/id_ex_register/EX2_alu_result[23]_i_10_n_0.  Re-placed instance rv32im72f_7sp/id_ex_register/EX2_alu_result[23]_i_10
INFO: [Physopt 32-662] Processed net rv32im72f_7sp/id_ex_register/EX2_alu_result[23]_i_4_n_0.  Did not re-place instance rv32im72f_7sp/id_ex_register/EX2_alu_result[23]_i_4
INFO: [Physopt 32-662] Processed net rv32im72f_7sp/id_ex_register/S[2].  Did not re-place instance rv32im72f_7sp/id_ex_register/EX2_alu_result[3]_i_13
INFO: [Physopt 32-661] Optimized 6 nets.  Re-placed 6 instances.
INFO: [Physopt 32-775] End 1 Pass. Optimized 6 nets or cells. Created 0 new cell, deleted 0 existing cell and moved 6 existing cells
INFO: [Physopt 32-619] Estimated Timing Summary | WNS=-0.126 | TNS=-0.126 |
Netlist sorting complete. Time (s): cpu = 00:00:00.01 ; elapsed = 00:00:00 . Memory (MB): peak = 3132.672 ; gain = 0.000 ; free physical = 11397 ; free virtual = 28290
Phase 15 Single Cell Placement Optimization | Checksum: 2496a0a62

Time (s): cpu = 00:04:01 ; elapsed = 00:00:26 . Memory (MB): peak = 3132.672 ; gain = 0.000 ; free physical = 11397 ; free virtual = 28290

Phase 16 Multi Cell Placement Optimization
INFO: [Physopt 32-660] Identified 100 candidate nets for placement-based optimization.
INFO: [Physopt 32-662] Processed net rv32im72f_7sp/data_memory/MEM_alu_result_reg[0].  Did not re-place instance rv32im72f_7sp/data_memory/WB_forward_data_value[14]_i_3/O
INFO: [Physopt 32-662] Processed net rv32im72f_7sp/ex_ex2_register/src_A[8].  Did not re-place instance rv32im72f_7sp/ex_ex2_register/dividend_reg[8]_i_1/O
INFO: [Physopt 32-662] Processed net rv32im72f_7sp/data_memory/data_memory_read_data_muxed[19].  Did not re-place instance rv32im72f_7sp/data_memory/WB_forward_data_value[31]_i_7/O
INFO: [Physopt 32-662] Processed net rv32im72f_7sp/forward_unit/MEM_non_load_forward_data_reg[31]_0[8].  Did not re-place instance rv32im72f_7sp/forward_unit/WB_forward_data_value[8]_i_1/O
INFO: [Physopt 32-662] Processed net rv32im72f_7sp/ex_ex2_register/dividend_reg[8]_i_2_n_0.  Did not re-place instance rv32im72f_7sp/ex_ex2_register/dividend_reg[8]_i_2/O
INFO: [Physopt 32-662] Processed net rv32im72f_7sp/ex_ex2_register/EX2_alu_result[30]_i_10.  Did not re-place instance rv32im72f_7sp/ex_ex2_register/EX2_alu_result[31]_i_19/O
INFO: [Physopt 32-662] Processed net rv32im72f_7sp/id_ex_register/EX2_alu_result[31]_i_2_n_0.  Did not re-place instance rv32im72f_7sp/id_ex_register/EX2_alu_result[31]_i_2/O
INFO: [Physopt 32-662] Processed net rv32im72f_7sp/id_ex_register/EX2_alu_result[31]_i_7_0[31].  Did not re-place instance rv32im72f_7sp/id_ex_register/EX2_alu_result[31]_i_1/O
INFO: [Physopt 32-662] Processed net rv32im72f_7sp/id_ex_register/EX2_alu_result[31]_i_8_n_0.  Did not re-place instance rv32im72f_7sp/id_ex_register/EX2_alu_result[31]_i_8/O
INFO: [Physopt 32-662] Processed net rv32im72f_7sp/data_memory/data_memory_read_data_muxed[3].  Did not re-place instance rv32im72f_7sp/data_memory/WB_forward_data_value[31]_i_6/O
INFO: [Physopt 32-662] Processed net rv32im72f_7sp/ex_ex2_register/src_A[9].  Did not re-place instance rv32im72f_7sp/ex_ex2_register/dividend_reg[9]_i_1/O
INFO: [Physopt 32-662] Processed net rv32im72f_7sp/forward_unit/MEM_non_load_forward_data_reg[31]_0[9].  Did not re-place instance rv32im72f_7sp/forward_unit/WB_forward_data_value[9]_i_1/O
INFO: [Physopt 32-662] Processed net rv32im72f_7sp/ex_ex2_register/dividend_reg[9]_i_2_n_0.  Did not re-place instance rv32im72f_7sp/ex_ex2_register/dividend_reg[9]_i_2/O
INFO: [Physopt 32-662] Processed net rv32im72f_7sp/ex_ex2_register/src_A[10].  Did not re-place instance rv32im72f_7sp/ex_ex2_register/dividend_reg[10]_i_1/O
INFO: [Physopt 32-662] Processed net rv32im72f_7sp/forward_unit/MEM_non_load_forward_data_reg[31]_0[10].  Did not re-place instance rv32im72f_7sp/forward_unit/WB_forward_data_value[10]_i_1/O
INFO: [Physopt 32-662] Processed net rv32im72f_7sp/ex_ex2_register/dividend_reg[10]_i_2_n_0.  Did not re-place instance rv32im72f_7sp/ex_ex2_register/dividend_reg[10]_i_2/O
INFO: [Physopt 32-662] Processed net rv32im72f_7sp/data_memory/data_memory_read_data_muxed[11].  Did not re-place instance rv32im72f_7sp/data_memory/WB_forward_data_value[23]_i_8/O
INFO: [Physopt 32-662] Processed net rv32im72f_7sp/ex_ex2_register/src_A[13].  Did not re-place instance rv32im72f_7sp/ex_ex2_register/dividend_reg[13]_i_1/O
INFO: [Physopt 32-662] Processed net rv32im72f_7sp/forward_unit/MEM_non_load_forward_data_reg[31]_0[13].  Did not re-place instance rv32im72f_7sp/forward_unit/WB_forward_data_value[13]_i_1/O
INFO: [Physopt 32-662] Processed net rv32im72f_7sp/ex_ex2_register/dividend_reg[13]_i_2_n_0.  Did not re-place instance rv32im72f_7sp/ex_ex2_register/dividend_reg[13]_i_2/O
INFO: [Physopt 32-662] Processed net rv32im72f_7sp/ex_ex2_register/src_A[11].  Did not re-place instance rv32im72f_7sp/ex_ex2_register/dividend_reg[11]_i_1/O
INFO: [Physopt 32-662] Processed net rv32im72f_7sp/forward_unit/MEM_non_load_forward_data_reg[31]_0[11].  Did not re-place instance rv32im72f_7sp/forward_unit/WB_forward_data_value[11]_i_1/O
INFO: [Physopt 32-662] Processed net rv32im72f_7sp/ex_ex2_register/dividend_reg[11]_i_2_n_0.  Did not re-place instance rv32im72f_7sp/ex_ex2_register/dividend_reg[11]_i_2/O
INFO: [Physopt 32-661] Optimized 0 net.  Re-placed 0 instance.
INFO: [Physopt 32-775] End 1 Pass. Optimized 0 net or cell. Created 0 new cell, deleted 0 existing cell and moved 0 existing cell
Netlist sorting complete. Time (s): cpu = 00:00:00 ; elapsed = 00:00:00 . Memory (MB): peak = 3132.672 ; gain = 0.000 ; free physical = 11399 ; free virtual = 28290
Phase 16 Multi Cell Placement Optimization | Checksum: 21accbca1

Time (s): cpu = 00:04:19 ; elapsed = 00:00:28 . Memory (MB): peak = 3132.672 ; gain = 0.000 ; free physical = 11399 ; free virtual = 28290

Phase 17 Rewire
INFO: [Physopt 32-246] Starting Signal Push optimization...
INFO: [Physopt 32-241] No nets found for rewiring () optimization.
INFO: [Physopt 32-232] Optimized 0 net. Created 0 new instance.
INFO: [Physopt 32-775] End 1 Pass. Optimized 0 net or cell. Created 0 new cell, deleted 0 existing cell and moved 0 existing cell
Netlist sorting complete. Time (s): cpu = 00:00:00 ; elapsed = 00:00:00 . Memory (MB): peak = 3132.672 ; gain = 0.000 ; free physical = 11399 ; free virtual = 28290
Phase 17 Rewire | Checksum: 21accbca1

Time (s): cpu = 00:04:19 ; elapsed = 00:00:28 . Memory (MB): peak = 3132.672 ; gain = 0.000 ; free physical = 11399 ; free virtual = 28290

Phase 18 Critical Cell Optimization
INFO: [Physopt 32-46] Identified 30 candidate nets for critical-cell optimization.
INFO: [Physopt 32-571] Net rv32im72f_7sp/id_ex_register/src_B[0] was not replicated.
INFO: [Physopt 32-571] Net rv32im72f_7sp/forward_unit/MEM_non_load_forward_data_reg[31]_0[0] was not replicated.
INFO: [Physopt 32-571] Net rv32im72f_7sp/ex_ex2_register/EX2_alu_result[31]_i_23_n_0 was not replicated.
INFO: [Physopt 32-571] Net rv32im72f_7sp/ex_ex2_register/retire_forward_data_value_reg[1]_32 was not replicated.
INFO: [Physopt 32-571] Net rv32im72f_7sp/ex_ex2_register/retire_forward_data_value_reg[1]_28 was not replicated.
INFO: [Physopt 32-571] Net rv32im72f_7sp/ex_ex2_register/EX2_alu_result[15]_i_17_n_0 was not replicated.
INFO: [Physopt 32-571] Net rv32im72f_7sp/ex_ex2_register/retire_forward_data_value_reg[1]_44 was not replicated.
INFO: [Physopt 32-571] Net rv32im72f_7sp/ex_ex2_register/EX2_alu_result[21]_i_13_n_0 was not replicated.
INFO: [Physopt 32-571] Net rv32im72f_7sp/ex_ex2_register/retire_forward_data_value_reg[1]_3 was not replicated.
INFO: [Physopt 32-571] Net rv32im72f_7sp/ex_ex2_register/retire_forward_data_value_reg[1]_31 was not replicated.
INFO: [Physopt 32-571] Net rv32im72f_7sp/ex_ex2_register/src_A[12] was not replicated.
INFO: [Physopt 32-571] Net rv32im72f_7sp/id_ex_register/src_B[7] was not replicated.
INFO: [Physopt 32-571] Net rv32im72f_7sp/ex_mem_register/MEM_alu_result_reg[1]_5 was not replicated.
INFO: [Physopt 32-571] Net rv32im72f_7sp/forward_unit/MEM_non_load_forward_data_reg[31]_0[7] was not replicated.
INFO: [Physopt 32-571] Net rv32im72f_7sp/data_memory/MEM_alu_result_reg[1]_0 was not replicated.
INFO: [Physopt 32-571] Net rv32im72f_7sp/ex_ex2_register/src_A[15] was not replicated.
INFO: [Physopt 32-571] Net rv32im72f_7sp/ex_ex2_register/EX2_alu_result[28]_i_12_n_0 was not replicated.
INFO: [Physopt 32-571] Net rv32im72f_7sp/ex_ex2_register/retire_forward_data_value_reg[1]_30 was not replicated.
INFO: [Physopt 32-571] Net rv32im72f_7sp/ex_ex2_register/src_A[26] was not replicated.
INFO: [Physopt 32-571] Net rv32im72f_7sp/ex_ex2_register/EX2_alu_result[18]_i_15_n_0 was not replicated.
INFO: [Physopt 32-571] Net rv32im72f_7sp/ex_ex2_register/retire_forward_data_value_reg[1]_53 was not replicated.
INFO: [Physopt 32-571] Net rv32im72f_7sp/ex_ex2_register/EX2_alu_result[26]_i_13_n_0 was not replicated.
INFO: [Physopt 32-571] Net rv32im72f_7sp/ex_ex2_register/src_A[7] was not replicated.
INFO: [Physopt 32-571] Net rv32im72f_7sp/ex_ex2_register/EX2_alu_result[22]_i_12_n_0 was not replicated.
INFO: [Physopt 32-571] Net rv32im72f_7sp/id_ex_register/src_B[10] was not replicated.
INFO: [Physopt 32-232] Optimized 0 net. Created 0 new instance.
INFO: [Physopt 32-775] End 1 Pass. Optimized 0 net or cell. Created 0 new cell, deleted 0 existing cell and moved 0 existing cell
Phase 18 Critical Cell Optimization | Checksum: 21accbca1

Time (s): cpu = 00:04:19 ; elapsed = 00:00:28 . Memory (MB): peak = 3132.672 ; gain = 0.000 ; free physical = 11399 ; free virtual = 28290

Phase 19 DSP Register Optimization
INFO: [Physopt 32-456] No candidate cells for DSP register optimization found in the design.
INFO: [Physopt 32-775] End 1 Pass. Optimized 0 net or cell. Created 0 new cell, deleted 0 existing cell and moved 0 existing cell
Phase 19 DSP Register Optimization | Checksum: 21accbca1

Time (s): cpu = 00:04:19 ; elapsed = 00:00:28 . Memory (MB): peak = 3132.672 ; gain = 0.000 ; free physical = 11399 ; free virtual = 28290

Phase 20 BRAM Register Optimization
INFO: [Physopt 32-526] No candidate cells for BRAM register optimization found in the design
INFO: [Physopt 32-775] End 1 Pass. Optimized 0 net or cell. Created 0 new cell, deleted 0 existing cell and moved 0 existing cell
Phase 20 BRAM Register Optimization | Checksum: 21accbca1

Time (s): cpu = 00:04:19 ; elapsed = 00:00:28 . Memory (MB): peak = 3132.672 ; gain = 0.000 ; free physical = 11399 ; free virtual = 28290

Phase 21 URAM Register Optimization
INFO: [Physopt 32-846] No candidate cells for URAM register optimization found in the design
INFO: [Physopt 32-775] End 1 Pass. Optimized 0 net or cell. Created 0 new cell, deleted 0 existing cell and moved 0 existing cell
INFO: [Physopt 32-846] No candidate cells for URAM register optimization found in the design
INFO: [Physopt 32-775] End 1 Pass. Optimized 0 net or cell. Created 0 new cell, deleted 0 existing cell and moved 0 existing cell
Phase 21 URAM Register Optimization | Checksum: 21accbca1

Time (s): cpu = 00:04:19 ; elapsed = 00:00:28 . Memory (MB): peak = 3132.672 ; gain = 0.000 ; free physical = 11399 ; free virtual = 28290

Phase 22 Shift Register Optimization
INFO: [Physopt 32-1401] No candidate cells found for Shift Register optimization.
INFO: [Physopt 32-677] No candidate cells for Shift Register optimization found in the design
INFO: [Physopt 32-775] End 1 Pass. Optimized 0 net or cell. Created 0 new cell, deleted 0 existing cell and moved 0 existing cell
Phase 22 Shift Register Optimization | Checksum: 21accbca1

Time (s): cpu = 00:04:19 ; elapsed = 00:00:28 . Memory (MB): peak = 3132.672 ; gain = 0.000 ; free physical = 11399 ; free virtual = 28290

Phase 23 DSP Register Optimization
INFO: [Physopt 32-456] No candidate cells for DSP register optimization found in the design.
INFO: [Physopt 32-775] End 1 Pass. Optimized 0 net or cell. Created 0 new cell, deleted 0 existing cell and moved 0 existing cell
Phase 23 DSP Register Optimization | Checksum: 21accbca1

Time (s): cpu = 00:04:19 ; elapsed = 00:00:28 . Memory (MB): peak = 3132.672 ; gain = 0.000 ; free physical = 11399 ; free virtual = 28290

Phase 24 BRAM Register Optimization
INFO: [Physopt 32-526] No candidate cells for BRAM register optimization found in the design
INFO: [Physopt 32-775] End 1 Pass. Optimized 0 net or cell. Created 0 new cell, deleted 0 existing cell and moved 0 existing cell
Phase 24 BRAM Register Optimization | Checksum: 21accbca1

Time (s): cpu = 00:04:19 ; elapsed = 00:00:28 . Memory (MB): peak = 3132.672 ; gain = 0.000 ; free physical = 11399 ; free virtual = 28290

Phase 25 URAM Register Optimization
INFO: [Physopt 32-846] No candidate cells for URAM register optimization found in the design
INFO: [Physopt 32-775] End 1 Pass. Optimized 0 net or cell. Created 0 new cell, deleted 0 existing cell and moved 0 existing cell
INFO: [Physopt 32-846] No candidate cells for URAM register optimization found in the design
INFO: [Physopt 32-775] End 1 Pass. Optimized 0 net or cell. Created 0 new cell, deleted 0 existing cell and moved 0 existing cell
Phase 25 URAM Register Optimization | Checksum: 21accbca1

Time (s): cpu = 00:04:19 ; elapsed = 00:00:28 . Memory (MB): peak = 3132.672 ; gain = 0.000 ; free physical = 11399 ; free virtual = 28290

Phase 26 Shift Register Optimization
INFO: [Physopt 32-1401] No candidate cells found for Shift Register optimization.
INFO: [Physopt 32-677] No candidate cells for Shift Register optimization found in the design
INFO: [Physopt 32-775] End 1 Pass. Optimized 0 net or cell. Created 0 new cell, deleted 0 existing cell and moved 0 existing cell
Phase 26 Shift Register Optimization | Checksum: 21accbca1

Time (s): cpu = 00:04:19 ; elapsed = 00:00:28 . Memory (MB): peak = 3132.672 ; gain = 0.000 ; free physical = 11399 ; free virtual = 28290

Phase 27 Critical Pin Optimization
INFO: [Physopt 32-606] Identified 100 candidate nets for critical-pin optimization.
INFO: [Physopt 32-608] Optimized 58 nets.  Swapped 1197 pins.
INFO: [Physopt 32-775] End 1 Pass. Optimized 58 nets or cells. Created 0 new cell, deleted 0 existing cell and moved 1197 existing cells
INFO: [Physopt 32-619] Estimated Timing Summary | WNS=0.208 | TNS=0.000 |
Netlist sorting complete. Time (s): cpu = 00:00:00 ; elapsed = 00:00:00 . Memory (MB): peak = 3132.672 ; gain = 0.000 ; free physical = 11399 ; free virtual = 28290
Phase 27 Critical Pin Optimization | Checksum: 21accbca1

Time (s): cpu = 00:04:20 ; elapsed = 00:00:29 . Memory (MB): peak = 3132.672 ; gain = 0.000 ; free physical = 11399 ; free virtual = 28290

Phase 28 Very High Fanout Optimization
INFO: [Physopt 32-1408] Pass 1. Identified 5 candidate nets for high-fanout optimization.
INFO: [Physopt 32-572] Net internal_reset was not replicated.
Resolution: phys_opt_design can be forced to replicate a net driver using the option -force_replication_on_nets <list of net objects>.
INFO: [Physopt 32-81] Processed net rv32im72f_7sp/exception_detector/mmio_uart_status_hit_reg0. Replicated 1 times.
INFO: [Physopt 32-232] Optimized 1 net. Created 1 new instance.
INFO: [Physopt 32-775] End 1 Pass. Optimized 1 net or cell. Created 1 new cell, deleted 0 existing cell and moved 0 existing cell
INFO: [Physopt 32-619] Estimated Timing Summary | WNS=0.208 | TNS=0.000 |
Netlist sorting complete. Time (s): cpu = 00:00:00.01 ; elapsed = 00:00:00.01 . Memory (MB): peak = 3132.672 ; gain = 0.000 ; free physical = 11399 ; free virtual = 28291
Phase 28 Very High Fanout Optimization | Checksum: 1f66b4226

Time (s): cpu = 00:04:27 ; elapsed = 00:00:30 . Memory (MB): peak = 3132.672 ; gain = 0.000 ; free physical = 11399 ; free virtual = 28291

Phase 29 Single Cell Placement Optimization
INFO: [Physopt 32-670] No setup violation found.  Single Cell Placement Optimization was not performed.
Netlist sorting complete. Time (s): cpu = 00:00:00 ; elapsed = 00:00:00 . Memory (MB): peak = 3132.672 ; gain = 0.000 ; free physical = 11399 ; free virtual = 28291
Phase 29 Single Cell Placement Optimization | Checksum: 1f66b4226

Time (s): cpu = 00:04:27 ; elapsed = 00:00:30 . Memory (MB): peak = 3132.672 ; gain = 0.000 ; free physical = 11399 ; free virtual = 28291

Phase 30 Multi Cell Placement Optimization
INFO: [Physopt 32-670] No setup violation found.  Multi Cell Placement Optimization was not performed.
Netlist sorting complete. Time (s): cpu = 00:00:00 ; elapsed = 00:00:00 . Memory (MB): peak = 3132.672 ; gain = 0.000 ; free physical = 11399 ; free virtual = 28291
Phase 30 Multi Cell Placement Optimization | Checksum: 1f66b4226

Time (s): cpu = 00:04:27 ; elapsed = 00:00:30 . Memory (MB): peak = 3132.672 ; gain = 0.000 ; free physical = 11399 ; free virtual = 28291

Phase 31 SLR Crossing Optimization
INFO: [Physopt 32-670] No setup violation found.  SLR Crossing Optimization was not performed.
Phase 31 SLR Crossing Optimization | Checksum: 1f66b4226

Time (s): cpu = 00:04:27 ; elapsed = 00:00:30 . Memory (MB): peak = 3132.672 ; gain = 0.000 ; free physical = 11399 ; free virtual = 28291

Phase 32 Critical Path Optimization
INFO: [Physopt 32-619] Estimated Timing Summary | WNS=0.208 | TNS=0.000 |
INFO: [Physopt 32-619] Estimated Timing Summary | WNS=0.208 | TNS=0.000 |
Netlist sorting complete. Time (s): cpu = 00:00:00 ; elapsed = 00:00:00 . Memory (MB): peak = 3132.672 ; gain = 0.000 ; free physical = 11399 ; free virtual = 28291
Phase 32 Critical Path Optimization | Checksum: 1f66b4226

Time (s): cpu = 00:04:27 ; elapsed = 00:00:30 . Memory (MB): peak = 3132.672 ; gain = 0.000 ; free physical = 11399 ; free virtual = 28291

Phase 33 BRAM Enable Optimization
Phase 33 BRAM Enable Optimization | Checksum: 1f66b4226

Time (s): cpu = 00:04:27 ; elapsed = 00:00:30 . Memory (MB): peak = 3132.672 ; gain = 0.000 ; free physical = 11399 ; free virtual = 28291
INFO: [Physopt 32-960] Skip hold-fix as initial WHS does not violate hold threshold 250 ps
Netlist sorting complete. Time (s): cpu = 00:00:00 ; elapsed = 00:00:00 . Memory (MB): peak = 3132.672 ; gain = 0.000 ; free physical = 11399 ; free virtual = 28291
INFO: [Physopt 32-603] Post Physical Optimization Timing Summary | WNS=0.208 | TNS=0.000 |

Summary of Physical Synthesis Optimizations
============================================


----------------------------------------------------------------------------------------------------------------------------------------------------------------------
|  Optimization            |  WNS Gain (ns)  |  TNS Gain (ns)  |  Added Cells  |  Removed Cells  |  Optimized Cells/Nets  |  Dont Touch  |  Iterations  |  Elapsed   |
----------------------------------------------------------------------------------------------------------------------------------------------------------------------
|  Fanout                  |          0.000  |          0.000  |            0  |              0  |                     0  |           0  |           3  |  00:00:00  |
|  Single Cell Placement   |          0.153  |          0.153  |            0  |              0  |                    89  |           0  |           3  |  00:00:20  |
|  Multi Cell Placement    |          0.000  |          0.059  |            0  |              0  |                     2  |           0  |           3  |  00:00:07  |
|  Rewire                  |          0.000  |          0.000  |            0  |              0  |                     0  |           0  |           3  |  00:00:00  |
|  Critical Cell           |          0.000  |         -0.054  |            1  |              0  |                     1  |           0  |           3  |  00:00:01  |
|  SLR Crossing            |          0.000  |          0.000  |            0  |              0  |                     0  |           0  |           2  |  00:00:00  |
|  DSP Register            |          0.000  |          0.000  |            0  |              0  |                     0  |           0  |           2  |  00:00:00  |
|  BRAM Register           |          0.000  |          0.000  |            0  |              0  |                     0  |           0  |           2  |  00:00:00  |
|  URAM Register           |          0.000  |          0.000  |            0  |              0  |                     0  |           0  |           2  |  00:00:00  |
|  Shift Register          |          0.000  |          0.000  |            0  |              0  |                     0  |           0  |           2  |  00:00:00  |
|  Critical Pin            |          0.334  |          0.126  |            0  |              0  |                    58  |           0  |           1  |  00:00:00  |
|  Very High Fanout        |          0.000  |          0.000  |            1  |              0  |                     1  |           0  |           1  |  00:00:01  |
|  BRAM Enable             |          0.000  |          0.000  |            0  |              0  |                     0  |           0  |           1  |  00:00:00  |
|  Critical Path           |          0.000  |          0.000  |            0  |              0  |                     0  |           0  |           1  |  00:00:00  |
|  Total                   |          0.487  |          0.284  |            2  |              0  |                   151  |           0  |          29  |  00:00:29  |
----------------------------------------------------------------------------------------------------------------------------------------------------------------------


Netlist sorting complete. Time (s): cpu = 00:00:00 ; elapsed = 00:00:00 . Memory (MB): peak = 3132.672 ; gain = 0.000 ; free physical = 11399 ; free virtual = 28291
Ending Physical Synthesis Task | Checksum: 29066c7a3

Time (s): cpu = 00:04:27 ; elapsed = 00:00:30 . Memory (MB): peak = 3132.672 ; gain = 0.000 ; free physical = 11399 ; free virtual = 28291
INFO: [Common 17-83] Releasing license: Implementation
1047 Infos, 0 Warnings, 0 Critical Warnings and 0 Errors encountered.
phys_opt_design completed successfully
phys_opt_design: Time (s): cpu = 00:04:30 ; elapsed = 00:00:30 . Memory (MB): peak = 3132.672 ; gain = 0.000 ; free physical = 11399 ; free virtual = 28291
INFO: [Timing 38-480] Writing timing data to binary archive.
Wrote PlaceDB: Time (s): cpu = 00:00:00 ; elapsed = 00:00:00 . Memory (MB): peak = 3132.672 ; gain = 0.000 ; free physical = 11399 ; free virtual = 28291
Wrote PulsedLatchDB: Time (s): cpu = 00:00:00 ; elapsed = 00:00:00 . Memory (MB): peak = 3132.672 ; gain = 0.000 ; free physical = 11399 ; free virtual = 28291
Writing XDEF routing.
Write ShapeDB Complete: Time (s): cpu = 00:00:00.01 ; elapsed = 00:00:00 . Memory (MB): peak = 3132.672 ; gain = 0.000 ; free physical = 11399 ; free virtual = 28291
Writing XDEF routing logical nets.
Writing XDEF routing special nets.
Wrote RouteStorage: Time (s): cpu = 00:00:00.04 ; elapsed = 00:00:00.01 . Memory (MB): peak = 3132.672 ; gain = 0.000 ; free physical = 11399 ; free virtual = 28291
Wrote PlaceStorage: Time (s): cpu = 00:00:00.2 ; elapsed = 00:00:00.08 . Memory (MB): peak = 3132.672 ; gain = 0.000 ; free physical = 11395 ; free virtual = 28291
Wrote Netlist Cache: Time (s): cpu = 00:00:00.01 ; elapsed = 00:00:00 . Memory (MB): peak = 3132.672 ; gain = 0.000 ; free physical = 11393 ; free virtual = 28289
Wrote Device Cache: Time (s): cpu = 00:00:00 ; elapsed = 00:00:00 . Memory (MB): peak = 3132.672 ; gain = 0.000 ; free physical = 11393 ; free virtual = 28290
Write Physdb Complete: Time (s): cpu = 00:00:00.26 ; elapsed = 00:00:00.09 . Memory (MB): peak = 3132.672 ; gain = 0.000 ; free physical = 11393 ; free virtual = 28290
INFO: [Common 17-1381] The checkpoint '/home/khwl/Desktop/claude_RISCOF_RV-IM100/RV-IM100/RV32s/SoCs/RV32IM_7SP_BRAM_Opt_Dhry/RV64IM72F_7SP_BRAM_Final_1431.runs/impl_1/RV32IM72F7SPSoCTOP_physopt.dcp' has been generated.
Command: route_design -directive Explore -tns_cleanup
Attempting to get a license for feature 'Implementation' and/or device 'xc7a200t'
INFO: [Common 17-349] Got license for feature 'Implementation' and/or device 'xc7a200t'
INFO: [DRC 23-27] Running DRC with 16 threads
INFO: [Vivado_Tcl 4-198] DRC finished with 0 Errors
INFO: [Vivado_Tcl 4-199] Please refer to the DRC report (report_drc) for more information.


Starting Routing Task
INFO: [Route 35-270] Using Router directive 'Explore'.
INFO: [Route 35-254] Multithreading enabled for route_design using a maximum of 16 CPUs

Phase 1 Build RT Design
Checksum: PlaceDB: 769b8b36 ConstDB: 0 ShapeSum: 8522a2fe RouteDB: 981aeb64
Post Restoration Checksum: NetGraph: f21a1190 | NumContArr: 65cd47e5 | Constraints: c2a8fa9d | Timing: c2a8fa9d
Phase 1 Build RT Design | Checksum: 2dd394eaf

Time (s): cpu = 00:00:27 ; elapsed = 00:00:21 . Memory (MB): peak = 3132.672 ; gain = 0.000 ; free physical = 11316 ; free virtual = 28209

Phase 2 Router Initialization

Phase 2.1 Fix Topology Constraints
Phase 2.1 Fix Topology Constraints | Checksum: 2dd394eaf

Time (s): cpu = 00:00:27 ; elapsed = 00:00:21 . Memory (MB): peak = 3132.672 ; gain = 0.000 ; free physical = 11316 ; free virtual = 28209

Phase 2.2 Pre Route Cleanup
Phase 2.2 Pre Route Cleanup | Checksum: 2dd394eaf

Time (s): cpu = 00:00:27 ; elapsed = 00:00:21 . Memory (MB): peak = 3132.672 ; gain = 0.000 ; free physical = 11316 ; free virtual = 28209
 Number of Nodes with overlaps = 0

Phase 2.3 Update Timing
Phase 2.3 Update Timing | Checksum: 1fb374418

Time (s): cpu = 00:00:32 ; elapsed = 00:00:21 . Memory (MB): peak = 3231.727 ; gain = 99.055 ; free physical = 11206 ; free virtual = 28099
INFO: [Route 35-416] Intermediate Timing Summary | WNS=0.241  | TNS=0.000  | WHS=-0.258 | THS=-139.647|


Phase 2.4 Soft Constraint Pins - Fast Budgeting
Phase 2.4 Soft Constraint Pins - Fast Budgeting | Checksum: 150ebb729

Time (s): cpu = 00:00:32 ; elapsed = 00:00:22 . Memory (MB): peak = 3231.727 ; gain = 99.055 ; free physical = 11206 ; free virtual = 28099

Router Utilization Summary
  Global Vertical Routing Utilization    = 0 %
  Global Horizontal Routing Utilization  = 0 %
  Routable Net Status*
  *Does not include unroutable nets such as driverless and loadless.
  Run report_route_status for detailed report.
  Number of Failed Nets               = 4608
    (Failed Nets is the sum of unrouted and partially routed nets)
  Number of Unrouted Nets             = 4608
  Number of Partially Routed Nets     = 0
  Number of Node Overlaps             = 0

Phase 2 Router Initialization | Checksum: 1ede0c45c

Time (s): cpu = 00:00:33 ; elapsed = 00:00:22 . Memory (MB): peak = 3242.812 ; gain = 110.141 ; free physical = 11191 ; free virtual = 28084

Phase 3 Global Routing
Phase 3 Global Routing | Checksum: 1ede0c45c

Time (s): cpu = 00:00:33 ; elapsed = 00:00:22 . Memory (MB): peak = 3242.812 ; gain = 110.141 ; free physical = 11191 ; free virtual = 28084

Phase 4 Initial Routing

Phase 4.1 Initial Net Routing Pass
Phase 4.1 Initial Net Routing Pass | Checksum: 14ca47fb8

Time (s): cpu = 00:00:35 ; elapsed = 00:00:22 . Memory (MB): peak = 3242.812 ; gain = 110.141 ; free physical = 11190 ; free virtual = 28084
Phase 4 Initial Routing | Checksum: 14ca47fb8

Time (s): cpu = 00:00:35 ; elapsed = 00:00:22 . Memory (MB): peak = 3242.812 ; gain = 110.141 ; free physical = 11190 ; free virtual = 28084

Phase 5 Rip-up And Reroute

Phase 5.1 Global Iteration 0
 Number of Nodes with overlaps = 1937
 Number of Nodes with overlaps = 1047
 Number of Nodes with overlaps = 662
 Number of Nodes with overlaps = 423
 Number of Nodes with overlaps = 210
 Number of Nodes with overlaps = 159
 Number of Nodes with overlaps = 67
 Number of Nodes with overlaps = 6
 Number of Nodes with overlaps = 0
INFO: [Route 35-416] Intermediate Timing Summary | WNS=-0.399 | TNS=-1.182 | WHS=N/A    | THS=N/A    |

Phase 5.1 Global Iteration 0 | Checksum: 2ebfc13d3

Time (s): cpu = 00:01:01 ; elapsed = 00:00:32 . Memory (MB): peak = 3242.812 ; gain = 110.141 ; free physical = 11193 ; free virtual = 28087

Phase 5.2 Global Iteration 1
 Number of Nodes with overlaps = 831
 Number of Nodes with overlaps = 376
 Number of Nodes with overlaps = 158
 Number of Nodes with overlaps = 91
 Number of Nodes with overlaps = 56
 Number of Nodes with overlaps = 15
 Number of Nodes with overlaps = 6
 Number of Nodes with overlaps = 3
 Number of Nodes with overlaps = 0
INFO: [Route 35-416] Intermediate Timing Summary | WNS=-0.330 | TNS=-1.407 | WHS=N/A    | THS=N/A    |

Phase 5.2 Global Iteration 1 | Checksum: 1063b0340

Time (s): cpu = 00:01:12 ; elapsed = 00:00:37 . Memory (MB): peak = 3242.812 ; gain = 110.141 ; free physical = 11195 ; free virtual = 28088

Phase 5.3 Global Iteration 2
 Number of Nodes with overlaps = 585
 Number of Nodes with overlaps = 280
 Number of Nodes with overlaps = 151
 Number of Nodes with overlaps = 97
 Number of Nodes with overlaps = 20
 Number of Nodes with overlaps = 5
 Number of Nodes with overlaps = 0
INFO: [Route 35-416] Intermediate Timing Summary | WNS=-0.145 | TNS=-0.213 | WHS=N/A    | THS=N/A    |

Phase 5.3 Global Iteration 2 | Checksum: 2a383f414

Time (s): cpu = 00:01:21 ; elapsed = 00:00:41 . Memory (MB): peak = 3242.812 ; gain = 110.141 ; free physical = 11198 ; free virtual = 28092

Phase 5.4 Global Iteration 3
 Number of Nodes with overlaps = 316
 Number of Nodes with overlaps = 203
 Number of Nodes with overlaps = 78
 Number of Nodes with overlaps = 42
 Number of Nodes with overlaps = 25
 Number of Nodes with overlaps = 16
 Number of Nodes with overlaps = 9
 Number of Nodes with overlaps = 13
 Number of Nodes with overlaps = 5
 Number of Nodes with overlaps = 4
 Number of Nodes with overlaps = 3
 Number of Nodes with overlaps = 2
 Number of Nodes with overlaps = 0
INFO: [Route 35-416] Intermediate Timing Summary | WNS=-0.177 | TNS=-0.177 | WHS=N/A    | THS=N/A    |

Phase 5.4 Global Iteration 3 | Checksum: 274a2f78b

Time (s): cpu = 00:01:29 ; elapsed = 00:00:46 . Memory (MB): peak = 3242.812 ; gain = 110.141 ; free physical = 11201 ; free virtual = 28095
Phase 5 Rip-up And Reroute | Checksum: 274a2f78b

Time (s): cpu = 00:01:29 ; elapsed = 00:00:46 . Memory (MB): peak = 3242.812 ; gain = 110.141 ; free physical = 11201 ; free virtual = 28095

Phase 6 Delay and Skew Optimization

Phase 6.1 TNS Cleanup

Phase 6.1.1 Delay CleanUp

Phase 6.1.1.1 Update Timing
Phase 6.1.1.1 Update Timing | Checksum: 1c9e1482c

Time (s): cpu = 00:01:30 ; elapsed = 00:00:46 . Memory (MB): peak = 3242.812 ; gain = 110.141 ; free physical = 11202 ; free virtual = 28095
INFO: [Route 35-416] Intermediate Timing Summary | WNS=-0.049 | TNS=-0.049 | WHS=N/A    | THS=N/A    |

 Number of Nodes with overlaps = 0

Phase 6.1.1.2 Update Timing
Phase 6.1.1.2 Update Timing | Checksum: 2f056abd8

Time (s): cpu = 00:01:30 ; elapsed = 00:00:46 . Memory (MB): peak = 3242.812 ; gain = 110.141 ; free physical = 11202 ; free virtual = 28095
INFO: [Route 35-416] Intermediate Timing Summary | WNS=0.086  | TNS=0.000  | WHS=N/A    | THS=N/A    |

Phase 6.1.1 Delay CleanUp | Checksum: 2733d292b

Time (s): cpu = 00:01:30 ; elapsed = 00:00:46 . Memory (MB): peak = 3242.812 ; gain = 110.141 ; free physical = 11202 ; free virtual = 28095
Phase 6.1 TNS Cleanup | Checksum: 2733d292b

Time (s): cpu = 00:01:30 ; elapsed = 00:00:46 . Memory (MB): peak = 3242.812 ; gain = 110.141 ; free physical = 11202 ; free virtual = 28095

Phase 6.2 Clock Skew Optimization
Phase 6.2 Clock Skew Optimization | Checksum: 2733d292b

Time (s): cpu = 00:01:30 ; elapsed = 00:00:46 . Memory (MB): peak = 3242.812 ; gain = 110.141 ; free physical = 11202 ; free virtual = 28095
Phase 6 Delay and Skew Optimization | Checksum: 2733d292b

Time (s): cpu = 00:01:30 ; elapsed = 00:00:46 . Memory (MB): peak = 3242.812 ; gain = 110.141 ; free physical = 11202 ; free virtual = 28095

Phase 7 Post Hold Fix

Phase 7.1 Hold Fix Iter
INFO: [Route 35-416] Intermediate Timing Summary | WNS=0.086  | TNS=0.000  | WHS=0.035  | THS=0.000  |

Phase 7.1 Hold Fix Iter | Checksum: 220c2dbcf

Time (s): cpu = 00:01:31 ; elapsed = 00:00:46 . Memory (MB): peak = 3242.812 ; gain = 110.141 ; free physical = 11202 ; free virtual = 28095
Phase 7 Post Hold Fix | Checksum: 220c2dbcf

Time (s): cpu = 00:01:31 ; elapsed = 00:00:46 . Memory (MB): peak = 3242.812 ; gain = 110.141 ; free physical = 11202 ; free virtual = 28095

Phase 8 Route finalize

Router Utilization Summary
  Global Vertical Routing Utilization    = 0.678895 %
  Global Horizontal Routing Utilization  = 0.838962 %
  Routable Net Status*
  *Does not include unroutable nets such as driverless and loadless.
  Run report_route_status for detailed report.
  Number of Failed Nets               = 0
    (Failed Nets is the sum of unrouted and partially routed nets)
  Number of Unrouted Nets             = 0
  Number of Partially Routed Nets     = 0
  Number of Node Overlaps             = 0

Phase 8 Route finalize | Checksum: 220c2dbcf

Time (s): cpu = 00:01:31 ; elapsed = 00:00:46 . Memory (MB): peak = 3242.812 ; gain = 110.141 ; free physical = 11202 ; free virtual = 28095

Phase 9 Verifying routed nets

 Verification completed successfully
Phase 9 Verifying routed nets | Checksum: 220c2dbcf

Time (s): cpu = 00:01:31 ; elapsed = 00:00:46 . Memory (MB): peak = 3242.812 ; gain = 110.141 ; free physical = 11202 ; free virtual = 28095

Phase 10 Depositing Routes
Phase 10 Depositing Routes | Checksum: 2756edb0c

Time (s): cpu = 00:01:31 ; elapsed = 00:00:46 . Memory (MB): peak = 3242.812 ; gain = 110.141 ; free physical = 11201 ; free virtual = 28095

Phase 11 Post Process Routing
Phase 11 Post Process Routing | Checksum: 2756edb0c

Time (s): cpu = 00:01:31 ; elapsed = 00:00:46 . Memory (MB): peak = 3242.812 ; gain = 110.141 ; free physical = 11201 ; free virtual = 28095

Phase 12 Post Router Timing
INFO: [Route 35-20] Post Routing Timing Summary | WNS=0.092  | TNS=0.000  | WHS=0.035  | THS=0.000  |

Phase 12 Post Router Timing | Checksum: 32b046fd3

Time (s): cpu = 00:01:35 ; elapsed = 00:00:47 . Memory (MB): peak = 3242.812 ; gain = 110.141 ; free physical = 11202 ; free virtual = 28095
INFO: [Route 35-61] The design met the timing requirement.
Total Elapsed time in route_design: 46.78 secs

Phase 13 Post-Route Event Processing
Phase 13 Post-Route Event Processing | Checksum: 1c2979b04

Time (s): cpu = 00:01:35 ; elapsed = 00:00:47 . Memory (MB): peak = 3242.812 ; gain = 110.141 ; free physical = 11201 ; free virtual = 28095
INFO: [Route 35-16] Router Completed Successfully
Ending Routing Task | Checksum: 1c2979b04

Time (s): cpu = 00:01:35 ; elapsed = 00:00:47 . Memory (MB): peak = 3242.812 ; gain = 110.141 ; free physical = 11201 ; free virtual = 28095

Routing Is Done.
INFO: [Common 17-83] Releasing license: Implementation
1067 Infos, 0 Warnings, 0 Critical Warnings and 0 Errors encountered.
route_design completed successfully
route_design: Time (s): cpu = 00:01:36 ; elapsed = 00:00:47 . Memory (MB): peak = 3242.812 ; gain = 110.141 ; free physical = 11201 ; free virtual = 28095
INFO: [Vivado 12-24828] Executing command : report_drc -file RV32IM72F7SPSoCTOP_drc_routed.rpt -pb RV32IM72F7SPSoCTOP_drc_routed.pb -rpx RV32IM72F7SPSoCTOP_drc_routed.rpx
Command: report_drc -file RV32IM72F7SPSoCTOP_drc_routed.rpt -pb RV32IM72F7SPSoCTOP_drc_routed.pb -rpx RV32IM72F7SPSoCTOP_drc_routed.rpx
INFO: [IP_Flow 19-1839] IP Catalog is up to date.
INFO: [DRC 23-27] Running DRC with 16 threads
INFO: [Vivado_Tcl 2-168] The results of DRC are in file /home/khwl/Desktop/claude_RISCOF_RV-IM100/RV-IM100/RV32s/SoCs/RV32IM_7SP_BRAM_Opt_Dhry/RV64IM72F_7SP_BRAM_Final_1431.runs/impl_1/RV32IM72F7SPSoCTOP_drc_routed.rpt.
report_drc completed successfully
INFO: [Vivado 12-24828] Executing command : report_methodology -file RV32IM72F7SPSoCTOP_methodology_drc_routed.rpt -pb RV32IM72F7SPSoCTOP_methodology_drc_routed.pb -rpx RV32IM72F7SPSoCTOP_methodology_drc_routed.rpx
Command: report_methodology -file RV32IM72F7SPSoCTOP_methodology_drc_routed.rpt -pb RV32IM72F7SPSoCTOP_methodology_drc_routed.pb -rpx RV32IM72F7SPSoCTOP_methodology_drc_routed.rpx
INFO: [Timing 38-35] Done setting XDC timing constraints.
INFO: [DRC 23-133] Running Methodology with 16 threads
INFO: [Vivado_Tcl 2-1520] The results of Report Methodology are in file /home/khwl/Desktop/claude_RISCOF_RV-IM100/RV-IM100/RV32s/SoCs/RV32IM_7SP_BRAM_Opt_Dhry/RV64IM72F_7SP_BRAM_Final_1431.runs/impl_1/RV32IM72F7SPSoCTOP_methodology_drc_routed.rpt.
report_methodology completed successfully
INFO: [Vivado 12-24828] Executing command : report_timing_summary -max_paths 10 -routable_nets -report_unconstrained -file RV32IM72F7SPSoCTOP_timing_summary_routed.rpt -pb RV32IM72F7SPSoCTOP_timing_summary_routed.pb -rpx RV32IM72F7SPSoCTOP_timing_summary_routed.rpx
INFO: [Timing 38-35] Done setting XDC timing constraints.
INFO: [Timing 38-91] UpdateTimingParams: Speed grade: -1, Delay Type: min_max.
INFO: [Timing 38-191] Multithreading enabled for timing update using a maximum of 16 CPUs
INFO: [Vivado 12-24838] Running report commands "report_bus_skew, report_incremental_reuse, report_route_status" in parallel.
Running report generation with 3 threads.
INFO: [Vivado 12-24828] Executing command : report_incremental_reuse -file RV32IM72F7SPSoCTOP_incremental_reuse_routed.rpt
INFO: [Vivado_Tcl 4-1062] Incremental flow is disabled. No incremental reuse Info to report.
INFO: [Vivado 12-24828] Executing command : report_route_status -file RV32IM72F7SPSoCTOP_route_status.rpt -pb RV32IM72F7SPSoCTOP_route_status.pb
INFO: [Vivado 12-24828] Executing command : report_bus_skew -warn_on_violation -file RV32IM72F7SPSoCTOP_bus_skew_routed.rpt -pb RV32IM72F7SPSoCTOP_bus_skew_routed.pb -rpx RV32IM72F7SPSoCTOP_bus_skew_routed.rpx
INFO: [Timing 38-91] UpdateTimingParams: Speed grade: -1, Delay Type: min_max.
INFO: [Timing 38-191] Multithreading enabled for timing update using a maximum of 16 CPUs
INFO: [Vivado 12-24828] Executing command : report_power -file RV32IM72F7SPSoCTOP_power_routed.rpt -pb RV32IM72F7SPSoCTOP_power_summary_routed.pb -rpx RV32IM72F7SPSoCTOP_power_routed.rpx
Command: report_power -file RV32IM72F7SPSoCTOP_power_routed.rpt -pb RV32IM72F7SPSoCTOP_power_summary_routed.pb -rpx RV32IM72F7SPSoCTOP_power_routed.rpx
Running Vector-less Activity Propagation...

Finished Running Vector-less Activity Propagation
1087 Infos, 0 Warnings, 0 Critical Warnings and 0 Errors encountered.
report_power completed successfully
INFO: [Vivado 12-24828] Executing command : report_clock_utilization -file RV32IM72F7SPSoCTOP_clock_utilization_routed.rpt
generate_parallel_reports: Time (s): cpu = 00:00:20 ; elapsed = 00:00:05 . Memory (MB): peak = 3387.488 ; gain = 144.676 ; free physical = 11162 ; free virtual = 28061
INFO: [Timing 38-480] Writing timing data to binary archive.
Wrote PlaceDB: Time (s): cpu = 00:00:00 ; elapsed = 00:00:00 . Memory (MB): peak = 3387.488 ; gain = 0.000 ; free physical = 11162 ; free virtual = 28061
Wrote PulsedLatchDB: Time (s): cpu = 00:00:00 ; elapsed = 00:00:00 . Memory (MB): peak = 3387.488 ; gain = 0.000 ; free physical = 11162 ; free virtual = 28061
Writing XDEF routing.
Write ShapeDB Complete: Time (s): cpu = 00:00:00.01 ; elapsed = 00:00:00.01 . Memory (MB): peak = 3387.488 ; gain = 0.000 ; free physical = 11162 ; free virtual = 28061
Writing XDEF routing logical nets.
Writing XDEF routing special nets.
Wrote RouteStorage: Time (s): cpu = 00:00:00.16 ; elapsed = 00:00:00.04 . Memory (MB): peak = 3387.488 ; gain = 0.000 ; free physical = 11162 ; free virtual = 28061
Wrote PlaceStorage: Time (s): cpu = 00:00:00.15 ; elapsed = 00:00:00.07 . Memory (MB): peak = 3387.488 ; gain = 0.000 ; free physical = 11161 ; free virtual = 28064
Wrote Netlist Cache: Time (s): cpu = 00:00:00 ; elapsed = 00:00:00.01 . Memory (MB): peak = 3387.488 ; gain = 0.000 ; free physical = 11161 ; free virtual = 28064
Wrote Device Cache: Time (s): cpu = 00:00:00 ; elapsed = 00:00:00 . Memory (MB): peak = 3387.488 ; gain = 0.000 ; free physical = 11160 ; free virtual = 28064
Write Physdb Complete: Time (s): cpu = 00:00:00.31 ; elapsed = 00:00:00.12 . Memory (MB): peak = 3387.488 ; gain = 0.000 ; free physical = 11160 ; free virtual = 28064
INFO: [Common 17-1381] The checkpoint '/home/khwl/Desktop/claude_RISCOF_RV-IM100/RV-IM100/RV32s/SoCs/RV32IM_7SP_BRAM_Opt_Dhry/RV64IM72F_7SP_BRAM_Final_1431.runs/impl_1/RV32IM72F7SPSoCTOP_routed.dcp' has been generated.
Command: phys_opt_design -directive Explore
Attempting to get a license for feature 'Implementation' and/or device 'xc7a200t'
INFO: [Common 17-349] Got license for feature 'Implementation' and/or device 'xc7a200t'
INFO: [Vivado_Tcl 4-241] Physical synthesis in post route mode 
INFO: [Vivado_Tcl 4-137] Directive used for phys_opt_design is: Explore
INFO: [Vivado_Tcl 4-2279] Estimated Timing Summary | WNS= 0.092 | TNS= 0.000 | 
INFO: [Vivado_Tcl 4-383] Design worst setup slack (WNS) is greater than or equal to 0.000 ns. All physical synthesis setup optimizations will be skipped.
INFO: [Vivado_Tcl 4-232] No setup violation found. The netlist was not modified.
INFO: [Common 17-83] Releasing license: Implementation
1097 Infos, 0 Warnings, 0 Critical Warnings and 0 Errors encountered.
phys_opt_design completed successfully
INFO: [Vivado 12-24828] Executing command : report_timing_summary -max_paths 10 -report_unconstrained -warn_on_violation -file RV32IM72F7SPSoCTOP_timing_summary_postroute_physopted.rpt -pb RV32IM72F7SPSoCTOP_timing_summary_postroute_physopted.pb -rpx RV32IM72F7SPSoCTOP_timing_summary_postroute_physopted.rpx
INFO: [Timing 38-91] UpdateTimingParams: Speed grade: -1, Delay Type: min_max.
INFO: [Timing 38-191] Multithreading enabled for timing update using a maximum of 16 CPUs
INFO: [Vivado 12-24828] Executing command : report_bus_skew -warn_on_violation -file RV32IM72F7SPSoCTOP_bus_skew_postroute_physopted.rpt -pb RV32IM72F7SPSoCTOP_bus_skew_postroute_physopted.pb -rpx RV32IM72F7SPSoCTOP_bus_skew_postroute_physopted.rpx
INFO: [Timing 38-91] UpdateTimingParams: Speed grade: -1, Delay Type: min_max.
INFO: [Timing 38-191] Multithreading enabled for timing update using a maximum of 16 CPUs
INFO: [Timing 38-480] Writing timing data to binary archive.
Wrote PlaceDB: Time (s): cpu = 00:00:00 ; elapsed = 00:00:00 . Memory (MB): peak = 3387.488 ; gain = 0.000 ; free physical = 11156 ; free virtual = 28058
Wrote PulsedLatchDB: Time (s): cpu = 00:00:00 ; elapsed = 00:00:00 . Memory (MB): peak = 3387.488 ; gain = 0.000 ; free physical = 11156 ; free virtual = 28058
Writing XDEF routing.
Write ShapeDB Complete: Time (s): cpu = 00:00:00.01 ; elapsed = 00:00:00.01 . Memory (MB): peak = 3387.488 ; gain = 0.000 ; free physical = 11156 ; free virtual = 28058
Writing XDEF routing logical nets.
Writing XDEF routing special nets.
Wrote RouteStorage: Time (s): cpu = 00:00:00.16 ; elapsed = 00:00:00.04 . Memory (MB): peak = 3387.488 ; gain = 0.000 ; free physical = 11154 ; free virtual = 28058
Wrote PlaceStorage: Time (s): cpu = 00:00:00.15 ; elapsed = 00:00:00.07 . Memory (MB): peak = 3387.488 ; gain = 0.000 ; free physical = 11150 ; free virtual = 28057
Wrote Netlist Cache: Time (s): cpu = 00:00:00 ; elapsed = 00:00:00 . Memory (MB): peak = 3387.488 ; gain = 0.000 ; free physical = 11150 ; free virtual = 28058
Wrote Device Cache: Time (s): cpu = 00:00:00 ; elapsed = 00:00:00 . Memory (MB): peak = 3387.488 ; gain = 0.000 ; free physical = 11150 ; free virtual = 28058
Write Physdb Complete: Time (s): cpu = 00:00:00.32 ; elapsed = 00:00:00.11 . Memory (MB): peak = 3387.488 ; gain = 0.000 ; free physical = 11150 ; free virtual = 28058
INFO: [Common 17-1381] The checkpoint '/home/khwl/Desktop/claude_RISCOF_RV-IM100/RV-IM100/RV32s/SoCs/RV32IM_7SP_BRAM_Opt_Dhry/RV64IM72F_7SP_BRAM_Final_1431.runs/impl_1/RV32IM72F7SPSoCTOP_postroute_physopt.dcp' has been generated.
INFO: [Common 17-206] Exiting Vivado at Wed Sep 16 00:43:43 2026...
