
*** Running vivado
    with args -log RV64IM72F5SPSoCTOP.vdi -applog -m64 -product Vivado -messageDb vivado.pb -mode batch -source RV64IM72F5SPSoCTOP.tcl -notrace


****** Vivado v2025.2 (64-bit)
  **** SW Build 6299465 on Fri Nov 14 12:34:56 MST 2025
  **** IP Build 6300035 on Fri Nov 14 10:48:45 MST 2025
  **** SharedData Build 6298862 on Thu Nov 13 04:50:51 MST 2025
  **** Start of session at: Wed Sep  9 01:15:53 2026
    ** Copyright 1986-2022 Xilinx, Inc. All Rights Reserved.
    ** Copyright 2022-2025 Advanced Micro Devices, Inc. All Rights Reserved.

source RV64IM72F5SPSoCTOP.tcl -notrace
Command: link_design -top RV64IM72F5SPSoCTOP -part xc7a200tsbg484-1
Design is defaulting to srcset: sources_1
Design is defaulting to constrset: constrs_1
INFO: [Device 21-403] Loading part xc7a200tsbg484-1
INFO: [Project 1-5699] Read binary netlist with skipMacroContent - 1
INFO: [Project 1-454] Reading design checkpoint '/home/khwl/Desktop/claude_RISCOF_RV-IM100/RV-IM100/RV64s/SoCs/RV64IM_6SP/RV64IM72F_6SP.gen/sources_1/ip/clk_wiz_0/clk_wiz_0.dcp' for cell 'clk_gen'
Netlist sorting complete. Time (s): cpu = 00:00:00.09 ; elapsed = 00:00:00.08 . Memory (MB): peak = 1813.508 ; gain = 0.000 ; free physical = 7179 ; free virtual = 28691
INFO: [Netlist 29-17] Analyzing 4564 Unisim elements for replacement
INFO: [Netlist 29-28] Unisim Transformation completed in 0 CPU seconds
INFO: [Project 1-479] Netlist was created with Vivado 2025.2
INFO: [Project 1-570] Preparing netlist for logic optimization
Parsing XDC File [/home/khwl/Desktop/claude_RISCOF_RV-IM100/RV-IM100/RV64s/SoCs/RV64IM_6SP/RV64IM72F_6SP.gen/sources_1/ip/clk_wiz_0/clk_wiz_0_board.xdc] for cell 'clk_gen/inst'
Finished Parsing XDC File [/home/khwl/Desktop/claude_RISCOF_RV-IM100/RV-IM100/RV64s/SoCs/RV64IM_6SP/RV64IM72F_6SP.gen/sources_1/ip/clk_wiz_0/clk_wiz_0_board.xdc] for cell 'clk_gen/inst'
Parsing XDC File [/home/khwl/Desktop/claude_RISCOF_RV-IM100/RV-IM100/RV64s/SoCs/RV64IM_6SP/RV64IM72F_6SP.gen/sources_1/ip/clk_wiz_0/clk_wiz_0.xdc] for cell 'clk_gen/inst'
INFO: [Timing 38-35] Done setting XDC timing constraints. [/home/khwl/Desktop/claude_RISCOF_RV-IM100/RV-IM100/RV64s/SoCs/RV64IM_6SP/RV64IM72F_6SP.gen/sources_1/ip/clk_wiz_0/clk_wiz_0.xdc:54]
INFO: [Timing 38-2] Deriving generated clocks [/home/khwl/Desktop/claude_RISCOF_RV-IM100/RV-IM100/RV64s/SoCs/RV64IM_6SP/RV64IM72F_6SP.gen/sources_1/ip/clk_wiz_0/clk_wiz_0.xdc:54]
get_clocks: Time (s): cpu = 00:00:08 ; elapsed = 00:00:06 . Memory (MB): peak = 2621.043 ; gain = 645.961 ; free physical = 5849 ; free virtual = 27361
Finished Parsing XDC File [/home/khwl/Desktop/claude_RISCOF_RV-IM100/RV-IM100/RV64s/SoCs/RV64IM_6SP/RV64IM72F_6SP.gen/sources_1/ip/clk_wiz_0/clk_wiz_0.xdc] for cell 'clk_gen/inst'
Parsing XDC File [/home/khwl/Desktop/claude_RISCOF_RV-IM100/RV-IM100/RV64s/SoCs/RV64IM_6SP/RV64IM72F_6SP.srcs/constrs_1/imports/RV64IM6SP_FPGA/RV32I46F_5SP_Debug_XDC.xdc]
Finished Parsing XDC File [/home/khwl/Desktop/claude_RISCOF_RV-IM100/RV-IM100/RV64s/SoCs/RV64IM_6SP/RV64IM72F_6SP.srcs/constrs_1/imports/RV64IM6SP_FPGA/RV32I46F_5SP_Debug_XDC.xdc]
INFO: [Opt 31-138] Pushed 0 inverter(s) to 0 load pin(s).
Netlist sorting complete. Time (s): cpu = 00:00:00 ; elapsed = 00:00:00 . Memory (MB): peak = 2621.043 ; gain = 0.000 ; free physical = 5833 ; free virtual = 27345
INFO: [Project 1-111] Unisim Transformation Summary:
  A total of 2070 instances were transformed.
  RAM256X1S => RAM256X1S (MUXF7(x2), MUXF8, RAMS64E(x4)): 2048 instances
  RAM32M => RAM32M (RAMD32(x6), RAMS32(x2)): 22 instances

11 Infos, 0 Warnings, 0 Critical Warnings and 0 Errors encountered.
link_design completed successfully
link_design: Time (s): cpu = 00:00:16 ; elapsed = 00:00:14 . Memory (MB): peak = 2621.078 ; gain = 996.367 ; free physical = 5817 ; free virtual = 27329
Command: opt_design -directive Explore
INFO: [Vivado_Tcl 4-136] Directive used for opt_design is: Explore
Attempting to get a license for feature 'Implementation' and/or device 'xc7a200t'
INFO: [Common 17-349] Got license for feature 'Implementation' and/or device 'xc7a200t'
Running DRC as a precondition to command opt_design

Starting DRC Task
INFO: [DRC 23-27] Running DRC with 8 threads
INFO: [Project 1-461] DRC finished with 0 Errors
INFO: [Project 1-462] Please refer to the DRC report (report_drc) for more information.

Time (s): cpu = 00:00:02 ; elapsed = 00:00:00.51 . Memory (MB): peak = 2621.078 ; gain = 0.000 ; free physical = 5721 ; free virtual = 27233

Starting Logic Optimization Task

Phase 1 Initialization

Phase 1.1 Core Generation And Design Setup
Phase 1.1 Core Generation And Design Setup | Checksum: 1c89471b9

Time (s): cpu = 00:00:00.03 ; elapsed = 00:00:00.03 . Memory (MB): peak = 2897.855 ; gain = 0.000 ; free physical = 5197 ; free virtual = 26709

Phase 1.2 Setup Constraints And Sort Netlist
Phase 1.2 Setup Constraints And Sort Netlist | Checksum: 1c89471b9

Time (s): cpu = 00:00:00.04 ; elapsed = 00:00:00.04 . Memory (MB): peak = 2897.855 ; gain = 0.000 ; free physical = 5197 ; free virtual = 26709
Phase 1 Initialization | Checksum: 1c89471b9

Time (s): cpu = 00:00:00.05 ; elapsed = 00:00:00.05 . Memory (MB): peak = 2897.855 ; gain = 0.000 ; free physical = 5197 ; free virtual = 26709

Phase 2 Timer Update And Timing Data Collection

Phase 2.1 Detect if minReqCache needed
Phase 2.1 Detect if minReqCache needed | Checksum: 1c89471b9

Time (s): cpu = 00:00:00.07 ; elapsed = 00:00:00.07 . Memory (MB): peak = 2897.855 ; gain = 0.000 ; free physical = 5189 ; free virtual = 26701

Phase 2.2 Timer Update
INFO: [Timing 38-35] Done setting XDC timing constraints.
Phase 2.2 Timer Update | Checksum: 1c89471b9

Time (s): cpu = 00:00:06 ; elapsed = 00:00:02 . Memory (MB): peak = 3010.668 ; gain = 112.812 ; free physical = 5142 ; free virtual = 26654

Phase 2.3 Timing Data Collection
Phase 2.3 Timing Data Collection | Checksum: 1c89471b9

Time (s): cpu = 00:00:06 ; elapsed = 00:00:02 . Memory (MB): peak = 3010.668 ; gain = 112.812 ; free physical = 5142 ; free virtual = 26654
Phase 2 Timer Update And Timing Data Collection | Checksum: 1c89471b9

Time (s): cpu = 00:00:06 ; elapsed = 00:00:02 . Memory (MB): peak = 3010.668 ; gain = 112.812 ; free physical = 5142 ; free virtual = 26654

Phase 3 Retarget
INFO: [Opt 31-1851] Number of loadless carry chains removed were: 0
INFO: [Opt 31-1834] Total Chains To Be Transformed Were: 0 AND Number of Transformed insts Created are: 0
INFO: [Opt 31-1566] Pulled 1 inverters resulting in an inversion of 2 pins
INFO: [Opt 31-138] Pushed 1 inverter(s) to 1 load pin(s).
INFO: [Opt 31-49] Retargeted 0 cell(s).
Phase 3 Retarget | Checksum: 1466f1f88

Time (s): cpu = 00:00:06 ; elapsed = 00:00:02 . Memory (MB): peak = 3010.668 ; gain = 112.812 ; free physical = 5142 ; free virtual = 26654
Retarget | Checksum: 1466f1f88
INFO: [Opt 31-389] Phase Retarget created 0 cells and removed 3 cells
INFO: [Opt 31-1021] In phase Retarget, 1 netlist objects are constrained preventing optimization. Please run opt_design with -debug_log to get more detail. 

Phase 4 Constant propagation
INFO: [Opt 31-138] Pushed 0 inverter(s) to 0 load pin(s).
Phase 4 Constant propagation | Checksum: 1764ebfc7

Time (s): cpu = 00:00:07 ; elapsed = 00:00:02 . Memory (MB): peak = 3010.668 ; gain = 112.812 ; free physical = 5142 ; free virtual = 26654
Constant propagation | Checksum: 1764ebfc7
INFO: [Opt 31-389] Phase Constant propagation created 0 cells and removed 0 cells

Phase 5 Sweep
INFO: [Constraints 18-11670] Building netlist checker database with flags, 0x8
Done building netlist checker database: Time (s): cpu = 00:00:00.01 ; elapsed = 00:00:00 . Memory (MB): peak = 3010.668 ; gain = 0.000 ; free physical = 5142 ; free virtual = 26654
INFO: [Constraints 18-11670] Building netlist checker database with flags, 0x8
Done building netlist checker database: Time (s): cpu = 00:00:00 ; elapsed = 00:00:00.01 . Memory (MB): peak = 3010.668 ; gain = 0.000 ; free physical = 5142 ; free virtual = 26654
Phase 5 Sweep | Checksum: 1ac4eb8e9

Time (s): cpu = 00:00:07 ; elapsed = 00:00:03 . Memory (MB): peak = 3010.668 ; gain = 112.812 ; free physical = 5141 ; free virtual = 26653
Sweep | Checksum: 1ac4eb8e9
INFO: [Opt 31-389] Phase Sweep created 7 cells and removed 0 cells

Phase 6 BUFG optimization
Phase 6 BUFG optimization | Checksum: 1ac4eb8e9

Time (s): cpu = 00:00:08 ; elapsed = 00:00:03 . Memory (MB): peak = 3042.684 ; gain = 144.828 ; free physical = 5135 ; free virtual = 26653
BUFG optimization | Checksum: 1ac4eb8e9
INFO: [Opt 31-662] Phase BUFG optimization created 0 cells of which 0 are BUFGs and removed 0 cells.

Phase 7 Shift Register Optimization
INFO: [Opt 31-1064] SRL Remap converted 0 SRLs to 0 registers and converted 0 registers of register chains to 0 SRLs
Phase 7 Shift Register Optimization | Checksum: 1ac4eb8e9

Time (s): cpu = 00:00:08 ; elapsed = 00:00:03 . Memory (MB): peak = 3042.684 ; gain = 144.828 ; free physical = 5135 ; free virtual = 26653
Shift Register Optimization | Checksum: 1ac4eb8e9
INFO: [Opt 31-389] Phase Shift Register Optimization created 0 cells and removed 0 cells
INFO: [Opt 31-1555] control_set_opt supports Versal devices only, and device 7a200t is unsupported

Phase 8 Post Processing Netlist
Phase 8 Post Processing Netlist | Checksum: 1d358d89b

Time (s): cpu = 00:00:08 ; elapsed = 00:00:03 . Memory (MB): peak = 3042.684 ; gain = 144.828 ; free physical = 5134 ; free virtual = 26653
Post Processing Netlist | Checksum: 1d358d89b
INFO: [Opt 31-389] Phase Post Processing Netlist created 0 cells and removed 0 cells

Phase 9 Finalization

Phase 9.1 Finalizing Design Cores and Updating Shapes
Phase 9.1 Finalizing Design Cores and Updating Shapes | Checksum: 1870eb978

Time (s): cpu = 00:00:08 ; elapsed = 00:00:03 . Memory (MB): peak = 3042.684 ; gain = 144.828 ; free physical = 5138 ; free virtual = 26657

Phase 9.2 Verifying Netlist Connectivity

Starting Connectivity Check Task

Time (s): cpu = 00:00:00.03 ; elapsed = 00:00:00.03 . Memory (MB): peak = 3042.684 ; gain = 0.000 ; free physical = 5138 ; free virtual = 26657
Phase 9.2 Verifying Netlist Connectivity | Checksum: 1870eb978

Time (s): cpu = 00:00:08 ; elapsed = 00:00:03 . Memory (MB): peak = 3042.684 ; gain = 144.828 ; free physical = 5138 ; free virtual = 26657
Phase 9 Finalization | Checksum: 1870eb978

Time (s): cpu = 00:00:08 ; elapsed = 00:00:03 . Memory (MB): peak = 3042.684 ; gain = 144.828 ; free physical = 5138 ; free virtual = 26657
Opt_design Change Summary
=========================


-------------------------------------------------------------------------------------------------------------------------
|  Phase                        |  #Cells created  |  #Cells Removed  |  #Constrained objects preventing optimizations  |
-------------------------------------------------------------------------------------------------------------------------
|  Retarget                     |               0  |               3  |                                              1  |
|  Constant propagation         |               0  |               0  |                                              0  |
|  Sweep                        |               7  |               0  |                                              0  |
|  BUFG optimization            |               0  |               0  |                                              0  |
|  Shift Register Optimization  |               0  |               0  |                                              0  |
|  Post Processing Netlist      |               0  |               0  |                                              0  |
-------------------------------------------------------------------------------------------------------------------------


Ending Logic Optimization Task | Checksum: 1870eb978

Time (s): cpu = 00:00:08 ; elapsed = 00:00:03 . Memory (MB): peak = 3042.684 ; gain = 144.828 ; free physical = 5138 ; free virtual = 26657
Netlist sorting complete. Time (s): cpu = 00:00:00.01 ; elapsed = 00:00:00.01 . Memory (MB): peak = 3042.684 ; gain = 0.000 ; free physical = 5138 ; free virtual = 26658
INFO: [Common 17-83] Releasing license: Implementation
35 Infos, 0 Warnings, 0 Critical Warnings and 0 Errors encountered.
opt_design completed successfully
opt_design: Time (s): cpu = 00:00:13 ; elapsed = 00:00:07 . Memory (MB): peak = 3042.684 ; gain = 421.605 ; free physical = 5138 ; free virtual = 26658
INFO: [Vivado 12-24828] Executing command : report_drc -file RV64IM72F5SPSoCTOP_drc_opted.rpt -pb RV64IM72F5SPSoCTOP_drc_opted.pb -rpx RV64IM72F5SPSoCTOP_drc_opted.rpx
Command: report_drc -file RV64IM72F5SPSoCTOP_drc_opted.rpt -pb RV64IM72F5SPSoCTOP_drc_opted.pb -rpx RV64IM72F5SPSoCTOP_drc_opted.rpx
INFO: [IP_Flow 19-1839] IP Catalog is up to date.
INFO: [DRC 23-27] Running DRC with 8 threads
INFO: [Vivado_Tcl 2-168] The results of DRC are in file /home/khwl/Desktop/claude_RISCOF_RV-IM100/RV-IM100/RV64s/SoCs/RV64IM_6SP/RV64IM72F_6SP.runs/impl_1/RV64IM72F5SPSoCTOP_drc_opted.rpt.
report_drc completed successfully
INFO: [Timing 38-480] Writing timing data to binary archive.
Wrote PlaceDB: Time (s): cpu = 00:00:00 ; elapsed = 00:00:00 . Memory (MB): peak = 3042.684 ; gain = 0.000 ; free physical = 5142 ; free virtual = 26657
Wrote PulsedLatchDB: Time (s): cpu = 00:00:00 ; elapsed = 00:00:00 . Memory (MB): peak = 3042.684 ; gain = 0.000 ; free physical = 5142 ; free virtual = 26657
Writing XDEF routing.
Writing XDEF routing logical nets.
Writing XDEF routing special nets.
Wrote RouteStorage: Time (s): cpu = 00:00:00.4 ; elapsed = 00:00:00.09 . Memory (MB): peak = 3042.684 ; gain = 0.000 ; free physical = 5139 ; free virtual = 26658
Wrote PlaceStorage: Time (s): cpu = 00:00:00.01 ; elapsed = 00:00:00 . Memory (MB): peak = 3042.684 ; gain = 0.000 ; free physical = 5139 ; free virtual = 26658
Wrote Netlist Cache: Time (s): cpu = 00:00:00 ; elapsed = 00:00:00 . Memory (MB): peak = 3042.684 ; gain = 0.000 ; free physical = 5139 ; free virtual = 26658
Wrote Device Cache: Time (s): cpu = 00:00:00.03 ; elapsed = 00:00:00 . Memory (MB): peak = 3042.684 ; gain = 0.000 ; free physical = 5137 ; free virtual = 26657
Write Physdb Complete: Time (s): cpu = 00:00:00.46 ; elapsed = 00:00:00.09 . Memory (MB): peak = 3042.684 ; gain = 0.000 ; free physical = 5137 ; free virtual = 26657
Write ShapeDB Complete: Time (s): cpu = 00:00:00.46 ; elapsed = 00:00:00.09 . Memory (MB): peak = 3042.684 ; gain = 0.000 ; free physical = 5137 ; free virtual = 26657
INFO: [Common 17-1381] The checkpoint '/home/khwl/Desktop/claude_RISCOF_RV-IM100/RV-IM100/RV64s/SoCs/RV64IM_6SP/RV64IM72F_6SP.runs/impl_1/RV64IM72F5SPSoCTOP_opt.dcp' has been generated.
Command: place_design -directive Explore
Attempting to get a license for feature 'Implementation' and/or device 'xc7a200t'
INFO: [Common 17-349] Got license for feature 'Implementation' and/or device 'xc7a200t'
INFO: [Common 17-83] Releasing license: Implementation
INFO: [DRC 23-27] Running DRC with 8 threads
INFO: [Vivado_Tcl 4-198] DRC finished with 0 Errors
INFO: [Vivado_Tcl 4-199] Please refer to the DRC report (report_drc) for more information.
INFO: [Timing 38-35] Done setting XDC timing constraints.
INFO: [Vivado_Tcl 4-2302] The placer was invoked with the 'Explore' directive.
Running DRC as a precondition to command place_design
INFO: [DRC 23-27] Running DRC with 8 threads
INFO: [Vivado_Tcl 4-198] DRC finished with 0 Errors
INFO: [Vivado_Tcl 4-199] Please refer to the DRC report (report_drc) for more information.
INFO: [Place 30-611] Multithreading enabled for place_design using a maximum of 8 CPUs

Starting Placer Task

Phase 1 Placer Initialization

Phase 1.1 Placer Initialization Netlist Sorting
Netlist sorting complete. Time (s): cpu = 00:00:00.01 ; elapsed = 00:00:00.02 . Memory (MB): peak = 3042.684 ; gain = 0.000 ; free physical = 5150 ; free virtual = 26669
Phase 1.1 Placer Initialization Netlist Sorting | Checksum: faf1eb98

Time (s): cpu = 00:00:00.03 ; elapsed = 00:00:00.03 . Memory (MB): peak = 3042.684 ; gain = 0.000 ; free physical = 5150 ; free virtual = 26669
Netlist sorting complete. Time (s): cpu = 00:00:00.01 ; elapsed = 00:00:00.01 . Memory (MB): peak = 3042.684 ; gain = 0.000 ; free physical = 5150 ; free virtual = 26669

Phase 1.2 IO Placement/ Clock Placement/ Build Placer Device
Phase 1.2 IO Placement/ Clock Placement/ Build Placer Device | Checksum: 1c24a1d11

Time (s): cpu = 00:00:02 ; elapsed = 00:00:01 . Memory (MB): peak = 3042.684 ; gain = 0.000 ; free physical = 5150 ; free virtual = 26669

Phase 1.3 Build Placer Netlist Model
Phase 1.3 Build Placer Netlist Model | Checksum: 2a9e4f2f5

Time (s): cpu = 00:00:23 ; elapsed = 00:00:10 . Memory (MB): peak = 3081.727 ; gain = 39.043 ; free physical = 5116 ; free virtual = 26635

Phase 1.4 Constrain Clocks/Macros
Phase 1.4 Constrain Clocks/Macros | Checksum: 2a9e4f2f5

Time (s): cpu = 00:00:23 ; elapsed = 00:00:10 . Memory (MB): peak = 3081.727 ; gain = 39.043 ; free physical = 5116 ; free virtual = 26635
Phase 1 Placer Initialization | Checksum: 2a9e4f2f5

Time (s): cpu = 00:00:23 ; elapsed = 00:00:10 . Memory (MB): peak = 3081.727 ; gain = 39.043 ; free physical = 5116 ; free virtual = 26635

Phase 2 Global Placement

Phase 2.1 Floorplanning
Phase 2.1 Floorplanning | Checksum: 20d439284

Time (s): cpu = 00:00:33 ; elapsed = 00:00:12 . Memory (MB): peak = 3081.727 ; gain = 39.043 ; free physical = 5007 ; free virtual = 26526

Phase 2.2 Update Timing before SLR Path Opt
Phase 2.2 Update Timing before SLR Path Opt | Checksum: 216a8ba6c

Time (s): cpu = 00:00:43 ; elapsed = 00:00:15 . Memory (MB): peak = 3081.727 ; gain = 39.043 ; free physical = 5020 ; free virtual = 26539

Phase 2.3 Post-Processing in Floorplanning
Phase 2.3 Post-Processing in Floorplanning | Checksum: 216a8ba6c

Time (s): cpu = 00:00:43 ; elapsed = 00:00:15 . Memory (MB): peak = 3081.727 ; gain = 39.043 ; free physical = 5025 ; free virtual = 26544

Phase 2.4 Global Place Phase1
Phase 2.4 Global Place Phase1 | Checksum: 26f7b0dcc

Time (s): cpu = 00:02:17 ; elapsed = 00:00:46 . Memory (MB): peak = 3139.727 ; gain = 97.043 ; free physical = 4858 ; free virtual = 26377

Phase 2.5 Global Place Phase2

Phase 2.5.1 UpdateTiming Before Physical Synthesis
Phase 2.5.1 UpdateTiming Before Physical Synthesis | Checksum: 2e2e95e22

Time (s): cpu = 00:02:28 ; elapsed = 00:00:50 . Memory (MB): peak = 3139.727 ; gain = 97.043 ; free physical = 4863 ; free virtual = 26382

Phase 2.5.2 Physical Synthesis In Placer
INFO: [Physopt 32-1035] Found 0 LUTNM shape to break, 718 LUT instances to create LUTNM shape
INFO: [Physopt 32-1044] Break lutnm for timing: one critical 0, two critical 0, total 0, new lutff created 0
INFO: [Physopt 32-1138] End 1 Pass. Optimized 318 nets or LUTs. Breaked 0 LUT, combined 318 existing LUTs and moved 0 existing LUT
INFO: [Physopt 32-1408] Pass 1. Identified 8 candidate nets for high-fanout optimization.
INFO: [Physopt 32-81] Processed net rv64im72f_6sp/ex_mem_register/MEM_alu_result_reg[63]_0[5]. Replicated 28 times.
INFO: [Physopt 32-81] Processed net rv64im72f_6sp/ex_mem_register/MEM_alu_result_reg[63]_0[10]. Replicated 26 times.
INFO: [Physopt 32-81] Processed net rv64im72f_6sp/ex_mem_register/MEM_alu_result_reg[63]_0[4]. Replicated 25 times.
INFO: [Physopt 32-81] Processed net rv64im72f_6sp/ex_mem_register/MEM_alu_result_reg[63]_0[3]. Replicated 14 times.
INFO: [Physopt 32-81] Processed net rv64im72f_6sp/ex_mem_register/MEM_alu_result_reg[63]_0[6]. Replicated 14 times.
INFO: [Physopt 32-81] Processed net rv64im72f_6sp/ex_mem_register/MEM_alu_result_reg[63]_0[8]. Replicated 19 times.
INFO: [Physopt 32-81] Processed net rv64im72f_6sp/ex_mem_register/MEM_alu_result_reg[63]_0[9]. Replicated 16 times.
INFO: [Physopt 32-81] Processed net rv64im72f_6sp/ex_mem_register/MEM_alu_result_reg[63]_0[7]. Replicated 13 times.
INFO: [Physopt 32-232] Optimized 8 nets. Created 155 new instances.
INFO: [Physopt 32-775] End 1 Pass. Optimized 8 nets or cells. Created 155 new cells, deleted 0 existing cell and moved 0 existing cell
Netlist sorting complete. Time (s): cpu = 00:00:00.07 ; elapsed = 00:00:00.07 . Memory (MB): peak = 3139.727 ; gain = 0.000 ; free physical = 4863 ; free virtual = 26382
INFO: [Physopt 32-456] No candidate cells for DSP register optimization found in the design.
INFO: [Physopt 32-775] End 2 Pass. Optimized 0 net or cell. Created 0 new cell, deleted 0 existing cell and moved 0 existing cell
INFO: [Physopt 32-1123] No candidate cells found for Shift Register to Pipeline optimization
INFO: [Physopt 32-775] End 2 Pass. Optimized 0 net or cell. Created 0 new cell, deleted 0 existing cell and moved 0 existing cell
INFO: [Physopt 32-1401] No candidate cells found for Shift Register optimization.
INFO: [Physopt 32-677] No candidate cells for Shift Register optimization found in the design
INFO: [Physopt 32-775] End 1 Pass. Optimized 0 net or cell. Created 0 new cell, deleted 0 existing cell and moved 0 existing cell
INFO: [Physopt 32-526] No candidate cells for BRAM register optimization found in the design
INFO: [Physopt 32-775] End 1 Pass. Optimized 0 net or cell. Created 0 new cell, deleted 0 existing cell and moved 0 existing cell
INFO: [Physopt 32-846] No candidate cells for URAM register optimization found in the design
INFO: [Physopt 32-775] End 1 Pass. Optimized 0 net or cell. Created 0 new cell, deleted 0 existing cell and moved 0 existing cell
INFO: [Physopt 32-846] No candidate cells for URAM register optimization found in the design
INFO: [Physopt 32-775] End 1 Pass. Optimized 0 net or cell. Created 0 new cell, deleted 0 existing cell and moved 0 existing cell
INFO: [Physopt 32-949] No candidate nets found for dynamic/static region interface net replication
INFO: [Physopt 32-775] End 1 Pass. Optimized 0 net or cell. Created 0 new cell, deleted 0 existing cell and moved 0 existing cell
Netlist sorting complete. Time (s): cpu = 00:00:00 ; elapsed = 00:00:00.01 . Memory (MB): peak = 3139.727 ; gain = 0.000 ; free physical = 4863 ; free virtual = 26382

Summary of Physical Synthesis Optimizations
============================================


-----------------------------------------------------------------------------------------------------------------------------------------------------------
|  Optimization                                     |  Added Cells  |  Removed Cells  |  Optimized Cells/Nets  |  Dont Touch  |  Iterations  |  Elapsed   |
-----------------------------------------------------------------------------------------------------------------------------------------------------------
|  LUT Combining                                    |            0  |            318  |                   318  |           0  |           1  |  00:00:01  |
|  Retime                                           |            0  |              0  |                     0  |           0  |           1  |  00:00:00  |
|  Very High Fanout                                 |          155  |              0  |                     8  |           0  |           1  |  00:00:13  |
|  DSP Register                                     |            0  |              0  |                     0  |           0  |           1  |  00:00:00  |
|  Shift Register to Pipeline                       |            0  |              0  |                     0  |           0  |           1  |  00:00:00  |
|  Shift Register                                   |            0  |              0  |                     0  |           0  |           1  |  00:00:00  |
|  BRAM Register                                    |            0  |              0  |                     0  |           0  |           1  |  00:00:00  |
|  URAM Register                                    |            0  |              0  |                     0  |           0  |           1  |  00:00:00  |
|  Dynamic/Static Region Interface Net Replication  |            0  |              0  |                     0  |           0  |           1  |  00:00:00  |
|  Total                                            |          155  |            318  |                   326  |           0  |           9  |  00:00:14  |
-----------------------------------------------------------------------------------------------------------------------------------------------------------


Phase 2.5.2 Physical Synthesis In Placer | Checksum: 2a1b5b56b

Time (s): cpu = 00:02:52 ; elapsed = 00:01:07 . Memory (MB): peak = 3139.727 ; gain = 97.043 ; free physical = 4862 ; free virtual = 26381
Phase 2.5 Global Place Phase2 | Checksum: 214577d18

Time (s): cpu = 00:03:05 ; elapsed = 00:01:12 . Memory (MB): peak = 3139.727 ; gain = 97.043 ; free physical = 4862 ; free virtual = 26381
Phase 2 Global Placement | Checksum: 214577d18

Time (s): cpu = 00:03:05 ; elapsed = 00:01:12 . Memory (MB): peak = 3139.727 ; gain = 97.043 ; free physical = 4862 ; free virtual = 26381

Phase 3 Detail Placement

Phase 3.1 Commit Multi Column Macros
Phase 3.1 Commit Multi Column Macros | Checksum: 26d5f8bc1

Time (s): cpu = 00:03:15 ; elapsed = 00:01:14 . Memory (MB): peak = 3139.727 ; gain = 97.043 ; free physical = 4862 ; free virtual = 26381

Phase 3.2 Commit Most Macros & LUTRAMs
Phase 3.2 Commit Most Macros & LUTRAMs | Checksum: 2c8b29335

Time (s): cpu = 00:03:40 ; elapsed = 00:01:25 . Memory (MB): peak = 3139.727 ; gain = 97.043 ; free physical = 4861 ; free virtual = 26380

Phase 3.3 Area Swap Optimization
Phase 3.3 Area Swap Optimization | Checksum: 23405e1f1

Time (s): cpu = 00:03:41 ; elapsed = 00:01:25 . Memory (MB): peak = 3139.727 ; gain = 97.043 ; free physical = 4861 ; free virtual = 26380

Phase 3.4 Pipeline Register Optimization
Phase 3.4 Pipeline Register Optimization | Checksum: 27e16a86f

Time (s): cpu = 00:03:41 ; elapsed = 00:01:26 . Memory (MB): peak = 3139.727 ; gain = 97.043 ; free physical = 4861 ; free virtual = 26380

Phase 3.5 Fast Optimization
Phase 3.5 Fast Optimization | Checksum: 2b1acf73e

Time (s): cpu = 00:04:16 ; elapsed = 00:01:38 . Memory (MB): peak = 3139.727 ; gain = 97.043 ; free physical = 4862 ; free virtual = 26381

Phase 3.6 Small Shape Detail Placement
Phase 3.6 Small Shape Detail Placement | Checksum: 2c60eec6e

Time (s): cpu = 00:04:27 ; elapsed = 00:01:47 . Memory (MB): peak = 3147.730 ; gain = 105.047 ; free physical = 4864 ; free virtual = 26383

Phase 3.7 Re-assign LUT pins
Phase 3.7 Re-assign LUT pins | Checksum: 3276bdd88

Time (s): cpu = 00:04:28 ; elapsed = 00:01:48 . Memory (MB): peak = 3147.730 ; gain = 105.047 ; free physical = 4864 ; free virtual = 26383

Phase 3.8 Pipeline Register Optimization
Phase 3.8 Pipeline Register Optimization | Checksum: 23347ef75

Time (s): cpu = 00:04:29 ; elapsed = 00:01:48 . Memory (MB): peak = 3147.730 ; gain = 105.047 ; free physical = 4864 ; free virtual = 26383
Phase 3 Detail Placement | Checksum: 23347ef75

Time (s): cpu = 00:04:29 ; elapsed = 00:01:48 . Memory (MB): peak = 3147.730 ; gain = 105.047 ; free physical = 4864 ; free virtual = 26383

Phase 4 Post Placement Optimization and Clean-Up

Phase 4.1 Post Commit Optimization
INFO: [Timing 38-35] Done setting XDC timing constraints.

Phase 4.1.1 Post Placement Optimization
Post Placement Optimization Initialization | Checksum: 1e33ea33b

Phase 4.1.1.1 BUFG Insertion

Starting Physical Synthesis Task

Phase 1 Physical Synthesis Initialization
INFO: [Physopt 32-721] Multithreading enabled for phys_opt_design using a maximum of 8 CPUs
INFO: [Physopt 32-619] Estimated Timing Summary | WNS=-3.399 | TNS=-95.261 |
Phase 1 Physical Synthesis Initialization | Checksum: 1e9c14c29

Time (s): cpu = 00:00:03 ; elapsed = 00:00:00.85 . Memory (MB): peak = 3147.730 ; gain = 0.000 ; free physical = 4863 ; free virtual = 26383
INFO: [Place 46-33] Processed net internal_reset, BUFG insertion was skipped due to placement/routing conflicts.
INFO: [Place 46-56] BUFG insertion identified 1 candidate nets. Inserted BUFG: 0, Replicated BUFG Driver: 0, Skipped due to Placement/Routing Conflicts: 1, Skipped due to Timing Degradation: 0, Skipped due to netlist editing failed: 0.
Ending Physical Synthesis Task | Checksum: 268dd08f5

Time (s): cpu = 00:00:05 ; elapsed = 00:00:01 . Memory (MB): peak = 3147.730 ; gain = 0.000 ; free physical = 4863 ; free virtual = 26382
Phase 4.1.1.1 BUFG Insertion | Checksum: 1e33ea33b

Time (s): cpu = 00:05:03 ; elapsed = 00:01:57 . Memory (MB): peak = 3147.730 ; gain = 105.047 ; free physical = 4863 ; free virtual = 26382

Phase 4.1.1.2 Post Placement Timing Optimization
INFO: [Place 30-746] Post Placement Timing Summary WNS=-0.201. For the most accurate timing information please run report_timing.
Phase 4.1.1.2 Post Placement Timing Optimization | Checksum: 2a010a52a

Time (s): cpu = 00:07:22 ; elapsed = 00:03:42 . Memory (MB): peak = 3147.730 ; gain = 105.047 ; free physical = 4859 ; free virtual = 26378

Time (s): cpu = 00:07:22 ; elapsed = 00:03:42 . Memory (MB): peak = 3147.730 ; gain = 105.047 ; free physical = 4859 ; free virtual = 26378
Phase 4.1 Post Commit Optimization | Checksum: 2a010a52a

Time (s): cpu = 00:07:23 ; elapsed = 00:03:42 . Memory (MB): peak = 3147.730 ; gain = 105.047 ; free physical = 4859 ; free virtual = 26378

Phase 4.2 Post Placement Cleanup
Phase 4.2 Post Placement Cleanup | Checksum: 2a010a52a

Time (s): cpu = 00:07:24 ; elapsed = 00:03:42 . Memory (MB): peak = 3147.730 ; gain = 105.047 ; free physical = 4859 ; free virtual = 26378

Phase 4.3 Placer Reporting

Phase 4.3.1 Print Estimated Congestion
INFO: [Place 30-612] Post-Placement Estimated Congestion 
 ____________________________________________________
|           | Global Congestion | Short Congestion  |
| Direction | Region Size       | Region Size       |
|___________|___________________|___________________|
|      North|                2x2|                4x4|
|___________|___________________|___________________|
|      South|                1x1|                8x8|
|___________|___________________|___________________|
|       East|                1x1|                2x2|
|___________|___________________|___________________|
|       West|                1x1|                2x2|
|___________|___________________|___________________|

Phase 4.3.1 Print Estimated Congestion | Checksum: 2a010a52a

Time (s): cpu = 00:07:24 ; elapsed = 00:03:42 . Memory (MB): peak = 3147.730 ; gain = 105.047 ; free physical = 4859 ; free virtual = 26378
Phase 4.3 Placer Reporting | Checksum: 2a010a52a

Time (s): cpu = 00:07:24 ; elapsed = 00:03:42 . Memory (MB): peak = 3147.730 ; gain = 105.047 ; free physical = 4859 ; free virtual = 26378

Phase 4.4 Final Placement Cleanup
Netlist sorting complete. Time (s): cpu = 00:00:00.02 ; elapsed = 00:00:00.01 . Memory (MB): peak = 3147.730 ; gain = 0.000 ; free physical = 4859 ; free virtual = 26378

Time (s): cpu = 00:07:24 ; elapsed = 00:03:42 . Memory (MB): peak = 3147.730 ; gain = 105.047 ; free physical = 4859 ; free virtual = 26378
Phase 4 Post Placement Optimization and Clean-Up | Checksum: 1aec23598

Time (s): cpu = 00:07:24 ; elapsed = 00:03:43 . Memory (MB): peak = 3147.730 ; gain = 105.047 ; free physical = 4859 ; free virtual = 26378
Ending Placer Task | Checksum: 10f733f08

Time (s): cpu = 00:07:24 ; elapsed = 00:03:43 . Memory (MB): peak = 3147.730 ; gain = 105.047 ; free physical = 4859 ; free virtual = 26378
88 Infos, 0 Warnings, 0 Critical Warnings and 0 Errors encountered.
place_design completed successfully
place_design: Time (s): cpu = 00:07:30 ; elapsed = 00:03:45 . Memory (MB): peak = 3147.730 ; gain = 105.047 ; free physical = 4859 ; free virtual = 26378
INFO: [Vivado 12-24838] Running report commands "report_control_sets, report_io, report_utilization" in parallel.
Running report generation with 3 threads.
INFO: [Vivado 12-24828] Executing command : report_io -file RV64IM72F5SPSoCTOP_io_placed.rpt
report_io: Time (s): cpu = 00:00:00.4 ; elapsed = 00:00:00.32 . Memory (MB): peak = 3147.730 ; gain = 0.000 ; free physical = 4849 ; free virtual = 26368
INFO: [Vivado 12-24828] Executing command : report_control_sets -verbose -file RV64IM72F5SPSoCTOP_control_sets_placed.rpt
report_control_sets: Time (s): cpu = 00:00:00.48 ; elapsed = 00:00:00.37 . Memory (MB): peak = 3147.730 ; gain = 0.000 ; free physical = 4862 ; free virtual = 26381
INFO: [Vivado 12-24828] Executing command : report_utilization -file RV64IM72F5SPSoCTOP_utilization_placed.rpt -pb RV64IM72F5SPSoCTOP_utilization_placed.pb
INFO: [Timing 38-480] Writing timing data to binary archive.
Wrote PlaceDB: Time (s): cpu = 00:00:00 ; elapsed = 00:00:00 . Memory (MB): peak = 3147.730 ; gain = 0.000 ; free physical = 4862 ; free virtual = 26381
Wrote PulsedLatchDB: Time (s): cpu = 00:00:00 ; elapsed = 00:00:00 . Memory (MB): peak = 3147.730 ; gain = 0.000 ; free physical = 4862 ; free virtual = 26381
Writing XDEF routing.
Writing XDEF routing logical nets.
Writing XDEF routing special nets.
Wrote RouteStorage: Time (s): cpu = 00:00:00.34 ; elapsed = 00:00:00.08 . Memory (MB): peak = 3147.730 ; gain = 0.000 ; free physical = 4861 ; free virtual = 26381
Write ShapeDB Complete: Time (s): cpu = 00:00:00.59 ; elapsed = 00:00:00.13 . Memory (MB): peak = 3147.730 ; gain = 0.000 ; free physical = 4859 ; free virtual = 26383
Wrote PlaceStorage: Time (s): cpu = 00:00:02 ; elapsed = 00:00:01 . Memory (MB): peak = 3147.730 ; gain = 0.000 ; free physical = 4834 ; free virtual = 26384
Wrote Netlist Cache: Time (s): cpu = 00:00:00.04 ; elapsed = 00:00:00.03 . Memory (MB): peak = 3147.730 ; gain = 0.000 ; free physical = 4826 ; free virtual = 26379
Wrote Device Cache: Time (s): cpu = 00:00:00 ; elapsed = 00:00:00 . Memory (MB): peak = 3147.730 ; gain = 0.000 ; free physical = 4826 ; free virtual = 26380
Write Physdb Complete: Time (s): cpu = 00:00:02 ; elapsed = 00:00:01 . Memory (MB): peak = 3147.730 ; gain = 0.000 ; free physical = 4826 ; free virtual = 26380
INFO: [Common 17-1381] The checkpoint '/home/khwl/Desktop/claude_RISCOF_RV-IM100/RV-IM100/RV64s/SoCs/RV64IM_6SP/RV64IM72F_6SP.runs/impl_1/RV64IM72F5SPSoCTOP_placed.dcp' has been generated.
Command: phys_opt_design -directive Explore
Attempting to get a license for feature 'Implementation' and/or device 'xc7a200t'
INFO: [Common 17-349] Got license for feature 'Implementation' and/or device 'xc7a200t'
INFO: [Vivado_Tcl 4-137] Directive used for phys_opt_design is: Explore

Starting Initial Update Timing Task

Time (s): cpu = 00:00:25 ; elapsed = 00:00:06 . Memory (MB): peak = 3147.730 ; gain = 0.000 ; free physical = 4857 ; free virtual = 26385
INFO: [Vivado_Tcl 4-1435] PhysOpt_Tcl_Interface Runtime Before Starting Physical Synthesis Task | CPU: 25.73s |  WALL: 5.99s
Netlist sorting complete. Time (s): cpu = 00:00:00.01 ; elapsed = 00:00:00.02 . Memory (MB): peak = 3147.730 ; gain = 0.000 ; free physical = 4857 ; free virtual = 26385

Starting Physical Synthesis Task

Phase 1 Physical Synthesis Initialization
INFO: [Physopt 32-721] Multithreading enabled for phys_opt_design using a maximum of 8 CPUs
INFO: [Physopt 32-619] Estimated Timing Summary | WNS=-0.201 | TNS=-0.239 |
Phase 1 Physical Synthesis Initialization | Checksum: 221e5bc75

Time (s): cpu = 00:00:06 ; elapsed = 00:00:03 . Memory (MB): peak = 3147.730 ; gain = 0.000 ; free physical = 4857 ; free virtual = 26385

Phase 2 SLR Crossing Optimization
Phase 2 SLR Crossing Optimization | Checksum: 221e5bc75

Time (s): cpu = 00:00:06 ; elapsed = 00:00:03 . Memory (MB): peak = 3147.730 ; gain = 0.000 ; free physical = 4857 ; free virtual = 26385
INFO: [Physopt 32-619] Estimated Timing Summary | WNS=-0.201 | TNS=-0.239 |

Phase 3 Fanout Optimization
INFO: [Physopt 32-76] Pass 1. Identified 22 candidate nets for fanout optimization.
INFO: [Physopt 32-81] Processed net rv64im72f_6sp/ex_mem_register/MEM_alu_result_reg[63]_0[10]_repN_3. Replicated 3 times.
INFO: [Physopt 32-572] Net rv64im72f_6sp/instruction_memory/MEM_alu_result_reg[12]_rep__6_0 was not replicated.
Resolution: phys_opt_design can be forced to replicate a net driver using the option -force_replication_on_nets <list of net objects>.
INFO: [Physopt 32-572] Net rv64im72f_6sp/id_ex_register/EX_alu_src_B_select_reg[2]_11 was not replicated.
Resolution: phys_opt_design can be forced to replicate a net driver using the option -force_replication_on_nets <list of net objects>.
INFO: [Physopt 32-572] Net rv64im72f_6sp/ex_mem_register/WB_byte_enable_logic_register_file_write_data[63]_i_47_n_0 was not replicated.
Resolution: phys_opt_design can be forced to replicate a net driver using the option -force_replication_on_nets <list of net objects>.
INFO: [Physopt 32-572] Net rv64im72f_6sp/id_ex_register/src_A[8] was not replicated.
Resolution: phys_opt_design can be forced to replicate a net driver using the option -force_replication_on_nets <list of net objects>.
INFO: [Physopt 32-572] Net rv64im72f_6sp/ex_mem_register/WB_byte_enable_logic_register_file_write_data[63]_i_48_n_0 was not replicated.
Resolution: phys_opt_design can be forced to replicate a net driver using the option -force_replication_on_nets <list of net objects>.
INFO: [Physopt 32-572] Net rv64im72f_6sp/ex_mem_register/WB_byte_enable_logic_register_file_write_data[58]_i_24_n_0 was not replicated.
Resolution: phys_opt_design can be forced to replicate a net driver using the option -force_replication_on_nets <list of net objects>.
INFO: [Physopt 32-572] Net rv64im72f_6sp/id_ex_register/EX_alu_src_B_select_reg[2]_10 was not replicated.
Resolution: phys_opt_design can be forced to replicate a net driver using the option -force_replication_on_nets <list of net objects>.
INFO: [Physopt 32-572] Net rv64im72f_6sp/ex_mem_register/WB_byte_enable_logic_register_file_write_data[62]_i_59_n_0 was not replicated.
Resolution: phys_opt_design can be forced to replicate a net driver using the option -force_replication_on_nets <list of net objects>.
INFO: [Physopt 32-572] Net rv64im72f_6sp/instruction_memory/MEM_alu_result_reg[12]_rep__6_5 was not replicated.
Resolution: phys_opt_design can be forced to replicate a net driver using the option -force_replication_on_nets <list of net objects>.
INFO: [Physopt 32-572] Net rv64im72f_6sp/ex_mem_register/WB_byte_enable_logic_register_file_write_data[63]_i_49_n_0 was not replicated.
Resolution: phys_opt_design can be forced to replicate a net driver using the option -force_replication_on_nets <list of net objects>.
INFO: [Physopt 32-572] Net rv64im72f_6sp/id_ex_register/EX_alu_src_B_select_reg[2]_9 was not replicated.
Resolution: phys_opt_design can be forced to replicate a net driver using the option -force_replication_on_nets <list of net objects>.
INFO: [Physopt 32-232] Optimized 1 net. Created 3 new instances.
INFO: [Physopt 32-775] End 1 Pass. Optimized 1 net or cell. Created 3 new cells, deleted 0 existing cell and moved 0 existing cell
INFO: [Physopt 32-619] Estimated Timing Summary | WNS=-0.191 | TNS=-0.229 |
Netlist sorting complete. Time (s): cpu = 00:00:00.07 ; elapsed = 00:00:00.07 . Memory (MB): peak = 3147.730 ; gain = 0.000 ; free physical = 4857 ; free virtual = 26386
Phase 3 Fanout Optimization | Checksum: 1c3eae27d

Time (s): cpu = 00:00:49 ; elapsed = 00:00:16 . Memory (MB): peak = 3147.730 ; gain = 0.000 ; free physical = 4857 ; free virtual = 26386

Phase 4 Single Cell Placement Optimization
INFO: [Physopt 32-660] Identified 250 candidate nets for placement-based optimization.
INFO: [Physopt 32-662] Processed net rv64im72f_6sp/id_ex_register/src_A[6].  Did not re-place instance rv64im72f_6sp/id_ex_register/dividend_reg[6]_i_1
INFO: [Physopt 32-663] Processed net rv64im72f_6sp/ex_mem_register/WB_byte_enable_logic_register_file_write_data[31]_i_34_n_0.  Re-placed instance rv64im72f_6sp/ex_mem_register/WB_byte_enable_logic_register_file_write_data[31]_i_34
INFO: [Physopt 32-662] Processed net rv64im72f_6sp/ex_mem_register/MEM_alu_result_reg[12]_rep__8_n_0.  Did not re-place instance rv64im72f_6sp/ex_mem_register/MEM_alu_result_reg[12]_rep__8
INFO: [Physopt 32-662] Processed net rv64im72f_6sp/ex_mem_register/data_memory_read_data_muxed[46].  Did not re-place instance rv64im72f_6sp/ex_mem_register/WB_byte_enable_logic_register_file_write_data[46]_i_2
INFO: [Physopt 32-663] Processed net rv64im72f_6sp/id_ex_register/i___62_i_6_0[52].  Re-placed instance rv64im72f_6sp/id_ex_register/i___59_i_2
INFO: [Physopt 32-662] Processed net rv64im72f_6sp/alu/i___59_n_0.  Did not re-place instance rv64im72f_6sp/alu/i___59
INFO: [Physopt 32-662] Processed net rv64im72f_6sp/ex_mem_register/WB_byte_enable_logic_register_file_write_data[46]_i_13_n_0.  Did not re-place instance rv64im72f_6sp/ex_mem_register/WB_byte_enable_logic_register_file_write_data[46]_i_13
INFO: [Physopt 32-663] Processed net rv64im72f_6sp/ex_mem_register/WB_byte_enable_logic_register_file_write_data[46]_i_34_n_0.  Re-placed instance rv64im72f_6sp/ex_mem_register/WB_byte_enable_logic_register_file_write_data[46]_i_34
INFO: [Physopt 32-662] Processed net rv64im72f_6sp/ex_mem_register/WB_byte_enable_logic_register_file_write_data[46]_i_4_n_0.  Did not re-place instance rv64im72f_6sp/ex_mem_register/WB_byte_enable_logic_register_file_write_data[46]_i_4
INFO: [Physopt 32-662] Processed net rv64im72f_6sp/ex_mem_register/WB_byte_enable_logic_register_file_write_data[46]_i_5_n_0.  Did not re-place instance rv64im72f_6sp/ex_mem_register/WB_byte_enable_logic_register_file_write_data[46]_i_5
INFO: [Physopt 32-662] Processed net rv64im72f_6sp/ex_mem_register/WB_byte_enable_logic_register_file_write_data[46]_i_67_n_0.  Did not re-place instance rv64im72f_6sp/ex_mem_register/WB_byte_enable_logic_register_file_write_data[46]_i_67
INFO: [Physopt 32-662] Processed net rv64im72f_6sp/ex_mem_register/WB_byte_enable_logic_register_file_write_data[46]_i_6_n_0.  Did not re-place instance rv64im72f_6sp/ex_mem_register/WB_byte_enable_logic_register_file_write_data[46]_i_6
INFO: [Physopt 32-663] Processed net rv64im72f_6sp/ex_mem_register/WB_byte_enable_logic_register_file_write_data[46]_i_7_n_0.  Re-placed instance rv64im72f_6sp/ex_mem_register/WB_byte_enable_logic_register_file_write_data[46]_i_7
INFO: [Physopt 32-662] Processed net rv64im72f_6sp/ex_mem_register/WB_byte_enable_logic_register_file_write_data[6]_i_12_n_0.  Did not re-place instance rv64im72f_6sp/ex_mem_register/WB_byte_enable_logic_register_file_write_data[6]_i_12
INFO: [Physopt 32-662] Processed net rv64im72f_6sp/ex_mem_register/dividend_reg[6]_i_14_n_0.  Did not re-place instance rv64im72f_6sp/ex_mem_register/dividend_reg[6]_i_14
INFO: [Physopt 32-662] Processed net rv64im72f_6sp/ex_mem_register/rom_read_data[46].  Did not re-place instance rv64im72f_6sp/ex_mem_register/WB_byte_enable_logic_register_file_write_data[46]_i_3
INFO: [Physopt 32-662] Processed net rv64im72f_6sp/id_ex_register/EX2_alu_zero_i_4_n_0.  Did not re-place instance rv64im72f_6sp/id_ex_register/EX2_alu_zero_i_4
INFO: [Physopt 32-662] Processed net rv64im72f_6sp/id_ex_register/EX2_pc[11]_i_2.  Did not re-place instance rv64im72f_6sp/id_ex_register/EX2_alu_zero_i_1
INFO: [Physopt 32-662] Processed net rv64im72f_6sp/id_ex_register/EX_read_data1_reg[7]_0[2].  Did not re-place instance rv64im72f_6sp/id_ex_register/i___50_i_41
INFO: [Physopt 32-662] Processed net rv64im72f_6sp/id_ex_register/alu_zero.  Did not re-place instance rv64im72f_6sp/id_ex_register/EX2_alu_zero_i_2
INFO: [Physopt 32-662] Processed net rv64im72f_6sp/id_ex_register/dividend_reg[6]_i_4_n_0.  Did not re-place instance rv64im72f_6sp/id_ex_register/dividend_reg[6]_i_4
INFO: [Physopt 32-662] Processed net rv64im72f_6sp/id_ex_register/i___59_i_24_n_0.  Did not re-place instance rv64im72f_6sp/id_ex_register/i___59_i_24
INFO: [Physopt 32-662] Processed net rv64im72f_6sp/id_ex_register/i___59_i_9_n_0.  Did not re-place instance rv64im72f_6sp/id_ex_register/i___59_i_9
INFO: [Physopt 32-662] Processed net rv64im72f_6sp/ex_ex2_register/EX2_alu_zero.  Did not re-place instance rv64im72f_6sp/ex_ex2_register/EX2_alu_zero_reg
INFO: [Physopt 32-662] Processed net rv64im72f_6sp/ex_mem_register/WB_byte_enable_logic_register_file_write_data[63]_i_47_n_0.  Did not re-place instance rv64im72f_6sp/ex_mem_register/WB_byte_enable_logic_register_file_write_data[63]_i_47
INFO: [Physopt 32-662] Processed net rv64im72f_6sp/id_ex_register/src_A[8].  Did not re-place instance rv64im72f_6sp/id_ex_register/dividend_reg[8]_i_1
INFO: [Physopt 32-662] Processed net rv64im72f_6sp/ex_mem_register/WB_byte_enable_logic_register_file_write_data[60]_i_49_n_0.  Did not re-place instance rv64im72f_6sp/ex_mem_register/WB_byte_enable_logic_register_file_write_data[60]_i_49
INFO: [Physopt 32-663] Processed net rv64im72f_6sp/ex_mem_register/MEM_alu_result_reg[63]_0[10]_repN_3.  Re-placed instance rv64im72f_6sp/ex_mem_register/MEM_alu_result_reg[10]_replica_3
INFO: [Physopt 32-662] Processed net rv64im72f_6sp/ex_mem_register/data_memory_read_data_muxed[24].  Did not re-place instance rv64im72f_6sp/ex_mem_register/WB_byte_enable_logic_register_file_write_data[24]_i_2
INFO: [Physopt 32-662] Processed net rv64im72f_6sp/ex_mem_register/WB_byte_enable_logic_register_file_write_data[24]_i_3_n_0.  Did not re-place instance rv64im72f_6sp/ex_mem_register/WB_byte_enable_logic_register_file_write_data[24]_i_3
INFO: [Physopt 32-662] Processed net rv64im72f_6sp/ex_mem_register/WB_byte_enable_logic_register_file_write_data[8]_i_3_n_0.  Did not re-place instance rv64im72f_6sp/ex_mem_register/WB_byte_enable_logic_register_file_write_data[8]_i_3
INFO: [Physopt 32-663] Processed net rv64im72f_6sp/ex_mem_register/WB_byte_enable_logic_register_file_write_data[24]_i_13_n_0.  Re-placed instance rv64im72f_6sp/ex_mem_register/WB_byte_enable_logic_register_file_write_data[24]_i_13
INFO: [Physopt 32-662] Processed net rv64im72f_6sp/ex_mem_register/WB_byte_enable_logic_register_file_write_data[24]_i_59_n_0.  Did not re-place instance rv64im72f_6sp/ex_mem_register/WB_byte_enable_logic_register_file_write_data[24]_i_59
INFO: [Physopt 32-662] Processed net rv64im72f_6sp/ex_mem_register/WB_byte_enable_logic_register_file_write_data[24]_i_5_n_0.  Did not re-place instance rv64im72f_6sp/ex_mem_register/WB_byte_enable_logic_register_file_write_data[24]_i_5
INFO: [Physopt 32-662] Processed net rv64im72f_6sp/ex_mem_register/WB_byte_enable_logic_register_file_write_data[24]_i_6_n_0.  Did not re-place instance rv64im72f_6sp/ex_mem_register/WB_byte_enable_logic_register_file_write_data[24]_i_6
INFO: [Physopt 32-662] Processed net rv64im72f_6sp/ex_mem_register/WB_byte_enable_logic_register_file_write_data[24]_i_7_n_0.  Did not re-place instance rv64im72f_6sp/ex_mem_register/WB_byte_enable_logic_register_file_write_data[24]_i_7
INFO: [Physopt 32-662] Processed net rv64im72f_6sp/ex_mem_register/WB_byte_enable_logic_register_file_write_data[24]_i_8_n_0.  Did not re-place instance rv64im72f_6sp/ex_mem_register/WB_byte_enable_logic_register_file_write_data[24]_i_8
INFO: [Physopt 32-662] Processed net rv64im72f_6sp/ex_mem_register/dividend_reg[8]_i_5_n_0.  Did not re-place instance rv64im72f_6sp/ex_mem_register/dividend_reg[8]_i_5
INFO: [Physopt 32-662] Processed net rv64im72f_6sp/ex_mem_register/rom_read_data[24].  Did not re-place instance rv64im72f_6sp/ex_mem_register/WB_byte_enable_logic_register_file_write_data[24]_i_4
INFO: [Physopt 32-662] Processed net rv64im72f_6sp/id_ex_register/EX_read_data1_reg[11]_0[0].  Did not re-place instance rv64im72f_6sp/id_ex_register/i___49_i_40
INFO: [Physopt 32-662] Processed net rv64im72f_6sp/id_ex_register/alu_forward_source_data_a[8].  Did not re-place instance rv64im72f_6sp/id_ex_register/dividend_reg[8]_i_2
INFO: [Physopt 32-662] Processed net rv64im72f_6sp/alu/i___62_n_0.  Did not re-place instance rv64im72f_6sp/alu/i___62
INFO: [Physopt 32-662] Processed net rv64im72f_6sp/id_ex_register/i___62_i_13_n_0.  Did not re-place instance rv64im72f_6sp/id_ex_register/i___62_i_13
INFO: [Physopt 32-662] Processed net rv64im72f_6sp/id_ex_register/i___62_i_7_n_0.  Did not re-place instance rv64im72f_6sp/id_ex_register/i___62_i_7
INFO: [Physopt 32-662] Processed net rv64im72f_6sp/id_ex_register/i___62_i_6_0[47].  Did not re-place instance rv64im72f_6sp/id_ex_register/i___57_i_1
INFO: [Physopt 32-663] Processed net rv64im72f_6sp/id_ex_register/i___62_i_6_0[57].  Re-placed instance rv64im72f_6sp/id_ex_register/i___61_i_3
INFO: [Physopt 32-662] Processed net rv64im72f_6sp/alu/i___57_n_0.  Did not re-place instance rv64im72f_6sp/alu/i___57
INFO: [Physopt 32-662] Processed net rv64im72f_6sp/alu/i___61_n_0.  Did not re-place instance rv64im72f_6sp/alu/i___61
INFO: [Physopt 32-662] Processed net rv64im72f_6sp/id_ex_register/i___57_i_19_n_0.  Did not re-place instance rv64im72f_6sp/id_ex_register/i___57_i_19
INFO: [Physopt 32-662] Processed net rv64im72f_6sp/id_ex_register/i___57_i_6_n_0.  Did not re-place instance rv64im72f_6sp/id_ex_register/i___57_i_6
INFO: [Physopt 32-662] Processed net rv64im72f_6sp/id_ex_register/i___61_i_10_n_0.  Did not re-place instance rv64im72f_6sp/id_ex_register/i___61_i_10
INFO: [Physopt 32-662] Processed net rv64im72f_6sp/id_ex_register/i___61_i_18_n_0.  Did not re-place instance rv64im72f_6sp/id_ex_register/i___61_i_18
INFO: [Physopt 32-662] Processed net rv64im72f_6sp/ex_mem_register/WB_byte_enable_logic_register_file_write_data[58]_i_24_n_0.  Did not re-place instance rv64im72f_6sp/ex_mem_register/WB_byte_enable_logic_register_file_write_data[58]_i_24
INFO: [Physopt 32-662] Processed net rv64im72f_6sp/ex_mem_register/WB_byte_enable_logic_register_file_write_data[24]_i_14_n_0.  Did not re-place instance rv64im72f_6sp/ex_mem_register/WB_byte_enable_logic_register_file_write_data[24]_i_14
INFO: [Physopt 32-663] Processed net rv64im72f_6sp/ex_mem_register/WB_byte_enable_logic_register_file_write_data[24]_i_33_n_0.  Re-placed instance rv64im72f_6sp/ex_mem_register/WB_byte_enable_logic_register_file_write_data[24]_i_33
INFO: [Physopt 32-662] Processed net rv64im72f_6sp/ex_mem_register/WB_byte_enable_logic_register_file_write_data[62]_i_59_n_0.  Did not re-place instance rv64im72f_6sp/ex_mem_register/WB_byte_enable_logic_register_file_write_data[62]_i_59
INFO: [Physopt 32-662] Processed net rv64im72f_6sp/ex_mem_register/MEM_alu_result_reg[12]_rep__9_n_0.  Did not re-place instance rv64im72f_6sp/ex_mem_register/MEM_alu_result_reg[12]_rep__9
INFO: [Physopt 32-662] Processed net rv64im72f_6sp/ex_mem_register/data_memory_read_data_muxed[62].  Did not re-place instance rv64im72f_6sp/ex_mem_register/WB_byte_enable_logic_register_file_write_data[62]_i_2
INFO: [Physopt 32-662] Processed net rv64im72f_6sp/ex_mem_register/WB_byte_enable_logic_register_file_write_data[62]_i_17_n_0.  Did not re-place instance rv64im72f_6sp/ex_mem_register/WB_byte_enable_logic_register_file_write_data[62]_i_17
INFO: [Physopt 32-662] Processed net rv64im72f_6sp/ex_mem_register/WB_byte_enable_logic_register_file_write_data[62]_i_38_n_0.  Did not re-place instance rv64im72f_6sp/ex_mem_register/WB_byte_enable_logic_register_file_write_data[62]_i_38
INFO: [Physopt 32-662] Processed net rv64im72f_6sp/ex_mem_register/WB_byte_enable_logic_register_file_write_data[62]_i_4_n_0.  Did not re-place instance rv64im72f_6sp/ex_mem_register/WB_byte_enable_logic_register_file_write_data[62]_i_4
INFO: [Physopt 32-662] Processed net rv64im72f_6sp/ex_mem_register/WB_byte_enable_logic_register_file_write_data[62]_i_5_n_0.  Did not re-place instance rv64im72f_6sp/ex_mem_register/WB_byte_enable_logic_register_file_write_data[62]_i_5
INFO: [Physopt 32-662] Processed net rv64im72f_6sp/ex_mem_register/WB_byte_enable_logic_register_file_write_data[62]_i_6_n_0.  Did not re-place instance rv64im72f_6sp/ex_mem_register/WB_byte_enable_logic_register_file_write_data[62]_i_6
INFO: [Physopt 32-662] Processed net rv64im72f_6sp/ex_mem_register/WB_byte_enable_logic_register_file_write_data[62]_i_80_n_0.  Did not re-place instance rv64im72f_6sp/ex_mem_register/WB_byte_enable_logic_register_file_write_data[62]_i_80
INFO: [Physopt 32-662] Processed net rv64im72f_6sp/ex_mem_register/rom_read_data[62].  Did not re-place instance rv64im72f_6sp/ex_mem_register/WB_byte_enable_logic_register_file_write_data[62]_i_3
INFO: [Physopt 32-662] Processed net rv64im72f_6sp/instruction_memory/MEM_alu_result_reg[12]_rep__6_5.  Did not re-place instance rv64im72f_6sp/instruction_memory/i___11_rep__0
INFO: [Physopt 32-662] Processed net rv64im72f_6sp/ex_mem_register/WB_byte_enable_logic_register_file_write_data[63]_i_49_n_0.  Did not re-place instance rv64im72f_6sp/ex_mem_register/WB_byte_enable_logic_register_file_write_data[63]_i_49
INFO: [Physopt 32-662] Processed net rv64im72f_6sp/id_ex_register/EX_alu_src_B_select_reg[2]_10.  Did not re-place instance rv64im72f_6sp/id_ex_register/i___232_i_3
INFO: [Physopt 32-663] Processed net rv64im72f_6sp/ex_mem_register/MEM_alu_result_reg[12]_rep__6_0.  Re-placed instance rv64im72f_6sp/ex_mem_register/MEM_alu_result_reg[12]_rep__6
INFO: [Physopt 32-662] Processed net rv64im72f_6sp/ex_mem_register/WB_byte_enable_logic_register_file_write_data[29]_i_40_n_0.  Did not re-place instance rv64im72f_6sp/ex_mem_register/WB_byte_enable_logic_register_file_write_data[29]_i_40
INFO: [Physopt 32-662] Processed net rv64im72f_6sp/ex_mem_register/alu_forward_source_data_b[5].  Did not re-place instance rv64im72f_6sp/ex_mem_register/divisor_latch[5]_i_2
INFO: [Physopt 32-662] Processed net rv64im72f_6sp/id_ex_register/EX_alu_src_B_select_reg[2]_0.  Did not re-place instance rv64im72f_6sp/id_ex_register/i___227_i_1
INFO: [Physopt 32-662] Processed net rv64im72f_6sp/ex_mem_register/data_memory_read_data_muxed[49].  Did not re-place instance rv64im72f_6sp/ex_mem_register/WB_byte_enable_logic_register_file_write_data[49]_i_2
INFO: [Physopt 32-662] Processed net rv64im72f_6sp/ex_mem_register/alu_forward_source_data_b[1].  Did not re-place instance rv64im72f_6sp/ex_mem_register/divisor_latch[1]_i_2
INFO: [Physopt 32-663] Processed net rv64im72f_6sp/id_ex_register/i___53_i_36_n_0.  Re-placed instance rv64im72f_6sp/id_ex_register/i___53_i_36
INFO: [Physopt 32-663] Processed net rv64im72f_6sp/id_ex_register/i___42_i_64_n_0.  Re-placed instance rv64im72f_6sp/id_ex_register/i___42_i_64
INFO: [Physopt 32-663] Processed net rv64im72f_6sp/ex_mem_register/WB_byte_enable_logic_register_file_write_data[17]_i_3_n_0.  Re-placed instance rv64im72f_6sp/ex_mem_register/WB_byte_enable_logic_register_file_write_data[17]_i_3
INFO: [Physopt 32-662] Processed net rv64im72f_6sp/ex_mem_register/WB_byte_enable_logic_register_file_write_data[1]_i_2_n_0.  Did not re-place instance rv64im72f_6sp/ex_mem_register/WB_byte_enable_logic_register_file_write_data[1]_i_2
INFO: [Physopt 32-662] Processed net rv64im72f_6sp/ex_mem_register/WB_byte_enable_logic_register_file_write_data[53]_i_77_n_0.  Did not re-place instance rv64im72f_6sp/ex_mem_register/WB_byte_enable_logic_register_file_write_data[53]_i_77
INFO: [Physopt 32-662] Processed net rv64im72f_6sp/ex_mem_register/WB_byte_enable_logic_register_file_write_data[5]_i_3_n_0.  Did not re-place instance rv64im72f_6sp/ex_mem_register/WB_byte_enable_logic_register_file_write_data[5]_i_3
INFO: [Physopt 32-662] Processed net rv64im72f_6sp/ex_mem_register/data_memory_read_data_muxed[5].  Did not re-place instance rv64im72f_6sp/ex_mem_register/WB_byte_enable_logic_register_file_write_data[5]_i_5
INFO: [Physopt 32-662] Processed net rv64im72f_6sp/id_ex_register/i___53_i_45_n_0.  Did not re-place instance rv64im72f_6sp/id_ex_register/i___53_i_45
INFO: [Physopt 32-662] Processed net rv64im72f_6sp/id_ex_register/i___62_i_6_0[37].  Did not re-place instance rv64im72f_6sp/id_ex_register/i___54_i_2
INFO: [Physopt 32-662] Processed net rv64im72f_6sp/alu/i___54_n_0.  Did not re-place instance rv64im72f_6sp/alu/i___54
INFO: [Physopt 32-662] Processed net rv64im72f_6sp/ex_mem_register/WB_byte_enable_logic_register_file_write_data[49]_i_17_n_0.  Did not re-place instance rv64im72f_6sp/ex_mem_register/WB_byte_enable_logic_register_file_write_data[49]_i_17
INFO: [Physopt 32-662] Processed net rv64im72f_6sp/ex_mem_register/WB_byte_enable_logic_register_file_write_data[49]_i_48_n_0.  Did not re-place instance rv64im72f_6sp/ex_mem_register/WB_byte_enable_logic_register_file_write_data[49]_i_48
INFO: [Physopt 32-662] Processed net rv64im72f_6sp/ex_mem_register/WB_byte_enable_logic_register_file_write_data[49]_i_4_n_0.  Did not re-place instance rv64im72f_6sp/ex_mem_register/WB_byte_enable_logic_register_file_write_data[49]_i_4
INFO: [Physopt 32-662] Processed net rv64im72f_6sp/ex_mem_register/WB_byte_enable_logic_register_file_write_data[49]_i_5_n_0.  Did not re-place instance rv64im72f_6sp/ex_mem_register/WB_byte_enable_logic_register_file_write_data[49]_i_5
INFO: [Physopt 32-663] Processed net rv64im72f_6sp/ex_mem_register/WB_byte_enable_logic_register_file_write_data[49]_i_6_n_0.  Re-placed instance rv64im72f_6sp/ex_mem_register/WB_byte_enable_logic_register_file_write_data[49]_i_6
INFO: [Physopt 32-662] Processed net rv64im72f_6sp/ex_mem_register/WB_byte_enable_logic_register_file_write_data[49]_i_9_n_0.  Did not re-place instance rv64im72f_6sp/ex_mem_register/WB_byte_enable_logic_register_file_write_data[49]_i_9
INFO: [Physopt 32-662] Processed net rv64im72f_6sp/ex_mem_register/WB_byte_enable_logic_register_file_write_data[5]_i_10_n_0.  Did not re-place instance rv64im72f_6sp/ex_mem_register/WB_byte_enable_logic_register_file_write_data[5]_i_10
INFO: [Physopt 32-663] Processed net rv64im72f_6sp/ex_mem_register/WB_byte_enable_logic_register_file_write_data[5]_i_12_n_0.  Re-placed instance rv64im72f_6sp/ex_mem_register/WB_byte_enable_logic_register_file_write_data[5]_i_12
INFO: [Physopt 32-663] Processed net rv64im72f_6sp/ex_mem_register/WB_byte_enable_logic_register_file_write_data[5]_i_19_n_0.  Re-placed instance rv64im72f_6sp/ex_mem_register/WB_byte_enable_logic_register_file_write_data[5]_i_19
INFO: [Physopt 32-662] Processed net rv64im72f_6sp/ex_mem_register/WB_byte_enable_logic_register_file_write_data[5]_i_40_n_0.  Did not re-place instance rv64im72f_6sp/ex_mem_register/WB_byte_enable_logic_register_file_write_data[5]_i_40
INFO: [Physopt 32-662] Processed net rv64im72f_6sp/ex_mem_register/WB_byte_enable_logic_register_file_write_data[5]_i_8_n_0.  Did not re-place instance rv64im72f_6sp/ex_mem_register/WB_byte_enable_logic_register_file_write_data[5]_i_8
INFO: [Physopt 32-662] Processed net rv64im72f_6sp/ex_mem_register/WB_byte_enable_logic_register_file_write_data[5]_i_9_n_0.  Did not re-place instance rv64im72f_6sp/ex_mem_register/WB_byte_enable_logic_register_file_write_data[5]_i_9
INFO: [Physopt 32-662] Processed net rv64im72f_6sp/ex_mem_register/dividend_reg[1]_i_8_n_0.  Did not re-place instance rv64im72f_6sp/ex_mem_register/dividend_reg[1]_i_8
INFO: [Physopt 32-662] Processed net rv64im72f_6sp/ex_mem_register/dividend_reg[5]_i_9_n_0.  Did not re-place instance rv64im72f_6sp/ex_mem_register/dividend_reg[5]_i_9
INFO: [Physopt 32-662] Processed net rv64im72f_6sp/ex_mem_register/rom_read_data[49].  Did not re-place instance rv64im72f_6sp/ex_mem_register/WB_byte_enable_logic_register_file_write_data[49]_i_3
INFO: [Physopt 32-662] Processed net rv64im72f_6sp/ex_mem_register/rom_read_data[5].  Did not re-place instance rv64im72f_6sp/ex_mem_register/WB_byte_enable_logic_register_file_write_data[5]_i_7
INFO: [Physopt 32-662] Processed net rv64im72f_6sp/id_ex_register/alu/alu_dword/data9[37].  Did not re-place instance rv64im72f_6sp/id_ex_register/i___54_i_21
INFO: [Physopt 32-662] Processed net rv64im72f_6sp/id_ex_register/divisor_latch[3]_i_1_0[1].  Did not re-place instance rv64im72f_6sp/id_ex_register/i___52_i_28
INFO: [Physopt 32-662] Processed net rv64im72f_6sp/id_ex_register/i___62_i_6_0[44].  Did not re-place instance rv64im72f_6sp/id_ex_register/i___56_i_1
INFO: [Physopt 32-662] Processed net rv64im72f_6sp/alu/i___56_n_0.  Did not re-place instance rv64im72f_6sp/alu/i___56
INFO: [Physopt 32-662] Processed net rv64im72f_6sp/id_ex_register/i___56_i_17_n_0.  Did not re-place instance rv64im72f_6sp/id_ex_register/i___56_i_17
INFO: [Physopt 32-662] Processed net rv64im72f_6sp/id_ex_register/i___56_i_6_n_0.  Did not re-place instance rv64im72f_6sp/id_ex_register/i___56_i_6
INFO: [Physopt 32-662] Processed net rv64im72f_6sp/id_ex_register/i___62_i_6_0[39].  Did not re-place instance rv64im72f_6sp/id_ex_register/i___55_i_3
INFO: [Physopt 32-662] Processed net rv64im72f_6sp/alu/i___55_n_0.  Did not re-place instance rv64im72f_6sp/alu/i___55
INFO: [Physopt 32-662] Processed net rv64im72f_6sp/id_ex_register/i___55_i_12_n_0.  Did not re-place instance rv64im72f_6sp/id_ex_register/i___55_i_12
INFO: [Physopt 32-662] Processed net rv64im72f_6sp/id_ex_register/i___55_i_28_n_0.  Did not re-place instance rv64im72f_6sp/id_ex_register/i___55_i_28
INFO: [Physopt 32-663] Processed net rv64im72f_6sp/ex_mem_register/MEM_alu_result_reg[63]_0[10]_repN_26.  Re-placed instance rv64im72f_6sp/ex_mem_register/MEM_alu_result_reg[10]_replica_26
INFO: [Physopt 32-662] Processed net rv64im72f_6sp/instruction_memory/MEM_alu_result_reg[12]_rep__6_0.  Did not re-place instance rv64im72f_6sp/instruction_memory/i___11
INFO: [Physopt 32-662] Processed net rv64im72f_6sp/id_ex_register/EX_alu_src_B_select_reg[2]_11.  Did not re-place instance rv64im72f_6sp/id_ex_register/i___238_i_3
INFO: [Physopt 32-662] Processed net rv64im72f_6sp/ex_mem_register/alu_forward_source_data_b[4].  Did not re-place instance rv64im72f_6sp/ex_mem_register/divisor_latch[4]_i_2
INFO: [Physopt 32-662] Processed net rv64im72f_6sp/id_ex_register/i___53_i_28_n_0.  Did not re-place instance rv64im72f_6sp/id_ex_register/i___53_i_28
INFO: [Physopt 32-662] Processed net rv64im72f_6sp/ex_mem_register/data_memory_read_data_muxed[44].  Did not re-place instance rv64im72f_6sp/ex_mem_register/WB_byte_enable_logic_register_file_write_data[44]_i_2
INFO: [Physopt 32-662] Processed net rv64im72f_6sp/ex_mem_register/WB_byte_enable_logic_register_file_write_data[4]_i_4_n_0.  Did not re-place instance rv64im72f_6sp/ex_mem_register/WB_byte_enable_logic_register_file_write_data[4]_i_4
INFO: [Physopt 32-662] Processed net rv64im72f_6sp/id_ex_register/i___42_i_20_n_0.  Did not re-place instance rv64im72f_6sp/id_ex_register/i___42_i_20
INFO: [Physopt 32-662] Processed net rv64im72f_6sp/ex_mem_register/WB_byte_enable_logic_register_file_write_data[44]_i_107_n_0.  Did not re-place instance rv64im72f_6sp/ex_mem_register/WB_byte_enable_logic_register_file_write_data[44]_i_107
INFO: [Physopt 32-662] Processed net rv64im72f_6sp/ex_mem_register/WB_byte_enable_logic_register_file_write_data[44]_i_4_n_0.  Did not re-place instance rv64im72f_6sp/ex_mem_register/WB_byte_enable_logic_register_file_write_data[44]_i_4
INFO: [Physopt 32-662] Processed net rv64im72f_6sp/ex_mem_register/WB_byte_enable_logic_register_file_write_data[44]_i_5_n_0.  Did not re-place instance rv64im72f_6sp/ex_mem_register/WB_byte_enable_logic_register_file_write_data[44]_i_5
INFO: [Physopt 32-662] Processed net rv64im72f_6sp/ex_mem_register/WB_byte_enable_logic_register_file_write_data[44]_i_60_n_0.  Did not re-place instance rv64im72f_6sp/ex_mem_register/WB_byte_enable_logic_register_file_write_data[44]_i_60
INFO: [Physopt 32-662] Processed net rv64im72f_6sp/ex_mem_register/WB_byte_enable_logic_register_file_write_data[44]_i_6_n_0.  Did not re-place instance rv64im72f_6sp/ex_mem_register/WB_byte_enable_logic_register_file_write_data[44]_i_6
INFO: [Physopt 32-663] Processed net rv64im72f_6sp/ex_mem_register/WB_byte_enable_logic_register_file_write_data[44]_i_9_n_0.  Re-placed instance rv64im72f_6sp/ex_mem_register/WB_byte_enable_logic_register_file_write_data[44]_i_9
INFO: [Physopt 32-662] Processed net rv64im72f_6sp/ex_mem_register/dividend_reg[4]_i_8_n_0.  Did not re-place instance rv64im72f_6sp/ex_mem_register/dividend_reg[4]_i_8
INFO: [Physopt 32-662] Processed net rv64im72f_6sp/ex_mem_register/rom_read_data[44].  Did not re-place instance rv64im72f_6sp/ex_mem_register/WB_byte_enable_logic_register_file_write_data[44]_i_3
INFO: [Physopt 32-662] Processed net rv64im72f_6sp/id_ex_register/alu/alu_dword/data7[37].  Did not re-place instance rv64im72f_6sp/id_ex_register/i___54_i_19
INFO: [Physopt 32-662] Processed net rv64im72f_6sp/id_ex_register/i___42_i_41_n_0.  Did not re-place instance rv64im72f_6sp/id_ex_register/i___42_i_41
INFO: [Physopt 32-662] Processed net rv64im72f_6sp/id_ex_register/D[9].  Did not re-place instance rv64im72f_6sp/id_ex_register/divisor_latch[9]_i_1
INFO: [Physopt 32-662] Processed net rv64im72f_6sp/ex_mem_register/data_memory_read_data_muxed[57].  Did not re-place instance rv64im72f_6sp/ex_mem_register/WB_byte_enable_logic_register_file_write_data[57]_i_2
INFO: [Physopt 32-662] Processed net rv64im72f_6sp/ex_mem_register/WB_byte_enable_logic_register_file_write_data[25]_i_3_n_0.  Did not re-place instance rv64im72f_6sp/ex_mem_register/WB_byte_enable_logic_register_file_write_data[25]_i_3
INFO: [Physopt 32-662] Processed net rv64im72f_6sp/ex_mem_register/WB_byte_enable_logic_register_file_write_data[9]_i_3_n_0.  Did not re-place instance rv64im72f_6sp/ex_mem_register/WB_byte_enable_logic_register_file_write_data[9]_i_3
INFO: [Physopt 32-662] Processed net rv64im72f_6sp/id_ex_register/i___62_i_6_0[56].  Did not re-place instance rv64im72f_6sp/id_ex_register/i___60_i_1
INFO: [Physopt 32-662] Processed net rv64im72f_6sp/alu/i___60_n_0.  Did not re-place instance rv64im72f_6sp/alu/i___60
INFO: [Physopt 32-663] Processed net rv64im72f_6sp/ex_mem_register/WB_byte_enable_logic_register_file_write_data[57]_i_16_n_0.  Re-placed instance rv64im72f_6sp/ex_mem_register/WB_byte_enable_logic_register_file_write_data[57]_i_16
INFO: [Physopt 32-663] Processed net rv64im72f_6sp/ex_mem_register/WB_byte_enable_logic_register_file_write_data[57]_i_42_n_0.  Re-placed instance rv64im72f_6sp/ex_mem_register/WB_byte_enable_logic_register_file_write_data[57]_i_42
INFO: [Physopt 32-662] Processed net rv64im72f_6sp/ex_mem_register/WB_byte_enable_logic_register_file_write_data[57]_i_4_n_0.  Did not re-place instance rv64im72f_6sp/ex_mem_register/WB_byte_enable_logic_register_file_write_data[57]_i_4
INFO: [Physopt 32-662] Processed net rv64im72f_6sp/ex_mem_register/WB_byte_enable_logic_register_file_write_data[57]_i_5_n_0.  Did not re-place instance rv64im72f_6sp/ex_mem_register/WB_byte_enable_logic_register_file_write_data[57]_i_5
INFO: [Physopt 32-662] Processed net rv64im72f_6sp/ex_mem_register/WB_byte_enable_logic_register_file_write_data[57]_i_6_n_0.  Did not re-place instance rv64im72f_6sp/ex_mem_register/WB_byte_enable_logic_register_file_write_data[57]_i_6
INFO: [Physopt 32-662] Processed net rv64im72f_6sp/ex_mem_register/WB_byte_enable_logic_register_file_write_data[57]_i_8_n_0.  Did not re-place instance rv64im72f_6sp/ex_mem_register/WB_byte_enable_logic_register_file_write_data[57]_i_8
INFO: [Physopt 32-662] Processed net rv64im72f_6sp/ex_mem_register/alu_forward_source_data_b[9].  Did not re-place instance rv64im72f_6sp/ex_mem_register/divisor_latch[9]_i_2
INFO: [Physopt 32-662] Processed net rv64im72f_6sp/ex_mem_register/dividend_reg[9]_i_5_n_0.  Did not re-place instance rv64im72f_6sp/ex_mem_register/dividend_reg[9]_i_5
INFO: [Physopt 32-662] Processed net rv64im72f_6sp/ex_mem_register/rom_read_data[57].  Did not re-place instance rv64im72f_6sp/ex_mem_register/WB_byte_enable_logic_register_file_write_data[57]_i_3
INFO: [Physopt 32-662] Processed net rv64im72f_6sp/id_ex_register/EX_read_data1_reg[11]_0[1].  Did not re-place instance rv64im72f_6sp/id_ex_register/i___49_i_39
INFO: [Physopt 32-662] Processed net rv64im72f_6sp/id_ex_register/i___60_i_19_n_0.  Did not re-place instance rv64im72f_6sp/id_ex_register/i___60_i_19
INFO: [Physopt 32-662] Processed net rv64im72f_6sp/id_ex_register/i___60_i_6_n_0.  Did not re-place instance rv64im72f_6sp/id_ex_register/i___60_i_6
INFO: [Physopt 32-663] Processed net rv64im72f_6sp/ex_mem_register/MEM_alu_result_reg[63]_0[10]_repN_1.  Re-placed instance rv64im72f_6sp/ex_mem_register/MEM_alu_result_reg[10]_replica_1
INFO: [Physopt 32-662] Processed net rv64im72f_6sp/ex_mem_register/data_memory_read_data_muxed[9].  Did not re-place instance rv64im72f_6sp/ex_mem_register/WB_byte_enable_logic_register_file_write_data[9]_i_4
INFO: [Physopt 32-662] Processed net rv64im72f_6sp/ex_mem_register/WB_byte_enable_logic_register_file_write_data[1]_i_3_n_0.  Did not re-place instance rv64im72f_6sp/ex_mem_register/WB_byte_enable_logic_register_file_write_data[1]_i_3
INFO: [Physopt 32-662] Processed net rv64im72f_6sp/ex_mem_register/WB_byte_enable_logic_register_file_write_data[58]_i_48_n_0.  Did not re-place instance rv64im72f_6sp/ex_mem_register/WB_byte_enable_logic_register_file_write_data[58]_i_48
INFO: [Physopt 32-662] Processed net rv64im72f_6sp/ex_mem_register/WB_byte_enable_logic_register_file_write_data[9]_i_12_n_0.  Did not re-place instance rv64im72f_6sp/ex_mem_register/WB_byte_enable_logic_register_file_write_data[9]_i_12
INFO: [Physopt 32-663] Processed net rv64im72f_6sp/ex_mem_register/WB_byte_enable_logic_register_file_write_data[9]_i_24_n_0.  Re-placed instance rv64im72f_6sp/ex_mem_register/WB_byte_enable_logic_register_file_write_data[9]_i_24
INFO: [Physopt 32-662] Processed net rv64im72f_6sp/ex_mem_register/WB_byte_enable_logic_register_file_write_data[9]_i_6_n_0.  Did not re-place instance rv64im72f_6sp/ex_mem_register/WB_byte_enable_logic_register_file_write_data[9]_i_6
INFO: [Physopt 32-662] Processed net rv64im72f_6sp/ex_mem_register/WB_byte_enable_logic_register_file_write_data[9]_i_7_n_0.  Did not re-place instance rv64im72f_6sp/ex_mem_register/WB_byte_enable_logic_register_file_write_data[9]_i_7
INFO: [Physopt 32-663] Processed net rv64im72f_6sp/ex_mem_register/WB_byte_enable_logic_register_file_write_data[9]_i_8_n_0.  Re-placed instance rv64im72f_6sp/ex_mem_register/WB_byte_enable_logic_register_file_write_data[9]_i_8
INFO: [Physopt 32-662] Processed net rv64im72f_6sp/ex_mem_register/rom_read_data[9].  Did not re-place instance rv64im72f_6sp/ex_mem_register/WB_byte_enable_logic_register_file_write_data[9]_i_5
INFO: [Physopt 32-662] Processed net rv64im72f_6sp/id_ex_register/i___62_i_6_0[58].  Did not re-place instance rv64im72f_6sp/id_ex_register/i___61_i_2
INFO: [Physopt 32-662] Processed net rv64im72f_6sp/id_ex_register/i___61_i_17_n_0.  Did not re-place instance rv64im72f_6sp/id_ex_register/i___61_i_17
INFO: [Physopt 32-662] Processed net rv64im72f_6sp/id_ex_register/i___61_i_7_n_0.  Did not re-place instance rv64im72f_6sp/id_ex_register/i___61_i_7
INFO: [Physopt 32-662] Processed net rv64im72f_6sp/id_ex_register/EX_alu_src_B_select_reg[2]_9.  Did not re-place instance rv64im72f_6sp/id_ex_register/i___238_i_2
INFO: [Physopt 32-662] Processed net rv64im72f_6sp/ex_mem_register/WB_byte_enable_logic_register_file_write_data[54]_i_45_n_0.  Did not re-place instance rv64im72f_6sp/ex_mem_register/WB_byte_enable_logic_register_file_write_data[54]_i_45
INFO: [Physopt 32-662] Processed net rv64im72f_6sp/ex_mem_register/data_memory_read_data_muxed[41].  Did not re-place instance rv64im72f_6sp/ex_mem_register/WB_byte_enable_logic_register_file_write_data[41]_i_2
INFO: [Physopt 32-662] Processed net rv64im72f_6sp/ex_mem_register/WB_byte_enable_logic_register_file_write_data[1]_i_4_n_0.  Did not re-place instance rv64im72f_6sp/ex_mem_register/WB_byte_enable_logic_register_file_write_data[1]_i_4
INFO: [Physopt 32-662] Processed net rv64im72f_6sp/ex_mem_register/WB_byte_enable_logic_register_file_write_data[41]_i_11_n_0.  Did not re-place instance rv64im72f_6sp/ex_mem_register/WB_byte_enable_logic_register_file_write_data[41]_i_11
INFO: [Physopt 32-663] Processed net rv64im72f_6sp/ex_mem_register/WB_byte_enable_logic_register_file_write_data[41]_i_25_n_0.  Re-placed instance rv64im72f_6sp/ex_mem_register/WB_byte_enable_logic_register_file_write_data[41]_i_25
INFO: [Physopt 32-662] Processed net rv64im72f_6sp/ex_mem_register/WB_byte_enable_logic_register_file_write_data[41]_i_4_n_0.  Did not re-place instance rv64im72f_6sp/ex_mem_register/WB_byte_enable_logic_register_file_write_data[41]_i_4
INFO: [Physopt 32-662] Processed net rv64im72f_6sp/ex_mem_register/WB_byte_enable_logic_register_file_write_data[41]_i_5_n_0.  Did not re-place instance rv64im72f_6sp/ex_mem_register/WB_byte_enable_logic_register_file_write_data[41]_i_5
INFO: [Physopt 32-662] Processed net rv64im72f_6sp/ex_mem_register/WB_byte_enable_logic_register_file_write_data[41]_i_6_n_0.  Did not re-place instance rv64im72f_6sp/ex_mem_register/WB_byte_enable_logic_register_file_write_data[41]_i_6
INFO: [Physopt 32-662] Processed net rv64im72f_6sp/ex_mem_register/WB_byte_enable_logic_register_file_write_data[41]_i_7_n_0.  Did not re-place instance rv64im72f_6sp/ex_mem_register/WB_byte_enable_logic_register_file_write_data[41]_i_7
INFO: [Physopt 32-662] Processed net rv64im72f_6sp/ex_mem_register/rom_read_data[41].  Did not re-place instance rv64im72f_6sp/ex_mem_register/WB_byte_enable_logic_register_file_write_data[41]_i_3
INFO: [Physopt 32-663] Processed net rv64im72f_6sp/id_ex_register/i___62_i_6_0[51].  Re-placed instance rv64im72f_6sp/id_ex_register/i___59_i_3
INFO: [Physopt 32-662] Processed net rv64im72f_6sp/id_ex_register/i___59_i_12_n_0.  Did not re-place instance rv64im72f_6sp/id_ex_register/i___59_i_12
INFO: [Physopt 32-662] Processed net rv64im72f_6sp/id_ex_register/i___59_i_25_n_0.  Did not re-place instance rv64im72f_6sp/id_ex_register/i___59_i_25
INFO: [Physopt 32-662] Processed net rv64im72f_6sp/id_ex_register/i___42_i_21_n_0.  Did not re-place instance rv64im72f_6sp/id_ex_register/i___42_i_21
INFO: [Physopt 32-662] Processed net rv64im72f_6sp/id_ex_register/i___41_i_23_n_0.  Did not re-place instance rv64im72f_6sp/id_ex_register/i___41_i_23
INFO: [Physopt 32-662] Processed net rv64im72f_6sp/id_ex_register/i___42_i_9_n_0.  Did not re-place instance rv64im72f_6sp/id_ex_register/i___42_i_9
INFO: [Physopt 32-662] Processed net rv64im72f_6sp/id_ex_register/i___62_i_6_0[29].  Did not re-place instance rv64im72f_6sp/id_ex_register/i___43_i_1
INFO: [Physopt 32-662] Processed net rv64im72f_6sp/alu/i___43_n_0.  Did not re-place instance rv64im72f_6sp/alu/i___43
INFO: [Physopt 32-662] Processed net rv64im72f_6sp/id_ex_register/i___42_i_42_n_0.  Did not re-place instance rv64im72f_6sp/id_ex_register/i___42_i_42
INFO: [Physopt 32-663] Processed net rv64im72f_6sp/id_ex_register/i___43_i_4_n_0.  Re-placed instance rv64im72f_6sp/id_ex_register/i___43_i_4
INFO: [Physopt 32-662] Processed net rv64im72f_6sp/id_ex_register/D[4].  Did not re-place instance rv64im72f_6sp/id_ex_register/divisor_latch[4]_i_1
INFO: [Physopt 32-662] Processed net rv64im72f_6sp/id_ex_register/EX_read_data1_reg[7]_0[0].  Did not re-place instance rv64im72f_6sp/id_ex_register/i___50_i_43
INFO: [Physopt 32-662] Processed net rv64im72f_6sp/ex_mem_register/data_memory_read_data_muxed[8].  Did not re-place instance rv64im72f_6sp/ex_mem_register/WB_byte_enable_logic_register_file_write_data[8]_i_4
INFO: [Physopt 32-662] Processed net rv64im72f_6sp/instruction_memory/MEM_alu_result_reg[10]_0.  Did not re-place instance rv64im72f_6sp/instruction_memory/i___4
INFO: [Physopt 32-662] Processed net rv64im72f_6sp/ex_mem_register/WB_byte_enable_logic_register_file_write_data[46]_i_12_n_0.  Did not re-place instance rv64im72f_6sp/ex_mem_register/WB_byte_enable_logic_register_file_write_data[46]_i_12
INFO: [Physopt 32-663] Processed net rv64im72f_6sp/ex_mem_register/WB_byte_enable_logic_register_file_write_data[46]_i_31_n_0.  Re-placed instance rv64im72f_6sp/ex_mem_register/WB_byte_enable_logic_register_file_write_data[46]_i_31
INFO: [Physopt 32-662] Processed net rv64im72f_6sp/ex_mem_register/WB_byte_enable_logic_register_file_write_data[8]_i_55_n_0.  Did not re-place instance rv64im72f_6sp/ex_mem_register/WB_byte_enable_logic_register_file_write_data[8]_i_55
INFO: [Physopt 32-662] Processed net rv64im72f_6sp/ex_mem_register/WB_byte_enable_logic_register_file_write_data[8]_i_6_n_0.  Did not re-place instance rv64im72f_6sp/ex_mem_register/WB_byte_enable_logic_register_file_write_data[8]_i_6
INFO: [Physopt 32-663] Processed net rv64im72f_6sp/ex_mem_register/WB_byte_enable_logic_register_file_write_data[8]_i_7_n_0.  Re-placed instance rv64im72f_6sp/ex_mem_register/WB_byte_enable_logic_register_file_write_data[8]_i_7
INFO: [Physopt 32-662] Processed net rv64im72f_6sp/ex_mem_register/WB_byte_enable_logic_register_file_write_data[8]_i_8_n_0.  Did not re-place instance rv64im72f_6sp/ex_mem_register/WB_byte_enable_logic_register_file_write_data[8]_i_8
INFO: [Physopt 32-663] Processed net rv64im72f_6sp/ex_mem_register/WB_byte_enable_logic_register_file_write_data[8]_i_9_n_0.  Re-placed instance rv64im72f_6sp/ex_mem_register/WB_byte_enable_logic_register_file_write_data[8]_i_9
INFO: [Physopt 32-662] Processed net rv64im72f_6sp/ex_mem_register/rom_read_data[8].  Did not re-place instance rv64im72f_6sp/ex_mem_register/WB_byte_enable_logic_register_file_write_data[8]_i_5
INFO: [Physopt 32-663] Processed net rv64im72f_6sp/ex_mem_register/MEM_alu_result_reg[63]_0[5]_repN_4.  Re-placed instance rv64im72f_6sp/ex_mem_register/MEM_alu_result_reg[5]_replica_4
INFO: [Physopt 32-662] Processed net rv64im72f_6sp/id_ex_register/D[3].  Did not re-place instance rv64im72f_6sp/id_ex_register/divisor_latch[3]_i_1
INFO: [Physopt 32-663] Processed net rv64im72f_6sp/ex_mem_register/WB_byte_enable_logic_register_file_write_data[52]_i_48_n_0.  Re-placed instance rv64im72f_6sp/ex_mem_register/WB_byte_enable_logic_register_file_write_data[52]_i_48
INFO: [Physopt 32-662] Processed net rv64im72f_6sp/ex_mem_register/data_memory_read_data_muxed[51].  Did not re-place instance rv64im72f_6sp/ex_mem_register/WB_byte_enable_logic_register_file_write_data[51]_i_2
INFO: [Physopt 32-662] Processed net rv64im72f_6sp/ex_mem_register/alu_forward_source_data_b[3].  Did not re-place instance rv64im72f_6sp/ex_mem_register/divisor_latch[3]_i_2
INFO: [Physopt 32-662] Processed net rv64im72f_6sp/ex_mem_register/WB_byte_enable_logic_register_file_write_data[3]_i_6_n_0.  Did not re-place instance rv64im72f_6sp/ex_mem_register/WB_byte_enable_logic_register_file_write_data[3]_i_6
INFO: [Physopt 32-662] Processed net rv64im72f_6sp/ex_mem_register/WB_byte_enable_logic_register_file_write_data[51]_i_27_n_0.  Did not re-place instance rv64im72f_6sp/ex_mem_register/WB_byte_enable_logic_register_file_write_data[51]_i_27
INFO: [Physopt 32-662] Processed net rv64im72f_6sp/ex_mem_register/WB_byte_enable_logic_register_file_write_data[51]_i_4_n_0.  Did not re-place instance rv64im72f_6sp/ex_mem_register/WB_byte_enable_logic_register_file_write_data[51]_i_4
INFO: [Physopt 32-662] Processed net rv64im72f_6sp/ex_mem_register/WB_byte_enable_logic_register_file_write_data[51]_i_5_n_0.  Did not re-place instance rv64im72f_6sp/ex_mem_register/WB_byte_enable_logic_register_file_write_data[51]_i_5
INFO: [Physopt 32-662] Processed net rv64im72f_6sp/ex_mem_register/WB_byte_enable_logic_register_file_write_data[51]_i_6_n_0.  Did not re-place instance rv64im72f_6sp/ex_mem_register/WB_byte_enable_logic_register_file_write_data[51]_i_6
INFO: [Physopt 32-662] Processed net rv64im72f_6sp/ex_mem_register/WB_byte_enable_logic_register_file_write_data[51]_i_7_n_0.  Did not re-place instance rv64im72f_6sp/ex_mem_register/WB_byte_enable_logic_register_file_write_data[51]_i_7
INFO: [Physopt 32-662] Processed net rv64im72f_6sp/ex_mem_register/dividend_reg[3]_i_8_n_0.  Did not re-place instance rv64im72f_6sp/ex_mem_register/dividend_reg[3]_i_8
INFO: [Physopt 32-662] Processed net rv64im72f_6sp/ex_mem_register/rom_read_data[51].  Did not re-place instance rv64im72f_6sp/ex_mem_register/WB_byte_enable_logic_register_file_write_data[51]_i_3
INFO: [Physopt 32-662] Processed net rv64im72f_6sp/id_ex_register/divisor_latch[3]_i_1_0[3].  Did not re-place instance rv64im72f_6sp/id_ex_register/i___52_i_26
INFO: [Physopt 32-663] Processed net rv64im72f_6sp/id_ex_register/i___50_i_37_n_0.  Re-placed instance rv64im72f_6sp/id_ex_register/i___50_i_37
INFO: [Physopt 32-662] Processed net rv64im72f_6sp/id_ex_register/i___50_i_13_n_0.  Did not re-place instance rv64im72f_6sp/id_ex_register/i___50_i_13
INFO: [Physopt 32-662] Processed net rv64im72f_6sp/id_ex_register/i___50_i_26_n_0.  Did not re-place instance rv64im72f_6sp/id_ex_register/i___50_i_26
INFO: [Physopt 32-662] Processed net rv64im72f_6sp/id_ex_register/i___62_i_6_0[7].  Did not re-place instance rv64im72f_6sp/id_ex_register/i___50_i_2
INFO: [Physopt 32-662] Processed net rv64im72f_6sp/alu/i___50_n_0.  Did not re-place instance rv64im72f_6sp/alu/i___50
INFO: [Physopt 32-662] Processed net rv64im72f_6sp/id_ex_register/i___50_i_7_n_0.  Did not re-place instance rv64im72f_6sp/id_ex_register/i___50_i_7
INFO: [Physopt 32-663] Processed net rv64im72f_6sp/ex_mem_register/WB_byte_enable_logic_register_file_write_data[63]_i_25_n_0.  Re-placed instance rv64im72f_6sp/ex_mem_register/WB_byte_enable_logic_register_file_write_data[63]_i_25
INFO: [Physopt 32-662] Processed net rv64im72f_6sp/ex_mem_register/data_memory_read_data_muxed[56].  Did not re-place instance rv64im72f_6sp/ex_mem_register/WB_byte_enable_logic_register_file_write_data[56]_i_2
INFO: [Physopt 32-663] Processed net rv64im72f_6sp/ex_mem_register/MEM_alu_result_reg[63]_0[10]_repN_2.  Re-placed instance rv64im72f_6sp/ex_mem_register/MEM_alu_result_reg[10]_replica_2
INFO: [Physopt 32-663] Processed net rv64im72f_6sp/ex_mem_register/WB_byte_enable_logic_register_file_write_data[56]_i_17_n_0.  Re-placed instance rv64im72f_6sp/ex_mem_register/WB_byte_enable_logic_register_file_write_data[56]_i_17
INFO: [Physopt 32-662] Processed net rv64im72f_6sp/ex_mem_register/WB_byte_enable_logic_register_file_write_data[56]_i_4_n_0.  Did not re-place instance rv64im72f_6sp/ex_mem_register/WB_byte_enable_logic_register_file_write_data[56]_i_4
INFO: [Physopt 32-662] Processed net rv64im72f_6sp/ex_mem_register/WB_byte_enable_logic_register_file_write_data[56]_i_5_n_0.  Did not re-place instance rv64im72f_6sp/ex_mem_register/WB_byte_enable_logic_register_file_write_data[56]_i_5
INFO: [Physopt 32-662] Processed net rv64im72f_6sp/ex_mem_register/WB_byte_enable_logic_register_file_write_data[56]_i_6_n_0.  Did not re-place instance rv64im72f_6sp/ex_mem_register/WB_byte_enable_logic_register_file_write_data[56]_i_6
INFO: [Physopt 32-662] Processed net rv64im72f_6sp/ex_mem_register/WB_byte_enable_logic_register_file_write_data[56]_i_77_n_0.  Did not re-place instance rv64im72f_6sp/ex_mem_register/WB_byte_enable_logic_register_file_write_data[56]_i_77
INFO: [Physopt 32-662] Processed net rv64im72f_6sp/ex_mem_register/WB_byte_enable_logic_register_file_write_data[56]_i_9_n_0.  Did not re-place instance rv64im72f_6sp/ex_mem_register/WB_byte_enable_logic_register_file_write_data[56]_i_9
INFO: [Physopt 32-662] Processed net rv64im72f_6sp/ex_mem_register/rom_read_data[56].  Did not re-place instance rv64im72f_6sp/ex_mem_register/WB_byte_enable_logic_register_file_write_data[56]_i_3
INFO: [Physopt 32-662] Processed net rv64im72f_6sp/ex_mem_register/WB_byte_enable_logic_register_file_write_data[63]_i_48_n_0.  Did not re-place instance rv64im72f_6sp/ex_mem_register/WB_byte_enable_logic_register_file_write_data[63]_i_48
INFO: [Physopt 32-662] Processed net rv64im72f_6sp/ex_mem_register/WB_byte_enable_logic_register_file_write_data[51]_i_40_n_0.  Did not re-place instance rv64im72f_6sp/ex_mem_register/WB_byte_enable_logic_register_file_write_data[51]_i_40
INFO: [Physopt 32-662] Processed net rv64im72f_6sp/ex_mem_register/data_memory_read_data_muxed[59].  Did not re-place instance rv64im72f_6sp/ex_mem_register/WB_byte_enable_logic_register_file_write_data[59]_i_2
INFO: [Physopt 32-662] Processed net rv64im72f_6sp/ex_mem_register/WB_byte_enable_logic_register_file_write_data[59]_i_13_n_0.  Did not re-place instance rv64im72f_6sp/ex_mem_register/WB_byte_enable_logic_register_file_write_data[59]_i_13
INFO: [Physopt 32-663] Processed net rv64im72f_6sp/ex_mem_register/WB_byte_enable_logic_register_file_write_data[59]_i_26_n_0.  Re-placed instance rv64im72f_6sp/ex_mem_register/WB_byte_enable_logic_register_file_write_data[59]_i_26
INFO: [Physopt 32-662] Processed net rv64im72f_6sp/ex_mem_register/WB_byte_enable_logic_register_file_write_data[59]_i_4_n_0.  Did not re-place instance rv64im72f_6sp/ex_mem_register/WB_byte_enable_logic_register_file_write_data[59]_i_4
INFO: [Physopt 32-662] Processed net rv64im72f_6sp/ex_mem_register/WB_byte_enable_logic_register_file_write_data[59]_i_5_n_0.  Did not re-place instance rv64im72f_6sp/ex_mem_register/WB_byte_enable_logic_register_file_write_data[59]_i_5
INFO: [Physopt 32-662] Processed net rv64im72f_6sp/ex_mem_register/WB_byte_enable_logic_register_file_write_data[59]_i_6_n_0.  Did not re-place instance rv64im72f_6sp/ex_mem_register/WB_byte_enable_logic_register_file_write_data[59]_i_6
INFO: [Physopt 32-663] Processed net rv64im72f_6sp/ex_mem_register/WB_byte_enable_logic_register_file_write_data[59]_i_7_n_0.  Re-placed instance rv64im72f_6sp/ex_mem_register/WB_byte_enable_logic_register_file_write_data[59]_i_7
INFO: [Physopt 32-662] Processed net rv64im72f_6sp/ex_mem_register/rom_read_data[59].  Did not re-place instance rv64im72f_6sp/ex_mem_register/WB_byte_enable_logic_register_file_write_data[59]_i_3
INFO: [Physopt 32-662] Processed net rv64im72f_6sp/id_ex_register/i___62_i_6_0[55].  Did not re-place instance rv64im72f_6sp/id_ex_register/i___60_i_2
INFO: [Physopt 32-662] Processed net rv64im72f_6sp/id_ex_register/i___60_i_24_n_0.  Did not re-place instance rv64im72f_6sp/id_ex_register/i___60_i_24
INFO: [Physopt 32-662] Processed net rv64im72f_6sp/id_ex_register/i___60_i_9_n_0.  Did not re-place instance rv64im72f_6sp/id_ex_register/i___60_i_9
INFO: [Physopt 32-662] Processed net rv64im72f_6sp/ex_mem_register/WB_byte_enable_logic_register_file_write_data[61]_i_63_n_0.  Did not re-place instance rv64im72f_6sp/ex_mem_register/WB_byte_enable_logic_register_file_write_data[61]_i_63
INFO: [Physopt 32-663] Processed net rv64im72f_6sp/id_ex_register/i___53_i_34_n_0.  Re-placed instance rv64im72f_6sp/id_ex_register/i___53_i_34
INFO: [Physopt 32-662] Processed net rv64im72f_6sp/id_ex_register/i___53_i_43_n_0.  Did not re-place instance rv64im72f_6sp/id_ex_register/i___53_i_43
INFO: [Physopt 32-663] Processed net rv64im72f_6sp/id_ex_register/i___42_i_56_n_0.  Re-placed instance rv64im72f_6sp/id_ex_register/i___42_i_56
INFO: [Physopt 32-662] Processed net rv64im72f_6sp/ex_mem_register/WB_byte_enable_logic_register_file_write_data[48]_i_59_n_0.  Did not re-place instance rv64im72f_6sp/ex_mem_register/WB_byte_enable_logic_register_file_write_data[48]_i_59
INFO: [Physopt 32-662] Processed net rv64im72f_6sp/ex_mem_register/data_memory_read_data_muxed[19].  Did not re-place instance rv64im72f_6sp/ex_mem_register/WB_byte_enable_logic_register_file_write_data[19]_i_2
INFO: [Physopt 32-662] Processed net rv64im72f_6sp/ex_mem_register/data_memory_read_data_muxed[29].  Did not re-place instance rv64im72f_6sp/ex_mem_register/WB_byte_enable_logic_register_file_write_data[29]_i_2
INFO: [Physopt 32-662] Processed net rv64im72f_6sp/ex_mem_register/WB_byte_enable_logic_register_file_write_data[19]_i_3_n_0.  Did not re-place instance rv64im72f_6sp/ex_mem_register/WB_byte_enable_logic_register_file_write_data[19]_i_3
INFO: [Physopt 32-662] Processed net rv64im72f_6sp/ex_mem_register/WB_byte_enable_logic_register_file_write_data[19]_i_18_n_0.  Did not re-place instance rv64im72f_6sp/ex_mem_register/WB_byte_enable_logic_register_file_write_data[19]_i_18
INFO: [Physopt 32-662] Processed net rv64im72f_6sp/ex_mem_register/WB_byte_enable_logic_register_file_write_data[19]_i_40_n_0.  Did not re-place instance rv64im72f_6sp/ex_mem_register/WB_byte_enable_logic_register_file_write_data[19]_i_40
INFO: [Physopt 32-662] Processed net rv64im72f_6sp/ex_mem_register/WB_byte_enable_logic_register_file_write_data[19]_i_5_n_0.  Did not re-place instance rv64im72f_6sp/ex_mem_register/WB_byte_enable_logic_register_file_write_data[19]_i_5
INFO: [Physopt 32-662] Processed net rv64im72f_6sp/ex_mem_register/WB_byte_enable_logic_register_file_write_data[19]_i_6_n_0.  Did not re-place instance rv64im72f_6sp/ex_mem_register/WB_byte_enable_logic_register_file_write_data[19]_i_6
INFO: [Physopt 32-662] Processed net rv64im72f_6sp/ex_mem_register/WB_byte_enable_logic_register_file_write_data[19]_i_7_n_0.  Did not re-place instance rv64im72f_6sp/ex_mem_register/WB_byte_enable_logic_register_file_write_data[19]_i_7
INFO: [Physopt 32-662] Processed net rv64im72f_6sp/ex_mem_register/WB_byte_enable_logic_register_file_write_data[19]_i_9_n_0.  Did not re-place instance rv64im72f_6sp/ex_mem_register/WB_byte_enable_logic_register_file_write_data[19]_i_9
INFO: [Physopt 32-662] Processed net rv64im72f_6sp/ex_mem_register/WB_byte_enable_logic_register_file_write_data[29]_i_10_n_0.  Did not re-place instance rv64im72f_6sp/ex_mem_register/WB_byte_enable_logic_register_file_write_data[29]_i_10
INFO: [Physopt 32-661] Optimized 38 nets.  Re-placed 38 instances.
INFO: [Physopt 32-775] End 1 Pass. Optimized 38 nets or cells. Created 0 new cell, deleted 0 existing cell and moved 38 existing cells
INFO: [Physopt 32-619] Estimated Timing Summary | WNS=-0.171 | TNS=-0.171 |
Netlist sorting complete. Time (s): cpu = 00:00:00.02 ; elapsed = 00:00:00.02 . Memory (MB): peak = 3147.730 ; gain = 0.000 ; free physical = 4858 ; free virtual = 26396
Phase 4 Single Cell Placement Optimization | Checksum: 199a349d8

Time (s): cpu = 00:02:50 ; elapsed = 00:00:44 . Memory (MB): peak = 3147.730 ; gain = 0.000 ; free physical = 4858 ; free virtual = 26396

Phase 5 Multi Cell Placement Optimization
INFO: [Physopt 32-660] Identified 100 candidate nets for placement-based optimization.
INFO: [Physopt 32-662] Processed net rv64im72f_6sp/ex_mem_register/WB_byte_enable_logic_register_file_write_data[62]_i_59_n_0.  Did not re-place instance rv64im72f_6sp/ex_mem_register/WB_byte_enable_logic_register_file_write_data[62]_i_59/O
INFO: [Physopt 32-662] Processed net rv64im72f_6sp/id_ex_register/src_A[6].  Did not re-place instance rv64im72f_6sp/id_ex_register/dividend_reg[6]_i_1/O
INFO: [Physopt 32-663] Processed net rv64im72f_6sp/ex_mem_register/MEM_alu_result_reg[12]_rep__9_n_0.  Re-placed instance rv64im72f_6sp/ex_mem_register/MEM_alu_result_reg[12]_rep__9/Q
INFO: [Physopt 32-662] Processed net rv64im72f_6sp/ex_mem_register/WB_byte_enable_logic_register_file_write_data[62]_i_4_n_0.  Did not re-place instance rv64im72f_6sp/ex_mem_register/WB_byte_enable_logic_register_file_write_data[62]_i_4/O
INFO: [Physopt 32-662] Processed net rv64im72f_6sp/ex_mem_register/WB_byte_enable_logic_register_file_write_data[62]_i_5_n_0.  Did not re-place instance rv64im72f_6sp/ex_mem_register/WB_byte_enable_logic_register_file_write_data[62]_i_5/O
INFO: [Physopt 32-662] Processed net rv64im72f_6sp/ex_mem_register/WB_byte_enable_logic_register_file_write_data[62]_i_6_n_0.  Did not re-place instance rv64im72f_6sp/ex_mem_register/WB_byte_enable_logic_register_file_write_data[62]_i_6/O
INFO: [Physopt 32-662] Processed net rv64im72f_6sp/ex_mem_register/WB_byte_enable_logic_register_file_write_data[62]_i_80_n_0.  Did not re-place instance rv64im72f_6sp/ex_mem_register/WB_byte_enable_logic_register_file_write_data[62]_i_80/O
INFO: [Physopt 32-662] Processed net rv64im72f_6sp/ex_mem_register/rom_read_data[62].  Did not re-place instance rv64im72f_6sp/ex_mem_register/WB_byte_enable_logic_register_file_write_data[62]_i_3/O
INFO: [Physopt 32-662] Processed net rv64im72f_6sp/id_ex_register/EX2_alu_zero_i_4_n_0.  Did not re-place instance rv64im72f_6sp/id_ex_register/EX2_alu_zero_i_4/O
INFO: [Physopt 32-662] Processed net rv64im72f_6sp/id_ex_register/EX2_pc[11]_i_2.  Did not re-place instance rv64im72f_6sp/id_ex_register/EX2_alu_zero_i_1/O
INFO: [Physopt 32-662] Processed net rv64im72f_6sp/id_ex_register/alu_zero.  Did not re-place instance rv64im72f_6sp/id_ex_register/EX2_alu_zero_i_2/O
INFO: [Physopt 32-662] Processed net rv64im72f_6sp/id_ex_register/dividend_reg[6]_i_4_n_0.  Did not re-place instance rv64im72f_6sp/id_ex_register/dividend_reg[6]_i_4/O
INFO: [Physopt 32-662] Processed net rv64im72f_6sp/id_ex_register/i___62_i_6_0[47].  Did not re-place instance rv64im72f_6sp/id_ex_register/i___57_i_1/O
INFO: [Physopt 32-662] Processed net rv64im72f_6sp/id_ex_register/i___57_i_19_n_0.  Did not re-place instance rv64im72f_6sp/id_ex_register/i___57_i_19/O
INFO: [Physopt 32-662] Processed net rv64im72f_6sp/id_ex_register/i___57_i_6_n_0.  Did not re-place instance rv64im72f_6sp/id_ex_register/i___57_i_6/O
INFO: [Physopt 32-662] Processed net rv64im72f_6sp/id_ex_register/i___62_i_6_0[44].  Did not re-place instance rv64im72f_6sp/id_ex_register/i___56_i_1/O
INFO: [Physopt 32-662] Processed net rv64im72f_6sp/id_ex_register/i___56_i_17_n_0.  Did not re-place instance rv64im72f_6sp/id_ex_register/i___56_i_17/O
INFO: [Physopt 32-662] Processed net rv64im72f_6sp/id_ex_register/i___56_i_6_n_0.  Did not re-place instance rv64im72f_6sp/id_ex_register/i___56_i_6/O
INFO: [Physopt 32-662] Processed net rv64im72f_6sp/id_ex_register/i___62_i_6_0[39].  Did not re-place instance rv64im72f_6sp/id_ex_register/i___55_i_3/O
INFO: [Physopt 32-662] Processed net rv64im72f_6sp/id_ex_register/i___55_i_12_n_0.  Did not re-place instance rv64im72f_6sp/id_ex_register/i___55_i_12/O
INFO: [Physopt 32-662] Processed net rv64im72f_6sp/id_ex_register/i___55_i_28_n_0.  Did not re-place instance rv64im72f_6sp/id_ex_register/i___55_i_28/O
INFO: [Physopt 32-662] Processed net rv64im72f_6sp/id_ex_register/i___62_i_6_0[56].  Did not re-place instance rv64im72f_6sp/id_ex_register/i___60_i_1/O
INFO: [Physopt 32-662] Processed net rv64im72f_6sp/id_ex_register/i___60_i_19_n_0.  Did not re-place instance rv64im72f_6sp/id_ex_register/i___60_i_19/O
INFO: [Physopt 32-662] Processed net rv64im72f_6sp/id_ex_register/i___60_i_6_n_0.  Did not re-place instance rv64im72f_6sp/id_ex_register/i___60_i_6/O
INFO: [Physopt 32-662] Processed net rv64im72f_6sp/id_ex_register/i___62_i_6_0[58].  Did not re-place instance rv64im72f_6sp/id_ex_register/i___61_i_2/O
INFO: [Physopt 32-662] Processed net rv64im72f_6sp/id_ex_register/i___61_i_17_n_0.  Did not re-place instance rv64im72f_6sp/id_ex_register/i___61_i_17/O
INFO: [Physopt 32-662] Processed net rv64im72f_6sp/id_ex_register/i___61_i_7_n_0.  Did not re-place instance rv64im72f_6sp/id_ex_register/i___61_i_7/O
INFO: [Physopt 32-662] Processed net rv64im72f_6sp/id_ex_register/i___62_i_6_0[55].  Did not re-place instance rv64im72f_6sp/id_ex_register/i___60_i_2/O
INFO: [Physopt 32-662] Processed net rv64im72f_6sp/id_ex_register/i___60_i_24_n_0.  Did not re-place instance rv64im72f_6sp/id_ex_register/i___60_i_24/O
INFO: [Physopt 32-662] Processed net rv64im72f_6sp/id_ex_register/i___60_i_9_n_0.  Did not re-place instance rv64im72f_6sp/id_ex_register/i___60_i_9/O
INFO: [Physopt 32-662] Processed net rv64im72f_6sp/ex_mem_register/MEM_alu_result_reg[63]_0[10]_repN_26.  Did not re-place instance rv64im72f_6sp/ex_mem_register/MEM_alu_result_reg[10]_replica_26/Q
INFO: [Physopt 32-662] Processed net rv64im72f_6sp/instruction_memory/MEM_alu_result_reg[12]_rep__6_5.  Did not re-place instance rv64im72f_6sp/instruction_memory/i___11_rep__0/O
INFO: [Physopt 32-662] Processed net rv64im72f_6sp/ex_mem_register/MEM_alu_result_reg[12]_rep__6_0.  Did not re-place instance rv64im72f_6sp/ex_mem_register/MEM_alu_result_reg[12]_rep__6/Q
INFO: [Physopt 32-662] Processed net rv64im72f_6sp/ex_mem_register/WB_byte_enable_logic_register_file_write_data[29]_i_40_n_0.  Did not re-place instance rv64im72f_6sp/ex_mem_register/WB_byte_enable_logic_register_file_write_data[29]_i_40/O
INFO: [Physopt 32-662] Processed net rv64im72f_6sp/id_ex_register/D[3].  Did not re-place instance rv64im72f_6sp/id_ex_register/divisor_latch[3]_i_1/O
INFO: [Physopt 32-662] Processed net rv64im72f_6sp/ex_mem_register/alu_forward_source_data_b[3].  Did not re-place instance rv64im72f_6sp/ex_mem_register/divisor_latch[3]_i_2/O
INFO: [Physopt 32-663] Processed net rv64im72f_6sp/ex_mem_register/data_memory_read_data_muxed[19].  Re-placed instance rv64im72f_6sp/ex_mem_register/WB_byte_enable_logic_register_file_write_data[19]_i_2/O
INFO: [Physopt 32-663] Processed net rv64im72f_6sp/ex_mem_register/WB_byte_enable_logic_register_file_write_data[19]_i_3_n_0.  Re-placed instance rv64im72f_6sp/ex_mem_register/WB_byte_enable_logic_register_file_write_data[19]_i_3/O
INFO: [Physopt 32-662] Processed net rv64im72f_6sp/ex_mem_register/WB_byte_enable_logic_register_file_write_data[19]_i_18_n_0.  Did not re-place instance rv64im72f_6sp/ex_mem_register/WB_byte_enable_logic_register_file_write_data[19]_i_18/O
INFO: [Physopt 32-662] Processed net rv64im72f_6sp/ex_mem_register/WB_byte_enable_logic_register_file_write_data[19]_i_40_n_0.  Did not re-place instance rv64im72f_6sp/ex_mem_register/WB_byte_enable_logic_register_file_write_data[19]_i_40/O
INFO: [Physopt 32-662] Processed net rv64im72f_6sp/ex_mem_register/WB_byte_enable_logic_register_file_write_data[19]_i_5_n_0.  Did not re-place instance rv64im72f_6sp/ex_mem_register/WB_byte_enable_logic_register_file_write_data[19]_i_5/O
INFO: [Physopt 32-662] Processed net rv64im72f_6sp/ex_mem_register/WB_byte_enable_logic_register_file_write_data[19]_i_6_n_0.  Did not re-place instance rv64im72f_6sp/ex_mem_register/WB_byte_enable_logic_register_file_write_data[19]_i_6/O
INFO: [Physopt 32-662] Processed net rv64im72f_6sp/ex_mem_register/WB_byte_enable_logic_register_file_write_data[19]_i_7_n_0.  Did not re-place instance rv64im72f_6sp/ex_mem_register/WB_byte_enable_logic_register_file_write_data[19]_i_7/O
INFO: [Physopt 32-662] Processed net rv64im72f_6sp/ex_mem_register/WB_byte_enable_logic_register_file_write_data[19]_i_9_n_0.  Did not re-place instance rv64im72f_6sp/ex_mem_register/WB_byte_enable_logic_register_file_write_data[19]_i_9/O
INFO: [Physopt 32-662] Processed net rv64im72f_6sp/ex_mem_register/rom_read_data[19].  Did not re-place instance rv64im72f_6sp/ex_mem_register/WB_byte_enable_logic_register_file_write_data[19]_i_4/O
INFO: [Physopt 32-662] Processed net rv64im72f_6sp/ex_mem_register/WB_byte_enable_logic_register_file_write_data[63]_i_48_n_0.  Did not re-place instance rv64im72f_6sp/ex_mem_register/WB_byte_enable_logic_register_file_write_data[63]_i_48/O
INFO: [Physopt 32-662] Processed net rv64im72f_6sp/ex_mem_register/MEM_alu_result_reg[12]_rep__8_n_0.  Did not re-place instance rv64im72f_6sp/ex_mem_register/MEM_alu_result_reg[12]_rep__8/Q
INFO: [Physopt 32-662] Processed net rv64im72f_6sp/id_ex_register/D[2].  Did not re-place instance rv64im72f_6sp/id_ex_register/divisor_latch[2]_i_1/O
INFO: [Physopt 32-662] Processed net rv64im72f_6sp/ex_mem_register/WB_byte_enable_logic_register_file_write_data[53]_i_68_n_0.  Did not re-place instance rv64im72f_6sp/ex_mem_register/WB_byte_enable_logic_register_file_write_data[53]_i_68/O
INFO: [Physopt 32-662] Processed net rv64im72f_6sp/ex_mem_register/data_memory_read_data_muxed[2].  Did not re-place instance rv64im72f_6sp/ex_mem_register/WB_byte_enable_logic_register_file_write_data[2]_i_4/O
INFO: [Physopt 32-662] Processed net rv64im72f_6sp/ex_mem_register/alu_forward_source_data_b[2].  Did not re-place instance rv64im72f_6sp/ex_mem_register/divisor_latch[2]_i_2/O
INFO: [Physopt 32-662] Processed net rv64im72f_6sp/ex_mem_register/WB_byte_enable_logic_register_file_write_data[2]_i_10_n_0.  Did not re-place instance rv64im72f_6sp/ex_mem_register/WB_byte_enable_logic_register_file_write_data[2]_i_10/O
INFO: [Physopt 32-662] Processed net rv64im72f_6sp/ex_mem_register/WB_byte_enable_logic_register_file_write_data[2]_i_13_n_0.  Did not re-place instance rv64im72f_6sp/ex_mem_register/WB_byte_enable_logic_register_file_write_data[2]_i_13/O
INFO: [Physopt 32-662] Processed net rv64im72f_6sp/ex_mem_register/WB_byte_enable_logic_register_file_write_data[2]_i_8_n_0.  Did not re-place instance rv64im72f_6sp/ex_mem_register/WB_byte_enable_logic_register_file_write_data[2]_i_8/O
INFO: [Physopt 32-662] Processed net rv64im72f_6sp/ex_mem_register/WB_byte_enable_logic_register_file_write_data[2]_i_9_n_0.  Did not re-place instance rv64im72f_6sp/ex_mem_register/WB_byte_enable_logic_register_file_write_data[2]_i_9/O
INFO: [Physopt 32-662] Processed net rv64im72f_6sp/ex_mem_register/rom_read_data[2].  Did not re-place instance rv64im72f_6sp/ex_mem_register/WB_byte_enable_logic_register_file_write_data[2]_i_7/O
INFO: [Physopt 32-662] Processed net rv64im72f_6sp/ex_mem_register/WB_byte_enable_logic_register_file_write_data[63]_i_49_n_0.  Did not re-place instance rv64im72f_6sp/ex_mem_register/WB_byte_enable_logic_register_file_write_data[63]_i_49/O
INFO: [Physopt 32-662] Processed net rv64im72f_6sp/ex_mem_register/WB_byte_enable_logic_register_file_write_data[2]_i_25_n_0.  Did not re-place instance rv64im72f_6sp/ex_mem_register/WB_byte_enable_logic_register_file_write_data[2]_i_25/O
INFO: [Physopt 32-663] Processed net rv64im72f_6sp/ex_mem_register/WB_byte_enable_logic_register_file_write_data[2]_i_64_n_0.  Re-placed instance rv64im72f_6sp/ex_mem_register/WB_byte_enable_logic_register_file_write_data[2]_i_64/O
INFO: [Physopt 32-663] Processed net rv64im72f_6sp/ex_mem_register/WB_byte_enable_logic_register_file_write_data[2]_i_94_n_0.  Re-placed instance rv64im72f_6sp/ex_mem_register/WB_byte_enable_logic_register_file_write_data[2]_i_94/O
INFO: [Physopt 32-662] Processed net rv64im72f_6sp/id_ex_register/EX_alu_src_B_select_reg[2]_9.  Did not re-place instance rv64im72f_6sp/id_ex_register/i___238_i_2/O
INFO: [Physopt 32-662] Processed net rv64im72f_6sp/ex_mem_register/alu_forward_source_data_b[5].  Did not re-place instance rv64im72f_6sp/ex_mem_register/divisor_latch[5]_i_2/O
INFO: [Physopt 32-662] Processed net rv64im72f_6sp/ex_mem_register/WB_byte_enable_logic_register_file_write_data[48]_i_59_n_0.  Did not re-place instance rv64im72f_6sp/ex_mem_register/WB_byte_enable_logic_register_file_write_data[48]_i_59/O
INFO: [Physopt 32-662] Processed net rv64im72f_6sp/id_ex_register/i___42_i_20_n_0.  Did not re-place instance rv64im72f_6sp/id_ex_register/i___42_i_20/O
INFO: [Physopt 32-662] Processed net rv64im72f_6sp/id_ex_register/i___62_i_6_0[37].  Did not re-place instance rv64im72f_6sp/id_ex_register/i___54_i_2/O
INFO: [Physopt 32-662] Processed net rv64im72f_6sp/ex_mem_register/WB_byte_enable_logic_register_file_write_data[29]_i_10_n_0.  Did not re-place instance rv64im72f_6sp/ex_mem_register/WB_byte_enable_logic_register_file_write_data[29]_i_10/O
INFO: [Physopt 32-663] Processed net rv64im72f_6sp/ex_mem_register/WB_byte_enable_logic_register_file_write_data[29]_i_19_n_0.  Re-placed instance rv64im72f_6sp/ex_mem_register/WB_byte_enable_logic_register_file_write_data[29]_i_19/O
INFO: [Physopt 32-662] Processed net rv64im72f_6sp/ex_mem_register/WB_byte_enable_logic_register_file_write_data[29]_i_5_n_0.  Did not re-place instance rv64im72f_6sp/ex_mem_register/WB_byte_enable_logic_register_file_write_data[29]_i_5/O
INFO: [Physopt 32-662] Processed net rv64im72f_6sp/ex_mem_register/WB_byte_enable_logic_register_file_write_data[29]_i_6_n_0.  Did not re-place instance rv64im72f_6sp/ex_mem_register/WB_byte_enable_logic_register_file_write_data[29]_i_6/O
INFO: [Physopt 32-662] Processed net rv64im72f_6sp/ex_mem_register/WB_byte_enable_logic_register_file_write_data[29]_i_7_n_0.  Did not re-place instance rv64im72f_6sp/ex_mem_register/WB_byte_enable_logic_register_file_write_data[29]_i_7/O
INFO: [Physopt 32-662] Processed net rv64im72f_6sp/ex_mem_register/rom_read_data[29].  Did not re-place instance rv64im72f_6sp/ex_mem_register/WB_byte_enable_logic_register_file_write_data[29]_i_4/O
INFO: [Physopt 32-662] Processed net rv64im72f_6sp/id_ex_register/i___42_i_41_n_0.  Did not re-place instance rv64im72f_6sp/id_ex_register/i___42_i_41/O
INFO: [Physopt 32-662] Processed net rv64im72f_6sp/ex_mem_register/WB_byte_enable_logic_register_file_write_data[11]_i_6_n_0.  Did not re-place instance rv64im72f_6sp/ex_mem_register/WB_byte_enable_logic_register_file_write_data[11]_i_6/O
INFO: [Physopt 32-662] Processed net rv64im72f_6sp/ex_mem_register/WB_byte_enable_logic_register_file_write_data[11]_i_7_n_0.  Did not re-place instance rv64im72f_6sp/ex_mem_register/WB_byte_enable_logic_register_file_write_data[11]_i_7/O
INFO: [Physopt 32-662] Processed net rv64im72f_6sp/ex_mem_register/WB_byte_enable_logic_register_file_write_data[11]_i_8_n_0.  Did not re-place instance rv64im72f_6sp/ex_mem_register/WB_byte_enable_logic_register_file_write_data[11]_i_8/O
INFO: [Physopt 32-662] Processed net rv64im72f_6sp/ex_mem_register/WB_byte_enable_logic_register_file_write_data[11]_i_9_n_0.  Did not re-place instance rv64im72f_6sp/ex_mem_register/WB_byte_enable_logic_register_file_write_data[11]_i_9/O
INFO: [Physopt 32-662] Processed net rv64im72f_6sp/ex_mem_register/rom_read_data[11].  Did not re-place instance rv64im72f_6sp/ex_mem_register/WB_byte_enable_logic_register_file_write_data[11]_i_5/O
INFO: [Physopt 32-662] Processed net rv64im72f_6sp/ex_mem_register/MEM_alu_result_reg[14]_rep__1_0.  Did not re-place instance rv64im72f_6sp/ex_mem_register/MEM_alu_result_reg[14]_rep__1/Q
INFO: [Physopt 32-662] Processed net rv64im72f_6sp/ex_mem_register/WB_byte_enable_logic_register_file_write_data[7]_i_2_n_0.  Did not re-place instance rv64im72f_6sp/ex_mem_register/WB_byte_enable_logic_register_file_write_data[7]_i_2/O
INFO: [Physopt 32-661] Optimized 6 nets.  Re-placed 12 instances.
INFO: [Physopt 32-775] End 1 Pass. Optimized 6 nets or cells. Created 0 new cell, deleted 0 existing cell and moved 12 existing cells
INFO: [Physopt 32-619] Estimated Timing Summary | WNS=-0.157 | TNS=-0.157 |
Netlist sorting complete. Time (s): cpu = 00:00:00.01 ; elapsed = 00:00:00.02 . Memory (MB): peak = 3147.730 ; gain = 0.000 ; free physical = 4828 ; free virtual = 26375
Phase 5 Multi Cell Placement Optimization | Checksum: 19e6c1a53

Time (s): cpu = 00:05:44 ; elapsed = 00:01:23 . Memory (MB): peak = 3147.730 ; gain = 0.000 ; free physical = 4828 ; free virtual = 26375

Phase 6 Rewire
INFO: [Physopt 32-246] Starting Signal Push optimization...
INFO: [Physopt 32-77] Pass 1. Identified 41 candidate nets for rewire optimization.
INFO: [Physopt 32-134] Processed net rv64im72f_6sp/ex_mem_register/WB_byte_enable_logic_register_file_write_data[38]_i_4_n_0. Rewiring did not optimize the net.
INFO: [Physopt 32-134] Processed net rv64im72f_6sp/ex_mem_register/rom_read_data[2]. Rewiring did not optimize the net.
INFO: [Physopt 32-134] Processed net rv64im72f_6sp/ex_mem_register/rom_read_data[38]. Rewiring did not optimize the net.
INFO: [Physopt 32-134] Processed net rv64im72f_6sp/id_ex_register/alu_zero. Rewiring did not optimize the net.
INFO: [Physopt 32-134] Processed net rv64im72f_6sp/ex_mem_register/WB_byte_enable_logic_register_file_write_data[5]_i_8_n_0. Rewiring did not optimize the net.
INFO: [Physopt 32-134] Processed net rv64im72f_6sp/ex_mem_register/rom_read_data[5]. Rewiring did not optimize the net.
INFO: [Physopt 32-134] Processed net rv64im72f_6sp/ex_mem_register/WB_byte_enable_logic_register_file_write_data[53]_i_4_n_0. Rewiring did not optimize the net.
INFO: [Physopt 32-134] Processed net rv64im72f_6sp/ex_mem_register/rom_read_data[53]. Rewiring did not optimize the net.
INFO: [Physopt 32-242] Processed net rv64im72f_6sp/ex_mem_register/rom_read_data[23]. Rewired (signal push) rv64im72f_6sp/ex_mem_register/WB_byte_enable_logic_register_file_write_data[23]_i_5_n_0 to 1 loads. Replicated 0 times.
INFO: [Physopt 32-134] Processed net rv64im72f_6sp/ex_mem_register/rom_read_data[18]. Rewiring did not optimize the net.
INFO: [Physopt 32-134] Processed net rv64im72f_6sp/ex_mem_register/WB_byte_enable_logic_register_file_write_data[41]_i_4_n_0. Rewiring did not optimize the net.
INFO: [Physopt 32-134] Processed net rv64im72f_6sp/ex_mem_register/rom_read_data[41]. Rewiring did not optimize the net.
INFO: [Physopt 32-134] Processed net rv64im72f_6sp/ex_mem_register/rom_read_data[24]. Rewiring did not optimize the net.
INFO: [Physopt 32-242] Processed net rv64im72f_6sp/ex_mem_register/rom_read_data[31]. Rewired (signal push) rv64im72f_6sp/ex_mem_register/WB_byte_enable_logic_register_file_write_data[31]_i_4_n_0 to 1 loads. Replicated 0 times.
INFO: [Physopt 32-242] Processed net rv64im72f_6sp/ex_mem_register/rom_read_data[62]. Rewired (signal push) rv64im72f_6sp/ex_mem_register/WB_byte_enable_logic_register_file_write_data[62]_i_4_n_0 to 1 loads. Replicated 0 times.
INFO: [Physopt 32-242] Processed net rv64im72f_6sp/ex_mem_register/rom_read_data[22]. Rewired (signal push) rv64im72f_6sp/ex_mem_register/WB_byte_enable_logic_register_file_write_data[22]_i_5_n_0 to 1 loads. Replicated 0 times.
INFO: [Physopt 32-242] Processed net rv64im72f_6sp/ex_mem_register/WB_byte_enable_logic_register_file_write_data[20]_i_5_n_0. Rewired (signal push) rv64im72f_6sp/ex_mem_register/WB_byte_enable_logic_register_file_write_data[20]_i_6_n_0 to 1 loads. Replicated 0 times.
INFO: [Physopt 32-242] Processed net rv64im72f_6sp/ex_mem_register/rom_read_data[20]. Rewired (signal push) rv64im72f_6sp/ex_mem_register/WB_byte_enable_logic_register_file_write_data[20]_i_6_n_0 to 1 loads. Replicated 0 times.
INFO: [Physopt 32-134] Processed net rv64im72f_6sp/ex_mem_register/rom_read_data[21]. Rewiring did not optimize the net.
INFO: [Physopt 32-134] Processed net rv64im72f_6sp/ex_mem_register/rom_read_data[11]. Rewiring did not optimize the net.
INFO: [Physopt 32-134] Processed net rv64im72f_6sp/ex_mem_register/rom_read_data[37]. Rewiring did not optimize the net.
INFO: [Physopt 32-134] Processed net rv64im72f_6sp/ex_mem_register/rom_read_data[39]. Rewiring did not optimize the net.
INFO: [Physopt 32-242] Processed net rv64im72f_6sp/ex_mem_register/rom_read_data[52]. Rewired (signal push) rv64im72f_6sp/ex_mem_register/WB_byte_enable_logic_register_file_write_data[52]_i_4_n_0 to 1 loads. Replicated 0 times.
INFO: [Physopt 32-242] Processed net rv64im72f_6sp/ex_mem_register/rom_read_data[7]. Rewired (signal push) rv64im72f_6sp/ex_mem_register/WB_byte_enable_logic_register_file_write_data[7]_i_7_n_0 to 1 loads. Replicated 0 times.
INFO: [Physopt 32-134] Processed net rv64im72f_6sp/ex_mem_register/rom_read_data[60]. Rewiring did not optimize the net.
INFO: [Physopt 32-134] Processed net rv64im72f_6sp/ex_mem_register/rom_read_data[46]. Rewiring did not optimize the net.
INFO: [Physopt 32-134] Processed net rv64im72f_6sp/ex_mem_register/rom_read_data[48]. Rewiring did not optimize the net.
INFO: [Physopt 32-134] Processed net rv64im72f_6sp/ex_mem_register/rom_read_data[50]. Rewiring did not optimize the net.
INFO: [Physopt 32-134] Processed net rv64im72f_6sp/ex_mem_register/rom_read_data[58]. Rewiring did not optimize the net.
INFO: [Physopt 32-134] Processed net rv64im72f_6sp/ex_mem_register/rom_read_data[51]. Rewiring did not optimize the net.
INFO: [Physopt 32-242] Processed net rv64im72f_6sp/ex_mem_register/rom_read_data[19]. Rewired (signal push) rv64im72f_6sp/ex_mem_register/WB_byte_enable_logic_register_file_write_data[19]_i_5_n_0 to 1 loads. Replicated 0 times.
INFO: [Physopt 32-134] Processed net rv64im72f_6sp/ex_mem_register/rom_read_data[43]. Rewiring did not optimize the net.
INFO: [Physopt 32-134] Processed net rv64im72f_6sp/ex_mem_register/WB_byte_enable_logic_register_file_write_data[12]_i_6_n_0. Rewiring did not optimize the net.
INFO: [Physopt 32-134] Processed net rv64im72f_6sp/ex_mem_register/rom_read_data[12]. Rewiring did not optimize the net.
INFO: [Physopt 32-242] Processed net rv64im72f_6sp/ex_mem_register/rom_read_data[59]. Rewired (signal push) rv64im72f_6sp/ex_mem_register/WB_byte_enable_logic_register_file_write_data[59]_i_4_n_0 to 1 loads. Replicated 0 times.
INFO: [Physopt 32-134] Processed net rv64im72f_6sp/ex_mem_register/rom_read_data[29]. Rewiring did not optimize the net.
INFO: [Physopt 32-134] Processed net rv64im72f_6sp/ex_mem_register/WB_byte_enable_logic_register_file_write_data[57]_i_4_n_0. Rewiring did not optimize the net.
INFO: [Physopt 32-134] Processed net rv64im72f_6sp/ex_mem_register/rom_read_data[57]. Rewiring did not optimize the net.
INFO: [Physopt 32-134] Processed net rv64im72f_6sp/ex_mem_register/WB_byte_enable_logic_register_file_write_data[55]_i_4_n_0. Rewiring did not optimize the net.
INFO: [Physopt 32-134] Processed net rv64im72f_6sp/ex_mem_register/rom_read_data[55]. Rewiring did not optimize the net.
INFO: [Physopt 32-134] Processed net rv64im72f_6sp/ex_mem_register/rom_read_data[14]. Rewiring did not optimize the net.
INFO: [Physopt 32-232] Optimized 10 nets. Created 0 new instance.
INFO: [Physopt 32-775] End 1 Pass. Optimized 10 nets or cells. Created 0 new cell, deleted 0 existing cell and moved 0 existing cell
Netlist sorting complete. Time (s): cpu = 00:00:00.04 ; elapsed = 00:00:00.05 . Memory (MB): peak = 3147.730 ; gain = 0.000 ; free physical = 4828 ; free virtual = 26375
INFO: [Physopt 32-619] Estimated Timing Summary | WNS=-0.157 | TNS=-0.157 |
Netlist sorting complete. Time (s): cpu = 00:00:00.01 ; elapsed = 00:00:00 . Memory (MB): peak = 3147.730 ; gain = 0.000 ; free physical = 4828 ; free virtual = 26375
Phase 6 Rewire | Checksum: 153650deb

Time (s): cpu = 00:06:03 ; elapsed = 00:01:32 . Memory (MB): peak = 3147.730 ; gain = 0.000 ; free physical = 4828 ; free virtual = 26375

Phase 7 Critical Cell Optimization
INFO: [Physopt 32-46] Identified 30 candidate nets for critical-cell optimization.
INFO: [Physopt 32-572] Net rv64im72f_6sp/ex_mem_register/WB_byte_enable_logic_register_file_write_data[39]_i_32_n_0 was not replicated.
Resolution: phys_opt_design can be forced to replicate a net driver using the option -force_replication_on_nets <list of net objects>.
INFO: [Physopt 32-81] Processed net rv64im72f_6sp/ex_mem_register/MEM_alu_result_reg[12]_rep__9_n_0. Replicated 2 times.
INFO: [Physopt 32-572] Net rv64im72f_6sp/id_ex_register/src_A[6] was not replicated.
Resolution: phys_opt_design can be forced to replicate a net driver using the option -force_replication_on_nets <list of net objects>.
INFO: [Physopt 32-572] Net rv64im72f_6sp/id_ex_register/D[2] was not replicated.
Resolution: phys_opt_design can be forced to replicate a net driver using the option -force_replication_on_nets <list of net objects>.
INFO: [Physopt 32-572] Net rv64im72f_6sp/ex_mem_register/data_memory_read_data_muxed[38] was not replicated.
Resolution: phys_opt_design can be forced to replicate a net driver using the option -force_replication_on_nets <list of net objects>.
INFO: [Physopt 32-572] Net rv64im72f_6sp/ex_mem_register/data_memory_read_data_muxed[2] was not replicated.
Resolution: phys_opt_design can be forced to replicate a net driver using the option -force_replication_on_nets <list of net objects>.
INFO: [Physopt 32-572] Net rv64im72f_6sp/ex_mem_register/alu_forward_source_data_b[2] was not replicated.
Resolution: phys_opt_design can be forced to replicate a net driver using the option -force_replication_on_nets <list of net objects>.
INFO: [Physopt 32-572] Net rv64im72f_6sp/id_ex_register/i___62_i_6_0[47] was not replicated.
Resolution: phys_opt_design can be forced to replicate a net driver using the option -force_replication_on_nets <list of net objects>.
INFO: [Physopt 32-81] Processed net rv64im72f_6sp/ex_mem_register/data_memory_read_data_muxed[6]. Replicated 1 times.
INFO: [Physopt 32-81] Processed net rv64im72f_6sp/ex_mem_register/MEM_alu_result_reg[63]_0[4]_repN_3. Replicated 1 times.
INFO: [Physopt 32-571] Net rv64im72f_6sp/data_memory/read_data0[6] was not replicated.
INFO: [Physopt 32-572] Net rv64im72f_6sp/ex_mem_register/alu_forward_source_data_b[5] was not replicated.
Resolution: phys_opt_design can be forced to replicate a net driver using the option -force_replication_on_nets <list of net objects>.
INFO: [Physopt 32-572] Net rv64im72f_6sp/id_ex_register/i___53_i_28_n_0 was not replicated.
Resolution: phys_opt_design can be forced to replicate a net driver using the option -force_replication_on_nets <list of net objects>.
INFO: [Physopt 32-572] Net rv64im72f_6sp/ex_mem_register/data_memory_read_data_muxed[5] was not replicated.
Resolution: phys_opt_design can be forced to replicate a net driver using the option -force_replication_on_nets <list of net objects>.
INFO: [Physopt 32-81] Processed net rv64im72f_6sp/id_ex_register/i___42_i_20_n_0. Replicated 1 times.
INFO: [Physopt 32-572] Net rv64im72f_6sp/id_ex_register/i___62_i_6_0[37] was not replicated.
Resolution: phys_opt_design can be forced to replicate a net driver using the option -force_replication_on_nets <list of net objects>.
INFO: [Physopt 32-572] Net rv64im72f_6sp/ex_mem_register/data_memory_read_data_muxed[53] was not replicated.
Resolution: phys_opt_design can be forced to replicate a net driver using the option -force_replication_on_nets <list of net objects>.
INFO: [Physopt 32-572] Net rv64im72f_6sp/id_ex_register/i___62_i_6_0[44] was not replicated.
Resolution: phys_opt_design can be forced to replicate a net driver using the option -force_replication_on_nets <list of net objects>.
INFO: [Physopt 32-572] Net rv64im72f_6sp/id_ex_register/i___62_i_6_0[39] was not replicated.
Resolution: phys_opt_design can be forced to replicate a net driver using the option -force_replication_on_nets <list of net objects>.
INFO: [Physopt 32-572] Net rv64im72f_6sp/ex_mem_register/WB_byte_enable_logic_register_file_write_data[61]_i_65_n_0 was not replicated.
Resolution: phys_opt_design can be forced to replicate a net driver using the option -force_replication_on_nets <list of net objects>.
INFO: [Physopt 32-572] Net rv64im72f_6sp/ex_mem_register/WB_byte_enable_logic_register_file_write_data[14]_i_4_n_0 was not replicated.
Resolution: phys_opt_design can be forced to replicate a net driver using the option -force_replication_on_nets <list of net objects>.
INFO: [Physopt 32-572] Net rv64im72f_6sp/ex_mem_register/WB_byte_enable_logic_register_file_write_data[7]_i_2_n_0 was not replicated.
Resolution: phys_opt_design can be forced to replicate a net driver using the option -force_replication_on_nets <list of net objects>.
INFO: [Physopt 32-572] Net rv64im72f_6sp/id_ex_register/D[12] was not replicated.
Resolution: phys_opt_design can be forced to replicate a net driver using the option -force_replication_on_nets <list of net objects>.
INFO: [Physopt 32-81] Processed net rv64im72f_6sp/ex_mem_register/data_memory_read_data_muxed[23]. Replicated 1 times.
INFO: [Physopt 32-572] Net rv64im72f_6sp/ex_mem_register/WB_byte_enable_logic_register_file_write_data[61]_i_63_n_0 was not replicated.
Resolution: phys_opt_design can be forced to replicate a net driver using the option -force_replication_on_nets <list of net objects>.
INFO: [Physopt 32-572] Net rv64im72f_6sp/ex_mem_register/data_memory_read_data_muxed[18] was not replicated.
Resolution: phys_opt_design can be forced to replicate a net driver using the option -force_replication_on_nets <list of net objects>.
INFO: [Physopt 32-572] Net rv64im72f_6sp/ex_mem_register/WB_byte_enable_logic_register_file_write_data[18]_i_3_n_0 was not replicated.
Resolution: phys_opt_design can be forced to replicate a net driver using the option -force_replication_on_nets <list of net objects>.
INFO: [Physopt 32-572] Net rv64im72f_6sp/id_ex_register/i___62_i_6_0[56] was not replicated.
Resolution: phys_opt_design can be forced to replicate a net driver using the option -force_replication_on_nets <list of net objects>.
INFO: [Physopt 32-232] Optimized 5 nets. Created 6 new instances.
INFO: [Physopt 32-775] End 1 Pass. Optimized 5 nets or cells. Created 6 new cells, deleted 0 existing cell and moved 0 existing cell
INFO: [Physopt 32-619] Estimated Timing Summary | WNS=-0.113 | TNS=-0.113 |
Netlist sorting complete. Time (s): cpu = 00:00:00.1 ; elapsed = 00:00:00.1 . Memory (MB): peak = 3147.730 ; gain = 0.000 ; free physical = 4827 ; free virtual = 26374
Phase 7 Critical Cell Optimization | Checksum: 10bd85179

Time (s): cpu = 00:07:22 ; elapsed = 00:02:01 . Memory (MB): peak = 3147.730 ; gain = 0.000 ; free physical = 4827 ; free virtual = 26374

Phase 8 Fanout Optimization
INFO: [Physopt 32-76] Pass 1. Identified 11 candidate nets for fanout optimization.
INFO: [Physopt 32-572] Net rv64im72f_6sp/ex_mem_register/WB_byte_enable_logic_register_file_write_data[63]_i_48_n_0 was not replicated.
Resolution: phys_opt_design can be forced to replicate a net driver using the option -force_replication_on_nets <list of net objects>.
INFO: [Physopt 32-572] Net rv64im72f_6sp/instruction_memory/MEM_alu_result_reg[12]_rep__6_5 was not replicated.
Resolution: phys_opt_design can be forced to replicate a net driver using the option -force_replication_on_nets <list of net objects>.
INFO: [Physopt 32-572] Net rv64im72f_6sp/id_ex_register/EX_alu_src_B_select_reg[2]_9 was not replicated.
Resolution: phys_opt_design can be forced to replicate a net driver using the option -force_replication_on_nets <list of net objects>.
INFO: [Physopt 32-572] Net rv64im72f_6sp/ex_mem_register/WB_byte_enable_logic_register_file_write_data[63]_i_49_n_0 was not replicated.
Resolution: phys_opt_design can be forced to replicate a net driver using the option -force_replication_on_nets <list of net objects>.
INFO: [Physopt 32-572] Net rv64im72f_6sp/ex_mem_register/WB_byte_enable_logic_register_file_write_data[63]_i_2_n_0 was not replicated.
Resolution: phys_opt_design can be forced to replicate a net driver using the option -force_replication_on_nets <list of net objects>.
INFO: [Physopt 32-572] Net rv64im72f_6sp/ex_mem_register/WB_byte_enable_logic_register_file_write_data[63]_i_47_n_0 was not replicated.
Resolution: phys_opt_design can be forced to replicate a net driver using the option -force_replication_on_nets <list of net objects>.
INFO: [Physopt 32-81] Processed net rv64im72f_6sp/ex_mem_register/WB_byte_enable_logic_register_file_write_data[51]_i_43_n_0. Replicated 1 times.
INFO: [Physopt 32-81] Processed net rv64im72f_6sp/ex_mem_register/MEM_alu_result_reg[63]_0[5]_repN_3. Replicated 2 times.
INFO: [Physopt 32-572] Net rv64im72f_6sp/id_ex_register/EX_alu_src_B_select_reg[2]_10 was not replicated.
Resolution: phys_opt_design can be forced to replicate a net driver using the option -force_replication_on_nets <list of net objects>.
INFO: [Physopt 32-81] Processed net rv64im72f_6sp/ex_mem_register/MEM_alu_result_reg[63]_0[5]_repN_4. Replicated 3 times.
INFO: [Physopt 32-572] Net rv64im72f_6sp/ex_mem_register/WB_byte_enable_logic_register_file_write_data[31]_i_31_n_0 was not replicated.
Resolution: phys_opt_design can be forced to replicate a net driver using the option -force_replication_on_nets <list of net objects>.
INFO: [Physopt 32-232] Optimized 3 nets. Created 6 new instances.
INFO: [Physopt 32-775] End 1 Pass. Optimized 3 nets or cells. Created 6 new cells, deleted 0 existing cell and moved 0 existing cell
INFO: [Physopt 32-619] Estimated Timing Summary | WNS=-0.113 | TNS=-0.113 |
Netlist sorting complete. Time (s): cpu = 00:00:00.07 ; elapsed = 00:00:00.07 . Memory (MB): peak = 3147.730 ; gain = 0.000 ; free physical = 4827 ; free virtual = 26374
Phase 8 Fanout Optimization | Checksum: 237c3948f

Time (s): cpu = 00:08:05 ; elapsed = 00:02:15 . Memory (MB): peak = 3147.730 ; gain = 0.000 ; free physical = 4827 ; free virtual = 26374

Phase 9 Single Cell Placement Optimization
INFO: [Physopt 32-660] Identified 250 candidate nets for placement-based optimization.
INFO: [Physopt 32-662] Processed net rv64im72f_6sp/ex_mem_register/WB_byte_enable_logic_register_file_write_data[63]_i_48_n_0.  Did not re-place instance rv64im72f_6sp/ex_mem_register/WB_byte_enable_logic_register_file_write_data[63]_i_48
INFO: [Physopt 32-662] Processed net rv64im72f_6sp/ex_mem_register/MEM_alu_result_reg[12]_rep__8_n_0.  Did not re-place instance rv64im72f_6sp/ex_mem_register/MEM_alu_result_reg[12]_rep__8
INFO: [Physopt 32-662] Processed net rv64im72f_6sp/id_ex_register/D[2].  Did not re-place instance rv64im72f_6sp/id_ex_register/divisor_latch[2]_i_1
INFO: [Physopt 32-662] Processed net rv64im72f_6sp/ex_mem_register/WB_byte_enable_logic_register_file_write_data[53]_i_68_n_0.  Did not re-place instance rv64im72f_6sp/ex_mem_register/WB_byte_enable_logic_register_file_write_data[53]_i_68
INFO: [Physopt 32-662] Processed net rv64im72f_6sp/ex_mem_register/data_memory_read_data_muxed[2].  Did not re-place instance rv64im72f_6sp/ex_mem_register/WB_byte_enable_logic_register_file_write_data[2]_i_4
INFO: [Physopt 32-662] Processed net rv64im72f_6sp/ex_mem_register/alu_forward_source_data_b[2].  Did not re-place instance rv64im72f_6sp/ex_mem_register/divisor_latch[2]_i_2
INFO: [Physopt 32-662] Processed net rv64im72f_6sp/alu/i___62_n_0.  Did not re-place instance rv64im72f_6sp/alu/i___62
INFO: [Physopt 32-662] Processed net rv64im72f_6sp/ex_mem_register/WB_byte_enable_logic_register_file_write_data[2]_i_10_n_0.  Did not re-place instance rv64im72f_6sp/ex_mem_register/WB_byte_enable_logic_register_file_write_data[2]_i_10
INFO: [Physopt 32-662] Processed net rv64im72f_6sp/ex_mem_register/WB_byte_enable_logic_register_file_write_data[2]_i_13_n_0.  Did not re-place instance rv64im72f_6sp/ex_mem_register/WB_byte_enable_logic_register_file_write_data[2]_i_13
INFO: [Physopt 32-662] Processed net rv64im72f_6sp/ex_mem_register/WB_byte_enable_logic_register_file_write_data[2]_i_5_n_0.  Did not re-place instance rv64im72f_6sp/ex_mem_register/WB_byte_enable_logic_register_file_write_data[2]_i_5
INFO: [Physopt 32-662] Processed net rv64im72f_6sp/ex_mem_register/WB_byte_enable_logic_register_file_write_data[2]_i_78_n_0.  Did not re-place instance rv64im72f_6sp/ex_mem_register/WB_byte_enable_logic_register_file_write_data[2]_i_78
INFO: [Physopt 32-662] Processed net rv64im72f_6sp/ex_mem_register/WB_byte_enable_logic_register_file_write_data[2]_i_8_n_0.  Did not re-place instance rv64im72f_6sp/ex_mem_register/WB_byte_enable_logic_register_file_write_data[2]_i_8
INFO: [Physopt 32-662] Processed net rv64im72f_6sp/ex_mem_register/WB_byte_enable_logic_register_file_write_data[2]_i_9_n_0.  Did not re-place instance rv64im72f_6sp/ex_mem_register/WB_byte_enable_logic_register_file_write_data[2]_i_9
INFO: [Physopt 32-662] Processed net rv64im72f_6sp/ex_mem_register/dividend_reg[2]_i_8_n_0.  Did not re-place instance rv64im72f_6sp/ex_mem_register/dividend_reg[2]_i_8
INFO: [Physopt 32-662] Processed net rv64im72f_6sp/ex_mem_register/rom_read_data[2].  Did not re-place instance rv64im72f_6sp/ex_mem_register/WB_byte_enable_logic_register_file_write_data[2]_i_7
INFO: [Physopt 32-662] Processed net rv64im72f_6sp/id_ex_register/EX2_alu_zero_i_4_n_0.  Did not re-place instance rv64im72f_6sp/id_ex_register/EX2_alu_zero_i_4
INFO: [Physopt 32-662] Processed net rv64im72f_6sp/id_ex_register/EX2_pc[11]_i_2.  Did not re-place instance rv64im72f_6sp/id_ex_register/EX2_alu_zero_i_1
INFO: [Physopt 32-662] Processed net rv64im72f_6sp/id_ex_register/alu_zero.  Did not re-place instance rv64im72f_6sp/id_ex_register/EX2_alu_zero_i_2
INFO: [Physopt 32-663] Processed net rv64im72f_6sp/id_ex_register/divisor_latch[3]_i_1_0[2].  Re-placed instance rv64im72f_6sp/id_ex_register/i___52_i_27
INFO: [Physopt 32-662] Processed net rv64im72f_6sp/id_ex_register/i___62_i_13_n_0.  Did not re-place instance rv64im72f_6sp/id_ex_register/i___62_i_13
INFO: [Physopt 32-662] Processed net rv64im72f_6sp/id_ex_register/i___62_i_7_n_0.  Did not re-place instance rv64im72f_6sp/id_ex_register/i___62_i_7
INFO: [Physopt 32-662] Processed net rv64im72f_6sp/ex_ex2_register/EX2_alu_zero.  Did not re-place instance rv64im72f_6sp/ex_ex2_register/EX2_alu_zero_reg
INFO: [Physopt 32-662] Processed net rv64im72f_6sp/id_ex_register/i___62_i_6_0[47].  Did not re-place instance rv64im72f_6sp/id_ex_register/i___57_i_1
INFO: [Physopt 32-662] Processed net rv64im72f_6sp/alu/i___57_n_0.  Did not re-place instance rv64im72f_6sp/alu/i___57
INFO: [Physopt 32-662] Processed net rv64im72f_6sp/id_ex_register/i___57_i_19_n_0.  Did not re-place instance rv64im72f_6sp/id_ex_register/i___57_i_19
INFO: [Physopt 32-662] Processed net rv64im72f_6sp/id_ex_register/i___57_i_6_n_0.  Did not re-place instance rv64im72f_6sp/id_ex_register/i___57_i_6
INFO: [Physopt 32-662] Processed net rv64im72f_6sp/ex_mem_register/MEM_alu_result_reg[63]_0[10]_repN_26.  Did not re-place instance rv64im72f_6sp/ex_mem_register/MEM_alu_result_reg[10]_replica_26
INFO: [Physopt 32-662] Processed net rv64im72f_6sp/instruction_memory/MEM_alu_result_reg[12]_rep__6_5.  Did not re-place instance rv64im72f_6sp/instruction_memory/i___11_rep__0
INFO: [Physopt 32-662] Processed net rv64im72f_6sp/ex_mem_register/WB_byte_enable_logic_register_file_write_data[54]_i_45_n_0.  Did not re-place instance rv64im72f_6sp/ex_mem_register/WB_byte_enable_logic_register_file_write_data[54]_i_45
INFO: [Physopt 32-662] Processed net rv64im72f_6sp/id_ex_register/D[3].  Did not re-place instance rv64im72f_6sp/id_ex_register/divisor_latch[3]_i_1
INFO: [Physopt 32-662] Processed net rv64im72f_6sp/ex_mem_register/alu_forward_source_data_b[3].  Did not re-place instance rv64im72f_6sp/ex_mem_register/divisor_latch[3]_i_2
INFO: [Physopt 32-662] Processed net rv64im72f_6sp/ex_mem_register/data_memory_read_data_muxed[11].  Did not re-place instance rv64im72f_6sp/ex_mem_register/WB_byte_enable_logic_register_file_write_data[11]_i_4
INFO: [Physopt 32-662] Processed net rv64im72f_6sp/ex_mem_register/WB_byte_enable_logic_register_file_write_data[11]_i_34_n_0.  Did not re-place instance rv64im72f_6sp/ex_mem_register/WB_byte_enable_logic_register_file_write_data[11]_i_34
INFO: [Physopt 32-662] Processed net rv64im72f_6sp/ex_mem_register/WB_byte_enable_logic_register_file_write_data[11]_i_6_n_0.  Did not re-place instance rv64im72f_6sp/ex_mem_register/WB_byte_enable_logic_register_file_write_data[11]_i_6
INFO: [Physopt 32-662] Processed net rv64im72f_6sp/ex_mem_register/WB_byte_enable_logic_register_file_write_data[11]_i_7_n_0.  Did not re-place instance rv64im72f_6sp/ex_mem_register/WB_byte_enable_logic_register_file_write_data[11]_i_7
INFO: [Physopt 32-662] Processed net rv64im72f_6sp/ex_mem_register/WB_byte_enable_logic_register_file_write_data[11]_i_8_n_0.  Did not re-place instance rv64im72f_6sp/ex_mem_register/WB_byte_enable_logic_register_file_write_data[11]_i_8
INFO: [Physopt 32-663] Processed net rv64im72f_6sp/ex_mem_register/WB_byte_enable_logic_register_file_write_data[11]_i_9_n_0.  Re-placed instance rv64im72f_6sp/ex_mem_register/WB_byte_enable_logic_register_file_write_data[11]_i_9
INFO: [Physopt 32-662] Processed net rv64im72f_6sp/ex_mem_register/WB_byte_enable_logic_register_file_write_data[3]_i_5_n_0.  Did not re-place instance rv64im72f_6sp/ex_mem_register/WB_byte_enable_logic_register_file_write_data[3]_i_5
INFO: [Physopt 32-662] Processed net rv64im72f_6sp/ex_mem_register/dividend_reg[3]_i_8_n_0.  Did not re-place instance rv64im72f_6sp/ex_mem_register/dividend_reg[3]_i_8
INFO: [Physopt 32-662] Processed net rv64im72f_6sp/ex_mem_register/rom_read_data[11].  Did not re-place instance rv64im72f_6sp/ex_mem_register/WB_byte_enable_logic_register_file_write_data[11]_i_5
INFO: [Physopt 32-662] Processed net rv64im72f_6sp/id_ex_register/divisor_latch[3]_i_1_0[3].  Did not re-place instance rv64im72f_6sp/id_ex_register/i___52_i_26
INFO: [Physopt 32-662] Processed net rv64im72f_6sp/ex_mem_register/MEM_alu_result_reg[12]_rep__6_0.  Did not re-place instance rv64im72f_6sp/ex_mem_register/MEM_alu_result_reg[12]_rep__6
INFO: [Physopt 32-662] Processed net rv64im72f_6sp/ex_mem_register/MEM_alu_result_reg[14]_rep__1_0.  Did not re-place instance rv64im72f_6sp/ex_mem_register/MEM_alu_result_reg[14]_rep__1
INFO: [Physopt 32-662] Processed net rv64im72f_6sp/ex_mem_register/WB_byte_enable_logic_register_file_write_data[14]_i_4_n_0.  Did not re-place instance rv64im72f_6sp/ex_mem_register/WB_byte_enable_logic_register_file_write_data[14]_i_4
INFO: [Physopt 32-662] Processed net rv64im72f_6sp/ex_mem_register/WB_byte_enable_logic_register_file_write_data[7]_i_2_n_0.  Did not re-place instance rv64im72f_6sp/ex_mem_register/WB_byte_enable_logic_register_file_write_data[7]_i_2
INFO: [Physopt 32-662] Processed net rv64im72f_6sp/id_ex_register/D[12].  Did not re-place instance rv64im72f_6sp/id_ex_register/divisor_latch[12]_i_1
INFO: [Physopt 32-662] Processed net rv64im72f_6sp/ex_mem_register/data_memory_read_data_muxed[39].  Did not re-place instance rv64im72f_6sp/ex_mem_register/WB_byte_enable_logic_register_file_write_data[39]_i_2
INFO: [Physopt 32-662] Processed net rv64im72f_6sp/instruction_memory/MEM_alu_result_reg[10]_3.  Did not re-place instance rv64im72f_6sp/instruction_memory/i___10
INFO: [Physopt 32-662] Processed net rv64im72f_6sp/ex_mem_register/WB_byte_enable_logic_register_file_write_data[39]_i_22_n_0.  Did not re-place instance rv64im72f_6sp/ex_mem_register/WB_byte_enable_logic_register_file_write_data[39]_i_22
INFO: [Physopt 32-662] Processed net rv64im72f_6sp/ex_mem_register/WB_byte_enable_logic_register_file_write_data[39]_i_4_n_0.  Did not re-place instance rv64im72f_6sp/ex_mem_register/WB_byte_enable_logic_register_file_write_data[39]_i_4
INFO: [Physopt 32-662] Processed net rv64im72f_6sp/ex_mem_register/WB_byte_enable_logic_register_file_write_data[39]_i_54_n_0.  Did not re-place instance rv64im72f_6sp/ex_mem_register/WB_byte_enable_logic_register_file_write_data[39]_i_54
INFO: [Physopt 32-662] Processed net rv64im72f_6sp/ex_mem_register/WB_byte_enable_logic_register_file_write_data[39]_i_5_n_0.  Did not re-place instance rv64im72f_6sp/ex_mem_register/WB_byte_enable_logic_register_file_write_data[39]_i_5
INFO: [Physopt 32-662] Processed net rv64im72f_6sp/ex_mem_register/WB_byte_enable_logic_register_file_write_data[39]_i_6_n_0.  Did not re-place instance rv64im72f_6sp/ex_mem_register/WB_byte_enable_logic_register_file_write_data[39]_i_6
INFO: [Physopt 32-663] Processed net rv64im72f_6sp/ex_mem_register/WB_byte_enable_logic_register_file_write_data[39]_i_79_n_0.  Re-placed instance rv64im72f_6sp/ex_mem_register/WB_byte_enable_logic_register_file_write_data[39]_i_79
INFO: [Physopt 32-662] Processed net rv64im72f_6sp/ex_mem_register/alu_forward_source_data_b[12].  Did not re-place instance rv64im72f_6sp/ex_mem_register/divisor_latch[12]_i_2
INFO: [Physopt 32-662] Processed net rv64im72f_6sp/ex_mem_register/dividend_reg[12]_i_5_n_0.  Did not re-place instance rv64im72f_6sp/ex_mem_register/dividend_reg[12]_i_5
INFO: [Physopt 32-662] Processed net rv64im72f_6sp/ex_mem_register/rom_read_data[39].  Did not re-place instance rv64im72f_6sp/ex_mem_register/WB_byte_enable_logic_register_file_write_data[39]_i_3
INFO: [Physopt 32-662] Processed net rv64im72f_6sp/id_ex_register/EX_read_data1_reg[15]_0[0].  Did not re-place instance rv64im72f_6sp/id_ex_register/i___47_i_47
INFO: [Physopt 32-662] Processed net rv64im72f_6sp/ex_mem_register/dividend_reg[2]_i_13_n_0.  Did not re-place instance rv64im72f_6sp/ex_mem_register/dividend_reg[2]_i_13
INFO: [Physopt 32-662] Processed net rv64im72f_6sp/id_ex_register/src_A[7].  Did not re-place instance rv64im72f_6sp/id_ex_register/dividend_reg[7]_i_1
INFO: [Physopt 32-662] Processed net rv64im72f_6sp/id_ex_register/i___41_i_34_n_0.  Did not re-place instance rv64im72f_6sp/id_ex_register/i___41_i_34
INFO: [Physopt 32-662] Processed net rv64im72f_6sp/id_ex_register/i___44_i_22_n_0.  Did not re-place instance rv64im72f_6sp/id_ex_register/i___44_i_22
INFO: [Physopt 32-662] Processed net rv64im72f_6sp/id_ex_register/i___62_i_6_0[24].  Did not re-place instance rv64im72f_6sp/id_ex_register/i___44_i_3
INFO: [Physopt 32-662] Processed net rv64im72f_6sp/alu/i___44_n_0.  Did not re-place instance rv64im72f_6sp/alu/i___44
INFO: [Physopt 32-662] Processed net rv64im72f_6sp/ex_mem_register/dividend_reg[7]_i_5_n_0.  Did not re-place instance rv64im72f_6sp/ex_mem_register/dividend_reg[7]_i_5
INFO: [Physopt 32-662] Processed net rv64im72f_6sp/ex_mem_register/dividend_reg[7]_i_8_n_0.  Did not re-place instance rv64im72f_6sp/ex_mem_register/dividend_reg[7]_i_8
INFO: [Physopt 32-662] Processed net rv64im72f_6sp/id_ex_register/alu_forward_source_data_a[7].  Did not re-place instance rv64im72f_6sp/id_ex_register/dividend_reg[7]_i_2
INFO: [Physopt 32-662] Processed net rv64im72f_6sp/id_ex_register/i___44_i_10_n_0.  Did not re-place instance rv64im72f_6sp/id_ex_register/i___44_i_10
INFO: [Physopt 32-662] Processed net rv64im72f_6sp/ex_mem_register/MEM_alu_result_reg[63]_0[10]_repN_1.  Did not re-place instance rv64im72f_6sp/ex_mem_register/MEM_alu_result_reg[10]_replica_1
INFO: [Physopt 32-662] Processed net rv64im72f_6sp/ex_mem_register/WB_byte_enable_logic_register_file_write_data[62]_i_59_n_0.  Did not re-place instance rv64im72f_6sp/ex_mem_register/WB_byte_enable_logic_register_file_write_data[62]_i_59
INFO: [Physopt 32-662] Processed net rv64im72f_6sp/id_ex_register/src_A[6].  Did not re-place instance rv64im72f_6sp/id_ex_register/dividend_reg[6]_i_1
INFO: [Physopt 32-663] Processed net rv64im72f_6sp/ex_mem_register/data_memory_read_data_muxed[62].  Re-placed instance rv64im72f_6sp/ex_mem_register/WB_byte_enable_logic_register_file_write_data[62]_i_2_rewire
INFO: [Physopt 32-662] Processed net rv64im72f_6sp/ex_mem_register/WB_byte_enable_logic_register_file_write_data[62]_i_17_n_0.  Did not re-place instance rv64im72f_6sp/ex_mem_register/WB_byte_enable_logic_register_file_write_data[62]_i_17
INFO: [Physopt 32-662] Processed net rv64im72f_6sp/ex_mem_register/WB_byte_enable_logic_register_file_write_data[62]_i_38_n_0.  Did not re-place instance rv64im72f_6sp/ex_mem_register/WB_byte_enable_logic_register_file_write_data[62]_i_38
INFO: [Physopt 32-662] Processed net rv64im72f_6sp/ex_mem_register/WB_byte_enable_logic_register_file_write_data[62]_i_4_n_0.  Did not re-place instance rv64im72f_6sp/ex_mem_register/WB_byte_enable_logic_register_file_write_data[62]_i_4
INFO: [Physopt 32-662] Processed net rv64im72f_6sp/ex_mem_register/WB_byte_enable_logic_register_file_write_data[62]_i_5_n_0.  Did not re-place instance rv64im72f_6sp/ex_mem_register/WB_byte_enable_logic_register_file_write_data[62]_i_5
INFO: [Physopt 32-662] Processed net rv64im72f_6sp/ex_mem_register/WB_byte_enable_logic_register_file_write_data[62]_i_6_n_0.  Did not re-place instance rv64im72f_6sp/ex_mem_register/WB_byte_enable_logic_register_file_write_data[62]_i_6
INFO: [Physopt 32-662] Processed net rv64im72f_6sp/ex_mem_register/WB_byte_enable_logic_register_file_write_data[62]_i_80_n_0.  Did not re-place instance rv64im72f_6sp/ex_mem_register/WB_byte_enable_logic_register_file_write_data[62]_i_80
INFO: [Physopt 32-662] Processed net rv64im72f_6sp/ex_mem_register/WB_byte_enable_logic_register_file_write_data[6]_i_12_n_0.  Did not re-place instance rv64im72f_6sp/ex_mem_register/WB_byte_enable_logic_register_file_write_data[6]_i_12
INFO: [Physopt 32-662] Processed net rv64im72f_6sp/ex_mem_register/dividend_reg[6]_i_14_n_0.  Did not re-place instance rv64im72f_6sp/ex_mem_register/dividend_reg[6]_i_14
INFO: [Physopt 32-662] Processed net rv64im72f_6sp/id_ex_register/EX_read_data1_reg[7]_0[2].  Did not re-place instance rv64im72f_6sp/id_ex_register/i___50_i_41
INFO: [Physopt 32-662] Processed net rv64im72f_6sp/id_ex_register/dividend_reg[6]_i_4_n_0.  Did not re-place instance rv64im72f_6sp/id_ex_register/dividend_reg[6]_i_4
INFO: [Physopt 32-662] Processed net rv64im72f_6sp/id_ex_register/EX_alu_src_B_select_reg[2]_9.  Did not re-place instance rv64im72f_6sp/id_ex_register/i___238_i_2
INFO: [Physopt 32-662] Processed net rv64im72f_6sp/ex_mem_register/WB_byte_enable_logic_register_file_write_data[63]_i_49_n_0.  Did not re-place instance rv64im72f_6sp/ex_mem_register/WB_byte_enable_logic_register_file_write_data[63]_i_49
INFO: [Physopt 32-662] Processed net rv64im72f_6sp/ex_mem_register/alu_forward_source_data_b[5].  Did not re-place instance rv64im72f_6sp/ex_mem_register/divisor_latch[5]_i_2
INFO: [Physopt 32-662] Processed net rv64im72f_6sp/id_ex_register/i___53_i_28_n_0.  Did not re-place instance rv64im72f_6sp/id_ex_register/i___53_i_28
INFO: [Physopt 32-662] Processed net rv64im72f_6sp/ex_mem_register/data_memory_read_data_muxed[37].  Did not re-place instance rv64im72f_6sp/ex_mem_register/WB_byte_enable_logic_register_file_write_data[37]_i_2
INFO: [Physopt 32-662] Processed net rv64im72f_6sp/ex_mem_register/WB_byte_enable_logic_register_file_write_data[5]_i_4_n_0.  Did not re-place instance rv64im72f_6sp/ex_mem_register/WB_byte_enable_logic_register_file_write_data[5]_i_4
INFO: [Physopt 32-662] Processed net rv64im72f_6sp/id_ex_register/i___42_i_41_n_0.  Did not re-place instance rv64im72f_6sp/id_ex_register/i___42_i_41
INFO: [Physopt 32-662] Processed net rv64im72f_6sp/id_ex_register/i___62_i_6_0[37].  Did not re-place instance rv64im72f_6sp/id_ex_register/i___54_i_2
INFO: [Physopt 32-662] Processed net rv64im72f_6sp/alu/i___54_n_0.  Did not re-place instance rv64im72f_6sp/alu/i___54
INFO: [Physopt 32-662] Processed net rv64im72f_6sp/ex_mem_register/WB_byte_enable_logic_register_file_write_data[37]_i_15_n_0.  Did not re-place instance rv64im72f_6sp/ex_mem_register/WB_byte_enable_logic_register_file_write_data[37]_i_15
INFO: [Physopt 32-662] Processed net rv64im72f_6sp/ex_mem_register/WB_byte_enable_logic_register_file_write_data[37]_i_4_n_0.  Did not re-place instance rv64im72f_6sp/ex_mem_register/WB_byte_enable_logic_register_file_write_data[37]_i_4
INFO: [Physopt 32-662] Processed net rv64im72f_6sp/ex_mem_register/WB_byte_enable_logic_register_file_write_data[37]_i_5_n_0.  Did not re-place instance rv64im72f_6sp/ex_mem_register/WB_byte_enable_logic_register_file_write_data[37]_i_5
INFO: [Physopt 32-662] Processed net rv64im72f_6sp/ex_mem_register/WB_byte_enable_logic_register_file_write_data[37]_i_6_n_0.  Did not re-place instance rv64im72f_6sp/ex_mem_register/WB_byte_enable_logic_register_file_write_data[37]_i_6
INFO: [Physopt 32-662] Processed net rv64im72f_6sp/ex_mem_register/WB_byte_enable_logic_register_file_write_data[37]_i_81_n_0.  Did not re-place instance rv64im72f_6sp/ex_mem_register/WB_byte_enable_logic_register_file_write_data[37]_i_81
INFO: [Physopt 32-662] Processed net rv64im72f_6sp/ex_mem_register/dividend_reg[5]_i_9_n_0.  Did not re-place instance rv64im72f_6sp/ex_mem_register/dividend_reg[5]_i_9
INFO: [Physopt 32-662] Processed net rv64im72f_6sp/ex_mem_register/rom_read_data[37].  Did not re-place instance rv64im72f_6sp/ex_mem_register/WB_byte_enable_logic_register_file_write_data[37]_i_3
INFO: [Physopt 32-662] Processed net rv64im72f_6sp/id_ex_register/alu/alu_dword/data7[37].  Did not re-place instance rv64im72f_6sp/id_ex_register/i___54_i_19
INFO: [Physopt 32-662] Processed net rv64im72f_6sp/id_ex_register/i___42_i_20_n_0_repN.  Did not re-place instance rv64im72f_6sp/id_ex_register/i___42_i_20_replica
INFO: [Physopt 32-663] Processed net rv64im72f_6sp/ex_mem_register/WB_byte_enable_logic_register_file_write_data[2]_i_12_n_0.  Re-placed instance rv64im72f_6sp/ex_mem_register/WB_byte_enable_logic_register_file_write_data[2]_i_12
INFO: [Physopt 32-663] Processed net rv64im72f_6sp/ex_mem_register/WB_byte_enable_logic_register_file_write_data[2]_i_21_n_0.  Re-placed instance rv64im72f_6sp/ex_mem_register/WB_byte_enable_logic_register_file_write_data[2]_i_21
INFO: [Physopt 32-662] Processed net rv64im72f_6sp/ex_mem_register/WB_byte_enable_logic_register_file_write_data[2]_i_51_n_0.  Did not re-place instance rv64im72f_6sp/ex_mem_register/WB_byte_enable_logic_register_file_write_data[2]_i_51
INFO: [Physopt 32-662] Processed net rv64im72f_6sp/id_ex_register/i___62_i_6_0[44].  Did not re-place instance rv64im72f_6sp/id_ex_register/i___56_i_1
INFO: [Physopt 32-662] Processed net rv64im72f_6sp/alu/i___56_n_0.  Did not re-place instance rv64im72f_6sp/alu/i___56
INFO: [Physopt 32-662] Processed net rv64im72f_6sp/id_ex_register/i___56_i_17_n_0.  Did not re-place instance rv64im72f_6sp/id_ex_register/i___56_i_17
INFO: [Physopt 32-662] Processed net rv64im72f_6sp/id_ex_register/i___56_i_6_n_0.  Did not re-place instance rv64im72f_6sp/id_ex_register/i___56_i_6
INFO: [Physopt 32-662] Processed net rv64im72f_6sp/id_ex_register/i___62_i_6_0[39].  Did not re-place instance rv64im72f_6sp/id_ex_register/i___55_i_3
INFO: [Physopt 32-662] Processed net rv64im72f_6sp/alu/i___55_n_0.  Did not re-place instance rv64im72f_6sp/alu/i___55
INFO: [Physopt 32-662] Processed net rv64im72f_6sp/id_ex_register/i___55_i_12_n_0.  Did not re-place instance rv64im72f_6sp/id_ex_register/i___55_i_12
INFO: [Physopt 32-662] Processed net rv64im72f_6sp/id_ex_register/i___55_i_28_n_0.  Did not re-place instance rv64im72f_6sp/id_ex_register/i___55_i_28
INFO: [Physopt 32-662] Processed net rv64im72f_6sp/id_ex_register/i___62_i_6_0[56].  Did not re-place instance rv64im72f_6sp/id_ex_register/i___60_i_1
INFO: [Physopt 32-662] Processed net rv64im72f_6sp/alu/i___60_n_0.  Did not re-place instance rv64im72f_6sp/alu/i___60
INFO: [Physopt 32-662] Processed net rv64im72f_6sp/id_ex_register/i___60_i_19_n_0.  Did not re-place instance rv64im72f_6sp/id_ex_register/i___60_i_19
INFO: [Physopt 32-662] Processed net rv64im72f_6sp/id_ex_register/i___60_i_6_n_0.  Did not re-place instance rv64im72f_6sp/id_ex_register/i___60_i_6
INFO: [Physopt 32-662] Processed net rv64im72f_6sp/id_ex_register/src_A[14].  Did not re-place instance rv64im72f_6sp/id_ex_register/dividend_reg[14]_i_1
INFO: [Physopt 32-662] Processed net rv64im72f_6sp/id_ex_register/i___63_i_16_n_0.  Did not re-place instance rv64im72f_6sp/id_ex_register/i___63_i_16
INFO: [Physopt 32-663] Processed net rv64im72f_6sp/id_ex_register/i___60_i_16_n_0.  Re-placed instance rv64im72f_6sp/id_ex_register/i___60_i_16
INFO: [Physopt 32-663] Processed net rv64im72f_6sp/id_ex_register/i___60_i_29_n_0.  Re-placed instance rv64im72f_6sp/id_ex_register/i___60_i_29
INFO: [Physopt 32-662] Processed net rv64im72f_6sp/id_ex_register/i___62_i_6_0[57].  Did not re-place instance rv64im72f_6sp/id_ex_register/i___61_i_3
INFO: [Physopt 32-662] Processed net rv64im72f_6sp/alu/i___61_n_0.  Did not re-place instance rv64im72f_6sp/alu/i___61
INFO: [Physopt 32-662] Processed net rv64im72f_6sp/ex_mem_register/dividend_reg[14]_i_5_n_0.  Did not re-place instance rv64im72f_6sp/ex_mem_register/dividend_reg[14]_i_5
INFO: [Physopt 32-662] Processed net rv64im72f_6sp/id_ex_register/alu_forward_source_data_a[14].  Did not re-place instance rv64im72f_6sp/id_ex_register/dividend_reg[14]_i_2
INFO: [Physopt 32-662] Processed net rv64im72f_6sp/id_ex_register/i___61_i_8_n_0.  Did not re-place instance rv64im72f_6sp/id_ex_register/i___61_i_8
INFO: [Physopt 32-662] Processed net rv64im72f_6sp/ex_mem_register/WB_byte_enable_logic_register_file_write_data[56]_i_63_n_0.  Did not re-place instance rv64im72f_6sp/ex_mem_register/WB_byte_enable_logic_register_file_write_data[56]_i_63
INFO: [Physopt 32-662] Processed net rv64im72f_6sp/id_ex_register/EX_alu_src_B_select_reg[2]_1.  Did not re-place instance rv64im72f_6sp/id_ex_register/i___229_i_1
INFO: [Physopt 32-662] Processed net rv64im72f_6sp/ex_mem_register/alu_forward_source_data_b[0].  Did not re-place instance rv64im72f_6sp/ex_mem_register/divisor_latch[0]_i_2
INFO: [Physopt 32-662] Processed net rv64im72f_6sp/ex_mem_register/MEM_forward_data_value[0].  Did not re-place instance rv64im72f_6sp/ex_mem_register/dividend_reg[0]_i_5
INFO: [Physopt 32-662] Processed net rv64im72f_6sp/id_ex_register/i___42_i_21_n_0.  Did not re-place instance rv64im72f_6sp/id_ex_register/i___42_i_21
INFO: [Physopt 32-662] Processed net rv64im72f_6sp/id_ex_register/i___41_i_23_n_0.  Did not re-place instance rv64im72f_6sp/id_ex_register/i___41_i_23
INFO: [Physopt 32-662] Processed net rv64im72f_6sp/ex_mem_register/data_memory_read_data_muxed[48].  Did not re-place instance rv64im72f_6sp/ex_mem_register/WB_byte_enable_logic_register_file_write_data[48]_i_2
INFO: [Physopt 32-662] Processed net rv64im72f_6sp/id_ex_register/i___42_i_9_n_0.  Did not re-place instance rv64im72f_6sp/id_ex_register/i___42_i_9
INFO: [Physopt 32-662] Processed net rv64im72f_6sp/ex_mem_register/MEM_byte_enable_logic_register_file_write_data[0].  Did not re-place instance rv64im72f_6sp/ex_mem_register/WB_byte_enable_logic_register_file_write_data[0]_i_1
INFO: [Physopt 32-662] Processed net rv64im72f_6sp/id_ex_register/i___62_i_6_0[29].  Did not re-place instance rv64im72f_6sp/id_ex_register/i___43_i_1
INFO: [Physopt 32-662] Processed net rv64im72f_6sp/alu/i___43_n_0.  Did not re-place instance rv64im72f_6sp/alu/i___43
INFO: [Physopt 32-662] Processed net rv64im72f_6sp/ex_mem_register/WB_byte_enable_logic_register_file_write_data[0]_i_9_n_0.  Did not re-place instance rv64im72f_6sp/ex_mem_register/WB_byte_enable_logic_register_file_write_data[0]_i_9
INFO: [Physopt 32-662] Processed net rv64im72f_6sp/ex_mem_register/WB_byte_enable_logic_register_file_write_data[48]_i_36_n_0.  Did not re-place instance rv64im72f_6sp/ex_mem_register/WB_byte_enable_logic_register_file_write_data[48]_i_36
INFO: [Physopt 32-662] Processed net rv64im72f_6sp/ex_mem_register/WB_byte_enable_logic_register_file_write_data[48]_i_4_n_0.  Did not re-place instance rv64im72f_6sp/ex_mem_register/WB_byte_enable_logic_register_file_write_data[48]_i_4
INFO: [Physopt 32-662] Processed net rv64im72f_6sp/ex_mem_register/WB_byte_enable_logic_register_file_write_data[48]_i_5_n_0.  Did not re-place instance rv64im72f_6sp/ex_mem_register/WB_byte_enable_logic_register_file_write_data[48]_i_5
INFO: [Physopt 32-662] Processed net rv64im72f_6sp/ex_mem_register/WB_byte_enable_logic_register_file_write_data[48]_i_6_n_0.  Did not re-place instance rv64im72f_6sp/ex_mem_register/WB_byte_enable_logic_register_file_write_data[48]_i_6
INFO: [Physopt 32-663] Processed net rv64im72f_6sp/ex_mem_register/WB_byte_enable_logic_register_file_write_data[48]_i_9_n_0.  Re-placed instance rv64im72f_6sp/ex_mem_register/WB_byte_enable_logic_register_file_write_data[48]_i_9
INFO: [Physopt 32-662] Processed net rv64im72f_6sp/ex_mem_register/rom_read_data[48].  Did not re-place instance rv64im72f_6sp/ex_mem_register/WB_byte_enable_logic_register_file_write_data[48]_i_3
INFO: [Physopt 32-662] Processed net rv64im72f_6sp/id_ex_register/divisor_latch[3]_i_1_0[0].  Did not re-place instance rv64im72f_6sp/id_ex_register/i___52_i_29
INFO: [Physopt 32-662] Processed net rv64im72f_6sp/id_ex_register/i___42_i_42_n_0.  Did not re-place instance rv64im72f_6sp/id_ex_register/i___42_i_42
INFO: [Physopt 32-662] Processed net rv64im72f_6sp/id_ex_register/i___43_i_4_n_0.  Did not re-place instance rv64im72f_6sp/id_ex_register/i___43_i_4
INFO: [Physopt 32-662] Processed net rv64im72f_6sp/id_ex_register/i___62_i_6_0[58].  Did not re-place instance rv64im72f_6sp/id_ex_register/i___61_i_2
INFO: [Physopt 32-662] Processed net rv64im72f_6sp/id_ex_register/i___61_i_17_n_0.  Did not re-place instance rv64im72f_6sp/id_ex_register/i___61_i_17
INFO: [Physopt 32-662] Processed net rv64im72f_6sp/id_ex_register/i___61_i_7_n_0.  Did not re-place instance rv64im72f_6sp/id_ex_register/i___61_i_7
INFO: [Physopt 32-662] Processed net rv64im72f_6sp/ex_mem_register/data_memory_read_data_muxed[50].  Did not re-place instance rv64im72f_6sp/ex_mem_register/WB_byte_enable_logic_register_file_write_data[50]_i_2
INFO: [Physopt 32-662] Processed net rv64im72f_6sp/ex_mem_register/WB_byte_enable_logic_register_file_write_data[50]_i_37_n_0.  Did not re-place instance rv64im72f_6sp/ex_mem_register/WB_byte_enable_logic_register_file_write_data[50]_i_37
INFO: [Physopt 32-662] Processed net rv64im72f_6sp/ex_mem_register/WB_byte_enable_logic_register_file_write_data[2]_i_6_n_0.  Did not re-place instance rv64im72f_6sp/ex_mem_register/WB_byte_enable_logic_register_file_write_data[2]_i_6
INFO: [Physopt 32-662] Processed net rv64im72f_6sp/ex_mem_register/WB_byte_enable_logic_register_file_write_data[50]_i_10_n_0.  Did not re-place instance rv64im72f_6sp/ex_mem_register/WB_byte_enable_logic_register_file_write_data[50]_i_10
INFO: [Physopt 32-663] Processed net rv64im72f_6sp/ex_mem_register/WB_byte_enable_logic_register_file_write_data[50]_i_17_n_0.  Re-placed instance rv64im72f_6sp/ex_mem_register/WB_byte_enable_logic_register_file_write_data[50]_i_17
INFO: [Physopt 32-662] Processed net rv64im72f_6sp/ex_mem_register/WB_byte_enable_logic_register_file_write_data[50]_i_4_n_0.  Did not re-place instance rv64im72f_6sp/ex_mem_register/WB_byte_enable_logic_register_file_write_data[50]_i_4
INFO: [Physopt 32-662] Processed net rv64im72f_6sp/ex_mem_register/WB_byte_enable_logic_register_file_write_data[50]_i_5_n_0.  Did not re-place instance rv64im72f_6sp/ex_mem_register/WB_byte_enable_logic_register_file_write_data[50]_i_5
INFO: [Physopt 32-662] Processed net rv64im72f_6sp/ex_mem_register/WB_byte_enable_logic_register_file_write_data[50]_i_6_n_0.  Did not re-place instance rv64im72f_6sp/ex_mem_register/WB_byte_enable_logic_register_file_write_data[50]_i_6
INFO: [Physopt 32-662] Processed net rv64im72f_6sp/ex_mem_register/rom_read_data[50].  Did not re-place instance rv64im72f_6sp/ex_mem_register/WB_byte_enable_logic_register_file_write_data[50]_i_3
INFO: [Physopt 32-662] Processed net rv64im72f_6sp/ex_mem_register/WB_byte_enable_logic_register_file_write_data[63]_i_2_n_0.  Did not re-place instance rv64im72f_6sp/ex_mem_register/WB_byte_enable_logic_register_file_write_data[63]_i_2
INFO: [Physopt 32-662] Processed net rv64im72f_6sp/id_ex_register/i___56_i_41_n_0.  Did not re-place instance rv64im72f_6sp/id_ex_register/i___56_i_41
INFO: [Physopt 32-663] Processed net rv64im72f_6sp/id_ex_register/i___57_i_15_n_0.  Re-placed instance rv64im72f_6sp/id_ex_register/i___57_i_15
INFO: [Physopt 32-662] Processed net rv64im72f_6sp/id_ex_register/i___57_i_38_n_0.  Did not re-place instance rv64im72f_6sp/id_ex_register/i___57_i_38
INFO: [Physopt 32-662] Processed net rv64im72f_6sp/id_ex_register/src_A[34].  Did not re-place instance rv64im72f_6sp/id_ex_register/dividend_reg[34]_i_1
INFO: [Physopt 32-662] Processed net rv64im72f_6sp/id_ex_register/i___62_i_6_0[46].  Did not re-place instance rv64im72f_6sp/id_ex_register/i___57_i_2
INFO: [Physopt 32-662] Processed net rv64im72f_6sp/ex_mem_register/dividend_reg[34]_i_9_n_0.  Did not re-place instance rv64im72f_6sp/ex_mem_register/dividend_reg[34]_i_9
INFO: [Physopt 32-662] Processed net rv64im72f_6sp/id_ex_register/alu/alu_dword/data7[46].  Did not re-place instance rv64im72f_6sp/id_ex_register/i___57_i_20
INFO: [Physopt 32-662] Processed net rv64im72f_6sp/id_ex_register/dividend_reg[34]_i_3_n_0.  Did not re-place instance rv64im72f_6sp/id_ex_register/dividend_reg[34]_i_3
INFO: [Physopt 32-662] Processed net rv64im72f_6sp/ex_mem_register/WB_byte_enable_logic_register_file_write_data[29]_i_36_n_0.  Did not re-place instance rv64im72f_6sp/ex_mem_register/WB_byte_enable_logic_register_file_write_data[29]_i_36
INFO: [Physopt 32-662] Processed net rv64im72f_6sp/id_ex_register/D[10].  Did not re-place instance rv64im72f_6sp/id_ex_register/divisor_latch[10]_i_1
INFO: [Physopt 32-662] Processed net rv64im72f_6sp/ex_mem_register/data_memory_read_data_muxed[58].  Did not re-place instance rv64im72f_6sp/ex_mem_register/WB_byte_enable_logic_register_file_write_data[58]_i_2
INFO: [Physopt 32-662] Processed net rv64im72f_6sp/ex_mem_register/WB_byte_enable_logic_register_file_write_data[10]_i_3_n_0.  Did not re-place instance rv64im72f_6sp/ex_mem_register/WB_byte_enable_logic_register_file_write_data[10]_i_3
INFO: [Physopt 32-662] Processed net rv64im72f_6sp/ex_mem_register/WB_byte_enable_logic_register_file_write_data[26]_i_3_n_0.  Did not re-place instance rv64im72f_6sp/ex_mem_register/WB_byte_enable_logic_register_file_write_data[26]_i_3
INFO: [Physopt 32-663] Processed net rv64im72f_6sp/ex_mem_register/WB_byte_enable_logic_register_file_write_data[58]_i_16_n_0.  Re-placed instance rv64im72f_6sp/ex_mem_register/WB_byte_enable_logic_register_file_write_data[58]_i_16
INFO: [Physopt 32-662] Processed net rv64im72f_6sp/ex_mem_register/WB_byte_enable_logic_register_file_write_data[58]_i_4_n_0.  Did not re-place instance rv64im72f_6sp/ex_mem_register/WB_byte_enable_logic_register_file_write_data[58]_i_4
INFO: [Physopt 32-662] Processed net rv64im72f_6sp/ex_mem_register/WB_byte_enable_logic_register_file_write_data[58]_i_5_n_0.  Did not re-place instance rv64im72f_6sp/ex_mem_register/WB_byte_enable_logic_register_file_write_data[58]_i_5
INFO: [Physopt 32-662] Processed net rv64im72f_6sp/ex_mem_register/WB_byte_enable_logic_register_file_write_data[58]_i_66_n_0.  Did not re-place instance rv64im72f_6sp/ex_mem_register/WB_byte_enable_logic_register_file_write_data[58]_i_66
INFO: [Physopt 32-662] Processed net rv64im72f_6sp/ex_mem_register/WB_byte_enable_logic_register_file_write_data[58]_i_6_n_0.  Did not re-place instance rv64im72f_6sp/ex_mem_register/WB_byte_enable_logic_register_file_write_data[58]_i_6
INFO: [Physopt 32-662] Processed net rv64im72f_6sp/ex_mem_register/WB_byte_enable_logic_register_file_write_data[58]_i_9_n_0.  Did not re-place instance rv64im72f_6sp/ex_mem_register/WB_byte_enable_logic_register_file_write_data[58]_i_9
INFO: [Physopt 32-662] Processed net rv64im72f_6sp/ex_mem_register/alu_forward_source_data_b[10].  Did not re-place instance rv64im72f_6sp/ex_mem_register/divisor_latch[10]_i_2
INFO: [Physopt 32-662] Processed net rv64im72f_6sp/ex_mem_register/dividend_reg[10]_i_5_n_0.  Did not re-place instance rv64im72f_6sp/ex_mem_register/dividend_reg[10]_i_5
INFO: [Physopt 32-662] Processed net rv64im72f_6sp/ex_mem_register/rom_read_data[58].  Did not re-place instance rv64im72f_6sp/ex_mem_register/WB_byte_enable_logic_register_file_write_data[58]_i_3
INFO: [Physopt 32-662] Processed net rv64im72f_6sp/id_ex_register/EX_read_data1_reg[11]_0[2].  Did not re-place instance rv64im72f_6sp/id_ex_register/i___49_i_38
INFO: [Physopt 32-662] Processed net rv64im72f_6sp/ex_mem_register/WB_byte_enable_logic_register_file_write_data[18]_i_3_n_0.  Did not re-place instance rv64im72f_6sp/ex_mem_register/WB_byte_enable_logic_register_file_write_data[18]_i_3
INFO: [Physopt 32-662] Processed net rv64im72f_6sp/id_ex_register/src_A[0].  Did not re-place instance rv64im72f_6sp/id_ex_register/dividend_reg[0]_i_1
INFO: [Physopt 32-662] Processed net rv64im72f_6sp/id_ex_register/dividend_reg[0]_i_3_n_0.  Did not re-place instance rv64im72f_6sp/id_ex_register/dividend_reg[0]_i_3
INFO: [Physopt 32-662] Processed net rv64im72f_6sp/ex_mem_register/WB_byte_enable_logic_register_file_write_data[31]_i_34_n_0.  Did not re-place instance rv64im72f_6sp/ex_mem_register/WB_byte_enable_logic_register_file_write_data[31]_i_34
INFO: [Physopt 32-662] Processed net rv64im72f_6sp/ex_mem_register/data_memory_read_data_muxed[46].  Did not re-place instance rv64im72f_6sp/ex_mem_register/WB_byte_enable_logic_register_file_write_data[46]_i_2
INFO: [Physopt 32-662] Processed net rv64im72f_6sp/ex_mem_register/WB_byte_enable_logic_register_file_write_data[46]_i_58_n_0.  Did not re-place instance rv64im72f_6sp/ex_mem_register/WB_byte_enable_logic_register_file_write_data[46]_i_58
INFO: [Physopt 32-663] Processed net rv64im72f_6sp/ex_mem_register/WB_byte_enable_logic_register_file_write_data[46]_i_10_n_0.  Re-placed instance rv64im72f_6sp/ex_mem_register/WB_byte_enable_logic_register_file_write_data[46]_i_10
INFO: [Physopt 32-663] Processed net rv64im72f_6sp/ex_mem_register/WB_byte_enable_logic_register_file_write_data[46]_i_24_n_0.  Re-placed instance rv64im72f_6sp/ex_mem_register/WB_byte_enable_logic_register_file_write_data[46]_i_24
INFO: [Physopt 32-662] Processed net rv64im72f_6sp/ex_mem_register/WB_byte_enable_logic_register_file_write_data[46]_i_4_n_0.  Did not re-place instance rv64im72f_6sp/ex_mem_register/WB_byte_enable_logic_register_file_write_data[46]_i_4
INFO: [Physopt 32-662] Processed net rv64im72f_6sp/ex_mem_register/WB_byte_enable_logic_register_file_write_data[46]_i_5_n_0.  Did not re-place instance rv64im72f_6sp/ex_mem_register/WB_byte_enable_logic_register_file_write_data[46]_i_5
INFO: [Physopt 32-662] Processed net rv64im72f_6sp/ex_mem_register/WB_byte_enable_logic_register_file_write_data[46]_i_6_n_0.  Did not re-place instance rv64im72f_6sp/ex_mem_register/WB_byte_enable_logic_register_file_write_data[46]_i_6
INFO: [Physopt 32-663] Processed net rv64im72f_6sp/ex_mem_register/WB_byte_enable_logic_register_file_write_data[46]_i_7_n_0.  Re-placed instance rv64im72f_6sp/ex_mem_register/WB_byte_enable_logic_register_file_write_data[46]_i_7
INFO: [Physopt 32-662] Processed net rv64im72f_6sp/ex_mem_register/rom_read_data[46].  Did not re-place instance rv64im72f_6sp/ex_mem_register/WB_byte_enable_logic_register_file_write_data[46]_i_3
INFO: [Physopt 32-663] Processed net rv64im72f_6sp/id_ex_register/i___53_i_37_n_0.  Re-placed instance rv64im72f_6sp/id_ex_register/i___53_i_37
INFO: [Physopt 32-662] Processed net rv64im72f_6sp/ex_mem_register/WB_byte_enable_logic_register_file_write_data[63]_i_47_n_0.  Did not re-place instance rv64im72f_6sp/ex_mem_register/WB_byte_enable_logic_register_file_write_data[63]_i_47
INFO: [Physopt 32-663] Processed net rv64im72f_6sp/instruction_memory/MEM_alu_result_reg[12]_rep__6_4.  Re-placed instance rv64im72f_6sp/instruction_memory/i___11_rep
INFO: [Physopt 32-663] Processed net rv64im72f_6sp/ex_mem_register/WB_byte_enable_logic_register_file_write_data[39]_i_32_n_0.  Re-placed instance rv64im72f_6sp/ex_mem_register/WB_byte_enable_logic_register_file_write_data[39]_i_32
INFO: [Physopt 32-663] Processed net rv64im72f_6sp/ex_mem_register/MEM_alu_result_reg[63]_0[10]_repN_3.  Re-placed instance rv64im72f_6sp/ex_mem_register/MEM_alu_result_reg[10]_replica_3
INFO: [Physopt 32-662] Processed net rv64im72f_6sp/ex_mem_register/data_memory_read_data_muxed[38].  Did not re-place instance rv64im72f_6sp/ex_mem_register/WB_byte_enable_logic_register_file_write_data[38]_i_2
INFO: [Physopt 32-662] Processed net rv64im72f_6sp/ex_mem_register/WB_byte_enable_logic_register_file_write_data[37]_i_12_n_0.  Did not re-place instance rv64im72f_6sp/ex_mem_register/WB_byte_enable_logic_register_file_write_data[37]_i_12
INFO: [Physopt 32-662] Processed net rv64im72f_6sp/ex_mem_register/WB_byte_enable_logic_register_file_write_data[37]_i_28_n_0.  Did not re-place instance rv64im72f_6sp/ex_mem_register/WB_byte_enable_logic_register_file_write_data[37]_i_28
INFO: [Physopt 32-662] Processed net rv64im72f_6sp/ex_mem_register/WB_byte_enable_logic_register_file_write_data[37]_i_63_n_0.  Did not re-place instance rv64im72f_6sp/ex_mem_register/WB_byte_enable_logic_register_file_write_data[37]_i_63
INFO: [Physopt 32-662] Processed net rv64im72f_6sp/ex_mem_register/WB_byte_enable_logic_register_file_write_data[37]_i_7_n_0.  Did not re-place instance rv64im72f_6sp/ex_mem_register/WB_byte_enable_logic_register_file_write_data[37]_i_7
INFO: [Physopt 32-663] Processed net rv64im72f_6sp/ex_mem_register/WB_byte_enable_logic_register_file_write_data[38]_i_13_n_0.  Re-placed instance rv64im72f_6sp/ex_mem_register/WB_byte_enable_logic_register_file_write_data[38]_i_13
INFO: [Physopt 32-663] Processed net rv64im72f_6sp/ex_mem_register/WB_byte_enable_logic_register_file_write_data[38]_i_36_n_0.  Re-placed instance rv64im72f_6sp/ex_mem_register/WB_byte_enable_logic_register_file_write_data[38]_i_36
INFO: [Physopt 32-662] Processed net rv64im72f_6sp/ex_mem_register/WB_byte_enable_logic_register_file_write_data[38]_i_4_n_0.  Did not re-place instance rv64im72f_6sp/ex_mem_register/WB_byte_enable_logic_register_file_write_data[38]_i_4
INFO: [Physopt 32-662] Processed net rv64im72f_6sp/ex_mem_register/WB_byte_enable_logic_register_file_write_data[38]_i_5_n_0.  Did not re-place instance rv64im72f_6sp/ex_mem_register/WB_byte_enable_logic_register_file_write_data[38]_i_5
INFO: [Physopt 32-662] Processed net rv64im72f_6sp/ex_mem_register/WB_byte_enable_logic_register_file_write_data[38]_i_6_n_0.  Did not re-place instance rv64im72f_6sp/ex_mem_register/WB_byte_enable_logic_register_file_write_data[38]_i_6
INFO: [Physopt 32-662] Processed net rv64im72f_6sp/ex_mem_register/WB_byte_enable_logic_register_file_write_data[38]_i_8_n_0.  Did not re-place instance rv64im72f_6sp/ex_mem_register/WB_byte_enable_logic_register_file_write_data[38]_i_8
INFO: [Physopt 32-662] Processed net rv64im72f_6sp/ex_mem_register/rom_read_data[38].  Did not re-place instance rv64im72f_6sp/ex_mem_register/WB_byte_enable_logic_register_file_write_data[38]_i_3
INFO: [Physopt 32-662] Processed net rv64im72f_6sp/id_ex_register/src_A[3].  Did not re-place instance rv64im72f_6sp/id_ex_register/dividend_reg[3]_i_1
INFO: [Physopt 32-662] Processed net rv64im72f_6sp/id_ex_register/dividend_reg[3]_i_3_n_0.  Did not re-place instance rv64im72f_6sp/id_ex_register/dividend_reg[3]_i_3
INFO: [Physopt 32-662] Processed net rv64im72f_6sp/ex_mem_register/WB_byte_enable_logic_register_file_write_data[48]_i_19_n_0.  Did not re-place instance rv64im72f_6sp/ex_mem_register/WB_byte_enable_logic_register_file_write_data[48]_i_19
INFO: [Physopt 32-662] Processed net rv64im72f_6sp/ex_mem_register/WB_byte_enable_logic_register_file_write_data[48]_i_67_n_0.  Did not re-place instance rv64im72f_6sp/ex_mem_register/WB_byte_enable_logic_register_file_write_data[48]_i_67
INFO: [Physopt 32-662] Processed net rv64im72f_6sp/ex_mem_register/WB_byte_enable_logic_register_file_write_data[60]_i_48_n_0.  Did not re-place instance rv64im72f_6sp/ex_mem_register/WB_byte_enable_logic_register_file_write_data[60]_i_48
INFO: [Physopt 32-662] Processed net rv64im72f_6sp/ex_mem_register/data_memory_read_data_muxed[60].  Did not re-place instance rv64im72f_6sp/ex_mem_register/WB_byte_enable_logic_register_file_write_data[60]_i_2
INFO: [Physopt 32-662] Processed net rv64im72f_6sp/ex_mem_register/WB_byte_enable_logic_register_file_write_data[12]_i_3_n_0.  Did not re-place instance rv64im72f_6sp/ex_mem_register/WB_byte_enable_logic_register_file_write_data[12]_i_3
INFO: [Physopt 32-663] Processed net rv64im72f_6sp/ex_mem_register/WB_byte_enable_logic_register_file_write_data[28]_i_3_n_0.  Re-placed instance rv64im72f_6sp/ex_mem_register/WB_byte_enable_logic_register_file_write_data[28]_i_3
INFO: [Physopt 32-662] Processed net rv64im72f_6sp/ex_mem_register/WB_byte_enable_logic_register_file_write_data[60]_i_23_n_0.  Did not re-place instance rv64im72f_6sp/ex_mem_register/WB_byte_enable_logic_register_file_write_data[60]_i_23
INFO: [Physopt 32-662] Processed net rv64im72f_6sp/ex_mem_register/WB_byte_enable_logic_register_file_write_data[60]_i_4_n_0.  Did not re-place instance rv64im72f_6sp/ex_mem_register/WB_byte_enable_logic_register_file_write_data[60]_i_4
INFO: [Physopt 32-662] Processed net rv64im72f_6sp/ex_mem_register/WB_byte_enable_logic_register_file_write_data[60]_i_5_n_0.  Did not re-place instance rv64im72f_6sp/ex_mem_register/WB_byte_enable_logic_register_file_write_data[60]_i_5
INFO: [Physopt 32-663] Processed net rv64im72f_6sp/ex_mem_register/WB_byte_enable_logic_register_file_write_data[60]_i_6_n_0.  Re-placed instance rv64im72f_6sp/ex_mem_register/WB_byte_enable_logic_register_file_write_data[60]_i_6
INFO: [Physopt 32-662] Processed net rv64im72f_6sp/ex_mem_register/WB_byte_enable_logic_register_file_write_data[60]_i_76_n_0.  Did not re-place instance rv64im72f_6sp/ex_mem_register/WB_byte_enable_logic_register_file_write_data[60]_i_76
INFO: [Physopt 32-662] Processed net rv64im72f_6sp/ex_mem_register/WB_byte_enable_logic_register_file_write_data[60]_i_7_n_0.  Did not re-place instance rv64im72f_6sp/ex_mem_register/WB_byte_enable_logic_register_file_write_data[60]_i_7
INFO: [Physopt 32-662] Processed net rv64im72f_6sp/ex_mem_register/rom_read_data[60].  Did not re-place instance rv64im72f_6sp/ex_mem_register/WB_byte_enable_logic_register_file_write_data[60]_i_3
INFO: [Physopt 32-662] Processed net rv64im72f_6sp/id_ex_register/i___62_i_6_0[55].  Did not re-place instance rv64im72f_6sp/id_ex_register/i___60_i_2
INFO: [Physopt 32-662] Processed net rv64im72f_6sp/id_ex_register/i___60_i_24_n_0.  Did not re-place instance rv64im72f_6sp/id_ex_register/i___60_i_24
INFO: [Physopt 32-662] Processed net rv64im72f_6sp/id_ex_register/i___60_i_9_n_0.  Did not re-place instance rv64im72f_6sp/id_ex_register/i___60_i_9
INFO: [Physopt 32-662] Processed net rv64im72f_6sp/id_ex_register/src_A[10].  Did not re-place instance rv64im72f_6sp/id_ex_register/dividend_reg[10]_i_1
INFO: [Physopt 32-663] Processed net rv64im72f_6sp/id_ex_register/i___49_i_41_n_0.  Re-placed instance rv64im72f_6sp/id_ex_register/i___49_i_41
INFO: [Physopt 32-662] Processed net rv64im72f_6sp/id_ex_register/i___49_i_20_n_0.  Did not re-place instance rv64im72f_6sp/id_ex_register/i___49_i_20
INFO: [Physopt 32-662] Processed net rv64im72f_6sp/id_ex_register/i___49_i_32_n_0.  Did not re-place instance rv64im72f_6sp/id_ex_register/i___49_i_32
INFO: [Physopt 32-662] Processed net rv64im72f_6sp/id_ex_register/i___62_i_6_0[10].  Did not re-place instance rv64im72f_6sp/id_ex_register/i___49_i_2
INFO: [Physopt 32-663] Processed net rv64im72f_6sp/alu/i___49_n_0.  Re-placed instance rv64im72f_6sp/alu/i___49
INFO: [Physopt 32-662] Processed net rv64im72f_6sp/id_ex_register/alu_forward_source_data_a[10].  Did not re-place instance rv64im72f_6sp/id_ex_register/dividend_reg[10]_i_2
INFO: [Physopt 32-662] Processed net rv64im72f_6sp/id_ex_register/i___49_i_8_n_0.  Did not re-place instance rv64im72f_6sp/id_ex_register/i___49_i_8
INFO: [Physopt 32-662] Processed net rv64im72f_6sp/instruction_memory/MEM_alu_result_reg[12]_rep__6_0.  Did not re-place instance rv64im72f_6sp/instruction_memory/i___11
INFO: [Physopt 32-663] Processed net rv64im72f_6sp/ex_mem_register/WB_byte_enable_logic_register_file_write_data[2]_i_105_n_0.  Re-placed instance rv64im72f_6sp/ex_mem_register/WB_byte_enable_logic_register_file_write_data[2]_i_105
INFO: [Physopt 32-662] Processed net rv64im72f_6sp/ex_mem_register/WB_byte_enable_logic_register_file_write_data[2]_i_80_n_0.  Did not re-place instance rv64im72f_6sp/ex_mem_register/WB_byte_enable_logic_register_file_write_data[2]_i_80
INFO: [Physopt 32-662] Processed net rv64im72f_6sp/ex_mem_register/WB_byte_enable_logic_register_file_write_data[51]_i_40_n_0.  Did not re-place instance rv64im72f_6sp/ex_mem_register/WB_byte_enable_logic_register_file_write_data[51]_i_40
INFO: [Physopt 32-662] Processed net rv64im72f_6sp/ex_mem_register/data_memory_read_data_muxed[43].  Did not re-place instance rv64im72f_6sp/ex_mem_register/WB_byte_enable_logic_register_file_write_data[43]_i_2
INFO: [Physopt 32-662] Processed net rv64im72f_6sp/ex_mem_register/WB_byte_enable_logic_register_file_write_data[3]_i_6_n_0.  Did not re-place instance rv64im72f_6sp/ex_mem_register/WB_byte_enable_logic_register_file_write_data[3]_i_6
INFO: [Physopt 32-662] Processed net rv64im72f_6sp/ex_mem_register/WB_byte_enable_logic_register_file_write_data[43]_i_44_n_0.  Did not re-place instance rv64im72f_6sp/ex_mem_register/WB_byte_enable_logic_register_file_write_data[43]_i_44
INFO: [Physopt 32-662] Processed net rv64im72f_6sp/ex_mem_register/WB_byte_enable_logic_register_file_write_data[43]_i_4_n_0.  Did not re-place instance rv64im72f_6sp/ex_mem_register/WB_byte_enable_logic_register_file_write_data[43]_i_4
INFO: [Physopt 32-662] Processed net rv64im72f_6sp/ex_mem_register/WB_byte_enable_logic_register_file_write_data[43]_i_5_n_0.  Did not re-place instance rv64im72f_6sp/ex_mem_register/WB_byte_enable_logic_register_file_write_data[43]_i_5
INFO: [Physopt 32-663] Processed net rv64im72f_6sp/ex_mem_register/WB_byte_enable_logic_register_file_write_data[43]_i_6_n_0.  Re-placed instance rv64im72f_6sp/ex_mem_register/WB_byte_enable_logic_register_file_write_data[43]_i_6
INFO: [Physopt 32-663] Processed net rv64im72f_6sp/ex_mem_register/WB_byte_enable_logic_register_file_write_data[43]_i_9_n_0.  Re-placed instance rv64im72f_6sp/ex_mem_register/WB_byte_enable_logic_register_file_write_data[43]_i_9
INFO: [Physopt 32-662] Processed net rv64im72f_6sp/ex_mem_register/rom_read_data[43].  Did not re-place instance rv64im72f_6sp/ex_mem_register/WB_byte_enable_logic_register_file_write_data[43]_i_3
INFO: [Physopt 32-662] Processed net rv64im72f_6sp/id_ex_register/src_A[8].  Did not re-place instance rv64im72f_6sp/id_ex_register/dividend_reg[8]_i_1
INFO: [Physopt 32-661] Optimized 28 nets.  Re-placed 28 instances.
INFO: [Physopt 32-775] End 1 Pass. Optimized 28 nets or cells. Created 0 new cell, deleted 0 existing cell and moved 28 existing cells
INFO: [Physopt 32-619] Estimated Timing Summary | WNS=-0.095 | TNS=-0.095 |
Netlist sorting complete. Time (s): cpu = 00:00:00.04 ; elapsed = 00:00:00.05 . Memory (MB): peak = 3147.730 ; gain = 0.000 ; free physical = 4828 ; free virtual = 26376
Phase 9 Single Cell Placement Optimization | Checksum: 1f5bb12e1

Time (s): cpu = 00:09:58 ; elapsed = 00:02:43 . Memory (MB): peak = 3147.730 ; gain = 0.000 ; free physical = 4828 ; free virtual = 26376

Phase 10 Multi Cell Placement Optimization
INFO: [Physopt 32-660] Identified 100 candidate nets for placement-based optimization.
INFO: [Physopt 32-662] Processed net rv64im72f_6sp/id_ex_register/EX_alu_src_B_select_reg[2]_9.  Did not re-place instance rv64im72f_6sp/id_ex_register/i___238_i_2/O
INFO: [Physopt 32-662] Processed net rv64im72f_6sp/ex_mem_register/MEM_alu_result_reg[12]_rep__8_n_0.  Did not re-place instance rv64im72f_6sp/ex_mem_register/MEM_alu_result_reg[12]_rep__8/Q
INFO: [Physopt 32-662] Processed net rv64im72f_6sp/ex_mem_register/alu_forward_source_data_b[5].  Did not re-place instance rv64im72f_6sp/ex_mem_register/divisor_latch[5]_i_2/O
INFO: [Physopt 32-662] Processed net rv64im72f_6sp/id_ex_register/i___42_i_41_n_0.  Did not re-place instance rv64im72f_6sp/id_ex_register/i___42_i_41/O
INFO: [Physopt 32-662] Processed net rv64im72f_6sp/id_ex_register/i___62_i_6_0[37].  Did not re-place instance rv64im72f_6sp/id_ex_register/i___54_i_2/O
INFO: [Physopt 32-662] Processed net rv64im72f_6sp/ex_mem_register/WB_byte_enable_logic_register_file_write_data[37]_i_4_n_0.  Did not re-place instance rv64im72f_6sp/ex_mem_register/WB_byte_enable_logic_register_file_write_data[37]_i_4/O
INFO: [Physopt 32-662] Processed net rv64im72f_6sp/ex_mem_register/WB_byte_enable_logic_register_file_write_data[37]_i_5_n_0.  Did not re-place instance rv64im72f_6sp/ex_mem_register/WB_byte_enable_logic_register_file_write_data[37]_i_5/O
INFO: [Physopt 32-662] Processed net rv64im72f_6sp/ex_mem_register/WB_byte_enable_logic_register_file_write_data[37]_i_6_n_0.  Did not re-place instance rv64im72f_6sp/ex_mem_register/WB_byte_enable_logic_register_file_write_data[37]_i_6/O
INFO: [Physopt 32-662] Processed net rv64im72f_6sp/ex_mem_register/rom_read_data[37].  Did not re-place instance rv64im72f_6sp/ex_mem_register/WB_byte_enable_logic_register_file_write_data[37]_i_3/O
INFO: [Physopt 32-662] Processed net rv64im72f_6sp/id_ex_register/EX2_alu_zero_i_4_n_0.  Did not re-place instance rv64im72f_6sp/id_ex_register/EX2_alu_zero_i_4/O
INFO: [Physopt 32-662] Processed net rv64im72f_6sp/id_ex_register/EX2_pc[11]_i_2.  Did not re-place instance rv64im72f_6sp/id_ex_register/EX2_alu_zero_i_1/O
INFO: [Physopt 32-662] Processed net rv64im72f_6sp/id_ex_register/alu_zero.  Did not re-place instance rv64im72f_6sp/id_ex_register/EX2_alu_zero_i_2/O
INFO: [Physopt 32-662] Processed net rv64im72f_6sp/id_ex_register/i___42_i_20_n_0_repN.  Did not re-place instance rv64im72f_6sp/id_ex_register/i___42_i_20_replica/O
INFO: [Physopt 32-663] Processed net rv64im72f_6sp/id_ex_register/i___42_i_21_n_0.  Re-placed instance rv64im72f_6sp/id_ex_register/i___42_i_21/O
INFO: [Physopt 32-662] Processed net rv64im72f_6sp/id_ex_register/EX_alu_src_B_select_reg[2]_1.  Did not re-place instance rv64im72f_6sp/id_ex_register/i___229_i_1/O
INFO: [Physopt 32-662] Processed net rv64im72f_6sp/ex_mem_register/alu_forward_source_data_b[0].  Did not re-place instance rv64im72f_6sp/ex_mem_register/divisor_latch[0]_i_2/O
INFO: [Physopt 32-662] Processed net rv64im72f_6sp/ex_mem_register/MEM_forward_data_value[0].  Did not re-place instance rv64im72f_6sp/ex_mem_register/dividend_reg[0]_i_5/O
INFO: [Physopt 32-662] Processed net rv64im72f_6sp/ex_mem_register/MEM_byte_enable_logic_register_file_write_data[0].  Did not re-place instance rv64im72f_6sp/ex_mem_register/WB_byte_enable_logic_register_file_write_data[0]_i_1/O
INFO: [Physopt 32-662] Processed net rv64im72f_6sp/ex_mem_register/WB_byte_enable_logic_register_file_write_data[48]_i_4_n_0.  Did not re-place instance rv64im72f_6sp/ex_mem_register/WB_byte_enable_logic_register_file_write_data[48]_i_4/O
INFO: [Physopt 32-662] Processed net rv64im72f_6sp/ex_mem_register/WB_byte_enable_logic_register_file_write_data[48]_i_5_n_0.  Did not re-place instance rv64im72f_6sp/ex_mem_register/WB_byte_enable_logic_register_file_write_data[48]_i_5/O
INFO: [Physopt 32-662] Processed net rv64im72f_6sp/ex_mem_register/WB_byte_enable_logic_register_file_write_data[48]_i_6_n_0.  Did not re-place instance rv64im72f_6sp/ex_mem_register/WB_byte_enable_logic_register_file_write_data[48]_i_6/O
INFO: [Physopt 32-662] Processed net rv64im72f_6sp/ex_mem_register/rom_read_data[48].  Did not re-place instance rv64im72f_6sp/ex_mem_register/WB_byte_enable_logic_register_file_write_data[48]_i_3/O
INFO: [Physopt 32-662] Processed net rv64im72f_6sp/id_ex_register/i___62_i_6_0[47].  Did not re-place instance rv64im72f_6sp/id_ex_register/i___57_i_1/O
INFO: [Physopt 32-662] Processed net rv64im72f_6sp/id_ex_register/i___57_i_19_n_0.  Did not re-place instance rv64im72f_6sp/id_ex_register/i___57_i_19/O
INFO: [Physopt 32-662] Processed net rv64im72f_6sp/id_ex_register/i___57_i_6_n_0.  Did not re-place instance rv64im72f_6sp/id_ex_register/i___57_i_6/O
INFO: [Physopt 32-662] Processed net rv64im72f_6sp/id_ex_register/src_A[0].  Did not re-place instance rv64im72f_6sp/id_ex_register/dividend_reg[0]_i_1/O
INFO: [Physopt 32-662] Processed net rv64im72f_6sp/id_ex_register/dividend_reg[0]_i_3_n_0.  Did not re-place instance rv64im72f_6sp/id_ex_register/dividend_reg[0]_i_3/O
INFO: [Physopt 32-662] Processed net rv64im72f_6sp/ex_mem_register/WB_byte_enable_logic_register_file_write_data[63]_i_48_n_0.  Did not re-place instance rv64im72f_6sp/ex_mem_register/WB_byte_enable_logic_register_file_write_data[63]_i_48/O
INFO: [Physopt 32-662] Processed net rv64im72f_6sp/id_ex_register/src_A[8].  Did not re-place instance rv64im72f_6sp/id_ex_register/dividend_reg[8]_i_1/O
INFO: [Physopt 32-662] Processed net rv64im72f_6sp/ex_mem_register/WB_byte_enable_logic_register_file_write_data[59]_i_23_n_0.  Did not re-place instance rv64im72f_6sp/ex_mem_register/WB_byte_enable_logic_register_file_write_data[59]_i_23/O
INFO: [Physopt 32-662] Processed net rv64im72f_6sp/ex_mem_register/data_memory_read_data_muxed[24].  Did not re-place instance rv64im72f_6sp/ex_mem_register/WB_byte_enable_logic_register_file_write_data[24]_i_2/O
INFO: [Physopt 32-662] Processed net rv64im72f_6sp/ex_mem_register/WB_byte_enable_logic_register_file_write_data[24]_i_3_n_0.  Did not re-place instance rv64im72f_6sp/ex_mem_register/WB_byte_enable_logic_register_file_write_data[24]_i_3/O
INFO: [Physopt 32-662] Processed net rv64im72f_6sp/ex_mem_register/WB_byte_enable_logic_register_file_write_data[24]_i_14_n_0.  Did not re-place instance rv64im72f_6sp/ex_mem_register/WB_byte_enable_logic_register_file_write_data[24]_i_14/O
INFO: [Physopt 32-662] Processed net rv64im72f_6sp/ex_mem_register/WB_byte_enable_logic_register_file_write_data[24]_i_35_n_0.  Did not re-place instance rv64im72f_6sp/ex_mem_register/WB_byte_enable_logic_register_file_write_data[24]_i_35/O
INFO: [Physopt 32-662] Processed net rv64im72f_6sp/ex_mem_register/WB_byte_enable_logic_register_file_write_data[24]_i_5_n_0.  Did not re-place instance rv64im72f_6sp/ex_mem_register/WB_byte_enable_logic_register_file_write_data[24]_i_5/O
INFO: [Physopt 32-662] Processed net rv64im72f_6sp/ex_mem_register/WB_byte_enable_logic_register_file_write_data[24]_i_6_n_0.  Did not re-place instance rv64im72f_6sp/ex_mem_register/WB_byte_enable_logic_register_file_write_data[24]_i_6/O
INFO: [Physopt 32-662] Processed net rv64im72f_6sp/ex_mem_register/WB_byte_enable_logic_register_file_write_data[24]_i_7_n_0.  Did not re-place instance rv64im72f_6sp/ex_mem_register/WB_byte_enable_logic_register_file_write_data[24]_i_7/O
INFO: [Physopt 32-662] Processed net rv64im72f_6sp/ex_mem_register/WB_byte_enable_logic_register_file_write_data[24]_i_8_n_0.  Did not re-place instance rv64im72f_6sp/ex_mem_register/WB_byte_enable_logic_register_file_write_data[24]_i_8/O
INFO: [Physopt 32-662] Processed net rv64im72f_6sp/ex_mem_register/rom_read_data[24].  Did not re-place instance rv64im72f_6sp/ex_mem_register/WB_byte_enable_logic_register_file_write_data[24]_i_4/O
INFO: [Physopt 32-662] Processed net rv64im72f_6sp/id_ex_register/alu_forward_source_data_a[8].  Did not re-place instance rv64im72f_6sp/id_ex_register/dividend_reg[8]_i_2/O
INFO: [Physopt 32-662] Processed net rv64im72f_6sp/id_ex_register/i___43_i_30_n_0.  Did not re-place instance rv64im72f_6sp/id_ex_register/i___43_i_30/O
INFO: [Physopt 32-662] Processed net rv64im72f_6sp/id_ex_register/i___55_i_40_n_0.  Did not re-place instance rv64im72f_6sp/id_ex_register/i___55_i_40/O
INFO: [Physopt 32-662] Processed net rv64im72f_6sp/id_ex_register/i___56_i_31_n_0.  Did not re-place instance rv64im72f_6sp/id_ex_register/i___56_i_31/O
INFO: [Physopt 32-662] Processed net rv64im72f_6sp/id_ex_register/i___44_i_22_n_0.  Did not re-place instance rv64im72f_6sp/id_ex_register/i___44_i_22/O
INFO: [Physopt 32-663] Processed net rv64im72f_6sp/id_ex_register/i___62_i_6_0[24].  Re-placed instance rv64im72f_6sp/id_ex_register/i___44_i_3/O
INFO: [Physopt 32-662] Processed net rv64im72f_6sp/id_ex_register/i___62_i_6_0[46].  Did not re-place instance rv64im72f_6sp/id_ex_register/i___57_i_2/O
INFO: [Physopt 32-662] Processed net rv64im72f_6sp/ex_mem_register/MEM_alu_result_reg[63]_0[10]_repN_26.  Did not re-place instance rv64im72f_6sp/ex_mem_register/MEM_alu_result_reg[10]_replica_26/Q
INFO: [Physopt 32-662] Processed net rv64im72f_6sp/instruction_memory/MEM_alu_result_reg[12]_rep__6_5.  Did not re-place instance rv64im72f_6sp/instruction_memory/i___11_rep__0/O
INFO: [Physopt 32-662] Processed net rv64im72f_6sp/id_ex_register/D[3].  Did not re-place instance rv64im72f_6sp/id_ex_register/divisor_latch[3]_i_1/O
INFO: [Physopt 32-662] Processed net rv64im72f_6sp/ex_mem_register/alu_forward_source_data_b[3].  Did not re-place instance rv64im72f_6sp/ex_mem_register/divisor_latch[3]_i_2/O
INFO: [Physopt 32-662] Processed net rv64im72f_6sp/ex_mem_register/WB_byte_enable_logic_register_file_write_data[11]_i_11_n_0.  Did not re-place instance rv64im72f_6sp/ex_mem_register/WB_byte_enable_logic_register_file_write_data[11]_i_11/O
INFO: [Physopt 32-662] Processed net rv64im72f_6sp/ex_mem_register/WB_byte_enable_logic_register_file_write_data[11]_i_6_n_0.  Did not re-place instance rv64im72f_6sp/ex_mem_register/WB_byte_enable_logic_register_file_write_data[11]_i_6/O
INFO: [Physopt 32-662] Processed net rv64im72f_6sp/ex_mem_register/WB_byte_enable_logic_register_file_write_data[11]_i_7_n_0.  Did not re-place instance rv64im72f_6sp/ex_mem_register/WB_byte_enable_logic_register_file_write_data[11]_i_7/O
INFO: [Physopt 32-662] Processed net rv64im72f_6sp/ex_mem_register/WB_byte_enable_logic_register_file_write_data[11]_i_8_n_0.  Did not re-place instance rv64im72f_6sp/ex_mem_register/WB_byte_enable_logic_register_file_write_data[11]_i_8/O
INFO: [Physopt 32-662] Processed net rv64im72f_6sp/ex_mem_register/rom_read_data[11].  Did not re-place instance rv64im72f_6sp/ex_mem_register/WB_byte_enable_logic_register_file_write_data[11]_i_5/O
INFO: [Physopt 32-662] Processed net rv64im72f_6sp/ex_mem_register/MEM_alu_result_reg[12]_rep__6_0.  Did not re-place instance rv64im72f_6sp/ex_mem_register/MEM_alu_result_reg[12]_rep__6/Q
INFO: [Physopt 32-662] Processed net rv64im72f_6sp/id_ex_register/i___62_i_6_0[34].  Did not re-place instance rv64im72f_6sp/id_ex_register/i___53_i_2/O
INFO: [Physopt 32-662] Processed net rv64im72f_6sp/ex_mem_register/WB_byte_enable_logic_register_file_write_data[52]_i_49_n_0.  Did not re-place instance rv64im72f_6sp/ex_mem_register/WB_byte_enable_logic_register_file_write_data[52]_i_49/O
INFO: [Physopt 32-662] Processed net rv64im72f_6sp/ex_mem_register/WB_byte_enable_logic_register_file_write_data[11]_i_10_n_0.  Did not re-place instance rv64im72f_6sp/ex_mem_register/WB_byte_enable_logic_register_file_write_data[11]_i_10/O
INFO: [Physopt 32-662] Processed net rv64im72f_6sp/ex_mem_register/WB_byte_enable_logic_register_file_write_data[11]_i_19_n_0.  Did not re-place instance rv64im72f_6sp/ex_mem_register/WB_byte_enable_logic_register_file_write_data[11]_i_19/O
INFO: [Physopt 32-662] Processed net rv64im72f_6sp/ex_mem_register/WB_byte_enable_logic_register_file_write_data[11]_i_43_n_0.  Did not re-place instance rv64im72f_6sp/ex_mem_register/WB_byte_enable_logic_register_file_write_data[11]_i_43/O
INFO: [Physopt 32-662] Processed net rv64im72f_6sp/id_ex_register/i___62_i_6_0[44].  Did not re-place instance rv64im72f_6sp/id_ex_register/i___56_i_1/O
INFO: [Physopt 32-662] Processed net rv64im72f_6sp/id_ex_register/i___56_i_17_n_0.  Did not re-place instance rv64im72f_6sp/id_ex_register/i___56_i_17/O
INFO: [Physopt 32-662] Processed net rv64im72f_6sp/id_ex_register/i___56_i_6_n_0.  Did not re-place instance rv64im72f_6sp/id_ex_register/i___56_i_6/O
INFO: [Physopt 32-662] Processed net rv64im72f_6sp/id_ex_register/D[2].  Did not re-place instance rv64im72f_6sp/id_ex_register/divisor_latch[2]_i_1/O
INFO: [Physopt 32-662] Processed net rv64im72f_6sp/ex_mem_register/data_memory_read_data_muxed[2].  Did not re-place instance rv64im72f_6sp/ex_mem_register/WB_byte_enable_logic_register_file_write_data[2]_i_4/O
INFO: [Physopt 32-662] Processed net rv64im72f_6sp/ex_mem_register/alu_forward_source_data_b[2].  Did not re-place instance rv64im72f_6sp/ex_mem_register/divisor_latch[2]_i_2/O
INFO: [Physopt 32-662] Processed net rv64im72f_6sp/id_ex_register/i___62_i_6_0[39].  Did not re-place instance rv64im72f_6sp/id_ex_register/i___55_i_3/O
INFO: [Physopt 32-662] Processed net rv64im72f_6sp/ex_mem_register/WB_byte_enable_logic_register_file_write_data[2]_i_10_n_0.  Did not re-place instance rv64im72f_6sp/ex_mem_register/WB_byte_enable_logic_register_file_write_data[2]_i_10/O
INFO: [Physopt 32-663] Processed net rv64im72f_6sp/ex_mem_register/WB_byte_enable_logic_register_file_write_data[2]_i_13_n_0.  Re-placed instance rv64im72f_6sp/ex_mem_register/WB_byte_enable_logic_register_file_write_data[2]_i_13/O
INFO: [Physopt 32-661] Optimized 3 nets.  Re-placed 6 instances.
INFO: [Physopt 32-775] End 1 Pass. Optimized 3 nets or cells. Created 0 new cell, deleted 0 existing cell and moved 6 existing cells
INFO: [Physopt 32-619] Estimated Timing Summary | WNS=-0.095 | TNS=-0.095 |
Netlist sorting complete. Time (s): cpu = 00:00:00.02 ; elapsed = 00:00:00.03 . Memory (MB): peak = 3147.730 ; gain = 0.000 ; free physical = 4829 ; free virtual = 26377
Phase 10 Multi Cell Placement Optimization | Checksum: 27c0dfd1f

Time (s): cpu = 00:11:39 ; elapsed = 00:03:06 . Memory (MB): peak = 3147.730 ; gain = 0.000 ; free physical = 4829 ; free virtual = 26377

Phase 11 Rewire
INFO: [Physopt 32-246] Starting Signal Push optimization...
INFO: [Physopt 32-77] Pass 1. Identified 19 candidate nets for rewire optimization.
INFO: [Physopt 32-134] Processed net rv64im72f_6sp/ex_mem_register/rom_read_data[37]. Rewiring did not optimize the net.
INFO: [Physopt 32-134] Processed net rv64im72f_6sp/id_ex_register/alu_zero. Rewiring did not optimize the net.
INFO: [Physopt 32-134] Processed net rv64im72f_6sp/ex_mem_register/WB_byte_enable_logic_register_file_write_data[55]_i_4_n_0. Rewiring did not optimize the net.
INFO: [Physopt 32-134] Processed net rv64im72f_6sp/ex_mem_register/rom_read_data[55]. Rewiring did not optimize the net.
INFO: [Physopt 32-134] Processed net rv64im72f_6sp/ex_mem_register/rom_read_data[48]. Rewiring did not optimize the net.
INFO: [Physopt 32-134] Processed net rv64im72f_6sp/ex_mem_register/rom_read_data[24]. Rewiring did not optimize the net.
INFO: [Physopt 32-134] Processed net rv64im72f_6sp/ex_mem_register/rom_read_data[11]. Rewiring did not optimize the net.
INFO: [Physopt 32-134] Processed net rv64im72f_6sp/ex_mem_register/rom_read_data[29]. Rewiring did not optimize the net.
INFO: [Physopt 32-242] Processed net rv64im72f_6sp/ex_mem_register/rom_read_data[15]. Rewired (signal push) rv64im72f_6sp/ex_mem_register/WB_byte_enable_logic_register_file_write_data[15]_i_6_n_0 to 1 loads. Replicated 0 times.
INFO: [Physopt 32-134] Processed net rv64im72f_6sp/ex_mem_register/WB_byte_enable_logic_register_file_write_data[5]_i_8_n_0. Rewiring did not optimize the net.
INFO: [Physopt 32-134] Processed net rv64im72f_6sp/ex_mem_register/rom_read_data[5]. Rewiring did not optimize the net.
INFO: [Physopt 32-134] Processed net rv64im72f_6sp/ex_mem_register/WB_byte_enable_logic_register_file_write_data[53]_i_4_n_0. Rewiring did not optimize the net.
INFO: [Physopt 32-134] Processed net rv64im72f_6sp/ex_mem_register/rom_read_data[53]. Rewiring did not optimize the net.
INFO: [Physopt 32-134] Processed net rv64im72f_6sp/ex_mem_register/WB_byte_enable_logic_register_file_write_data[12]_i_6_n_0. Rewiring did not optimize the net.
INFO: [Physopt 32-134] Processed net rv64im72f_6sp/ex_mem_register/WB_byte_enable_logic_register_file_write_data[41]_i_4_n_0. Rewiring did not optimize the net.
INFO: [Physopt 32-134] Processed net rv64im72f_6sp/ex_mem_register/rom_read_data[12]. Rewiring did not optimize the net.
INFO: [Physopt 32-134] Processed net rv64im72f_6sp/ex_mem_register/rom_read_data[41]. Rewiring did not optimize the net.
INFO: [Physopt 32-134] Processed net rv64im72f_6sp/ex_mem_register/rom_read_data[46]. Rewiring did not optimize the net.
INFO: [Physopt 32-134] Processed net rv64im72f_6sp/ex_mem_register/rom_read_data[47]. Rewiring did not optimize the net.
INFO: [Physopt 32-232] Optimized 1 net. Created 0 new instance.
INFO: [Physopt 32-775] End 1 Pass. Optimized 1 net or cell. Created 0 new cell, deleted 0 existing cell and moved 0 existing cell
Netlist sorting complete. Time (s): cpu = 00:00:00.04 ; elapsed = 00:00:00.05 . Memory (MB): peak = 3147.730 ; gain = 0.000 ; free physical = 4827 ; free virtual = 26377
INFO: [Physopt 32-619] Estimated Timing Summary | WNS=-0.095 | TNS=-0.095 |
Netlist sorting complete. Time (s): cpu = 00:00:00.01 ; elapsed = 00:00:00.01 . Memory (MB): peak = 3147.730 ; gain = 0.000 ; free physical = 4827 ; free virtual = 26377
Phase 11 Rewire | Checksum: 275b1c9b9

Time (s): cpu = 00:11:49 ; elapsed = 00:03:11 . Memory (MB): peak = 3147.730 ; gain = 0.000 ; free physical = 4827 ; free virtual = 26377

Phase 12 Critical Cell Optimization
INFO: [Physopt 32-46] Identified 30 candidate nets for critical-cell optimization.
INFO: [Physopt 32-572] Net rv64im72f_6sp/ex_mem_register/MEM_alu_result_reg[12]_rep__8_n_0 was not replicated.
Resolution: phys_opt_design can be forced to replicate a net driver using the option -force_replication_on_nets <list of net objects>.
INFO: [Physopt 32-572] Net rv64im72f_6sp/ex_mem_register/alu_forward_source_data_b[5] was not replicated.
Resolution: phys_opt_design can be forced to replicate a net driver using the option -force_replication_on_nets <list of net objects>.
INFO: [Physopt 32-572] Net rv64im72f_6sp/id_ex_register/i___53_i_28_n_0 was not replicated.
Resolution: phys_opt_design can be forced to replicate a net driver using the option -force_replication_on_nets <list of net objects>.
INFO: [Physopt 32-572] Net rv64im72f_6sp/ex_mem_register/data_memory_read_data_muxed[37] was not replicated.
Resolution: phys_opt_design can be forced to replicate a net driver using the option -force_replication_on_nets <list of net objects>.
INFO: [Physopt 32-572] Net rv64im72f_6sp/id_ex_register/i___42_i_41_n_0 was not replicated.
Resolution: phys_opt_design can be forced to replicate a net driver using the option -force_replication_on_nets <list of net objects>.
INFO: [Physopt 32-572] Net rv64im72f_6sp/id_ex_register/i___62_i_6_0[37] was not replicated.
Resolution: phys_opt_design can be forced to replicate a net driver using the option -force_replication_on_nets <list of net objects>.
INFO: [Physopt 32-81] Processed net rv64im72f_6sp/ex_mem_register/MEM_alu_result_reg[63]_0[10]_repN_26. Replicated 2 times.
INFO: [Physopt 32-81] Processed net rv64im72f_6sp/ex_mem_register/WB_byte_enable_logic_register_file_write_data[54]_i_45_n_0. Replicated 2 times.
INFO: [Physopt 32-572] Net rv64im72f_6sp/ex_mem_register/dividend_reg[31]_i_18_n_0 was not replicated.
Resolution: phys_opt_design can be forced to replicate a net driver using the option -force_replication_on_nets <list of net objects>.
INFO: [Physopt 32-571] Net rv64im72f_6sp/ex_mem_register/WB_byte_enable_logic_register_file_write_data[7]_i_2_n_0 was not replicated.
INFO: [Physopt 32-572] Net rv64im72f_6sp/id_ex_register/src_A[26] was not replicated.
Resolution: phys_opt_design can be forced to replicate a net driver using the option -force_replication_on_nets <list of net objects>.
INFO: [Physopt 32-572] Net rv64im72f_6sp/id_ex_register/i___44_i_27_n_0 was not replicated.
Resolution: phys_opt_design can be forced to replicate a net driver using the option -force_replication_on_nets <list of net objects>.
INFO: [Physopt 32-571] Net rv64im72f_6sp/ex_mem_register/data_memory_read_data_muxed[55] was not replicated.
INFO: [Physopt 32-572] Net rv64im72f_6sp/id_ex_register/i___44_i_35_n_0 was not replicated.
Resolution: phys_opt_design can be forced to replicate a net driver using the option -force_replication_on_nets <list of net objects>.
INFO: [Physopt 32-572] Net rv64im72f_6sp/id_ex_register/i___44_i_15_n_0 was not replicated.
Resolution: phys_opt_design can be forced to replicate a net driver using the option -force_replication_on_nets <list of net objects>.
INFO: [Physopt 32-572] Net rv64im72f_6sp/id_ex_register/i___62_i_6_0[26] was not replicated.
Resolution: phys_opt_design can be forced to replicate a net driver using the option -force_replication_on_nets <list of net objects>.
INFO: [Physopt 32-81] Processed net rv64im72f_6sp/ex_mem_register/MEM_alu_result_reg[12]_rep__6_0. Replicated 1 times.
INFO: [Physopt 32-572] Net rv64im72f_6sp/id_ex_register/i___42_i_19_n_0 was not replicated.
Resolution: phys_opt_design can be forced to replicate a net driver using the option -force_replication_on_nets <list of net objects>.
INFO: [Physopt 32-572] Net rv64im72f_6sp/id_ex_register/i___43_i_22_n_0 was not replicated.
Resolution: phys_opt_design can be forced to replicate a net driver using the option -force_replication_on_nets <list of net objects>.
INFO: [Physopt 32-572] Net rv64im72f_6sp/id_ex_register/EX_alu_src_B_select_reg[2]_1 was not replicated.
Resolution: phys_opt_design can be forced to replicate a net driver using the option -force_replication_on_nets <list of net objects>.
INFO: [Physopt 32-572] Net rv64im72f_6sp/ex_mem_register/alu_forward_source_data_b[0] was not replicated.
Resolution: phys_opt_design can be forced to replicate a net driver using the option -force_replication_on_nets <list of net objects>.
INFO: [Physopt 32-572] Net rv64im72f_6sp/ex_mem_register/MEM_forward_data_value[0] was not replicated.
Resolution: phys_opt_design can be forced to replicate a net driver using the option -force_replication_on_nets <list of net objects>.
INFO: [Physopt 32-572] Net rv64im72f_6sp/ex_mem_register/data_memory_read_data_muxed[48] was not replicated.
Resolution: phys_opt_design can be forced to replicate a net driver using the option -force_replication_on_nets <list of net objects>.
INFO: [Physopt 32-572] Net rv64im72f_6sp/ex_mem_register/MEM_byte_enable_logic_register_file_write_data[0] was not replicated.
Resolution: phys_opt_design can be forced to replicate a net driver using the option -force_replication_on_nets <list of net objects>.
INFO: [Physopt 32-572] Net rv64im72f_6sp/id_ex_register/i___62_i_6_0[47] was not replicated.
Resolution: phys_opt_design can be forced to replicate a net driver using the option -force_replication_on_nets <list of net objects>.
INFO: [Physopt 32-572] Net rv64im72f_6sp/id_ex_register/src_A[0] was not replicated.
Resolution: phys_opt_design can be forced to replicate a net driver using the option -force_replication_on_nets <list of net objects>.
INFO: [Physopt 32-572] Net rv64im72f_6sp/id_ex_register/dividend_reg[0]_i_3_n_0 was not replicated.
Resolution: phys_opt_design can be forced to replicate a net driver using the option -force_replication_on_nets <list of net objects>.
INFO: [Physopt 32-572] Net rv64im72f_6sp/id_ex_register/src_A[8] was not replicated.
Resolution: phys_opt_design can be forced to replicate a net driver using the option -force_replication_on_nets <list of net objects>.
INFO: [Physopt 32-572] Net rv64im72f_6sp/ex_mem_register/WB_byte_enable_logic_register_file_write_data[59]_i_23_n_0 was not replicated.
Resolution: phys_opt_design can be forced to replicate a net driver using the option -force_replication_on_nets <list of net objects>.
INFO: [Physopt 32-232] Optimized 3 nets. Created 5 new instances.
INFO: [Physopt 32-775] End 1 Pass. Optimized 3 nets or cells. Created 5 new cells, deleted 0 existing cell and moved 0 existing cell
INFO: [Physopt 32-619] Estimated Timing Summary | WNS=-0.095 | TNS=-0.095 |
Netlist sorting complete. Time (s): cpu = 00:00:00.07 ; elapsed = 00:00:00.07 . Memory (MB): peak = 3147.730 ; gain = 0.000 ; free physical = 4832 ; free virtual = 26380
Phase 12 Critical Cell Optimization | Checksum: 1bb3057c1

Time (s): cpu = 00:12:55 ; elapsed = 00:03:37 . Memory (MB): peak = 3147.730 ; gain = 0.000 ; free physical = 4832 ; free virtual = 26380

Phase 13 SLR Crossing Optimization
Phase 13 SLR Crossing Optimization | Checksum: 1bb3057c1

Time (s): cpu = 00:12:55 ; elapsed = 00:03:37 . Memory (MB): peak = 3147.730 ; gain = 0.000 ; free physical = 4832 ; free virtual = 26380

Phase 14 Fanout Optimization
INFO: [Physopt 32-76] Pass 1. Identified 7 candidate nets for fanout optimization.
INFO: [Physopt 32-572] Net rv64im72f_6sp/ex_mem_register/WB_byte_enable_logic_register_file_write_data[63]_i_49_n_0 was not replicated.
Resolution: phys_opt_design can be forced to replicate a net driver using the option -force_replication_on_nets <list of net objects>.
INFO: [Physopt 32-572] Net rv64im72f_6sp/ex_mem_register/WB_byte_enable_logic_register_file_write_data[63]_i_48_n_0 was not replicated.
Resolution: phys_opt_design can be forced to replicate a net driver using the option -force_replication_on_nets <list of net objects>.
INFO: [Physopt 32-572] Net rv64im72f_6sp/id_ex_register/EX_alu_src_B_select_reg[2]_10 was not replicated.
Resolution: phys_opt_design can be forced to replicate a net driver using the option -force_replication_on_nets <list of net objects>.
INFO: [Physopt 32-572] Net rv64im72f_6sp/ex_mem_register/WB_byte_enable_logic_register_file_write_data[63]_i_47_n_0 was not replicated.
Resolution: phys_opt_design can be forced to replicate a net driver using the option -force_replication_on_nets <list of net objects>.
INFO: [Physopt 32-81] Processed net rv64im72f_6sp/instruction_memory/MEM_alu_result_reg[12]_rep__6_0. Replicated 1 times.
INFO: [Physopt 32-572] Net rv64im72f_6sp/instruction_memory/MEM_alu_result_reg[12]_rep__6_5 was not replicated.
Resolution: phys_opt_design can be forced to replicate a net driver using the option -force_replication_on_nets <list of net objects>.
INFO: [Physopt 32-572] Net rv64im72f_6sp/ex_mem_register/WB_byte_enable_logic_register_file_write_data[51]_i_43_n_0 was not replicated.
Resolution: phys_opt_design can be forced to replicate a net driver using the option -force_replication_on_nets <list of net objects>.
INFO: [Physopt 32-232] Optimized 1 net. Created 1 new instance.
INFO: [Physopt 32-775] End 1 Pass. Optimized 1 net or cell. Created 1 new cell, deleted 0 existing cell and moved 0 existing cell
INFO: [Physopt 32-619] Estimated Timing Summary | WNS=-0.095 | TNS=-0.095 |
Netlist sorting complete. Time (s): cpu = 00:00:00.08 ; elapsed = 00:00:00.08 . Memory (MB): peak = 3147.730 ; gain = 0.000 ; free physical = 4832 ; free virtual = 26380
Phase 14 Fanout Optimization | Checksum: 1455baf86

Time (s): cpu = 00:13:20 ; elapsed = 00:03:45 . Memory (MB): peak = 3147.730 ; gain = 0.000 ; free physical = 4832 ; free virtual = 26380

Phase 15 Single Cell Placement Optimization
INFO: [Physopt 32-660] Identified 250 candidate nets for placement-based optimization.
INFO: [Physopt 32-662] Processed net rv64im72f_6sp/id_ex_register/EX_alu_src_B_select_reg[2]_9.  Did not re-place instance rv64im72f_6sp/id_ex_register/i___238_i_2
INFO: [Physopt 32-662] Processed net rv64im72f_6sp/ex_mem_register/WB_byte_enable_logic_register_file_write_data[63]_i_49_n_0.  Did not re-place instance rv64im72f_6sp/ex_mem_register/WB_byte_enable_logic_register_file_write_data[63]_i_49
INFO: [Physopt 32-662] Processed net rv64im72f_6sp/ex_mem_register/MEM_alu_result_reg[12]_rep__8_n_0.  Did not re-place instance rv64im72f_6sp/ex_mem_register/MEM_alu_result_reg[12]_rep__8
INFO: [Physopt 32-662] Processed net rv64im72f_6sp/ex_mem_register/alu_forward_source_data_b[5].  Did not re-place instance rv64im72f_6sp/ex_mem_register/divisor_latch[5]_i_2
INFO: [Physopt 32-662] Processed net rv64im72f_6sp/id_ex_register/i___53_i_28_n_0.  Did not re-place instance rv64im72f_6sp/id_ex_register/i___53_i_28
INFO: [Physopt 32-662] Processed net rv64im72f_6sp/ex_mem_register/data_memory_read_data_muxed[37].  Did not re-place instance rv64im72f_6sp/ex_mem_register/WB_byte_enable_logic_register_file_write_data[37]_i_2
INFO: [Physopt 32-662] Processed net rv64im72f_6sp/ex_mem_register/WB_byte_enable_logic_register_file_write_data[5]_i_4_n_0.  Did not re-place instance rv64im72f_6sp/ex_mem_register/WB_byte_enable_logic_register_file_write_data[5]_i_4
INFO: [Physopt 32-662] Processed net rv64im72f_6sp/id_ex_register/i___42_i_41_n_0.  Did not re-place instance rv64im72f_6sp/id_ex_register/i___42_i_41
INFO: [Physopt 32-662] Processed net rv64im72f_6sp/id_ex_register/i___62_i_6_0[37].  Did not re-place instance rv64im72f_6sp/id_ex_register/i___54_i_2
INFO: [Physopt 32-662] Processed net rv64im72f_6sp/alu/i___54_n_0.  Did not re-place instance rv64im72f_6sp/alu/i___54
INFO: [Physopt 32-662] Processed net rv64im72f_6sp/ex_mem_register/WB_byte_enable_logic_register_file_write_data[37]_i_15_n_0.  Did not re-place instance rv64im72f_6sp/ex_mem_register/WB_byte_enable_logic_register_file_write_data[37]_i_15
INFO: [Physopt 32-662] Processed net rv64im72f_6sp/ex_mem_register/WB_byte_enable_logic_register_file_write_data[37]_i_4_n_0.  Did not re-place instance rv64im72f_6sp/ex_mem_register/WB_byte_enable_logic_register_file_write_data[37]_i_4
INFO: [Physopt 32-662] Processed net rv64im72f_6sp/ex_mem_register/WB_byte_enable_logic_register_file_write_data[37]_i_5_n_0.  Did not re-place instance rv64im72f_6sp/ex_mem_register/WB_byte_enable_logic_register_file_write_data[37]_i_5
INFO: [Physopt 32-663] Processed net rv64im72f_6sp/ex_mem_register/WB_byte_enable_logic_register_file_write_data[37]_i_6_n_0.  Re-placed instance rv64im72f_6sp/ex_mem_register/WB_byte_enable_logic_register_file_write_data[37]_i_6
INFO: [Physopt 32-662] Processed net rv64im72f_6sp/ex_mem_register/WB_byte_enable_logic_register_file_write_data[37]_i_81_n_0.  Did not re-place instance rv64im72f_6sp/ex_mem_register/WB_byte_enable_logic_register_file_write_data[37]_i_81
INFO: [Physopt 32-662] Processed net rv64im72f_6sp/ex_mem_register/dividend_reg[5]_i_9_n_0.  Did not re-place instance rv64im72f_6sp/ex_mem_register/dividend_reg[5]_i_9
INFO: [Physopt 32-662] Processed net rv64im72f_6sp/ex_mem_register/rom_read_data[37].  Did not re-place instance rv64im72f_6sp/ex_mem_register/WB_byte_enable_logic_register_file_write_data[37]_i_3
INFO: [Physopt 32-662] Processed net rv64im72f_6sp/id_ex_register/EX2_alu_zero_i_4_n_0.  Did not re-place instance rv64im72f_6sp/id_ex_register/EX2_alu_zero_i_4
INFO: [Physopt 32-662] Processed net rv64im72f_6sp/id_ex_register/EX2_pc[11]_i_2.  Did not re-place instance rv64im72f_6sp/id_ex_register/EX2_alu_zero_i_1
INFO: [Physopt 32-662] Processed net rv64im72f_6sp/id_ex_register/alu/alu_dword/data7[37].  Did not re-place instance rv64im72f_6sp/id_ex_register/i___54_i_19
INFO: [Physopt 32-662] Processed net rv64im72f_6sp/id_ex_register/alu_zero.  Did not re-place instance rv64im72f_6sp/id_ex_register/EX2_alu_zero_i_2
INFO: [Physopt 32-663] Processed net rv64im72f_6sp/id_ex_register/i___42_i_20_n_0_repN.  Re-placed instance rv64im72f_6sp/id_ex_register/i___42_i_20_replica
INFO: [Physopt 32-662] Processed net rv64im72f_6sp/ex_ex2_register/EX2_alu_zero.  Did not re-place instance rv64im72f_6sp/ex_ex2_register/EX2_alu_zero_reg
INFO: [Physopt 32-662] Processed net rv64im72f_6sp/id_ex_register/i___42_i_19_n_0.  Did not re-place instance rv64im72f_6sp/id_ex_register/i___42_i_19
INFO: [Physopt 32-663] Processed net rv64im72f_6sp/id_ex_register/i___43_i_22_n_0.  Re-placed instance rv64im72f_6sp/id_ex_register/i___43_i_22
INFO: [Physopt 32-662] Processed net rv64im72f_6sp/id_ex_register/i___62_i_6_0[26].  Did not re-place instance rv64im72f_6sp/id_ex_register/i___44_i_1
INFO: [Physopt 32-662] Processed net rv64im72f_6sp/alu/i___44_n_0.  Did not re-place instance rv64im72f_6sp/alu/i___44
INFO: [Physopt 32-662] Processed net rv64im72f_6sp/id_ex_register/i___42_i_40_n_0.  Did not re-place instance rv64im72f_6sp/id_ex_register/i___42_i_40
INFO: [Physopt 32-662] Processed net rv64im72f_6sp/id_ex_register/i___44_i_4_n_0.  Did not re-place instance rv64im72f_6sp/id_ex_register/i___44_i_4
INFO: [Physopt 32-662] Processed net rv64im72f_6sp/id_ex_register/EX_alu_src_B_select_reg[2]_1.  Did not re-place instance rv64im72f_6sp/id_ex_register/i___229_i_1
INFO: [Physopt 32-662] Processed net rv64im72f_6sp/ex_mem_register/alu_forward_source_data_b[0].  Did not re-place instance rv64im72f_6sp/ex_mem_register/divisor_latch[0]_i_2
INFO: [Physopt 32-662] Processed net rv64im72f_6sp/ex_mem_register/MEM_forward_data_value[0].  Did not re-place instance rv64im72f_6sp/ex_mem_register/dividend_reg[0]_i_5
INFO: [Physopt 32-662] Processed net rv64im72f_6sp/ex_mem_register/data_memory_read_data_muxed[48].  Did not re-place instance rv64im72f_6sp/ex_mem_register/WB_byte_enable_logic_register_file_write_data[48]_i_2
INFO: [Physopt 32-662] Processed net rv64im72f_6sp/ex_mem_register/MEM_byte_enable_logic_register_file_write_data[0].  Did not re-place instance rv64im72f_6sp/ex_mem_register/WB_byte_enable_logic_register_file_write_data[0]_i_1
INFO: [Physopt 32-662] Processed net rv64im72f_6sp/alu/i___62_n_0.  Did not re-place instance rv64im72f_6sp/alu/i___62
INFO: [Physopt 32-662] Processed net rv64im72f_6sp/ex_mem_register/WB_byte_enable_logic_register_file_write_data[0]_i_9_n_0.  Did not re-place instance rv64im72f_6sp/ex_mem_register/WB_byte_enable_logic_register_file_write_data[0]_i_9
INFO: [Physopt 32-662] Processed net rv64im72f_6sp/ex_mem_register/WB_byte_enable_logic_register_file_write_data[48]_i_19_n_0.  Did not re-place instance rv64im72f_6sp/ex_mem_register/WB_byte_enable_logic_register_file_write_data[48]_i_19
INFO: [Physopt 32-662] Processed net rv64im72f_6sp/ex_mem_register/WB_byte_enable_logic_register_file_write_data[48]_i_4_n_0.  Did not re-place instance rv64im72f_6sp/ex_mem_register/WB_byte_enable_logic_register_file_write_data[48]_i_4
INFO: [Physopt 32-662] Processed net rv64im72f_6sp/ex_mem_register/WB_byte_enable_logic_register_file_write_data[48]_i_5_n_0.  Did not re-place instance rv64im72f_6sp/ex_mem_register/WB_byte_enable_logic_register_file_write_data[48]_i_5
INFO: [Physopt 32-662] Processed net rv64im72f_6sp/ex_mem_register/WB_byte_enable_logic_register_file_write_data[48]_i_67_n_0.  Did not re-place instance rv64im72f_6sp/ex_mem_register/WB_byte_enable_logic_register_file_write_data[48]_i_67
INFO: [Physopt 32-662] Processed net rv64im72f_6sp/ex_mem_register/WB_byte_enable_logic_register_file_write_data[48]_i_6_n_0.  Did not re-place instance rv64im72f_6sp/ex_mem_register/WB_byte_enable_logic_register_file_write_data[48]_i_6
INFO: [Physopt 32-662] Processed net rv64im72f_6sp/ex_mem_register/rom_read_data[48].  Did not re-place instance rv64im72f_6sp/ex_mem_register/WB_byte_enable_logic_register_file_write_data[48]_i_3
INFO: [Physopt 32-662] Processed net rv64im72f_6sp/id_ex_register/divisor_latch[3]_i_1_0[0].  Did not re-place instance rv64im72f_6sp/id_ex_register/i___52_i_29
INFO: [Physopt 32-662] Processed net rv64im72f_6sp/id_ex_register/i___62_i_13_n_0.  Did not re-place instance rv64im72f_6sp/id_ex_register/i___62_i_13
INFO: [Physopt 32-662] Processed net rv64im72f_6sp/id_ex_register/i___62_i_7_n_0.  Did not re-place instance rv64im72f_6sp/id_ex_register/i___62_i_7
INFO: [Physopt 32-662] Processed net rv64im72f_6sp/id_ex_register/i___62_i_6_0[47].  Did not re-place instance rv64im72f_6sp/id_ex_register/i___57_i_1
INFO: [Physopt 32-662] Processed net rv64im72f_6sp/alu/i___57_n_0.  Did not re-place instance rv64im72f_6sp/alu/i___57
INFO: [Physopt 32-662] Processed net rv64im72f_6sp/id_ex_register/i___57_i_19_n_0.  Did not re-place instance rv64im72f_6sp/id_ex_register/i___57_i_19
INFO: [Physopt 32-662] Processed net rv64im72f_6sp/id_ex_register/i___57_i_6_n_0.  Did not re-place instance rv64im72f_6sp/id_ex_register/i___57_i_6
INFO: [Physopt 32-662] Processed net rv64im72f_6sp/id_ex_register/src_A[0].  Did not re-place instance rv64im72f_6sp/id_ex_register/dividend_reg[0]_i_1
INFO: [Physopt 32-662] Processed net rv64im72f_6sp/id_ex_register/dividend_reg[0]_i_3_n_0.  Did not re-place instance rv64im72f_6sp/id_ex_register/dividend_reg[0]_i_3
INFO: [Physopt 32-662] Processed net rv64im72f_6sp/ex_mem_register/WB_byte_enable_logic_register_file_write_data[63]_i_48_n_0.  Did not re-place instance rv64im72f_6sp/ex_mem_register/WB_byte_enable_logic_register_file_write_data[63]_i_48
INFO: [Physopt 32-662] Processed net rv64im72f_6sp/id_ex_register/src_A[8].  Did not re-place instance rv64im72f_6sp/id_ex_register/dividend_reg[8]_i_1
INFO: [Physopt 32-662] Processed net rv64im72f_6sp/ex_mem_register/WB_byte_enable_logic_register_file_write_data[59]_i_23_n_0.  Did not re-place instance rv64im72f_6sp/ex_mem_register/WB_byte_enable_logic_register_file_write_data[59]_i_23
INFO: [Physopt 32-662] Processed net rv64im72f_6sp/ex_mem_register/data_memory_read_data_muxed[24].  Did not re-place instance rv64im72f_6sp/ex_mem_register/WB_byte_enable_logic_register_file_write_data[24]_i_2
INFO: [Physopt 32-662] Processed net rv64im72f_6sp/ex_mem_register/WB_byte_enable_logic_register_file_write_data[24]_i_3_n_0.  Did not re-place instance rv64im72f_6sp/ex_mem_register/WB_byte_enable_logic_register_file_write_data[24]_i_3
INFO: [Physopt 32-662] Processed net rv64im72f_6sp/ex_mem_register/WB_byte_enable_logic_register_file_write_data[8]_i_3_n_0.  Did not re-place instance rv64im72f_6sp/ex_mem_register/WB_byte_enable_logic_register_file_write_data[8]_i_3
INFO: [Physopt 32-662] Processed net rv64im72f_6sp/ex_mem_register/WB_byte_enable_logic_register_file_write_data[24]_i_14_n_0.  Did not re-place instance rv64im72f_6sp/ex_mem_register/WB_byte_enable_logic_register_file_write_data[24]_i_14
INFO: [Physopt 32-662] Processed net rv64im72f_6sp/ex_mem_register/WB_byte_enable_logic_register_file_write_data[24]_i_35_n_0.  Did not re-place instance rv64im72f_6sp/ex_mem_register/WB_byte_enable_logic_register_file_write_data[24]_i_35
INFO: [Physopt 32-662] Processed net rv64im72f_6sp/ex_mem_register/WB_byte_enable_logic_register_file_write_data[24]_i_5_n_0.  Did not re-place instance rv64im72f_6sp/ex_mem_register/WB_byte_enable_logic_register_file_write_data[24]_i_5
INFO: [Physopt 32-662] Processed net rv64im72f_6sp/ex_mem_register/WB_byte_enable_logic_register_file_write_data[24]_i_6_n_0.  Did not re-place instance rv64im72f_6sp/ex_mem_register/WB_byte_enable_logic_register_file_write_data[24]_i_6
INFO: [Physopt 32-662] Processed net rv64im72f_6sp/ex_mem_register/WB_byte_enable_logic_register_file_write_data[24]_i_7_n_0.  Did not re-place instance rv64im72f_6sp/ex_mem_register/WB_byte_enable_logic_register_file_write_data[24]_i_7
INFO: [Physopt 32-662] Processed net rv64im72f_6sp/ex_mem_register/WB_byte_enable_logic_register_file_write_data[24]_i_8_n_0.  Did not re-place instance rv64im72f_6sp/ex_mem_register/WB_byte_enable_logic_register_file_write_data[24]_i_8
INFO: [Physopt 32-662] Processed net rv64im72f_6sp/ex_mem_register/dividend_reg[8]_i_5_n_0.  Did not re-place instance rv64im72f_6sp/ex_mem_register/dividend_reg[8]_i_5
INFO: [Physopt 32-662] Processed net rv64im72f_6sp/ex_mem_register/rom_read_data[24].  Did not re-place instance rv64im72f_6sp/ex_mem_register/WB_byte_enable_logic_register_file_write_data[24]_i_4
INFO: [Physopt 32-662] Processed net rv64im72f_6sp/id_ex_register/EX_read_data1_reg[11]_0[0].  Did not re-place instance rv64im72f_6sp/id_ex_register/i___49_i_40
INFO: [Physopt 32-662] Processed net rv64im72f_6sp/id_ex_register/alu_forward_source_data_a[8].  Did not re-place instance rv64im72f_6sp/id_ex_register/dividend_reg[8]_i_2
INFO: [Physopt 32-662] Processed net rv64im72f_6sp/id_ex_register/i___55_i_40_n_0.  Did not re-place instance rv64im72f_6sp/id_ex_register/i___55_i_40
INFO: [Physopt 32-662] Processed net rv64im72f_6sp/id_ex_register/i___56_i_31_n_0.  Did not re-place instance rv64im72f_6sp/id_ex_register/i___56_i_31
INFO: [Physopt 32-663] Processed net rv64im72f_6sp/id_ex_register/i___57_i_15_n_0.  Re-placed instance rv64im72f_6sp/id_ex_register/i___57_i_15
INFO: [Physopt 32-662] Processed net rv64im72f_6sp/id_ex_register/i___62_i_6_0[46].  Did not re-place instance rv64im72f_6sp/id_ex_register/i___57_i_2
INFO: [Physopt 32-662] Processed net rv64im72f_6sp/id_ex_register/alu/alu_dword/data7[46].  Did not re-place instance rv64im72f_6sp/id_ex_register/i___57_i_20
INFO: [Physopt 32-662] Processed net rv64im72f_6sp/id_ex_register/i___62_i_6_0[34].  Did not re-place instance rv64im72f_6sp/id_ex_register/i___53_i_2
INFO: [Physopt 32-662] Processed net rv64im72f_6sp/alu/i___53_n_0.  Did not re-place instance rv64im72f_6sp/alu/i___53
INFO: [Physopt 32-662] Processed net rv64im72f_6sp/id_ex_register/alu/alu_dword/data7[34].  Did not re-place instance rv64im72f_6sp/id_ex_register/i___53_i_18
INFO: [Physopt 32-662] Processed net rv64im72f_6sp/id_ex_register/D[3].  Did not re-place instance rv64im72f_6sp/id_ex_register/divisor_latch[3]_i_1
INFO: [Physopt 32-662] Processed net rv64im72f_6sp/ex_mem_register/WB_byte_enable_logic_register_file_write_data[52]_i_49_n_0.  Did not re-place instance rv64im72f_6sp/ex_mem_register/WB_byte_enable_logic_register_file_write_data[52]_i_49
INFO: [Physopt 32-662] Processed net rv64im72f_6sp/ex_mem_register/alu_forward_source_data_b[3].  Did not re-place instance rv64im72f_6sp/ex_mem_register/divisor_latch[3]_i_2
INFO: [Physopt 32-662] Processed net rv64im72f_6sp/ex_mem_register/data_memory_read_data_muxed[11].  Did not re-place instance rv64im72f_6sp/ex_mem_register/WB_byte_enable_logic_register_file_write_data[11]_i_4
INFO: [Physopt 32-663] Processed net rv64im72f_6sp/ex_mem_register/WB_byte_enable_logic_register_file_write_data[11]_i_10_n_0.  Re-placed instance rv64im72f_6sp/ex_mem_register/WB_byte_enable_logic_register_file_write_data[11]_i_10
INFO: [Physopt 32-662] Processed net rv64im72f_6sp/ex_mem_register/WB_byte_enable_logic_register_file_write_data[11]_i_19_n_0.  Did not re-place instance rv64im72f_6sp/ex_mem_register/WB_byte_enable_logic_register_file_write_data[11]_i_19
INFO: [Physopt 32-662] Processed net rv64im72f_6sp/ex_mem_register/WB_byte_enable_logic_register_file_write_data[11]_i_43_n_0.  Did not re-place instance rv64im72f_6sp/ex_mem_register/WB_byte_enable_logic_register_file_write_data[11]_i_43
INFO: [Physopt 32-662] Processed net rv64im72f_6sp/ex_mem_register/WB_byte_enable_logic_register_file_write_data[11]_i_6_n_0.  Did not re-place instance rv64im72f_6sp/ex_mem_register/WB_byte_enable_logic_register_file_write_data[11]_i_6
INFO: [Physopt 32-662] Processed net rv64im72f_6sp/ex_mem_register/WB_byte_enable_logic_register_file_write_data[11]_i_7_n_0.  Did not re-place instance rv64im72f_6sp/ex_mem_register/WB_byte_enable_logic_register_file_write_data[11]_i_7
INFO: [Physopt 32-662] Processed net rv64im72f_6sp/ex_mem_register/WB_byte_enable_logic_register_file_write_data[11]_i_8_n_0.  Did not re-place instance rv64im72f_6sp/ex_mem_register/WB_byte_enable_logic_register_file_write_data[11]_i_8
INFO: [Physopt 32-662] Processed net rv64im72f_6sp/ex_mem_register/WB_byte_enable_logic_register_file_write_data[3]_i_5_n_0.  Did not re-place instance rv64im72f_6sp/ex_mem_register/WB_byte_enable_logic_register_file_write_data[3]_i_5
INFO: [Physopt 32-662] Processed net rv64im72f_6sp/ex_mem_register/dividend_reg[3]_i_8_n_0.  Did not re-place instance rv64im72f_6sp/ex_mem_register/dividend_reg[3]_i_8
INFO: [Physopt 32-662] Processed net rv64im72f_6sp/ex_mem_register/rom_read_data[11].  Did not re-place instance rv64im72f_6sp/ex_mem_register/WB_byte_enable_logic_register_file_write_data[11]_i_5
INFO: [Physopt 32-662] Processed net rv64im72f_6sp/id_ex_register/divisor_latch[3]_i_1_0[3].  Did not re-place instance rv64im72f_6sp/id_ex_register/i___52_i_26
INFO: [Physopt 32-662] Processed net rv64im72f_6sp/id_ex_register/i___62_i_6_0[44].  Did not re-place instance rv64im72f_6sp/id_ex_register/i___56_i_1
INFO: [Physopt 32-662] Processed net rv64im72f_6sp/alu/i___56_n_0.  Did not re-place instance rv64im72f_6sp/alu/i___56
INFO: [Physopt 32-662] Processed net rv64im72f_6sp/id_ex_register/i___56_i_17_n_0.  Did not re-place instance rv64im72f_6sp/id_ex_register/i___56_i_17
INFO: [Physopt 32-662] Processed net rv64im72f_6sp/id_ex_register/i___56_i_6_n_0.  Did not re-place instance rv64im72f_6sp/id_ex_register/i___56_i_6
INFO: [Physopt 32-662] Processed net rv64im72f_6sp/id_ex_register/EX_alu_src_B_select_reg[2]_10.  Did not re-place instance rv64im72f_6sp/id_ex_register/i___232_i_3
INFO: [Physopt 32-662] Processed net rv64im72f_6sp/id_ex_register/i___44_i_27_n_0.  Did not re-place instance rv64im72f_6sp/id_ex_register/i___44_i_27
INFO: [Physopt 32-663] Processed net rv64im72f_6sp/id_ex_register/i___44_i_35_n_0.  Re-placed instance rv64im72f_6sp/id_ex_register/i___44_i_35
INFO: [Physopt 32-662] Processed net rv64im72f_6sp/id_ex_register/i___44_i_15_n_0.  Did not re-place instance rv64im72f_6sp/id_ex_register/i___44_i_15
INFO: [Physopt 32-662] Processed net rv64im72f_6sp/id_ex_register/i___62_i_6_0[39].  Did not re-place instance rv64im72f_6sp/id_ex_register/i___55_i_3
INFO: [Physopt 32-662] Processed net rv64im72f_6sp/alu/i___55_n_0.  Did not re-place instance rv64im72f_6sp/alu/i___55
INFO: [Physopt 32-662] Processed net rv64im72f_6sp/id_ex_register/i___44_i_5_n_0.  Did not re-place instance rv64im72f_6sp/id_ex_register/i___44_i_5
INFO: [Physopt 32-662] Processed net rv64im72f_6sp/id_ex_register/i___55_i_12_n_0.  Did not re-place instance rv64im72f_6sp/id_ex_register/i___55_i_12
INFO: [Physopt 32-662] Processed net rv64im72f_6sp/id_ex_register/i___55_i_28_n_0.  Did not re-place instance rv64im72f_6sp/id_ex_register/i___55_i_28
INFO: [Physopt 32-663] Processed net rv64im72f_6sp/id_ex_register/i___62_i_6_0[56].  Re-placed instance rv64im72f_6sp/id_ex_register/i___60_i_1
INFO: [Physopt 32-662] Processed net rv64im72f_6sp/alu/i___60_n_0.  Did not re-place instance rv64im72f_6sp/alu/i___60
INFO: [Physopt 32-662] Processed net rv64im72f_6sp/id_ex_register/i___60_i_19_n_0.  Did not re-place instance rv64im72f_6sp/id_ex_register/i___60_i_19
INFO: [Physopt 32-662] Processed net rv64im72f_6sp/id_ex_register/i___60_i_6_n_0.  Did not re-place instance rv64im72f_6sp/id_ex_register/i___60_i_6
INFO: [Physopt 32-662] Processed net rv64im72f_6sp/ex_mem_register/WB_byte_enable_logic_register_file_write_data[63]_i_47_n_0.  Did not re-place instance rv64im72f_6sp/ex_mem_register/WB_byte_enable_logic_register_file_write_data[63]_i_47
INFO: [Physopt 32-662] Processed net rv64im72f_6sp/ex_mem_register/WB_byte_enable_logic_register_file_write_data[59]_i_28_n_0.  Did not re-place instance rv64im72f_6sp/ex_mem_register/WB_byte_enable_logic_register_file_write_data[59]_i_28
INFO: [Physopt 32-662] Processed net rv64im72f_6sp/ex_mem_register/MEM_alu_result_reg[63]_0[10]_repN_3.  Did not re-place instance rv64im72f_6sp/ex_mem_register/MEM_alu_result_reg[10]_replica_3
INFO: [Physopt 32-662] Processed net rv64im72f_6sp/ex_mem_register/WB_byte_enable_logic_register_file_write_data[5]_i_3_n_0.  Did not re-place instance rv64im72f_6sp/ex_mem_register/WB_byte_enable_logic_register_file_write_data[5]_i_3
INFO: [Physopt 32-662] Processed net rv64im72f_6sp/ex_mem_register/data_memory_read_data_muxed[5].  Did not re-place instance rv64im72f_6sp/ex_mem_register/WB_byte_enable_logic_register_file_write_data[5]_i_5
INFO: [Physopt 32-662] Processed net rv64im72f_6sp/ex_mem_register/WB_byte_enable_logic_register_file_write_data[5]_i_10_n_0.  Did not re-place instance rv64im72f_6sp/ex_mem_register/WB_byte_enable_logic_register_file_write_data[5]_i_10
INFO: [Physopt 32-663] Processed net rv64im72f_6sp/ex_mem_register/WB_byte_enable_logic_register_file_write_data[5]_i_11_n_0.  Re-placed instance rv64im72f_6sp/ex_mem_register/WB_byte_enable_logic_register_file_write_data[5]_i_11
INFO: [Physopt 32-663] Processed net rv64im72f_6sp/ex_mem_register/WB_byte_enable_logic_register_file_write_data[5]_i_16_n_0.  Re-placed instance rv64im72f_6sp/ex_mem_register/WB_byte_enable_logic_register_file_write_data[5]_i_16
INFO: [Physopt 32-662] Processed net rv64im72f_6sp/ex_mem_register/WB_byte_enable_logic_register_file_write_data[5]_i_53_n_0.  Did not re-place instance rv64im72f_6sp/ex_mem_register/WB_byte_enable_logic_register_file_write_data[5]_i_53
INFO: [Physopt 32-662] Processed net rv64im72f_6sp/ex_mem_register/WB_byte_enable_logic_register_file_write_data[5]_i_8_n_0.  Did not re-place instance rv64im72f_6sp/ex_mem_register/WB_byte_enable_logic_register_file_write_data[5]_i_8
INFO: [Physopt 32-662] Processed net rv64im72f_6sp/ex_mem_register/WB_byte_enable_logic_register_file_write_data[5]_i_9_n_0.  Did not re-place instance rv64im72f_6sp/ex_mem_register/WB_byte_enable_logic_register_file_write_data[5]_i_9
INFO: [Physopt 32-662] Processed net rv64im72f_6sp/ex_mem_register/rom_read_data[5].  Did not re-place instance rv64im72f_6sp/ex_mem_register/WB_byte_enable_logic_register_file_write_data[5]_i_7
INFO: [Physopt 32-662] Processed net rv64im72f_6sp/ex_mem_register/WB_byte_enable_logic_register_file_write_data[58]_i_24_n_0.  Did not re-place instance rv64im72f_6sp/ex_mem_register/WB_byte_enable_logic_register_file_write_data[58]_i_24
INFO: [Physopt 32-662] Processed net rv64im72f_6sp/ex_mem_register/data_memory_read_data_muxed[53].  Did not re-place instance rv64im72f_6sp/ex_mem_register/WB_byte_enable_logic_register_file_write_data[53]_i_2
INFO: [Physopt 32-663] Processed net rv64im72f_6sp/ex_mem_register/WB_byte_enable_logic_register_file_write_data[53]_i_13_n_0.  Re-placed instance rv64im72f_6sp/ex_mem_register/WB_byte_enable_logic_register_file_write_data[53]_i_13
INFO: [Physopt 32-662] Processed net rv64im72f_6sp/ex_mem_register/WB_byte_enable_logic_register_file_write_data[53]_i_25_n_0.  Did not re-place instance rv64im72f_6sp/ex_mem_register/WB_byte_enable_logic_register_file_write_data[53]_i_25
INFO: [Physopt 32-662] Processed net rv64im72f_6sp/ex_mem_register/WB_byte_enable_logic_register_file_write_data[53]_i_4_n_0.  Did not re-place instance rv64im72f_6sp/ex_mem_register/WB_byte_enable_logic_register_file_write_data[53]_i_4
INFO: [Physopt 32-662] Processed net rv64im72f_6sp/ex_mem_register/WB_byte_enable_logic_register_file_write_data[53]_i_5_n_0.  Did not re-place instance rv64im72f_6sp/ex_mem_register/WB_byte_enable_logic_register_file_write_data[53]_i_5
INFO: [Physopt 32-662] Processed net rv64im72f_6sp/ex_mem_register/WB_byte_enable_logic_register_file_write_data[53]_i_6_n_0.  Did not re-place instance rv64im72f_6sp/ex_mem_register/WB_byte_enable_logic_register_file_write_data[53]_i_6
INFO: [Physopt 32-663] Processed net rv64im72f_6sp/ex_mem_register/WB_byte_enable_logic_register_file_write_data[53]_i_8_n_0.  Re-placed instance rv64im72f_6sp/ex_mem_register/WB_byte_enable_logic_register_file_write_data[53]_i_8
INFO: [Physopt 32-662] Processed net rv64im72f_6sp/ex_mem_register/rom_read_data[53].  Did not re-place instance rv64im72f_6sp/ex_mem_register/WB_byte_enable_logic_register_file_write_data[53]_i_3
INFO: [Physopt 32-662] Processed net rv64im72f_6sp/id_ex_register/i___62_i_6_0[58].  Did not re-place instance rv64im72f_6sp/id_ex_register/i___61_i_2
INFO: [Physopt 32-662] Processed net rv64im72f_6sp/alu/i___61_n_0.  Did not re-place instance rv64im72f_6sp/alu/i___61
INFO: [Physopt 32-662] Processed net rv64im72f_6sp/id_ex_register/i___61_i_17_n_0.  Did not re-place instance rv64im72f_6sp/id_ex_register/i___61_i_17
INFO: [Physopt 32-662] Processed net rv64im72f_6sp/id_ex_register/i___61_i_7_n_0.  Did not re-place instance rv64im72f_6sp/id_ex_register/i___61_i_7
INFO: [Physopt 32-662] Processed net rv64im72f_6sp/ex_mem_register/alu_forward_source_data_b[1].  Did not re-place instance rv64im72f_6sp/ex_mem_register/divisor_latch[1]_i_2
INFO: [Physopt 32-662] Processed net rv64im72f_6sp/id_ex_register/EX_alu_src_B_select_reg[2]_0.  Did not re-place instance rv64im72f_6sp/id_ex_register/i___227_i_1
INFO: [Physopt 32-662] Processed net rv64im72f_6sp/ex_mem_register/data_memory_read_data_muxed[41].  Did not re-place instance rv64im72f_6sp/ex_mem_register/WB_byte_enable_logic_register_file_write_data[41]_i_2
INFO: [Physopt 32-662] Processed net rv64im72f_6sp/ex_mem_register/WB_byte_enable_logic_register_file_write_data[1]_i_4_n_0.  Did not re-place instance rv64im72f_6sp/ex_mem_register/WB_byte_enable_logic_register_file_write_data[1]_i_4
INFO: [Physopt 32-662] Processed net rv64im72f_6sp/ex_mem_register/WB_byte_enable_logic_register_file_write_data[41]_i_11_n_0.  Did not re-place instance rv64im72f_6sp/ex_mem_register/WB_byte_enable_logic_register_file_write_data[41]_i_11
INFO: [Physopt 32-663] Processed net rv64im72f_6sp/ex_mem_register/WB_byte_enable_logic_register_file_write_data[41]_i_24_n_0.  Re-placed instance rv64im72f_6sp/ex_mem_register/WB_byte_enable_logic_register_file_write_data[41]_i_24
INFO: [Physopt 32-662] Processed net rv64im72f_6sp/ex_mem_register/WB_byte_enable_logic_register_file_write_data[41]_i_4_n_0.  Did not re-place instance rv64im72f_6sp/ex_mem_register/WB_byte_enable_logic_register_file_write_data[41]_i_4
INFO: [Physopt 32-662] Processed net rv64im72f_6sp/ex_mem_register/WB_byte_enable_logic_register_file_write_data[41]_i_5_n_0.  Did not re-place instance rv64im72f_6sp/ex_mem_register/WB_byte_enable_logic_register_file_write_data[41]_i_5
INFO: [Physopt 32-662] Processed net rv64im72f_6sp/ex_mem_register/WB_byte_enable_logic_register_file_write_data[41]_i_6_n_0.  Did not re-place instance rv64im72f_6sp/ex_mem_register/WB_byte_enable_logic_register_file_write_data[41]_i_6
INFO: [Physopt 32-662] Processed net rv64im72f_6sp/ex_mem_register/WB_byte_enable_logic_register_file_write_data[41]_i_7_n_0.  Did not re-place instance rv64im72f_6sp/ex_mem_register/WB_byte_enable_logic_register_file_write_data[41]_i_7
INFO: [Physopt 32-662] Processed net rv64im72f_6sp/ex_mem_register/dividend_reg[1]_i_8_n_0.  Did not re-place instance rv64im72f_6sp/ex_mem_register/dividend_reg[1]_i_8
INFO: [Physopt 32-662] Processed net rv64im72f_6sp/ex_mem_register/rom_read_data[41].  Did not re-place instance rv64im72f_6sp/ex_mem_register/WB_byte_enable_logic_register_file_write_data[41]_i_3
INFO: [Physopt 32-662] Processed net rv64im72f_6sp/id_ex_register/divisor_latch[3]_i_1_0[1].  Did not re-place instance rv64im72f_6sp/id_ex_register/i___52_i_28
INFO: [Physopt 32-662] Processed net rv64im72f_6sp/ex_mem_register/WB_byte_enable_logic_register_file_write_data[60]_i_49_n_0.  Did not re-place instance rv64im72f_6sp/ex_mem_register/WB_byte_enable_logic_register_file_write_data[60]_i_49
INFO: [Physopt 32-662] Processed net rv64im72f_6sp/ex_mem_register/WB_byte_enable_logic_register_file_write_data[24]_i_13_n_0.  Did not re-place instance rv64im72f_6sp/ex_mem_register/WB_byte_enable_logic_register_file_write_data[24]_i_13
INFO: [Physopt 32-662] Processed net rv64im72f_6sp/ex_mem_register/WB_byte_enable_logic_register_file_write_data[24]_i_59_n_0.  Did not re-place instance rv64im72f_6sp/ex_mem_register/WB_byte_enable_logic_register_file_write_data[24]_i_59
INFO: [Physopt 32-662] Processed net rv64im72f_6sp/ex_mem_register/WB_byte_enable_logic_register_file_write_data[18]_i_83_n_0.  Did not re-place instance rv64im72f_6sp/ex_mem_register/WB_byte_enable_logic_register_file_write_data[18]_i_83
INFO: [Physopt 32-662] Processed net rv64im72f_6sp/ex_mem_register/WB_byte_enable_logic_register_file_write_data[24]_i_57_n_0.  Did not re-place instance rv64im72f_6sp/ex_mem_register/WB_byte_enable_logic_register_file_write_data[24]_i_57
INFO: [Physopt 32-662] Processed net rv64im72f_6sp/ex_mem_register/MEM_alu_result_reg[63]_0[10]_repN_29.  Did not re-place instance rv64im72f_6sp/ex_mem_register/MEM_alu_result_reg[10]_replica_29
INFO: [Physopt 32-662] Processed net rv64im72f_6sp/ex_mem_register/WB_byte_enable_logic_register_file_write_data[63]_i_26_n_0.  Did not re-place instance rv64im72f_6sp/ex_mem_register/WB_byte_enable_logic_register_file_write_data[63]_i_26
INFO: [Physopt 32-663] Processed net rv64im72f_6sp/ex_mem_register/WB_byte_enable_logic_register_file_write_data[24]_i_33_n_0.  Re-placed instance rv64im72f_6sp/ex_mem_register/WB_byte_enable_logic_register_file_write_data[24]_i_33
INFO: [Physopt 32-663] Processed net rv64im72f_6sp/ex_mem_register/WB_byte_enable_logic_register_file_write_data[31]_i_27_n_0.  Re-placed instance rv64im72f_6sp/ex_mem_register/WB_byte_enable_logic_register_file_write_data[31]_i_27
INFO: [Physopt 32-662] Processed net rv64im72f_6sp/ex_mem_register/dividend_reg[31]_i_18_n_0.  Did not re-place instance rv64im72f_6sp/ex_mem_register/dividend_reg[31]_i_18
INFO: [Physopt 32-662] Processed net rv64im72f_6sp/ex_mem_register/WB_byte_enable_logic_register_file_write_data[63]_i_5_n_0.  Did not re-place instance rv64im72f_6sp/ex_mem_register/WB_byte_enable_logic_register_file_write_data[63]_i_5
INFO: [Physopt 32-662] Processed net rv64im72f_6sp/id_ex_register/src_A[26].  Did not re-place instance rv64im72f_6sp/id_ex_register/dividend_reg[26]_i_1
INFO: [Physopt 32-662] Processed net rv64im72f_6sp/ex_mem_register/data_memory_read_data_muxed[47].  Did not re-place instance rv64im72f_6sp/ex_mem_register/WB_byte_enable_logic_register_file_write_data[47]_i_2
INFO: [Physopt 32-662] Processed net rv64im72f_6sp/ex_mem_register/WB_byte_enable_logic_register_file_write_data[47]_i_21_n_0.  Did not re-place instance rv64im72f_6sp/ex_mem_register/WB_byte_enable_logic_register_file_write_data[47]_i_21
INFO: [Physopt 32-662] Processed net rv64im72f_6sp/ex_mem_register/WB_byte_enable_logic_register_file_write_data[47]_i_4_n_0.  Did not re-place instance rv64im72f_6sp/ex_mem_register/WB_byte_enable_logic_register_file_write_data[47]_i_4
INFO: [Physopt 32-662] Processed net rv64im72f_6sp/ex_mem_register/WB_byte_enable_logic_register_file_write_data[47]_i_5_n_0.  Did not re-place instance rv64im72f_6sp/ex_mem_register/WB_byte_enable_logic_register_file_write_data[47]_i_5
INFO: [Physopt 32-662] Processed net rv64im72f_6sp/ex_mem_register/WB_byte_enable_logic_register_file_write_data[47]_i_62_n_0.  Did not re-place instance rv64im72f_6sp/ex_mem_register/WB_byte_enable_logic_register_file_write_data[47]_i_62
INFO: [Physopt 32-662] Processed net rv64im72f_6sp/ex_mem_register/WB_byte_enable_logic_register_file_write_data[47]_i_6_n_0.  Did not re-place instance rv64im72f_6sp/ex_mem_register/WB_byte_enable_logic_register_file_write_data[47]_i_6
INFO: [Physopt 32-662] Processed net rv64im72f_6sp/ex_mem_register/WB_byte_enable_logic_register_file_write_data[47]_i_9_n_0.  Did not re-place instance rv64im72f_6sp/ex_mem_register/WB_byte_enable_logic_register_file_write_data[47]_i_9
INFO: [Physopt 32-662] Processed net rv64im72f_6sp/ex_mem_register/dividend_reg[26]_i_5_n_0.  Did not re-place instance rv64im72f_6sp/ex_mem_register/dividend_reg[26]_i_5
INFO: [Physopt 32-662] Processed net rv64im72f_6sp/ex_mem_register/rom_read_data[47].  Did not re-place instance rv64im72f_6sp/ex_mem_register/WB_byte_enable_logic_register_file_write_data[47]_i_3
INFO: [Physopt 32-662] Processed net rv64im72f_6sp/id_ex_register/alu_forward_source_data_a[26].  Did not re-place instance rv64im72f_6sp/id_ex_register/dividend_reg[26]_i_2
INFO: [Physopt 32-662] Processed net rv64im72f_6sp/id_ex_register/i___62_i_6_0[55].  Did not re-place instance rv64im72f_6sp/id_ex_register/i___60_i_2
INFO: [Physopt 32-662] Processed net rv64im72f_6sp/id_ex_register/i___60_i_24_n_0.  Did not re-place instance rv64im72f_6sp/id_ex_register/i___60_i_24
INFO: [Physopt 32-662] Processed net rv64im72f_6sp/id_ex_register/i___60_i_9_n_0.  Did not re-place instance rv64im72f_6sp/id_ex_register/i___60_i_9
INFO: [Physopt 32-662] Processed net rv64im72f_6sp/ex_mem_register/WB_byte_enable_logic_register_file_write_data[42]_i_49_n_0.  Did not re-place instance rv64im72f_6sp/ex_mem_register/WB_byte_enable_logic_register_file_write_data[42]_i_49
INFO: [Physopt 32-662] Processed net rv64im72f_6sp/ex_mem_register/WB_byte_enable_logic_register_file_write_data[11]_i_11_n_0.  Did not re-place instance rv64im72f_6sp/ex_mem_register/WB_byte_enable_logic_register_file_write_data[11]_i_11
INFO: [Physopt 32-662] Processed net rv64im72f_6sp/ex_mem_register/WB_byte_enable_logic_register_file_write_data[11]_i_69_n_0.  Did not re-place instance rv64im72f_6sp/ex_mem_register/WB_byte_enable_logic_register_file_write_data[11]_i_69
INFO: [Physopt 32-663] Processed net rv64im72f_6sp/ex_mem_register/WB_byte_enable_logic_register_file_write_data[11]_i_81_n_0.  Re-placed instance rv64im72f_6sp/ex_mem_register/WB_byte_enable_logic_register_file_write_data[11]_i_81
INFO: [Physopt 32-662] Processed net rv64im72f_6sp/ex_mem_register/WB_byte_enable_logic_register_file_write_data[24]_i_34_n_0.  Did not re-place instance rv64im72f_6sp/ex_mem_register/WB_byte_enable_logic_register_file_write_data[24]_i_34
INFO: [Physopt 32-662] Processed net rv64im72f_6sp/id_ex_register/D[5].  Did not re-place instance rv64im72f_6sp/id_ex_register/divisor_latch[5]_i_1
INFO: [Physopt 32-662] Processed net rv64im72f_6sp/id_ex_register/EX_read_data1_reg[7]_0[1].  Did not re-place instance rv64im72f_6sp/id_ex_register/i___50_i_42
INFO: [Physopt 32-662] Processed net rv64im72f_6sp/ex_mem_register/WB_byte_enable_logic_register_file_write_data[61]_i_65_n_0.  Did not re-place instance rv64im72f_6sp/ex_mem_register/WB_byte_enable_logic_register_file_write_data[61]_i_65
INFO: [Physopt 32-663] Processed net rv64im72f_6sp/ex_mem_register/WB_byte_enable_logic_register_file_write_data[53]_i_14_n_0.  Re-placed instance rv64im72f_6sp/ex_mem_register/WB_byte_enable_logic_register_file_write_data[53]_i_14
INFO: [Physopt 32-662] Processed net rv64im72f_6sp/ex_mem_register/WB_byte_enable_logic_register_file_write_data[53]_i_32_n_0.  Did not re-place instance rv64im72f_6sp/ex_mem_register/WB_byte_enable_logic_register_file_write_data[53]_i_32
INFO: [Physopt 32-662] Processed net rv64im72f_6sp/instruction_memory/MEM_alu_result_reg[12]_rep__6_0.  Did not re-place instance rv64im72f_6sp/instruction_memory/i___11
INFO: [Physopt 32-662] Processed net rv64im72f_6sp/ex_mem_register/MEM_alu_result_reg[14]_rep__1_0.  Did not re-place instance rv64im72f_6sp/ex_mem_register/MEM_alu_result_reg[14]_rep__1
INFO: [Physopt 32-662] Processed net rv64im72f_6sp/ex_mem_register/WB_byte_enable_logic_register_file_write_data[60]_i_48_n_0.  Did not re-place instance rv64im72f_6sp/ex_mem_register/WB_byte_enable_logic_register_file_write_data[60]_i_48
INFO: [Physopt 32-662] Processed net rv64im72f_6sp/ex_mem_register/data_memory_read_data_muxed[2].  Did not re-place instance rv64im72f_6sp/ex_mem_register/WB_byte_enable_logic_register_file_write_data[2]_i_4
INFO: [Physopt 32-662] Processed net rv64im72f_6sp/id_ex_register/D[2].  Did not re-place instance rv64im72f_6sp/id_ex_register/divisor_latch[2]_i_1
INFO: [Physopt 32-662] Processed net rv64im72f_6sp/id_ex_register/D[12].  Did not re-place instance rv64im72f_6sp/id_ex_register/divisor_latch[12]_i_1
INFO: [Physopt 32-662] Processed net rv64im72f_6sp/ex_mem_register/data_memory_read_data_muxed[60].  Did not re-place instance rv64im72f_6sp/ex_mem_register/WB_byte_enable_logic_register_file_write_data[60]_i_2
INFO: [Physopt 32-662] Processed net rv64im72f_6sp/ex_mem_register/alu_forward_source_data_b[2].  Did not re-place instance rv64im72f_6sp/ex_mem_register/divisor_latch[2]_i_2
INFO: [Physopt 32-663] Processed net rv64im72f_6sp/ex_mem_register/WB_byte_enable_logic_register_file_write_data[12]_i_3_n_0.  Re-placed instance rv64im72f_6sp/ex_mem_register/WB_byte_enable_logic_register_file_write_data[12]_i_3
INFO: [Physopt 32-662] Processed net rv64im72f_6sp/ex_mem_register/WB_byte_enable_logic_register_file_write_data[28]_i_3_n_0.  Did not re-place instance rv64im72f_6sp/ex_mem_register/WB_byte_enable_logic_register_file_write_data[28]_i_3
INFO: [Physopt 32-662] Processed net rv64im72f_6sp/ex_mem_register/WB_byte_enable_logic_register_file_write_data[24]_i_12_n_0.  Did not re-place instance rv64im72f_6sp/ex_mem_register/WB_byte_enable_logic_register_file_write_data[24]_i_12
INFO: [Physopt 32-662] Processed net rv64im72f_6sp/ex_mem_register/WB_byte_enable_logic_register_file_write_data[24]_i_30_n_0.  Did not re-place instance rv64im72f_6sp/ex_mem_register/WB_byte_enable_logic_register_file_write_data[24]_i_30
INFO: [Physopt 32-663] Processed net rv64im72f_6sp/ex_mem_register/WB_byte_enable_logic_register_file_write_data[2]_i_101_n_0.  Re-placed instance rv64im72f_6sp/ex_mem_register/WB_byte_enable_logic_register_file_write_data[2]_i_101
INFO: [Physopt 32-663] Processed net rv64im72f_6sp/ex_mem_register/WB_byte_enable_logic_register_file_write_data[2]_i_10_n_0.  Re-placed instance rv64im72f_6sp/ex_mem_register/WB_byte_enable_logic_register_file_write_data[2]_i_10
INFO: [Physopt 32-663] Processed net rv64im72f_6sp/ex_mem_register/WB_byte_enable_logic_register_file_write_data[2]_i_13_n_0.  Re-placed instance rv64im72f_6sp/ex_mem_register/WB_byte_enable_logic_register_file_write_data[2]_i_13
INFO: [Physopt 32-662] Processed net rv64im72f_6sp/ex_mem_register/WB_byte_enable_logic_register_file_write_data[2]_i_5_n_0.  Did not re-place instance rv64im72f_6sp/ex_mem_register/WB_byte_enable_logic_register_file_write_data[2]_i_5
INFO: [Physopt 32-662] Processed net rv64im72f_6sp/ex_mem_register/WB_byte_enable_logic_register_file_write_data[2]_i_79_n_0.  Did not re-place instance rv64im72f_6sp/ex_mem_register/WB_byte_enable_logic_register_file_write_data[2]_i_79
INFO: [Physopt 32-662] Processed net rv64im72f_6sp/ex_mem_register/WB_byte_enable_logic_register_file_write_data[2]_i_8_n_0.  Did not re-place instance rv64im72f_6sp/ex_mem_register/WB_byte_enable_logic_register_file_write_data[2]_i_8
INFO: [Physopt 32-662] Processed net rv64im72f_6sp/ex_mem_register/WB_byte_enable_logic_register_file_write_data[2]_i_9_n_0.  Did not re-place instance rv64im72f_6sp/ex_mem_register/WB_byte_enable_logic_register_file_write_data[2]_i_9
INFO: [Physopt 32-662] Processed net rv64im72f_6sp/ex_mem_register/WB_byte_enable_logic_register_file_write_data[60]_i_23_n_0.  Did not re-place instance rv64im72f_6sp/ex_mem_register/WB_byte_enable_logic_register_file_write_data[60]_i_23
INFO: [Physopt 32-662] Processed net rv64im72f_6sp/ex_mem_register/WB_byte_enable_logic_register_file_write_data[60]_i_4_n_0.  Did not re-place instance rv64im72f_6sp/ex_mem_register/WB_byte_enable_logic_register_file_write_data[60]_i_4
INFO: [Physopt 32-662] Processed net rv64im72f_6sp/ex_mem_register/WB_byte_enable_logic_register_file_write_data[60]_i_5_n_0.  Did not re-place instance rv64im72f_6sp/ex_mem_register/WB_byte_enable_logic_register_file_write_data[60]_i_5
INFO: [Physopt 32-663] Processed net rv64im72f_6sp/ex_mem_register/WB_byte_enable_logic_register_file_write_data[60]_i_6_n_0.  Re-placed instance rv64im72f_6sp/ex_mem_register/WB_byte_enable_logic_register_file_write_data[60]_i_6
INFO: [Physopt 32-662] Processed net rv64im72f_6sp/ex_mem_register/WB_byte_enable_logic_register_file_write_data[60]_i_76_n_0.  Did not re-place instance rv64im72f_6sp/ex_mem_register/WB_byte_enable_logic_register_file_write_data[60]_i_76
INFO: [Physopt 32-662] Processed net rv64im72f_6sp/ex_mem_register/WB_byte_enable_logic_register_file_write_data[60]_i_7_n_0.  Did not re-place instance rv64im72f_6sp/ex_mem_register/WB_byte_enable_logic_register_file_write_data[60]_i_7
INFO: [Physopt 32-662] Processed net rv64im72f_6sp/ex_mem_register/alu_forward_source_data_b[12].  Did not re-place instance rv64im72f_6sp/ex_mem_register/divisor_latch[12]_i_2
INFO: [Physopt 32-662] Processed net rv64im72f_6sp/ex_mem_register/dividend_reg[12]_i_5_n_0.  Did not re-place instance rv64im72f_6sp/ex_mem_register/dividend_reg[12]_i_5
INFO: [Physopt 32-662] Processed net rv64im72f_6sp/ex_mem_register/dividend_reg[2]_i_8_n_0.  Did not re-place instance rv64im72f_6sp/ex_mem_register/dividend_reg[2]_i_8
INFO: [Physopt 32-662] Processed net rv64im72f_6sp/ex_mem_register/rom_read_data[2].  Did not re-place instance rv64im72f_6sp/ex_mem_register/WB_byte_enable_logic_register_file_write_data[2]_i_7
INFO: [Physopt 32-662] Processed net rv64im72f_6sp/ex_mem_register/rom_read_data[60].  Did not re-place instance rv64im72f_6sp/ex_mem_register/WB_byte_enable_logic_register_file_write_data[60]_i_3
INFO: [Physopt 32-662] Processed net rv64im72f_6sp/id_ex_register/EX_read_data1_reg[15]_0[0].  Did not re-place instance rv64im72f_6sp/id_ex_register/i___47_i_47
INFO: [Physopt 32-662] Processed net rv64im72f_6sp/id_ex_register/divisor_latch[3]_i_1_0[2].  Did not re-place instance rv64im72f_6sp/id_ex_register/i___52_i_27
INFO: [Physopt 32-662] Processed net rv64im72f_6sp/ex_mem_register/WB_byte_enable_logic_register_file_write_data[31]_i_34_n_0.  Did not re-place instance rv64im72f_6sp/ex_mem_register/WB_byte_enable_logic_register_file_write_data[31]_i_34
INFO: [Physopt 32-662] Processed net rv64im72f_6sp/ex_mem_register/data_memory_read_data_muxed[56].  Did not re-place instance rv64im72f_6sp/ex_mem_register/WB_byte_enable_logic_register_file_write_data[56]_i_2
INFO: [Physopt 32-663] Processed net rv64im72f_6sp/ex_mem_register/WB_byte_enable_logic_register_file_write_data[56]_i_17_n_0.  Re-placed instance rv64im72f_6sp/ex_mem_register/WB_byte_enable_logic_register_file_write_data[56]_i_17
INFO: [Physopt 32-662] Processed net rv64im72f_6sp/ex_mem_register/WB_byte_enable_logic_register_file_write_data[56]_i_4_n_0.  Did not re-place instance rv64im72f_6sp/ex_mem_register/WB_byte_enable_logic_register_file_write_data[56]_i_4
INFO: [Physopt 32-662] Processed net rv64im72f_6sp/ex_mem_register/WB_byte_enable_logic_register_file_write_data[56]_i_5_n_0.  Did not re-place instance rv64im72f_6sp/ex_mem_register/WB_byte_enable_logic_register_file_write_data[56]_i_5
INFO: [Physopt 32-662] Processed net rv64im72f_6sp/ex_mem_register/WB_byte_enable_logic_register_file_write_data[56]_i_6_n_0.  Did not re-place instance rv64im72f_6sp/ex_mem_register/WB_byte_enable_logic_register_file_write_data[56]_i_6
INFO: [Physopt 32-662] Processed net rv64im72f_6sp/ex_mem_register/WB_byte_enable_logic_register_file_write_data[56]_i_76_n_0.  Did not re-place instance rv64im72f_6sp/ex_mem_register/WB_byte_enable_logic_register_file_write_data[56]_i_76
INFO: [Physopt 32-662] Processed net rv64im72f_6sp/ex_mem_register/WB_byte_enable_logic_register_file_write_data[56]_i_9_n_0.  Did not re-place instance rv64im72f_6sp/ex_mem_register/WB_byte_enable_logic_register_file_write_data[56]_i_9
INFO: [Physopt 32-662] Processed net rv64im72f_6sp/ex_mem_register/rom_read_data[56].  Did not re-place instance rv64im72f_6sp/ex_mem_register/WB_byte_enable_logic_register_file_write_data[56]_i_3
INFO: [Physopt 32-662] Processed net rv64im72f_6sp/ex_mem_register/WB_byte_enable_logic_register_file_write_data[2]_i_44_n_0.  Did not re-place instance rv64im72f_6sp/ex_mem_register/WB_byte_enable_logic_register_file_write_data[2]_i_44
INFO: [Physopt 32-663] Processed net rv64im72f_6sp/ex_mem_register/WB_byte_enable_logic_register_file_write_data[2]_i_12_n_0.  Re-placed instance rv64im72f_6sp/ex_mem_register/WB_byte_enable_logic_register_file_write_data[2]_i_12
INFO: [Physopt 32-662] Processed net rv64im72f_6sp/ex_mem_register/WB_byte_enable_logic_register_file_write_data[2]_i_19_n_0.  Did not re-place instance rv64im72f_6sp/ex_mem_register/WB_byte_enable_logic_register_file_write_data[2]_i_19
INFO: [Physopt 32-662] Processed net rv64im72f_6sp/id_ex_register/i___56_i_41_n_0.  Did not re-place instance rv64im72f_6sp/id_ex_register/i___56_i_41
INFO: [Physopt 32-663] Processed net rv64im72f_6sp/id_ex_register/i___57_i_38_n_0.  Re-placed instance rv64im72f_6sp/id_ex_register/i___57_i_38
INFO: [Physopt 32-663] Processed net rv64im72f_6sp/ex_mem_register/MEM_alu_result_reg[63]_0[5]_repN_2.  Re-placed instance rv64im72f_6sp/ex_mem_register/MEM_alu_result_reg[5]_replica_2
INFO: [Common 17-14] Message 'Physopt 32-663' appears 100 times and further instances of the messages will be disabled. Use the Tcl command set_msg_config to change the current settings.
INFO: [Physopt 32-662] Processed net rv64im72f_6sp/ex_mem_register/WB_byte_enable_logic_register_file_write_data[25]_i_73_n_0.  Did not re-place instance rv64im72f_6sp/ex_mem_register/WB_byte_enable_logic_register_file_write_data[25]_i_73
INFO: [Physopt 32-662] Processed net rv64im72f_6sp/ex_mem_register/WB_byte_enable_logic_register_file_write_data[11]_i_67_n_0.  Did not re-place instance rv64im72f_6sp/ex_mem_register/WB_byte_enable_logic_register_file_write_data[11]_i_67
INFO: [Physopt 32-662] Processed net rv64im72f_6sp/ex_mem_register/WB_byte_enable_logic_register_file_write_data[2]_i_53_n_0.  Did not re-place instance rv64im72f_6sp/ex_mem_register/WB_byte_enable_logic_register_file_write_data[2]_i_53
INFO: [Physopt 32-662] Processed net rv64im72f_6sp/id_ex_register/src_A[3].  Did not re-place instance rv64im72f_6sp/id_ex_register/dividend_reg[3]_i_1
INFO: [Physopt 32-662] Processed net rv64im72f_6sp/id_ex_register/dividend_reg[3]_i_3_n_0.  Did not re-place instance rv64im72f_6sp/id_ex_register/dividend_reg[3]_i_3
INFO: [Physopt 32-662] Processed net rv64im72f_6sp/id_ex_register/src_A[31].  Did not re-place instance rv64im72f_6sp/id_ex_register/dividend_reg[31]_i_1
INFO: [Physopt 32-662] Processed net rv64im72f_6sp/ex_mem_register/data_memory_read_data_muxed[21].  Did not re-place instance rv64im72f_6sp/ex_mem_register/WB_byte_enable_logic_register_file_write_data[21]_i_2
INFO: [Physopt 32-662] Processed net rv64im72f_6sp/ex_mem_register/WB_byte_enable_logic_register_file_write_data[63]_i_3_n_0.  Did not re-place instance rv64im72f_6sp/ex_mem_register/WB_byte_enable_logic_register_file_write_data[63]_i_3
INFO: [Physopt 32-662] Processed net rv64im72f_6sp/ex_mem_register/WB_byte_enable_logic_register_file_write_data[44]_i_74_n_0.  Did not re-place instance rv64im72f_6sp/ex_mem_register/WB_byte_enable_logic_register_file_write_data[44]_i_74
INFO: [Physopt 32-662] Processed net rv64im72f_6sp/id_ex_register/i___43_i_34_n_0.  Did not re-place instance rv64im72f_6sp/id_ex_register/i___43_i_34
INFO: [Physopt 32-662] Processed net rv64im72f_6sp/ex_mem_register/WB_byte_enable_logic_register_file_write_data[21]_i_17_n_0.  Did not re-place instance rv64im72f_6sp/ex_mem_register/WB_byte_enable_logic_register_file_write_data[21]_i_17
INFO: [Physopt 32-662] Processed net rv64im72f_6sp/ex_mem_register/WB_byte_enable_logic_register_file_write_data[21]_i_36_n_0.  Did not re-place instance rv64im72f_6sp/ex_mem_register/WB_byte_enable_logic_register_file_write_data[21]_i_36
INFO: [Physopt 32-662] Processed net rv64im72f_6sp/ex_mem_register/WB_byte_enable_logic_register_file_write_data[21]_i_5_n_0.  Did not re-place instance rv64im72f_6sp/ex_mem_register/WB_byte_enable_logic_register_file_write_data[21]_i_5
INFO: [Physopt 32-662] Processed net rv64im72f_6sp/ex_mem_register/WB_byte_enable_logic_register_file_write_data[21]_i_6_n_0.  Did not re-place instance rv64im72f_6sp/ex_mem_register/WB_byte_enable_logic_register_file_write_data[21]_i_6
INFO: [Physopt 32-662] Processed net rv64im72f_6sp/ex_mem_register/WB_byte_enable_logic_register_file_write_data[21]_i_7_n_0.  Did not re-place instance rv64im72f_6sp/ex_mem_register/WB_byte_enable_logic_register_file_write_data[21]_i_7
INFO: [Physopt 32-662] Processed net rv64im72f_6sp/ex_mem_register/WB_byte_enable_logic_register_file_write_data[31]_i_18_n_0.  Did not re-place instance rv64im72f_6sp/ex_mem_register/WB_byte_enable_logic_register_file_write_data[31]_i_18
INFO: [Physopt 32-662] Processed net rv64im72f_6sp/ex_mem_register/WB_byte_enable_logic_register_file_write_data[31]_i_4_n_0.  Did not re-place instance rv64im72f_6sp/ex_mem_register/WB_byte_enable_logic_register_file_write_data[31]_i_4
INFO: [Physopt 32-662] Processed net rv64im72f_6sp/ex_mem_register/WB_byte_enable_logic_register_file_write_data[31]_i_5_n_0.  Did not re-place instance rv64im72f_6sp/ex_mem_register/WB_byte_enable_logic_register_file_write_data[31]_i_5
INFO: [Physopt 32-662] Processed net rv64im72f_6sp/ex_mem_register/WB_byte_enable_logic_register_file_write_data[31]_i_6_n_0.  Did not re-place instance rv64im72f_6sp/ex_mem_register/WB_byte_enable_logic_register_file_write_data[31]_i_6
INFO: [Physopt 32-661] Optimized 30 nets.  Re-placed 30 instances.
INFO: [Physopt 32-775] End 1 Pass. Optimized 30 nets or cells. Created 0 new cell, deleted 0 existing cell and moved 30 existing cells
INFO: [Physopt 32-619] Estimated Timing Summary | WNS=-0.060 | TNS=-0.060 |
Netlist sorting complete. Time (s): cpu = 00:00:00.08 ; elapsed = 00:00:00.08 . Memory (MB): peak = 3147.730 ; gain = 0.000 ; free physical = 4829 ; free virtual = 26377
Phase 15 Single Cell Placement Optimization | Checksum: 192e004fb

Time (s): cpu = 00:15:11 ; elapsed = 00:04:13 . Memory (MB): peak = 3147.730 ; gain = 0.000 ; free physical = 4829 ; free virtual = 26377

Phase 16 Multi Cell Placement Optimization
INFO: [Physopt 32-660] Identified 100 candidate nets for placement-based optimization.
INFO: [Physopt 32-662] Processed net rv64im72f_6sp/ex_mem_register/MEM_alu_result_reg[12]_rep__8_n_0.  Did not re-place instance rv64im72f_6sp/ex_mem_register/MEM_alu_result_reg[12]_rep__8/Q
INFO: [Physopt 32-662] Processed net rv64im72f_6sp/id_ex_register/EX_alu_src_B_select_reg[2]_1.  Did not re-place instance rv64im72f_6sp/id_ex_register/i___229_i_1/O
INFO: [Physopt 32-662] Processed net rv64im72f_6sp/ex_mem_register/alu_forward_source_data_b[0].  Did not re-place instance rv64im72f_6sp/ex_mem_register/divisor_latch[0]_i_2/O
INFO: [Physopt 32-662] Processed net rv64im72f_6sp/ex_mem_register/MEM_forward_data_value[0].  Did not re-place instance rv64im72f_6sp/ex_mem_register/dividend_reg[0]_i_5/O
INFO: [Physopt 32-662] Processed net rv64im72f_6sp/ex_mem_register/MEM_byte_enable_logic_register_file_write_data[0].  Did not re-place instance rv64im72f_6sp/ex_mem_register/WB_byte_enable_logic_register_file_write_data[0]_i_1/O
INFO: [Physopt 32-662] Processed net rv64im72f_6sp/ex_mem_register/WB_byte_enable_logic_register_file_write_data[48]_i_4_n_0.  Did not re-place instance rv64im72f_6sp/ex_mem_register/WB_byte_enable_logic_register_file_write_data[48]_i_4/O
INFO: [Physopt 32-662] Processed net rv64im72f_6sp/ex_mem_register/WB_byte_enable_logic_register_file_write_data[48]_i_5_n_0.  Did not re-place instance rv64im72f_6sp/ex_mem_register/WB_byte_enable_logic_register_file_write_data[48]_i_5/O
INFO: [Physopt 32-662] Processed net rv64im72f_6sp/ex_mem_register/WB_byte_enable_logic_register_file_write_data[48]_i_6_n_0.  Did not re-place instance rv64im72f_6sp/ex_mem_register/WB_byte_enable_logic_register_file_write_data[48]_i_6/O
INFO: [Physopt 32-662] Processed net rv64im72f_6sp/ex_mem_register/rom_read_data[48].  Did not re-place instance rv64im72f_6sp/ex_mem_register/WB_byte_enable_logic_register_file_write_data[48]_i_3/O
INFO: [Physopt 32-662] Processed net rv64im72f_6sp/id_ex_register/EX2_alu_zero_i_4_n_0.  Did not re-place instance rv64im72f_6sp/id_ex_register/EX2_alu_zero_i_4/O
INFO: [Physopt 32-662] Processed net rv64im72f_6sp/id_ex_register/EX2_pc[11]_i_2.  Did not re-place instance rv64im72f_6sp/id_ex_register/EX2_alu_zero_i_1/O
INFO: [Physopt 32-662] Processed net rv64im72f_6sp/id_ex_register/alu_zero.  Did not re-place instance rv64im72f_6sp/id_ex_register/EX2_alu_zero_i_2/O
INFO: [Physopt 32-662] Processed net rv64im72f_6sp/id_ex_register/i___62_i_6_0[47].  Did not re-place instance rv64im72f_6sp/id_ex_register/i___57_i_1/O
INFO: [Physopt 32-662] Processed net rv64im72f_6sp/id_ex_register/i___57_i_19_n_0.  Did not re-place instance rv64im72f_6sp/id_ex_register/i___57_i_19/O
INFO: [Physopt 32-662] Processed net rv64im72f_6sp/id_ex_register/i___57_i_6_n_0.  Did not re-place instance rv64im72f_6sp/id_ex_register/i___57_i_6/O
INFO: [Physopt 32-662] Processed net rv64im72f_6sp/id_ex_register/src_A[0].  Did not re-place instance rv64im72f_6sp/id_ex_register/dividend_reg[0]_i_1/O
INFO: [Physopt 32-662] Processed net rv64im72f_6sp/id_ex_register/dividend_reg[0]_i_3_n_0.  Did not re-place instance rv64im72f_6sp/id_ex_register/dividend_reg[0]_i_3/O
INFO: [Physopt 32-662] Processed net rv64im72f_6sp/ex_mem_register/WB_byte_enable_logic_register_file_write_data[63]_i_48_n_0.  Did not re-place instance rv64im72f_6sp/ex_mem_register/WB_byte_enable_logic_register_file_write_data[63]_i_48/O
INFO: [Physopt 32-662] Processed net rv64im72f_6sp/id_ex_register/src_A[8].  Did not re-place instance rv64im72f_6sp/id_ex_register/dividend_reg[8]_i_1/O
INFO: [Physopt 32-662] Processed net rv64im72f_6sp/ex_mem_register/WB_byte_enable_logic_register_file_write_data[59]_i_23_n_0.  Did not re-place instance rv64im72f_6sp/ex_mem_register/WB_byte_enable_logic_register_file_write_data[59]_i_23/O
INFO: [Physopt 32-662] Processed net rv64im72f_6sp/ex_mem_register/data_memory_read_data_muxed[24].  Did not re-place instance rv64im72f_6sp/ex_mem_register/WB_byte_enable_logic_register_file_write_data[24]_i_2/O
INFO: [Physopt 32-662] Processed net rv64im72f_6sp/ex_mem_register/WB_byte_enable_logic_register_file_write_data[24]_i_3_n_0.  Did not re-place instance rv64im72f_6sp/ex_mem_register/WB_byte_enable_logic_register_file_write_data[24]_i_3/O
INFO: [Physopt 32-662] Processed net rv64im72f_6sp/ex_mem_register/WB_byte_enable_logic_register_file_write_data[24]_i_14_n_0.  Did not re-place instance rv64im72f_6sp/ex_mem_register/WB_byte_enable_logic_register_file_write_data[24]_i_14/O
INFO: [Physopt 32-662] Processed net rv64im72f_6sp/ex_mem_register/WB_byte_enable_logic_register_file_write_data[24]_i_35_n_0.  Did not re-place instance rv64im72f_6sp/ex_mem_register/WB_byte_enable_logic_register_file_write_data[24]_i_35/O
INFO: [Physopt 32-662] Processed net rv64im72f_6sp/ex_mem_register/WB_byte_enable_logic_register_file_write_data[24]_i_5_n_0.  Did not re-place instance rv64im72f_6sp/ex_mem_register/WB_byte_enable_logic_register_file_write_data[24]_i_5/O
INFO: [Physopt 32-662] Processed net rv64im72f_6sp/ex_mem_register/WB_byte_enable_logic_register_file_write_data[24]_i_6_n_0.  Did not re-place instance rv64im72f_6sp/ex_mem_register/WB_byte_enable_logic_register_file_write_data[24]_i_6/O
INFO: [Physopt 32-662] Processed net rv64im72f_6sp/ex_mem_register/WB_byte_enable_logic_register_file_write_data[24]_i_7_n_0.  Did not re-place instance rv64im72f_6sp/ex_mem_register/WB_byte_enable_logic_register_file_write_data[24]_i_7/O
INFO: [Physopt 32-662] Processed net rv64im72f_6sp/ex_mem_register/WB_byte_enable_logic_register_file_write_data[24]_i_8_n_0.  Did not re-place instance rv64im72f_6sp/ex_mem_register/WB_byte_enable_logic_register_file_write_data[24]_i_8/O
INFO: [Physopt 32-662] Processed net rv64im72f_6sp/ex_mem_register/rom_read_data[24].  Did not re-place instance rv64im72f_6sp/ex_mem_register/WB_byte_enable_logic_register_file_write_data[24]_i_4/O
INFO: [Physopt 32-662] Processed net rv64im72f_6sp/id_ex_register/alu_forward_source_data_a[8].  Did not re-place instance rv64im72f_6sp/id_ex_register/dividend_reg[8]_i_2/O
INFO: [Physopt 32-662] Processed net rv64im72f_6sp/id_ex_register/i___62_i_6_0[44].  Did not re-place instance rv64im72f_6sp/id_ex_register/i___56_i_1/O
INFO: [Physopt 32-662] Processed net rv64im72f_6sp/id_ex_register/i___56_i_17_n_0.  Did not re-place instance rv64im72f_6sp/id_ex_register/i___56_i_17/O
INFO: [Physopt 32-662] Processed net rv64im72f_6sp/id_ex_register/i___56_i_6_n_0.  Did not re-place instance rv64im72f_6sp/id_ex_register/i___56_i_6/O
INFO: [Physopt 32-662] Processed net rv64im72f_6sp/id_ex_register/i___62_i_6_0[39].  Did not re-place instance rv64im72f_6sp/id_ex_register/i___55_i_3/O
INFO: [Physopt 32-662] Processed net rv64im72f_6sp/id_ex_register/i___55_i_12_n_0.  Did not re-place instance rv64im72f_6sp/id_ex_register/i___55_i_12/O
INFO: [Physopt 32-662] Processed net rv64im72f_6sp/id_ex_register/i___55_i_28_n_0.  Did not re-place instance rv64im72f_6sp/id_ex_register/i___55_i_28/O
INFO: [Physopt 32-662] Processed net rv64im72f_6sp/id_ex_register/i___62_i_6_0[58].  Did not re-place instance rv64im72f_6sp/id_ex_register/i___61_i_2/O
INFO: [Physopt 32-662] Processed net rv64im72f_6sp/id_ex_register/i___61_i_17_n_0.  Did not re-place instance rv64im72f_6sp/id_ex_register/i___61_i_17/O
INFO: [Physopt 32-662] Processed net rv64im72f_6sp/id_ex_register/i___61_i_7_n_0.  Did not re-place instance rv64im72f_6sp/id_ex_register/i___61_i_7/O
INFO: [Physopt 32-662] Processed net rv64im72f_6sp/ex_mem_register/WB_byte_enable_logic_register_file_write_data[63]_i_47_n_0.  Did not re-place instance rv64im72f_6sp/ex_mem_register/WB_byte_enable_logic_register_file_write_data[63]_i_47/O
INFO: [Physopt 32-662] Processed net rv64im72f_6sp/ex_mem_register/MEM_alu_result_reg[63]_0[10]_repN_3.  Did not re-place instance rv64im72f_6sp/ex_mem_register/MEM_alu_result_reg[10]_replica_3/Q
INFO: [Physopt 32-662] Processed net rv64im72f_6sp/ex_mem_register/WB_byte_enable_logic_register_file_write_data[24]_i_13_n_0.  Did not re-place instance rv64im72f_6sp/ex_mem_register/WB_byte_enable_logic_register_file_write_data[24]_i_13/O
INFO: [Physopt 32-662] Processed net rv64im72f_6sp/ex_mem_register/MEM_alu_result_reg[63]_0[10]_repN_29.  Did not re-place instance rv64im72f_6sp/ex_mem_register/MEM_alu_result_reg[10]_replica_29/Q
INFO: [Physopt 32-662] Processed net rv64im72f_6sp/id_ex_register/i___62_i_6_0[55].  Did not re-place instance rv64im72f_6sp/id_ex_register/i___60_i_2/O
INFO: [Physopt 32-662] Processed net rv64im72f_6sp/id_ex_register/i___60_i_24_n_0.  Did not re-place instance rv64im72f_6sp/id_ex_register/i___60_i_24/O
INFO: [Physopt 32-662] Processed net rv64im72f_6sp/id_ex_register/i___60_i_9_n_0.  Did not re-place instance rv64im72f_6sp/id_ex_register/i___60_i_9/O
INFO: [Physopt 32-662] Processed net rv64im72f_6sp/ex_mem_register/WB_byte_enable_logic_register_file_write_data[24]_i_34_n_0.  Did not re-place instance rv64im72f_6sp/ex_mem_register/WB_byte_enable_logic_register_file_write_data[24]_i_34/O
INFO: [Physopt 32-661] Optimized 0 net.  Re-placed 0 instance.
INFO: [Physopt 32-775] End 1 Pass. Optimized 0 net or cell. Created 0 new cell, deleted 0 existing cell and moved 0 existing cell
Netlist sorting complete. Time (s): cpu = 00:00:00.02 ; elapsed = 00:00:00.02 . Memory (MB): peak = 3147.730 ; gain = 0.000 ; free physical = 4828 ; free virtual = 26377
Phase 16 Multi Cell Placement Optimization | Checksum: 17d894282

Time (s): cpu = 00:16:02 ; elapsed = 00:04:26 . Memory (MB): peak = 3147.730 ; gain = 0.000 ; free physical = 4828 ; free virtual = 26377

Phase 17 Rewire
INFO: [Physopt 32-246] Starting Signal Push optimization...
INFO: [Physopt 32-77] Pass 1. Identified 1 candidate net for rewire optimization.
INFO: [Physopt 32-134] Processed net rv64im72f_6sp/id_ex_register/alu_zero. Rewiring did not optimize the net.
INFO: [Physopt 32-232] Optimized 0 net. Created 0 new instance.
INFO: [Physopt 32-775] End 1 Pass. Optimized 0 net or cell. Created 0 new cell, deleted 0 existing cell and moved 0 existing cell
Netlist sorting complete. Time (s): cpu = 00:00:00.02 ; elapsed = 00:00:00.02 . Memory (MB): peak = 3147.730 ; gain = 0.000 ; free physical = 4828 ; free virtual = 26377
Netlist sorting complete. Time (s): cpu = 00:00:00.01 ; elapsed = 00:00:00.02 . Memory (MB): peak = 3147.730 ; gain = 0.000 ; free physical = 4828 ; free virtual = 26377
Phase 17 Rewire | Checksum: 19726e29d

Time (s): cpu = 00:16:02 ; elapsed = 00:04:26 . Memory (MB): peak = 3147.730 ; gain = 0.000 ; free physical = 4828 ; free virtual = 26377

Phase 18 Critical Cell Optimization
INFO: [Physopt 32-46] Identified 30 candidate nets for critical-cell optimization.
INFO: [Physopt 32-572] Net rv64im72f_6sp/ex_mem_register/WB_byte_enable_logic_register_file_write_data[63]_i_49_n_0 was not replicated.
Resolution: phys_opt_design can be forced to replicate a net driver using the option -force_replication_on_nets <list of net objects>.
INFO: [Physopt 32-572] Net rv64im72f_6sp/ex_mem_register/MEM_alu_result_reg[12]_rep__8_n_0 was not replicated.
Resolution: phys_opt_design can be forced to replicate a net driver using the option -force_replication_on_nets <list of net objects>.
INFO: [Physopt 32-572] Net rv64im72f_6sp/id_ex_register/i___62_i_6_0[47] was not replicated.
Resolution: phys_opt_design can be forced to replicate a net driver using the option -force_replication_on_nets <list of net objects>.
INFO: [Physopt 32-572] Net rv64im72f_6sp/ex_mem_register/data_memory_read_data_muxed[24] was not replicated.
Resolution: phys_opt_design can be forced to replicate a net driver using the option -force_replication_on_nets <list of net objects>.
INFO: [Physopt 32-572] Net rv64im72f_6sp/ex_mem_register/WB_byte_enable_logic_register_file_write_data[24]_i_3_n_0 was not replicated.
Resolution: phys_opt_design can be forced to replicate a net driver using the option -force_replication_on_nets <list of net objects>.
INFO: [Physopt 32-572] Net rv64im72f_6sp/ex_mem_register/WB_byte_enable_logic_register_file_write_data[8]_i_3_n_0 was not replicated.
Resolution: phys_opt_design can be forced to replicate a net driver using the option -force_replication_on_nets <list of net objects>.
INFO: [Physopt 32-572] Net rv64im72f_6sp/id_ex_register/i___62_i_6_0[44] was not replicated.
Resolution: phys_opt_design can be forced to replicate a net driver using the option -force_replication_on_nets <list of net objects>.
INFO: [Physopt 32-572] Net rv64im72f_6sp/id_ex_register/i___62_i_6_0[39] was not replicated.
Resolution: phys_opt_design can be forced to replicate a net driver using the option -force_replication_on_nets <list of net objects>.
INFO: [Physopt 32-572] Net rv64im72f_6sp/id_ex_register/i___62_i_6_0[58] was not replicated.
Resolution: phys_opt_design can be forced to replicate a net driver using the option -force_replication_on_nets <list of net objects>.
INFO: [Physopt 32-81] Processed net rv64im72f_6sp/ex_mem_register/MEM_alu_result_reg[63]_0[10]_repN_3. Replicated 1 times.
INFO: [Physopt 32-571] Net rv64im72f_6sp/ex_mem_register/WB_byte_enable_logic_register_file_write_data[60]_i_49_n_0 was not replicated.
INFO: [Physopt 32-571] Net rv64im72f_6sp/ex_mem_register/WB_byte_enable_logic_register_file_write_data[18]_i_83_n_0 was not replicated.
INFO: [Physopt 32-81] Processed net rv64im72f_6sp/ex_mem_register/MEM_alu_result_reg[63]_0[10]_repN_29. Replicated 1 times.
INFO: [Physopt 32-572] Net rv64im72f_6sp/id_ex_register/i___62_i_6_0[55] was not replicated.
Resolution: phys_opt_design can be forced to replicate a net driver using the option -force_replication_on_nets <list of net objects>.
INFO: [Physopt 32-571] Net rv64im72f_6sp/ex_mem_register/WB_byte_enable_logic_register_file_write_data[51]_i_40_n_0 was not replicated.
INFO: [Physopt 32-571] Net rv64im72f_6sp/id_ex_register/EX_alu_src_B_select_reg[2]_12 was not replicated.
INFO: [Physopt 32-571] Net rv64im72f_6sp/ex_mem_register/alu_forward_source_data_b[4] was not replicated.
INFO: [Physopt 32-571] Net rv64im72f_6sp/id_ex_register/i___44_i_27_n_0 was not replicated.
INFO: [Physopt 32-571] Net rv64im72f_6sp/ex_mem_register/data_memory_read_data_muxed[36] was not replicated.
INFO: [Physopt 32-571] Net rv64im72f_6sp/id_ex_register/i___44_i_35_n_0 was not replicated.
INFO: [Physopt 32-571] Net rv64im72f_6sp/id_ex_register/i___44_i_15_n_0 was not replicated.
INFO: [Physopt 32-571] Net rv64im72f_6sp/id_ex_register/i___62_i_6_0[26] was not replicated.
INFO: [Physopt 32-571] Net rv64im72f_6sp/ex_mem_register/WB_byte_enable_logic_register_file_write_data[63]_i_26_n_0 was not replicated.
INFO: [Physopt 32-571] Net rv64im72f_6sp/ex_mem_register/MEM_alu_result_reg[12]_rep__6_0 was not replicated.
INFO: [Physopt 32-571] Net rv64im72f_6sp/ex_mem_register/WB_byte_enable_logic_register_file_write_data[56]_i_63_n_0 was not replicated.
INFO: [Physopt 32-571] Net rv64im72f_6sp/instruction_memory/MEM_alu_result_reg[12]_rep__6_4 was not replicated.
INFO: [Physopt 32-571] Net rv64im72f_6sp/ex_mem_register/alu_forward_source_data_b[5] was not replicated.
INFO: [Physopt 32-571] Net rv64im72f_6sp/id_ex_register/i___53_i_28_n_0 was not replicated.
INFO: [Physopt 32-571] Net rv64im72f_6sp/ex_mem_register/data_memory_read_data_muxed[37] was not replicated.
INFO: [Physopt 32-232] Optimized 2 nets. Created 2 new instances.
INFO: [Physopt 32-775] End 1 Pass. Optimized 2 nets or cells. Created 2 new cells, deleted 0 existing cell and moved 0 existing cell
INFO: [Physopt 32-619] Estimated Timing Summary | WNS=-0.060 | TNS=-0.060 |
Netlist sorting complete. Time (s): cpu = 00:00:00.07 ; elapsed = 00:00:00.07 . Memory (MB): peak = 3147.730 ; gain = 0.000 ; free physical = 4826 ; free virtual = 26374
Phase 18 Critical Cell Optimization | Checksum: 183015a59

Time (s): cpu = 00:16:26 ; elapsed = 00:04:36 . Memory (MB): peak = 3147.730 ; gain = 0.000 ; free physical = 4826 ; free virtual = 26374

Phase 19 DSP Register Optimization
INFO: [Physopt 32-456] No candidate cells for DSP register optimization found in the design.
INFO: [Physopt 32-775] End 1 Pass. Optimized 0 net or cell. Created 0 new cell, deleted 0 existing cell and moved 0 existing cell
Phase 19 DSP Register Optimization | Checksum: 183015a59

Time (s): cpu = 00:16:26 ; elapsed = 00:04:36 . Memory (MB): peak = 3147.730 ; gain = 0.000 ; free physical = 4826 ; free virtual = 26374

Phase 20 BRAM Register Optimization
INFO: [Physopt 32-526] No candidate cells for BRAM register optimization found in the design
INFO: [Physopt 32-775] End 1 Pass. Optimized 0 net or cell. Created 0 new cell, deleted 0 existing cell and moved 0 existing cell
Phase 20 BRAM Register Optimization | Checksum: 183015a59

Time (s): cpu = 00:16:26 ; elapsed = 00:04:37 . Memory (MB): peak = 3147.730 ; gain = 0.000 ; free physical = 4826 ; free virtual = 26374

Phase 21 URAM Register Optimization
INFO: [Physopt 32-846] No candidate cells for URAM register optimization found in the design
INFO: [Physopt 32-775] End 1 Pass. Optimized 0 net or cell. Created 0 new cell, deleted 0 existing cell and moved 0 existing cell
INFO: [Physopt 32-846] No candidate cells for URAM register optimization found in the design
INFO: [Physopt 32-775] End 1 Pass. Optimized 0 net or cell. Created 0 new cell, deleted 0 existing cell and moved 0 existing cell
Phase 21 URAM Register Optimization | Checksum: 183015a59

Time (s): cpu = 00:16:27 ; elapsed = 00:04:37 . Memory (MB): peak = 3147.730 ; gain = 0.000 ; free physical = 4826 ; free virtual = 26374

Phase 22 Shift Register Optimization
INFO: [Physopt 32-1401] No candidate cells found for Shift Register optimization.
INFO: [Physopt 32-677] No candidate cells for Shift Register optimization found in the design
INFO: [Physopt 32-775] End 1 Pass. Optimized 0 net or cell. Created 0 new cell, deleted 0 existing cell and moved 0 existing cell
Phase 22 Shift Register Optimization | Checksum: 183015a59

Time (s): cpu = 00:16:27 ; elapsed = 00:04:37 . Memory (MB): peak = 3147.730 ; gain = 0.000 ; free physical = 4826 ; free virtual = 26374

Phase 23 DSP Register Optimization
INFO: [Physopt 32-456] No candidate cells for DSP register optimization found in the design.
INFO: [Physopt 32-775] End 1 Pass. Optimized 0 net or cell. Created 0 new cell, deleted 0 existing cell and moved 0 existing cell
Phase 23 DSP Register Optimization | Checksum: 183015a59

Time (s): cpu = 00:16:27 ; elapsed = 00:04:37 . Memory (MB): peak = 3147.730 ; gain = 0.000 ; free physical = 4826 ; free virtual = 26374

Phase 24 BRAM Register Optimization
INFO: [Physopt 32-526] No candidate cells for BRAM register optimization found in the design
INFO: [Physopt 32-775] End 1 Pass. Optimized 0 net or cell. Created 0 new cell, deleted 0 existing cell and moved 0 existing cell
Phase 24 BRAM Register Optimization | Checksum: 183015a59

Time (s): cpu = 00:16:27 ; elapsed = 00:04:37 . Memory (MB): peak = 3147.730 ; gain = 0.000 ; free physical = 4826 ; free virtual = 26374

Phase 25 URAM Register Optimization
INFO: [Physopt 32-846] No candidate cells for URAM register optimization found in the design
INFO: [Physopt 32-775] End 1 Pass. Optimized 0 net or cell. Created 0 new cell, deleted 0 existing cell and moved 0 existing cell
INFO: [Physopt 32-846] No candidate cells for URAM register optimization found in the design
INFO: [Physopt 32-775] End 1 Pass. Optimized 0 net or cell. Created 0 new cell, deleted 0 existing cell and moved 0 existing cell
Phase 25 URAM Register Optimization | Checksum: 183015a59

Time (s): cpu = 00:16:27 ; elapsed = 00:04:37 . Memory (MB): peak = 3147.730 ; gain = 0.000 ; free physical = 4826 ; free virtual = 26374

Phase 26 Shift Register Optimization
INFO: [Physopt 32-1401] No candidate cells found for Shift Register optimization.
INFO: [Physopt 32-677] No candidate cells for Shift Register optimization found in the design
INFO: [Physopt 32-775] End 1 Pass. Optimized 0 net or cell. Created 0 new cell, deleted 0 existing cell and moved 0 existing cell
Phase 26 Shift Register Optimization | Checksum: 183015a59

Time (s): cpu = 00:16:27 ; elapsed = 00:04:37 . Memory (MB): peak = 3147.730 ; gain = 0.000 ; free physical = 4826 ; free virtual = 26374

Phase 27 Critical Pin Optimization
INFO: [Physopt 32-606] Identified 100 candidate nets for critical-pin optimization.
INFO: [Physopt 32-608] Optimized 30 nets.  Swapped 604 pins.
INFO: [Physopt 32-775] End 1 Pass. Optimized 30 nets or cells. Created 0 new cell, deleted 0 existing cell and moved 604 existing cells
INFO: [Physopt 32-619] Estimated Timing Summary | WNS=0.005 | TNS=0.000 |
Netlist sorting complete. Time (s): cpu = 00:00:00.02 ; elapsed = 00:00:00.02 . Memory (MB): peak = 3147.730 ; gain = 0.000 ; free physical = 4827 ; free virtual = 26375
Phase 27 Critical Pin Optimization | Checksum: 183015a59

Time (s): cpu = 00:16:30 ; elapsed = 00:04:38 . Memory (MB): peak = 3147.730 ; gain = 0.000 ; free physical = 4826 ; free virtual = 26375

Phase 28 Very High Fanout Optimization
INFO: [Physopt 32-1132] Very high fanout net 'rv64im72f_6sp/ex_mem_register/MEM_alu_result_reg[63]_0[10]_repN' is not considered as a candidate in VHFN optimization. The fanout considered for this optimization is changed from 534 to 243 due to a timing constraint or macro primitives that prevent optimization on all of the loads. To force replication, set the FORCE_MAX_FANOUT property on the net to a number less than 243.
INFO: [Physopt 32-1132] Very high fanout net 'rv64im72f_6sp/ex_mem_register/MEM_alu_result_reg[63]_0[10]_repN_10' is not considered as a candidate in VHFN optimization. The fanout considered for this optimization is changed from 803 to 196 due to a timing constraint or macro primitives that prevent optimization on all of the loads. To force replication, set the FORCE_MAX_FANOUT property on the net to a number less than 196.
INFO: [Physopt 32-1132] Very high fanout net 'rv64im72f_6sp/ex_mem_register/MEM_alu_result_reg[63]_0[10]_repN_13' is not considered as a candidate in VHFN optimization. The fanout considered for this optimization is changed from 295 to 240 due to a timing constraint or macro primitives that prevent optimization on all of the loads. To force replication, set the FORCE_MAX_FANOUT property on the net to a number less than 240.
INFO: [Physopt 32-1132] Very high fanout net 'rv64im72f_6sp/ex_mem_register/MEM_alu_result_reg[63]_0[10]_repN_14' is not considered as a candidate in VHFN optimization. The fanout considered for this optimization is changed from 920 to 185 due to a timing constraint or macro primitives that prevent optimization on all of the loads. To force replication, set the FORCE_MAX_FANOUT property on the net to a number less than 185.
INFO: [Physopt 32-1132] Very high fanout net 'rv64im72f_6sp/ex_mem_register/MEM_alu_result_reg[63]_0[10]_repN_16' is not considered as a candidate in VHFN optimization. The fanout considered for this optimization is changed from 990 to 199 due to a timing constraint or macro primitives that prevent optimization on all of the loads. To force replication, set the FORCE_MAX_FANOUT property on the net to a number less than 199.
INFO: [Physopt 32-1132] Very high fanout net 'rv64im72f_6sp/ex_mem_register/MEM_alu_result_reg[63]_0[10]_repN_17' is not considered as a candidate in VHFN optimization. The fanout considered for this optimization is changed from 1150 to 231 due to a timing constraint or macro primitives that prevent optimization on all of the loads. To force replication, set the FORCE_MAX_FANOUT property on the net to a number less than 231.
INFO: [Physopt 32-1132] Very high fanout net 'rv64im72f_6sp/ex_mem_register/MEM_alu_result_reg[63]_0[10]_repN_18' is not considered as a candidate in VHFN optimization. The fanout considered for this optimization is changed from 540 to 109 due to a timing constraint or macro primitives that prevent optimization on all of the loads. To force replication, set the FORCE_MAX_FANOUT property on the net to a number less than 109.
INFO: [Physopt 32-1132] Very high fanout net 'rv64im72f_6sp/ex_mem_register/MEM_alu_result_reg[63]_0[10]_repN_19' is not considered as a candidate in VHFN optimization. The fanout considered for this optimization is changed from 683 to 216 due to a timing constraint or macro primitives that prevent optimization on all of the loads. To force replication, set the FORCE_MAX_FANOUT property on the net to a number less than 216.
INFO: [Physopt 32-1132] Very high fanout net 'rv64im72f_6sp/ex_mem_register/MEM_alu_result_reg[63]_0[10]_repN_20' is not considered as a candidate in VHFN optimization. The fanout considered for this optimization is changed from 749 to 182 due to a timing constraint or macro primitives that prevent optimization on all of the loads. To force replication, set the FORCE_MAX_FANOUT property on the net to a number less than 182.
INFO: [Physopt 32-1132] Very high fanout net 'rv64im72f_6sp/ex_mem_register/MEM_alu_result_reg[63]_0[10]_repN_21' is not considered as a candidate in VHFN optimization. The fanout considered for this optimization is changed from 1159 to 236 due to a timing constraint or macro primitives that prevent optimization on all of the loads. To force replication, set the FORCE_MAX_FANOUT property on the net to a number less than 236.
INFO: [Physopt 32-1132] Very high fanout net 'rv64im72f_6sp/ex_mem_register/MEM_alu_result_reg[63]_0[10]_repN_22' is not considered as a candidate in VHFN optimization. The fanout considered for this optimization is changed from 785 to 158 due to a timing constraint or macro primitives that prevent optimization on all of the loads. To force replication, set the FORCE_MAX_FANOUT property on the net to a number less than 158.
INFO: [Physopt 32-1132] Very high fanout net 'rv64im72f_6sp/ex_mem_register/MEM_alu_result_reg[63]_0[10]_repN_23' is not considered as a candidate in VHFN optimization. The fanout considered for this optimization is changed from 615 to 124 due to a timing constraint or macro primitives that prevent optimization on all of the loads. To force replication, set the FORCE_MAX_FANOUT property on the net to a number less than 124.
INFO: [Physopt 32-1132] Very high fanout net 'rv64im72f_6sp/ex_mem_register/MEM_alu_result_reg[63]_0[10]_repN_24' is not considered as a candidate in VHFN optimization. The fanout considered for this optimization is changed from 523 to 108 due to a timing constraint or macro primitives that prevent optimization on all of the loads. To force replication, set the FORCE_MAX_FANOUT property on the net to a number less than 108.
INFO: [Physopt 32-1132] Very high fanout net 'rv64im72f_6sp/ex_mem_register/MEM_alu_result_reg[63]_0[10]_repN_5' is not considered as a candidate in VHFN optimization. The fanout considered for this optimization is changed from 278 to 139 due to a timing constraint or macro primitives that prevent optimization on all of the loads. To force replication, set the FORCE_MAX_FANOUT property on the net to a number less than 139.
INFO: [Physopt 32-1132] Very high fanout net 'rv64im72f_6sp/ex_mem_register/MEM_alu_result_reg[63]_0[10]_repN_8' is not considered as a candidate in VHFN optimization. The fanout considered for this optimization is changed from 332 to 117 due to a timing constraint or macro primitives that prevent optimization on all of the loads. To force replication, set the FORCE_MAX_FANOUT property on the net to a number less than 117.
INFO: [Physopt 32-1132] Very high fanout net 'rv64im72f_6sp/ex_mem_register/MEM_alu_result_reg[63]_0[10]_repN_9' is not considered as a candidate in VHFN optimization. The fanout considered for this optimization is changed from 525 to 126 due to a timing constraint or macro primitives that prevent optimization on all of the loads. To force replication, set the FORCE_MAX_FANOUT property on the net to a number less than 126.
INFO: [Physopt 32-1132] Very high fanout net 'rv64im72f_6sp/ex_mem_register/MEM_alu_result_reg[63]_0[3]' is not considered as a candidate in VHFN optimization. The fanout considered for this optimization is changed from 588 to 148 due to a timing constraint or macro primitives that prevent optimization on all of the loads. To force replication, set the FORCE_MAX_FANOUT property on the net to a number less than 148.
INFO: [Physopt 32-1132] Very high fanout net 'rv64im72f_6sp/ex_mem_register/MEM_alu_result_reg[63]_0[3]_repN' is not considered as a candidate in VHFN optimization. The fanout considered for this optimization is changed from 396 to 100 due to a timing constraint or macro primitives that prevent optimization on all of the loads. To force replication, set the FORCE_MAX_FANOUT property on the net to a number less than 100.
INFO: [Physopt 32-1132] Very high fanout net 'rv64im72f_6sp/ex_mem_register/MEM_alu_result_reg[63]_0[3]_repN_1' is not considered as a candidate in VHFN optimization. The fanout considered for this optimization is changed from 552 to 139 due to a timing constraint or macro primitives that prevent optimization on all of the loads. To force replication, set the FORCE_MAX_FANOUT property on the net to a number less than 139.
INFO: [Physopt 32-1132] Very high fanout net 'rv64im72f_6sp/ex_mem_register/MEM_alu_result_reg[63]_0[3]_repN_10' is not considered as a candidate in VHFN optimization. The fanout considered for this optimization is changed from 564 to 142 due to a timing constraint or macro primitives that prevent optimization on all of the loads. To force replication, set the FORCE_MAX_FANOUT property on the net to a number less than 142.
INFO: [Physopt 32-1132] Very high fanout net 'rv64im72f_6sp/ex_mem_register/MEM_alu_result_reg[63]_0[3]_repN_12' is not considered as a candidate in VHFN optimization. The fanout considered for this optimization is changed from 768 to 199 due to a timing constraint or macro primitives that prevent optimization on all of the loads. To force replication, set the FORCE_MAX_FANOUT property on the net to a number less than 199.
INFO: [Physopt 32-1132] Very high fanout net 'rv64im72f_6sp/ex_mem_register/MEM_alu_result_reg[63]_0[3]_repN_2' is not considered as a candidate in VHFN optimization. The fanout considered for this optimization is changed from 456 to 115 due to a timing constraint or macro primitives that prevent optimization on all of the loads. To force replication, set the FORCE_MAX_FANOUT property on the net to a number less than 115.
INFO: [Physopt 32-1132] Very high fanout net 'rv64im72f_6sp/ex_mem_register/MEM_alu_result_reg[63]_0[3]_repN_3' is not considered as a candidate in VHFN optimization. The fanout considered for this optimization is changed from 732 to 187 due to a timing constraint or macro primitives that prevent optimization on all of the loads. To force replication, set the FORCE_MAX_FANOUT property on the net to a number less than 187.
INFO: [Physopt 32-1132] Very high fanout net 'rv64im72f_6sp/ex_mem_register/MEM_alu_result_reg[63]_0[3]_repN_4' is not considered as a candidate in VHFN optimization. The fanout considered for this optimization is changed from 806 to 207 due to a timing constraint or macro primitives that prevent optimization on all of the loads. To force replication, set the FORCE_MAX_FANOUT property on the net to a number less than 207.
INFO: [Physopt 32-1132] Very high fanout net 'rv64im72f_6sp/ex_mem_register/MEM_alu_result_reg[63]_0[3]_repN_5' is not considered as a candidate in VHFN optimization. The fanout considered for this optimization is changed from 880 to 221 due to a timing constraint or macro primitives that prevent optimization on all of the loads. To force replication, set the FORCE_MAX_FANOUT property on the net to a number less than 221.
INFO: [Physopt 32-1132] Very high fanout net 'rv64im72f_6sp/ex_mem_register/MEM_alu_result_reg[63]_0[3]_repN_6' is not considered as a candidate in VHFN optimization. The fanout considered for this optimization is changed from 572 to 144 due to a timing constraint or macro primitives that prevent optimization on all of the loads. To force replication, set the FORCE_MAX_FANOUT property on the net to a number less than 144.
INFO: [Physopt 32-1132] Very high fanout net 'rv64im72f_6sp/ex_mem_register/MEM_alu_result_reg[63]_0[3]_repN_7' is not considered as a candidate in VHFN optimization. The fanout considered for this optimization is changed from 516 to 130 due to a timing constraint or macro primitives that prevent optimization on all of the loads. To force replication, set the FORCE_MAX_FANOUT property on the net to a number less than 130.
INFO: [Physopt 32-1132] Very high fanout net 'rv64im72f_6sp/ex_mem_register/MEM_alu_result_reg[63]_0[3]_repN_8' is not considered as a candidate in VHFN optimization. The fanout considered for this optimization is changed from 547 to 140 due to a timing constraint or macro primitives that prevent optimization on all of the loads. To force replication, set the FORCE_MAX_FANOUT property on the net to a number less than 140.
INFO: [Physopt 32-1132] Very high fanout net 'rv64im72f_6sp/ex_mem_register/MEM_alu_result_reg[63]_0[3]_repN_9' is not considered as a candidate in VHFN optimization. The fanout considered for this optimization is changed from 780 to 211 due to a timing constraint or macro primitives that prevent optimization on all of the loads. To force replication, set the FORCE_MAX_FANOUT property on the net to a number less than 211.
INFO: [Physopt 32-1132] Very high fanout net 'rv64im72f_6sp/ex_mem_register/MEM_alu_result_reg[63]_0[4]_repN_1' is not considered as a candidate in VHFN optimization. The fanout considered for this optimization is changed from 342 to 190 due to a timing constraint or macro primitives that prevent optimization on all of the loads. To force replication, set the FORCE_MAX_FANOUT property on the net to a number less than 190.
INFO: [Physopt 32-1132] Very high fanout net 'rv64im72f_6sp/ex_mem_register/MEM_alu_result_reg[63]_0[4]_repN_11' is not considered as a candidate in VHFN optimization. The fanout considered for this optimization is changed from 792 to 250 due to a timing constraint or macro primitives that prevent optimization on all of the loads. To force replication, set the FORCE_MAX_FANOUT property on the net to a number less than 250.
INFO: [Physopt 32-1132] Very high fanout net 'rv64im72f_6sp/ex_mem_register/MEM_alu_result_reg[63]_0[4]_repN_12' is not considered as a candidate in VHFN optimization. The fanout considered for this optimization is changed from 564 to 142 due to a timing constraint or macro primitives that prevent optimization on all of the loads. To force replication, set the FORCE_MAX_FANOUT property on the net to a number less than 142.
INFO: [Physopt 32-1132] Very high fanout net 'rv64im72f_6sp/ex_mem_register/MEM_alu_result_reg[63]_0[4]_repN_15' is not considered as a candidate in VHFN optimization. The fanout considered for this optimization is changed from 267 to 106 due to a timing constraint or macro primitives that prevent optimization on all of the loads. To force replication, set the FORCE_MAX_FANOUT property on the net to a number less than 106.
INFO: [Physopt 32-1132] Very high fanout net 'rv64im72f_6sp/ex_mem_register/MEM_alu_result_reg[63]_0[4]_repN_16' is not considered as a candidate in VHFN optimization. The fanout considered for this optimization is changed from 568 to 143 due to a timing constraint or macro primitives that prevent optimization on all of the loads. To force replication, set the FORCE_MAX_FANOUT property on the net to a number less than 143.
INFO: [Physopt 32-1132] Very high fanout net 'rv64im72f_6sp/ex_mem_register/MEM_alu_result_reg[63]_0[4]_repN_18' is not considered as a candidate in VHFN optimization. The fanout considered for this optimization is changed from 324 to 166 due to a timing constraint or macro primitives that prevent optimization on all of the loads. To force replication, set the FORCE_MAX_FANOUT property on the net to a number less than 166.
INFO: [Physopt 32-1132] Very high fanout net 'rv64im72f_6sp/ex_mem_register/MEM_alu_result_reg[63]_0[4]_repN_2' is not considered as a candidate in VHFN optimization. The fanout considered for this optimization is changed from 876 to 223 due to a timing constraint or macro primitives that prevent optimization on all of the loads. To force replication, set the FORCE_MAX_FANOUT property on the net to a number less than 223.
INFO: [Physopt 32-1132] Very high fanout net 'rv64im72f_6sp/ex_mem_register/MEM_alu_result_reg[63]_0[4]_repN_21' is not considered as a candidate in VHFN optimization. The fanout considered for this optimization is changed from 383 to 135 due to a timing constraint or macro primitives that prevent optimization on all of the loads. To force replication, set the FORCE_MAX_FANOUT property on the net to a number less than 135.
INFO: [Physopt 32-1132] Very high fanout net 'rv64im72f_6sp/ex_mem_register/MEM_alu_result_reg[63]_0[4]_repN_22' is not considered as a candidate in VHFN optimization. The fanout considered for this optimization is changed from 276 to 70 due to a timing constraint or macro primitives that prevent optimization on all of the loads. To force replication, set the FORCE_MAX_FANOUT property on the net to a number less than 70.
INFO: [Physopt 32-1132] Very high fanout net 'rv64im72f_6sp/ex_mem_register/MEM_alu_result_reg[63]_0[4]_repN_23' is not considered as a candidate in VHFN optimization. The fanout considered for this optimization is changed from 335 to 150 due to a timing constraint or macro primitives that prevent optimization on all of the loads. To force replication, set the FORCE_MAX_FANOUT property on the net to a number less than 150.
INFO: [Physopt 32-1132] Very high fanout net 'rv64im72f_6sp/ex_mem_register/MEM_alu_result_reg[63]_0[4]_repN_3' is not considered as a candidate in VHFN optimization. The fanout considered for this optimization is changed from 992 to 249 due to a timing constraint or macro primitives that prevent optimization on all of the loads. To force replication, set the FORCE_MAX_FANOUT property on the net to a number less than 249.
INFO: [Physopt 32-1132] Very high fanout net 'rv64im72f_6sp/ex_mem_register/MEM_alu_result_reg[63]_0[4]_repN_4' is not considered as a candidate in VHFN optimization. The fanout considered for this optimization is changed from 258 to 151 due to a timing constraint or macro primitives that prevent optimization on all of the loads. To force replication, set the FORCE_MAX_FANOUT property on the net to a number less than 151.
INFO: [Physopt 32-1132] Very high fanout net 'rv64im72f_6sp/ex_mem_register/MEM_alu_result_reg[63]_0[4]_repN_5' is not considered as a candidate in VHFN optimization. The fanout considered for this optimization is changed from 708 to 178 due to a timing constraint or macro primitives that prevent optimization on all of the loads. To force replication, set the FORCE_MAX_FANOUT property on the net to a number less than 178.
INFO: [Physopt 32-1132] Very high fanout net 'rv64im72f_6sp/ex_mem_register/MEM_alu_result_reg[63]_0[4]_repN_6' is not considered as a candidate in VHFN optimization. The fanout considered for this optimization is changed from 492 to 124 due to a timing constraint or macro primitives that prevent optimization on all of the loads. To force replication, set the FORCE_MAX_FANOUT property on the net to a number less than 124.
INFO: [Physopt 32-1132] Very high fanout net 'rv64im72f_6sp/ex_mem_register/MEM_alu_result_reg[63]_0[4]_repN_7' is not considered as a candidate in VHFN optimization. The fanout considered for this optimization is changed from 784 to 197 due to a timing constraint or macro primitives that prevent optimization on all of the loads. To force replication, set the FORCE_MAX_FANOUT property on the net to a number less than 197.
INFO: [Physopt 32-1132] Very high fanout net 'rv64im72f_6sp/ex_mem_register/MEM_alu_result_reg[63]_0[5]_repN_11' is not considered as a candidate in VHFN optimization. The fanout considered for this optimization is changed from 636 to 160 due to a timing constraint or macro primitives that prevent optimization on all of the loads. To force replication, set the FORCE_MAX_FANOUT property on the net to a number less than 160.
INFO: [Physopt 32-1132] Very high fanout net 'rv64im72f_6sp/ex_mem_register/MEM_alu_result_reg[63]_0[5]_repN_12' is not considered as a candidate in VHFN optimization. The fanout considered for this optimization is changed from 350 to 189 due to a timing constraint or macro primitives that prevent optimization on all of the loads. To force replication, set the FORCE_MAX_FANOUT property on the net to a number less than 189.
INFO: [Physopt 32-1132] Very high fanout net 'rv64im72f_6sp/ex_mem_register/MEM_alu_result_reg[63]_0[5]_repN_13' is not considered as a candidate in VHFN optimization. The fanout considered for this optimization is changed from 628 to 158 due to a timing constraint or macro primitives that prevent optimization on all of the loads. To force replication, set the FORCE_MAX_FANOUT property on the net to a number less than 158.
INFO: [Physopt 32-1132] Very high fanout net 'rv64im72f_6sp/ex_mem_register/MEM_alu_result_reg[63]_0[5]_repN_14' is not considered as a candidate in VHFN optimization. The fanout considered for this optimization is changed from 436 to 110 due to a timing constraint or macro primitives that prevent optimization on all of the loads. To force replication, set the FORCE_MAX_FANOUT property on the net to a number less than 110.
INFO: [Physopt 32-1132] Very high fanout net 'rv64im72f_6sp/ex_mem_register/MEM_alu_result_reg[63]_0[5]_repN_15' is not considered as a candidate in VHFN optimization. The fanout considered for this optimization is changed from 916 to 233 due to a timing constraint or macro primitives that prevent optimization on all of the loads. To force replication, set the FORCE_MAX_FANOUT property on the net to a number less than 233.
INFO: [Physopt 32-1132] Very high fanout net 'rv64im72f_6sp/ex_mem_register/MEM_alu_result_reg[63]_0[5]_repN_16' is not considered as a candidate in VHFN optimization. The fanout considered for this optimization is changed from 512 to 129 due to a timing constraint or macro primitives that prevent optimization on all of the loads. To force replication, set the FORCE_MAX_FANOUT property on the net to a number less than 129.
INFO: [Physopt 32-1132] Very high fanout net 'rv64im72f_6sp/ex_mem_register/MEM_alu_result_reg[63]_0[5]_repN_17' is not considered as a candidate in VHFN optimization. The fanout considered for this optimization is changed from 744 to 187 due to a timing constraint or macro primitives that prevent optimization on all of the loads. To force replication, set the FORCE_MAX_FANOUT property on the net to a number less than 187.
INFO: [Physopt 32-1132] Very high fanout net 'rv64im72f_6sp/ex_mem_register/MEM_alu_result_reg[63]_0[5]_repN_19' is not considered as a candidate in VHFN optimization. The fanout considered for this optimization is changed from 592 to 149 due to a timing constraint or macro primitives that prevent optimization on all of the loads. To force replication, set the FORCE_MAX_FANOUT property on the net to a number less than 149.
INFO: [Physopt 32-1132] Very high fanout net 'rv64im72f_6sp/ex_mem_register/MEM_alu_result_reg[63]_0[5]_repN_20' is not considered as a candidate in VHFN optimization. The fanout considered for this optimization is changed from 544 to 137 due to a timing constraint or macro primitives that prevent optimization on all of the loads. To force replication, set the FORCE_MAX_FANOUT property on the net to a number less than 137.
INFO: [Physopt 32-1132] Very high fanout net 'rv64im72f_6sp/ex_mem_register/MEM_alu_result_reg[63]_0[5]_repN_21' is not considered as a candidate in VHFN optimization. The fanout considered for this optimization is changed from 280 to 119 due to a timing constraint or macro primitives that prevent optimization on all of the loads. To force replication, set the FORCE_MAX_FANOUT property on the net to a number less than 119.
INFO: [Physopt 32-1132] Very high fanout net 'rv64im72f_6sp/ex_mem_register/MEM_alu_result_reg[63]_0[5]_repN_22' is not considered as a candidate in VHFN optimization. The fanout considered for this optimization is changed from 799 to 233 due to a timing constraint or macro primitives that prevent optimization on all of the loads. To force replication, set the FORCE_MAX_FANOUT property on the net to a number less than 233.
INFO: [Physopt 32-1132] Very high fanout net 'rv64im72f_6sp/ex_mem_register/MEM_alu_result_reg[63]_0[5]_repN_23' is not considered as a candidate in VHFN optimization. The fanout considered for this optimization is changed from 771 to 244 due to a timing constraint or macro primitives that prevent optimization on all of the loads. To force replication, set the FORCE_MAX_FANOUT property on the net to a number less than 244.
INFO: [Physopt 32-1132] Very high fanout net 'rv64im72f_6sp/ex_mem_register/MEM_alu_result_reg[63]_0[5]_repN_24' is not considered as a candidate in VHFN optimization. The fanout considered for this optimization is changed from 357 to 172 due to a timing constraint or macro primitives that prevent optimization on all of the loads. To force replication, set the FORCE_MAX_FANOUT property on the net to a number less than 172.
INFO: [Physopt 32-1132] Very high fanout net 'rv64im72f_6sp/ex_mem_register/MEM_alu_result_reg[63]_0[5]_repN_25' is not considered as a candidate in VHFN optimization. The fanout considered for this optimization is changed from 402 to 154 due to a timing constraint or macro primitives that prevent optimization on all of the loads. To force replication, set the FORCE_MAX_FANOUT property on the net to a number less than 154.
INFO: [Physopt 32-1132] Very high fanout net 'rv64im72f_6sp/ex_mem_register/MEM_alu_result_reg[63]_0[5]_repN_26' is not considered as a candidate in VHFN optimization. The fanout considered for this optimization is changed from 276 to 70 due to a timing constraint or macro primitives that prevent optimization on all of the loads. To force replication, set the FORCE_MAX_FANOUT property on the net to a number less than 70.
INFO: [Physopt 32-1132] Very high fanout net 'rv64im72f_6sp/ex_mem_register/MEM_alu_result_reg[63]_0[5]_repN_7' is not considered as a candidate in VHFN optimization. The fanout considered for this optimization is changed from 366 to 214 due to a timing constraint or macro primitives that prevent optimization on all of the loads. To force replication, set the FORCE_MAX_FANOUT property on the net to a number less than 214.
INFO: [Physopt 32-1132] Very high fanout net 'rv64im72f_6sp/ex_mem_register/MEM_alu_result_reg[63]_0[5]_repN_9' is not considered as a candidate in VHFN optimization. The fanout considered for this optimization is changed from 285 to 178 due to a timing constraint or macro primitives that prevent optimization on all of the loads. To force replication, set the FORCE_MAX_FANOUT property on the net to a number less than 178.
INFO: [Physopt 32-1132] Very high fanout net 'rv64im72f_6sp/ex_mem_register/MEM_alu_result_reg[63]_0[6]' is not considered as a candidate in VHFN optimization. The fanout considered for this optimization is changed from 564 to 142 due to a timing constraint or macro primitives that prevent optimization on all of the loads. To force replication, set the FORCE_MAX_FANOUT property on the net to a number less than 142.
INFO: [Physopt 32-1132] Very high fanout net 'rv64im72f_6sp/ex_mem_register/MEM_alu_result_reg[63]_0[6]_repN_1' is not considered as a candidate in VHFN optimization. The fanout considered for this optimization is changed from 748 to 197 due to a timing constraint or macro primitives that prevent optimization on all of the loads. To force replication, set the FORCE_MAX_FANOUT property on the net to a number less than 197.
INFO: [Physopt 32-1132] Very high fanout net 'rv64im72f_6sp/ex_mem_register/MEM_alu_result_reg[63]_0[6]_repN_10' is not considered as a candidate in VHFN optimization. The fanout considered for this optimization is changed from 881 to 222 due to a timing constraint or macro primitives that prevent optimization on all of the loads. To force replication, set the FORCE_MAX_FANOUT property on the net to a number less than 222.
INFO: [Physopt 32-1132] Very high fanout net 'rv64im72f_6sp/ex_mem_register/MEM_alu_result_reg[63]_0[6]_repN_12' is not considered as a candidate in VHFN optimization. The fanout considered for this optimization is changed from 538 to 161 due to a timing constraint or macro primitives that prevent optimization on all of the loads. To force replication, set the FORCE_MAX_FANOUT property on the net to a number less than 161.
INFO: [Physopt 32-1132] Very high fanout net 'rv64im72f_6sp/ex_mem_register/MEM_alu_result_reg[63]_0[6]_repN_13' is not considered as a candidate in VHFN optimization. The fanout considered for this optimization is changed from 876 to 247 due to a timing constraint or macro primitives that prevent optimization on all of the loads. To force replication, set the FORCE_MAX_FANOUT property on the net to a number less than 247.
INFO: [Physopt 32-1132] Very high fanout net 'rv64im72f_6sp/ex_mem_register/MEM_alu_result_reg[63]_0[6]_repN_2' is not considered as a candidate in VHFN optimization. The fanout considered for this optimization is changed from 636 to 160 due to a timing constraint or macro primitives that prevent optimization on all of the loads. To force replication, set the FORCE_MAX_FANOUT property on the net to a number less than 160.
INFO: [Physopt 32-1132] Very high fanout net 'rv64im72f_6sp/ex_mem_register/MEM_alu_result_reg[63]_0[6]_repN_3' is not considered as a candidate in VHFN optimization. The fanout considered for this optimization is changed from 512 to 129 due to a timing constraint or macro primitives that prevent optimization on all of the loads. To force replication, set the FORCE_MAX_FANOUT property on the net to a number less than 129.
INFO: [Physopt 32-1132] Very high fanout net 'rv64im72f_6sp/ex_mem_register/MEM_alu_result_reg[63]_0[6]_repN_4' is not considered as a candidate in VHFN optimization. The fanout considered for this optimization is changed from 793 to 212 due to a timing constraint or macro primitives that prevent optimization on all of the loads. To force replication, set the FORCE_MAX_FANOUT property on the net to a number less than 212.
INFO: [Physopt 32-1132] Very high fanout net 'rv64im72f_6sp/ex_mem_register/MEM_alu_result_reg[63]_0[6]_repN_5' is not considered as a candidate in VHFN optimization. The fanout considered for this optimization is changed from 776 to 195 due to a timing constraint or macro primitives that prevent optimization on all of the loads. To force replication, set the FORCE_MAX_FANOUT property on the net to a number less than 195.
INFO: [Physopt 32-1132] Very high fanout net 'rv64im72f_6sp/ex_mem_register/MEM_alu_result_reg[63]_0[6]_repN_6' is not considered as a candidate in VHFN optimization. The fanout considered for this optimization is changed from 359 to 111 due to a timing constraint or macro primitives that prevent optimization on all of the loads. To force replication, set the FORCE_MAX_FANOUT property on the net to a number less than 111.
INFO: [Physopt 32-1132] Very high fanout net 'rv64im72f_6sp/ex_mem_register/MEM_alu_result_reg[63]_0[6]_repN_7' is not considered as a candidate in VHFN optimization. The fanout considered for this optimization is changed from 572 to 144 due to a timing constraint or macro primitives that prevent optimization on all of the loads. To force replication, set the FORCE_MAX_FANOUT property on the net to a number less than 144.
INFO: [Physopt 32-1132] Very high fanout net 'rv64im72f_6sp/ex_mem_register/MEM_alu_result_reg[63]_0[6]_repN_8' is not considered as a candidate in VHFN optimization. The fanout considered for this optimization is changed from 436 to 110 due to a timing constraint or macro primitives that prevent optimization on all of the loads. To force replication, set the FORCE_MAX_FANOUT property on the net to a number less than 110.
INFO: [Physopt 32-1132] Very high fanout net 'rv64im72f_6sp/ex_mem_register/MEM_alu_result_reg[63]_0[6]_repN_9' is not considered as a candidate in VHFN optimization. The fanout considered for this optimization is changed from 628 to 158 due to a timing constraint or macro primitives that prevent optimization on all of the loads. To force replication, set the FORCE_MAX_FANOUT property on the net to a number less than 158.
INFO: [Physopt 32-1132] Very high fanout net 'rv64im72f_6sp/ex_mem_register/MEM_alu_result_reg[63]_0[7]' is not considered as a candidate in VHFN optimization. The fanout considered for this optimization is changed from 788 to 207 due to a timing constraint or macro primitives that prevent optimization on all of the loads. To force replication, set the FORCE_MAX_FANOUT property on the net to a number less than 207.
INFO: [Physopt 32-1132] Very high fanout net 'rv64im72f_6sp/ex_mem_register/MEM_alu_result_reg[63]_0[7]_repN' is not considered as a candidate in VHFN optimization. The fanout considered for this optimization is changed from 512 to 129 due to a timing constraint or macro primitives that prevent optimization on all of the loads. To force replication, set the FORCE_MAX_FANOUT property on the net to a number less than 129.
INFO: [Physopt 32-1132] Very high fanout net 'rv64im72f_6sp/ex_mem_register/MEM_alu_result_reg[63]_0[7]_repN_10' is not considered as a candidate in VHFN optimization. The fanout considered for this optimization is changed from 538 to 161 due to a timing constraint or macro primitives that prevent optimization on all of the loads. To force replication, set the FORCE_MAX_FANOUT property on the net to a number less than 161.
INFO: [Physopt 32-1132] Very high fanout net 'rv64im72f_6sp/ex_mem_register/MEM_alu_result_reg[63]_0[7]_repN_11' is not considered as a candidate in VHFN optimization. The fanout considered for this optimization is changed from 564 to 142 due to a timing constraint or macro primitives that prevent optimization on all of the loads. To force replication, set the FORCE_MAX_FANOUT property on the net to a number less than 142.
INFO: [Physopt 32-1132] Very high fanout net 'rv64im72f_6sp/ex_mem_register/MEM_alu_result_reg[63]_0[7]_repN_12' is not considered as a candidate in VHFN optimization. The fanout considered for this optimization is changed from 348 to 100 due to a timing constraint or macro primitives that prevent optimization on all of the loads. To force replication, set the FORCE_MAX_FANOUT property on the net to a number less than 100.
INFO: [Physopt 32-1132] Very high fanout net 'rv64im72f_6sp/ex_mem_register/MEM_alu_result_reg[63]_0[7]_repN_2' is not considered as a candidate in VHFN optimization. The fanout considered for this optimization is changed from 436 to 110 due to a timing constraint or macro primitives that prevent optimization on all of the loads. To force replication, set the FORCE_MAX_FANOUT property on the net to a number less than 110.
INFO: [Physopt 32-1132] Very high fanout net 'rv64im72f_6sp/ex_mem_register/MEM_alu_result_reg[63]_0[7]_repN_3' is not considered as a candidate in VHFN optimization. The fanout considered for this optimization is changed from 880 to 221 due to a timing constraint or macro primitives that prevent optimization on all of the loads. To force replication, set the FORCE_MAX_FANOUT property on the net to a number less than 221.
INFO: [Physopt 32-1132] Very high fanout net 'rv64im72f_6sp/ex_mem_register/MEM_alu_result_reg[63]_0[7]_repN_4' is not considered as a candidate in VHFN optimization. The fanout considered for this optimization is changed from 869 to 240 due to a timing constraint or macro primitives that prevent optimization on all of the loads. To force replication, set the FORCE_MAX_FANOUT property on the net to a number less than 240.
INFO: [Physopt 32-1132] Very high fanout net 'rv64im72f_6sp/ex_mem_register/MEM_alu_result_reg[63]_0[7]_repN_5' is not considered as a candidate in VHFN optimization. The fanout considered for this optimization is changed from 636 to 160 due to a timing constraint or macro primitives that prevent optimization on all of the loads. To force replication, set the FORCE_MAX_FANOUT property on the net to a number less than 160.
INFO: [Physopt 32-1132] Very high fanout net 'rv64im72f_6sp/ex_mem_register/MEM_alu_result_reg[63]_0[7]_repN_6' is not considered as a candidate in VHFN optimization. The fanout considered for this optimization is changed from 745 to 194 due to a timing constraint or macro primitives that prevent optimization on all of the loads. To force replication, set the FORCE_MAX_FANOUT property on the net to a number less than 194.
INFO: [Physopt 32-1132] Very high fanout net 'rv64im72f_6sp/ex_mem_register/MEM_alu_result_reg[63]_0[7]_repN_7' is not considered as a candidate in VHFN optimization. The fanout considered for this optimization is changed from 628 to 158 due to a timing constraint or macro primitives that prevent optimization on all of the loads. To force replication, set the FORCE_MAX_FANOUT property on the net to a number less than 158.
INFO: [Physopt 32-1132] Very high fanout net 'rv64im72f_6sp/ex_mem_register/MEM_alu_result_reg[63]_0[7]_repN_8' is not considered as a candidate in VHFN optimization. The fanout considered for this optimization is changed from 776 to 195 due to a timing constraint or macro primitives that prevent optimization on all of the loads. To force replication, set the FORCE_MAX_FANOUT property on the net to a number less than 195.
INFO: [Physopt 32-1132] Very high fanout net 'rv64im72f_6sp/ex_mem_register/MEM_alu_result_reg[63]_0[7]_repN_9' is not considered as a candidate in VHFN optimization. The fanout considered for this optimization is changed from 572 to 144 due to a timing constraint or macro primitives that prevent optimization on all of the loads. To force replication, set the FORCE_MAX_FANOUT property on the net to a number less than 144.
INFO: [Physopt 32-1132] Very high fanout net 'rv64im72f_6sp/ex_mem_register/MEM_alu_result_reg[63]_0[8]_repN_10' is not considered as a candidate in VHFN optimization. The fanout considered for this optimization is changed from 776 to 195 due to a timing constraint or macro primitives that prevent optimization on all of the loads. To force replication, set the FORCE_MAX_FANOUT property on the net to a number less than 195.
INFO: [Physopt 32-1132] Very high fanout net 'rv64im72f_6sp/ex_mem_register/MEM_alu_result_reg[63]_0[8]_repN_12' is not considered as a candidate in VHFN optimization. The fanout considered for this optimization is changed from 564 to 142 due to a timing constraint or macro primitives that prevent optimization on all of the loads. To force replication, set the FORCE_MAX_FANOUT property on the net to a number less than 142.
INFO: [Physopt 32-1132] Very high fanout net 'rv64im72f_6sp/ex_mem_register/MEM_alu_result_reg[63]_0[8]_repN_14' is not considered as a candidate in VHFN optimization. The fanout considered for this optimization is changed from 572 to 144 due to a timing constraint or macro primitives that prevent optimization on all of the loads. To force replication, set the FORCE_MAX_FANOUT property on the net to a number less than 144.
INFO: [Physopt 32-1132] Very high fanout net 'rv64im72f_6sp/ex_mem_register/MEM_alu_result_reg[63]_0[8]_repN_15' is not considered as a candidate in VHFN optimization. The fanout considered for this optimization is changed from 504 to 190 due to a timing constraint or macro primitives that prevent optimization on all of the loads. To force replication, set the FORCE_MAX_FANOUT property on the net to a number less than 190.
INFO: [Physopt 32-1132] Very high fanout net 'rv64im72f_6sp/ex_mem_register/MEM_alu_result_reg[63]_0[8]_repN_16' is not considered as a candidate in VHFN optimization. The fanout considered for this optimization is changed from 824 to 243 due to a timing constraint or macro primitives that prevent optimization on all of the loads. To force replication, set the FORCE_MAX_FANOUT property on the net to a number less than 243.
INFO: [Physopt 32-1132] Very high fanout net 'rv64im72f_6sp/ex_mem_register/MEM_alu_result_reg[63]_0[8]_repN_17' is not considered as a candidate in VHFN optimization. The fanout considered for this optimization is changed from 555 to 205 due to a timing constraint or macro primitives that prevent optimization on all of the loads. To force replication, set the FORCE_MAX_FANOUT property on the net to a number less than 205.
INFO: [Physopt 32-1132] Very high fanout net 'rv64im72f_6sp/ex_mem_register/MEM_alu_result_reg[63]_0[8]_repN_18' is not considered as a candidate in VHFN optimization. The fanout considered for this optimization is changed from 276 to 70 due to a timing constraint or macro primitives that prevent optimization on all of the loads. To force replication, set the FORCE_MAX_FANOUT property on the net to a number less than 70.
INFO: [Physopt 32-1132] Very high fanout net 'rv64im72f_6sp/ex_mem_register/MEM_alu_result_reg[63]_0[8]_repN_2' is not considered as a candidate in VHFN optimization. The fanout considered for this optimization is changed from 884 to 225 due to a timing constraint or macro primitives that prevent optimization on all of the loads. To force replication, set the FORCE_MAX_FANOUT property on the net to a number less than 225.
INFO: [Physopt 32-1132] Very high fanout net 'rv64im72f_6sp/ex_mem_register/MEM_alu_result_reg[63]_0[8]_repN_4' is not considered as a candidate in VHFN optimization. The fanout considered for this optimization is changed from 462 to 214 due to a timing constraint or macro primitives that prevent optimization on all of the loads. To force replication, set the FORCE_MAX_FANOUT property on the net to a number less than 214.
INFO: [Physopt 32-1132] Very high fanout net 'rv64im72f_6sp/ex_mem_register/MEM_alu_result_reg[63]_0[8]_repN_5' is not considered as a candidate in VHFN optimization. The fanout considered for this optimization is changed from 628 to 158 due to a timing constraint or macro primitives that prevent optimization on all of the loads. To force replication, set the FORCE_MAX_FANOUT property on the net to a number less than 158.
INFO: [Physopt 32-1132] Very high fanout net 'rv64im72f_6sp/ex_mem_register/MEM_alu_result_reg[63]_0[8]_repN_6' is not considered as a candidate in VHFN optimization. The fanout considered for this optimization is changed from 636 to 160 due to a timing constraint or macro primitives that prevent optimization on all of the loads. To force replication, set the FORCE_MAX_FANOUT property on the net to a number less than 160.
INFO: [Physopt 32-1132] Very high fanout net 'rv64im72f_6sp/ex_mem_register/MEM_alu_result_reg[63]_0[8]_repN_7' is not considered as a candidate in VHFN optimization. The fanout considered for this optimization is changed from 795 to 244 due to a timing constraint or macro primitives that prevent optimization on all of the loads. To force replication, set the FORCE_MAX_FANOUT property on the net to a number less than 244.
INFO: [Physopt 32-1132] Very high fanout net 'rv64im72f_6sp/ex_mem_register/MEM_alu_result_reg[63]_0[8]_repN_8' is not considered as a candidate in VHFN optimization. The fanout considered for this optimization is changed from 436 to 110 due to a timing constraint or macro primitives that prevent optimization on all of the loads. To force replication, set the FORCE_MAX_FANOUT property on the net to a number less than 110.
INFO: [Common 17-14] Message 'Physopt 32-1132' appears 100 times and further instances of the messages will be disabled. Use the Tcl command set_msg_config to change the current settings.
INFO: [Physopt 32-1408] Pass 1. Identified 1 candidate net for high-fanout optimization.
INFO: [Physopt 32-232] Optimized 0 net. Created 0 new instance.
INFO: [Physopt 32-775] End 1 Pass. Optimized 0 net or cell. Created 0 new cell, deleted 0 existing cell and moved 0 existing cell
Phase 28 Very High Fanout Optimization | Checksum: 183015a59

Time (s): cpu = 00:16:30 ; elapsed = 00:04:38 . Memory (MB): peak = 3147.730 ; gain = 0.000 ; free physical = 4826 ; free virtual = 26375

Phase 29 Single Cell Placement Optimization
INFO: [Physopt 32-670] No setup violation found.  Single Cell Placement Optimization was not performed.
Netlist sorting complete. Time (s): cpu = 00:00:00.01 ; elapsed = 00:00:00.02 . Memory (MB): peak = 3147.730 ; gain = 0.000 ; free physical = 4826 ; free virtual = 26375
Phase 29 Single Cell Placement Optimization | Checksum: 183015a59

Time (s): cpu = 00:16:30 ; elapsed = 00:04:38 . Memory (MB): peak = 3147.730 ; gain = 0.000 ; free physical = 4826 ; free virtual = 26375

Phase 30 Multi Cell Placement Optimization
INFO: [Physopt 32-670] No setup violation found.  Multi Cell Placement Optimization was not performed.
Netlist sorting complete. Time (s): cpu = 00:00:00.01 ; elapsed = 00:00:00.01 . Memory (MB): peak = 3147.730 ; gain = 0.000 ; free physical = 4826 ; free virtual = 26375
Phase 30 Multi Cell Placement Optimization | Checksum: 183015a59

Time (s): cpu = 00:16:30 ; elapsed = 00:04:38 . Memory (MB): peak = 3147.730 ; gain = 0.000 ; free physical = 4826 ; free virtual = 26375

Phase 31 SLR Crossing Optimization
Phase 31 SLR Crossing Optimization | Checksum: 183015a59

Time (s): cpu = 00:16:30 ; elapsed = 00:04:38 . Memory (MB): peak = 3147.730 ; gain = 0.000 ; free physical = 4826 ; free virtual = 26375

Phase 32 Critical Path Optimization
INFO: [Physopt 32-619] Estimated Timing Summary | WNS=0.005 | TNS=0.000 |
INFO: [Physopt 32-619] Estimated Timing Summary | WNS=0.005 | TNS=0.000 |
Netlist sorting complete. Time (s): cpu = 00:00:00.02 ; elapsed = 00:00:00.01 . Memory (MB): peak = 3147.730 ; gain = 0.000 ; free physical = 4826 ; free virtual = 26375
Phase 32 Critical Path Optimization | Checksum: 183015a59

Time (s): cpu = 00:16:32 ; elapsed = 00:04:39 . Memory (MB): peak = 3147.730 ; gain = 0.000 ; free physical = 4826 ; free virtual = 26375

Phase 33 BRAM Enable Optimization
Phase 33 BRAM Enable Optimization | Checksum: 183015a59

Time (s): cpu = 00:16:32 ; elapsed = 00:04:39 . Memory (MB): peak = 3147.730 ; gain = 0.000 ; free physical = 4826 ; free virtual = 26375
INFO: [Physopt 32-960] Skip hold-fix as initial WHS does not violate hold threshold 250 ps
Netlist sorting complete. Time (s): cpu = 00:00:00.01 ; elapsed = 00:00:00.02 . Memory (MB): peak = 3147.730 ; gain = 0.000 ; free physical = 4826 ; free virtual = 26375
INFO: [Physopt 32-603] Post Physical Optimization Timing Summary | WNS=0.005 | TNS=0.000 |

Summary of Physical Synthesis Optimizations
============================================


----------------------------------------------------------------------------------------------------------------------------------------------------------------------
|  Optimization            |  WNS Gain (ns)  |  TNS Gain (ns)  |  Added Cells  |  Removed Cells  |  Optimized Cells/Nets  |  Dont Touch  |  Iterations  |  Elapsed   |
----------------------------------------------------------------------------------------------------------------------------------------------------------------------
|  Fanout                  |          0.010  |          0.010  |           10  |              0  |                     5  |           0  |           3  |  00:00:34  |
|  Single Cell Placement   |          0.073  |          0.112  |            0  |              0  |                    96  |           0  |           3  |  00:01:24  |
|  Multi Cell Placement    |          0.014  |          0.014  |            0  |              0  |                     9  |           0  |           3  |  00:01:15  |
|  Rewire                  |          0.000  |          0.000  |            0  |              0  |                    11  |           0  |           3  |  00:00:13  |
|  Critical Cell           |          0.044  |          0.044  |           13  |              0  |                    10  |           0  |           3  |  00:01:06  |
|  SLR Crossing            |          0.000  |          0.000  |            0  |              0  |                     0  |           0  |           3  |  00:00:00  |
|  DSP Register            |          0.000  |          0.000  |            0  |              0  |                     0  |           0  |           2  |  00:00:00  |
|  BRAM Register           |          0.000  |          0.000  |            0  |              0  |                     0  |           0  |           2  |  00:00:00  |
|  URAM Register           |          0.000  |          0.000  |            0  |              0  |                     0  |           0  |           2  |  00:00:00  |
|  Shift Register          |          0.000  |          0.000  |            0  |              0  |                     0  |           0  |           2  |  00:00:00  |
|  Critical Pin            |          0.065  |          0.060  |            0  |              0  |                    30  |           0  |           1  |  00:00:02  |
|  Very High Fanout        |          0.000  |          0.000  |            0  |              0  |                     0  |           0  |           1  |  00:00:00  |
|  BRAM Enable             |          0.000  |          0.000  |            0  |              0  |                     0  |           0  |           1  |  00:00:00  |
|  Critical Path           |          0.000  |          0.000  |            0  |              0  |                     0  |           0  |           1  |  00:00:00  |
|  Total                   |          0.206  |          0.239  |           23  |              0  |                   161  |           0  |          30  |  00:04:34  |
----------------------------------------------------------------------------------------------------------------------------------------------------------------------


Netlist sorting complete. Time (s): cpu = 00:00:00.01 ; elapsed = 00:00:00.01 . Memory (MB): peak = 3147.730 ; gain = 0.000 ; free physical = 4826 ; free virtual = 26375
Ending Physical Synthesis Task | Checksum: 1d6c70ff6

Time (s): cpu = 00:16:32 ; elapsed = 00:04:39 . Memory (MB): peak = 3147.730 ; gain = 0.000 ; free physical = 4826 ; free virtual = 26375
INFO: [Common 17-83] Releasing license: Implementation
1417 Infos, 0 Warnings, 0 Critical Warnings and 0 Errors encountered.
phys_opt_design completed successfully
phys_opt_design: Time (s): cpu = 00:16:58 ; elapsed = 00:04:45 . Memory (MB): peak = 3147.730 ; gain = 0.000 ; free physical = 4826 ; free virtual = 26375
INFO: [Timing 38-480] Writing timing data to binary archive.
Wrote PlaceDB: Time (s): cpu = 00:00:00 ; elapsed = 00:00:00 . Memory (MB): peak = 3147.730 ; gain = 0.000 ; free physical = 4826 ; free virtual = 26375
Wrote PulsedLatchDB: Time (s): cpu = 00:00:00 ; elapsed = 00:00:00 . Memory (MB): peak = 3147.730 ; gain = 0.000 ; free physical = 4826 ; free virtual = 26375
Writing XDEF routing.
Writing XDEF routing logical nets.
Writing XDEF routing special nets.
Wrote RouteStorage: Time (s): cpu = 00:00:00.41 ; elapsed = 00:00:00.09 . Memory (MB): peak = 3147.730 ; gain = 0.000 ; free physical = 4823 ; free virtual = 26375
Write ShapeDB Complete: Time (s): cpu = 00:00:00.53 ; elapsed = 00:00:00.11 . Memory (MB): peak = 3147.730 ; gain = 0.000 ; free physical = 4817 ; free virtual = 26372
Wrote PlaceStorage: Time (s): cpu = 00:00:02 ; elapsed = 00:00:01 . Memory (MB): peak = 3147.730 ; gain = 0.000 ; free physical = 4788 ; free virtual = 26367
Wrote Netlist Cache: Time (s): cpu = 00:00:00.04 ; elapsed = 00:00:00.03 . Memory (MB): peak = 3147.730 ; gain = 0.000 ; free physical = 4788 ; free virtual = 26370
Wrote Device Cache: Time (s): cpu = 00:00:00 ; elapsed = 00:00:00 . Memory (MB): peak = 3147.730 ; gain = 0.000 ; free physical = 4788 ; free virtual = 26371
Write Physdb Complete: Time (s): cpu = 00:00:03 ; elapsed = 00:00:01 . Memory (MB): peak = 3147.730 ; gain = 0.000 ; free physical = 4788 ; free virtual = 26371
INFO: [Common 17-1381] The checkpoint '/home/khwl/Desktop/claude_RISCOF_RV-IM100/RV-IM100/RV64s/SoCs/RV64IM_6SP/RV64IM72F_6SP.runs/impl_1/RV64IM72F5SPSoCTOP_physopt.dcp' has been generated.
Command: route_design -directive Explore -tns_cleanup
Attempting to get a license for feature 'Implementation' and/or device 'xc7a200t'
INFO: [Common 17-349] Got license for feature 'Implementation' and/or device 'xc7a200t'
INFO: [DRC 23-27] Running DRC with 8 threads
INFO: [Vivado_Tcl 4-198] DRC finished with 0 Errors
INFO: [Vivado_Tcl 4-199] Please refer to the DRC report (report_drc) for more information.


Starting Routing Task
INFO: [Route 35-270] Using Router directive 'Explore'.
INFO: [Route 35-254] Multithreading enabled for route_design using a maximum of 8 CPUs

Phase 1 Build RT Design
Checksum: PlaceDB: 5695825e ConstDB: 0 ShapeSum: cc42c72a RouteDB: 981aeb64
Post Restoration Checksum: NetGraph: 896c7430 | NumContArr: ecada6b2 | Constraints: c2a8fa9d | Timing: c2a8fa9d
Phase 1 Build RT Design | Checksum: 2fb6c101c

Time (s): cpu = 00:01:30 ; elapsed = 00:00:45 . Memory (MB): peak = 3181.914 ; gain = 0.000 ; free physical = 4767 ; free virtual = 26325

Phase 2 Router Initialization

Phase 2.1 Fix Topology Constraints
Phase 2.1 Fix Topology Constraints | Checksum: 2fb6c101c

Time (s): cpu = 00:01:30 ; elapsed = 00:00:45 . Memory (MB): peak = 3181.914 ; gain = 0.000 ; free physical = 4767 ; free virtual = 26325

Phase 2.2 Pre Route Cleanup
Phase 2.2 Pre Route Cleanup | Checksum: 2fb6c101c

Time (s): cpu = 00:01:30 ; elapsed = 00:00:45 . Memory (MB): peak = 3181.914 ; gain = 0.000 ; free physical = 4767 ; free virtual = 26325
 Number of Nodes with overlaps = 0

Phase 2.3 Update Timing
Phase 2.3 Update Timing | Checksum: 1d855437c

Time (s): cpu = 00:02:29 ; elapsed = 00:00:59 . Memory (MB): peak = 3215.172 ; gain = 33.258 ; free physical = 4699 ; free virtual = 26257
INFO: [Route 35-416] Intermediate Timing Summary | WNS=0.208  | TNS=0.000  | WHS=-0.245 | THS=-1407.501|


Phase 2.4 Soft Constraint Pins - Fast Budgeting
Phase 2.4 Soft Constraint Pins - Fast Budgeting | Checksum: 1fbd75ce9

Time (s): cpu = 00:02:37 ; elapsed = 00:01:01 . Memory (MB): peak = 3224.172 ; gain = 42.258 ; free physical = 4695 ; free virtual = 26253

Router Utilization Summary
  Global Vertical Routing Utilization    = 0 %
  Global Horizontal Routing Utilization  = 0 %
  Routable Net Status*
  *Does not include unroutable nets such as driverless and loadless.
  Run report_route_status for detailed report.
  Number of Failed Nets               = 18415
    (Failed Nets is the sum of unrouted and partially routed nets)
  Number of Unrouted Nets             = 18415
  Number of Partially Routed Nets     = 0
  Number of Node Overlaps             = 0

Phase 2 Router Initialization | Checksum: 1db292928

Time (s): cpu = 00:02:39 ; elapsed = 00:01:02 . Memory (MB): peak = 3242.648 ; gain = 60.734 ; free physical = 4671 ; free virtual = 26229

Phase 3 Global Routing
Phase 3 Global Routing | Checksum: 1db292928

Time (s): cpu = 00:02:39 ; elapsed = 00:01:02 . Memory (MB): peak = 3242.648 ; gain = 60.734 ; free physical = 4671 ; free virtual = 26229

Phase 4 Initial Routing

Phase 4.1 Initial Net Routing Pass
Phase 4.1 Initial Net Routing Pass | Checksum: 21fd9bc07

Time (s): cpu = 00:03:33 ; elapsed = 00:01:17 . Memory (MB): peak = 3273.023 ; gain = 91.109 ; free physical = 4631 ; free virtual = 26189
Phase 4 Initial Routing | Checksum: 21fd9bc07

Time (s): cpu = 00:03:34 ; elapsed = 00:01:17 . Memory (MB): peak = 3273.023 ; gain = 91.109 ; free physical = 4631 ; free virtual = 26189

Phase 5 Rip-up And Reroute

Phase 5.1 Global Iteration 0
 Number of Nodes with overlaps = 6129
 Number of Nodes with overlaps = 1266
 Number of Nodes with overlaps = 323
 Number of Nodes with overlaps = 80
 Number of Nodes with overlaps = 23
 Number of Nodes with overlaps = 4
 Number of Nodes with overlaps = 1
 Number of Nodes with overlaps = 0
INFO: [Route 35-416] Intermediate Timing Summary | WNS=-3.037 | TNS=-8137.259| WHS=N/A    | THS=N/A    |

Phase 5.1 Global Iteration 0 | Checksum: 3301b9121

Time (s): cpu = 00:05:27 ; elapsed = 00:02:19 . Memory (MB): peak = 3281.023 ; gain = 99.109 ; free physical = 4628 ; free virtual = 26186

Phase 5.2 Global Iteration 1
 Number of Nodes with overlaps = 4431
 Number of Nodes with overlaps = 3150
 Number of Nodes with overlaps = 1631
 Number of Nodes with overlaps = 812
 Number of Nodes with overlaps = 356
 Number of Nodes with overlaps = 224
 Number of Nodes with overlaps = 129
 Number of Nodes with overlaps = 54
 Number of Nodes with overlaps = 22
 Number of Nodes with overlaps = 11
 Number of Nodes with overlaps = 3
 Number of Nodes with overlaps = 2
 Number of Nodes with overlaps = 0
INFO: [Route 35-416] Intermediate Timing Summary | WNS=-1.422 | TNS=-460.923| WHS=N/A    | THS=N/A    |

Phase 5.2 Global Iteration 1 | Checksum: 2389cbd95

Time (s): cpu = 00:09:35 ; elapsed = 00:03:48 . Memory (MB): peak = 3281.023 ; gain = 99.109 ; free physical = 4618 ; free virtual = 26177

Phase 5.3 Global Iteration 2
 Number of Nodes with overlaps = 6601
 Number of Nodes with overlaps = 3534
 Number of Nodes with overlaps = 1309
 Number of Nodes with overlaps = 652
 Number of Nodes with overlaps = 258
 Number of Nodes with overlaps = 132
 Number of Nodes with overlaps = 50
 Number of Nodes with overlaps = 25
 Number of Nodes with overlaps = 15
 Number of Nodes with overlaps = 7
 Number of Nodes with overlaps = 5
 Number of Nodes with overlaps = 4
 Number of Nodes with overlaps = 3
 Number of Nodes with overlaps = 3
 Number of Nodes with overlaps = 2
 Number of Nodes with overlaps = 1
 Number of Nodes with overlaps = 2
 Number of Nodes with overlaps = 0
INFO: [Route 35-416] Intermediate Timing Summary | WNS=-1.203 | TNS=-89.113| WHS=N/A    | THS=N/A    |

Phase 5.3 Global Iteration 2 | Checksum: 1964bca34

Time (s): cpu = 00:13:54 ; elapsed = 00:05:25 . Memory (MB): peak = 3281.023 ; gain = 99.109 ; free physical = 4621 ; free virtual = 26180

Phase 5.4 Global Iteration 3
 Number of Nodes with overlaps = 4932
 Number of Nodes with overlaps = 2183
 Number of Nodes with overlaps = 1053
 Number of Nodes with overlaps = 395
 Number of Nodes with overlaps = 223
 Number of Nodes with overlaps = 127
 Number of Nodes with overlaps = 61
 Number of Nodes with overlaps = 31
 Number of Nodes with overlaps = 15
 Number of Nodes with overlaps = 8
 Number of Nodes with overlaps = 6
 Number of Nodes with overlaps = 2
 Number of Nodes with overlaps = 2
 Number of Nodes with overlaps = 1
 Number of Nodes with overlaps = 1
 Number of Nodes with overlaps = 1
 Number of Nodes with overlaps = 1
 Number of Nodes with overlaps = 1
 Number of Nodes with overlaps = 1
 Number of Nodes with overlaps = 0
INFO: [Route 35-416] Intermediate Timing Summary | WNS=-1.196 | TNS=-47.218| WHS=N/A    | THS=N/A    |

Phase 5.4 Global Iteration 3 | Checksum: 39dd9043d

Time (s): cpu = 00:17:57 ; elapsed = 00:07:00 . Memory (MB): peak = 3281.023 ; gain = 99.109 ; free physical = 4584 ; free virtual = 26153

Phase 5.5 Global Iteration 4
 Number of Nodes with overlaps = 5013
 Number of Nodes with overlaps = 2073
 Number of Nodes with overlaps = 1592
 Number of Nodes with overlaps = 432
 Number of Nodes with overlaps = 229
 Number of Nodes with overlaps = 176
 Number of Nodes with overlaps = 153
 Number of Nodes with overlaps = 97
 Number of Nodes with overlaps = 72
 Number of Nodes with overlaps = 62
 Number of Nodes with overlaps = 17
 Number of Nodes with overlaps = 3
 Number of Nodes with overlaps = 5
 Number of Nodes with overlaps = 9
 Number of Nodes with overlaps = 2
 Number of Nodes with overlaps = 1
 Number of Nodes with overlaps = 1
 Number of Nodes with overlaps = 1
 Number of Nodes with overlaps = 0
INFO: [Route 35-416] Intermediate Timing Summary | WNS=-0.934 | TNS=-15.609| WHS=N/A    | THS=N/A    |

Phase 5.5 Global Iteration 4 | Checksum: 24fd6f275

Time (s): cpu = 00:22:46 ; elapsed = 00:08:48 . Memory (MB): peak = 3281.023 ; gain = 99.109 ; free physical = 4011 ; free virtual = 25580

Phase 5.6 Global Iteration 5
 Number of Nodes with overlaps = 4020
 Number of Nodes with overlaps = 2307
 Number of Nodes with overlaps = 726
 Number of Nodes with overlaps = 260
 Number of Nodes with overlaps = 156
 Number of Nodes with overlaps = 67
 Number of Nodes with overlaps = 30
 Number of Nodes with overlaps = 16
 Number of Nodes with overlaps = 8
 Number of Nodes with overlaps = 3
 Number of Nodes with overlaps = 0
INFO: [Route 35-416] Intermediate Timing Summary | WNS=-1.414 | TNS=-39.020| WHS=N/A    | THS=N/A    |

Phase 5.6 Global Iteration 5 | Checksum: 208b1ccfb

Time (s): cpu = 00:25:45 ; elapsed = 00:09:53 . Memory (MB): peak = 3281.023 ; gain = 99.109 ; free physical = 4011 ; free virtual = 25580
Phase 5 Rip-up And Reroute | Checksum: 208b1ccfb

Time (s): cpu = 00:25:45 ; elapsed = 00:09:54 . Memory (MB): peak = 3281.023 ; gain = 99.109 ; free physical = 4011 ; free virtual = 25580

Phase 6 Delay and Skew Optimization

Phase 6.1 TNS Cleanup

Phase 6.1.1 Delay CleanUp

Phase 6.1.1.1 Update Timing
Phase 6.1.1.1 Update Timing | Checksum: 21acebf9c

Time (s): cpu = 00:25:51 ; elapsed = 00:09:55 . Memory (MB): peak = 3281.023 ; gain = 99.109 ; free physical = 4011 ; free virtual = 25580
INFO: [Route 35-416] Intermediate Timing Summary | WNS=-0.847 | TNS=-8.428 | WHS=N/A    | THS=N/A    |

 Number of Nodes with overlaps = 0

Phase 6.1.1.2 Update Timing
Phase 6.1.1.2 Update Timing | Checksum: 2314f6383

Time (s): cpu = 00:25:54 ; elapsed = 00:09:56 . Memory (MB): peak = 3281.023 ; gain = 99.109 ; free physical = 4011 ; free virtual = 25580
INFO: [Route 35-416] Intermediate Timing Summary | WNS=-0.847 | TNS=-8.428 | WHS=N/A    | THS=N/A    |

 Number of Nodes with overlaps = 0

Phase 6.1.1.3 Update Timing
Phase 6.1.1.3 Update Timing | Checksum: 232dd095b

Time (s): cpu = 00:25:57 ; elapsed = 00:09:57 . Memory (MB): peak = 3281.023 ; gain = 99.109 ; free physical = 4012 ; free virtual = 25581
INFO: [Route 35-416] Intermediate Timing Summary | WNS=-0.847 | TNS=-8.428 | WHS=N/A    | THS=N/A    |

 Number of Nodes with overlaps = 0

Phase 6.1.1.4 Update Timing
Phase 6.1.1.4 Update Timing | Checksum: 2b1dc881f

Time (s): cpu = 00:25:59 ; elapsed = 00:09:57 . Memory (MB): peak = 3281.023 ; gain = 99.109 ; free physical = 4012 ; free virtual = 25581
INFO: [Route 35-416] Intermediate Timing Summary | WNS=-0.847 | TNS=-8.428 | WHS=N/A    | THS=N/A    |

Phase 6.1.1 Delay CleanUp | Checksum: 288d0a1c7

Time (s): cpu = 00:26:00 ; elapsed = 00:09:58 . Memory (MB): peak = 3281.023 ; gain = 99.109 ; free physical = 4012 ; free virtual = 25581
Phase 6.1 TNS Cleanup | Checksum: 288d0a1c7

Time (s): cpu = 00:26:00 ; elapsed = 00:09:58 . Memory (MB): peak = 3281.023 ; gain = 99.109 ; free physical = 4012 ; free virtual = 25581

Phase 6.2 Clock Skew Optimization
Phase 6.2 Clock Skew Optimization | Checksum: 288d0a1c7

Time (s): cpu = 00:26:00 ; elapsed = 00:09:58 . Memory (MB): peak = 3281.023 ; gain = 99.109 ; free physical = 4012 ; free virtual = 25581
Phase 6 Delay and Skew Optimization | Checksum: 288d0a1c7

Time (s): cpu = 00:26:00 ; elapsed = 00:09:58 . Memory (MB): peak = 3281.023 ; gain = 99.109 ; free physical = 4012 ; free virtual = 25581

Phase 7 Post Hold Fix

Phase 7.1 Hold Fix Iter
INFO: [Route 35-416] Intermediate Timing Summary | WNS=-0.847 | TNS=-8.428 | WHS=0.100  | THS=0.000  |

Phase 7.1 Hold Fix Iter | Checksum: 2955f7d53

Time (s): cpu = 00:26:05 ; elapsed = 00:09:59 . Memory (MB): peak = 3281.023 ; gain = 99.109 ; free physical = 4012 ; free virtual = 25581
Phase 7 Post Hold Fix | Checksum: 2955f7d53

Time (s): cpu = 00:26:06 ; elapsed = 00:09:59 . Memory (MB): peak = 3281.023 ; gain = 99.109 ; free physical = 4012 ; free virtual = 25581

Phase 8 Timing Verification

Phase 8.1 Update Timing
Phase 8.1 Update Timing | Checksum: 2b35ca027

Time (s): cpu = 00:26:11 ; elapsed = 00:10:00 . Memory (MB): peak = 3281.023 ; gain = 99.109 ; free physical = 4011 ; free virtual = 25581
INFO: [Route 35-416] Intermediate Timing Summary | WNS=-0.847 | TNS=-8.428 | WHS=0.100  | THS=0.000  |

Phase 8 Timing Verification | Checksum: 2b35ca027

Time (s): cpu = 00:26:11 ; elapsed = 00:10:00 . Memory (MB): peak = 3281.023 ; gain = 99.109 ; free physical = 4011 ; free virtual = 25581

Phase 9 Route finalize

Router Utilization Summary
  Global Vertical Routing Utilization    = 5.69742 %
  Global Horizontal Routing Utilization  = 5.94177 %
  Routable Net Status*
  *Does not include unroutable nets such as driverless and loadless.
  Run report_route_status for detailed report.
  Number of Failed Nets               = 0
    (Failed Nets is the sum of unrouted and partially routed nets)
  Number of Unrouted Nets             = 0
  Number of Partially Routed Nets     = 0
  Number of Node Overlaps             = 0


--GLOBAL Congestion:
Utilization threshold used for congestion level computation: 0.85
Congestion Report
North Dir 4x4 Area, Max Cong = 93.2995%, Congestion bounded by tiles (Lower Left Tile -> Upper Right Tile):
   INT_L_X44Y74 -> INT_R_X47Y77
South Dir 1x1 Area, Max Cong = 87.3874%, Congestion bounded by tiles (Lower Left Tile -> Upper Right Tile):
   INT_R_X11Y114 -> INT_R_X11Y114
   INT_L_X26Y40 -> INT_L_X26Y40
East Dir 2x2 Area, Max Cong = 88.6029%, Congestion bounded by tiles (Lower Left Tile -> Upper Right Tile):
   INT_L_X46Y76 -> INT_R_X47Y77
West Dir 4x4 Area, Max Cong = 85.1103%, Congestion bounded by tiles (Lower Left Tile -> Upper Right Tile):
   INT_L_X44Y74 -> INT_R_X47Y77

------------------------------
Reporting congestion hotspots
------------------------------
Direction: North
----------------
Congested clusters found at Level 2
Effective congestion level: 2 Aspect Ratio: 1 Sparse Ratio: 1
Direction: South
----------------
Congested clusters found at Level 0
Effective congestion level: 0 Aspect Ratio: 1 Sparse Ratio: 1
Direction: East
----------------
Congested clusters found at Level 0
Effective congestion level: 1 Aspect Ratio: 1 Sparse Ratio: 1.25
Direction: West
----------------
Congested clusters found at Level 2
Effective congestion level: 2 Aspect Ratio: 1 Sparse Ratio: 1

Phase 9 Route finalize | Checksum: 2b35ca027

Time (s): cpu = 00:26:12 ; elapsed = 00:10:00 . Memory (MB): peak = 3281.023 ; gain = 99.109 ; free physical = 4011 ; free virtual = 25581

Phase 10 Verifying routed nets

 Verification completed successfully
Phase 10 Verifying routed nets | Checksum: 2b35ca027

Time (s): cpu = 00:26:12 ; elapsed = 00:10:00 . Memory (MB): peak = 3281.023 ; gain = 99.109 ; free physical = 4011 ; free virtual = 25581

Phase 11 Depositing Routes
Phase 11 Depositing Routes | Checksum: 2a807259b

Time (s): cpu = 00:26:16 ; elapsed = 00:10:02 . Memory (MB): peak = 3281.023 ; gain = 99.109 ; free physical = 4011 ; free virtual = 25581

Phase 12 Incr Placement Change
Netlist sorting complete. Time (s): cpu = 00:00:00.01 ; elapsed = 00:00:00.01 . Memory (MB): peak = 3281.023 ; gain = 0.000 ; free physical = 4011 ; free virtual = 25581
INFO: [Place 30-746] Post Placement Timing Summary WNS=-0.390. For the most accurate timing information please run report_timing.
Ending IncrPlace Task | Checksum: 170798abb

Time (s): cpu = 00:01:42 ; elapsed = 00:00:42 . Memory (MB): peak = 3281.023 ; gain = 0.000 ; free physical = 4013 ; free virtual = 25582
Phase 12 Incr Placement Change | Checksum: 170798abb

Time (s): cpu = 00:27:58 ; elapsed = 00:10:45 . Memory (MB): peak = 3281.023 ; gain = 99.109 ; free physical = 4013 ; free virtual = 25582

Phase 13 Build RT Design
Checksum: PlaceDB: f0f4004e ConstDB: 0 ShapeSum: 4c623f06 RouteDB: 33234b67
Post Restoration Checksum: NetGraph: 42362ef2 | NumContArr: 20397d2c | Constraints: c2a8fa9d | Timing: c2a8fa9d
Phase 13 Build RT Design | Checksum: 1e7c1a158

Time (s): cpu = 00:28:44 ; elapsed = 00:10:52 . Memory (MB): peak = 3281.023 ; gain = 99.109 ; free physical = 4006 ; free virtual = 25576

Phase 14 Router Initialization

Phase 14.1 Fix Topology Constraints
Phase 14.1 Fix Topology Constraints | Checksum: 1e7c1a158

Time (s): cpu = 00:28:45 ; elapsed = 00:10:53 . Memory (MB): peak = 3281.023 ; gain = 99.109 ; free physical = 4006 ; free virtual = 25576

Phase 14.2 Pre Route Cleanup
Phase 14.2 Pre Route Cleanup | Checksum: 1c6ee908f

Time (s): cpu = 00:28:45 ; elapsed = 00:10:53 . Memory (MB): peak = 3281.023 ; gain = 99.109 ; free physical = 4006 ; free virtual = 25576
 Number of Nodes with overlaps = 0

Phase 14.3 Update Timing
Phase 14.3 Update Timing | Checksum: 281957b88

Time (s): cpu = 00:29:45 ; elapsed = 00:11:06 . Memory (MB): peak = 3281.023 ; gain = 99.109 ; free physical = 4005 ; free virtual = 25574
INFO: [Route 35-416] Intermediate Timing Summary | WNS=-0.465 | TNS=-3.032 | WHS=-0.245 | THS=-1405.313|


Phase 14.4 Soft Constraint Pins - Fast Budgeting
Phase 14.4 Soft Constraint Pins - Fast Budgeting | Checksum: 1cdcfaf3d

Time (s): cpu = 00:29:55 ; elapsed = 00:11:08 . Memory (MB): peak = 3281.023 ; gain = 99.109 ; free physical = 4000 ; free virtual = 25570

Router Utilization Summary
  Global Vertical Routing Utilization    = 5.67896 %
  Global Horizontal Routing Utilization  = 5.911 %
  Routable Net Status*
  *Does not include unroutable nets such as driverless and loadless.
  Run report_route_status for detailed report.
  Number of Failed Nets               = 318
    (Failed Nets is the sum of unrouted and partially routed nets)
  Number of Unrouted Nets             = 101
  Number of Partially Routed Nets     = 217
  Number of Node Overlaps             = 0

Phase 14 Router Initialization | Checksum: 1cdcfaf3d

Time (s): cpu = 00:29:57 ; elapsed = 00:11:09 . Memory (MB): peak = 3281.023 ; gain = 99.109 ; free physical = 3985 ; free virtual = 25554

Phase 15 Global Routing
Phase 15 Global Routing | Checksum: 1cdcfaf3d

Time (s): cpu = 00:29:57 ; elapsed = 00:11:09 . Memory (MB): peak = 3281.023 ; gain = 99.109 ; free physical = 3985 ; free virtual = 25554

Phase 16 Initial Routing

Phase 16.1 Initial Net Routing Pass
Phase 16.1 Initial Net Routing Pass | Checksum: 1599dac83

Time (s): cpu = 00:30:00 ; elapsed = 00:11:10 . Memory (MB): peak = 3281.023 ; gain = 99.109 ; free physical = 3987 ; free virtual = 25556
Phase 16 Initial Routing | Checksum: 1599dac83

Time (s): cpu = 00:30:00 ; elapsed = 00:11:10 . Memory (MB): peak = 3281.023 ; gain = 99.109 ; free physical = 3987 ; free virtual = 25556
INFO: [Route 35-580] Design has 23 pins with tight setup and hold constraints.

The top 5 pins with tight setup and hold constraints:

+====================+====================+=====================================================================+
| Launch Setup Clock | Launch Hold Clock  | Pin                                                                 |
+====================+====================+=====================================================================+
| clk_out1_clk_wiz_0 | clk_out1_clk_wiz_0 | rv64im72f_6sp/data_memory/memory_reg_2048_2303_42_42/RAMS64E_A/ADR0 |
| clk_out1_clk_wiz_0 | clk_out1_clk_wiz_0 | rv64im72f_6sp/data_memory/memory_reg_2048_2303_42_42/RAMS64E_B/ADR0 |
| clk_out1_clk_wiz_0 | clk_out1_clk_wiz_0 | rv64im72f_6sp/data_memory/memory_reg_2048_2303_42_42/RAMS64E_B/ADR1 |
| clk_out1_clk_wiz_0 | clk_out1_clk_wiz_0 | rv64im72f_6sp/data_memory/memory_reg_2048_2303_42_42/RAMS64E_A/ADR1 |
| clk_out1_clk_wiz_0 | clk_out1_clk_wiz_0 | rv64im72f_6sp/data_memory/memory_reg_2048_2303_42_42/RAMS64E_C/ADR2 |
+--------------------+--------------------+---------------------------------------------------------------------+

File with complete list of pins: tight_setup_hold_pins.txt


Phase 17 Rip-up And Reroute

Phase 17.1 Global Iteration 0
 Number of Nodes with overlaps = 2874
 Number of Nodes with overlaps = 1706
 Number of Nodes with overlaps = 1003
 Number of Nodes with overlaps = 576
 Number of Nodes with overlaps = 369
 Number of Nodes with overlaps = 160
 Number of Nodes with overlaps = 50
 Number of Nodes with overlaps = 28
 Number of Nodes with overlaps = 16
 Number of Nodes with overlaps = 4
 Number of Nodes with overlaps = 3
 Number of Nodes with overlaps = 1
 Number of Nodes with overlaps = 1
 Number of Nodes with overlaps = 1
 Number of Nodes with overlaps = 0
INFO: [Route 35-416] Intermediate Timing Summary | WNS=-0.946 | TNS=-11.110| WHS=N/A    | THS=N/A    |

Phase 17.1 Global Iteration 0 | Checksum: 25602f844

Time (s): cpu = 00:32:14 ; elapsed = 00:12:23 . Memory (MB): peak = 3281.023 ; gain = 99.109 ; free physical = 3981 ; free virtual = 25550

Phase 17.2 Global Iteration 1
 Number of Nodes with overlaps = 4888
 Number of Nodes with overlaps = 3065
 Number of Nodes with overlaps = 2071
 Number of Nodes with overlaps = 998
 Number of Nodes with overlaps = 513
 Number of Nodes with overlaps = 252
 Number of Nodes with overlaps = 121
 Number of Nodes with overlaps = 45
 Number of Nodes with overlaps = 41
 Number of Nodes with overlaps = 20
 Number of Nodes with overlaps = 12
 Number of Nodes with overlaps = 3
 Number of Nodes with overlaps = 1
 Number of Nodes with overlaps = 1
 Number of Nodes with overlaps = 0
INFO: [Route 35-416] Intermediate Timing Summary | WNS=-1.011 | TNS=-12.821| WHS=N/A    | THS=N/A    |

Phase 17.2 Global Iteration 1 | Checksum: 26e19be9d

Time (s): cpu = 00:36:18 ; elapsed = 00:13:50 . Memory (MB): peak = 3281.023 ; gain = 99.109 ; free physical = 3973 ; free virtual = 25543
Phase 17 Rip-up And Reroute | Checksum: 26e19be9d

Time (s): cpu = 00:36:18 ; elapsed = 00:13:50 . Memory (MB): peak = 3281.023 ; gain = 99.109 ; free physical = 3973 ; free virtual = 25543

Phase 18 Delay and Skew Optimization

Phase 18.1 TNS Cleanup

Phase 18.1.1 Delay CleanUp

Phase 18.1.1.1 Update Timing
Phase 18.1.1.1 Update Timing | Checksum: 21dc6e191

Time (s): cpu = 00:36:24 ; elapsed = 00:13:52 . Memory (MB): peak = 3281.023 ; gain = 99.109 ; free physical = 3973 ; free virtual = 25543
INFO: [Route 35-416] Intermediate Timing Summary | WNS=-0.859 | TNS=-6.197 | WHS=N/A    | THS=N/A    |

 Number of Nodes with overlaps = 0

Phase 18.1.1.2 Update Timing
Phase 18.1.1.2 Update Timing | Checksum: 1ecee6876

Time (s): cpu = 00:36:27 ; elapsed = 00:13:53 . Memory (MB): peak = 3281.023 ; gain = 99.109 ; free physical = 3974 ; free virtual = 25544
INFO: [Route 35-416] Intermediate Timing Summary | WNS=-0.807 | TNS=-4.863 | WHS=N/A    | THS=N/A    |

 Number of Nodes with overlaps = 0

Phase 18.1.1.3 Update Timing
Phase 18.1.1.3 Update Timing | Checksum: 27ac959a3

Time (s): cpu = 00:36:30 ; elapsed = 00:13:54 . Memory (MB): peak = 3281.023 ; gain = 99.109 ; free physical = 3974 ; free virtual = 25544
INFO: [Route 35-416] Intermediate Timing Summary | WNS=-0.807 | TNS=-4.863 | WHS=N/A    | THS=N/A    |

 Number of Nodes with overlaps = 0

Phase 18.1.1.4 Update Timing
Phase 18.1.1.4 Update Timing | Checksum: 1e3a076a8

Time (s): cpu = 00:36:33 ; elapsed = 00:13:55 . Memory (MB): peak = 3281.023 ; gain = 99.109 ; free physical = 3974 ; free virtual = 25544
INFO: [Route 35-416] Intermediate Timing Summary | WNS=-0.807 | TNS=-4.863 | WHS=N/A    | THS=N/A    |

 Number of Nodes with overlaps = 0

Phase 18.1.1.5 Update Timing
Phase 18.1.1.5 Update Timing | Checksum: 179ba5375

Time (s): cpu = 00:36:35 ; elapsed = 00:13:56 . Memory (MB): peak = 3281.023 ; gain = 99.109 ; free physical = 3974 ; free virtual = 25544
INFO: [Route 35-416] Intermediate Timing Summary | WNS=-0.807 | TNS=-4.863 | WHS=N/A    | THS=N/A    |

 Number of Nodes with overlaps = 0

Phase 18.1.1.6 Update Timing
Phase 18.1.1.6 Update Timing | Checksum: 24888a93f

Time (s): cpu = 00:36:37 ; elapsed = 00:13:56 . Memory (MB): peak = 3281.023 ; gain = 99.109 ; free physical = 3974 ; free virtual = 25544
INFO: [Route 35-416] Intermediate Timing Summary | WNS=-0.807 | TNS=-4.863 | WHS=N/A    | THS=N/A    |

 Number of Nodes with overlaps = 0

Phase 18.1.1.7 Update Timing
Phase 18.1.1.7 Update Timing | Checksum: 28a81cc16

Time (s): cpu = 00:36:40 ; elapsed = 00:13:58 . Memory (MB): peak = 3281.023 ; gain = 99.109 ; free physical = 3974 ; free virtual = 25544
INFO: [Route 35-416] Intermediate Timing Summary | WNS=-0.807 | TNS=-4.863 | WHS=N/A    | THS=N/A    |

 Number of Nodes with overlaps = 0

Phase 18.1.1.8 Update Timing
Phase 18.1.1.8 Update Timing | Checksum: 2098c4f6d

Time (s): cpu = 00:36:43 ; elapsed = 00:13:59 . Memory (MB): peak = 3281.023 ; gain = 99.109 ; free physical = 3974 ; free virtual = 25544
INFO: [Route 35-416] Intermediate Timing Summary | WNS=-0.807 | TNS=-4.793 | WHS=N/A    | THS=N/A    |

 Number of Nodes with overlaps = 0

Phase 18.1.1.9 Update Timing
Phase 18.1.1.9 Update Timing | Checksum: 212334f72

Time (s): cpu = 00:36:46 ; elapsed = 00:14:00 . Memory (MB): peak = 3281.023 ; gain = 99.109 ; free physical = 3974 ; free virtual = 25544
INFO: [Route 35-416] Intermediate Timing Summary | WNS=-0.807 | TNS=-4.793 | WHS=N/A    | THS=N/A    |

 Number of Nodes with overlaps = 0

Phase 18.1.1.10 Update Timing
Phase 18.1.1.10 Update Timing | Checksum: 18b0bbcde

Time (s): cpu = 00:36:49 ; elapsed = 00:14:01 . Memory (MB): peak = 3281.023 ; gain = 99.109 ; free physical = 3973 ; free virtual = 25543
INFO: [Route 35-416] Intermediate Timing Summary | WNS=-0.807 | TNS=-4.793 | WHS=N/A    | THS=N/A    |

 Number of Nodes with overlaps = 0
Phase 18.1.1 Delay CleanUp | Checksum: 18c0ee595

Time (s): cpu = 00:36:51 ; elapsed = 00:14:02 . Memory (MB): peak = 3281.023 ; gain = 99.109 ; free physical = 3973 ; free virtual = 25543
Phase 18.1 TNS Cleanup | Checksum: 18c0ee595

Time (s): cpu = 00:36:52 ; elapsed = 00:14:02 . Memory (MB): peak = 3281.023 ; gain = 99.109 ; free physical = 3973 ; free virtual = 25543

Phase 18.2 Clock Skew Optimization
Phase 18.2 Clock Skew Optimization | Checksum: 18c0ee595

Time (s): cpu = 00:36:52 ; elapsed = 00:14:02 . Memory (MB): peak = 3281.023 ; gain = 99.109 ; free physical = 3973 ; free virtual = 25543
Phase 18 Delay and Skew Optimization | Checksum: 18c0ee595

Time (s): cpu = 00:36:52 ; elapsed = 00:14:02 . Memory (MB): peak = 3281.023 ; gain = 99.109 ; free physical = 3973 ; free virtual = 25543

Phase 19 Post Hold Fix

Phase 19.1 Hold Fix Iter
INFO: [Route 35-416] Intermediate Timing Summary | WNS=-0.807 | TNS=-4.793 | WHS=0.097  | THS=0.000  |

Phase 19.1 Hold Fix Iter | Checksum: 1d5381300

Time (s): cpu = 00:36:59 ; elapsed = 00:14:04 . Memory (MB): peak = 3281.023 ; gain = 99.109 ; free physical = 3973 ; free virtual = 25543
Phase 19 Post Hold Fix | Checksum: 1d5381300

Time (s): cpu = 00:36:59 ; elapsed = 00:14:04 . Memory (MB): peak = 3281.023 ; gain = 99.109 ; free physical = 3973 ; free virtual = 25543

Phase 20 Timing Verification

Phase 20.1 Update Timing
Phase 20.1 Update Timing | Checksum: 19beea848

Time (s): cpu = 00:37:05 ; elapsed = 00:14:05 . Memory (MB): peak = 3281.023 ; gain = 99.109 ; free physical = 3973 ; free virtual = 25543
INFO: [Route 35-416] Intermediate Timing Summary | WNS=-0.807 | TNS=-4.793 | WHS=0.097  | THS=0.000  |

Phase 20 Timing Verification | Checksum: 19beea848

Time (s): cpu = 00:37:06 ; elapsed = 00:14:05 . Memory (MB): peak = 3281.023 ; gain = 99.109 ; free physical = 3973 ; free virtual = 25543

Phase 21 Route finalize

Router Utilization Summary
  Global Vertical Routing Utilization    = 5.60105 %
  Global Horizontal Routing Utilization  = 5.85691 %
  Routable Net Status*
  *Does not include unroutable nets such as driverless and loadless.
  Run report_route_status for detailed report.
  Number of Failed Nets               = 0
    (Failed Nets is the sum of unrouted and partially routed nets)
  Number of Unrouted Nets             = 0
  Number of Partially Routed Nets     = 0
  Number of Node Overlaps             = 0


--GLOBAL Congestion:
Utilization threshold used for congestion level computation: 0.85
Congestion Report
North Dir 4x4 Area, Max Cong = 87.8378%, Congestion bounded by tiles (Lower Left Tile -> Upper Right Tile):
   INT_L_X44Y74 -> INT_R_X47Y77
South Dir 1x1 Area, Max Cong = 92.7928%, Congestion bounded by tiles (Lower Left Tile -> Upper Right Tile):
   INT_R_X11Y114 -> INT_R_X11Y114
   INT_L_X46Y76 -> INT_L_X46Y76
   INT_L_X26Y40 -> INT_L_X26Y40
East Dir 1x1 Area, Max Cong = 95.5882%, Congestion bounded by tiles (Lower Left Tile -> Upper Right Tile):
   INT_L_X46Y80 -> INT_L_X46Y80
   INT_L_X46Y77 -> INT_L_X46Y77
   INT_L_X46Y75 -> INT_L_X46Y75
West Dir 2x2 Area, Max Cong = 91.1765%, Congestion bounded by tiles (Lower Left Tile -> Upper Right Tile):
   INT_L_X44Y76 -> INT_R_X45Y77

------------------------------
Reporting congestion hotspots
------------------------------
Direction: North
----------------
Congested clusters found at Level 2
Effective congestion level: 2 Aspect Ratio: 1 Sparse Ratio: 1
Direction: South
----------------
Congested clusters found at Level 0
Effective congestion level: 0 Aspect Ratio: 1 Sparse Ratio: 1
Direction: East
----------------
Congested clusters found at Level 0
Effective congestion level: 0 Aspect Ratio: 1 Sparse Ratio: 1
Direction: West
----------------
Congested clusters found at Level 0
Effective congestion level: 2 Aspect Ratio: 0.833333 Sparse Ratio: 1

Phase 21 Route finalize | Checksum: 19beea848

Time (s): cpu = 00:37:06 ; elapsed = 00:14:05 . Memory (MB): peak = 3281.023 ; gain = 99.109 ; free physical = 3973 ; free virtual = 25543

Phase 22 Verifying routed nets

 Verification completed successfully
Phase 22 Verifying routed nets | Checksum: 19beea848

Time (s): cpu = 00:37:06 ; elapsed = 00:14:05 . Memory (MB): peak = 3281.023 ; gain = 99.109 ; free physical = 3973 ; free virtual = 25543

Phase 23 Depositing Routes
Phase 23 Depositing Routes | Checksum: 18a220fbd

Time (s): cpu = 00:37:10 ; elapsed = 00:14:07 . Memory (MB): peak = 3281.023 ; gain = 99.109 ; free physical = 3973 ; free virtual = 25543

Phase 24 Post Process Routing
Phase 24 Post Process Routing | Checksum: 18a220fbd

Time (s): cpu = 00:37:10 ; elapsed = 00:14:08 . Memory (MB): peak = 3281.023 ; gain = 99.109 ; free physical = 3973 ; free virtual = 25543

Phase 25 Post Router Timing
INFO: [Route 35-20] Post Routing Timing Summary | WNS=-0.796 | TNS=-2.062 | WHS=0.097  | THS=0.000  |

Phase 25 Post Router Timing | Checksum: 20dfe1868

Time (s): cpu = 00:38:01 ; elapsed = 00:14:16 . Memory (MB): peak = 3281.023 ; gain = 99.109 ; free physical = 3971 ; free virtual = 25541
WARNING: [Route 35-39] The design did not meet timing requirements. Please run report_timing_summary for detailed reports.
Resolution: Verify that the timing was met or had small violations at all previous steps (synthesis, placement, power_opt, and phys_opt). Run report_timing_summary and analyze individual timing paths.
INFO: [Route 35-253] TNS is the sum of the worst slack violation on every endpoint in the design. Review the paths with the biggest WNS violations in the timing reports and modify your constraints or your design to improve both WNS and TNS.
Total Elapsed time in route_design: 856.55 secs

Phase 26 Post-Route Event Processing
Phase 26 Post-Route Event Processing | Checksum: 11cdc9c2e

Time (s): cpu = 00:38:01 ; elapsed = 00:14:17 . Memory (MB): peak = 3281.023 ; gain = 99.109 ; free physical = 3971 ; free virtual = 25541
INFO: [Route 35-16] Router Completed Successfully
Ending Routing Task | Checksum: 11cdc9c2e

Time (s): cpu = 00:38:02 ; elapsed = 00:14:17 . Memory (MB): peak = 3281.023 ; gain = 99.109 ; free physical = 3971 ; free virtual = 25541

Routing Is Done.
INFO: [Common 17-83] Releasing license: Implementation
1459 Infos, 1 Warnings, 0 Critical Warnings and 0 Errors encountered.
route_design completed successfully
route_design: Time (s): cpu = 00:38:03 ; elapsed = 00:14:17 . Memory (MB): peak = 3281.023 ; gain = 133.293 ; free physical = 3971 ; free virtual = 25541
INFO: [Vivado 12-24828] Executing command : report_drc -file RV64IM72F5SPSoCTOP_drc_routed.rpt -pb RV64IM72F5SPSoCTOP_drc_routed.pb -rpx RV64IM72F5SPSoCTOP_drc_routed.rpx
Command: report_drc -file RV64IM72F5SPSoCTOP_drc_routed.rpt -pb RV64IM72F5SPSoCTOP_drc_routed.pb -rpx RV64IM72F5SPSoCTOP_drc_routed.rpx
INFO: [IP_Flow 19-1839] IP Catalog is up to date.
INFO: [DRC 23-27] Running DRC with 8 threads
INFO: [Vivado_Tcl 2-168] The results of DRC are in file /home/khwl/Desktop/claude_RISCOF_RV-IM100/RV-IM100/RV64s/SoCs/RV64IM_6SP/RV64IM72F_6SP.runs/impl_1/RV64IM72F5SPSoCTOP_drc_routed.rpt.
report_drc completed successfully
INFO: [Vivado 12-24828] Executing command : report_methodology -file RV64IM72F5SPSoCTOP_methodology_drc_routed.rpt -pb RV64IM72F5SPSoCTOP_methodology_drc_routed.pb -rpx RV64IM72F5SPSoCTOP_methodology_drc_routed.rpx
Command: report_methodology -file RV64IM72F5SPSoCTOP_methodology_drc_routed.rpt -pb RV64IM72F5SPSoCTOP_methodology_drc_routed.pb -rpx RV64IM72F5SPSoCTOP_methodology_drc_routed.rpx
INFO: [Timing 38-35] Done setting XDC timing constraints.
INFO: [DRC 23-133] Running Methodology with 8 threads
INFO: [Vivado_Tcl 2-1520] The results of Report Methodology are in file /home/khwl/Desktop/claude_RISCOF_RV-IM100/RV-IM100/RV64s/SoCs/RV64IM_6SP/RV64IM72F_6SP.runs/impl_1/RV64IM72F5SPSoCTOP_methodology_drc_routed.rpt.
report_methodology completed successfully
report_methodology: Time (s): cpu = 00:01:01 ; elapsed = 00:00:10 . Memory (MB): peak = 3281.023 ; gain = 0.000 ; free physical = 3967 ; free virtual = 25540
INFO: [Vivado 12-24828] Executing command : report_timing_summary -max_paths 10 -routable_nets -report_unconstrained -file RV64IM72F5SPSoCTOP_timing_summary_routed.rpt -pb RV64IM72F5SPSoCTOP_timing_summary_routed.pb -rpx RV64IM72F5SPSoCTOP_timing_summary_routed.rpx
INFO: [Timing 38-35] Done setting XDC timing constraints.
INFO: [Timing 38-91] UpdateTimingParams: Speed grade: -1, Delay Type: min_max.
INFO: [Timing 38-191] Multithreading enabled for timing update using a maximum of 8 CPUs
INFO: [Vivado 12-24838] Running report commands "report_bus_skew, report_incremental_reuse, report_route_status" in parallel.
Running report generation with 3 threads.
INFO: [Vivado 12-24828] Executing command : report_incremental_reuse -file RV64IM72F5SPSoCTOP_incremental_reuse_routed.rpt
INFO: [Vivado_Tcl 4-1062] Incremental flow is disabled. No incremental reuse Info to report.
INFO: [Vivado 12-24828] Executing command : report_bus_skew -warn_on_violation -file RV64IM72F5SPSoCTOP_bus_skew_routed.rpt -pb RV64IM72F5SPSoCTOP_bus_skew_routed.pb -rpx RV64IM72F5SPSoCTOP_bus_skew_routed.rpx
INFO: [Timing 38-91] UpdateTimingParams: Speed grade: -1, Delay Type: min_max.
INFO: [Timing 38-191] Multithreading enabled for timing update using a maximum of 8 CPUs
INFO: [Vivado 12-24828] Executing command : report_route_status -file RV64IM72F5SPSoCTOP_route_status.rpt -pb RV64IM72F5SPSoCTOP_route_status.pb
INFO: [Vivado 12-24828] Executing command : report_power -file RV64IM72F5SPSoCTOP_power_routed.rpt -pb RV64IM72F5SPSoCTOP_power_summary_routed.pb -rpx RV64IM72F5SPSoCTOP_power_routed.rpx
Command: report_power -file RV64IM72F5SPSoCTOP_power_routed.rpt -pb RV64IM72F5SPSoCTOP_power_summary_routed.pb -rpx RV64IM72F5SPSoCTOP_power_routed.rpx
Running Vector-less Activity Propagation...

Finished Running Vector-less Activity Propagation
1479 Infos, 1 Warnings, 0 Critical Warnings and 0 Errors encountered.
report_power completed successfully
report_power: Time (s): cpu = 00:00:18 ; elapsed = 00:00:07 . Memory (MB): peak = 3386.891 ; gain = 105.867 ; free physical = 3918 ; free virtual = 25500
INFO: [Vivado 12-24828] Executing command : report_clock_utilization -file RV64IM72F5SPSoCTOP_clock_utilization_routed.rpt
generate_parallel_reports: Time (s): cpu = 00:01:40 ; elapsed = 00:00:24 . Memory (MB): peak = 3386.891 ; gain = 105.867 ; free physical = 3921 ; free virtual = 25503
INFO: [Timing 38-480] Writing timing data to binary archive.
Wrote PlaceDB: Time (s): cpu = 00:00:00 ; elapsed = 00:00:00 . Memory (MB): peak = 3386.891 ; gain = 0.000 ; free physical = 3921 ; free virtual = 25503
Wrote PulsedLatchDB: Time (s): cpu = 00:00:00 ; elapsed = 00:00:00 . Memory (MB): peak = 3386.891 ; gain = 0.000 ; free physical = 3921 ; free virtual = 25503
Writing XDEF routing.
Writing XDEF routing logical nets.
Write ShapeDB Complete: Time (s): cpu = 00:00:00.65 ; elapsed = 00:00:00.13 . Memory (MB): peak = 3386.891 ; gain = 0.000 ; free physical = 3912 ; free virtual = 25502
Writing XDEF routing special nets.
Wrote RouteStorage: Time (s): cpu = 00:00:03 ; elapsed = 00:00:00.69 . Memory (MB): peak = 3386.891 ; gain = 0.000 ; free physical = 3907 ; free virtual = 25505
Wrote PlaceStorage: Time (s): cpu = 00:00:01 ; elapsed = 00:00:01 . Memory (MB): peak = 3386.891 ; gain = 0.000 ; free physical = 3888 ; free virtual = 25507
Wrote Netlist Cache: Time (s): cpu = 00:00:00.03 ; elapsed = 00:00:00.03 . Memory (MB): peak = 3386.891 ; gain = 0.000 ; free physical = 3884 ; free virtual = 25506
Wrote Device Cache: Time (s): cpu = 00:00:00.01 ; elapsed = 00:00:00 . Memory (MB): peak = 3386.891 ; gain = 0.000 ; free physical = 3884 ; free virtual = 25507
Write Physdb Complete: Time (s): cpu = 00:00:04 ; elapsed = 00:00:02 . Memory (MB): peak = 3386.891 ; gain = 0.000 ; free physical = 3884 ; free virtual = 25507
INFO: [Common 17-1381] The checkpoint '/home/khwl/Desktop/claude_RISCOF_RV-IM100/RV-IM100/RV64s/SoCs/RV64IM_6SP/RV64IM72F_6SP.runs/impl_1/RV64IM72F5SPSoCTOP_routed.dcp' has been generated.
Command: phys_opt_design -directive Explore
Attempting to get a license for feature 'Implementation' and/or device 'xc7a200t'
INFO: [Common 17-349] Got license for feature 'Implementation' and/or device 'xc7a200t'
INFO: [Vivado_Tcl 4-241] Physical synthesis in post route mode 
INFO: [Vivado_Tcl 4-137] Directive used for phys_opt_design is: Explore
INFO: [Vivado_Tcl 4-1435] PhysOpt_Tcl_Interface Runtime Before Starting Physical Synthesis Task | CPU: 1.13s |  WALL: 1.13s
INFO: [DRC 23-27] Running DRC with 8 threads
INFO: [Vivado_Tcl 4-198] DRC finished with 0 Errors
INFO: [Vivado_Tcl 4-199] Please refer to the DRC report (report_drc) for more information.
Netlist sorting complete. Time (s): cpu = 00:00:00.01 ; elapsed = 00:00:00.01 . Memory (MB): peak = 3386.891 ; gain = 0.000 ; free physical = 3912 ; free virtual = 25505

Starting Physical Synthesis Task

Phase 1 Physical Synthesis Initialization
INFO: [Physopt 32-721] Multithreading enabled for phys_opt_design using a maximum of 8 CPUs
INFO: [Physopt 32-668] Current Timing Summary | WNS=-0.796 | TNS=-2.062 | WHS=0.097 | THS=0.000 |
Phase 1 Physical Synthesis Initialization | Checksum: 109df3a06

Time (s): cpu = 00:00:30 ; elapsed = 00:00:07 . Memory (MB): peak = 3386.891 ; gain = 0.000 ; free physical = 3912 ; free virtual = 25506
WARNING: [Physopt 32-745] Physical Optimization has determined that the magnitude of the negative slack is too large and it is highly unlikely that slack will be improved. Post-Route Physical Optimization is most effective when WNS is above -0.5ns

Phase 2 Critical Path Optimization
INFO: [Physopt 32-668] Current Timing Summary | WNS=-0.796 | TNS=-2.062 | WHS=0.097 | THS=0.000 |
INFO: [Physopt 32-953] Path group WNS did not improve. Path group: clk_out1_clk_wiz_0. Processed net: rv64im72f_6sp/ex_ex2_register/EX2_alu_zero.
INFO: [Physopt 32-953] Path group WNS did not improve. Path group: clk_out1_clk_wiz_0. Processed net: clk_gen/inst/clk_out1_clk_wiz_0.
INFO: [Physopt 32-710] Processed net rv64im72f_6sp/id_ex_register/EX2_pc[11]_i_2. Critical path length was reduced through logic transformation on cell rv64im72f_6sp/id_ex_register/EX2_alu_zero_i_1_comp.
INFO: [Physopt 32-952] Improved path group WNS = -0.646. Path group: clk_out1_clk_wiz_0. Processed net: rv64im72f_6sp/id_ex_register/alu_zero.
INFO: [Physopt 32-953] Path group WNS did not improve. Path group: clk_out1_clk_wiz_0. Processed net: rv64im72f_6sp/id_ex_register/EX2_alu_zero_i_4_n_0.
INFO: [Physopt 32-953] Path group WNS did not improve. Path group: clk_out1_clk_wiz_0. Processed net: rv64im72f_6sp/alu/i___62_0[0].
INFO: [Physopt 32-953] Path group WNS did not improve. Path group: clk_out1_clk_wiz_0. Processed net: rv64im72f_6sp/alu/i___52_n_0.
INFO: [Physopt 32-953] Path group WNS did not improve. Path group: clk_out1_clk_wiz_0. Processed net: rv64im72f_6sp/id_ex_register/i___62_i_6_0[0].
INFO: [Physopt 32-953] Path group WNS did not improve. Path group: clk_out1_clk_wiz_0. Processed net: rv64im72f_6sp/id_ex_register/i___52_i_11_n_0.
INFO: [Physopt 32-710] Processed net rv64im72f_6sp/id_ex_register/i___52_i_11_n_0. Critical path length was reduced through logic transformation on cell rv64im72f_6sp/id_ex_register/i___52_i_11_comp.
INFO: [Physopt 32-952] Improved path group WNS = -0.645. Path group: clk_out1_clk_wiz_0. Processed net: rv64im72f_6sp/id_ex_register/i___52_i_19_n_0.
INFO: [Physopt 32-953] Path group WNS did not improve. Path group: clk_out1_clk_wiz_0. Processed net: rv64im72f_6sp/alu/i___51_n_0.
INFO: [Physopt 32-953] Path group WNS did not improve. Path group: clk_out1_clk_wiz_0. Processed net: rv64im72f_6sp/id_ex_register/i___62_i_6_0[4].
INFO: [Physopt 32-953] Path group WNS did not improve. Path group: clk_out1_clk_wiz_0. Processed net: rv64im72f_6sp/id_ex_register/i___51_i_8_n_0.
INFO: [Physopt 32-953] Path group WNS did not improve. Path group: clk_out1_clk_wiz_0. Processed net: rv64im72f_6sp/id_ex_register/i___51_i_15_n_0.
INFO: [Physopt 32-953] Path group WNS did not improve. Path group: clk_out1_clk_wiz_0. Processed net: rv64im72f_6sp/id_ex_register/i___50_i_32_n_0.
INFO: [Physopt 32-710] Processed net rv64im72f_6sp/id_ex_register/i___50_i_32_n_0. Critical path length was reduced through logic transformation on cell rv64im72f_6sp/id_ex_register/i___50_i_32_comp.
INFO: [Physopt 32-952] Improved path group WNS = -0.641. Path group: clk_out1_clk_wiz_0. Processed net: rv64im72f_6sp/id_ex_register/i___50_i_30_n_0.
INFO: [Physopt 32-953] Path group WNS did not improve. Path group: clk_out1_clk_wiz_0. Processed net: rv64im72f_6sp/id_ex_register/i___52_i_10_n_0.
INFO: [Physopt 32-608] Optimized 1 net.  Swapped 20 pins.
INFO: [Physopt 32-952] Improved path group WNS = -0.568. Path group: clk_out1_clk_wiz_0. Processed net: rv64im72f_6sp/id_ex_register/alu/alu_dword/data8[0].
INFO: [Physopt 32-608] Optimized 1 net.  Swapped 14 pins.
INFO: [Physopt 32-952] Improved path group WNS = -0.564. Path group: clk_out1_clk_wiz_0. Processed net: rv64im72f_6sp/alu/i___43_n_0.
INFO: [Physopt 32-608] Optimized 1 net.  Swapped 14 pins.
INFO: [Physopt 32-952] Improved path group WNS = -0.550. Path group: clk_out1_clk_wiz_0. Processed net: rv64im72f_6sp/alu/i___44_n_0.
INFO: [Physopt 32-953] Path group WNS did not improve. Path group: clk_out1_clk_wiz_0. Processed net: rv64im72f_6sp/alu/i___55_n_0.
INFO: [Physopt 32-953] Path group WNS did not improve. Path group: clk_out1_clk_wiz_0. Processed net: rv64im72f_6sp/id_ex_register/i___62_i_6_0[41].
INFO: [Physopt 32-953] Path group WNS did not improve. Path group: clk_out1_clk_wiz_0. Processed net: rv64im72f_6sp/id_ex_register/i___55_i_4_n_0.
INFO: [Physopt 32-608] Optimized 1 net.  Swapped 21 pins.
INFO: [Physopt 32-952] Improved path group WNS = -0.542. Path group: clk_out1_clk_wiz_0. Processed net: rv64im72f_6sp/id_ex_register/alu/alu_dword/data7[41].
INFO: [Physopt 32-953] Path group WNS did not improve. Path group: clk_out1_clk_wiz_0. Processed net: rv64im72f_6sp/alu/i___45_n_0.
INFO: [Physopt 32-608] Optimized 1 net.  Swapped 24 pins.
INFO: [Physopt 32-952] Improved path group WNS = -0.534. Path group: clk_out1_clk_wiz_0. Processed net: rv64im72f_6sp/id_ex_register/i___62_i_6_0[22].
INFO: [Physopt 32-953] Path group WNS did not improve. Path group: clk_out1_clk_wiz_0. Processed net: rv64im72f_6sp/alu/i___43_n_0.
INFO: [Physopt 32-953] Path group WNS did not improve. Path group: clk_out1_clk_wiz_0. Processed net: rv64im72f_6sp/id_ex_register/i___62_i_6_0[27].
INFO: [Physopt 32-710] Processed net rv64im72f_6sp/id_ex_register/i___62_i_6_0[27]. Critical path length was reduced through logic transformation on cell rv64im72f_6sp/id_ex_register/i___43_i_3_comp.
INFO: [Physopt 32-952] Improved path group WNS = -0.529. Path group: clk_out1_clk_wiz_0. Processed net: rv64im72f_6sp/id_ex_register/i___43_i_12_n_0.
INFO: [Physopt 32-953] Path group WNS did not improve. Path group: clk_out1_clk_wiz_0. Processed net: rv64im72f_6sp/id_ex_register/i___62_i_6_0[3].
INFO: [Physopt 32-953] Path group WNS did not improve. Path group: clk_out1_clk_wiz_0. Processed net: rv64im72f_6sp/id_ex_register/i___51_i_11_n_0.
INFO: [Physopt 32-710] Processed net rv64im72f_6sp/id_ex_register/i___51_i_11_n_0. Critical path length was reduced through logic transformation on cell rv64im72f_6sp/id_ex_register/i___51_i_11_comp.
INFO: [Physopt 32-952] Improved path group WNS = -0.528. Path group: clk_out1_clk_wiz_0. Processed net: rv64im72f_6sp/id_ex_register/i___51_i_23_n_0.
INFO: [Physopt 32-953] Path group WNS did not improve. Path group: clk_out1_clk_wiz_0. Processed net: rv64im72f_6sp/alu/i___60_n_0.
INFO: [Physopt 32-710] Processed net rv64im72f_6sp/alu/i___60_n_0. Critical path length was reduced through logic transformation on cell rv64im72f_6sp/alu/i___60_comp.
INFO: [Physopt 32-952] Improved path group WNS = -0.510. Path group: clk_out1_clk_wiz_0. Processed net: rv64im72f_6sp/id_ex_register/i___62_i_6_0[54].
INFO: [Physopt 32-953] Path group WNS did not improve. Path group: clk_out1_clk_wiz_0. Processed net: rv64im72f_6sp/id_ex_register/alu/alu_dword/data8[0].
INFO: [Physopt 32-608] Optimized 1 net.  Swapped 20 pins.
INFO: [Physopt 32-952] Improved path group WNS = -0.506. Path group: clk_out1_clk_wiz_0. Processed net: rv64im72f_6sp/id_ex_register/i___52_i_22_n_0.
INFO: [Physopt 32-953] Path group WNS did not improve. Path group: clk_out1_clk_wiz_0. Processed net: rv64im72f_6sp/id_ex_register/i___43_i_24_n_0.
INFO: [Physopt 32-953] Path group WNS did not improve. Path group: clk_out1_clk_wiz_0. Processed net: rv64im72f_6sp/alu/data0[27].
INFO: [Physopt 32-953] Path group WNS did not improve. Path group: clk_out1_clk_wiz_0. Processed net: rv64im72f_6sp/id_ex_register/EX_read_data1_reg[7]_0[0].
INFO: [Physopt 32-710] Processed net rv64im72f_6sp/id_ex_register/EX_read_data1_reg[7]_0[0]. Critical path length was reduced through logic transformation on cell rv64im72f_6sp/id_ex_register/i___50_i_43_comp.
INFO: [Physopt 32-952] Improved path group WNS = -0.505. Path group: clk_out1_clk_wiz_0. Processed net: rv64im72f_6sp/id_ex_register/src_A[4].
INFO: [Physopt 32-953] Path group WNS did not improve. Path group: clk_out1_clk_wiz_0. Processed net: rv64im72f_6sp/id_ex_register/src_A[4].
INFO: [Physopt 32-710] Processed net rv64im72f_6sp/id_ex_register/src_A[4]. Critical path length was reduced through logic transformation on cell rv64im72f_6sp/id_ex_register/dividend_reg[4]_i_1_comp.
INFO: [Physopt 32-952] Improved path group WNS = -0.502. Path group: clk_out1_clk_wiz_0. Processed net: rv64im72f_6sp/id_ex_register/dividend_reg[4]_i_3_n_0.
INFO: [Physopt 32-953] Path group WNS did not improve. Path group: clk_out1_clk_wiz_0. Processed net: rv64im72f_6sp/id_ex_register/i___51_i_32_n_0.
INFO: [Physopt 32-710] Processed net rv64im72f_6sp/id_ex_register/i___51_i_32_n_0. Critical path length was reduced through logic transformation on cell rv64im72f_6sp/id_ex_register/i___51_i_32_comp.
INFO: [Physopt 32-952] Improved path group WNS = -0.502. Path group: clk_out1_clk_wiz_0. Processed net: rv64im72f_6sp/id_ex_register/i___50_i_30_n_0.
INFO: [Physopt 32-953] Path group WNS did not improve. Path group: clk_out1_clk_wiz_0. Processed net: rv64im72f_6sp/alu/i___56_n_0.
INFO: [Physopt 32-953] Path group WNS did not improve. Path group: clk_out1_clk_wiz_0. Processed net: rv64im72f_6sp/id_ex_register/i___62_i_6_0[43].
INFO: [Physopt 32-953] Path group WNS did not improve. Path group: clk_out1_clk_wiz_0. Processed net: rv64im72f_6sp/id_ex_register/i___56_i_7_n_0.
INFO: [Physopt 32-953] Path group WNS did not improve. Path group: clk_out1_clk_wiz_0. Processed net: rv64im72f_6sp/id_ex_register/alu/alu_dword/data7[43].
INFO: [Physopt 32-663] Processed net rv64im72f_6sp/id_ex_register/i___56_i_30_n_0.  Re-placed instance rv64im72f_6sp/id_ex_register/i___56_i_30
INFO: [Physopt 32-952] Improved path group WNS = -0.480. Path group: clk_out1_clk_wiz_0. Processed net: rv64im72f_6sp/id_ex_register/i___56_i_30_n_0.
INFO: [Physopt 32-710] Processed net rv64im72f_6sp/alu/i___60_n_0. Critical path length was reduced through logic transformation on cell rv64im72f_6sp/alu/i___60_comp_1.
INFO: [Physopt 32-952] Improved path group WNS = -0.475. Path group: clk_out1_clk_wiz_0. Processed net: rv64im72f_6sp/id_ex_register/i___62_i_6_0[54]_repN.
INFO: [Physopt 32-953] Path group WNS did not improve. Path group: clk_out1_clk_wiz_0. Processed net: rv64im72f_6sp/alu/i___44_n_0.
INFO: [Physopt 32-953] Path group WNS did not improve. Path group: clk_out1_clk_wiz_0. Processed net: rv64im72f_6sp/id_ex_register/i___62_i_6_0[26].
INFO: [Physopt 32-953] Path group WNS did not improve. Path group: clk_out1_clk_wiz_0. Processed net: rv64im72f_6sp/id_ex_register/i___44_i_5_n_0.
INFO: [Physopt 32-710] Processed net rv64im72f_6sp/id_ex_register/i___44_i_5_n_0. Critical path length was reduced through logic transformation on cell rv64im72f_6sp/id_ex_register/i___44_i_5_comp.
INFO: [Physopt 32-952] Improved path group WNS = -0.473. Path group: clk_out1_clk_wiz_0. Processed net: rv64im72f_6sp/id_ex_register/i___44_i_15_n_0.
INFO: [Physopt 32-953] Path group WNS did not improve. Path group: clk_out1_clk_wiz_0. Processed net: rv64im72f_6sp/id_ex_register/i___43_i_10_n_0.
INFO: [Physopt 32-953] Path group WNS did not improve. Path group: clk_out1_clk_wiz_0. Processed net: rv64im72f_6sp/id_ex_register/i___43_i_17_n_0.
INFO: [Physopt 32-952] Improved path group WNS = -0.471. Path group: clk_out1_clk_wiz_0. Processed net: rv64im72f_6sp/id_ex_register/i___42_i_26_n_0.
INFO: [Physopt 32-953] Path group WNS did not improve. Path group: clk_out1_clk_wiz_0. Processed net: rv64im72f_6sp/id_ex_register/divisor_latch[3]_i_1_0[1].
INFO: [Physopt 32-710] Processed net rv64im72f_6sp/id_ex_register/divisor_latch[3]_i_1_0[1]. Critical path length was reduced through logic transformation on cell rv64im72f_6sp/id_ex_register/i___52_i_28_comp.
INFO: [Physopt 32-952] Improved path group WNS = -0.463. Path group: clk_out1_clk_wiz_0. Processed net: rv64im72f_6sp/id_ex_register/src_A[1].
INFO: [Physopt 32-953] Path group WNS did not improve. Path group: clk_out1_clk_wiz_0. Processed net: rv64im72f_6sp/id_ex_register/alu/alu_dword/data7[41].
INFO: [Physopt 32-952] Improved path group WNS = -0.442. Path group: clk_out1_clk_wiz_0. Processed net: rv64im72f_6sp/id_ex_register/i___54_i_31_n_0.
INFO: [Physopt 32-953] Path group WNS did not improve. Path group: clk_out1_clk_wiz_0. Processed net: rv64im72f_6sp/id_ex_register/i___54_i_31_n_0.
INFO: [Physopt 32-710] Processed net rv64im72f_6sp/id_ex_register/i___54_i_31_n_0. Critical path length was reduced through logic transformation on cell rv64im72f_6sp/id_ex_register/i___54_i_31_comp.
INFO: [Physopt 32-952] Improved path group WNS = -0.430. Path group: clk_out1_clk_wiz_0. Processed net: rv64im72f_6sp/id_ex_register/i___54_i_41_n_0.
INFO: [Physopt 32-953] Path group WNS did not improve. Path group: clk_out1_clk_wiz_0. Processed net: rv64im72f_6sp/alu/i___57_n_0.
INFO: [Physopt 32-953] Path group WNS did not improve. Path group: clk_out1_clk_wiz_0. Processed net: rv64im72f_6sp/id_ex_register/i___62_i_6_0[45].
INFO: [Physopt 32-953] Path group WNS did not improve. Path group: clk_out1_clk_wiz_0. Processed net: rv64im72f_6sp/id_ex_register/i___57_i_10_n_0.
INFO: [Physopt 32-953] Path group WNS did not improve. Path group: clk_out1_clk_wiz_0. Processed net: rv64im72f_6sp/id_ex_register/alu/alu_dword/data7[45].
INFO: [Physopt 32-953] Path group WNS did not improve. Path group: clk_out1_clk_wiz_0. Processed net: rv64im72f_6sp/id_ex_register/i___56_i_30_n_0.
INFO: [Physopt 32-710] Processed net rv64im72f_6sp/id_ex_register/i___56_i_30_n_0. Critical path length was reduced through logic transformation on cell rv64im72f_6sp/id_ex_register/i___56_i_30_comp.
INFO: [Physopt 32-952] Improved path group WNS = -0.424. Path group: clk_out1_clk_wiz_0. Processed net: rv64im72f_6sp/id_ex_register/i___54_i_41_n_0.
INFO: [Physopt 32-953] Path group WNS did not improve. Path group: clk_out1_clk_wiz_0. Processed net: rv64im72f_6sp/alu/i___53_n_0.
INFO: [Physopt 32-953] Path group WNS did not improve. Path group: clk_out1_clk_wiz_0. Processed net: rv64im72f_6sp/id_ex_register/i___62_i_6_0[34].
INFO: [Physopt 32-953] Path group WNS did not improve. Path group: clk_out1_clk_wiz_0. Processed net: rv64im72f_6sp/id_ex_register/i___53_i_7_n_0.
INFO: [Physopt 32-953] Path group WNS did not improve. Path group: clk_out1_clk_wiz_0. Processed net: rv64im72f_6sp/id_ex_register/alu/alu_dword/data7[34].
INFO: [Physopt 32-953] Path group WNS did not improve. Path group: clk_out1_clk_wiz_0. Processed net: rv64im72f_6sp/id_ex_register/i___53_i_28_n_0.
INFO: [Physopt 32-710] Processed net rv64im72f_6sp/id_ex_register/i___53_i_28_n_0. Critical path length was reduced through logic transformation on cell rv64im72f_6sp/id_ex_register/i___53_i_28_comp.
INFO: [Physopt 32-952] Improved path group WNS = -0.423. Path group: clk_out1_clk_wiz_0. Processed net: rv64im72f_6sp/id_ex_register/i___42_i_20_n_0_repN.
INFO: [Physopt 32-710] Processed net rv64im72f_6sp/id_ex_register/i___62_i_6_0[34]. Critical path length was reduced through logic transformation on cell rv64im72f_6sp/id_ex_register/i___53_i_2_comp.
INFO: [Physopt 32-952] Improved path group WNS = -0.423. Path group: clk_out1_clk_wiz_0. Processed net: rv64im72f_6sp/id_ex_register/i___53_i_9_n_0.
INFO: [Physopt 32-608] Optimized 1 net.  Swapped 20 pins.
INFO: [Physopt 32-952] Improved path group WNS = -0.413. Path group: clk_out1_clk_wiz_0. Processed net: rv64im72f_6sp/id_ex_register/i___43_i_12_n_0.
INFO: [Physopt 32-953] Path group WNS did not improve. Path group: clk_out1_clk_wiz_0. Processed net: rv64im72f_6sp/id_ex_register/i___62_i_6_0[25].
INFO: [Physopt 32-953] Path group WNS did not improve. Path group: clk_out1_clk_wiz_0. Processed net: rv64im72f_6sp/id_ex_register/i___44_i_8_n_0.
INFO: [Physopt 32-608] Optimized 1 net.  Swapped 21 pins.
INFO: [Physopt 32-952] Improved path group WNS = -0.411. Path group: clk_out1_clk_wiz_0. Processed net: rv64im72f_6sp/id_ex_register/i___44_i_15_n_0.
INFO: [Physopt 32-953] Path group WNS did not improve. Path group: clk_out1_clk_wiz_0. Processed net: rv64im72f_6sp/id_ex_register/i___62_i_6_0[24].
INFO: [Physopt 32-953] Path group WNS did not improve. Path group: clk_out1_clk_wiz_0. Processed net: rv64im72f_6sp/id_ex_register/i___44_i_11_n_0.
INFO: [Physopt 32-710] Processed net rv64im72f_6sp/id_ex_register/i___44_i_11_n_0. Critical path length was reduced through logic transformation on cell rv64im72f_6sp/id_ex_register/i___44_i_11_comp.
INFO: [Physopt 32-952] Improved path group WNS = -0.410. Path group: clk_out1_clk_wiz_0. Processed net: rv64im72f_6sp/id_ex_register/i___44_i_23_n_0.
INFO: [Physopt 32-953] Path group WNS did not improve. Path group: clk_out1_clk_wiz_0. Processed net: rv64im72f_6sp/id_ex_register/i___52_i_22_n_0.
INFO: [Physopt 32-710] Processed net rv64im72f_6sp/id_ex_register/i___52_i_22_n_0. Critical path length was reduced through logic transformation on cell rv64im72f_6sp/id_ex_register/i___52_i_22_comp.
INFO: [Physopt 32-952] Improved path group WNS = -0.402. Path group: clk_out1_clk_wiz_0. Processed net: rv64im72f_6sp/id_ex_register/i___51_i_27_n_0.
INFO: [Physopt 32-953] Path group WNS did not improve. Path group: clk_out1_clk_wiz_0. Processed net: rv64im72f_6sp/alu/i___54_n_0.
INFO: [Physopt 32-952] Improved path group WNS = -0.397. Path group: clk_out1_clk_wiz_0. Processed net: rv64im72f_6sp/id_ex_register/i___62_i_6_0[37].
INFO: [Physopt 32-953] Path group WNS did not improve. Path group: clk_out1_clk_wiz_0. Processed net: rv64im72f_6sp/id_ex_register/i___51_i_28_n_0.
INFO: [Physopt 32-710] Processed net rv64im72f_6sp/id_ex_register/i___51_i_28_n_0. Critical path length was reduced through logic transformation on cell rv64im72f_6sp/id_ex_register/i___51_i_28_comp.
INFO: [Physopt 32-952] Improved path group WNS = -0.392. Path group: clk_out1_clk_wiz_0. Processed net: rv64im72f_6sp/id_ex_register/i___51_i_27_n_0.
INFO: [Physopt 32-953] Path group WNS did not improve. Path group: clk_out1_clk_wiz_0. Processed net: rv64im72f_6sp/id_ex_register/EX_alu_src_B_select_reg[2]_0.
INFO: [Physopt 32-952] Improved path group WNS = -0.392. Path group: clk_out1_clk_wiz_0. Processed net: rv64im72f_6sp/ex_mem_register/alu_forward_source_data_b[1].
INFO: [Physopt 32-953] Path group WNS did not improve. Path group: clk_out1_clk_wiz_0. Processed net: rv64im72f_6sp/id_ex_register/divisor_latch[3]_i_1_0[0].
INFO: [Physopt 32-710] Processed net rv64im72f_6sp/id_ex_register/divisor_latch[3]_i_1_0[0]. Critical path length was reduced through logic transformation on cell rv64im72f_6sp/id_ex_register/i___52_i_29_comp.
INFO: [Physopt 32-952] Improved path group WNS = -0.390. Path group: clk_out1_clk_wiz_0. Processed net: rv64im72f_6sp/id_ex_register/EX_alu_src_B_select_reg[2]_1.
INFO: [Physopt 32-608] Optimized 1 net.  Swapped 10 pins.
INFO: [Physopt 32-952] Improved path group WNS = -0.389. Path group: clk_out1_clk_wiz_0. Processed net: rv64im72f_6sp/id_ex_register/EX_read_data1_reg[11]_0[0].
INFO: [Physopt 32-953] Path group WNS did not improve. Path group: clk_out1_clk_wiz_0. Processed net: rv64im72f_6sp/id_ex_register/EX_read_data1_reg[11]_0[0].
INFO: [Physopt 32-710] Processed net rv64im72f_6sp/id_ex_register/EX_read_data1_reg[11]_0[0]. Critical path length was reduced through logic transformation on cell rv64im72f_6sp/id_ex_register/i___49_i_40_comp.
INFO: [Physopt 32-952] Improved path group WNS = -0.381. Path group: clk_out1_clk_wiz_0. Processed net: rv64im72f_6sp/id_ex_register/src_A[8].
INFO: [Physopt 32-953] Path group WNS did not improve. Path group: clk_out1_clk_wiz_0. Processed net: rv64im72f_6sp/id_ex_register/i___62_i_6_0[22].
INFO: [Physopt 32-608] Optimized 1 net.  Swapped 24 pins.
INFO: [Physopt 32-952] Improved path group WNS = -0.378. Path group: clk_out1_clk_wiz_0. Processed net: rv64im72f_6sp/id_ex_register/i___45_i_8_n_0.
INFO: [Physopt 32-953] Path group WNS did not improve. Path group: clk_out1_clk_wiz_0. Processed net: rv64im72f_6sp/id_ex_register/divisor_latch[3]_i_1_0[3].
INFO: [Physopt 32-710] Processed net rv64im72f_6sp/id_ex_register/divisor_latch[3]_i_1_0[3]. Critical path length was reduced through logic transformation on cell rv64im72f_6sp/id_ex_register/i___52_i_26_comp.
INFO: [Physopt 32-952] Improved path group WNS = -0.371. Path group: clk_out1_clk_wiz_0. Processed net: rv64im72f_6sp/id_ex_register/D[3].
INFO: [Physopt 32-953] Path group WNS did not improve. Path group: clk_out1_clk_wiz_0. Processed net: rv64im72f_6sp/id_ex_register/i___53_i_37_n_0.
INFO: [Physopt 32-952] Improved path group WNS = -0.371. Path group: clk_out1_clk_wiz_0. Processed net: rv64im72f_6sp/id_ex_register/i___56_i_41_n_0.
INFO: [Physopt 32-952] Improved path group WNS = -0.370. Path group: clk_out1_clk_wiz_0. Processed net: rv64im72f_6sp/id_ex_register/i___41_i_27_n_0.
INFO: [Physopt 32-953] Path group WNS did not improve. Path group: clk_out1_clk_wiz_0. Processed net: rv64im72f_6sp/id_ex_register/i___41_i_27_n_0.
INFO: [Physopt 32-953] Path group WNS did not improve. Path group: clk_out1_clk_wiz_0. Processed net: rv64im72f_6sp/id_ex_register/i___41_i_36_n_0.
INFO: [Physopt 32-953] Path group WNS did not improve. Path group: clk_out1_clk_wiz_0. Processed net: rv64im72f_6sp/id_ex_register/i___55_i_39_n_0.
INFO: [Physopt 32-953] Path group WNS did not improve. Path group: clk_out1_clk_wiz_0. Processed net: rv64im72f_6sp/id_ex_register/EX_alu_src_B_select_reg[2]_11.
INFO: [Physopt 32-953] Path group WNS did not improve. Path group: clk_out1_clk_wiz_0. Processed net: rv64im72f_6sp/ex_mem_register/alu_forward_source_data_b[4].
INFO: [Physopt 32-953] Path group WNS did not improve. Path group: clk_out1_clk_wiz_0. Processed net: rv64im72f_6sp/ex_mem_register/MEM_forward_data_value[4].
INFO: [Physopt 32-953] Path group WNS did not improve. Path group: clk_out1_clk_wiz_0. Processed net: rv64im72f_6sp/ex_mem_register/dividend_reg[4]_i_8_n_0.
INFO: [Physopt 32-953] Path group WNS did not improve. Path group: clk_out1_clk_wiz_0. Processed net: rv64im72f_6sp/ex_mem_register/dividend_reg_reg[4]_i_13_n_0.
INFO: [Physopt 32-953] Path group WNS did not improve. Path group: clk_out1_clk_wiz_0. Processed net: rv64im72f_6sp/ex_mem_register/WB_byte_enable_logic_register_file_write_data[4]_i_4_n_0.
INFO: [Physopt 32-953] Path group WNS did not improve. Path group: clk_out1_clk_wiz_0. Processed net: rv64im72f_6sp/ex_mem_register/data_memory_read_data_muxed[60].
INFO: [Physopt 32-710] Processed net rv64im72f_6sp/ex_mem_register/data_memory_read_data_muxed[60]. Critical path length was reduced through logic transformation on cell rv64im72f_6sp/ex_mem_register/WB_byte_enable_logic_register_file_write_data[60]_i_2_comp.
INFO: [Physopt 32-952] Improved path group WNS = -0.361. Path group: clk_out1_clk_wiz_0. Processed net: rv64im72f_6sp/ex_mem_register/rom_read_data[60].
INFO: [Physopt 32-953] Path group WNS did not improve. Path group: clk_out1_clk_wiz_0. Processed net: rv64im72f_6sp/id_ex_register/EX_read_data1_reg[7]_0[1].
INFO: [Physopt 32-710] Processed net rv64im72f_6sp/id_ex_register/EX_read_data1_reg[7]_0[1]. Critical path length was reduced through logic transformation on cell rv64im72f_6sp/id_ex_register/i___50_i_42_comp.
INFO: [Physopt 32-952] Improved path group WNS = -0.357. Path group: clk_out1_clk_wiz_0. Processed net: rv64im72f_6sp/id_ex_register/src_A[5].
INFO: [Physopt 32-953] Path group WNS did not improve. Path group: clk_out1_clk_wiz_0. Processed net: rv64im72f_6sp/alu/i___41_n_0.
INFO: [Physopt 32-953] Path group WNS did not improve. Path group: clk_out1_clk_wiz_0. Processed net: rv64im72f_6sp/id_ex_register/i___62_i_6_0[31].
INFO: [Physopt 32-608] Optimized 1 net.  Swapped 24 pins.
INFO: [Physopt 32-952] Improved path group WNS = -0.347. Path group: clk_out1_clk_wiz_0. Processed net: rv64im72f_6sp/alu/i___42_i_6.
INFO: [Physopt 32-953] Path group WNS did not improve. Path group: clk_out1_clk_wiz_0. Processed net: rv64im72f_6sp/id_ex_register/EX_read_data1_reg[11]_0[3].
INFO: [Physopt 32-952] Improved path group WNS = -0.347. Path group: clk_out1_clk_wiz_0. Processed net: rv64im72f_6sp/id_ex_register/src_A[11].
INFO: [Physopt 32-710] Processed net rv64im72f_6sp/id_ex_register/EX_alu_src_B_select_reg[2]_0. Critical path length was reduced through logic transformation on cell rv64im72f_6sp/id_ex_register/i___227_i_1_comp.
INFO: [Physopt 32-952] Improved path group WNS = -0.328. Path group: clk_out1_clk_wiz_0. Processed net: rv64im72f_6sp/ex_mem_register/alu_forward_source_data_b[1].
INFO: [Physopt 32-953] Path group WNS did not improve. Path group: clk_out1_clk_wiz_0. Processed net: rv64im72f_6sp/id_ex_register/EX_read_data1_reg[11]_0[2].
INFO: [Physopt 32-710] Processed net rv64im72f_6sp/id_ex_register/EX_read_data1_reg[11]_0[2]. Critical path length was reduced through logic transformation on cell rv64im72f_6sp/id_ex_register/i___49_i_38_comp.
INFO: [Physopt 32-952] Improved path group WNS = -0.311. Path group: clk_out1_clk_wiz_0. Processed net: rv64im72f_6sp/id_ex_register/D[10].
INFO: [Physopt 32-710] Processed net rv64im72f_6sp/id_ex_register/EX_read_data1_reg[11]_0[2]. Critical path length was reduced through logic transformation on cell rv64im72f_6sp/id_ex_register/i___49_i_38_comp_1.
INFO: [Physopt 32-952] Improved path group WNS = -0.307. Path group: clk_out1_clk_wiz_0. Processed net: rv64im72f_6sp/id_ex_register/src_A[10].
INFO: [Physopt 32-953] Path group WNS did not improve. Path group: clk_out1_clk_wiz_0. Processed net: rv64im72f_6sp/id_ex_register/src_A[3].
INFO: [Physopt 32-953] Path group WNS did not improve. Path group: clk_out1_clk_wiz_0. Processed net: rv64im72f_6sp/id_ex_register/dividend_reg[3]_i_3_n_0.
INFO: [Physopt 32-953] Path group WNS did not improve. Path group: clk_out1_clk_wiz_0. Processed net: rv64im72f_6sp/ex_mem_register/MEM_forward_data_value[3].
INFO: [Physopt 32-608] Optimized 1 net.  Swapped 16 pins.
INFO: [Physopt 32-952] Improved path group WNS = -0.306. Path group: clk_out1_clk_wiz_0. Processed net: rv64im72f_6sp/ex_mem_register/dividend_reg[3]_i_8_n_0.
INFO: [Physopt 32-608] Optimized 1 net.  Swapped 23 pins.
INFO: [Physopt 32-952] Improved path group WNS = -0.295. Path group: clk_out1_clk_wiz_0. Processed net: rv64im72f_6sp/id_ex_register/i___62_i_6_0[28].
INFO: [Physopt 32-953] Path group WNS did not improve. Path group: clk_out1_clk_wiz_0. Processed net: rv64im72f_6sp/alu/i___49_n_0.
INFO: [Physopt 32-953] Path group WNS did not improve. Path group: clk_out1_clk_wiz_0. Processed net: rv64im72f_6sp/id_ex_register/i___62_i_6_0[10].
INFO: [Physopt 32-953] Path group WNS did not improve. Path group: clk_out1_clk_wiz_0. Processed net: rv64im72f_6sp/id_ex_register/i___49_i_8_n_0.
INFO: [Physopt 32-953] Path group WNS did not improve. Path group: clk_out1_clk_wiz_0. Processed net: rv64im72f_6sp/id_ex_register/i___49_i_15_n_0.
INFO: [Physopt 32-953] Path group WNS did not improve. Path group: clk_out1_clk_wiz_0. Processed net: rv64im72f_6sp/id_ex_register/i___48_i_30_n_0.
INFO: [Physopt 32-608] Optimized 1 net.  Swapped 21 pins.
INFO: [Physopt 32-952] Improved path group WNS = -0.283. Path group: clk_out1_clk_wiz_0. Processed net: rv64im72f_6sp/id_ex_register/i___45_i_48_n_0.
INFO: [Physopt 32-608] Optimized 1 net.  Swapped 16 pins.
INFO: [Physopt 32-952] Improved path group WNS = -0.278. Path group: clk_out1_clk_wiz_0. Processed net: rv64im72f_6sp/ex_mem_register/WB_byte_enable_logic_register_file_write_data[4]_i_3_n_0.
INFO: [Physopt 32-608] Optimized 1 net.  Swapped 24 pins.
INFO: [Physopt 32-952] Improved path group WNS = -0.276. Path group: clk_out1_clk_wiz_0. Processed net: rv64im72f_6sp/id_ex_register/i___44_i_7_n_0.
INFO: [Physopt 32-952] Improved path group WNS = -0.272. Path group: clk_out1_clk_wiz_0. Processed net: rv64im72f_6sp/id_ex_register/i___55_i_31_n_0.
INFO: [Physopt 32-953] Path group WNS did not improve. Path group: clk_out1_clk_wiz_0. Processed net: rv64im72f_6sp/id_ex_register/divisor_latch[3]_i_1_0[2].
INFO: [Physopt 32-710] Processed net rv64im72f_6sp/id_ex_register/divisor_latch[3]_i_1_0[2]. Critical path length was reduced through logic transformation on cell rv64im72f_6sp/id_ex_register/i___52_i_27_comp.
INFO: [Physopt 32-952] Improved path group WNS = -0.270. Path group: clk_out1_clk_wiz_0. Processed net: rv64im72f_6sp/id_ex_register/src_A[2].
INFO: [Physopt 32-608] Optimized 1 net.  Swapped 20 pins.
INFO: [Physopt 32-952] Improved path group WNS = -0.266. Path group: clk_out1_clk_wiz_0. Processed net: rv64im72f_6sp/id_ex_register/i___53_i_29_n_0.
INFO: [Physopt 32-953] Path group WNS did not improve. Path group: clk_out1_clk_wiz_0. Processed net: rv64im72f_6sp/id_ex_register/i___62_i_6_0[29].
INFO: [Physopt 32-608] Optimized 1 net.  Swapped 24 pins.
INFO: [Physopt 32-952] Improved path group WNS = -0.265. Path group: clk_out1_clk_wiz_0. Processed net: rv64im72f_6sp/id_ex_register/i___43_i_4_n_0.
INFO: [Physopt 32-953] Path group WNS did not improve. Path group: clk_out1_clk_wiz_0. Processed net: rv64im72f_6sp/id_ex_register/i___43_i_21_n_0.
INFO: [Physopt 32-953] Path group WNS did not improve. Path group: clk_out1_clk_wiz_0. Processed net: rv64im72f_6sp/id_ex_register/i___43_i_32_n_0.
INFO: [Physopt 32-608] Optimized 1 net.  Swapped 23 pins.
INFO: [Physopt 32-952] Improved path group WNS = -0.263. Path group: clk_out1_clk_wiz_0. Processed net: rv64im72f_6sp/id_ex_register/i___43_i_40_n_0.
INFO: [Physopt 32-953] Path group WNS did not improve. Path group: clk_out1_clk_wiz_0. Processed net: rv64im72f_6sp/id_ex_register/dividend_reg[5]_i_3_n_0.
INFO: [Physopt 32-953] Path group WNS did not improve. Path group: clk_out1_clk_wiz_0. Processed net: rv64im72f_6sp/ex_mem_register/MEM_forward_data_value[5].
INFO: [Physopt 32-953] Path group WNS did not improve. Path group: clk_out1_clk_wiz_0. Processed net: rv64im72f_6sp/ex_mem_register/dividend_reg[5]_i_9_n_0.
INFO: [Physopt 32-953] Path group WNS did not improve. Path group: clk_out1_clk_wiz_0. Processed net: rv64im72f_6sp/ex_mem_register/WB_byte_enable_logic_register_file_write_data[5]_i_2_n_0.
INFO: [Physopt 32-953] Path group WNS did not improve. Path group: clk_out1_clk_wiz_0. Processed net: rv64im72f_6sp/ex_mem_register/WB_byte_enable_logic_register_file_write_data[21]_i_3_n_0.
INFO: [Physopt 32-710] Processed net rv64im72f_6sp/ex_mem_register/WB_byte_enable_logic_register_file_write_data[21]_i_3_n_0. Critical path length was reduced through logic transformation on cell rv64im72f_6sp/ex_mem_register/WB_byte_enable_logic_register_file_write_data[21]_i_3_comp.
INFO: [Physopt 32-952] Improved path group WNS = -0.258. Path group: clk_out1_clk_wiz_0. Processed net: rv64im72f_6sp/ex_mem_register/data_memory_read_data_muxed[21].
INFO: [Physopt 32-952] Improved path group WNS = -0.251. Path group: clk_out1_clk_wiz_0. Processed net: rv64im72f_6sp/id_ex_register/i___42_i_10_n_0.
INFO: [Physopt 32-608] Optimized 1 net.  Swapped 21 pins.
INFO: [Physopt 32-952] Improved path group WNS = -0.247. Path group: clk_out1_clk_wiz_0. Processed net: rv64im72f_6sp/id_ex_register/i___44_i_10_n_0.
INFO: [Physopt 32-953] Path group WNS did not improve. Path group: clk_out1_clk_wiz_0. Processed net: rv64im72f_6sp/id_ex_register/i___44_i_19_n_0.
INFO: [Physopt 32-953] Path group WNS did not improve. Path group: clk_out1_clk_wiz_0. Processed net: rv64im72f_6sp/id_ex_register/i___43_i_34_n_0.
INFO: [Physopt 32-953] Path group WNS did not improve. Path group: clk_out1_clk_wiz_0. Processed net: rv64im72f_6sp/id_ex_register/i___42_i_67_n_0.
INFO: [Physopt 32-952] Improved path group WNS = -0.247. Path group: clk_out1_clk_wiz_0. Processed net: rv64im72f_6sp/id_ex_register/src_A[63].
INFO: [Physopt 32-953] Path group WNS did not improve. Path group: clk_out1_clk_wiz_0. Processed net: rv64im72f_6sp/ex_mem_register/data_memory_read_data_muxed[53].
INFO: [Physopt 32-710] Processed net rv64im72f_6sp/ex_mem_register/data_memory_read_data_muxed[53]. Critical path length was reduced through logic transformation on cell rv64im72f_6sp/ex_mem_register/WB_byte_enable_logic_register_file_write_data[53]_i_2_comp.
INFO: [Physopt 32-952] Improved path group WNS = -0.241. Path group: clk_out1_clk_wiz_0. Processed net: rv64im72f_6sp/ex_mem_register/rom_read_data[53].
INFO: [Physopt 32-710] Processed net rv64im72f_6sp/id_ex_register/EX_read_data1_reg[11]_0[3]. Critical path length was reduced through logic transformation on cell rv64im72f_6sp/id_ex_register/i___49_i_37_comp.
INFO: [Physopt 32-952] Improved path group WNS = -0.241. Path group: clk_out1_clk_wiz_0. Processed net: rv64im72f_6sp/id_ex_register/src_A[11].
INFO: [Physopt 32-953] Path group WNS did not improve. Path group: clk_out1_clk_wiz_0. Processed net: rv64im72f_6sp/id_ex_register/src_A[1].
INFO: [Common 17-14] Message 'Physopt 32-953' appears 100 times and further instances of the messages will be disabled. Use the Tcl command set_msg_config to change the current settings.
INFO: [Physopt 32-710] Processed net rv64im72f_6sp/id_ex_register/src_A[1]. Critical path length was reduced through logic transformation on cell rv64im72f_6sp/id_ex_register/dividend_reg[1]_i_1_comp.
INFO: [Physopt 32-952] Improved path group WNS = -0.236. Path group: clk_out1_clk_wiz_0. Processed net: rv64im72f_6sp/id_ex_register/dividend_reg[1]_i_3_n_0.
INFO: [Physopt 32-608] Optimized 1 net.  Swapped 20 pins.
INFO: [Physopt 32-952] Improved path group WNS = -0.230. Path group: clk_out1_clk_wiz_0. Processed net: rv64im72f_6sp/id_ex_register/i___42_i_23_n_0.
INFO: [Physopt 32-710] Processed net rv64im72f_6sp/ex_mem_register/data_memory_read_data_muxed[53]. Critical path length was reduced through logic transformation on cell rv64im72f_6sp/ex_mem_register/WB_byte_enable_logic_register_file_write_data[53]_i_2_comp_1.
INFO: [Physopt 32-952] Improved path group WNS = -0.228. Path group: clk_out1_clk_wiz_0. Processed net: rv64im72f_6sp/ex_mem_register/WB_byte_enable_logic_register_file_write_data[53]_i_4_n_0.
INFO: [Physopt 32-710] Processed net rv64im72f_6sp/id_ex_register/src_A[59]. Critical path length was reduced through logic transformation on cell rv64im72f_6sp/id_ex_register/dividend_reg[59]_i_1_comp.
INFO: [Physopt 32-952] Improved path group WNS = -0.227. Path group: clk_out1_clk_wiz_0. Processed net: rv64im72f_6sp/id_ex_register/dividend_reg[59]_i_3_n_0.
INFO: [Physopt 32-710] Processed net rv64im72f_6sp/ex_mem_register/WB_byte_enable_logic_register_file_write_data[18]_i_3_n_0. Critical path length was reduced through logic transformation on cell rv64im72f_6sp/ex_mem_register/WB_byte_enable_logic_register_file_write_data[18]_i_3_comp.
INFO: [Physopt 32-952] Improved path group WNS = -0.226. Path group: clk_out1_clk_wiz_0. Processed net: rv64im72f_6sp/ex_mem_register/data_memory_read_data_muxed[50].
INFO: [Physopt 32-710] Processed net rv64im72f_6sp/id_ex_register/i___46_i_5_n_0. Critical path length was reduced through logic transformation on cell rv64im72f_6sp/id_ex_register/i___46_i_5_comp.
INFO: [Physopt 32-952] Improved path group WNS = -0.225. Path group: clk_out1_clk_wiz_0. Processed net: rv64im72f_6sp/id_ex_register/i___45_i_24_n_0.
INFO: [Physopt 32-710] Processed net rv64im72f_6sp/id_ex_register/i___53_i_29_n_0. Critical path length was reduced through logic transformation on cell rv64im72f_6sp/id_ex_register/i___53_i_29_comp.
INFO: [Physopt 32-952] Improved path group WNS = -0.224. Path group: clk_out1_clk_wiz_0. Processed net: rv64im72f_6sp/id_ex_register/i___53_i_38_n_0.
INFO: [Physopt 32-710] Processed net rv64im72f_6sp/id_ex_register/src_A[63]. Critical path length was reduced through logic transformation on cell rv64im72f_6sp/id_ex_register/dividend_reg[63]_i_1_comp.
INFO: [Physopt 32-952] Improved path group WNS = -0.212. Path group: clk_out1_clk_wiz_0. Processed net: rv64im72f_6sp/id_ex_register/dividend_reg[63]_i_3_n_0.
INFO: [Physopt 32-710] Processed net rv64im72f_6sp/id_ex_register/src_A[10]. Critical path length was reduced through logic transformation on cell rv64im72f_6sp/id_ex_register/dividend_reg[10]_i_1_comp_2.
INFO: [Physopt 32-952] Improved path group WNS = -0.207. Path group: clk_out1_clk_wiz_0. Processed net: rv64im72f_6sp/id_ex_register/alu_forward_source_data_a[10].
INFO: [Physopt 32-668] Current Timing Summary | WNS=-0.207 | TNS=-0.207 | WHS=0.097 | THS=0.000 |
Netlist sorting complete. Time (s): cpu = 00:00:00.02 ; elapsed = 00:00:00.03 . Memory (MB): peak = 3386.891 ; gain = 0.000 ; free physical = 3572 ; free virtual = 25478
Phase 2 Critical Path Optimization | Checksum: 109df3a06

Time (s): cpu = 00:17:32 ; elapsed = 00:08:53 . Memory (MB): peak = 3386.891 ; gain = 0.000 ; free physical = 3572 ; free virtual = 25478
Netlist sorting complete. Time (s): cpu = 00:00:00.01 ; elapsed = 00:00:00.01 . Memory (MB): peak = 3386.891 ; gain = 0.000 ; free physical = 3572 ; free virtual = 25478
INFO: [Physopt 32-669] Post Physical Optimization Timing Summary | WNS=-0.207 | TNS=-0.207 | WHS=0.097 | THS=0.000 |

Summary of Physical Synthesis Optimizations
============================================


-------------------------------------------------------------------------------------------------------------------------------------------------------------
|  Optimization   |  WNS Gain (ns)  |  TNS Gain (ns)  |  Added Cells  |  Removed Cells  |  Optimized Cells/Nets  |  Dont Touch  |  Iterations  |  Elapsed   |
-------------------------------------------------------------------------------------------------------------------------------------------------------------
|  Critical Path  |          0.589  |          1.855  |            0  |              0  |                    71  |           0  |           1  |  00:08:46  |
-------------------------------------------------------------------------------------------------------------------------------------------------------------


Netlist sorting complete. Time (s): cpu = 00:00:00.01 ; elapsed = 00:00:00.01 . Memory (MB): peak = 3386.891 ; gain = 0.000 ; free physical = 3572 ; free virtual = 25478
Ending Physical Synthesis Task | Checksum: 1f58e48ca

Time (s): cpu = 00:17:33 ; elapsed = 00:08:53 . Memory (MB): peak = 3386.891 ; gain = 0.000 ; free physical = 3572 ; free virtual = 25478
INFO: [Common 17-83] Releasing license: Implementation
1728 Infos, 2 Warnings, 0 Critical Warnings and 0 Errors encountered.
phys_opt_design completed successfully
phys_opt_design: Time (s): cpu = 00:17:35 ; elapsed = 00:08:55 . Memory (MB): peak = 3386.891 ; gain = 0.000 ; free physical = 3572 ; free virtual = 25478
INFO: [Vivado 12-24828] Executing command : report_timing_summary -max_paths 10 -report_unconstrained -warn_on_violation -file RV64IM72F5SPSoCTOP_timing_summary_postroute_physopted.rpt -pb RV64IM72F5SPSoCTOP_timing_summary_postroute_physopted.pb -rpx RV64IM72F5SPSoCTOP_timing_summary_postroute_physopted.rpx
INFO: [Timing 38-91] UpdateTimingParams: Speed grade: -1, Delay Type: min_max.
INFO: [Timing 38-191] Multithreading enabled for timing update using a maximum of 8 CPUs
CRITICAL WARNING: [Timing 38-282] The design failed to meet the timing requirements. Please see the timing summary report for details on the timing violations.
report_timing_summary: Time (s): cpu = 00:00:51 ; elapsed = 00:00:08 . Memory (MB): peak = 3386.891 ; gain = 0.000 ; free physical = 3569 ; free virtual = 25477
INFO: [Vivado 12-24828] Executing command : report_bus_skew -warn_on_violation -file RV64IM72F5SPSoCTOP_bus_skew_postroute_physopted.rpt -pb RV64IM72F5SPSoCTOP_bus_skew_postroute_physopted.pb -rpx RV64IM72F5SPSoCTOP_bus_skew_postroute_physopted.rpx
INFO: [Timing 38-91] UpdateTimingParams: Speed grade: -1, Delay Type: min_max.
INFO: [Timing 38-191] Multithreading enabled for timing update using a maximum of 8 CPUs
generate_parallel_reports: Time (s): cpu = 00:00:51 ; elapsed = 00:00:09 . Memory (MB): peak = 3386.891 ; gain = 0.000 ; free physical = 3570 ; free virtual = 25477
INFO: [Timing 38-480] Writing timing data to binary archive.
Wrote PlaceDB: Time (s): cpu = 00:00:00 ; elapsed = 00:00:00 . Memory (MB): peak = 3386.891 ; gain = 0.000 ; free physical = 3570 ; free virtual = 25478
Wrote PulsedLatchDB: Time (s): cpu = 00:00:00 ; elapsed = 00:00:00 . Memory (MB): peak = 3386.891 ; gain = 0.000 ; free physical = 3570 ; free virtual = 25478
Writing XDEF routing.
Writing XDEF routing logical nets.
Write ShapeDB Complete: Time (s): cpu = 00:00:00.51 ; elapsed = 00:00:00.11 . Memory (MB): peak = 3386.891 ; gain = 0.000 ; free physical = 3564 ; free virtual = 25477
Writing XDEF routing special nets.
Wrote RouteStorage: Time (s): cpu = 00:00:03 ; elapsed = 00:00:00.61 . Memory (MB): peak = 3386.891 ; gain = 0.000 ; free physical = 3557 ; free virtual = 25480
Wrote PlaceStorage: Time (s): cpu = 00:00:01 ; elapsed = 00:00:01 . Memory (MB): peak = 3386.891 ; gain = 0.000 ; free physical = 3537 ; free virtual = 25481
Wrote Netlist Cache: Time (s): cpu = 00:00:00.03 ; elapsed = 00:00:00.03 . Memory (MB): peak = 3386.891 ; gain = 0.000 ; free physical = 3533 ; free virtual = 25480
Wrote Device Cache: Time (s): cpu = 00:00:00.01 ; elapsed = 00:00:00.01 . Memory (MB): peak = 3386.891 ; gain = 0.000 ; free physical = 3533 ; free virtual = 25480
Write Physdb Complete: Time (s): cpu = 00:00:04 ; elapsed = 00:00:02 . Memory (MB): peak = 3386.891 ; gain = 0.000 ; free physical = 3533 ; free virtual = 25481
INFO: [Common 17-1381] The checkpoint '/home/khwl/Desktop/claude_RISCOF_RV-IM100/RV-IM100/RV64s/SoCs/RV64IM_6SP/RV64IM72F_6SP.runs/impl_1/RV64IM72F5SPSoCTOP_postroute_physopt.dcp' has been generated.
INFO: [Common 17-206] Exiting Vivado at Wed Sep  9 01:48:47 2026...
