Copyright 1986-2022 Xilinx, Inc. All Rights Reserved. Copyright 2022-2025 Advanced Micro Devices, Inc. All Rights Reserved.
------------------------------------------------------------------------------------------------------------------------------------------------------------------------------------------------------------------------------------------------------------------------------------------
| Tool Version : Vivado v.2025.2 (lin64) Build 6299465 Fri Nov 14 12:34:56 MST 2025
| Date         : Wed Sep  9 01:48:44 2026
| Host         : khwl-ThinkPad-X1-Carbon-Gen-13 running 64-bit Ubuntu 24.04.4 LTS
| Command      : report_timing_summary -max_paths 10 -report_unconstrained -warn_on_violation -file RV64IM72F5SPSoCTOP_timing_summary_postroute_physopted.rpt -pb RV64IM72F5SPSoCTOP_timing_summary_postroute_physopted.pb -rpx RV64IM72F5SPSoCTOP_timing_summary_postroute_physopted.rpx
| Design       : RV64IM72F5SPSoCTOP
| Device       : 7a200t-sbg484
| Speed File   : -1  PRODUCTION 1.23 2018-06-13
| Design State : Physopt postRoute
------------------------------------------------------------------------------------------------------------------------------------------------------------------------------------------------------------------------------------------------------------------------------------------

Timing Summary Report

------------------------------------------------------------------------------------------------
| Timer Settings
| --------------
------------------------------------------------------------------------------------------------

  Enable Multi Corner Analysis               :  Yes
  Enable Pessimism Removal                   :  Yes
  Pessimism Removal Resolution               :  Nearest Common Node
  Enable Input Delay Default Clock           :  No
  Enable Preset / Clear Arcs                 :  No
  Disable Flight Delays                      :  No
  Ignore I/O Paths                           :  No
  Timing Early Launch at Borrowing Latches   :  No
  Borrow Time for Max Delay Exceptions       :  Yes
  Merge Timing Exceptions                    :  Yes
  Inter-SLR Compensation                     :  Conservative

  Corner  Analyze    Analyze    
  Name    Max Paths  Min Paths  
  ------  ---------  ---------  
  Slow    Yes        Yes        
  Fast    Yes        Yes        


------------------------------------------------------------------------------------------------
| Report Methodology
| ------------------
------------------------------------------------------------------------------------------------

Rule      Severity  Description                                                Violations  
--------  --------  ---------------------------------------------------------  ----------  
DPIR-1    Warning   Asynchronous driver check                                  623         
SYNTH-5   Warning   Mapped onto distributed RAM because of timing constraints  2048        
SYNTH-10  Warning   Wide multiplier                                            20          

Note: This report is based on the most recent report_methodology run and may not be up-to-date. Run report_methodology on the current design for the latest report.



check_timing report

Table of Contents
-----------------
1. checking no_clock (0)
2. checking constant_clock (0)
3. checking pulse_width_clock (0)
4. checking unconstrained_internal_endpoints (0)
5. checking no_input_delay (2)
6. checking no_output_delay (9)
7. checking multiple_clock (0)
8. checking generated_clocks (0)
9. checking loops (0)
10. checking partial_input_delay (0)
11. checking partial_output_delay (0)
12. checking latch_loops (0)

1. checking no_clock (0)
------------------------
 There are 0 register/latch pins with no clock.


2. checking constant_clock (0)
------------------------------
 There are 0 register/latch pins with constant_clock.


3. checking pulse_width_clock (0)
---------------------------------
 There are 0 register/latch pins which need pulse_width check


4. checking unconstrained_internal_endpoints (0)
------------------------------------------------
 There are 0 pins that are not constrained for maximum delay.

 There are 0 pins that are not constrained for maximum delay due to constant clock.


5. checking no_input_delay (2)
------------------------------
 There are 0 input ports with no input delay specified.

 There are 2 input ports with no input delay but user has a false path constraint. (MEDIUM)


6. checking no_output_delay (9)
-------------------------------
 There are 0 ports with no output delay specified.

 There are 9 ports with no output delay but user has a false path constraint (MEDIUM)

 There are 0 ports with no output delay but with a timing clock defined on it or propagating through it


7. checking multiple_clock (0)
------------------------------
 There are 0 register/latch pins with multiple clocks.


8. checking generated_clocks (0)
--------------------------------
 There are 0 generated clocks that are not connected to a clock source.


9. checking loops (0)
---------------------
 There are 0 combinational loops in the design.


10. checking partial_input_delay (0)
------------------------------------
 There are 0 input ports with partial input delay specified.


11. checking partial_output_delay (0)
-------------------------------------
 There are 0 ports with partial output delay specified.


12. checking latch_loops (0)
----------------------------
 There are 0 combinational latch loops in the design through latch input



------------------------------------------------------------------------------------------------
| Design Timing Summary
| ---------------------
------------------------------------------------------------------------------------------------

    WNS(ns)      TNS(ns)  TNS Failing Endpoints  TNS Total Endpoints      WHS(ns)      THS(ns)  THS Failing Endpoints  THS Total Endpoints     WPWS(ns)     TPWS(ns)  TPWS Failing Endpoints  TPWS Total Endpoints  
    -------      -------  ---------------------  -------------------      -------      -------  ---------------------  -------------------     --------     --------  ----------------------  --------------------  
     -0.207       -0.207                      1                96690        0.097        0.000                      0                96690        3.000        0.000                       0                 12705  


Timing constraints are not met.


------------------------------------------------------------------------------------------------
| Clock Summary
| -------------
------------------------------------------------------------------------------------------------

Clock                 Waveform(ns)       Period(ns)      Frequency(MHz)
-----                 ------------       ----------      --------------
clk                   {0.000 5.000}      10.000          100.000         
  clk_out1_clk_wiz_0  {0.000 11.111}     22.222          45.000          
  clkfbout_clk_wiz_0  {0.000 5.000}      10.000          100.000         


------------------------------------------------------------------------------------------------
| Intra Clock Table
| -----------------
------------------------------------------------------------------------------------------------

Clock                     WNS(ns)      TNS(ns)  TNS Failing Endpoints  TNS Total Endpoints      WHS(ns)      THS(ns)  THS Failing Endpoints  THS Total Endpoints     WPWS(ns)     TPWS(ns)  TPWS Failing Endpoints  TPWS Total Endpoints  
-----                     -------      -------  ---------------------  -------------------      -------      -------  ---------------------  -------------------     --------     --------  ----------------------  --------------------  
clk                                                                                                                                                                     3.000        0.000                       0                     1  
  clk_out1_clk_wiz_0       -0.207       -0.207                      1                92468        0.097        0.000                      0                92468        9.861        0.000                       0                 12701  
  clkfbout_clk_wiz_0                                                                                                                                                    7.845        0.000                       0                     3  


------------------------------------------------------------------------------------------------
| Inter Clock Table
| -----------------
------------------------------------------------------------------------------------------------

From Clock    To Clock          WNS(ns)      TNS(ns)  TNS Failing Endpoints  TNS Total Endpoints      WHS(ns)      THS(ns)  THS Failing Endpoints  THS Total Endpoints  
----------    --------          -------      -------  ---------------------  -------------------      -------      -------  ---------------------  -------------------  


------------------------------------------------------------------------------------------------
| Other Path Groups Table
| -----------------------
------------------------------------------------------------------------------------------------

Path Group          From Clock          To Clock                WNS(ns)      TNS(ns)  TNS Failing Endpoints  TNS Total Endpoints      WHS(ns)      THS(ns)  THS Failing Endpoints  THS Total Endpoints  
----------          ----------          --------                -------      -------  ---------------------  -------------------      -------      -------  ---------------------  -------------------  
**async_default**   clk_out1_clk_wiz_0  clk_out1_clk_wiz_0        5.764        0.000                      0                 4222        0.514        0.000                      0                 4222  


------------------------------------------------------------------------------------------------
| User Ignored Path Table
| -----------------------
------------------------------------------------------------------------------------------------

Path Group          From Clock          To Clock          
----------          ----------          --------          
(none)              clk_out1_clk_wiz_0                      
(none)                                  clk_out1_clk_wiz_0  


------------------------------------------------------------------------------------------------
| Unconstrained Path Table
| ------------------------
------------------------------------------------------------------------------------------------

Path Group          From Clock          To Clock          
----------          ----------          --------          
(none)                                  clk_out1_clk_wiz_0  


------------------------------------------------------------------------------------------------
| Timing Details
| --------------
------------------------------------------------------------------------------------------------


---------------------------------------------------------------------------------------------------
From Clock:  clk
  To Clock:  clk

Setup :           NA  Failing Endpoints,  Worst Slack           NA  ,  Total Violation           NA
Hold  :           NA  Failing Endpoints,  Worst Slack           NA  ,  Total Violation           NA
PW    :            0  Failing Endpoints,  Worst Slack        3.000ns,  Total Violation        0.000ns
---------------------------------------------------------------------------------------------------


Pulse Width Checks
--------------------------------------------------------------------------------------
Clock Name:         clk
Waveform(ns):       { 0.000 5.000 }
Period(ns):         10.000
Sources:            { clk }

Check Type        Corner  Lib Pin           Reference Pin  Required(ns)  Actual(ns)  Slack(ns)  Location        Pin
Min Period        n/a     PLLE2_ADV/CLKIN1  n/a            1.249         10.000      8.751      PLLE2_ADV_X1Y2  clk_gen/inst/plle2_adv_inst/CLKIN1
Max Period        n/a     PLLE2_ADV/CLKIN1  n/a            52.633        10.000      42.633     PLLE2_ADV_X1Y2  clk_gen/inst/plle2_adv_inst/CLKIN1
Low Pulse Width   Slow    PLLE2_ADV/CLKIN1  n/a            2.000         5.000       3.000      PLLE2_ADV_X1Y2  clk_gen/inst/plle2_adv_inst/CLKIN1
Low Pulse Width   Fast    PLLE2_ADV/CLKIN1  n/a            2.000         5.000       3.000      PLLE2_ADV_X1Y2  clk_gen/inst/plle2_adv_inst/CLKIN1
High Pulse Width  Slow    PLLE2_ADV/CLKIN1  n/a            2.000         5.000       3.000      PLLE2_ADV_X1Y2  clk_gen/inst/plle2_adv_inst/CLKIN1
High Pulse Width  Fast    PLLE2_ADV/CLKIN1  n/a            2.000         5.000       3.000      PLLE2_ADV_X1Y2  clk_gen/inst/plle2_adv_inst/CLKIN1



---------------------------------------------------------------------------------------------------
From Clock:  clk_out1_clk_wiz_0
  To Clock:  clk_out1_clk_wiz_0

Setup :            1  Failing Endpoint ,  Worst Slack       -0.207ns,  Total Violation       -0.207ns
Hold  :            0  Failing Endpoints,  Worst Slack        0.097ns,  Total Violation        0.000ns
PW    :            0  Failing Endpoints,  Worst Slack        9.861ns,  Total Violation        0.000ns
---------------------------------------------------------------------------------------------------


Max Delay Paths
--------------------------------------------------------------------------------------
Slack (VIOLATED) :        -0.207ns  (required time - arrival time)
  Source:                 rv64im72f_6sp/ex_mem_register/MEM_alu_result_reg[10]_replica_26/C
                            (rising edge-triggered cell FDCE clocked by clk_out1_clk_wiz_0  {rise@0.000ns fall@11.111ns period=22.222ns})
  Destination:            rv64im72f_6sp/ex_ex2_register/EX2_alu_zero_reg/D
                            (rising edge-triggered cell FDCE clocked by clk_out1_clk_wiz_0  {rise@0.000ns fall@11.111ns period=22.222ns})
  Path Group:             clk_out1_clk_wiz_0
  Path Type:              Setup (Max at Slow Process Corner)
  Requirement:            22.222ns  (clk_out1_clk_wiz_0 rise@22.222ns - clk_out1_clk_wiz_0 rise@0.000ns)
  Data Path Delay:        22.457ns  (logic 5.187ns (23.097%)  route 17.270ns (76.903%))
  Logic Levels:           31  (CARRY4=6 LUT2=1 LUT3=3 LUT4=1 LUT5=4 LUT6=15 MUXF7=1)
  Clock Path Skew:        0.086ns (DCD - SCD + CPR)
    Destination Clock Delay (DCD):    -1.996ns = ( 20.226 - 22.222 ) 
    Source Clock Delay      (SCD):    -2.509ns
    Clock Pessimism Removal (CPR):    -0.427ns
  Clock Uncertainty:      0.089ns  ((TSJ^2 + DJ^2)^1/2) / 2 + PE
    Total System Jitter     (TSJ):    0.071ns
    Discrete Jitter          (DJ):    0.163ns
    Phase Error              (PE):    0.000ns

    Location             Delay type                Incr(ns)  Path(ns)    Netlist Resource(s)
  -------------------------------------------------------------------    -------------------
                         (clock clk_out1_clk_wiz_0 rise edge)
                                                      0.000     0.000 r  
    R4                                                0.000     0.000 r  clk (IN)
                         net (fo=0)                   0.000     0.000    clk_gen/inst/clk_in1
    R4                   IBUF (Prop_ibuf_I_O)         1.475     1.475 r  clk_gen/inst/clkin1_ibufg/O
                         net (fo=1, routed)           1.253     2.728    clk_gen/inst/clk_in1_clk_wiz_0
    PLLE2_ADV_X1Y2       PLLE2_ADV (Prop_plle2_adv_CLKIN1_CLKOUT0)
                                                     -8.953    -6.225 r  clk_gen/inst/plle2_adv_inst/CLKOUT0
                         net (fo=1, routed)           1.802    -4.422    clk_gen/inst/clk_out1_clk_wiz_0
    BUFGCTRL_X0Y0        BUFG (Prop_bufg_I_O)         0.096    -4.326 r  clk_gen/inst/clkout1_buf/O
                         net (fo=12699, routed)       1.817    -2.509    rv64im72f_6sp/ex_mem_register/clk_out1
    SLICE_X69Y76         FDCE                                         r  rv64im72f_6sp/ex_mem_register/MEM_alu_result_reg[10]_replica_26/C
  -------------------------------------------------------------------    -------------------
    SLICE_X69Y76         FDCE (Prop_fdce_C_Q)         0.456    -2.053 f  rv64im72f_6sp/ex_mem_register/MEM_alu_result_reg[10]_replica_26/Q
                         net (fo=15, routed)          0.695    -1.357    rv64im72f_6sp/ex_mem_register/MEM_alu_result_reg[63]_0[10]_repN_26
    SLICE_X73Y79         LUT2 (Prop_lut2_I0_O)        0.124    -1.233 f  rv64im72f_6sp/ex_mem_register/WB_byte_enable_logic_register_file_write_data[51]_i_43/O
                         net (fo=135, routed)         1.301     0.067    rv64im72f_6sp/ex_mem_register/WB_byte_enable_logic_register_file_write_data[51]_i_43_n_0
    SLICE_X74Y72         LUT5 (Prop_lut5_I4_O)        0.124     0.191 f  rv64im72f_6sp/ex_mem_register/WB_byte_enable_logic_register_file_write_data[47]_i_70/O
                         net (fo=1, routed)           0.680     0.871    rv64im72f_6sp/ex_mem_register/WB_byte_enable_logic_register_file_write_data[47]_i_70_n_0
    SLICE_X74Y72         LUT6 (Prop_lut6_I3_O)        0.124     0.995 f  rv64im72f_6sp/ex_mem_register/WB_byte_enable_logic_register_file_write_data[47]_i_34/O
                         net (fo=2, routed)           0.747     1.742    rv64im72f_6sp/ex_mem_register/WB_byte_enable_logic_register_file_write_data[47]_i_34_n_0
    SLICE_X71Y72         LUT6 (Prop_lut6_I3_O)        0.124     1.866 f  rv64im72f_6sp/ex_mem_register/WB_byte_enable_logic_register_file_write_data[47]_i_21/O
                         net (fo=1, routed)           0.711     2.578    rv64im72f_6sp/ex_mem_register/WB_byte_enable_logic_register_file_write_data[47]_i_21_n_0
    SLICE_X67Y72         LUT6 (Prop_lut6_I5_O)        0.124     2.702 f  rv64im72f_6sp/ex_mem_register/WB_byte_enable_logic_register_file_write_data[47]_i_9/O
                         net (fo=1, routed)           1.003     3.704    rv64im72f_6sp/ex_mem_register/WB_byte_enable_logic_register_file_write_data[47]_i_9_n_0
    SLICE_X61Y70         LUT6 (Prop_lut6_I4_O)        0.124     3.828 f  rv64im72f_6sp/ex_mem_register/WB_byte_enable_logic_register_file_write_data[47]_i_6/O
                         net (fo=1, routed)           0.296     4.124    rv64im72f_6sp/ex_mem_register/WB_byte_enable_logic_register_file_write_data[47]_i_6_n_0
    SLICE_X59Y69         LUT6 (Prop_lut6_I2_O)        0.124     4.248 f  rv64im72f_6sp/ex_mem_register/WB_byte_enable_logic_register_file_write_data[47]_i_5/O
                         net (fo=1, routed)           0.348     4.596    rv64im72f_6sp/ex_mem_register/WB_byte_enable_logic_register_file_write_data[47]_i_5_n_0
    SLICE_X58Y69         LUT6 (Prop_lut6_I2_O)        0.124     4.720 f  rv64im72f_6sp/ex_mem_register/WB_byte_enable_logic_register_file_write_data[47]_i_4/O
                         net (fo=1, routed)           0.480     5.200    rv64im72f_6sp/ex_mem_register/WB_byte_enable_logic_register_file_write_data[47]_i_4_n_0
    SLICE_X50Y68         LUT6 (Prop_lut6_I2_O)        0.124     5.324 f  rv64im72f_6sp/ex_mem_register/WB_byte_enable_logic_register_file_write_data[47]_i_3/O
                         net (fo=1, routed)           0.777     6.101    rv64im72f_6sp/ex_mem_register/rom_read_data[47]
    SLICE_X41Y63         LUT5 (Prop_lut5_I1_O)        0.124     6.225 f  rv64im72f_6sp/ex_mem_register/WB_byte_enable_logic_register_file_write_data[47]_i_2/O
                         net (fo=4, routed)           0.677     6.903    rv64im72f_6sp/ex_mem_register/data_memory_read_data_muxed[47]
    SLICE_X38Y58         LUT6 (Prop_lut6_I3_O)        0.124     7.027 f  rv64im72f_6sp/ex_mem_register/WB_byte_enable_logic_register_file_write_data[63]_i_5/O
                         net (fo=6, routed)           0.529     7.555    rv64im72f_6sp/ex_mem_register/WB_byte_enable_logic_register_file_write_data[63]_i_5_n_0
    SLICE_X35Y54         LUT5 (Prop_lut5_I4_O)        0.124     7.679 r  rv64im72f_6sp/ex_mem_register/WB_byte_enable_logic_register_file_write_data[63]_i_2/O
                         net (fo=81, routed)          1.167     8.847    rv64im72f_6sp/ex_mem_register/WB_byte_enable_logic_register_file_write_data[63]_i_2_n_0
    SLICE_X23Y58         LUT6 (Prop_lut6_I5_O)        0.124     8.971 f  rv64im72f_6sp/ex_mem_register/dividend_reg[62]_i_9/O
                         net (fo=1, routed)           0.000     8.971    rv64im72f_6sp/ex_mem_register/dividend_reg[62]_i_9_n_0
    SLICE_X23Y58         MUXF7 (Prop_muxf7_I0_O)      0.212     9.183 f  rv64im72f_6sp/ex_mem_register/dividend_reg_reg[62]_i_6/O
                         net (fo=3, routed)           0.588     9.771    rv64im72f_6sp/id_ex_register/MEM_forward_data_value[62]
    SLICE_X23Y55         LUT6 (Prop_lut6_I0_O)        0.299    10.070 f  rv64im72f_6sp/id_ex_register/dividend_reg[62]_i_3/O
                         net (fo=1, routed)           0.567    10.637    rv64im72f_6sp/id_ex_register/dividend_reg[62]_i_3_n_0
    SLICE_X21Y52         LUT6 (Prop_lut6_I3_O)        0.124    10.761 f  rv64im72f_6sp/id_ex_register/dividend_reg[62]_i_1/O
                         net (fo=30, routed)          1.820    12.581    rv64im72f_6sp/id_ex_register/src_A[62]
    SLICE_X29Y34         LUT6 (Prop_lut6_I0_O)        0.124    12.705 f  rv64im72f_6sp/id_ex_register/i___48_i_35/O
                         net (fo=5, routed)           0.537    13.242    rv64im72f_6sp/id_ex_register/i___48_i_35_n_0
    SLICE_X28Y34         LUT3 (Prop_lut3_I0_O)        0.124    13.366 f  rv64im72f_6sp/id_ex_register/i___50_i_35/O
                         net (fo=4, routed)           0.325    13.691    rv64im72f_6sp/id_ex_register/i___50_i_35_n_0
    SLICE_X31Y33         LUT5 (Prop_lut5_I4_O)        0.124    13.815 f  rv64im72f_6sp/id_ex_register/i___50_i_36/O
                         net (fo=2, routed)           0.785    14.599    rv64im72f_6sp/id_ex_register/i___50_i_36_n_0
    SLICE_X29Y29         LUT3 (Prop_lut3_I0_O)        0.124    14.723 f  rv64im72f_6sp/id_ex_register/i___51_i_19/O
                         net (fo=2, routed)           0.314    15.038    rv64im72f_6sp/id_ex_register/i___51_i_19_n_0
    SLICE_X28Y27         LUT6 (Prop_lut6_I5_O)        0.124    15.162 f  rv64im72f_6sp/id_ex_register/i___51_i_8/O
                         net (fo=1, routed)           0.649    15.810    rv64im72f_6sp/id_ex_register/i___51_i_8_n_0
    SLICE_X27Y27         LUT6 (Prop_lut6_I2_O)        0.124    15.934 f  rv64im72f_6sp/id_ex_register/i___51_i_2/O
                         net (fo=2, routed)           0.852    16.786    rv64im72f_6sp/alu/alu_dword_result[4]
    SLICE_X26Y34         LUT3 (Prop_lut3_I1_O)        0.124    16.910 r  rv64im72f_6sp/alu/i___51/O
                         net (fo=1, routed)           0.000    16.910    rv64im72f_6sp/alu/i___51_n_0
    SLICE_X26Y34         CARRY4 (Prop_carry4_S[1]_CO[3])
                                                      0.550    17.460 r  rv64im72f_6sp/alu/EX2_alu_zero_reg_i_185/CO[3]
                         net (fo=1, routed)           0.000    17.460    rv64im72f_6sp/alu/EX2_alu_zero_reg_i_185_n_0
    SLICE_X26Y35         CARRY4 (Prop_carry4_CI_CO[3])
                                                      0.114    17.574 r  rv64im72f_6sp/alu/EX2_alu_zero_reg_i_156/CO[3]
                         net (fo=1, routed)           0.000    17.574    rv64im72f_6sp/alu/EX2_alu_zero_reg_i_156_n_0
    SLICE_X26Y36         CARRY4 (Prop_carry4_CI_CO[3])
                                                      0.114    17.688 r  rv64im72f_6sp/alu/EX2_alu_zero_reg_i_127/CO[3]
                         net (fo=1, routed)           0.000    17.688    rv64im72f_6sp/alu/EX2_alu_zero_reg_i_127_n_0
    SLICE_X26Y37         CARRY4 (Prop_carry4_CI_CO[3])
                                                      0.114    17.802 r  rv64im72f_6sp/alu/EX2_alu_zero_reg_i_83/CO[3]
                         net (fo=1, routed)           0.000    17.802    rv64im72f_6sp/alu/EX2_alu_zero_reg_i_83_n_0
    SLICE_X26Y38         CARRY4 (Prop_carry4_CI_CO[3])
                                                      0.114    17.916 r  rv64im72f_6sp/alu/EX2_alu_zero_reg_i_34/CO[3]
                         net (fo=1, routed)           0.000    17.916    rv64im72f_6sp/alu/EX2_alu_zero_reg_i_34_n_0
    SLICE_X26Y39         CARRY4 (Prop_carry4_CI_CO[1])
                                                      0.157    18.073 r  rv64im72f_6sp/alu/EX2_alu_zero_reg_i_11/CO[1]
                         net (fo=1, routed)           0.304    18.377    rv64im72f_6sp/id_ex_register/EX2_alu_zero_i_2_3[0]
    SLICE_X27Y39         LUT4 (Prop_lut4_I0_O)        0.329    18.706 r  rv64im72f_6sp/id_ex_register/EX2_alu_zero_i_4/O
                         net (fo=1, routed)           1.118    19.824    rv64im72f_6sp/id_ex_register/EX2_alu_zero_i_4_n_0
    SLICE_X23Y54         LUT6 (Prop_lut6_I5_O)        0.124    19.948 r  rv64im72f_6sp/id_ex_register/EX2_alu_zero_i_1_comp/O
                         net (fo=1, routed)           0.000    19.948    rv64im72f_6sp/ex_ex2_register/EX2_alu_zero_reg_0
    SLICE_X23Y54         FDCE                                         r  rv64im72f_6sp/ex_ex2_register/EX2_alu_zero_reg/D
  -------------------------------------------------------------------    -------------------

                         (clock clk_out1_clk_wiz_0 rise edge)
                                                     22.222    22.222 r  
    R4                                                0.000    22.222 r  clk (IN)
                         net (fo=0)                   0.000    22.222    clk_gen/inst/clk_in1
    R4                   IBUF (Prop_ibuf_I_O)         1.405    23.627 r  clk_gen/inst/clkin1_ibufg/O
                         net (fo=1, routed)           1.181    24.808    clk_gen/inst/clk_in1_clk_wiz_0
    PLLE2_ADV_X1Y2       PLLE2_ADV (Prop_plle2_adv_CLKIN1_CLKOUT0)
                                                     -8.206    16.602 r  clk_gen/inst/plle2_adv_inst/CLKOUT0
                         net (fo=1, routed)           1.718    18.320    clk_gen/inst/clk_out1_clk_wiz_0
    BUFGCTRL_X0Y0        BUFG (Prop_bufg_I_O)         0.091    18.411 r  clk_gen/inst/clkout1_buf/O
                         net (fo=12699, routed)       1.815    20.226    rv64im72f_6sp/ex_ex2_register/clk_out1
    SLICE_X23Y54         FDCE                                         r  rv64im72f_6sp/ex_ex2_register/EX2_alu_zero_reg/C
                         clock pessimism             -0.427    19.799    
                         clock uncertainty           -0.089    19.710    
    SLICE_X23Y54         FDCE (Setup_fdce_C_D)        0.031    19.741    rv64im72f_6sp/ex_ex2_register/EX2_alu_zero_reg
  -------------------------------------------------------------------
                         required time                         19.741    
                         arrival time                         -19.948    
  -------------------------------------------------------------------
                         slack                                 -0.207    

Slack (MET) :             0.007ns  (required time - arrival time)
  Source:                 rv64im72f_6sp/ex_mem_register/MEM_alu_result_reg[10]_replica_26/C
                            (rising edge-triggered cell FDCE clocked by clk_out1_clk_wiz_0  {rise@0.000ns fall@11.111ns period=22.222ns})
  Destination:            rv64im72f_6sp/exception_detector/trapped_reg/D
                            (rising edge-triggered cell FDCE clocked by clk_out1_clk_wiz_0  {rise@0.000ns fall@11.111ns period=22.222ns})
  Path Group:             clk_out1_clk_wiz_0
  Path Type:              Setup (Max at Slow Process Corner)
  Requirement:            22.222ns  (clk_out1_clk_wiz_0 rise@22.222ns - clk_out1_clk_wiz_0 rise@0.000ns)
  Data Path Delay:        22.252ns  (logic 4.191ns (18.834%)  route 18.061ns (81.166%))
  Logic Levels:           28  (LUT2=1 LUT3=1 LUT4=3 LUT5=5 LUT6=17 MUXF7=1)
  Clock Path Skew:        0.173ns (DCD - SCD + CPR)
    Destination Clock Delay (DCD):    -1.837ns = ( 20.385 - 22.222 ) 
    Source Clock Delay      (SCD):    -2.509ns
    Clock Pessimism Removal (CPR):    -0.499ns
  Clock Uncertainty:      0.089ns  ((TSJ^2 + DJ^2)^1/2) / 2 + PE
    Total System Jitter     (TSJ):    0.071ns
    Discrete Jitter          (DJ):    0.163ns
    Phase Error              (PE):    0.000ns

    Location             Delay type                Incr(ns)  Path(ns)    Netlist Resource(s)
  -------------------------------------------------------------------    -------------------
                         (clock clk_out1_clk_wiz_0 rise edge)
                                                      0.000     0.000 r  
    R4                                                0.000     0.000 r  clk (IN)
                         net (fo=0)                   0.000     0.000    clk_gen/inst/clk_in1
    R4                   IBUF (Prop_ibuf_I_O)         1.475     1.475 r  clk_gen/inst/clkin1_ibufg/O
                         net (fo=1, routed)           1.253     2.728    clk_gen/inst/clk_in1_clk_wiz_0
    PLLE2_ADV_X1Y2       PLLE2_ADV (Prop_plle2_adv_CLKIN1_CLKOUT0)
                                                     -8.953    -6.225 r  clk_gen/inst/plle2_adv_inst/CLKOUT0
                         net (fo=1, routed)           1.802    -4.422    clk_gen/inst/clk_out1_clk_wiz_0
    BUFGCTRL_X0Y0        BUFG (Prop_bufg_I_O)         0.096    -4.326 r  clk_gen/inst/clkout1_buf/O
                         net (fo=12699, routed)       1.817    -2.509    rv64im72f_6sp/ex_mem_register/clk_out1
    SLICE_X69Y76         FDCE                                         r  rv64im72f_6sp/ex_mem_register/MEM_alu_result_reg[10]_replica_26/C
  -------------------------------------------------------------------    -------------------
    SLICE_X69Y76         FDCE (Prop_fdce_C_Q)         0.456    -2.053 r  rv64im72f_6sp/ex_mem_register/MEM_alu_result_reg[10]_replica_26/Q
                         net (fo=15, routed)          0.695    -1.357    rv64im72f_6sp/ex_mem_register/MEM_alu_result_reg[63]_0[10]_repN_26
    SLICE_X73Y79         LUT2 (Prop_lut2_I0_O)        0.124    -1.233 r  rv64im72f_6sp/ex_mem_register/WB_byte_enable_logic_register_file_write_data[51]_i_43/O
                         net (fo=135, routed)         1.301     0.067    rv64im72f_6sp/ex_mem_register/WB_byte_enable_logic_register_file_write_data[51]_i_43_n_0
    SLICE_X74Y72         LUT5 (Prop_lut5_I4_O)        0.124     0.191 r  rv64im72f_6sp/ex_mem_register/WB_byte_enable_logic_register_file_write_data[47]_i_70/O
                         net (fo=1, routed)           0.680     0.871    rv64im72f_6sp/ex_mem_register/WB_byte_enable_logic_register_file_write_data[47]_i_70_n_0
    SLICE_X74Y72         LUT6 (Prop_lut6_I3_O)        0.124     0.995 r  rv64im72f_6sp/ex_mem_register/WB_byte_enable_logic_register_file_write_data[47]_i_34/O
                         net (fo=2, routed)           0.747     1.742    rv64im72f_6sp/ex_mem_register/WB_byte_enable_logic_register_file_write_data[47]_i_34_n_0
    SLICE_X71Y72         LUT6 (Prop_lut6_I3_O)        0.124     1.866 r  rv64im72f_6sp/ex_mem_register/WB_byte_enable_logic_register_file_write_data[47]_i_21/O
                         net (fo=1, routed)           0.711     2.578    rv64im72f_6sp/ex_mem_register/WB_byte_enable_logic_register_file_write_data[47]_i_21_n_0
    SLICE_X67Y72         LUT6 (Prop_lut6_I5_O)        0.124     2.702 r  rv64im72f_6sp/ex_mem_register/WB_byte_enable_logic_register_file_write_data[47]_i_9/O
                         net (fo=1, routed)           1.003     3.704    rv64im72f_6sp/ex_mem_register/WB_byte_enable_logic_register_file_write_data[47]_i_9_n_0
    SLICE_X61Y70         LUT6 (Prop_lut6_I4_O)        0.124     3.828 r  rv64im72f_6sp/ex_mem_register/WB_byte_enable_logic_register_file_write_data[47]_i_6/O
                         net (fo=1, routed)           0.296     4.124    rv64im72f_6sp/ex_mem_register/WB_byte_enable_logic_register_file_write_data[47]_i_6_n_0
    SLICE_X59Y69         LUT6 (Prop_lut6_I2_O)        0.124     4.248 r  rv64im72f_6sp/ex_mem_register/WB_byte_enable_logic_register_file_write_data[47]_i_5/O
                         net (fo=1, routed)           0.348     4.596    rv64im72f_6sp/ex_mem_register/WB_byte_enable_logic_register_file_write_data[47]_i_5_n_0
    SLICE_X58Y69         LUT6 (Prop_lut6_I2_O)        0.124     4.720 r  rv64im72f_6sp/ex_mem_register/WB_byte_enable_logic_register_file_write_data[47]_i_4/O
                         net (fo=1, routed)           0.480     5.200    rv64im72f_6sp/ex_mem_register/WB_byte_enable_logic_register_file_write_data[47]_i_4_n_0
    SLICE_X50Y68         LUT6 (Prop_lut6_I2_O)        0.124     5.324 r  rv64im72f_6sp/ex_mem_register/WB_byte_enable_logic_register_file_write_data[47]_i_3/O
                         net (fo=1, routed)           0.777     6.101    rv64im72f_6sp/ex_mem_register/rom_read_data[47]
    SLICE_X41Y63         LUT5 (Prop_lut5_I1_O)        0.124     6.225 r  rv64im72f_6sp/ex_mem_register/WB_byte_enable_logic_register_file_write_data[47]_i_2/O
                         net (fo=4, routed)           0.677     6.903    rv64im72f_6sp/ex_mem_register/data_memory_read_data_muxed[47]
    SLICE_X38Y58         LUT6 (Prop_lut6_I3_O)        0.124     7.027 r  rv64im72f_6sp/ex_mem_register/WB_byte_enable_logic_register_file_write_data[63]_i_5/O
                         net (fo=6, routed)           0.529     7.555    rv64im72f_6sp/ex_mem_register/WB_byte_enable_logic_register_file_write_data[63]_i_5_n_0
    SLICE_X35Y54         LUT5 (Prop_lut5_I4_O)        0.124     7.679 f  rv64im72f_6sp/ex_mem_register/WB_byte_enable_logic_register_file_write_data[63]_i_2/O
                         net (fo=81, routed)          1.167     8.847    rv64im72f_6sp/ex_mem_register/WB_byte_enable_logic_register_file_write_data[63]_i_2_n_0
    SLICE_X23Y58         LUT6 (Prop_lut6_I5_O)        0.124     8.971 r  rv64im72f_6sp/ex_mem_register/dividend_reg[62]_i_9/O
                         net (fo=1, routed)           0.000     8.971    rv64im72f_6sp/ex_mem_register/dividend_reg[62]_i_9_n_0
    SLICE_X23Y58         MUXF7 (Prop_muxf7_I0_O)      0.212     9.183 r  rv64im72f_6sp/ex_mem_register/dividend_reg_reg[62]_i_6/O
                         net (fo=3, routed)           0.588     9.771    rv64im72f_6sp/id_ex_register/MEM_forward_data_value[62]
    SLICE_X23Y55         LUT6 (Prop_lut6_I0_O)        0.299    10.070 r  rv64im72f_6sp/id_ex_register/dividend_reg[62]_i_3/O
                         net (fo=1, routed)           0.567    10.637    rv64im72f_6sp/id_ex_register/dividend_reg[62]_i_3_n_0
    SLICE_X21Y52         LUT6 (Prop_lut6_I3_O)        0.124    10.761 r  rv64im72f_6sp/id_ex_register/dividend_reg[62]_i_1/O
                         net (fo=30, routed)          1.820    12.581    rv64im72f_6sp/id_ex_register/src_A[62]
    SLICE_X29Y34         LUT6 (Prop_lut6_I0_O)        0.124    12.705 r  rv64im72f_6sp/id_ex_register/i___48_i_35/O
                         net (fo=5, routed)           0.537    13.242    rv64im72f_6sp/id_ex_register/i___48_i_35_n_0
    SLICE_X28Y34         LUT3 (Prop_lut3_I0_O)        0.124    13.366 r  rv64im72f_6sp/id_ex_register/i___50_i_35/O
                         net (fo=4, routed)           0.497    13.863    rv64im72f_6sp/id_ex_register/i___50_i_35_n_0
    SLICE_X29Y33         LUT5 (Prop_lut5_I0_O)        0.124    13.987 r  rv64im72f_6sp/id_ex_register/i___52_i_21/O
                         net (fo=3, routed)           0.592    14.579    rv64im72f_6sp/id_ex_register/i___52_i_21_n_0
    SLICE_X30Y33         LUT6 (Prop_lut6_I3_O)        0.124    14.703 r  rv64im72f_6sp/id_ex_register/i___52_i_18/O
                         net (fo=1, routed)           0.474    15.176    rv64im72f_6sp/id_ex_register/alu/alu_dword/data8[0]
    SLICE_X31Y31         LUT6 (Prop_lut6_I2_O)        0.124    15.300 r  rv64im72f_6sp/id_ex_register/i___52_i_10/O
                         net (fo=1, routed)           0.439    15.740    rv64im72f_6sp/id_ex_register/i___52_i_10_n_0
    SLICE_X29Y31         LUT6 (Prop_lut6_I0_O)        0.124    15.864 r  rv64im72f_6sp/id_ex_register/i___52_i_3/O
                         net (fo=2, routed)           0.681    16.544    rv64im72f_6sp/id_ex_register/i___62_i_6_0[0]
    SLICE_X32Y24         LUT6 (Prop_lut6_I4_O)        0.124    16.668 r  rv64im72f_6sp/id_ex_register/EX2_alu_result[0]_i_2/O
                         net (fo=5, routed)           0.584    17.253    rv64im72f_6sp/id_ex_register/alu_result[0]
    SLICE_X34Y21         LUT5 (Prop_lut5_I3_O)        0.124    17.377 r  rv64im72f_6sp/id_ex_register/trapped_i_18/O
                         net (fo=1, routed)           0.404    17.781    rv64im72f_6sp/id_ex_register/trapped_i_18_n_0
    SLICE_X35Y19         LUT4 (Prop_lut4_I3_O)        0.124    17.905 r  rv64im72f_6sp/id_ex_register/trapped_i_16/O
                         net (fo=2, routed)           0.167    18.072    rv64im72f_6sp/id_ex_register/trapped_i_16_n_0
    SLICE_X35Y19         LUT6 (Prop_lut6_I4_O)        0.124    18.196 r  rv64im72f_6sp/id_ex_register/trapped_i_10/O
                         net (fo=3, routed)           0.414    18.609    rv64im72f_6sp/id_ex_register/trapped_i_10_n_0
    SLICE_X35Y19         LUT4 (Prop_lut4_I0_O)        0.124    18.733 r  rv64im72f_6sp/id_ex_register/trapped_i_4/O
                         net (fo=3, routed)           0.415    19.148    rv64im72f_6sp/ex_ex2_register/trapped_reg_62
    SLICE_X35Y18         LUT4 (Prop_lut4_I2_O)        0.124    19.272 r  rv64im72f_6sp/ex_ex2_register/trapped_i_1/O
                         net (fo=1, routed)           0.471    19.743    rv64im72f_6sp/exception_detector/trapped_combinatorial
    SLICE_X35Y18         FDCE                                         r  rv64im72f_6sp/exception_detector/trapped_reg/D
  -------------------------------------------------------------------    -------------------

                         (clock clk_out1_clk_wiz_0 rise edge)
                                                     22.222    22.222 r  
    R4                                                0.000    22.222 r  clk (IN)
                         net (fo=0)                   0.000    22.222    clk_gen/inst/clk_in1
    R4                   IBUF (Prop_ibuf_I_O)         1.405    23.627 r  clk_gen/inst/clkin1_ibufg/O
                         net (fo=1, routed)           1.181    24.808    clk_gen/inst/clk_in1_clk_wiz_0
    PLLE2_ADV_X1Y2       PLLE2_ADV (Prop_plle2_adv_CLKIN1_CLKOUT0)
                                                     -8.206    16.602 r  clk_gen/inst/plle2_adv_inst/CLKOUT0
                         net (fo=1, routed)           1.718    18.320    clk_gen/inst/clk_out1_clk_wiz_0
    BUFGCTRL_X0Y0        BUFG (Prop_bufg_I_O)         0.091    18.411 r  clk_gen/inst/clkout1_buf/O
                         net (fo=12699, routed)       1.974    20.385    rv64im72f_6sp/exception_detector/clk_out1
    SLICE_X35Y18         FDCE                                         r  rv64im72f_6sp/exception_detector/trapped_reg/C
                         clock pessimism             -0.499    19.886    
                         clock uncertainty           -0.089    19.797    
    SLICE_X35Y18         FDCE (Setup_fdce_C_D)       -0.047    19.750    rv64im72f_6sp/exception_detector/trapped_reg
  -------------------------------------------------------------------
                         required time                         19.750    
                         arrival time                         -19.743    
  -------------------------------------------------------------------
                         slack                                  0.007    

Slack (MET) :             0.095ns  (required time - arrival time)
  Source:                 rv64im72f_6sp/ex_mem_register/MEM_alu_result_reg[10]_replica_26/C
                            (rising edge-triggered cell FDCE clocked by clk_out1_clk_wiz_0  {rise@0.000ns fall@11.111ns period=22.222ns})
  Destination:            rv64im72f_6sp/exception_detector/trap_status_reg[2]/D
                            (rising edge-triggered cell FDCE clocked by clk_out1_clk_wiz_0  {rise@0.000ns fall@11.111ns period=22.222ns})
  Path Group:             clk_out1_clk_wiz_0
  Path Type:              Setup (Max at Slow Process Corner)
  Requirement:            22.222ns  (clk_out1_clk_wiz_0 rise@22.222ns - clk_out1_clk_wiz_0 rise@0.000ns)
  Data Path Delay:        22.285ns  (logic 4.315ns (19.363%)  route 17.970ns (80.637%))
  Logic Levels:           29  (LUT2=1 LUT3=1 LUT4=2 LUT5=6 LUT6=18 MUXF7=1)
  Clock Path Skew:        0.170ns (DCD - SCD + CPR)
    Destination Clock Delay (DCD):    -1.840ns = ( 20.382 - 22.222 ) 
    Source Clock Delay      (SCD):    -2.509ns
    Clock Pessimism Removal (CPR):    -0.499ns
  Clock Uncertainty:      0.089ns  ((TSJ^2 + DJ^2)^1/2) / 2 + PE
    Total System Jitter     (TSJ):    0.071ns
    Discrete Jitter          (DJ):    0.163ns
    Phase Error              (PE):    0.000ns

    Location             Delay type                Incr(ns)  Path(ns)    Netlist Resource(s)
  -------------------------------------------------------------------    -------------------
                         (clock clk_out1_clk_wiz_0 rise edge)
                                                      0.000     0.000 r  
    R4                                                0.000     0.000 r  clk (IN)
                         net (fo=0)                   0.000     0.000    clk_gen/inst/clk_in1
    R4                   IBUF (Prop_ibuf_I_O)         1.475     1.475 r  clk_gen/inst/clkin1_ibufg/O
                         net (fo=1, routed)           1.253     2.728    clk_gen/inst/clk_in1_clk_wiz_0
    PLLE2_ADV_X1Y2       PLLE2_ADV (Prop_plle2_adv_CLKIN1_CLKOUT0)
                                                     -8.953    -6.225 r  clk_gen/inst/plle2_adv_inst/CLKOUT0
                         net (fo=1, routed)           1.802    -4.422    clk_gen/inst/clk_out1_clk_wiz_0
    BUFGCTRL_X0Y0        BUFG (Prop_bufg_I_O)         0.096    -4.326 r  clk_gen/inst/clkout1_buf/O
                         net (fo=12699, routed)       1.817    -2.509    rv64im72f_6sp/ex_mem_register/clk_out1
    SLICE_X69Y76         FDCE                                         r  rv64im72f_6sp/ex_mem_register/MEM_alu_result_reg[10]_replica_26/C
  -------------------------------------------------------------------    -------------------
    SLICE_X69Y76         FDCE (Prop_fdce_C_Q)         0.456    -2.053 f  rv64im72f_6sp/ex_mem_register/MEM_alu_result_reg[10]_replica_26/Q
                         net (fo=15, routed)          0.695    -1.357    rv64im72f_6sp/ex_mem_register/MEM_alu_result_reg[63]_0[10]_repN_26
    SLICE_X73Y79         LUT2 (Prop_lut2_I0_O)        0.124    -1.233 f  rv64im72f_6sp/ex_mem_register/WB_byte_enable_logic_register_file_write_data[51]_i_43/O
                         net (fo=135, routed)         1.301     0.067    rv64im72f_6sp/ex_mem_register/WB_byte_enable_logic_register_file_write_data[51]_i_43_n_0
    SLICE_X74Y72         LUT5 (Prop_lut5_I4_O)        0.124     0.191 f  rv64im72f_6sp/ex_mem_register/WB_byte_enable_logic_register_file_write_data[47]_i_70/O
                         net (fo=1, routed)           0.680     0.871    rv64im72f_6sp/ex_mem_register/WB_byte_enable_logic_register_file_write_data[47]_i_70_n_0
    SLICE_X74Y72         LUT6 (Prop_lut6_I3_O)        0.124     0.995 f  rv64im72f_6sp/ex_mem_register/WB_byte_enable_logic_register_file_write_data[47]_i_34/O
                         net (fo=2, routed)           0.747     1.742    rv64im72f_6sp/ex_mem_register/WB_byte_enable_logic_register_file_write_data[47]_i_34_n_0
    SLICE_X71Y72         LUT6 (Prop_lut6_I3_O)        0.124     1.866 f  rv64im72f_6sp/ex_mem_register/WB_byte_enable_logic_register_file_write_data[47]_i_21/O
                         net (fo=1, routed)           0.711     2.578    rv64im72f_6sp/ex_mem_register/WB_byte_enable_logic_register_file_write_data[47]_i_21_n_0
    SLICE_X67Y72         LUT6 (Prop_lut6_I5_O)        0.124     2.702 f  rv64im72f_6sp/ex_mem_register/WB_byte_enable_logic_register_file_write_data[47]_i_9/O
                         net (fo=1, routed)           1.003     3.704    rv64im72f_6sp/ex_mem_register/WB_byte_enable_logic_register_file_write_data[47]_i_9_n_0
    SLICE_X61Y70         LUT6 (Prop_lut6_I4_O)        0.124     3.828 f  rv64im72f_6sp/ex_mem_register/WB_byte_enable_logic_register_file_write_data[47]_i_6/O
                         net (fo=1, routed)           0.296     4.124    rv64im72f_6sp/ex_mem_register/WB_byte_enable_logic_register_file_write_data[47]_i_6_n_0
    SLICE_X59Y69         LUT6 (Prop_lut6_I2_O)        0.124     4.248 f  rv64im72f_6sp/ex_mem_register/WB_byte_enable_logic_register_file_write_data[47]_i_5/O
                         net (fo=1, routed)           0.348     4.596    rv64im72f_6sp/ex_mem_register/WB_byte_enable_logic_register_file_write_data[47]_i_5_n_0
    SLICE_X58Y69         LUT6 (Prop_lut6_I2_O)        0.124     4.720 f  rv64im72f_6sp/ex_mem_register/WB_byte_enable_logic_register_file_write_data[47]_i_4/O
                         net (fo=1, routed)           0.480     5.200    rv64im72f_6sp/ex_mem_register/WB_byte_enable_logic_register_file_write_data[47]_i_4_n_0
    SLICE_X50Y68         LUT6 (Prop_lut6_I2_O)        0.124     5.324 f  rv64im72f_6sp/ex_mem_register/WB_byte_enable_logic_register_file_write_data[47]_i_3/O
                         net (fo=1, routed)           0.777     6.101    rv64im72f_6sp/ex_mem_register/rom_read_data[47]
    SLICE_X41Y63         LUT5 (Prop_lut5_I1_O)        0.124     6.225 f  rv64im72f_6sp/ex_mem_register/WB_byte_enable_logic_register_file_write_data[47]_i_2/O
                         net (fo=4, routed)           0.677     6.903    rv64im72f_6sp/ex_mem_register/data_memory_read_data_muxed[47]
    SLICE_X38Y58         LUT6 (Prop_lut6_I3_O)        0.124     7.027 f  rv64im72f_6sp/ex_mem_register/WB_byte_enable_logic_register_file_write_data[63]_i_5/O
                         net (fo=6, routed)           0.529     7.555    rv64im72f_6sp/ex_mem_register/WB_byte_enable_logic_register_file_write_data[63]_i_5_n_0
    SLICE_X35Y54         LUT5 (Prop_lut5_I4_O)        0.124     7.679 r  rv64im72f_6sp/ex_mem_register/WB_byte_enable_logic_register_file_write_data[63]_i_2/O
                         net (fo=81, routed)          1.167     8.847    rv64im72f_6sp/ex_mem_register/WB_byte_enable_logic_register_file_write_data[63]_i_2_n_0
    SLICE_X23Y58         LUT6 (Prop_lut6_I5_O)        0.124     8.971 f  rv64im72f_6sp/ex_mem_register/dividend_reg[62]_i_9/O
                         net (fo=1, routed)           0.000     8.971    rv64im72f_6sp/ex_mem_register/dividend_reg[62]_i_9_n_0
    SLICE_X23Y58         MUXF7 (Prop_muxf7_I0_O)      0.212     9.183 f  rv64im72f_6sp/ex_mem_register/dividend_reg_reg[62]_i_6/O
                         net (fo=3, routed)           0.588     9.771    rv64im72f_6sp/id_ex_register/MEM_forward_data_value[62]
    SLICE_X23Y55         LUT6 (Prop_lut6_I0_O)        0.299    10.070 f  rv64im72f_6sp/id_ex_register/dividend_reg[62]_i_3/O
                         net (fo=1, routed)           0.567    10.637    rv64im72f_6sp/id_ex_register/dividend_reg[62]_i_3_n_0
    SLICE_X21Y52         LUT6 (Prop_lut6_I3_O)        0.124    10.761 f  rv64im72f_6sp/id_ex_register/dividend_reg[62]_i_1/O
                         net (fo=30, routed)          1.820    12.581    rv64im72f_6sp/id_ex_register/src_A[62]
    SLICE_X29Y34         LUT6 (Prop_lut6_I0_O)        0.124    12.705 f  rv64im72f_6sp/id_ex_register/i___48_i_35/O
                         net (fo=5, routed)           0.537    13.242    rv64im72f_6sp/id_ex_register/i___48_i_35_n_0
    SLICE_X28Y34         LUT3 (Prop_lut3_I0_O)        0.124    13.366 f  rv64im72f_6sp/id_ex_register/i___50_i_35/O
                         net (fo=4, routed)           0.497    13.863    rv64im72f_6sp/id_ex_register/i___50_i_35_n_0
    SLICE_X29Y33         LUT5 (Prop_lut5_I0_O)        0.124    13.987 f  rv64im72f_6sp/id_ex_register/i___52_i_21/O
                         net (fo=3, routed)           0.592    14.579    rv64im72f_6sp/id_ex_register/i___52_i_21_n_0
    SLICE_X30Y33         LUT6 (Prop_lut6_I3_O)        0.124    14.703 f  rv64im72f_6sp/id_ex_register/i___52_i_18/O
                         net (fo=1, routed)           0.474    15.176    rv64im72f_6sp/id_ex_register/alu/alu_dword/data8[0]
    SLICE_X31Y31         LUT6 (Prop_lut6_I2_O)        0.124    15.300 f  rv64im72f_6sp/id_ex_register/i___52_i_10/O
                         net (fo=1, routed)           0.439    15.740    rv64im72f_6sp/id_ex_register/i___52_i_10_n_0
    SLICE_X29Y31         LUT6 (Prop_lut6_I0_O)        0.124    15.864 f  rv64im72f_6sp/id_ex_register/i___52_i_3/O
                         net (fo=2, routed)           0.681    16.544    rv64im72f_6sp/id_ex_register/i___62_i_6_0[0]
    SLICE_X32Y24         LUT6 (Prop_lut6_I4_O)        0.124    16.668 f  rv64im72f_6sp/id_ex_register/EX2_alu_result[0]_i_2/O
                         net (fo=5, routed)           0.584    17.253    rv64im72f_6sp/id_ex_register/alu_result[0]
    SLICE_X34Y21         LUT5 (Prop_lut5_I3_O)        0.124    17.377 f  rv64im72f_6sp/id_ex_register/trapped_i_18/O
                         net (fo=1, routed)           0.404    17.781    rv64im72f_6sp/id_ex_register/trapped_i_18_n_0
    SLICE_X35Y19         LUT4 (Prop_lut4_I3_O)        0.124    17.905 f  rv64im72f_6sp/id_ex_register/trapped_i_16/O
                         net (fo=2, routed)           0.167    18.072    rv64im72f_6sp/id_ex_register/trapped_i_16_n_0
    SLICE_X35Y19         LUT6 (Prop_lut6_I4_O)        0.124    18.196 f  rv64im72f_6sp/id_ex_register/trapped_i_10/O
                         net (fo=3, routed)           0.414    18.609    rv64im72f_6sp/id_ex_register/trapped_i_10_n_0
    SLICE_X35Y19         LUT4 (Prop_lut4_I0_O)        0.124    18.733 f  rv64im72f_6sp/id_ex_register/trapped_i_4/O
                         net (fo=3, routed)           0.489    19.222    rv64im72f_6sp/if_id_register/trap_status_reg[2]
    SLICE_X36Y18         LUT5 (Prop_lut5_I0_O)        0.124    19.346 r  rv64im72f_6sp/if_id_register/trap_status[2]_i_4/O
                         net (fo=1, routed)           0.306    19.653    rv64im72f_6sp/ex_mem_register/trap_status_reg[2]_1
    SLICE_X36Y19         LUT6 (Prop_lut6_I4_O)        0.124    19.777 r  rv64im72f_6sp/ex_mem_register/trap_status[2]_i_1/O
                         net (fo=1, routed)           0.000    19.777    rv64im72f_6sp/exception_detector/trap_status_reg[2]_3[2]
    SLICE_X36Y19         FDCE                                         r  rv64im72f_6sp/exception_detector/trap_status_reg[2]/D
  -------------------------------------------------------------------    -------------------

                         (clock clk_out1_clk_wiz_0 rise edge)
                                                     22.222    22.222 r  
    R4                                                0.000    22.222 r  clk (IN)
                         net (fo=0)                   0.000    22.222    clk_gen/inst/clk_in1
    R4                   IBUF (Prop_ibuf_I_O)         1.405    23.627 r  clk_gen/inst/clkin1_ibufg/O
                         net (fo=1, routed)           1.181    24.808    clk_gen/inst/clk_in1_clk_wiz_0
    PLLE2_ADV_X1Y2       PLLE2_ADV (Prop_plle2_adv_CLKIN1_CLKOUT0)
                                                     -8.206    16.602 r  clk_gen/inst/plle2_adv_inst/CLKOUT0
                         net (fo=1, routed)           1.718    18.320    clk_gen/inst/clk_out1_clk_wiz_0
    BUFGCTRL_X0Y0        BUFG (Prop_bufg_I_O)         0.091    18.411 r  clk_gen/inst/clkout1_buf/O
                         net (fo=12699, routed)       1.971    20.382    rv64im72f_6sp/exception_detector/clk_out1
    SLICE_X36Y19         FDCE                                         r  rv64im72f_6sp/exception_detector/trap_status_reg[2]/C
                         clock pessimism             -0.499    19.883    
                         clock uncertainty           -0.089    19.794    
    SLICE_X36Y19         FDCE (Setup_fdce_C_D)        0.077    19.871    rv64im72f_6sp/exception_detector/trap_status_reg[2]
  -------------------------------------------------------------------
                         required time                         19.871    
                         arrival time                         -19.777    
  -------------------------------------------------------------------
                         slack                                  0.095    

Slack (MET) :             0.273ns  (required time - arrival time)
  Source:                 rv64im72f_6sp/ex_mem_register/MEM_alu_result_reg[12]_rep__9_replica_1/C
                            (rising edge-triggered cell FDCE clocked by clk_out1_clk_wiz_0  {rise@0.000ns fall@11.111ns period=22.222ns})
  Destination:            rv64im72f_6sp/program_counter/pc_reg[8]_rep__2/D
                            (rising edge-triggered cell FDCE clocked by clk_out1_clk_wiz_0  {rise@0.000ns fall@11.111ns period=22.222ns})
  Path Group:             clk_out1_clk_wiz_0
  Path Type:              Setup (Max at Slow Process Corner)
  Requirement:            22.222ns  (clk_out1_clk_wiz_0 rise@22.222ns - clk_out1_clk_wiz_0 rise@0.000ns)
  Data Path Delay:        21.973ns  (logic 4.144ns (18.859%)  route 17.829ns (81.141%))
  Logic Levels:           25  (LUT2=1 LUT3=2 LUT4=1 LUT5=3 LUT6=16 MUXF7=2)
  Clock Path Skew:        0.176ns (DCD - SCD + CPR)
    Destination Clock Delay (DCD):    -1.833ns = ( 20.389 - 22.222 ) 
    Source Clock Delay      (SCD):    -2.508ns
    Clock Pessimism Removal (CPR):    -0.499ns
  Clock Uncertainty:      0.089ns  ((TSJ^2 + DJ^2)^1/2) / 2 + PE
    Total System Jitter     (TSJ):    0.071ns
    Discrete Jitter          (DJ):    0.163ns
    Phase Error              (PE):    0.000ns

    Location             Delay type                Incr(ns)  Path(ns)    Netlist Resource(s)
  -------------------------------------------------------------------    -------------------
                         (clock clk_out1_clk_wiz_0 rise edge)
                                                      0.000     0.000 r  
    R4                                                0.000     0.000 r  clk (IN)
                         net (fo=0)                   0.000     0.000    clk_gen/inst/clk_in1
    R4                   IBUF (Prop_ibuf_I_O)         1.475     1.475 r  clk_gen/inst/clkin1_ibufg/O
                         net (fo=1, routed)           1.253     2.728    clk_gen/inst/clk_in1_clk_wiz_0
    PLLE2_ADV_X1Y2       PLLE2_ADV (Prop_plle2_adv_CLKIN1_CLKOUT0)
                                                     -8.953    -6.225 r  clk_gen/inst/plle2_adv_inst/CLKOUT0
                         net (fo=1, routed)           1.802    -4.422    clk_gen/inst/clk_out1_clk_wiz_0
    BUFGCTRL_X0Y0        BUFG (Prop_bufg_I_O)         0.096    -4.326 r  clk_gen/inst/clkout1_buf/O
                         net (fo=12699, routed)       1.818    -2.508    rv64im72f_6sp/ex_mem_register/clk_out1
    SLICE_X68Y77         FDCE                                         r  rv64im72f_6sp/ex_mem_register/MEM_alu_result_reg[12]_rep__9_replica_1/C
  -------------------------------------------------------------------    -------------------
    SLICE_X68Y77         FDCE (Prop_fdce_C_Q)         0.518    -1.990 r  rv64im72f_6sp/ex_mem_register/MEM_alu_result_reg[12]_rep__9_replica_1/Q
                         net (fo=3, routed)           0.289    -1.700    rv64im72f_6sp/ex_mem_register/MEM_alu_result_reg[12]_rep__9_n_0_repN_1
    SLICE_X69Y77         LUT2 (Prop_lut2_I1_O)        0.124    -1.576 r  rv64im72f_6sp/ex_mem_register/WB_byte_enable_logic_register_file_write_data[63]_i_47/O
                         net (fo=89, routed)          0.753    -0.823    rv64im72f_6sp/ex_mem_register/WB_byte_enable_logic_register_file_write_data[63]_i_47_n_0
    SLICE_X71Y77         LUT3 (Prop_lut3_I0_O)        0.124    -0.699 r  rv64im72f_6sp/ex_mem_register/WB_byte_enable_logic_register_file_write_data[59]_i_28/O
                         net (fo=42, routed)          1.802     1.103    rv64im72f_6sp/ex_mem_register/WB_byte_enable_logic_register_file_write_data[59]_i_28_n_0
    SLICE_X78Y67         LUT6 (Prop_lut6_I1_O)        0.124     1.227 r  rv64im72f_6sp/ex_mem_register/WB_byte_enable_logic_register_file_write_data[12]_i_28/O
                         net (fo=1, routed)           1.034     2.261    rv64im72f_6sp/ex_mem_register/WB_byte_enable_logic_register_file_write_data[12]_i_28_n_0
    SLICE_X76Y63         LUT6 (Prop_lut6_I1_O)        0.124     2.385 r  rv64im72f_6sp/ex_mem_register/WB_byte_enable_logic_register_file_write_data[12]_i_13/O
                         net (fo=1, routed)           0.806     3.191    rv64im72f_6sp/ex_mem_register/WB_byte_enable_logic_register_file_write_data[12]_i_13_n_0
    SLICE_X75Y63         LUT6 (Prop_lut6_I3_O)        0.124     3.315 r  rv64im72f_6sp/ex_mem_register/WB_byte_enable_logic_register_file_write_data[12]_i_9/O
                         net (fo=1, routed)           0.429     3.744    rv64im72f_6sp/ex_mem_register/WB_byte_enable_logic_register_file_write_data[12]_i_9_n_0
    SLICE_X73Y63         LUT6 (Prop_lut6_I1_O)        0.124     3.868 r  rv64im72f_6sp/ex_mem_register/WB_byte_enable_logic_register_file_write_data[12]_i_8/O
                         net (fo=1, routed)           1.210     5.078    rv64im72f_6sp/ex_mem_register/WB_byte_enable_logic_register_file_write_data[12]_i_8_n_0
    SLICE_X45Y63         LUT6 (Prop_lut6_I2_O)        0.124     5.202 r  rv64im72f_6sp/ex_mem_register/WB_byte_enable_logic_register_file_write_data[12]_i_7/O
                         net (fo=1, routed)           0.300     5.502    rv64im72f_6sp/ex_mem_register/WB_byte_enable_logic_register_file_write_data[12]_i_7_n_0
    SLICE_X43Y63         LUT6 (Prop_lut6_I2_O)        0.124     5.626 r  rv64im72f_6sp/ex_mem_register/WB_byte_enable_logic_register_file_write_data[12]_i_6/O
                         net (fo=1, routed)           0.525     6.151    rv64im72f_6sp/ex_mem_register/WB_byte_enable_logic_register_file_write_data[12]_i_6_n_0
    SLICE_X41Y61         LUT4 (Prop_lut4_I1_O)        0.124     6.275 r  rv64im72f_6sp/ex_mem_register/WB_byte_enable_logic_register_file_write_data[12]_i_5/O
                         net (fo=1, routed)           0.304     6.579    rv64im72f_6sp/ex_mem_register/rom_read_data[12]
    SLICE_X38Y60         LUT5 (Prop_lut5_I1_O)        0.124     6.703 r  rv64im72f_6sp/ex_mem_register/WB_byte_enable_logic_register_file_write_data[12]_i_4/O
                         net (fo=3, routed)           0.798     7.501    rv64im72f_6sp/ex_mem_register/data_memory_read_data_muxed[12]
    SLICE_X32Y57         LUT6 (Prop_lut6_I3_O)        0.124     7.625 r  rv64im72f_6sp/ex_mem_register/WB_byte_enable_logic_register_file_write_data[4]_i_3/O
                         net (fo=2, routed)           0.000     7.625    rv64im72f_6sp/ex_mem_register/WB_byte_enable_logic_register_file_write_data[4]_i_3_n_0
    SLICE_X32Y57         MUXF7 (Prop_muxf7_I0_O)      0.212     7.837 r  rv64im72f_6sp/ex_mem_register/dividend_reg_reg[4]_i_13/O
                         net (fo=1, routed)           0.303     8.140    rv64im72f_6sp/ex_mem_register/dividend_reg_reg[4]_i_13_n_0
    SLICE_X32Y56         LUT6 (Prop_lut6_I5_O)        0.299     8.439 r  rv64im72f_6sp/ex_mem_register/dividend_reg[4]_i_8/O
                         net (fo=1, routed)           0.000     8.439    rv64im72f_6sp/ex_mem_register/dividend_reg[4]_i_8_n_0
    SLICE_X32Y56         MUXF7 (Prop_muxf7_I0_O)      0.212     8.651 r  rv64im72f_6sp/ex_mem_register/dividend_reg_reg[4]_i_5/O
                         net (fo=4, routed)           1.067     9.719    rv64im72f_6sp/ex_mem_register/MEM_forward_data_value[4]
    SLICE_X27Y40         LUT6 (Prop_lut6_I0_O)        0.299    10.018 r  rv64im72f_6sp/ex_mem_register/divisor_latch[4]_i_2/O
                         net (fo=4, routed)           0.596    10.614    rv64im72f_6sp/id_ex_register/alu_forward_source_data_b[4]
    SLICE_X25Y43         LUT6 (Prop_lut6_I2_O)        0.124    10.738 r  rv64im72f_6sp/id_ex_register/i___232_i_2/O
                         net (fo=161, routed)         1.582    12.320    rv64im72f_6sp/id_ex_register/EX_alu_src_B_select_reg[2]_12
    SLICE_X28Y38         LUT6 (Prop_lut6_I2_O)        0.124    12.444 r  rv64im72f_6sp/id_ex_register/i___46_i_38/O
                         net (fo=4, routed)           0.874    13.318    rv64im72f_6sp/id_ex_register/i___46_i_38_n_0
    SLICE_X28Y33         LUT6 (Prop_lut6_I0_O)        0.124    13.442 r  rv64im72f_6sp/id_ex_register/i___50_i_28/O
                         net (fo=2, routed)           0.686    14.127    rv64im72f_6sp/id_ex_register/i___50_i_28_n_0
    SLICE_X29Y31         LUT3 (Prop_lut3_I2_O)        0.124    14.251 r  rv64im72f_6sp/id_ex_register/i___50_i_15/O
                         net (fo=2, routed)           0.933    15.184    rv64im72f_6sp/id_ex_register/i___50_i_15_n_0
    SLICE_X28Y28         LUT6 (Prop_lut6_I5_O)        0.124    15.308 r  rv64im72f_6sp/id_ex_register/i___50_i_5/O
                         net (fo=1, routed)           0.596    15.905    rv64im72f_6sp/id_ex_register/i___50_i_5_n_0
    SLICE_X26Y27         LUT6 (Prop_lut6_I2_O)        0.124    16.029 r  rv64im72f_6sp/id_ex_register/i___50_i_1/O
                         net (fo=2, routed)           0.925    16.953    rv64im72f_6sp/id_ex_register/i___62_i_6_0[8]
    SLICE_X25Y15         LUT6 (Prop_lut6_I3_O)        0.124    17.077 r  rv64im72f_6sp/id_ex_register/EX2_alu_result[8]_i_7/O
                         net (fo=1, routed)           0.457    17.535    rv64im72f_6sp/id_ex_register/EX2_alu_result[8]_i_7_n_0
    SLICE_X28Y14         LUT5 (Prop_lut5_I4_O)        0.124    17.659 r  rv64im72f_6sp/id_ex_register/EX2_alu_result[8]_i_2/O
                         net (fo=2, routed)           0.566    18.225    rv64im72f_6sp/program_counter/pc_reg[63]_2[7]
    SLICE_X31Y17         LUT6 (Prop_lut6_I5_O)        0.124    18.349 r  rv64im72f_6sp/program_counter/pc[8]_i_2/O
                         net (fo=5, routed)           0.424    18.773    rv64im72f_6sp/program_counter/pc[8]_i_2_n_0
    SLICE_X31Y16         LUT5 (Prop_lut5_I1_O)        0.124    18.897 r  rv64im72f_6sp/program_counter/pc[8]_rep_i_1__2/O
                         net (fo=1, routed)           0.568    19.466    rv64im72f_6sp/program_counter/pc[8]_rep_i_1__2_n_0
    SLICE_X31Y16         FDCE                                         r  rv64im72f_6sp/program_counter/pc_reg[8]_rep__2/D
  -------------------------------------------------------------------    -------------------

                         (clock clk_out1_clk_wiz_0 rise edge)
                                                     22.222    22.222 r  
    R4                                                0.000    22.222 r  clk (IN)
                         net (fo=0)                   0.000    22.222    clk_gen/inst/clk_in1
    R4                   IBUF (Prop_ibuf_I_O)         1.405    23.627 r  clk_gen/inst/clkin1_ibufg/O
                         net (fo=1, routed)           1.181    24.808    clk_gen/inst/clk_in1_clk_wiz_0
    PLLE2_ADV_X1Y2       PLLE2_ADV (Prop_plle2_adv_CLKIN1_CLKOUT0)
                                                     -8.206    16.602 r  clk_gen/inst/plle2_adv_inst/CLKOUT0
                         net (fo=1, routed)           1.718    18.320    clk_gen/inst/clk_out1_clk_wiz_0
    BUFGCTRL_X0Y0        BUFG (Prop_bufg_I_O)         0.091    18.411 r  clk_gen/inst/clkout1_buf/O
                         net (fo=12699, routed)       1.978    20.389    rv64im72f_6sp/program_counter/clk_out1
    SLICE_X31Y16         FDCE                                         r  rv64im72f_6sp/program_counter/pc_reg[8]_rep__2/C
                         clock pessimism             -0.499    19.890    
                         clock uncertainty           -0.089    19.801    
    SLICE_X31Y16         FDCE (Setup_fdce_C_D)       -0.062    19.739    rv64im72f_6sp/program_counter/pc_reg[8]_rep__2
  -------------------------------------------------------------------
                         required time                         19.739    
                         arrival time                         -19.466    
  -------------------------------------------------------------------
                         slack                                  0.273    

Slack (MET) :             0.294ns  (required time - arrival time)
  Source:                 rv64im72f_6sp/ex_mem_register/MEM_alu_result_reg[4]_replica_3/C
                            (rising edge-triggered cell FDCE clocked by clk_out1_clk_wiz_0  {rise@0.000ns fall@11.111ns period=22.222ns})
  Destination:            rv64im72f_6sp/program_counter/pc_reg[58]/D
                            (rising edge-triggered cell FDCE clocked by clk_out1_clk_wiz_0  {rise@0.000ns fall@11.111ns period=22.222ns})
  Path Group:             clk_out1_clk_wiz_0
  Path Type:              Setup (Max at Slow Process Corner)
  Requirement:            22.222ns  (clk_out1_clk_wiz_0 rise@22.222ns - clk_out1_clk_wiz_0 rise@0.000ns)
  Data Path Delay:        21.921ns  (logic 5.737ns (26.172%)  route 16.184ns (73.828%))
  Logic Levels:           28  (CARRY4=7 LUT2=1 LUT5=2 LUT6=12 MUXF7=4 MUXF8=1 RAMS64E=1)
  Clock Path Skew:        0.053ns (DCD - SCD + CPR)
    Destination Clock Delay (DCD):    -2.001ns = ( 20.221 - 22.222 ) 
    Source Clock Delay      (SCD):    -2.561ns
    Clock Pessimism Removal (CPR):    -0.507ns
  Clock Uncertainty:      0.089ns  ((TSJ^2 + DJ^2)^1/2) / 2 + PE
    Total System Jitter     (TSJ):    0.071ns
    Discrete Jitter          (DJ):    0.163ns
    Phase Error              (PE):    0.000ns

    Location             Delay type                Incr(ns)  Path(ns)    Netlist Resource(s)
  -------------------------------------------------------------------    -------------------
                         (clock clk_out1_clk_wiz_0 rise edge)
                                                      0.000     0.000 r  
    R4                                                0.000     0.000 r  clk (IN)
                         net (fo=0)                   0.000     0.000    clk_gen/inst/clk_in1
    R4                   IBUF (Prop_ibuf_I_O)         1.475     1.475 r  clk_gen/inst/clkin1_ibufg/O
                         net (fo=1, routed)           1.253     2.728    clk_gen/inst/clk_in1_clk_wiz_0
    PLLE2_ADV_X1Y2       PLLE2_ADV (Prop_plle2_adv_CLKIN1_CLKOUT0)
                                                     -8.953    -6.225 r  clk_gen/inst/plle2_adv_inst/CLKOUT0
                         net (fo=1, routed)           1.802    -4.422    clk_gen/inst/clk_out1_clk_wiz_0
    BUFGCTRL_X0Y0        BUFG (Prop_bufg_I_O)         0.096    -4.326 r  clk_gen/inst/clkout1_buf/O
                         net (fo=12699, routed)       1.765    -2.561    rv64im72f_6sp/ex_mem_register/clk_out1
    SLICE_X21Y114        FDCE                                         r  rv64im72f_6sp/ex_mem_register/MEM_alu_result_reg[4]_replica_3/C
  -------------------------------------------------------------------    -------------------
    SLICE_X21Y114        FDCE (Prop_fdce_C_Q)         0.456    -2.105 r  rv64im72f_6sp/ex_mem_register/MEM_alu_result_reg[4]_replica_3/Q
                         net (fo=992, routed)         2.225     0.120    rv64im72f_6sp/data_memory/memory_reg_256_511_60_60/A1
    SLICE_X20Y132        RAMS64E (Prop_rams64e_ADR1_O)
                                                      0.124     0.244 r  rv64im72f_6sp/data_memory/memory_reg_256_511_60_60/RAMS64E_D/O
                         net (fo=1, routed)           0.000     0.244    rv64im72f_6sp/data_memory/memory_reg_256_511_60_60/OD
    SLICE_X20Y132        MUXF7 (Prop_muxf7_I0_O)      0.241     0.485 r  rv64im72f_6sp/data_memory/memory_reg_256_511_60_60/F7.B/O
                         net (fo=1, routed)           0.000     0.485    rv64im72f_6sp/data_memory/memory_reg_256_511_60_60/O0
    SLICE_X20Y132        MUXF8 (Prop_muxf8_I0_O)      0.098     0.583 r  rv64im72f_6sp/data_memory/memory_reg_256_511_60_60/F8/O
                         net (fo=1, routed)           2.089     2.672    rv64im72f_6sp/data_memory/memory_reg_256_511_60_60_n_0
    SLICE_X21Y97         LUT6 (Prop_lut6_I3_O)        0.319     2.991 r  rv64im72f_6sp/data_memory/memory_reg_0_255_60_60_i_14/O
                         net (fo=1, routed)           0.000     2.991    rv64im72f_6sp/data_memory/memory_reg_0_255_60_60_i_14_n_0
    SLICE_X21Y97         MUXF7 (Prop_muxf7_I0_O)      0.212     3.203 r  rv64im72f_6sp/data_memory/memory_reg_0_255_60_60_i_7/O
                         net (fo=1, routed)           1.005     4.208    rv64im72f_6sp/data_memory/memory_reg_0_255_60_60_i_7_n_0
    SLICE_X30Y83         LUT6 (Prop_lut6_I5_O)        0.299     4.507 r  rv64im72f_6sp/data_memory/memory_reg_0_255_60_60_i_3/O
                         net (fo=2, routed)           1.424     5.931    rv64im72f_6sp/ex_mem_register/read_data0[60]
    SLICE_X33Y65         LUT6 (Prop_lut6_I3_O)        0.124     6.055 r  rv64im72f_6sp/ex_mem_register/WB_byte_enable_logic_register_file_write_data[60]_i_2_comp/O
                         net (fo=5, routed)           1.391     7.446    rv64im72f_6sp/ex_mem_register/data_memory_read_data_muxed[60]
    SLICE_X32Y57         LUT6 (Prop_lut6_I0_O)        0.124     7.570 r  rv64im72f_6sp/ex_mem_register/WB_byte_enable_logic_register_file_write_data[4]_i_4/O
                         net (fo=2, routed)           0.000     7.570    rv64im72f_6sp/ex_mem_register/WB_byte_enable_logic_register_file_write_data[4]_i_4_n_0
    SLICE_X32Y57         MUXF7 (Prop_muxf7_I1_O)      0.217     7.787 r  rv64im72f_6sp/ex_mem_register/dividend_reg_reg[4]_i_13/O
                         net (fo=1, routed)           0.303     8.090    rv64im72f_6sp/ex_mem_register/dividend_reg_reg[4]_i_13_n_0
    SLICE_X32Y56         LUT6 (Prop_lut6_I5_O)        0.299     8.389 r  rv64im72f_6sp/ex_mem_register/dividend_reg[4]_i_8/O
                         net (fo=1, routed)           0.000     8.389    rv64im72f_6sp/ex_mem_register/dividend_reg[4]_i_8_n_0
    SLICE_X32Y56         MUXF7 (Prop_muxf7_I0_O)      0.212     8.601 r  rv64im72f_6sp/ex_mem_register/dividend_reg_reg[4]_i_5/O
                         net (fo=4, routed)           1.067     9.668    rv64im72f_6sp/ex_mem_register/MEM_forward_data_value[4]
    SLICE_X27Y40         LUT6 (Prop_lut6_I0_O)        0.299     9.967 r  rv64im72f_6sp/ex_mem_register/divisor_latch[4]_i_2/O
                         net (fo=4, routed)           0.836    10.804    rv64im72f_6sp/id_ex_register/alu_forward_source_data_b[4]
    SLICE_X21Y34         LUT6 (Prop_lut6_I2_O)        0.124    10.928 r  rv64im72f_6sp/id_ex_register/divisor_latch[4]_i_1/O
                         net (fo=31, routed)          1.359    12.287    rv64im72f_6sp/id_ex_register/D[4]
    SLICE_X24Y18         LUT2 (Prop_lut2_I1_O)        0.124    12.411 r  rv64im72f_6sp/id_ex_register/EX2_alu_result[8]_i_59/O
                         net (fo=1, routed)           0.000    12.411    rv64im72f_6sp/alu/EX2_alu_result[4]_i_12[0]
    SLICE_X24Y18         CARRY4 (Prop_carry4_S[0]_CO[3])
                                                      0.532    12.943 r  rv64im72f_6sp/alu/EX2_alu_result_reg[8]_i_51/CO[3]
                         net (fo=1, routed)           0.000    12.943    rv64im72f_6sp/alu/EX2_alu_result_reg[8]_i_51_n_0
    SLICE_X24Y19         CARRY4 (Prop_carry4_CI_CO[3])
                                                      0.114    13.057 r  rv64im72f_6sp/alu/EX2_alu_result_reg[8]_i_30/CO[3]
                         net (fo=1, routed)           0.000    13.057    rv64im72f_6sp/alu/EX2_alu_result_reg[8]_i_30_n_0
    SLICE_X24Y20         CARRY4 (Prop_carry4_CI_CO[3])
                                                      0.114    13.171 r  rv64im72f_6sp/alu/EX2_alu_result_reg[15]_i_19/CO[3]
                         net (fo=1, routed)           0.000    13.171    rv64im72f_6sp/alu/EX2_alu_result_reg[15]_i_19_n_0
    SLICE_X24Y21         CARRY4 (Prop_carry4_CI_CO[3])
                                                      0.114    13.285 r  rv64im72f_6sp/alu/EX2_alu_result_reg[19]_i_19/CO[3]
                         net (fo=1, routed)           0.000    13.285    rv64im72f_6sp/alu/EX2_alu_result_reg[19]_i_19_n_0
    SLICE_X24Y22         CARRY4 (Prop_carry4_CI_CO[3])
                                                      0.114    13.399 r  rv64im72f_6sp/alu/EX2_alu_result_reg[23]_i_19/CO[3]
                         net (fo=1, routed)           0.000    13.399    rv64im72f_6sp/alu/EX2_alu_result_reg[23]_i_19_n_0
    SLICE_X24Y23         CARRY4 (Prop_carry4_CI_CO[3])
                                                      0.114    13.513 r  rv64im72f_6sp/alu/EX2_alu_result_reg[27]_i_19/CO[3]
                         net (fo=1, routed)           0.000    13.513    rv64im72f_6sp/alu/EX2_alu_result_reg[27]_i_19_n_0
    SLICE_X24Y24         CARRY4 (Prop_carry4_CI_O[3])
                                                      0.313    13.826 r  rv64im72f_6sp/alu/EX2_alu_result_reg[30]_i_25/O[3]
                         net (fo=1, routed)           0.613    14.439    rv64im72f_6sp/id_ex_register/EX2_alu_result[63]_i_21_1[30]
    SLICE_X27Y25         LUT6 (Prop_lut6_I3_O)        0.306    14.745 r  rv64im72f_6sp/id_ex_register/EX2_alu_result[63]_i_25/O
                         net (fo=1, routed)           0.402    15.147    rv64im72f_6sp/id_ex_register/EX2_alu_result[63]_i_25_n_0
    SLICE_X27Y25         LUT5 (Prop_lut5_I1_O)        0.124    15.271 r  rv64im72f_6sp/id_ex_register/EX2_alu_result[63]_i_21/O
                         net (fo=2, routed)           0.604    15.875    rv64im72f_6sp/id_ex_register/alu/alu_word_result[31]
    SLICE_X28Y28         LUT6 (Prop_lut6_I0_O)        0.124    15.999 r  rv64im72f_6sp/id_ex_register/EX2_alu_result[63]_i_13/O
                         net (fo=1, routed)           0.701    16.700    rv64im72f_6sp/id_ex_register/EX2_alu_result[63]_i_13_n_0
    SLICE_X28Y33         LUT6 (Prop_lut6_I3_O)        0.124    16.824 r  rv64im72f_6sp/id_ex_register/EX2_alu_result[63]_i_7/O
                         net (fo=33, routed)          1.143    17.968    rv64im72f_6sp/id_ex_register/EX2_alu_result[63]_i_7_n_0
    SLICE_X27Y48         LUT6 (Prop_lut6_I4_O)        0.124    18.092 r  rv64im72f_6sp/id_ex_register/EX2_alu_result[58]_i_2/O
                         net (fo=2, routed)           0.617    18.709    rv64im72f_6sp/program_counter/pc_reg[63]_2[57]
    SLICE_X27Y55         LUT6 (Prop_lut6_I5_O)        0.124    18.833 r  rv64im72f_6sp/program_counter/pc[58]_i_2/O
                         net (fo=1, routed)           0.403    19.236    rv64im72f_6sp/program_counter/pc[58]_i_2_n_0
    SLICE_X27Y55         LUT5 (Prop_lut5_I1_O)        0.124    19.360 r  rv64im72f_6sp/program_counter/pc[58]_i_1/O
                         net (fo=1, routed)           0.000    19.360    rv64im72f_6sp/program_counter/next_pc[58]
    SLICE_X27Y55         FDCE                                         r  rv64im72f_6sp/program_counter/pc_reg[58]/D
  -------------------------------------------------------------------    -------------------

                         (clock clk_out1_clk_wiz_0 rise edge)
                                                     22.222    22.222 r  
    R4                                                0.000    22.222 r  clk (IN)
                         net (fo=0)                   0.000    22.222    clk_gen/inst/clk_in1
    R4                   IBUF (Prop_ibuf_I_O)         1.405    23.627 r  clk_gen/inst/clkin1_ibufg/O
                         net (fo=1, routed)           1.181    24.808    clk_gen/inst/clk_in1_clk_wiz_0
    PLLE2_ADV_X1Y2       PLLE2_ADV (Prop_plle2_adv_CLKIN1_CLKOUT0)
                                                     -8.206    16.602 r  clk_gen/inst/plle2_adv_inst/CLKOUT0
                         net (fo=1, routed)           1.718    18.320    clk_gen/inst/clk_out1_clk_wiz_0
    BUFGCTRL_X0Y0        BUFG (Prop_bufg_I_O)         0.091    18.411 r  clk_gen/inst/clkout1_buf/O
                         net (fo=12699, routed)       1.810    20.221    rv64im72f_6sp/program_counter/clk_out1
    SLICE_X27Y55         FDCE                                         r  rv64im72f_6sp/program_counter/pc_reg[58]/C
                         clock pessimism             -0.507    19.714    
                         clock uncertainty           -0.089    19.625    
    SLICE_X27Y55         FDCE (Setup_fdce_C_D)        0.029    19.654    rv64im72f_6sp/program_counter/pc_reg[58]
  -------------------------------------------------------------------
                         required time                         19.654    
                         arrival time                         -19.360    
  -------------------------------------------------------------------
                         slack                                  0.294    

Slack (MET) :             0.332ns  (required time - arrival time)
  Source:                 rv64im72f_6sp/ex_mem_register/MEM_alu_result_reg[12]_rep__9_replica_1/C
                            (rising edge-triggered cell FDCE clocked by clk_out1_clk_wiz_0  {rise@0.000ns fall@11.111ns period=22.222ns})
  Destination:            rv64im72f_6sp/program_counter/pc_reg[47]/D
                            (rising edge-triggered cell FDCE clocked by clk_out1_clk_wiz_0  {rise@0.000ns fall@11.111ns period=22.222ns})
  Path Group:             clk_out1_clk_wiz_0
  Path Type:              Setup (Max at Slow Process Corner)
  Requirement:            22.222ns  (clk_out1_clk_wiz_0 rise@22.222ns - clk_out1_clk_wiz_0 rise@0.000ns)
  Data Path Delay:        22.011ns  (logic 5.617ns (25.520%)  route 16.394ns (74.480%))
  Logic Levels:           31  (CARRY4=7 LUT2=2 LUT3=1 LUT4=1 LUT5=3 LUT6=15 MUXF7=2)
  Clock Path Skew:        0.181ns (DCD - SCD + CPR)
    Destination Clock Delay (DCD):    -1.828ns = ( 20.394 - 22.222 ) 
    Source Clock Delay      (SCD):    -2.508ns
    Clock Pessimism Removal (CPR):    -0.499ns
  Clock Uncertainty:      0.089ns  ((TSJ^2 + DJ^2)^1/2) / 2 + PE
    Total System Jitter     (TSJ):    0.071ns
    Discrete Jitter          (DJ):    0.163ns
    Phase Error              (PE):    0.000ns

    Location             Delay type                Incr(ns)  Path(ns)    Netlist Resource(s)
  -------------------------------------------------------------------    -------------------
                         (clock clk_out1_clk_wiz_0 rise edge)
                                                      0.000     0.000 r  
    R4                                                0.000     0.000 r  clk (IN)
                         net (fo=0)                   0.000     0.000    clk_gen/inst/clk_in1
    R4                   IBUF (Prop_ibuf_I_O)         1.475     1.475 r  clk_gen/inst/clkin1_ibufg/O
                         net (fo=1, routed)           1.253     2.728    clk_gen/inst/clk_in1_clk_wiz_0
    PLLE2_ADV_X1Y2       PLLE2_ADV (Prop_plle2_adv_CLKIN1_CLKOUT0)
                                                     -8.953    -6.225 r  clk_gen/inst/plle2_adv_inst/CLKOUT0
                         net (fo=1, routed)           1.802    -4.422    clk_gen/inst/clk_out1_clk_wiz_0
    BUFGCTRL_X0Y0        BUFG (Prop_bufg_I_O)         0.096    -4.326 r  clk_gen/inst/clkout1_buf/O
                         net (fo=12699, routed)       1.818    -2.508    rv64im72f_6sp/ex_mem_register/clk_out1
    SLICE_X68Y77         FDCE                                         r  rv64im72f_6sp/ex_mem_register/MEM_alu_result_reg[12]_rep__9_replica_1/C
  -------------------------------------------------------------------    -------------------
    SLICE_X68Y77         FDCE (Prop_fdce_C_Q)         0.518    -1.990 r  rv64im72f_6sp/ex_mem_register/MEM_alu_result_reg[12]_rep__9_replica_1/Q
                         net (fo=3, routed)           0.289    -1.700    rv64im72f_6sp/ex_mem_register/MEM_alu_result_reg[12]_rep__9_n_0_repN_1
    SLICE_X69Y77         LUT2 (Prop_lut2_I1_O)        0.124    -1.576 r  rv64im72f_6sp/ex_mem_register/WB_byte_enable_logic_register_file_write_data[63]_i_47/O
                         net (fo=89, routed)          0.753    -0.823    rv64im72f_6sp/ex_mem_register/WB_byte_enable_logic_register_file_write_data[63]_i_47_n_0
    SLICE_X71Y77         LUT3 (Prop_lut3_I0_O)        0.124    -0.699 r  rv64im72f_6sp/ex_mem_register/WB_byte_enable_logic_register_file_write_data[59]_i_28/O
                         net (fo=42, routed)          1.802     1.103    rv64im72f_6sp/ex_mem_register/WB_byte_enable_logic_register_file_write_data[59]_i_28_n_0
    SLICE_X78Y67         LUT6 (Prop_lut6_I1_O)        0.124     1.227 r  rv64im72f_6sp/ex_mem_register/WB_byte_enable_logic_register_file_write_data[12]_i_28/O
                         net (fo=1, routed)           1.034     2.261    rv64im72f_6sp/ex_mem_register/WB_byte_enable_logic_register_file_write_data[12]_i_28_n_0
    SLICE_X76Y63         LUT6 (Prop_lut6_I1_O)        0.124     2.385 r  rv64im72f_6sp/ex_mem_register/WB_byte_enable_logic_register_file_write_data[12]_i_13/O
                         net (fo=1, routed)           0.806     3.191    rv64im72f_6sp/ex_mem_register/WB_byte_enable_logic_register_file_write_data[12]_i_13_n_0
    SLICE_X75Y63         LUT6 (Prop_lut6_I3_O)        0.124     3.315 r  rv64im72f_6sp/ex_mem_register/WB_byte_enable_logic_register_file_write_data[12]_i_9/O
                         net (fo=1, routed)           0.429     3.744    rv64im72f_6sp/ex_mem_register/WB_byte_enable_logic_register_file_write_data[12]_i_9_n_0
    SLICE_X73Y63         LUT6 (Prop_lut6_I1_O)        0.124     3.868 r  rv64im72f_6sp/ex_mem_register/WB_byte_enable_logic_register_file_write_data[12]_i_8/O
                         net (fo=1, routed)           1.210     5.078    rv64im72f_6sp/ex_mem_register/WB_byte_enable_logic_register_file_write_data[12]_i_8_n_0
    SLICE_X45Y63         LUT6 (Prop_lut6_I2_O)        0.124     5.202 r  rv64im72f_6sp/ex_mem_register/WB_byte_enable_logic_register_file_write_data[12]_i_7/O
                         net (fo=1, routed)           0.300     5.502    rv64im72f_6sp/ex_mem_register/WB_byte_enable_logic_register_file_write_data[12]_i_7_n_0
    SLICE_X43Y63         LUT6 (Prop_lut6_I2_O)        0.124     5.626 r  rv64im72f_6sp/ex_mem_register/WB_byte_enable_logic_register_file_write_data[12]_i_6/O
                         net (fo=1, routed)           0.525     6.151    rv64im72f_6sp/ex_mem_register/WB_byte_enable_logic_register_file_write_data[12]_i_6_n_0
    SLICE_X41Y61         LUT4 (Prop_lut4_I1_O)        0.124     6.275 r  rv64im72f_6sp/ex_mem_register/WB_byte_enable_logic_register_file_write_data[12]_i_5/O
                         net (fo=1, routed)           0.304     6.579    rv64im72f_6sp/ex_mem_register/rom_read_data[12]
    SLICE_X38Y60         LUT5 (Prop_lut5_I1_O)        0.124     6.703 r  rv64im72f_6sp/ex_mem_register/WB_byte_enable_logic_register_file_write_data[12]_i_4/O
                         net (fo=3, routed)           0.798     7.501    rv64im72f_6sp/ex_mem_register/data_memory_read_data_muxed[12]
    SLICE_X32Y57         LUT6 (Prop_lut6_I3_O)        0.124     7.625 r  rv64im72f_6sp/ex_mem_register/WB_byte_enable_logic_register_file_write_data[4]_i_3/O
                         net (fo=2, routed)           0.000     7.625    rv64im72f_6sp/ex_mem_register/WB_byte_enable_logic_register_file_write_data[4]_i_3_n_0
    SLICE_X32Y57         MUXF7 (Prop_muxf7_I0_O)      0.212     7.837 r  rv64im72f_6sp/ex_mem_register/dividend_reg_reg[4]_i_13/O
                         net (fo=1, routed)           0.303     8.140    rv64im72f_6sp/ex_mem_register/dividend_reg_reg[4]_i_13_n_0
    SLICE_X32Y56         LUT6 (Prop_lut6_I5_O)        0.299     8.439 r  rv64im72f_6sp/ex_mem_register/dividend_reg[4]_i_8/O
                         net (fo=1, routed)           0.000     8.439    rv64im72f_6sp/ex_mem_register/dividend_reg[4]_i_8_n_0
    SLICE_X32Y56         MUXF7 (Prop_muxf7_I0_O)      0.212     8.651 r  rv64im72f_6sp/ex_mem_register/dividend_reg_reg[4]_i_5/O
                         net (fo=4, routed)           1.067     9.719    rv64im72f_6sp/ex_mem_register/MEM_forward_data_value[4]
    SLICE_X27Y40         LUT6 (Prop_lut6_I0_O)        0.299    10.018 r  rv64im72f_6sp/ex_mem_register/divisor_latch[4]_i_2/O
                         net (fo=4, routed)           0.836    10.854    rv64im72f_6sp/id_ex_register/alu_forward_source_data_b[4]
    SLICE_X21Y34         LUT6 (Prop_lut6_I2_O)        0.124    10.978 r  rv64im72f_6sp/id_ex_register/divisor_latch[4]_i_1/O
                         net (fo=31, routed)          1.359    12.337    rv64im72f_6sp/id_ex_register/D[4]
    SLICE_X24Y18         LUT2 (Prop_lut2_I1_O)        0.124    12.461 r  rv64im72f_6sp/id_ex_register/EX2_alu_result[8]_i_59/O
                         net (fo=1, routed)           0.000    12.461    rv64im72f_6sp/alu/EX2_alu_result[4]_i_12[0]
    SLICE_X24Y18         CARRY4 (Prop_carry4_S[0]_CO[3])
                                                      0.532    12.993 r  rv64im72f_6sp/alu/EX2_alu_result_reg[8]_i_51/CO[3]
                         net (fo=1, routed)           0.000    12.993    rv64im72f_6sp/alu/EX2_alu_result_reg[8]_i_51_n_0
    SLICE_X24Y19         CARRY4 (Prop_carry4_CI_CO[3])
                                                      0.114    13.107 r  rv64im72f_6sp/alu/EX2_alu_result_reg[8]_i_30/CO[3]
                         net (fo=1, routed)           0.000    13.107    rv64im72f_6sp/alu/EX2_alu_result_reg[8]_i_30_n_0
    SLICE_X24Y20         CARRY4 (Prop_carry4_CI_CO[3])
                                                      0.114    13.221 r  rv64im72f_6sp/alu/EX2_alu_result_reg[15]_i_19/CO[3]
                         net (fo=1, routed)           0.000    13.221    rv64im72f_6sp/alu/EX2_alu_result_reg[15]_i_19_n_0
    SLICE_X24Y21         CARRY4 (Prop_carry4_CI_CO[3])
                                                      0.114    13.335 r  rv64im72f_6sp/alu/EX2_alu_result_reg[19]_i_19/CO[3]
                         net (fo=1, routed)           0.000    13.335    rv64im72f_6sp/alu/EX2_alu_result_reg[19]_i_19_n_0
    SLICE_X24Y22         CARRY4 (Prop_carry4_CI_CO[3])
                                                      0.114    13.449 r  rv64im72f_6sp/alu/EX2_alu_result_reg[23]_i_19/CO[3]
                         net (fo=1, routed)           0.000    13.449    rv64im72f_6sp/alu/EX2_alu_result_reg[23]_i_19_n_0
    SLICE_X24Y23         CARRY4 (Prop_carry4_CI_CO[3])
                                                      0.114    13.563 r  rv64im72f_6sp/alu/EX2_alu_result_reg[27]_i_19/CO[3]
                         net (fo=1, routed)           0.000    13.563    rv64im72f_6sp/alu/EX2_alu_result_reg[27]_i_19_n_0
    SLICE_X24Y24         CARRY4 (Prop_carry4_CI_O[3])
                                                      0.313    13.876 r  rv64im72f_6sp/alu/EX2_alu_result_reg[30]_i_25/O[3]
                         net (fo=1, routed)           0.613    14.489    rv64im72f_6sp/id_ex_register/EX2_alu_result[63]_i_21_1[30]
    SLICE_X27Y25         LUT6 (Prop_lut6_I3_O)        0.306    14.795 r  rv64im72f_6sp/id_ex_register/EX2_alu_result[63]_i_25/O
                         net (fo=1, routed)           0.402    15.198    rv64im72f_6sp/id_ex_register/EX2_alu_result[63]_i_25_n_0
    SLICE_X27Y25         LUT5 (Prop_lut5_I1_O)        0.124    15.322 r  rv64im72f_6sp/id_ex_register/EX2_alu_result[63]_i_21/O
                         net (fo=2, routed)           0.604    15.925    rv64im72f_6sp/id_ex_register/alu/alu_word_result[31]
    SLICE_X28Y28         LUT6 (Prop_lut6_I0_O)        0.124    16.049 r  rv64im72f_6sp/id_ex_register/EX2_alu_result[63]_i_13/O
                         net (fo=1, routed)           0.701    16.751    rv64im72f_6sp/id_ex_register/EX2_alu_result[63]_i_13_n_0
    SLICE_X28Y33         LUT6 (Prop_lut6_I3_O)        0.124    16.875 r  rv64im72f_6sp/id_ex_register/EX2_alu_result[63]_i_7/O
                         net (fo=33, routed)          1.170    18.045    rv64im72f_6sp/id_ex_register/EX2_alu_result[63]_i_7_n_0
    SLICE_X32Y53         LUT6 (Prop_lut6_I4_O)        0.124    18.169 r  rv64im72f_6sp/id_ex_register/EX2_alu_result[47]_i_2/O
                         net (fo=2, routed)           0.924    19.093    rv64im72f_6sp/program_counter/pc_reg[63]_2[46]
    SLICE_X32Y41         LUT6 (Prop_lut6_I5_O)        0.124    19.217 r  rv64im72f_6sp/program_counter/pc[47]_i_2/O
                         net (fo=1, routed)           0.162    19.379    rv64im72f_6sp/program_counter/pc[47]_i_2_n_0
    SLICE_X32Y41         LUT5 (Prop_lut5_I1_O)        0.124    19.503 r  rv64im72f_6sp/program_counter/pc[47]_i_1/O
                         net (fo=1, routed)           0.000    19.503    rv64im72f_6sp/program_counter/next_pc[47]
    SLICE_X32Y41         FDCE                                         r  rv64im72f_6sp/program_counter/pc_reg[47]/D
  -------------------------------------------------------------------    -------------------

                         (clock clk_out1_clk_wiz_0 rise edge)
                                                     22.222    22.222 r  
    R4                                                0.000    22.222 r  clk (IN)
                         net (fo=0)                   0.000    22.222    clk_gen/inst/clk_in1
    R4                   IBUF (Prop_ibuf_I_O)         1.405    23.627 r  clk_gen/inst/clkin1_ibufg/O
                         net (fo=1, routed)           1.181    24.808    clk_gen/inst/clk_in1_clk_wiz_0
    PLLE2_ADV_X1Y2       PLLE2_ADV (Prop_plle2_adv_CLKIN1_CLKOUT0)
                                                     -8.206    16.602 r  clk_gen/inst/plle2_adv_inst/CLKOUT0
                         net (fo=1, routed)           1.718    18.320    clk_gen/inst/clk_out1_clk_wiz_0
    BUFGCTRL_X0Y0        BUFG (Prop_bufg_I_O)         0.091    18.411 r  clk_gen/inst/clkout1_buf/O
                         net (fo=12699, routed)       1.983    20.394    rv64im72f_6sp/program_counter/clk_out1
    SLICE_X32Y41         FDCE                                         r  rv64im72f_6sp/program_counter/pc_reg[47]/C
                         clock pessimism             -0.499    19.895    
                         clock uncertainty           -0.089    19.806    
    SLICE_X32Y41         FDCE (Setup_fdce_C_D)        0.029    19.835    rv64im72f_6sp/program_counter/pc_reg[47]
  -------------------------------------------------------------------
                         required time                         19.835    
                         arrival time                         -19.503    
  -------------------------------------------------------------------
                         slack                                  0.332    

Slack (MET) :             0.341ns  (required time - arrival time)
  Source:                 rv64im72f_6sp/ex_mem_register/MEM_alu_result_reg[10]_replica_26/C
                            (rising edge-triggered cell FDCE clocked by clk_out1_clk_wiz_0  {rise@0.000ns fall@11.111ns period=22.222ns})
  Destination:            rv64im72f_6sp/program_counter/pc_reg[3]/D
                            (rising edge-triggered cell FDCE clocked by clk_out1_clk_wiz_0  {rise@0.000ns fall@11.111ns period=22.222ns})
  Path Group:             clk_out1_clk_wiz_0
  Path Type:              Setup (Max at Slow Process Corner)
  Requirement:            22.222ns  (clk_out1_clk_wiz_0 rise@22.222ns - clk_out1_clk_wiz_0 rise@0.000ns)
  Data Path Delay:        21.890ns  (logic 3.819ns (17.447%)  route 18.071ns (82.553%))
  Logic Levels:           25  (LUT2=1 LUT3=2 LUT5=5 LUT6=16 MUXF7=1)
  Clock Path Skew:        0.179ns (DCD - SCD + CPR)
    Destination Clock Delay (DCD):    -1.831ns = ( 20.391 - 22.222 ) 
    Source Clock Delay      (SCD):    -2.509ns
    Clock Pessimism Removal (CPR):    -0.499ns
  Clock Uncertainty:      0.089ns  ((TSJ^2 + DJ^2)^1/2) / 2 + PE
    Total System Jitter     (TSJ):    0.071ns
    Discrete Jitter          (DJ):    0.163ns
    Phase Error              (PE):    0.000ns

    Location             Delay type                Incr(ns)  Path(ns)    Netlist Resource(s)
  -------------------------------------------------------------------    -------------------
                         (clock clk_out1_clk_wiz_0 rise edge)
                                                      0.000     0.000 r  
    R4                                                0.000     0.000 r  clk (IN)
                         net (fo=0)                   0.000     0.000    clk_gen/inst/clk_in1
    R4                   IBUF (Prop_ibuf_I_O)         1.475     1.475 r  clk_gen/inst/clkin1_ibufg/O
                         net (fo=1, routed)           1.253     2.728    clk_gen/inst/clk_in1_clk_wiz_0
    PLLE2_ADV_X1Y2       PLLE2_ADV (Prop_plle2_adv_CLKIN1_CLKOUT0)
                                                     -8.953    -6.225 r  clk_gen/inst/plle2_adv_inst/CLKOUT0
                         net (fo=1, routed)           1.802    -4.422    clk_gen/inst/clk_out1_clk_wiz_0
    BUFGCTRL_X0Y0        BUFG (Prop_bufg_I_O)         0.096    -4.326 r  clk_gen/inst/clkout1_buf/O
                         net (fo=12699, routed)       1.817    -2.509    rv64im72f_6sp/ex_mem_register/clk_out1
    SLICE_X69Y76         FDCE                                         r  rv64im72f_6sp/ex_mem_register/MEM_alu_result_reg[10]_replica_26/C
  -------------------------------------------------------------------    -------------------
    SLICE_X69Y76         FDCE (Prop_fdce_C_Q)         0.456    -2.053 r  rv64im72f_6sp/ex_mem_register/MEM_alu_result_reg[10]_replica_26/Q
                         net (fo=15, routed)          0.695    -1.357    rv64im72f_6sp/ex_mem_register/MEM_alu_result_reg[63]_0[10]_repN_26
    SLICE_X73Y79         LUT2 (Prop_lut2_I0_O)        0.124    -1.233 r  rv64im72f_6sp/ex_mem_register/WB_byte_enable_logic_register_file_write_data[51]_i_43/O
                         net (fo=135, routed)         1.301     0.067    rv64im72f_6sp/ex_mem_register/WB_byte_enable_logic_register_file_write_data[51]_i_43_n_0
    SLICE_X74Y72         LUT5 (Prop_lut5_I4_O)        0.124     0.191 r  rv64im72f_6sp/ex_mem_register/WB_byte_enable_logic_register_file_write_data[47]_i_70/O
                         net (fo=1, routed)           0.680     0.871    rv64im72f_6sp/ex_mem_register/WB_byte_enable_logic_register_file_write_data[47]_i_70_n_0
    SLICE_X74Y72         LUT6 (Prop_lut6_I3_O)        0.124     0.995 r  rv64im72f_6sp/ex_mem_register/WB_byte_enable_logic_register_file_write_data[47]_i_34/O
                         net (fo=2, routed)           0.747     1.742    rv64im72f_6sp/ex_mem_register/WB_byte_enable_logic_register_file_write_data[47]_i_34_n_0
    SLICE_X71Y72         LUT6 (Prop_lut6_I3_O)        0.124     1.866 r  rv64im72f_6sp/ex_mem_register/WB_byte_enable_logic_register_file_write_data[47]_i_21/O
                         net (fo=1, routed)           0.711     2.578    rv64im72f_6sp/ex_mem_register/WB_byte_enable_logic_register_file_write_data[47]_i_21_n_0
    SLICE_X67Y72         LUT6 (Prop_lut6_I5_O)        0.124     2.702 r  rv64im72f_6sp/ex_mem_register/WB_byte_enable_logic_register_file_write_data[47]_i_9/O
                         net (fo=1, routed)           1.003     3.704    rv64im72f_6sp/ex_mem_register/WB_byte_enable_logic_register_file_write_data[47]_i_9_n_0
    SLICE_X61Y70         LUT6 (Prop_lut6_I4_O)        0.124     3.828 r  rv64im72f_6sp/ex_mem_register/WB_byte_enable_logic_register_file_write_data[47]_i_6/O
                         net (fo=1, routed)           0.296     4.124    rv64im72f_6sp/ex_mem_register/WB_byte_enable_logic_register_file_write_data[47]_i_6_n_0
    SLICE_X59Y69         LUT6 (Prop_lut6_I2_O)        0.124     4.248 r  rv64im72f_6sp/ex_mem_register/WB_byte_enable_logic_register_file_write_data[47]_i_5/O
                         net (fo=1, routed)           0.348     4.596    rv64im72f_6sp/ex_mem_register/WB_byte_enable_logic_register_file_write_data[47]_i_5_n_0
    SLICE_X58Y69         LUT6 (Prop_lut6_I2_O)        0.124     4.720 r  rv64im72f_6sp/ex_mem_register/WB_byte_enable_logic_register_file_write_data[47]_i_4/O
                         net (fo=1, routed)           0.480     5.200    rv64im72f_6sp/ex_mem_register/WB_byte_enable_logic_register_file_write_data[47]_i_4_n_0
    SLICE_X50Y68         LUT6 (Prop_lut6_I2_O)        0.124     5.324 r  rv64im72f_6sp/ex_mem_register/WB_byte_enable_logic_register_file_write_data[47]_i_3/O
                         net (fo=1, routed)           0.777     6.101    rv64im72f_6sp/ex_mem_register/rom_read_data[47]
    SLICE_X41Y63         LUT5 (Prop_lut5_I1_O)        0.124     6.225 r  rv64im72f_6sp/ex_mem_register/WB_byte_enable_logic_register_file_write_data[47]_i_2/O
                         net (fo=4, routed)           0.677     6.903    rv64im72f_6sp/ex_mem_register/data_memory_read_data_muxed[47]
    SLICE_X38Y58         LUT6 (Prop_lut6_I3_O)        0.124     7.027 r  rv64im72f_6sp/ex_mem_register/WB_byte_enable_logic_register_file_write_data[63]_i_5/O
                         net (fo=6, routed)           0.529     7.555    rv64im72f_6sp/ex_mem_register/WB_byte_enable_logic_register_file_write_data[63]_i_5_n_0
    SLICE_X35Y54         LUT5 (Prop_lut5_I4_O)        0.124     7.679 f  rv64im72f_6sp/ex_mem_register/WB_byte_enable_logic_register_file_write_data[63]_i_2/O
                         net (fo=81, routed)          1.167     8.847    rv64im72f_6sp/ex_mem_register/WB_byte_enable_logic_register_file_write_data[63]_i_2_n_0
    SLICE_X23Y58         LUT6 (Prop_lut6_I5_O)        0.124     8.971 r  rv64im72f_6sp/ex_mem_register/dividend_reg[62]_i_9/O
                         net (fo=1, routed)           0.000     8.971    rv64im72f_6sp/ex_mem_register/dividend_reg[62]_i_9_n_0
    SLICE_X23Y58         MUXF7 (Prop_muxf7_I0_O)      0.212     9.183 r  rv64im72f_6sp/ex_mem_register/dividend_reg_reg[62]_i_6/O
                         net (fo=3, routed)           0.588     9.771    rv64im72f_6sp/id_ex_register/MEM_forward_data_value[62]
    SLICE_X23Y55         LUT6 (Prop_lut6_I0_O)        0.299    10.070 r  rv64im72f_6sp/id_ex_register/dividend_reg[62]_i_3/O
                         net (fo=1, routed)           0.567    10.637    rv64im72f_6sp/id_ex_register/dividend_reg[62]_i_3_n_0
    SLICE_X21Y52         LUT6 (Prop_lut6_I3_O)        0.124    10.761 r  rv64im72f_6sp/id_ex_register/dividend_reg[62]_i_1/O
                         net (fo=30, routed)          1.820    12.581    rv64im72f_6sp/id_ex_register/src_A[62]
    SLICE_X29Y34         LUT6 (Prop_lut6_I0_O)        0.124    12.705 r  rv64im72f_6sp/id_ex_register/i___48_i_35/O
                         net (fo=5, routed)           0.537    13.242    rv64im72f_6sp/id_ex_register/i___48_i_35_n_0
    SLICE_X28Y34         LUT3 (Prop_lut3_I0_O)        0.124    13.366 r  rv64im72f_6sp/id_ex_register/i___50_i_35/O
                         net (fo=4, routed)           0.325    13.691    rv64im72f_6sp/id_ex_register/i___50_i_35_n_0
    SLICE_X31Y33         LUT5 (Prop_lut5_I4_O)        0.124    13.815 r  rv64im72f_6sp/id_ex_register/i___50_i_36/O
                         net (fo=2, routed)           0.785    14.599    rv64im72f_6sp/id_ex_register/i___50_i_36_n_0
    SLICE_X29Y29         LUT3 (Prop_lut3_I0_O)        0.124    14.723 r  rv64im72f_6sp/id_ex_register/i___51_i_19/O
                         net (fo=2, routed)           0.757    15.481    rv64im72f_6sp/id_ex_register/i___51_i_19_n_0
    SLICE_X29Y27         LUT6 (Prop_lut6_I3_O)        0.124    15.605 r  rv64im72f_6sp/id_ex_register/i___51_i_11_comp/O
                         net (fo=1, routed)           0.413    16.018    rv64im72f_6sp/id_ex_register/i___51_i_11_n_0
    SLICE_X27Y27         LUT6 (Prop_lut6_I2_O)        0.124    16.142 r  rv64im72f_6sp/id_ex_register/i___51_i_3/O
                         net (fo=2, routed)           0.761    16.903    rv64im72f_6sp/id_ex_register/i___62_i_6_0[3]
    SLICE_X30Y24         LUT6 (Prop_lut6_I4_O)        0.124    17.027 r  rv64im72f_6sp/id_ex_register/EX2_alu_result[3]_i_2/O
                         net (fo=2, routed)           0.511    17.538    rv64im72f_6sp/program_counter/pc_reg[63]_2[2]
    SLICE_X34Y24         LUT6 (Prop_lut6_I5_O)        0.124    17.662 r  rv64im72f_6sp/program_counter/pc[3]_i_2/O
                         net (fo=13, routed)          0.983    18.645    rv64im72f_6sp/program_counter/pc[3]_i_2_n_0
    SLICE_X34Y12         LUT5 (Prop_lut5_I1_O)        0.124    18.769 r  rv64im72f_6sp/program_counter/pc[3]_i_1/O
                         net (fo=1, routed)           0.612    19.381    rv64im72f_6sp/program_counter/next_pc[3]
    SLICE_X34Y12         FDCE                                         r  rv64im72f_6sp/program_counter/pc_reg[3]/D
  -------------------------------------------------------------------    -------------------

                         (clock clk_out1_clk_wiz_0 rise edge)
                                                     22.222    22.222 r  
    R4                                                0.000    22.222 r  clk (IN)
                         net (fo=0)                   0.000    22.222    clk_gen/inst/clk_in1
    R4                   IBUF (Prop_ibuf_I_O)         1.405    23.627 r  clk_gen/inst/clkin1_ibufg/O
                         net (fo=1, routed)           1.181    24.808    clk_gen/inst/clk_in1_clk_wiz_0
    PLLE2_ADV_X1Y2       PLLE2_ADV (Prop_plle2_adv_CLKIN1_CLKOUT0)
                                                     -8.206    16.602 r  clk_gen/inst/plle2_adv_inst/CLKOUT0
                         net (fo=1, routed)           1.718    18.320    clk_gen/inst/clk_out1_clk_wiz_0
    BUFGCTRL_X0Y0        BUFG (Prop_bufg_I_O)         0.091    18.411 r  clk_gen/inst/clkout1_buf/O
                         net (fo=12699, routed)       1.980    20.391    rv64im72f_6sp/program_counter/clk_out1
    SLICE_X34Y12         FDCE                                         r  rv64im72f_6sp/program_counter/pc_reg[3]/C
                         clock pessimism             -0.499    19.892    
                         clock uncertainty           -0.089    19.803    
    SLICE_X34Y12         FDCE (Setup_fdce_C_D)       -0.081    19.722    rv64im72f_6sp/program_counter/pc_reg[3]
  -------------------------------------------------------------------
                         required time                         19.722    
                         arrival time                         -19.381    
  -------------------------------------------------------------------
                         slack                                  0.341    

Slack (MET) :             0.380ns  (required time - arrival time)
  Source:                 rv64im72f_6sp/ex_mem_register/MEM_alu_result_reg[12]_rep__9_replica_1/C
                            (rising edge-triggered cell FDCE clocked by clk_out1_clk_wiz_0  {rise@0.000ns fall@11.111ns period=22.222ns})
  Destination:            rv64im72f_6sp/program_counter/pc_reg[36]/D
                            (rising edge-triggered cell FDCE clocked by clk_out1_clk_wiz_0  {rise@0.000ns fall@11.111ns period=22.222ns})
  Path Group:             clk_out1_clk_wiz_0
  Path Type:              Setup (Max at Slow Process Corner)
  Requirement:            22.222ns  (clk_out1_clk_wiz_0 rise@22.222ns - clk_out1_clk_wiz_0 rise@0.000ns)
  Data Path Delay:        21.962ns  (logic 5.617ns (25.576%)  route 16.345ns (74.424%))
  Logic Levels:           31  (CARRY4=7 LUT2=2 LUT3=1 LUT4=1 LUT5=3 LUT6=15 MUXF7=2)
  Clock Path Skew:        0.180ns (DCD - SCD + CPR)
    Destination Clock Delay (DCD):    -1.829ns = ( 20.393 - 22.222 ) 
    Source Clock Delay      (SCD):    -2.508ns
    Clock Pessimism Removal (CPR):    -0.499ns
  Clock Uncertainty:      0.089ns  ((TSJ^2 + DJ^2)^1/2) / 2 + PE
    Total System Jitter     (TSJ):    0.071ns
    Discrete Jitter          (DJ):    0.163ns
    Phase Error              (PE):    0.000ns

    Location             Delay type                Incr(ns)  Path(ns)    Netlist Resource(s)
  -------------------------------------------------------------------    -------------------
                         (clock clk_out1_clk_wiz_0 rise edge)
                                                      0.000     0.000 r  
    R4                                                0.000     0.000 r  clk (IN)
                         net (fo=0)                   0.000     0.000    clk_gen/inst/clk_in1
    R4                   IBUF (Prop_ibuf_I_O)         1.475     1.475 r  clk_gen/inst/clkin1_ibufg/O
                         net (fo=1, routed)           1.253     2.728    clk_gen/inst/clk_in1_clk_wiz_0
    PLLE2_ADV_X1Y2       PLLE2_ADV (Prop_plle2_adv_CLKIN1_CLKOUT0)
                                                     -8.953    -6.225 r  clk_gen/inst/plle2_adv_inst/CLKOUT0
                         net (fo=1, routed)           1.802    -4.422    clk_gen/inst/clk_out1_clk_wiz_0
    BUFGCTRL_X0Y0        BUFG (Prop_bufg_I_O)         0.096    -4.326 r  clk_gen/inst/clkout1_buf/O
                         net (fo=12699, routed)       1.818    -2.508    rv64im72f_6sp/ex_mem_register/clk_out1
    SLICE_X68Y77         FDCE                                         r  rv64im72f_6sp/ex_mem_register/MEM_alu_result_reg[12]_rep__9_replica_1/C
  -------------------------------------------------------------------    -------------------
    SLICE_X68Y77         FDCE (Prop_fdce_C_Q)         0.518    -1.990 r  rv64im72f_6sp/ex_mem_register/MEM_alu_result_reg[12]_rep__9_replica_1/Q
                         net (fo=3, routed)           0.289    -1.700    rv64im72f_6sp/ex_mem_register/MEM_alu_result_reg[12]_rep__9_n_0_repN_1
    SLICE_X69Y77         LUT2 (Prop_lut2_I1_O)        0.124    -1.576 r  rv64im72f_6sp/ex_mem_register/WB_byte_enable_logic_register_file_write_data[63]_i_47/O
                         net (fo=89, routed)          0.753    -0.823    rv64im72f_6sp/ex_mem_register/WB_byte_enable_logic_register_file_write_data[63]_i_47_n_0
    SLICE_X71Y77         LUT3 (Prop_lut3_I0_O)        0.124    -0.699 r  rv64im72f_6sp/ex_mem_register/WB_byte_enable_logic_register_file_write_data[59]_i_28/O
                         net (fo=42, routed)          1.802     1.103    rv64im72f_6sp/ex_mem_register/WB_byte_enable_logic_register_file_write_data[59]_i_28_n_0
    SLICE_X78Y67         LUT6 (Prop_lut6_I1_O)        0.124     1.227 r  rv64im72f_6sp/ex_mem_register/WB_byte_enable_logic_register_file_write_data[12]_i_28/O
                         net (fo=1, routed)           1.034     2.261    rv64im72f_6sp/ex_mem_register/WB_byte_enable_logic_register_file_write_data[12]_i_28_n_0
    SLICE_X76Y63         LUT6 (Prop_lut6_I1_O)        0.124     2.385 r  rv64im72f_6sp/ex_mem_register/WB_byte_enable_logic_register_file_write_data[12]_i_13/O
                         net (fo=1, routed)           0.806     3.191    rv64im72f_6sp/ex_mem_register/WB_byte_enable_logic_register_file_write_data[12]_i_13_n_0
    SLICE_X75Y63         LUT6 (Prop_lut6_I3_O)        0.124     3.315 r  rv64im72f_6sp/ex_mem_register/WB_byte_enable_logic_register_file_write_data[12]_i_9/O
                         net (fo=1, routed)           0.429     3.744    rv64im72f_6sp/ex_mem_register/WB_byte_enable_logic_register_file_write_data[12]_i_9_n_0
    SLICE_X73Y63         LUT6 (Prop_lut6_I1_O)        0.124     3.868 r  rv64im72f_6sp/ex_mem_register/WB_byte_enable_logic_register_file_write_data[12]_i_8/O
                         net (fo=1, routed)           1.210     5.078    rv64im72f_6sp/ex_mem_register/WB_byte_enable_logic_register_file_write_data[12]_i_8_n_0
    SLICE_X45Y63         LUT6 (Prop_lut6_I2_O)        0.124     5.202 r  rv64im72f_6sp/ex_mem_register/WB_byte_enable_logic_register_file_write_data[12]_i_7/O
                         net (fo=1, routed)           0.300     5.502    rv64im72f_6sp/ex_mem_register/WB_byte_enable_logic_register_file_write_data[12]_i_7_n_0
    SLICE_X43Y63         LUT6 (Prop_lut6_I2_O)        0.124     5.626 r  rv64im72f_6sp/ex_mem_register/WB_byte_enable_logic_register_file_write_data[12]_i_6/O
                         net (fo=1, routed)           0.525     6.151    rv64im72f_6sp/ex_mem_register/WB_byte_enable_logic_register_file_write_data[12]_i_6_n_0
    SLICE_X41Y61         LUT4 (Prop_lut4_I1_O)        0.124     6.275 r  rv64im72f_6sp/ex_mem_register/WB_byte_enable_logic_register_file_write_data[12]_i_5/O
                         net (fo=1, routed)           0.304     6.579    rv64im72f_6sp/ex_mem_register/rom_read_data[12]
    SLICE_X38Y60         LUT5 (Prop_lut5_I1_O)        0.124     6.703 r  rv64im72f_6sp/ex_mem_register/WB_byte_enable_logic_register_file_write_data[12]_i_4/O
                         net (fo=3, routed)           0.798     7.501    rv64im72f_6sp/ex_mem_register/data_memory_read_data_muxed[12]
    SLICE_X32Y57         LUT6 (Prop_lut6_I3_O)        0.124     7.625 r  rv64im72f_6sp/ex_mem_register/WB_byte_enable_logic_register_file_write_data[4]_i_3/O
                         net (fo=2, routed)           0.000     7.625    rv64im72f_6sp/ex_mem_register/WB_byte_enable_logic_register_file_write_data[4]_i_3_n_0
    SLICE_X32Y57         MUXF7 (Prop_muxf7_I0_O)      0.212     7.837 r  rv64im72f_6sp/ex_mem_register/dividend_reg_reg[4]_i_13/O
                         net (fo=1, routed)           0.303     8.140    rv64im72f_6sp/ex_mem_register/dividend_reg_reg[4]_i_13_n_0
    SLICE_X32Y56         LUT6 (Prop_lut6_I5_O)        0.299     8.439 r  rv64im72f_6sp/ex_mem_register/dividend_reg[4]_i_8/O
                         net (fo=1, routed)           0.000     8.439    rv64im72f_6sp/ex_mem_register/dividend_reg[4]_i_8_n_0
    SLICE_X32Y56         MUXF7 (Prop_muxf7_I0_O)      0.212     8.651 r  rv64im72f_6sp/ex_mem_register/dividend_reg_reg[4]_i_5/O
                         net (fo=4, routed)           1.067     9.719    rv64im72f_6sp/ex_mem_register/MEM_forward_data_value[4]
    SLICE_X27Y40         LUT6 (Prop_lut6_I0_O)        0.299    10.018 r  rv64im72f_6sp/ex_mem_register/divisor_latch[4]_i_2/O
                         net (fo=4, routed)           0.836    10.854    rv64im72f_6sp/id_ex_register/alu_forward_source_data_b[4]
    SLICE_X21Y34         LUT6 (Prop_lut6_I2_O)        0.124    10.978 r  rv64im72f_6sp/id_ex_register/divisor_latch[4]_i_1/O
                         net (fo=31, routed)          1.359    12.337    rv64im72f_6sp/id_ex_register/D[4]
    SLICE_X24Y18         LUT2 (Prop_lut2_I1_O)        0.124    12.461 r  rv64im72f_6sp/id_ex_register/EX2_alu_result[8]_i_59/O
                         net (fo=1, routed)           0.000    12.461    rv64im72f_6sp/alu/EX2_alu_result[4]_i_12[0]
    SLICE_X24Y18         CARRY4 (Prop_carry4_S[0]_CO[3])
                                                      0.532    12.993 r  rv64im72f_6sp/alu/EX2_alu_result_reg[8]_i_51/CO[3]
                         net (fo=1, routed)           0.000    12.993    rv64im72f_6sp/alu/EX2_alu_result_reg[8]_i_51_n_0
    SLICE_X24Y19         CARRY4 (Prop_carry4_CI_CO[3])
                                                      0.114    13.107 r  rv64im72f_6sp/alu/EX2_alu_result_reg[8]_i_30/CO[3]
                         net (fo=1, routed)           0.000    13.107    rv64im72f_6sp/alu/EX2_alu_result_reg[8]_i_30_n_0
    SLICE_X24Y20         CARRY4 (Prop_carry4_CI_CO[3])
                                                      0.114    13.221 r  rv64im72f_6sp/alu/EX2_alu_result_reg[15]_i_19/CO[3]
                         net (fo=1, routed)           0.000    13.221    rv64im72f_6sp/alu/EX2_alu_result_reg[15]_i_19_n_0
    SLICE_X24Y21         CARRY4 (Prop_carry4_CI_CO[3])
                                                      0.114    13.335 r  rv64im72f_6sp/alu/EX2_alu_result_reg[19]_i_19/CO[3]
                         net (fo=1, routed)           0.000    13.335    rv64im72f_6sp/alu/EX2_alu_result_reg[19]_i_19_n_0
    SLICE_X24Y22         CARRY4 (Prop_carry4_CI_CO[3])
                                                      0.114    13.449 r  rv64im72f_6sp/alu/EX2_alu_result_reg[23]_i_19/CO[3]
                         net (fo=1, routed)           0.000    13.449    rv64im72f_6sp/alu/EX2_alu_result_reg[23]_i_19_n_0
    SLICE_X24Y23         CARRY4 (Prop_carry4_CI_CO[3])
                                                      0.114    13.563 r  rv64im72f_6sp/alu/EX2_alu_result_reg[27]_i_19/CO[3]
                         net (fo=1, routed)           0.000    13.563    rv64im72f_6sp/alu/EX2_alu_result_reg[27]_i_19_n_0
    SLICE_X24Y24         CARRY4 (Prop_carry4_CI_O[3])
                                                      0.313    13.876 r  rv64im72f_6sp/alu/EX2_alu_result_reg[30]_i_25/O[3]
                         net (fo=1, routed)           0.613    14.489    rv64im72f_6sp/id_ex_register/EX2_alu_result[63]_i_21_1[30]
    SLICE_X27Y25         LUT6 (Prop_lut6_I3_O)        0.306    14.795 r  rv64im72f_6sp/id_ex_register/EX2_alu_result[63]_i_25/O
                         net (fo=1, routed)           0.402    15.198    rv64im72f_6sp/id_ex_register/EX2_alu_result[63]_i_25_n_0
    SLICE_X27Y25         LUT5 (Prop_lut5_I1_O)        0.124    15.322 r  rv64im72f_6sp/id_ex_register/EX2_alu_result[63]_i_21/O
                         net (fo=2, routed)           0.604    15.925    rv64im72f_6sp/id_ex_register/alu/alu_word_result[31]
    SLICE_X28Y28         LUT6 (Prop_lut6_I0_O)        0.124    16.049 r  rv64im72f_6sp/id_ex_register/EX2_alu_result[63]_i_13/O
                         net (fo=1, routed)           0.701    16.751    rv64im72f_6sp/id_ex_register/EX2_alu_result[63]_i_13_n_0
    SLICE_X28Y33         LUT6 (Prop_lut6_I3_O)        0.124    16.875 r  rv64im72f_6sp/id_ex_register/EX2_alu_result[63]_i_7/O
                         net (fo=33, routed)          1.191    18.066    rv64im72f_6sp/id_ex_register/EX2_alu_result[63]_i_7_n_0
    SLICE_X27Y43         LUT6 (Prop_lut6_I4_O)        0.124    18.190 r  rv64im72f_6sp/id_ex_register/EX2_alu_result[36]_i_2/O
                         net (fo=2, routed)           0.711    18.900    rv64im72f_6sp/program_counter/pc_reg[63]_2[35]
    SLICE_X31Y39         LUT6 (Prop_lut6_I5_O)        0.124    19.024 r  rv64im72f_6sp/program_counter/pc[36]_i_2/O
                         net (fo=1, routed)           0.306    19.330    rv64im72f_6sp/program_counter/pc[36]_i_2_n_0
    SLICE_X32Y39         LUT5 (Prop_lut5_I1_O)        0.124    19.454 r  rv64im72f_6sp/program_counter/pc[36]_i_1/O
                         net (fo=1, routed)           0.000    19.454    rv64im72f_6sp/program_counter/next_pc[36]
    SLICE_X32Y39         FDCE                                         r  rv64im72f_6sp/program_counter/pc_reg[36]/D
  -------------------------------------------------------------------    -------------------

                         (clock clk_out1_clk_wiz_0 rise edge)
                                                     22.222    22.222 r  
    R4                                                0.000    22.222 r  clk (IN)
                         net (fo=0)                   0.000    22.222    clk_gen/inst/clk_in1
    R4                   IBUF (Prop_ibuf_I_O)         1.405    23.627 r  clk_gen/inst/clkin1_ibufg/O
                         net (fo=1, routed)           1.181    24.808    clk_gen/inst/clk_in1_clk_wiz_0
    PLLE2_ADV_X1Y2       PLLE2_ADV (Prop_plle2_adv_CLKIN1_CLKOUT0)
                                                     -8.206    16.602 r  clk_gen/inst/plle2_adv_inst/CLKOUT0
                         net (fo=1, routed)           1.718    18.320    clk_gen/inst/clk_out1_clk_wiz_0
    BUFGCTRL_X0Y0        BUFG (Prop_bufg_I_O)         0.091    18.411 r  clk_gen/inst/clkout1_buf/O
                         net (fo=12699, routed)       1.982    20.393    rv64im72f_6sp/program_counter/clk_out1
    SLICE_X32Y39         FDCE                                         r  rv64im72f_6sp/program_counter/pc_reg[36]/C
                         clock pessimism             -0.499    19.894    
                         clock uncertainty           -0.089    19.805    
    SLICE_X32Y39         FDCE (Setup_fdce_C_D)        0.029    19.834    rv64im72f_6sp/program_counter/pc_reg[36]
  -------------------------------------------------------------------
                         required time                         19.834    
                         arrival time                         -19.454    
  -------------------------------------------------------------------
                         slack                                  0.380    

Slack (MET) :             0.394ns  (required time - arrival time)
  Source:                 rv64im72f_6sp/ex_mem_register/MEM_alu_result_reg[12]_rep__9_replica_1/C
                            (rising edge-triggered cell FDCE clocked by clk_out1_clk_wiz_0  {rise@0.000ns fall@11.111ns period=22.222ns})
  Destination:            rv64im72f_6sp/program_counter/pc_reg[44]/D
                            (rising edge-triggered cell FDCE clocked by clk_out1_clk_wiz_0  {rise@0.000ns fall@11.111ns period=22.222ns})
  Path Group:             clk_out1_clk_wiz_0
  Path Type:              Setup (Max at Slow Process Corner)
  Requirement:            22.222ns  (clk_out1_clk_wiz_0 rise@22.222ns - clk_out1_clk_wiz_0 rise@0.000ns)
  Data Path Delay:        21.950ns  (logic 5.617ns (25.590%)  route 16.333ns (74.410%))
  Logic Levels:           31  (CARRY4=7 LUT2=2 LUT3=1 LUT4=1 LUT5=3 LUT6=15 MUXF7=2)
  Clock Path Skew:        0.182ns (DCD - SCD + CPR)
    Destination Clock Delay (DCD):    -1.827ns = ( 20.395 - 22.222 ) 
    Source Clock Delay      (SCD):    -2.508ns
    Clock Pessimism Removal (CPR):    -0.499ns
  Clock Uncertainty:      0.089ns  ((TSJ^2 + DJ^2)^1/2) / 2 + PE
    Total System Jitter     (TSJ):    0.071ns
    Discrete Jitter          (DJ):    0.163ns
    Phase Error              (PE):    0.000ns

    Location             Delay type                Incr(ns)  Path(ns)    Netlist Resource(s)
  -------------------------------------------------------------------    -------------------
                         (clock clk_out1_clk_wiz_0 rise edge)
                                                      0.000     0.000 r  
    R4                                                0.000     0.000 r  clk (IN)
                         net (fo=0)                   0.000     0.000    clk_gen/inst/clk_in1
    R4                   IBUF (Prop_ibuf_I_O)         1.475     1.475 r  clk_gen/inst/clkin1_ibufg/O
                         net (fo=1, routed)           1.253     2.728    clk_gen/inst/clk_in1_clk_wiz_0
    PLLE2_ADV_X1Y2       PLLE2_ADV (Prop_plle2_adv_CLKIN1_CLKOUT0)
                                                     -8.953    -6.225 r  clk_gen/inst/plle2_adv_inst/CLKOUT0
                         net (fo=1, routed)           1.802    -4.422    clk_gen/inst/clk_out1_clk_wiz_0
    BUFGCTRL_X0Y0        BUFG (Prop_bufg_I_O)         0.096    -4.326 r  clk_gen/inst/clkout1_buf/O
                         net (fo=12699, routed)       1.818    -2.508    rv64im72f_6sp/ex_mem_register/clk_out1
    SLICE_X68Y77         FDCE                                         r  rv64im72f_6sp/ex_mem_register/MEM_alu_result_reg[12]_rep__9_replica_1/C
  -------------------------------------------------------------------    -------------------
    SLICE_X68Y77         FDCE (Prop_fdce_C_Q)         0.518    -1.990 r  rv64im72f_6sp/ex_mem_register/MEM_alu_result_reg[12]_rep__9_replica_1/Q
                         net (fo=3, routed)           0.289    -1.700    rv64im72f_6sp/ex_mem_register/MEM_alu_result_reg[12]_rep__9_n_0_repN_1
    SLICE_X69Y77         LUT2 (Prop_lut2_I1_O)        0.124    -1.576 r  rv64im72f_6sp/ex_mem_register/WB_byte_enable_logic_register_file_write_data[63]_i_47/O
                         net (fo=89, routed)          0.753    -0.823    rv64im72f_6sp/ex_mem_register/WB_byte_enable_logic_register_file_write_data[63]_i_47_n_0
    SLICE_X71Y77         LUT3 (Prop_lut3_I0_O)        0.124    -0.699 r  rv64im72f_6sp/ex_mem_register/WB_byte_enable_logic_register_file_write_data[59]_i_28/O
                         net (fo=42, routed)          1.802     1.103    rv64im72f_6sp/ex_mem_register/WB_byte_enable_logic_register_file_write_data[59]_i_28_n_0
    SLICE_X78Y67         LUT6 (Prop_lut6_I1_O)        0.124     1.227 r  rv64im72f_6sp/ex_mem_register/WB_byte_enable_logic_register_file_write_data[12]_i_28/O
                         net (fo=1, routed)           1.034     2.261    rv64im72f_6sp/ex_mem_register/WB_byte_enable_logic_register_file_write_data[12]_i_28_n_0
    SLICE_X76Y63         LUT6 (Prop_lut6_I1_O)        0.124     2.385 r  rv64im72f_6sp/ex_mem_register/WB_byte_enable_logic_register_file_write_data[12]_i_13/O
                         net (fo=1, routed)           0.806     3.191    rv64im72f_6sp/ex_mem_register/WB_byte_enable_logic_register_file_write_data[12]_i_13_n_0
    SLICE_X75Y63         LUT6 (Prop_lut6_I3_O)        0.124     3.315 r  rv64im72f_6sp/ex_mem_register/WB_byte_enable_logic_register_file_write_data[12]_i_9/O
                         net (fo=1, routed)           0.429     3.744    rv64im72f_6sp/ex_mem_register/WB_byte_enable_logic_register_file_write_data[12]_i_9_n_0
    SLICE_X73Y63         LUT6 (Prop_lut6_I1_O)        0.124     3.868 r  rv64im72f_6sp/ex_mem_register/WB_byte_enable_logic_register_file_write_data[12]_i_8/O
                         net (fo=1, routed)           1.210     5.078    rv64im72f_6sp/ex_mem_register/WB_byte_enable_logic_register_file_write_data[12]_i_8_n_0
    SLICE_X45Y63         LUT6 (Prop_lut6_I2_O)        0.124     5.202 r  rv64im72f_6sp/ex_mem_register/WB_byte_enable_logic_register_file_write_data[12]_i_7/O
                         net (fo=1, routed)           0.300     5.502    rv64im72f_6sp/ex_mem_register/WB_byte_enable_logic_register_file_write_data[12]_i_7_n_0
    SLICE_X43Y63         LUT6 (Prop_lut6_I2_O)        0.124     5.626 r  rv64im72f_6sp/ex_mem_register/WB_byte_enable_logic_register_file_write_data[12]_i_6/O
                         net (fo=1, routed)           0.525     6.151    rv64im72f_6sp/ex_mem_register/WB_byte_enable_logic_register_file_write_data[12]_i_6_n_0
    SLICE_X41Y61         LUT4 (Prop_lut4_I1_O)        0.124     6.275 r  rv64im72f_6sp/ex_mem_register/WB_byte_enable_logic_register_file_write_data[12]_i_5/O
                         net (fo=1, routed)           0.304     6.579    rv64im72f_6sp/ex_mem_register/rom_read_data[12]
    SLICE_X38Y60         LUT5 (Prop_lut5_I1_O)        0.124     6.703 r  rv64im72f_6sp/ex_mem_register/WB_byte_enable_logic_register_file_write_data[12]_i_4/O
                         net (fo=3, routed)           0.798     7.501    rv64im72f_6sp/ex_mem_register/data_memory_read_data_muxed[12]
    SLICE_X32Y57         LUT6 (Prop_lut6_I3_O)        0.124     7.625 r  rv64im72f_6sp/ex_mem_register/WB_byte_enable_logic_register_file_write_data[4]_i_3/O
                         net (fo=2, routed)           0.000     7.625    rv64im72f_6sp/ex_mem_register/WB_byte_enable_logic_register_file_write_data[4]_i_3_n_0
    SLICE_X32Y57         MUXF7 (Prop_muxf7_I0_O)      0.212     7.837 r  rv64im72f_6sp/ex_mem_register/dividend_reg_reg[4]_i_13/O
                         net (fo=1, routed)           0.303     8.140    rv64im72f_6sp/ex_mem_register/dividend_reg_reg[4]_i_13_n_0
    SLICE_X32Y56         LUT6 (Prop_lut6_I5_O)        0.299     8.439 r  rv64im72f_6sp/ex_mem_register/dividend_reg[4]_i_8/O
                         net (fo=1, routed)           0.000     8.439    rv64im72f_6sp/ex_mem_register/dividend_reg[4]_i_8_n_0
    SLICE_X32Y56         MUXF7 (Prop_muxf7_I0_O)      0.212     8.651 r  rv64im72f_6sp/ex_mem_register/dividend_reg_reg[4]_i_5/O
                         net (fo=4, routed)           1.067     9.719    rv64im72f_6sp/ex_mem_register/MEM_forward_data_value[4]
    SLICE_X27Y40         LUT6 (Prop_lut6_I0_O)        0.299    10.018 r  rv64im72f_6sp/ex_mem_register/divisor_latch[4]_i_2/O
                         net (fo=4, routed)           0.836    10.854    rv64im72f_6sp/id_ex_register/alu_forward_source_data_b[4]
    SLICE_X21Y34         LUT6 (Prop_lut6_I2_O)        0.124    10.978 r  rv64im72f_6sp/id_ex_register/divisor_latch[4]_i_1/O
                         net (fo=31, routed)          1.359    12.337    rv64im72f_6sp/id_ex_register/D[4]
    SLICE_X24Y18         LUT2 (Prop_lut2_I1_O)        0.124    12.461 r  rv64im72f_6sp/id_ex_register/EX2_alu_result[8]_i_59/O
                         net (fo=1, routed)           0.000    12.461    rv64im72f_6sp/alu/EX2_alu_result[4]_i_12[0]
    SLICE_X24Y18         CARRY4 (Prop_carry4_S[0]_CO[3])
                                                      0.532    12.993 r  rv64im72f_6sp/alu/EX2_alu_result_reg[8]_i_51/CO[3]
                         net (fo=1, routed)           0.000    12.993    rv64im72f_6sp/alu/EX2_alu_result_reg[8]_i_51_n_0
    SLICE_X24Y19         CARRY4 (Prop_carry4_CI_CO[3])
                                                      0.114    13.107 r  rv64im72f_6sp/alu/EX2_alu_result_reg[8]_i_30/CO[3]
                         net (fo=1, routed)           0.000    13.107    rv64im72f_6sp/alu/EX2_alu_result_reg[8]_i_30_n_0
    SLICE_X24Y20         CARRY4 (Prop_carry4_CI_CO[3])
                                                      0.114    13.221 r  rv64im72f_6sp/alu/EX2_alu_result_reg[15]_i_19/CO[3]
                         net (fo=1, routed)           0.000    13.221    rv64im72f_6sp/alu/EX2_alu_result_reg[15]_i_19_n_0
    SLICE_X24Y21         CARRY4 (Prop_carry4_CI_CO[3])
                                                      0.114    13.335 r  rv64im72f_6sp/alu/EX2_alu_result_reg[19]_i_19/CO[3]
                         net (fo=1, routed)           0.000    13.335    rv64im72f_6sp/alu/EX2_alu_result_reg[19]_i_19_n_0
    SLICE_X24Y22         CARRY4 (Prop_carry4_CI_CO[3])
                                                      0.114    13.449 r  rv64im72f_6sp/alu/EX2_alu_result_reg[23]_i_19/CO[3]
                         net (fo=1, routed)           0.000    13.449    rv64im72f_6sp/alu/EX2_alu_result_reg[23]_i_19_n_0
    SLICE_X24Y23         CARRY4 (Prop_carry4_CI_CO[3])
                                                      0.114    13.563 r  rv64im72f_6sp/alu/EX2_alu_result_reg[27]_i_19/CO[3]
                         net (fo=1, routed)           0.000    13.563    rv64im72f_6sp/alu/EX2_alu_result_reg[27]_i_19_n_0
    SLICE_X24Y24         CARRY4 (Prop_carry4_CI_O[3])
                                                      0.313    13.876 r  rv64im72f_6sp/alu/EX2_alu_result_reg[30]_i_25/O[3]
                         net (fo=1, routed)           0.613    14.489    rv64im72f_6sp/id_ex_register/EX2_alu_result[63]_i_21_1[30]
    SLICE_X27Y25         LUT6 (Prop_lut6_I3_O)        0.306    14.795 r  rv64im72f_6sp/id_ex_register/EX2_alu_result[63]_i_25/O
                         net (fo=1, routed)           0.402    15.198    rv64im72f_6sp/id_ex_register/EX2_alu_result[63]_i_25_n_0
    SLICE_X27Y25         LUT5 (Prop_lut5_I1_O)        0.124    15.322 r  rv64im72f_6sp/id_ex_register/EX2_alu_result[63]_i_21/O
                         net (fo=2, routed)           0.604    15.925    rv64im72f_6sp/id_ex_register/alu/alu_word_result[31]
    SLICE_X28Y28         LUT6 (Prop_lut6_I0_O)        0.124    16.049 r  rv64im72f_6sp/id_ex_register/EX2_alu_result[63]_i_13/O
                         net (fo=1, routed)           0.701    16.751    rv64im72f_6sp/id_ex_register/EX2_alu_result[63]_i_13_n_0
    SLICE_X28Y33         LUT6 (Prop_lut6_I3_O)        0.124    16.875 r  rv64im72f_6sp/id_ex_register/EX2_alu_result[63]_i_7/O
                         net (fo=33, routed)          1.072    17.946    rv64im72f_6sp/id_ex_register/EX2_alu_result[63]_i_7_n_0
    SLICE_X26Y43         LUT6 (Prop_lut6_I4_O)        0.124    18.070 r  rv64im72f_6sp/id_ex_register/EX2_alu_result[44]_i_2/O
                         net (fo=2, routed)           0.631    18.701    rv64im72f_6sp/program_counter/pc_reg[63]_2[43]
    SLICE_X32Y43         LUT6 (Prop_lut6_I5_O)        0.124    18.825 r  rv64im72f_6sp/program_counter/pc[44]_i_2/O
                         net (fo=1, routed)           0.493    19.318    rv64im72f_6sp/program_counter/pc[44]_i_2_n_0
    SLICE_X32Y43         LUT5 (Prop_lut5_I1_O)        0.124    19.442 r  rv64im72f_6sp/program_counter/pc[44]_i_1/O
                         net (fo=1, routed)           0.000    19.442    rv64im72f_6sp/program_counter/next_pc[44]
    SLICE_X32Y43         FDCE                                         r  rv64im72f_6sp/program_counter/pc_reg[44]/D
  -------------------------------------------------------------------    -------------------

                         (clock clk_out1_clk_wiz_0 rise edge)
                                                     22.222    22.222 r  
    R4                                                0.000    22.222 r  clk (IN)
                         net (fo=0)                   0.000    22.222    clk_gen/inst/clk_in1
    R4                   IBUF (Prop_ibuf_I_O)         1.405    23.627 r  clk_gen/inst/clkin1_ibufg/O
                         net (fo=1, routed)           1.181    24.808    clk_gen/inst/clk_in1_clk_wiz_0
    PLLE2_ADV_X1Y2       PLLE2_ADV (Prop_plle2_adv_CLKIN1_CLKOUT0)
                                                     -8.206    16.602 r  clk_gen/inst/plle2_adv_inst/CLKOUT0
                         net (fo=1, routed)           1.718    18.320    clk_gen/inst/clk_out1_clk_wiz_0
    BUFGCTRL_X0Y0        BUFG (Prop_bufg_I_O)         0.091    18.411 r  clk_gen/inst/clkout1_buf/O
                         net (fo=12699, routed)       1.984    20.395    rv64im72f_6sp/program_counter/clk_out1
    SLICE_X32Y43         FDCE                                         r  rv64im72f_6sp/program_counter/pc_reg[44]/C
                         clock pessimism             -0.499    19.896    
                         clock uncertainty           -0.089    19.807    
    SLICE_X32Y43         FDCE (Setup_fdce_C_D)        0.029    19.836    rv64im72f_6sp/program_counter/pc_reg[44]
  -------------------------------------------------------------------
                         required time                         19.836    
                         arrival time                         -19.442    
  -------------------------------------------------------------------
                         slack                                  0.394    

Slack (MET) :             0.395ns  (required time - arrival time)
  Source:                 rv64im72f_6sp/ex_mem_register/MEM_alu_result_reg[12]_rep__9_replica_1/C
                            (rising edge-triggered cell FDCE clocked by clk_out1_clk_wiz_0  {rise@0.000ns fall@11.111ns period=22.222ns})
  Destination:            rv64im72f_6sp/program_counter/pc_reg[52]/D
                            (rising edge-triggered cell FDCE clocked by clk_out1_clk_wiz_0  {rise@0.000ns fall@11.111ns period=22.222ns})
  Path Group:             clk_out1_clk_wiz_0
  Path Type:              Setup (Max at Slow Process Corner)
  Requirement:            22.222ns  (clk_out1_clk_wiz_0 rise@22.222ns - clk_out1_clk_wiz_0 rise@0.000ns)
  Data Path Delay:        21.949ns  (logic 5.617ns (25.592%)  route 16.332ns (74.408%))
  Logic Levels:           31  (CARRY4=7 LUT2=2 LUT3=1 LUT4=1 LUT5=3 LUT6=15 MUXF7=2)
  Clock Path Skew:        0.182ns (DCD - SCD + CPR)
    Destination Clock Delay (DCD):    -1.827ns = ( 20.395 - 22.222 ) 
    Source Clock Delay      (SCD):    -2.508ns
    Clock Pessimism Removal (CPR):    -0.499ns
  Clock Uncertainty:      0.089ns  ((TSJ^2 + DJ^2)^1/2) / 2 + PE
    Total System Jitter     (TSJ):    0.071ns
    Discrete Jitter          (DJ):    0.163ns
    Phase Error              (PE):    0.000ns

    Location             Delay type                Incr(ns)  Path(ns)    Netlist Resource(s)
  -------------------------------------------------------------------    -------------------
                         (clock clk_out1_clk_wiz_0 rise edge)
                                                      0.000     0.000 r  
    R4                                                0.000     0.000 r  clk (IN)
                         net (fo=0)                   0.000     0.000    clk_gen/inst/clk_in1
    R4                   IBUF (Prop_ibuf_I_O)         1.475     1.475 r  clk_gen/inst/clkin1_ibufg/O
                         net (fo=1, routed)           1.253     2.728    clk_gen/inst/clk_in1_clk_wiz_0
    PLLE2_ADV_X1Y2       PLLE2_ADV (Prop_plle2_adv_CLKIN1_CLKOUT0)
                                                     -8.953    -6.225 r  clk_gen/inst/plle2_adv_inst/CLKOUT0
                         net (fo=1, routed)           1.802    -4.422    clk_gen/inst/clk_out1_clk_wiz_0
    BUFGCTRL_X0Y0        BUFG (Prop_bufg_I_O)         0.096    -4.326 r  clk_gen/inst/clkout1_buf/O
                         net (fo=12699, routed)       1.818    -2.508    rv64im72f_6sp/ex_mem_register/clk_out1
    SLICE_X68Y77         FDCE                                         r  rv64im72f_6sp/ex_mem_register/MEM_alu_result_reg[12]_rep__9_replica_1/C
  -------------------------------------------------------------------    -------------------
    SLICE_X68Y77         FDCE (Prop_fdce_C_Q)         0.518    -1.990 r  rv64im72f_6sp/ex_mem_register/MEM_alu_result_reg[12]_rep__9_replica_1/Q
                         net (fo=3, routed)           0.289    -1.700    rv64im72f_6sp/ex_mem_register/MEM_alu_result_reg[12]_rep__9_n_0_repN_1
    SLICE_X69Y77         LUT2 (Prop_lut2_I1_O)        0.124    -1.576 r  rv64im72f_6sp/ex_mem_register/WB_byte_enable_logic_register_file_write_data[63]_i_47/O
                         net (fo=89, routed)          0.753    -0.823    rv64im72f_6sp/ex_mem_register/WB_byte_enable_logic_register_file_write_data[63]_i_47_n_0
    SLICE_X71Y77         LUT3 (Prop_lut3_I0_O)        0.124    -0.699 r  rv64im72f_6sp/ex_mem_register/WB_byte_enable_logic_register_file_write_data[59]_i_28/O
                         net (fo=42, routed)          1.802     1.103    rv64im72f_6sp/ex_mem_register/WB_byte_enable_logic_register_file_write_data[59]_i_28_n_0
    SLICE_X78Y67         LUT6 (Prop_lut6_I1_O)        0.124     1.227 r  rv64im72f_6sp/ex_mem_register/WB_byte_enable_logic_register_file_write_data[12]_i_28/O
                         net (fo=1, routed)           1.034     2.261    rv64im72f_6sp/ex_mem_register/WB_byte_enable_logic_register_file_write_data[12]_i_28_n_0
    SLICE_X76Y63         LUT6 (Prop_lut6_I1_O)        0.124     2.385 r  rv64im72f_6sp/ex_mem_register/WB_byte_enable_logic_register_file_write_data[12]_i_13/O
                         net (fo=1, routed)           0.806     3.191    rv64im72f_6sp/ex_mem_register/WB_byte_enable_logic_register_file_write_data[12]_i_13_n_0
    SLICE_X75Y63         LUT6 (Prop_lut6_I3_O)        0.124     3.315 r  rv64im72f_6sp/ex_mem_register/WB_byte_enable_logic_register_file_write_data[12]_i_9/O
                         net (fo=1, routed)           0.429     3.744    rv64im72f_6sp/ex_mem_register/WB_byte_enable_logic_register_file_write_data[12]_i_9_n_0
    SLICE_X73Y63         LUT6 (Prop_lut6_I1_O)        0.124     3.868 r  rv64im72f_6sp/ex_mem_register/WB_byte_enable_logic_register_file_write_data[12]_i_8/O
                         net (fo=1, routed)           1.210     5.078    rv64im72f_6sp/ex_mem_register/WB_byte_enable_logic_register_file_write_data[12]_i_8_n_0
    SLICE_X45Y63         LUT6 (Prop_lut6_I2_O)        0.124     5.202 r  rv64im72f_6sp/ex_mem_register/WB_byte_enable_logic_register_file_write_data[12]_i_7/O
                         net (fo=1, routed)           0.300     5.502    rv64im72f_6sp/ex_mem_register/WB_byte_enable_logic_register_file_write_data[12]_i_7_n_0
    SLICE_X43Y63         LUT6 (Prop_lut6_I2_O)        0.124     5.626 r  rv64im72f_6sp/ex_mem_register/WB_byte_enable_logic_register_file_write_data[12]_i_6/O
                         net (fo=1, routed)           0.525     6.151    rv64im72f_6sp/ex_mem_register/WB_byte_enable_logic_register_file_write_data[12]_i_6_n_0
    SLICE_X41Y61         LUT4 (Prop_lut4_I1_O)        0.124     6.275 r  rv64im72f_6sp/ex_mem_register/WB_byte_enable_logic_register_file_write_data[12]_i_5/O
                         net (fo=1, routed)           0.304     6.579    rv64im72f_6sp/ex_mem_register/rom_read_data[12]
    SLICE_X38Y60         LUT5 (Prop_lut5_I1_O)        0.124     6.703 r  rv64im72f_6sp/ex_mem_register/WB_byte_enable_logic_register_file_write_data[12]_i_4/O
                         net (fo=3, routed)           0.798     7.501    rv64im72f_6sp/ex_mem_register/data_memory_read_data_muxed[12]
    SLICE_X32Y57         LUT6 (Prop_lut6_I3_O)        0.124     7.625 r  rv64im72f_6sp/ex_mem_register/WB_byte_enable_logic_register_file_write_data[4]_i_3/O
                         net (fo=2, routed)           0.000     7.625    rv64im72f_6sp/ex_mem_register/WB_byte_enable_logic_register_file_write_data[4]_i_3_n_0
    SLICE_X32Y57         MUXF7 (Prop_muxf7_I0_O)      0.212     7.837 r  rv64im72f_6sp/ex_mem_register/dividend_reg_reg[4]_i_13/O
                         net (fo=1, routed)           0.303     8.140    rv64im72f_6sp/ex_mem_register/dividend_reg_reg[4]_i_13_n_0
    SLICE_X32Y56         LUT6 (Prop_lut6_I5_O)        0.299     8.439 r  rv64im72f_6sp/ex_mem_register/dividend_reg[4]_i_8/O
                         net (fo=1, routed)           0.000     8.439    rv64im72f_6sp/ex_mem_register/dividend_reg[4]_i_8_n_0
    SLICE_X32Y56         MUXF7 (Prop_muxf7_I0_O)      0.212     8.651 r  rv64im72f_6sp/ex_mem_register/dividend_reg_reg[4]_i_5/O
                         net (fo=4, routed)           1.067     9.719    rv64im72f_6sp/ex_mem_register/MEM_forward_data_value[4]
    SLICE_X27Y40         LUT6 (Prop_lut6_I0_O)        0.299    10.018 r  rv64im72f_6sp/ex_mem_register/divisor_latch[4]_i_2/O
                         net (fo=4, routed)           0.836    10.854    rv64im72f_6sp/id_ex_register/alu_forward_source_data_b[4]
    SLICE_X21Y34         LUT6 (Prop_lut6_I2_O)        0.124    10.978 r  rv64im72f_6sp/id_ex_register/divisor_latch[4]_i_1/O
                         net (fo=31, routed)          1.359    12.337    rv64im72f_6sp/id_ex_register/D[4]
    SLICE_X24Y18         LUT2 (Prop_lut2_I1_O)        0.124    12.461 r  rv64im72f_6sp/id_ex_register/EX2_alu_result[8]_i_59/O
                         net (fo=1, routed)           0.000    12.461    rv64im72f_6sp/alu/EX2_alu_result[4]_i_12[0]
    SLICE_X24Y18         CARRY4 (Prop_carry4_S[0]_CO[3])
                                                      0.532    12.993 r  rv64im72f_6sp/alu/EX2_alu_result_reg[8]_i_51/CO[3]
                         net (fo=1, routed)           0.000    12.993    rv64im72f_6sp/alu/EX2_alu_result_reg[8]_i_51_n_0
    SLICE_X24Y19         CARRY4 (Prop_carry4_CI_CO[3])
                                                      0.114    13.107 r  rv64im72f_6sp/alu/EX2_alu_result_reg[8]_i_30/CO[3]
                         net (fo=1, routed)           0.000    13.107    rv64im72f_6sp/alu/EX2_alu_result_reg[8]_i_30_n_0
    SLICE_X24Y20         CARRY4 (Prop_carry4_CI_CO[3])
                                                      0.114    13.221 r  rv64im72f_6sp/alu/EX2_alu_result_reg[15]_i_19/CO[3]
                         net (fo=1, routed)           0.000    13.221    rv64im72f_6sp/alu/EX2_alu_result_reg[15]_i_19_n_0
    SLICE_X24Y21         CARRY4 (Prop_carry4_CI_CO[3])
                                                      0.114    13.335 r  rv64im72f_6sp/alu/EX2_alu_result_reg[19]_i_19/CO[3]
                         net (fo=1, routed)           0.000    13.335    rv64im72f_6sp/alu/EX2_alu_result_reg[19]_i_19_n_0
    SLICE_X24Y22         CARRY4 (Prop_carry4_CI_CO[3])
                                                      0.114    13.449 r  rv64im72f_6sp/alu/EX2_alu_result_reg[23]_i_19/CO[3]
                         net (fo=1, routed)           0.000    13.449    rv64im72f_6sp/alu/EX2_alu_result_reg[23]_i_19_n_0
    SLICE_X24Y23         CARRY4 (Prop_carry4_CI_CO[3])
                                                      0.114    13.563 r  rv64im72f_6sp/alu/EX2_alu_result_reg[27]_i_19/CO[3]
                         net (fo=1, routed)           0.000    13.563    rv64im72f_6sp/alu/EX2_alu_result_reg[27]_i_19_n_0
    SLICE_X24Y24         CARRY4 (Prop_carry4_CI_O[3])
                                                      0.313    13.876 r  rv64im72f_6sp/alu/EX2_alu_result_reg[30]_i_25/O[3]
                         net (fo=1, routed)           0.613    14.489    rv64im72f_6sp/id_ex_register/EX2_alu_result[63]_i_21_1[30]
    SLICE_X27Y25         LUT6 (Prop_lut6_I3_O)        0.306    14.795 r  rv64im72f_6sp/id_ex_register/EX2_alu_result[63]_i_25/O
                         net (fo=1, routed)           0.402    15.198    rv64im72f_6sp/id_ex_register/EX2_alu_result[63]_i_25_n_0
    SLICE_X27Y25         LUT5 (Prop_lut5_I1_O)        0.124    15.322 r  rv64im72f_6sp/id_ex_register/EX2_alu_result[63]_i_21/O
                         net (fo=2, routed)           0.604    15.925    rv64im72f_6sp/id_ex_register/alu/alu_word_result[31]
    SLICE_X28Y28         LUT6 (Prop_lut6_I0_O)        0.124    16.049 r  rv64im72f_6sp/id_ex_register/EX2_alu_result[63]_i_13/O
                         net (fo=1, routed)           0.701    16.751    rv64im72f_6sp/id_ex_register/EX2_alu_result[63]_i_13_n_0
    SLICE_X28Y33         LUT6 (Prop_lut6_I3_O)        0.124    16.875 r  rv64im72f_6sp/id_ex_register/EX2_alu_result[63]_i_7/O
                         net (fo=33, routed)          1.133    18.007    rv64im72f_6sp/id_ex_register/EX2_alu_result[63]_i_7_n_0
    SLICE_X25Y46         LUT6 (Prop_lut6_I4_O)        0.124    18.131 r  rv64im72f_6sp/id_ex_register/EX2_alu_result[52]_i_2/O
                         net (fo=2, routed)           0.617    18.749    rv64im72f_6sp/program_counter/pc_reg[63]_2[51]
    SLICE_X34Y45         LUT6 (Prop_lut6_I5_O)        0.124    18.873 r  rv64im72f_6sp/program_counter/pc[52]_i_2/O
                         net (fo=1, routed)           0.444    19.317    rv64im72f_6sp/program_counter/pc[52]_i_2_n_0
    SLICE_X34Y45         LUT5 (Prop_lut5_I1_O)        0.124    19.441 r  rv64im72f_6sp/program_counter/pc[52]_i_1/O
                         net (fo=1, routed)           0.000    19.441    rv64im72f_6sp/program_counter/next_pc[52]
    SLICE_X34Y45         FDCE                                         r  rv64im72f_6sp/program_counter/pc_reg[52]/D
  -------------------------------------------------------------------    -------------------

                         (clock clk_out1_clk_wiz_0 rise edge)
                                                     22.222    22.222 r  
    R4                                                0.000    22.222 r  clk (IN)
                         net (fo=0)                   0.000    22.222    clk_gen/inst/clk_in1
    R4                   IBUF (Prop_ibuf_I_O)         1.405    23.627 r  clk_gen/inst/clkin1_ibufg/O
                         net (fo=1, routed)           1.181    24.808    clk_gen/inst/clk_in1_clk_wiz_0
    PLLE2_ADV_X1Y2       PLLE2_ADV (Prop_plle2_adv_CLKIN1_CLKOUT0)
                                                     -8.206    16.602 r  clk_gen/inst/plle2_adv_inst/CLKOUT0
                         net (fo=1, routed)           1.718    18.320    clk_gen/inst/clk_out1_clk_wiz_0
    BUFGCTRL_X0Y0        BUFG (Prop_bufg_I_O)         0.091    18.411 r  clk_gen/inst/clkout1_buf/O
                         net (fo=12699, routed)       1.984    20.395    rv64im72f_6sp/program_counter/clk_out1
    SLICE_X34Y45         FDCE                                         r  rv64im72f_6sp/program_counter/pc_reg[52]/C
                         clock pessimism             -0.499    19.896    
                         clock uncertainty           -0.089    19.807    
    SLICE_X34Y45         FDCE (Setup_fdce_C_D)        0.029    19.836    rv64im72f_6sp/program_counter/pc_reg[52]
  -------------------------------------------------------------------
                         required time                         19.836    
                         arrival time                         -19.441    
  -------------------------------------------------------------------
                         slack                                  0.395    





Min Delay Paths
--------------------------------------------------------------------------------------
Slack (MET) :             0.097ns  (arrival time - required time)
  Source:                 rv64im72f_6sp/ex_mem_register/MEM_imm_reg[29]/C
                            (rising edge-triggered cell FDCE clocked by clk_out1_clk_wiz_0  {rise@0.000ns fall@11.111ns period=22.222ns})
  Destination:            rv64im72f_6sp/mem_wb_register/WB_imm_reg[29]/D
                            (rising edge-triggered cell FDCE clocked by clk_out1_clk_wiz_0  {rise@0.000ns fall@11.111ns period=22.222ns})
  Path Group:             clk_out1_clk_wiz_0
  Path Type:              Hold (Min at Fast Process Corner)
  Requirement:            0.000ns  (clk_out1_clk_wiz_0 rise@0.000ns - clk_out1_clk_wiz_0 rise@0.000ns)
  Data Path Delay:        0.506ns  (logic 0.141ns (27.841%)  route 0.365ns (72.159%))
  Logic Levels:           0  
  Clock Path Skew:        0.339ns (DCD - SCD - CPR)
    Destination Clock Delay (DCD):    -0.292ns
    Source Clock Delay      (SCD):    -0.594ns
    Clock Pessimism Removal (CPR):    -0.037ns

    Location             Delay type                Incr(ns)  Path(ns)    Netlist Resource(s)
  -------------------------------------------------------------------    -------------------
                         (clock clk_out1_clk_wiz_0 rise edge)
                                                      0.000     0.000 r  
    R4                                                0.000     0.000 r  clk (IN)
                         net (fo=0)                   0.000     0.000    clk_gen/inst/clk_in1
    R4                   IBUF (Prop_ibuf_I_O)         0.243     0.243 r  clk_gen/inst/clkin1_ibufg/O
                         net (fo=1, routed)           0.440     0.683    clk_gen/inst/clk_in1_clk_wiz_0
    PLLE2_ADV_X1Y2       PLLE2_ADV (Prop_plle2_adv_CLKIN1_CLKOUT0)
                                                     -2.503    -1.819 r  clk_gen/inst/plle2_adv_inst/CLKOUT0
                         net (fo=1, routed)           0.546    -1.273    clk_gen/inst/clk_out1_clk_wiz_0
    BUFGCTRL_X0Y0        BUFG (Prop_bufg_I_O)         0.026    -1.247 r  clk_gen/inst/clkout1_buf/O
                         net (fo=12699, routed)       0.653    -0.594    rv64im72f_6sp/ex_mem_register/clk_out1
    SLICE_X53Y51         FDCE                                         r  rv64im72f_6sp/ex_mem_register/MEM_imm_reg[29]/C
  -------------------------------------------------------------------    -------------------
    SLICE_X53Y51         FDCE (Prop_fdce_C_Q)         0.141    -0.453 r  rv64im72f_6sp/ex_mem_register/MEM_imm_reg[29]/Q
                         net (fo=2, routed)           0.365    -0.088    rv64im72f_6sp/mem_wb_register/WB_imm_reg[63]_1[29]
    SLICE_X51Y42         FDCE                                         r  rv64im72f_6sp/mem_wb_register/WB_imm_reg[29]/D
  -------------------------------------------------------------------    -------------------

                         (clock clk_out1_clk_wiz_0 rise edge)
                                                      0.000     0.000 r  
    R4                                                0.000     0.000 r  clk (IN)
                         net (fo=0)                   0.000     0.000    clk_gen/inst/clk_in1
    R4                   IBUF (Prop_ibuf_I_O)         0.431     0.431 r  clk_gen/inst/clkin1_ibufg/O
                         net (fo=1, routed)           0.481     0.912    clk_gen/inst/clk_in1_clk_wiz_0
    PLLE2_ADV_X1Y2       PLLE2_ADV (Prop_plle2_adv_CLKIN1_CLKOUT0)
                                                     -2.828    -1.916 r  clk_gen/inst/plle2_adv_inst/CLKOUT0
                         net (fo=1, routed)           0.595    -1.322    clk_gen/inst/clk_out1_clk_wiz_0
    BUFGCTRL_X0Y0        BUFG (Prop_bufg_I_O)         0.029    -1.293 r  clk_gen/inst/clkout1_buf/O
                         net (fo=12699, routed)       1.001    -0.292    rv64im72f_6sp/mem_wb_register/clk_out1
    SLICE_X51Y42         FDCE                                         r  rv64im72f_6sp/mem_wb_register/WB_imm_reg[29]/C
                         clock pessimism              0.037    -0.255    
    SLICE_X51Y42         FDCE (Hold_fdce_C_D)         0.070    -0.185    rv64im72f_6sp/mem_wb_register/WB_imm_reg[29]
  -------------------------------------------------------------------
                         required time                          0.185    
                         arrival time                          -0.088    
  -------------------------------------------------------------------
                         slack                                  0.097    

Slack (MET) :             0.101ns  (arrival time - required time)
  Source:                 rv64im72f_6sp/alu/divider_dword/remainder_quotient_reg[123]/C
                            (rising edge-triggered cell FDCE clocked by clk_out1_clk_wiz_0  {rise@0.000ns fall@11.111ns period=22.222ns})
  Destination:            rv64im72f_6sp/alu/divider_dword/remainder_quotient_reg[124]/D
                            (rising edge-triggered cell FDCE clocked by clk_out1_clk_wiz_0  {rise@0.000ns fall@11.111ns period=22.222ns})
  Path Group:             clk_out1_clk_wiz_0
  Path Type:              Hold (Min at Fast Process Corner)
  Requirement:            0.000ns  (clk_out1_clk_wiz_0 rise@0.000ns - clk_out1_clk_wiz_0 rise@0.000ns)
  Data Path Delay:        0.389ns  (logic 0.186ns (47.802%)  route 0.203ns (52.198%))
  Logic Levels:           1  (LUT4=1)
  Clock Path Skew:        0.196ns (DCD - SCD - CPR)
    Destination Clock Delay (DCD):    -0.292ns
    Source Clock Delay      (SCD):    -0.452ns
    Clock Pessimism Removal (CPR):    -0.037ns

    Location             Delay type                Incr(ns)  Path(ns)    Netlist Resource(s)
  -------------------------------------------------------------------    -------------------
                         (clock clk_out1_clk_wiz_0 rise edge)
                                                      0.000     0.000 r  
    R4                                                0.000     0.000 r  clk (IN)
                         net (fo=0)                   0.000     0.000    clk_gen/inst/clk_in1
    R4                   IBUF (Prop_ibuf_I_O)         0.243     0.243 r  clk_gen/inst/clkin1_ibufg/O
                         net (fo=1, routed)           0.440     0.683    clk_gen/inst/clk_in1_clk_wiz_0
    PLLE2_ADV_X1Y2       PLLE2_ADV (Prop_plle2_adv_CLKIN1_CLKOUT0)
                                                     -2.503    -1.819 r  clk_gen/inst/plle2_adv_inst/CLKOUT0
                         net (fo=1, routed)           0.546    -1.273    clk_gen/inst/clk_out1_clk_wiz_0
    BUFGCTRL_X0Y0        BUFG (Prop_bufg_I_O)         0.026    -1.247 r  clk_gen/inst/clkout1_buf/O
                         net (fo=12699, routed)       0.796    -0.452    rv64im72f_6sp/alu/divider_dword/clk_out1
    SLICE_X3Y49          FDCE                                         r  rv64im72f_6sp/alu/divider_dword/remainder_quotient_reg[123]/C
  -------------------------------------------------------------------    -------------------
    SLICE_X3Y49          FDCE (Prop_fdce_C_Q)         0.141    -0.311 r  rv64im72f_6sp/alu/divider_dword/remainder_quotient_reg[123]/Q
                         net (fo=5, routed)           0.203    -0.107    rv64im72f_6sp/alu/p_1_in[60]
    SLICE_X1Y50          LUT4 (Prop_lut4_I0_O)        0.045    -0.062 r  rv64im72f_6sp/alu/i___105/O
                         net (fo=1, routed)           0.000    -0.062    rv64im72f_6sp/alu/divider_dword/remainder_quotient_reg[127]_1[60]
    SLICE_X1Y50          FDCE                                         r  rv64im72f_6sp/alu/divider_dword/remainder_quotient_reg[124]/D
  -------------------------------------------------------------------    -------------------

                         (clock clk_out1_clk_wiz_0 rise edge)
                                                      0.000     0.000 r  
    R4                                                0.000     0.000 r  clk (IN)
                         net (fo=0)                   0.000     0.000    clk_gen/inst/clk_in1
    R4                   IBUF (Prop_ibuf_I_O)         0.431     0.431 r  clk_gen/inst/clkin1_ibufg/O
                         net (fo=1, routed)           0.481     0.912    clk_gen/inst/clk_in1_clk_wiz_0
    PLLE2_ADV_X1Y2       PLLE2_ADV (Prop_plle2_adv_CLKIN1_CLKOUT0)
                                                     -2.828    -1.916 r  clk_gen/inst/plle2_adv_inst/CLKOUT0
                         net (fo=1, routed)           0.595    -1.322    clk_gen/inst/clk_out1_clk_wiz_0
    BUFGCTRL_X0Y0        BUFG (Prop_bufg_I_O)         0.029    -1.293 r  clk_gen/inst/clkout1_buf/O
                         net (fo=12699, routed)       1.001    -0.292    rv64im72f_6sp/alu/divider_dword/clk_out1
    SLICE_X1Y50          FDCE                                         r  rv64im72f_6sp/alu/divider_dword/remainder_quotient_reg[124]/C
                         clock pessimism              0.037    -0.255    
    SLICE_X1Y50          FDCE (Hold_fdce_C_D)         0.092    -0.163    rv64im72f_6sp/alu/divider_dword/remainder_quotient_reg[124]
  -------------------------------------------------------------------
                         required time                          0.163    
                         arrival time                          -0.062    
  -------------------------------------------------------------------
                         slack                                  0.101    

Slack (MET) :             0.101ns  (arrival time - required time)
  Source:                 rv64im72f_6sp/alu/divider_dword/divisor_latch_reg[51]/C
                            (rising edge-triggered cell FDRE clocked by clk_out1_clk_wiz_0  {rise@0.000ns fall@11.111ns period=22.222ns})
  Destination:            rv64im72f_6sp/alu/divider_dword/divisor_reg_reg[51]/D
                            (rising edge-triggered cell FDCE clocked by clk_out1_clk_wiz_0  {rise@0.000ns fall@11.111ns period=22.222ns})
  Path Group:             clk_out1_clk_wiz_0
  Path Type:              Hold (Min at Fast Process Corner)
  Requirement:            0.000ns  (clk_out1_clk_wiz_0 rise@0.000ns - clk_out1_clk_wiz_0 rise@0.000ns)
  Data Path Delay:        0.390ns  (logic 0.186ns (47.713%)  route 0.204ns (52.287%))
  Logic Levels:           1  (LUT3=1)
  Clock Path Skew:        0.197ns (DCD - SCD - CPR)
    Destination Clock Delay (DCD):    -0.294ns
    Source Clock Delay      (SCD):    -0.455ns
    Clock Pessimism Removal (CPR):    -0.037ns

    Location             Delay type                Incr(ns)  Path(ns)    Netlist Resource(s)
  -------------------------------------------------------------------    -------------------
                         (clock clk_out1_clk_wiz_0 rise edge)
                                                      0.000     0.000 r  
    R4                                                0.000     0.000 r  clk (IN)
                         net (fo=0)                   0.000     0.000    clk_gen/inst/clk_in1
    R4                   IBUF (Prop_ibuf_I_O)         0.243     0.243 r  clk_gen/inst/clkin1_ibufg/O
                         net (fo=1, routed)           0.440     0.683    clk_gen/inst/clk_in1_clk_wiz_0
    PLLE2_ADV_X1Y2       PLLE2_ADV (Prop_plle2_adv_CLKIN1_CLKOUT0)
                                                     -2.503    -1.819 r  clk_gen/inst/plle2_adv_inst/CLKOUT0
                         net (fo=1, routed)           0.546    -1.273    clk_gen/inst/clk_out1_clk_wiz_0
    BUFGCTRL_X0Y0        BUFG (Prop_bufg_I_O)         0.026    -1.247 r  clk_gen/inst/clkout1_buf/O
                         net (fo=12699, routed)       0.793    -0.455    rv64im72f_6sp/alu/divider_dword/clk_out1
    SLICE_X7Y46          FDRE                                         r  rv64im72f_6sp/alu/divider_dword/divisor_latch_reg[51]/C
  -------------------------------------------------------------------    -------------------
    SLICE_X7Y46          FDRE (Prop_fdre_C_Q)         0.141    -0.314 r  rv64im72f_6sp/alu/divider_dword/divisor_latch_reg[51]/Q
                         net (fo=2, routed)           0.204    -0.110    rv64im72f_6sp/alu/divider_dword/divisor_latch_reg_n_0_[51]
    SLICE_X5Y51          LUT3 (Prop_lut3_I2_O)        0.045    -0.065 r  rv64im72f_6sp/alu/divider_dword/divisor_reg[51]_i_1/O
                         net (fo=1, routed)           0.000    -0.065    rv64im72f_6sp/alu/divider_dword/divisor_reg[51]_i_1_n_0
    SLICE_X5Y51          FDCE                                         r  rv64im72f_6sp/alu/divider_dword/divisor_reg_reg[51]/D
  -------------------------------------------------------------------    -------------------

                         (clock clk_out1_clk_wiz_0 rise edge)
                                                      0.000     0.000 r  
    R4                                                0.000     0.000 r  clk (IN)
                         net (fo=0)                   0.000     0.000    clk_gen/inst/clk_in1
    R4                   IBUF (Prop_ibuf_I_O)         0.431     0.431 r  clk_gen/inst/clkin1_ibufg/O
                         net (fo=1, routed)           0.481     0.912    clk_gen/inst/clk_in1_clk_wiz_0
    PLLE2_ADV_X1Y2       PLLE2_ADV (Prop_plle2_adv_CLKIN1_CLKOUT0)
                                                     -2.828    -1.916 r  clk_gen/inst/plle2_adv_inst/CLKOUT0
                         net (fo=1, routed)           0.595    -1.322    clk_gen/inst/clk_out1_clk_wiz_0
    BUFGCTRL_X0Y0        BUFG (Prop_bufg_I_O)         0.029    -1.293 r  clk_gen/inst/clkout1_buf/O
                         net (fo=12699, routed)       0.999    -0.294    rv64im72f_6sp/alu/divider_dword/clk_out1
    SLICE_X5Y51          FDCE                                         r  rv64im72f_6sp/alu/divider_dword/divisor_reg_reg[51]/C
                         clock pessimism              0.037    -0.257    
    SLICE_X5Y51          FDCE (Hold_fdce_C_D)         0.091    -0.166    rv64im72f_6sp/alu/divider_dword/divisor_reg_reg[51]
  -------------------------------------------------------------------
                         required time                          0.166    
                         arrival time                          -0.065    
  -------------------------------------------------------------------
                         slack                                  0.101    

Slack (MET) :             0.106ns  (arrival time - required time)
  Source:                 rv64im72f_6sp/id_ex_register/EX_pc_plus_4_reg[7]/C
                            (rising edge-triggered cell FDCE clocked by clk_out1_clk_wiz_0  {rise@0.000ns fall@11.111ns period=22.222ns})
  Destination:            rv64im72f_6sp/ex_ex2_register/EX2_pc_plus_4_reg[7]/D
                            (rising edge-triggered cell FDCE clocked by clk_out1_clk_wiz_0  {rise@0.000ns fall@11.111ns period=22.222ns})
  Path Group:             clk_out1_clk_wiz_0
  Path Type:              Hold (Min at Fast Process Corner)
  Requirement:            0.000ns  (clk_out1_clk_wiz_0 rise@0.000ns - clk_out1_clk_wiz_0 rise@0.000ns)
  Data Path Delay:        0.240ns  (logic 0.186ns (77.466%)  route 0.054ns (22.534%))
  Logic Levels:           1  (LUT2=1)
  Clock Path Skew:        0.013ns (DCD - SCD - CPR)
    Destination Clock Delay (DCD):    -0.303ns
    Source Clock Delay      (SCD):    -0.533ns
    Clock Pessimism Removal (CPR):    0.217ns

    Location             Delay type                Incr(ns)  Path(ns)    Netlist Resource(s)
  -------------------------------------------------------------------    -------------------
                         (clock clk_out1_clk_wiz_0 rise edge)
                                                      0.000     0.000 r  
    R4                                                0.000     0.000 r  clk (IN)
                         net (fo=0)                   0.000     0.000    clk_gen/inst/clk_in1
    R4                   IBUF (Prop_ibuf_I_O)         0.243     0.243 r  clk_gen/inst/clkin1_ibufg/O
                         net (fo=1, routed)           0.440     0.683    clk_gen/inst/clk_in1_clk_wiz_0
    PLLE2_ADV_X1Y2       PLLE2_ADV (Prop_plle2_adv_CLKIN1_CLKOUT0)
                                                     -2.503    -1.819 r  clk_gen/inst/plle2_adv_inst/CLKOUT0
                         net (fo=1, routed)           0.546    -1.273    clk_gen/inst/clk_out1_clk_wiz_0
    BUFGCTRL_X0Y0        BUFG (Prop_bufg_I_O)         0.026    -1.247 r  clk_gen/inst/clkout1_buf/O
                         net (fo=12699, routed)       0.715    -0.533    rv64im72f_6sp/id_ex_register/clk_out1
    SLICE_X45Y22         FDCE                                         r  rv64im72f_6sp/id_ex_register/EX_pc_plus_4_reg[7]/C
  -------------------------------------------------------------------    -------------------
    SLICE_X45Y22         FDCE (Prop_fdce_C_Q)         0.141    -0.392 r  rv64im72f_6sp/id_ex_register/EX_pc_plus_4_reg[7]/Q
                         net (fo=1, routed)           0.054    -0.337    rv64im72f_6sp/id_ex_register/EX_pc_plus_4[7]
    SLICE_X44Y22         LUT2 (Prop_lut2_I0_O)        0.045    -0.292 r  rv64im72f_6sp/id_ex_register/EX2_pc_plus_4[7]_i_1/O
                         net (fo=1, routed)           0.000    -0.292    rv64im72f_6sp/ex_ex2_register/EX2_pc_plus_4_reg[63]_1[7]
    SLICE_X44Y22         FDCE                                         r  rv64im72f_6sp/ex_ex2_register/EX2_pc_plus_4_reg[7]/D
  -------------------------------------------------------------------    -------------------

                         (clock clk_out1_clk_wiz_0 rise edge)
                                                      0.000     0.000 r  
    R4                                                0.000     0.000 r  clk (IN)
                         net (fo=0)                   0.000     0.000    clk_gen/inst/clk_in1
    R4                   IBUF (Prop_ibuf_I_O)         0.431     0.431 r  clk_gen/inst/clkin1_ibufg/O
                         net (fo=1, routed)           0.481     0.912    clk_gen/inst/clk_in1_clk_wiz_0
    PLLE2_ADV_X1Y2       PLLE2_ADV (Prop_plle2_adv_CLKIN1_CLKOUT0)
                                                     -2.828    -1.916 r  clk_gen/inst/plle2_adv_inst/CLKOUT0
                         net (fo=1, routed)           0.595    -1.322    clk_gen/inst/clk_out1_clk_wiz_0
    BUFGCTRL_X0Y0        BUFG (Prop_bufg_I_O)         0.029    -1.293 r  clk_gen/inst/clkout1_buf/O
                         net (fo=12699, routed)       0.990    -0.303    rv64im72f_6sp/ex_ex2_register/clk_out1
    SLICE_X44Y22         FDCE                                         r  rv64im72f_6sp/ex_ex2_register/EX2_pc_plus_4_reg[7]/C
                         clock pessimism             -0.217    -0.520    
    SLICE_X44Y22         FDCE (Hold_fdce_C_D)         0.121    -0.399    rv64im72f_6sp/ex_ex2_register/EX2_pc_plus_4_reg[7]
  -------------------------------------------------------------------
                         required time                          0.399    
                         arrival time                          -0.292    
  -------------------------------------------------------------------
                         slack                                  0.106    

Slack (MET) :             0.109ns  (arrival time - required time)
  Source:                 rv64im72f_6sp/ex_ex2_register/EX2_rs2_reg[1]/C
                            (rising edge-triggered cell FDCE clocked by clk_out1_clk_wiz_0  {rise@0.000ns fall@11.111ns period=22.222ns})
  Destination:            rv64im72f_6sp/ex_mem_register/MEM_rs2_reg[1]/D
                            (rising edge-triggered cell FDCE clocked by clk_out1_clk_wiz_0  {rise@0.000ns fall@11.111ns period=22.222ns})
  Path Group:             clk_out1_clk_wiz_0
  Path Type:              Hold (Min at Fast Process Corner)
  Requirement:            0.000ns  (clk_out1_clk_wiz_0 rise@0.000ns - clk_out1_clk_wiz_0 rise@0.000ns)
  Data Path Delay:        0.242ns  (logic 0.186ns (76.827%)  route 0.056ns (23.173%))
  Logic Levels:           1  (LUT2=1)
  Clock Path Skew:        0.013ns (DCD - SCD - CPR)
    Destination Clock Delay (DCD):    -0.302ns
    Source Clock Delay      (SCD):    -0.533ns
    Clock Pessimism Removal (CPR):    0.218ns

    Location             Delay type                Incr(ns)  Path(ns)    Netlist Resource(s)
  -------------------------------------------------------------------    -------------------
                         (clock clk_out1_clk_wiz_0 rise edge)
                                                      0.000     0.000 r  
    R4                                                0.000     0.000 r  clk (IN)
                         net (fo=0)                   0.000     0.000    clk_gen/inst/clk_in1
    R4                   IBUF (Prop_ibuf_I_O)         0.243     0.243 r  clk_gen/inst/clkin1_ibufg/O
                         net (fo=1, routed)           0.440     0.683    clk_gen/inst/clk_in1_clk_wiz_0
    PLLE2_ADV_X1Y2       PLLE2_ADV (Prop_plle2_adv_CLKIN1_CLKOUT0)
                                                     -2.503    -1.819 r  clk_gen/inst/plle2_adv_inst/CLKOUT0
                         net (fo=1, routed)           0.546    -1.273    clk_gen/inst/clk_out1_clk_wiz_0
    BUFGCTRL_X0Y0        BUFG (Prop_bufg_I_O)         0.026    -1.247 r  clk_gen/inst/clkout1_buf/O
                         net (fo=12699, routed)       0.715    -0.533    rv64im72f_6sp/ex_ex2_register/clk_out1
    SLICE_X43Y21         FDCE                                         r  rv64im72f_6sp/ex_ex2_register/EX2_rs2_reg[1]/C
  -------------------------------------------------------------------    -------------------
    SLICE_X43Y21         FDCE (Prop_fdce_C_Q)         0.141    -0.392 r  rv64im72f_6sp/ex_ex2_register/EX2_rs2_reg[1]/Q
                         net (fo=1, routed)           0.056    -0.335    rv64im72f_6sp/ex_ex2_register/EX2_rs2[1]
    SLICE_X42Y21         LUT2 (Prop_lut2_I0_O)        0.045    -0.290 r  rv64im72f_6sp/ex_ex2_register/MEM_rs2[1]_i_1/O
                         net (fo=1, routed)           0.000    -0.290    rv64im72f_6sp/ex_mem_register/MEM_rs2_reg[4]_1[1]
    SLICE_X42Y21         FDCE                                         r  rv64im72f_6sp/ex_mem_register/MEM_rs2_reg[1]/D
  -------------------------------------------------------------------    -------------------

                         (clock clk_out1_clk_wiz_0 rise edge)
                                                      0.000     0.000 r  
    R4                                                0.000     0.000 r  clk (IN)
                         net (fo=0)                   0.000     0.000    clk_gen/inst/clk_in1
    R4                   IBUF (Prop_ibuf_I_O)         0.431     0.431 r  clk_gen/inst/clkin1_ibufg/O
                         net (fo=1, routed)           0.481     0.912    clk_gen/inst/clk_in1_clk_wiz_0
    PLLE2_ADV_X1Y2       PLLE2_ADV (Prop_plle2_adv_CLKIN1_CLKOUT0)
                                                     -2.828    -1.916 r  clk_gen/inst/plle2_adv_inst/CLKOUT0
                         net (fo=1, routed)           0.595    -1.322    clk_gen/inst/clk_out1_clk_wiz_0
    BUFGCTRL_X0Y0        BUFG (Prop_bufg_I_O)         0.029    -1.293 r  clk_gen/inst/clkout1_buf/O
                         net (fo=12699, routed)       0.991    -0.302    rv64im72f_6sp/ex_mem_register/clk_out1
    SLICE_X42Y21         FDCE                                         r  rv64im72f_6sp/ex_mem_register/MEM_rs2_reg[1]/C
                         clock pessimism             -0.218    -0.520    
    SLICE_X42Y21         FDCE (Hold_fdce_C_D)         0.120    -0.400    rv64im72f_6sp/ex_mem_register/MEM_rs2_reg[1]
  -------------------------------------------------------------------
                         required time                          0.400    
                         arrival time                          -0.290    
  -------------------------------------------------------------------
                         slack                                  0.109    

Slack (MET) :             0.117ns  (arrival time - required time)
  Source:                 rv64im72f_6sp/alu/multiplier_dword/prod_ALBL_s2_reg[13]__1/C
                            (rising edge-triggered cell FDCE clocked by clk_out1_clk_wiz_0  {rise@0.000ns fall@11.111ns period=22.222ns})
  Destination:            rv64im72f_6sp/alu/multiplier_dword/prod_low_reg[13]/D
                            (rising edge-triggered cell FDCE clocked by clk_out1_clk_wiz_0  {rise@0.000ns fall@11.111ns period=22.222ns})
  Path Group:             clk_out1_clk_wiz_0
  Path Type:              Hold (Min at Fast Process Corner)
  Requirement:            0.000ns  (clk_out1_clk_wiz_0 rise@0.000ns - clk_out1_clk_wiz_0 rise@0.000ns)
  Data Path Delay:        0.251ns  (logic 0.186ns (74.042%)  route 0.065ns (25.958%))
  Logic Levels:           1  (LUT3=1)
  Clock Path Skew:        0.013ns (DCD - SCD - CPR)
    Destination Clock Delay (DCD):    -0.248ns
    Source Clock Delay      (SCD):    -0.482ns
    Clock Pessimism Removal (CPR):    0.221ns

    Location             Delay type                Incr(ns)  Path(ns)    Netlist Resource(s)
  -------------------------------------------------------------------    -------------------
                         (clock clk_out1_clk_wiz_0 rise edge)
                                                      0.000     0.000 r  
    R4                                                0.000     0.000 r  clk (IN)
                         net (fo=0)                   0.000     0.000    clk_gen/inst/clk_in1
    R4                   IBUF (Prop_ibuf_I_O)         0.243     0.243 r  clk_gen/inst/clkin1_ibufg/O
                         net (fo=1, routed)           0.440     0.683    clk_gen/inst/clk_in1_clk_wiz_0
    PLLE2_ADV_X1Y2       PLLE2_ADV (Prop_plle2_adv_CLKIN1_CLKOUT0)
                                                     -2.503    -1.819 r  clk_gen/inst/plle2_adv_inst/CLKOUT0
                         net (fo=1, routed)           0.546    -1.273    clk_gen/inst/clk_out1_clk_wiz_0
    BUFGCTRL_X0Y0        BUFG (Prop_bufg_I_O)         0.026    -1.247 r  clk_gen/inst/clkout1_buf/O
                         net (fo=12699, routed)       0.766    -0.482    rv64im72f_6sp/alu/multiplier_dword/clk_out1
    SLICE_X9Y3           FDCE                                         r  rv64im72f_6sp/alu/multiplier_dword/prod_ALBL_s2_reg[13]__1/C
  -------------------------------------------------------------------    -------------------
    SLICE_X9Y3           FDCE (Prop_fdce_C_Q)         0.141    -0.341 r  rv64im72f_6sp/alu/multiplier_dword/prod_ALBL_s2_reg[13]__1/Q
                         net (fo=2, routed)           0.065    -0.275    rv64im72f_6sp/alu/multiplier_dword/prod_ALBL_s2_reg[13]__1_n_0
    SLICE_X8Y3           LUT3 (Prop_lut3_I2_O)        0.045    -0.230 r  rv64im72f_6sp/alu/multiplier_dword/prod_low[13]_i_1__0/O
                         net (fo=1, routed)           0.000    -0.230    rv64im72f_6sp/alu/multiplier_dword/prod_low[13]_i_1__0_n_0
    SLICE_X8Y3           FDCE                                         r  rv64im72f_6sp/alu/multiplier_dword/prod_low_reg[13]/D
  -------------------------------------------------------------------    -------------------

                         (clock clk_out1_clk_wiz_0 rise edge)
                                                      0.000     0.000 r  
    R4                                                0.000     0.000 r  clk (IN)
                         net (fo=0)                   0.000     0.000    clk_gen/inst/clk_in1
    R4                   IBUF (Prop_ibuf_I_O)         0.431     0.431 r  clk_gen/inst/clkin1_ibufg/O
                         net (fo=1, routed)           0.481     0.912    clk_gen/inst/clk_in1_clk_wiz_0
    PLLE2_ADV_X1Y2       PLLE2_ADV (Prop_plle2_adv_CLKIN1_CLKOUT0)
                                                     -2.828    -1.916 r  clk_gen/inst/plle2_adv_inst/CLKOUT0
                         net (fo=1, routed)           0.595    -1.322    clk_gen/inst/clk_out1_clk_wiz_0
    BUFGCTRL_X0Y0        BUFG (Prop_bufg_I_O)         0.029    -1.293 r  clk_gen/inst/clkout1_buf/O
                         net (fo=12699, routed)       1.045    -0.248    rv64im72f_6sp/alu/multiplier_dword/clk_out1
    SLICE_X8Y3           FDCE                                         r  rv64im72f_6sp/alu/multiplier_dword/prod_low_reg[13]/C
                         clock pessimism             -0.221    -0.469    
    SLICE_X8Y3           FDCE (Hold_fdce_C_D)         0.121    -0.348    rv64im72f_6sp/alu/multiplier_dword/prod_low_reg[13]
  -------------------------------------------------------------------
                         required time                          0.348    
                         arrival time                          -0.230    
  -------------------------------------------------------------------
                         slack                                  0.117    

Slack (MET) :             0.117ns  (arrival time - required time)
  Source:                 rv64im72f_6sp/alu/multiplier_dword/prod_ALBL_s2_reg[4]__1/C
                            (rising edge-triggered cell FDCE clocked by clk_out1_clk_wiz_0  {rise@0.000ns fall@11.111ns period=22.222ns})
  Destination:            rv64im72f_6sp/alu/multiplier_dword/prod_low_reg[4]/D
                            (rising edge-triggered cell FDCE clocked by clk_out1_clk_wiz_0  {rise@0.000ns fall@11.111ns period=22.222ns})
  Path Group:             clk_out1_clk_wiz_0
  Path Type:              Hold (Min at Fast Process Corner)
  Requirement:            0.000ns  (clk_out1_clk_wiz_0 rise@0.000ns - clk_out1_clk_wiz_0 rise@0.000ns)
  Data Path Delay:        0.251ns  (logic 0.186ns (74.042%)  route 0.065ns (25.958%))
  Logic Levels:           1  (LUT3=1)
  Clock Path Skew:        0.013ns (DCD - SCD - CPR)
    Destination Clock Delay (DCD):    -0.247ns
    Source Clock Delay      (SCD):    -0.481ns
    Clock Pessimism Removal (CPR):    0.221ns

    Location             Delay type                Incr(ns)  Path(ns)    Netlist Resource(s)
  -------------------------------------------------------------------    -------------------
                         (clock clk_out1_clk_wiz_0 rise edge)
                                                      0.000     0.000 r  
    R4                                                0.000     0.000 r  clk (IN)
                         net (fo=0)                   0.000     0.000    clk_gen/inst/clk_in1
    R4                   IBUF (Prop_ibuf_I_O)         0.243     0.243 r  clk_gen/inst/clkin1_ibufg/O
                         net (fo=1, routed)           0.440     0.683    clk_gen/inst/clk_in1_clk_wiz_0
    PLLE2_ADV_X1Y2       PLLE2_ADV (Prop_plle2_adv_CLKIN1_CLKOUT0)
                                                     -2.503    -1.819 r  clk_gen/inst/plle2_adv_inst/CLKOUT0
                         net (fo=1, routed)           0.546    -1.273    clk_gen/inst/clk_out1_clk_wiz_0
    BUFGCTRL_X0Y0        BUFG (Prop_bufg_I_O)         0.026    -1.247 r  clk_gen/inst/clkout1_buf/O
                         net (fo=12699, routed)       0.767    -0.481    rv64im72f_6sp/alu/multiplier_dword/clk_out1
    SLICE_X9Y1           FDCE                                         r  rv64im72f_6sp/alu/multiplier_dword/prod_ALBL_s2_reg[4]__1/C
  -------------------------------------------------------------------    -------------------
    SLICE_X9Y1           FDCE (Prop_fdce_C_Q)         0.141    -0.340 r  rv64im72f_6sp/alu/multiplier_dword/prod_ALBL_s2_reg[4]__1/Q
                         net (fo=2, routed)           0.065    -0.274    rv64im72f_6sp/alu/multiplier_dword/prod_ALBL_s2_reg[4]__1_n_0
    SLICE_X8Y1           LUT3 (Prop_lut3_I2_O)        0.045    -0.229 r  rv64im72f_6sp/alu/multiplier_dword/prod_low[4]_i_1__0/O
                         net (fo=1, routed)           0.000    -0.229    rv64im72f_6sp/alu/multiplier_dword/prod_low[4]_i_1__0_n_0
    SLICE_X8Y1           FDCE                                         r  rv64im72f_6sp/alu/multiplier_dword/prod_low_reg[4]/D
  -------------------------------------------------------------------    -------------------

                         (clock clk_out1_clk_wiz_0 rise edge)
                                                      0.000     0.000 r  
    R4                                                0.000     0.000 r  clk (IN)
                         net (fo=0)                   0.000     0.000    clk_gen/inst/clk_in1
    R4                   IBUF (Prop_ibuf_I_O)         0.431     0.431 r  clk_gen/inst/clkin1_ibufg/O
                         net (fo=1, routed)           0.481     0.912    clk_gen/inst/clk_in1_clk_wiz_0
    PLLE2_ADV_X1Y2       PLLE2_ADV (Prop_plle2_adv_CLKIN1_CLKOUT0)
                                                     -2.828    -1.916 r  clk_gen/inst/plle2_adv_inst/CLKOUT0
                         net (fo=1, routed)           0.595    -1.322    clk_gen/inst/clk_out1_clk_wiz_0
    BUFGCTRL_X0Y0        BUFG (Prop_bufg_I_O)         0.029    -1.293 r  clk_gen/inst/clkout1_buf/O
                         net (fo=12699, routed)       1.046    -0.247    rv64im72f_6sp/alu/multiplier_dword/clk_out1
    SLICE_X8Y1           FDCE                                         r  rv64im72f_6sp/alu/multiplier_dword/prod_low_reg[4]/C
                         clock pessimism             -0.221    -0.468    
    SLICE_X8Y1           FDCE (Hold_fdce_C_D)         0.121    -0.347    rv64im72f_6sp/alu/multiplier_dword/prod_low_reg[4]
  -------------------------------------------------------------------
                         required time                          0.347    
                         arrival time                          -0.229    
  -------------------------------------------------------------------
                         slack                                  0.117    

Slack (MET) :             0.118ns  (arrival time - required time)
  Source:                 rv64im72f_6sp/id_ex_register/EX_csr_read_data_reg[39]/C
                            (rising edge-triggered cell FDCE clocked by clk_out1_clk_wiz_0  {rise@0.000ns fall@11.111ns period=22.222ns})
  Destination:            rv64im72f_6sp/ex_ex2_register/EX2_csr_read_data_reg[39]/D
                            (rising edge-triggered cell FDCE clocked by clk_out1_clk_wiz_0  {rise@0.000ns fall@11.111ns period=22.222ns})
  Path Group:             clk_out1_clk_wiz_0
  Path Type:              Hold (Min at Fast Process Corner)
  Requirement:            0.000ns  (clk_out1_clk_wiz_0 rise@0.000ns - clk_out1_clk_wiz_0 rise@0.000ns)
  Data Path Delay:        0.404ns  (logic 0.186ns (46.081%)  route 0.218ns (53.919%))
  Logic Levels:           1  (LUT2=1)
  Clock Path Skew:        0.194ns (DCD - SCD - CPR)
    Destination Clock Delay (DCD):    -0.331ns
    Source Clock Delay      (SCD):    -0.489ns
    Clock Pessimism Removal (CPR):    -0.037ns

    Location             Delay type                Incr(ns)  Path(ns)    Netlist Resource(s)
  -------------------------------------------------------------------    -------------------
                         (clock clk_out1_clk_wiz_0 rise edge)
                                                      0.000     0.000 r  
    R4                                                0.000     0.000 r  clk (IN)
                         net (fo=0)                   0.000     0.000    clk_gen/inst/clk_in1
    R4                   IBUF (Prop_ibuf_I_O)         0.243     0.243 r  clk_gen/inst/clkin1_ibufg/O
                         net (fo=1, routed)           0.440     0.683    clk_gen/inst/clk_in1_clk_wiz_0
    PLLE2_ADV_X1Y2       PLLE2_ADV (Prop_plle2_adv_CLKIN1_CLKOUT0)
                                                     -2.503    -1.819 r  clk_gen/inst/plle2_adv_inst/CLKOUT0
                         net (fo=1, routed)           0.546    -1.273    clk_gen/inst/clk_out1_clk_wiz_0
    BUFGCTRL_X0Y0        BUFG (Prop_bufg_I_O)         0.026    -1.247 r  clk_gen/inst/clkout1_buf/O
                         net (fo=12699, routed)       0.759    -0.489    rv64im72f_6sp/id_ex_register/clk_out1
    SLICE_X33Y49         FDCE                                         r  rv64im72f_6sp/id_ex_register/EX_csr_read_data_reg[39]/C
  -------------------------------------------------------------------    -------------------
    SLICE_X33Y49         FDCE (Prop_fdce_C_Q)         0.141    -0.348 r  rv64im72f_6sp/id_ex_register/EX_csr_read_data_reg[39]/Q
                         net (fo=1, routed)           0.218    -0.130    rv64im72f_6sp/id_ex_register/EX_csr_read_data[39]
    SLICE_X33Y51         LUT2 (Prop_lut2_I0_O)        0.045    -0.085 r  rv64im72f_6sp/id_ex_register/EX2_csr_read_data[39]_i_1/O
                         net (fo=1, routed)           0.000    -0.085    rv64im72f_6sp/ex_ex2_register/EX2_csr_read_data_reg[63]_1[39]
    SLICE_X33Y51         FDCE                                         r  rv64im72f_6sp/ex_ex2_register/EX2_csr_read_data_reg[39]/D
  -------------------------------------------------------------------    -------------------

                         (clock clk_out1_clk_wiz_0 rise edge)
                                                      0.000     0.000 r  
    R4                                                0.000     0.000 r  clk (IN)
                         net (fo=0)                   0.000     0.000    clk_gen/inst/clk_in1
    R4                   IBUF (Prop_ibuf_I_O)         0.431     0.431 r  clk_gen/inst/clkin1_ibufg/O
                         net (fo=1, routed)           0.481     0.912    clk_gen/inst/clk_in1_clk_wiz_0
    PLLE2_ADV_X1Y2       PLLE2_ADV (Prop_plle2_adv_CLKIN1_CLKOUT0)
                                                     -2.828    -1.916 r  clk_gen/inst/plle2_adv_inst/CLKOUT0
                         net (fo=1, routed)           0.595    -1.322    clk_gen/inst/clk_out1_clk_wiz_0
    BUFGCTRL_X0Y0        BUFG (Prop_bufg_I_O)         0.029    -1.293 r  clk_gen/inst/clkout1_buf/O
                         net (fo=12699, routed)       0.962    -0.331    rv64im72f_6sp/ex_ex2_register/clk_out1
    SLICE_X33Y51         FDCE                                         r  rv64im72f_6sp/ex_ex2_register/EX2_csr_read_data_reg[39]/C
                         clock pessimism              0.037    -0.294    
    SLICE_X33Y51         FDCE (Hold_fdce_C_D)         0.091    -0.203    rv64im72f_6sp/ex_ex2_register/EX2_csr_read_data_reg[39]
  -------------------------------------------------------------------
                         required time                          0.203    
                         arrival time                          -0.085    
  -------------------------------------------------------------------
                         slack                                  0.118    

Slack (MET) :             0.121ns  (arrival time - required time)
  Source:                 rv64im72f_6sp/id_ex_register/EX_raw_imm_reg[10]/C
                            (rising edge-triggered cell FDCE clocked by clk_out1_clk_wiz_0  {rise@0.000ns fall@11.111ns period=22.222ns})
  Destination:            rv64im72f_6sp/ex_ex2_register/EX2_raw_imm_reg[10]/D
                            (rising edge-triggered cell FDCE clocked by clk_out1_clk_wiz_0  {rise@0.000ns fall@11.111ns period=22.222ns})
  Path Group:             clk_out1_clk_wiz_0
  Path Type:              Hold (Min at Fast Process Corner)
  Requirement:            0.000ns  (clk_out1_clk_wiz_0 rise@0.000ns - clk_out1_clk_wiz_0 rise@0.000ns)
  Data Path Delay:        0.254ns  (logic 0.186ns (73.160%)  route 0.068ns (26.840%))
  Logic Levels:           1  (LUT2=1)
  Clock Path Skew:        0.013ns (DCD - SCD - CPR)
    Destination Clock Delay (DCD):    -0.297ns
    Source Clock Delay      (SCD):    -0.528ns
    Clock Pessimism Removal (CPR):    0.218ns

    Location             Delay type                Incr(ns)  Path(ns)    Netlist Resource(s)
  -------------------------------------------------------------------    -------------------
                         (clock clk_out1_clk_wiz_0 rise edge)
                                                      0.000     0.000 r  
    R4                                                0.000     0.000 r  clk (IN)
                         net (fo=0)                   0.000     0.000    clk_gen/inst/clk_in1
    R4                   IBUF (Prop_ibuf_I_O)         0.243     0.243 r  clk_gen/inst/clkin1_ibufg/O
                         net (fo=1, routed)           0.440     0.683    clk_gen/inst/clk_in1_clk_wiz_0
    PLLE2_ADV_X1Y2       PLLE2_ADV (Prop_plle2_adv_CLKIN1_CLKOUT0)
                                                     -2.503    -1.819 r  clk_gen/inst/plle2_adv_inst/CLKOUT0
                         net (fo=1, routed)           0.546    -1.273    clk_gen/inst/clk_out1_clk_wiz_0
    BUFGCTRL_X0Y0        BUFG (Prop_bufg_I_O)         0.026    -1.247 r  clk_gen/inst/clkout1_buf/O
                         net (fo=12699, routed)       0.720    -0.528    rv64im72f_6sp/id_ex_register/clk_out1
    SLICE_X47Y15         FDCE                                         r  rv64im72f_6sp/id_ex_register/EX_raw_imm_reg[10]/C
  -------------------------------------------------------------------    -------------------
    SLICE_X47Y15         FDCE (Prop_fdce_C_Q)         0.141    -0.387 r  rv64im72f_6sp/id_ex_register/EX_raw_imm_reg[10]/Q
                         net (fo=4, routed)           0.068    -0.318    rv64im72f_6sp/id_ex_register/EX_raw_imm_reg[11]_0[10]
    SLICE_X46Y15         LUT2 (Prop_lut2_I0_O)        0.045    -0.273 r  rv64im72f_6sp/id_ex_register/EX2_raw_imm[10]_i_1/O
                         net (fo=1, routed)           0.000    -0.273    rv64im72f_6sp/ex_ex2_register/EX2_raw_imm_reg[11]_1[10]
    SLICE_X46Y15         FDCE                                         r  rv64im72f_6sp/ex_ex2_register/EX2_raw_imm_reg[10]/D
  -------------------------------------------------------------------    -------------------

                         (clock clk_out1_clk_wiz_0 rise edge)
                                                      0.000     0.000 r  
    R4                                                0.000     0.000 r  clk (IN)
                         net (fo=0)                   0.000     0.000    clk_gen/inst/clk_in1
    R4                   IBUF (Prop_ibuf_I_O)         0.431     0.431 r  clk_gen/inst/clkin1_ibufg/O
                         net (fo=1, routed)           0.481     0.912    clk_gen/inst/clk_in1_clk_wiz_0
    PLLE2_ADV_X1Y2       PLLE2_ADV (Prop_plle2_adv_CLKIN1_CLKOUT0)
                                                     -2.828    -1.916 r  clk_gen/inst/plle2_adv_inst/CLKOUT0
                         net (fo=1, routed)           0.595    -1.322    clk_gen/inst/clk_out1_clk_wiz_0
    BUFGCTRL_X0Y0        BUFG (Prop_bufg_I_O)         0.029    -1.293 r  clk_gen/inst/clkout1_buf/O
                         net (fo=12699, routed)       0.996    -0.297    rv64im72f_6sp/ex_ex2_register/clk_out1
    SLICE_X46Y15         FDCE                                         r  rv64im72f_6sp/ex_ex2_register/EX2_raw_imm_reg[10]/C
                         clock pessimism             -0.218    -0.515    
    SLICE_X46Y15         FDCE (Hold_fdce_C_D)         0.120    -0.395    rv64im72f_6sp/ex_ex2_register/EX2_raw_imm_reg[10]
  -------------------------------------------------------------------
                         required time                          0.395    
                         arrival time                          -0.273    
  -------------------------------------------------------------------
                         slack                                  0.121    

Slack (MET) :             0.127ns  (arrival time - required time)
  Source:                 rv64im72f_6sp/alu/divider_dword/divisor_latch_reg[58]/C
                            (rising edge-triggered cell FDRE clocked by clk_out1_clk_wiz_0  {rise@0.000ns fall@11.111ns period=22.222ns})
  Destination:            rv64im72f_6sp/alu/divider_dword/divisor_reg_reg[58]/D
                            (rising edge-triggered cell FDCE clocked by clk_out1_clk_wiz_0  {rise@0.000ns fall@11.111ns period=22.222ns})
  Path Group:             clk_out1_clk_wiz_0
  Path Type:              Hold (Min at Fast Process Corner)
  Requirement:            0.000ns  (clk_out1_clk_wiz_0 rise@0.000ns - clk_out1_clk_wiz_0 rise@0.000ns)
  Data Path Delay:        0.416ns  (logic 0.186ns (44.716%)  route 0.230ns (55.284%))
  Logic Levels:           1  (LUT3=1)
  Clock Path Skew:        0.198ns (DCD - SCD - CPR)
    Destination Clock Delay (DCD):    -0.292ns
    Source Clock Delay      (SCD):    -0.454ns
    Clock Pessimism Removal (CPR):    -0.037ns

    Location             Delay type                Incr(ns)  Path(ns)    Netlist Resource(s)
  -------------------------------------------------------------------    -------------------
                         (clock clk_out1_clk_wiz_0 rise edge)
                                                      0.000     0.000 r  
    R4                                                0.000     0.000 r  clk (IN)
                         net (fo=0)                   0.000     0.000    clk_gen/inst/clk_in1
    R4                   IBUF (Prop_ibuf_I_O)         0.243     0.243 r  clk_gen/inst/clkin1_ibufg/O
                         net (fo=1, routed)           0.440     0.683    clk_gen/inst/clk_in1_clk_wiz_0
    PLLE2_ADV_X1Y2       PLLE2_ADV (Prop_plle2_adv_CLKIN1_CLKOUT0)
                                                     -2.503    -1.819 r  clk_gen/inst/plle2_adv_inst/CLKOUT0
                         net (fo=1, routed)           0.546    -1.273    clk_gen/inst/clk_out1_clk_wiz_0
    BUFGCTRL_X0Y0        BUFG (Prop_bufg_I_O)         0.026    -1.247 r  clk_gen/inst/clkout1_buf/O
                         net (fo=12699, routed)       0.794    -0.454    rv64im72f_6sp/alu/divider_dword/clk_out1
    SLICE_X5Y49          FDRE                                         r  rv64im72f_6sp/alu/divider_dword/divisor_latch_reg[58]/C
  -------------------------------------------------------------------    -------------------
    SLICE_X5Y49          FDRE (Prop_fdre_C_Q)         0.141    -0.313 r  rv64im72f_6sp/alu/divider_dword/divisor_latch_reg[58]/Q
                         net (fo=2, routed)           0.230    -0.083    rv64im72f_6sp/alu/divider_dword/divisor_latch_reg_n_0_[58]
    SLICE_X3Y50          LUT3 (Prop_lut3_I2_O)        0.045    -0.038 r  rv64im72f_6sp/alu/divider_dword/divisor_reg[58]_i_1/O
                         net (fo=1, routed)           0.000    -0.038    rv64im72f_6sp/alu/divider_dword/divisor_reg[58]_i_1_n_0
    SLICE_X3Y50          FDCE                                         r  rv64im72f_6sp/alu/divider_dword/divisor_reg_reg[58]/D
  -------------------------------------------------------------------    -------------------

                         (clock clk_out1_clk_wiz_0 rise edge)
                                                      0.000     0.000 r  
    R4                                                0.000     0.000 r  clk (IN)
                         net (fo=0)                   0.000     0.000    clk_gen/inst/clk_in1
    R4                   IBUF (Prop_ibuf_I_O)         0.431     0.431 r  clk_gen/inst/clkin1_ibufg/O
                         net (fo=1, routed)           0.481     0.912    clk_gen/inst/clk_in1_clk_wiz_0
    PLLE2_ADV_X1Y2       PLLE2_ADV (Prop_plle2_adv_CLKIN1_CLKOUT0)
                                                     -2.828    -1.916 r  clk_gen/inst/plle2_adv_inst/CLKOUT0
                         net (fo=1, routed)           0.595    -1.322    clk_gen/inst/clk_out1_clk_wiz_0
    BUFGCTRL_X0Y0        BUFG (Prop_bufg_I_O)         0.029    -1.293 r  clk_gen/inst/clkout1_buf/O
                         net (fo=12699, routed)       1.001    -0.292    rv64im72f_6sp/alu/divider_dword/clk_out1
    SLICE_X3Y50          FDCE                                         r  rv64im72f_6sp/alu/divider_dword/divisor_reg_reg[58]/C
                         clock pessimism              0.037    -0.255    
    SLICE_X3Y50          FDCE (Hold_fdce_C_D)         0.091    -0.164    rv64im72f_6sp/alu/divider_dword/divisor_reg_reg[58]
  -------------------------------------------------------------------
                         required time                          0.164    
                         arrival time                          -0.038    
  -------------------------------------------------------------------
                         slack                                  0.127    





Pulse Width Checks
--------------------------------------------------------------------------------------
Clock Name:         clk_out1_clk_wiz_0
Waveform(ns):       { 0.000 11.111 }
Period(ns):         22.222
Sources:            { clk_gen/inst/plle2_adv_inst/CLKOUT0 }

Check Type        Corner  Lib Pin            Reference Pin  Required(ns)  Actual(ns)  Slack(ns)  Location        Pin
Min Period        n/a     BUFG/I             n/a            2.155         22.222      20.067     BUFGCTRL_X0Y0   clk_gen/inst/clkout1_buf/I
Min Period        n/a     DSP48E1/CLK        n/a            2.154         22.222      20.068     DSP48_X0Y9      rv64im72f_6sp/alu/multiplier_dword/mult_AHBH__0/CLK
Min Period        n/a     DSP48E1/CLK        n/a            2.154         22.222      20.068     DSP48_X0Y7      rv64im72f_6sp/alu/multiplier_dword/mult_AHBH__2/CLK
Min Period        n/a     DSP48E1/CLK        n/a            2.154         22.222      20.068     DSP48_X1Y7      rv64im72f_6sp/alu/multiplier_dword/mult_AHBL__0/CLK
Min Period        n/a     DSP48E1/CLK        n/a            2.154         22.222      20.068     DSP48_X0Y5      rv64im72f_6sp/alu/multiplier_dword/mult_AHBL__2/CLK
Min Period        n/a     DSP48E1/CLK        n/a            2.154         22.222      20.068     DSP48_X0Y3      rv64im72f_6sp/alu/multiplier_dword/mult_ALBH__0/CLK
Min Period        n/a     DSP48E1/CLK        n/a            2.154         22.222      20.068     DSP48_X0Y1      rv64im72f_6sp/alu/multiplier_dword/mult_ALBH__2/CLK
Min Period        n/a     DSP48E1/CLK        n/a            2.154         22.222      20.068     DSP48_X1Y5      rv64im72f_6sp/alu/multiplier_dword/mult_ALBL__0/CLK
Min Period        n/a     DSP48E1/CLK        n/a            2.154         22.222      20.068     DSP48_X1Y3      rv64im72f_6sp/alu/multiplier_dword/mult_ALBL__2/CLK
Min Period        n/a     DSP48E1/CLK        n/a            2.154         22.222      20.068     DSP48_X1Y9      rv64im72f_6sp/alu/multiplier_word/mult_result__0/CLK
Max Period        n/a     PLLE2_ADV/CLKOUT0  n/a            160.000       22.222      137.778    PLLE2_ADV_X1Y2  clk_gen/inst/plle2_adv_inst/CLKOUT0
Low Pulse Width   Slow    RAMS64E/CLK        n/a            1.250         11.111      9.861      SLICE_X14Y44    rv64im72f_6sp/data_memory/memory_reg_0_255_0_0/RAMS64E_A/CLK
Low Pulse Width   Fast    RAMS64E/CLK        n/a            1.250         11.111      9.861      SLICE_X14Y44    rv64im72f_6sp/data_memory/memory_reg_0_255_0_0/RAMS64E_A/CLK
Low Pulse Width   Slow    RAMS64E/CLK        n/a            1.250         11.111      9.861      SLICE_X14Y44    rv64im72f_6sp/data_memory/memory_reg_0_255_0_0/RAMS64E_B/CLK
Low Pulse Width   Fast    RAMS64E/CLK        n/a            1.250         11.111      9.861      SLICE_X14Y44    rv64im72f_6sp/data_memory/memory_reg_0_255_0_0/RAMS64E_B/CLK
Low Pulse Width   Slow    RAMS64E/CLK        n/a            1.250         11.111      9.861      SLICE_X14Y44    rv64im72f_6sp/data_memory/memory_reg_0_255_0_0/RAMS64E_C/CLK
Low Pulse Width   Fast    RAMS64E/CLK        n/a            1.250         11.111      9.861      SLICE_X14Y44    rv64im72f_6sp/data_memory/memory_reg_0_255_0_0/RAMS64E_C/CLK
Low Pulse Width   Slow    RAMS64E/CLK        n/a            1.250         11.111      9.861      SLICE_X14Y44    rv64im72f_6sp/data_memory/memory_reg_0_255_0_0/RAMS64E_D/CLK
Low Pulse Width   Fast    RAMS64E/CLK        n/a            1.250         11.111      9.861      SLICE_X14Y44    rv64im72f_6sp/data_memory/memory_reg_0_255_0_0/RAMS64E_D/CLK
Low Pulse Width   Slow    RAMS64E/CLK        n/a            1.250         11.111      9.861      SLICE_X64Y61    rv64im72f_6sp/data_memory/memory_reg_0_255_10_10/RAMS64E_A/CLK
Low Pulse Width   Fast    RAMS64E/CLK        n/a            1.250         11.111      9.861      SLICE_X64Y61    rv64im72f_6sp/data_memory/memory_reg_0_255_10_10/RAMS64E_A/CLK
High Pulse Width  Slow    RAMS64E/CLK        n/a            1.250         11.111      9.861      SLICE_X14Y44    rv64im72f_6sp/data_memory/memory_reg_0_255_0_0/RAMS64E_A/CLK
High Pulse Width  Fast    RAMS64E/CLK        n/a            1.250         11.111      9.861      SLICE_X14Y44    rv64im72f_6sp/data_memory/memory_reg_0_255_0_0/RAMS64E_A/CLK
High Pulse Width  Slow    RAMS64E/CLK        n/a            1.250         11.111      9.861      SLICE_X14Y44    rv64im72f_6sp/data_memory/memory_reg_0_255_0_0/RAMS64E_B/CLK
High Pulse Width  Fast    RAMS64E/CLK        n/a            1.250         11.111      9.861      SLICE_X14Y44    rv64im72f_6sp/data_memory/memory_reg_0_255_0_0/RAMS64E_B/CLK
High Pulse Width  Slow    RAMS64E/CLK        n/a            1.250         11.111      9.861      SLICE_X14Y44    rv64im72f_6sp/data_memory/memory_reg_0_255_0_0/RAMS64E_C/CLK
High Pulse Width  Fast    RAMS64E/CLK        n/a            1.250         11.111      9.861      SLICE_X14Y44    rv64im72f_6sp/data_memory/memory_reg_0_255_0_0/RAMS64E_C/CLK
High Pulse Width  Slow    RAMS64E/CLK        n/a            1.250         11.111      9.861      SLICE_X14Y44    rv64im72f_6sp/data_memory/memory_reg_0_255_0_0/RAMS64E_D/CLK
High Pulse Width  Fast    RAMS64E/CLK        n/a            1.250         11.111      9.861      SLICE_X14Y44    rv64im72f_6sp/data_memory/memory_reg_0_255_0_0/RAMS64E_D/CLK
High Pulse Width  Slow    RAMS64E/CLK        n/a            1.250         11.111      9.861      SLICE_X64Y61    rv64im72f_6sp/data_memory/memory_reg_0_255_10_10/RAMS64E_A/CLK
High Pulse Width  Fast    RAMS64E/CLK        n/a            1.250         11.111      9.861      SLICE_X64Y61    rv64im72f_6sp/data_memory/memory_reg_0_255_10_10/RAMS64E_A/CLK



---------------------------------------------------------------------------------------------------
From Clock:  clkfbout_clk_wiz_0
  To Clock:  clkfbout_clk_wiz_0

Setup :           NA  Failing Endpoints,  Worst Slack           NA  ,  Total Violation           NA
Hold  :           NA  Failing Endpoints,  Worst Slack           NA  ,  Total Violation           NA
PW    :            0  Failing Endpoints,  Worst Slack        7.845ns,  Total Violation        0.000ns
---------------------------------------------------------------------------------------------------


Pulse Width Checks
--------------------------------------------------------------------------------------
Clock Name:         clkfbout_clk_wiz_0
Waveform(ns):       { 0.000 5.000 }
Period(ns):         10.000
Sources:            { clk_gen/inst/plle2_adv_inst/CLKFBOUT }

Check Type  Corner  Lib Pin             Reference Pin  Required(ns)  Actual(ns)  Slack(ns)  Location        Pin
Min Period  n/a     BUFG/I              n/a            2.155         10.000      7.845      BUFGCTRL_X0Y1   clk_gen/inst/clkf_buf/I
Min Period  n/a     PLLE2_ADV/CLKFBOUT  n/a            1.249         10.000      8.751      PLLE2_ADV_X1Y2  clk_gen/inst/plle2_adv_inst/CLKFBOUT
Min Period  n/a     PLLE2_ADV/CLKFBIN   n/a            1.249         10.000      8.751      PLLE2_ADV_X1Y2  clk_gen/inst/plle2_adv_inst/CLKFBIN
Max Period  n/a     PLLE2_ADV/CLKFBIN   n/a            52.633        10.000      42.633     PLLE2_ADV_X1Y2  clk_gen/inst/plle2_adv_inst/CLKFBIN
Max Period  n/a     PLLE2_ADV/CLKFBOUT  n/a            160.000       10.000      150.000    PLLE2_ADV_X1Y2  clk_gen/inst/plle2_adv_inst/CLKFBOUT



---------------------------------------------------------------------------------------------------
Path Group:  **async_default**
From Clock:  clk_out1_clk_wiz_0
  To Clock:  clk_out1_clk_wiz_0

Setup :            0  Failing Endpoints,  Worst Slack        5.764ns,  Total Violation        0.000ns
Hold  :            0  Failing Endpoints,  Worst Slack        0.514ns,  Total Violation        0.000ns
---------------------------------------------------------------------------------------------------


Max Delay Paths
--------------------------------------------------------------------------------------
Slack (MET) :             5.764ns  (required time - arrival time)
  Source:                 reset_sync_reg[2]/C
                            (rising edge-triggered cell FDPE clocked by clk_out1_clk_wiz_0  {rise@0.000ns fall@11.111ns period=22.222ns})
  Destination:            rv64im72f_6sp/alu/multiplier_dword/prod_low_reg[24]/CLR
                            (recovery check against rising-edge clock clk_out1_clk_wiz_0  {rise@0.000ns fall@11.111ns period=22.222ns})
  Path Group:             **async_default**
  Path Type:              Recovery (Max at Slow Process Corner)
  Requirement:            22.222ns  (clk_out1_clk_wiz_0 rise@22.222ns - clk_out1_clk_wiz_0 rise@0.000ns)
  Data Path Delay:        16.136ns  (logic 0.456ns (2.826%)  route 15.680ns (97.174%))
  Logic Levels:           0  
  Clock Path Skew:        0.086ns (DCD - SCD + CPR)
    Destination Clock Delay (DCD):    -1.817ns = ( 20.405 - 22.222 ) 
    Source Clock Delay      (SCD):    -2.402ns
    Clock Pessimism Removal (CPR):    -0.499ns
  Clock Uncertainty:      0.089ns  ((TSJ^2 + DJ^2)^1/2) / 2 + PE
    Total System Jitter     (TSJ):    0.071ns
    Discrete Jitter          (DJ):    0.163ns
    Phase Error              (PE):    0.000ns

    Location             Delay type                Incr(ns)  Path(ns)    Netlist Resource(s)
  -------------------------------------------------------------------    -------------------
                         (clock clk_out1_clk_wiz_0 rise edge)
                                                      0.000     0.000 r  
    R4                                                0.000     0.000 r  clk (IN)
                         net (fo=0)                   0.000     0.000    clk_gen/inst/clk_in1
    R4                   IBUF (Prop_ibuf_I_O)         1.475     1.475 r  clk_gen/inst/clkin1_ibufg/O
                         net (fo=1, routed)           1.253     2.728    clk_gen/inst/clk_in1_clk_wiz_0
    PLLE2_ADV_X1Y2       PLLE2_ADV (Prop_plle2_adv_CLKIN1_CLKOUT0)
                                                     -8.953    -6.225 r  clk_gen/inst/plle2_adv_inst/CLKOUT0
                         net (fo=1, routed)           1.802    -4.422    clk_gen/inst/clk_out1_clk_wiz_0
    BUFGCTRL_X0Y0        BUFG (Prop_bufg_I_O)         0.096    -4.326 r  clk_gen/inst/clkout1_buf/O
                         net (fo=12699, routed)       1.924    -2.402    clk_cpu
    SLICE_X41Y63         FDPE                                         r  reset_sync_reg[2]/C
  -------------------------------------------------------------------    -------------------
    SLICE_X41Y63         FDPE (Prop_fdpe_C_Q)         0.456    -1.946 f  reset_sync_reg[2]/Q
                         net (fo=4227, routed)       15.680    13.734    rv64im72f_6sp/alu/multiplier_dword/Q[0]
    SLICE_X8Y6           FDCE                                         f  rv64im72f_6sp/alu/multiplier_dword/prod_low_reg[24]/CLR
  -------------------------------------------------------------------    -------------------

                         (clock clk_out1_clk_wiz_0 rise edge)
                                                     22.222    22.222 r  
    R4                                                0.000    22.222 r  clk (IN)
                         net (fo=0)                   0.000    22.222    clk_gen/inst/clk_in1
    R4                   IBUF (Prop_ibuf_I_O)         1.405    23.627 r  clk_gen/inst/clkin1_ibufg/O
                         net (fo=1, routed)           1.181    24.808    clk_gen/inst/clk_in1_clk_wiz_0
    PLLE2_ADV_X1Y2       PLLE2_ADV (Prop_plle2_adv_CLKIN1_CLKOUT0)
                                                     -8.206    16.602 r  clk_gen/inst/plle2_adv_inst/CLKOUT0
                         net (fo=1, routed)           1.718    18.320    clk_gen/inst/clk_out1_clk_wiz_0
    BUFGCTRL_X0Y0        BUFG (Prop_bufg_I_O)         0.091    18.411 r  clk_gen/inst/clkout1_buf/O
                         net (fo=12699, routed)       1.994    20.405    rv64im72f_6sp/alu/multiplier_dword/clk_out1
    SLICE_X8Y6           FDCE                                         r  rv64im72f_6sp/alu/multiplier_dword/prod_low_reg[24]/C
                         clock pessimism             -0.499    19.906    
                         clock uncertainty           -0.089    19.817    
    SLICE_X8Y6           FDCE (Recov_fdce_C_CLR)     -0.319    19.498    rv64im72f_6sp/alu/multiplier_dword/prod_low_reg[24]
  -------------------------------------------------------------------
                         required time                         19.498    
                         arrival time                         -13.734    
  -------------------------------------------------------------------
                         slack                                  5.764    

Slack (MET) :             5.764ns  (required time - arrival time)
  Source:                 reset_sync_reg[2]/C
                            (rising edge-triggered cell FDPE clocked by clk_out1_clk_wiz_0  {rise@0.000ns fall@11.111ns period=22.222ns})
  Destination:            rv64im72f_6sp/alu/multiplier_dword/prod_low_reg[25]/CLR
                            (recovery check against rising-edge clock clk_out1_clk_wiz_0  {rise@0.000ns fall@11.111ns period=22.222ns})
  Path Group:             **async_default**
  Path Type:              Recovery (Max at Slow Process Corner)
  Requirement:            22.222ns  (clk_out1_clk_wiz_0 rise@22.222ns - clk_out1_clk_wiz_0 rise@0.000ns)
  Data Path Delay:        16.136ns  (logic 0.456ns (2.826%)  route 15.680ns (97.174%))
  Logic Levels:           0  
  Clock Path Skew:        0.086ns (DCD - SCD + CPR)
    Destination Clock Delay (DCD):    -1.817ns = ( 20.405 - 22.222 ) 
    Source Clock Delay      (SCD):    -2.402ns
    Clock Pessimism Removal (CPR):    -0.499ns
  Clock Uncertainty:      0.089ns  ((TSJ^2 + DJ^2)^1/2) / 2 + PE
    Total System Jitter     (TSJ):    0.071ns
    Discrete Jitter          (DJ):    0.163ns
    Phase Error              (PE):    0.000ns

    Location             Delay type                Incr(ns)  Path(ns)    Netlist Resource(s)
  -------------------------------------------------------------------    -------------------
                         (clock clk_out1_clk_wiz_0 rise edge)
                                                      0.000     0.000 r  
    R4                                                0.000     0.000 r  clk (IN)
                         net (fo=0)                   0.000     0.000    clk_gen/inst/clk_in1
    R4                   IBUF (Prop_ibuf_I_O)         1.475     1.475 r  clk_gen/inst/clkin1_ibufg/O
                         net (fo=1, routed)           1.253     2.728    clk_gen/inst/clk_in1_clk_wiz_0
    PLLE2_ADV_X1Y2       PLLE2_ADV (Prop_plle2_adv_CLKIN1_CLKOUT0)
                                                     -8.953    -6.225 r  clk_gen/inst/plle2_adv_inst/CLKOUT0
                         net (fo=1, routed)           1.802    -4.422    clk_gen/inst/clk_out1_clk_wiz_0
    BUFGCTRL_X0Y0        BUFG (Prop_bufg_I_O)         0.096    -4.326 r  clk_gen/inst/clkout1_buf/O
                         net (fo=12699, routed)       1.924    -2.402    clk_cpu
    SLICE_X41Y63         FDPE                                         r  reset_sync_reg[2]/C
  -------------------------------------------------------------------    -------------------
    SLICE_X41Y63         FDPE (Prop_fdpe_C_Q)         0.456    -1.946 f  reset_sync_reg[2]/Q
                         net (fo=4227, routed)       15.680    13.734    rv64im72f_6sp/alu/multiplier_dword/Q[0]
    SLICE_X8Y6           FDCE                                         f  rv64im72f_6sp/alu/multiplier_dword/prod_low_reg[25]/CLR
  -------------------------------------------------------------------    -------------------

                         (clock clk_out1_clk_wiz_0 rise edge)
                                                     22.222    22.222 r  
    R4                                                0.000    22.222 r  clk (IN)
                         net (fo=0)                   0.000    22.222    clk_gen/inst/clk_in1
    R4                   IBUF (Prop_ibuf_I_O)         1.405    23.627 r  clk_gen/inst/clkin1_ibufg/O
                         net (fo=1, routed)           1.181    24.808    clk_gen/inst/clk_in1_clk_wiz_0
    PLLE2_ADV_X1Y2       PLLE2_ADV (Prop_plle2_adv_CLKIN1_CLKOUT0)
                                                     -8.206    16.602 r  clk_gen/inst/plle2_adv_inst/CLKOUT0
                         net (fo=1, routed)           1.718    18.320    clk_gen/inst/clk_out1_clk_wiz_0
    BUFGCTRL_X0Y0        BUFG (Prop_bufg_I_O)         0.091    18.411 r  clk_gen/inst/clkout1_buf/O
                         net (fo=12699, routed)       1.994    20.405    rv64im72f_6sp/alu/multiplier_dword/clk_out1
    SLICE_X8Y6           FDCE                                         r  rv64im72f_6sp/alu/multiplier_dword/prod_low_reg[25]/C
                         clock pessimism             -0.499    19.906    
                         clock uncertainty           -0.089    19.817    
    SLICE_X8Y6           FDCE (Recov_fdce_C_CLR)     -0.319    19.498    rv64im72f_6sp/alu/multiplier_dword/prod_low_reg[25]
  -------------------------------------------------------------------
                         required time                         19.498    
                         arrival time                         -13.734    
  -------------------------------------------------------------------
                         slack                                  5.764    

Slack (MET) :             5.764ns  (required time - arrival time)
  Source:                 reset_sync_reg[2]/C
                            (rising edge-triggered cell FDPE clocked by clk_out1_clk_wiz_0  {rise@0.000ns fall@11.111ns period=22.222ns})
  Destination:            rv64im72f_6sp/alu/multiplier_dword/prod_low_reg[26]/CLR
                            (recovery check against rising-edge clock clk_out1_clk_wiz_0  {rise@0.000ns fall@11.111ns period=22.222ns})
  Path Group:             **async_default**
  Path Type:              Recovery (Max at Slow Process Corner)
  Requirement:            22.222ns  (clk_out1_clk_wiz_0 rise@22.222ns - clk_out1_clk_wiz_0 rise@0.000ns)
  Data Path Delay:        16.136ns  (logic 0.456ns (2.826%)  route 15.680ns (97.174%))
  Logic Levels:           0  
  Clock Path Skew:        0.086ns (DCD - SCD + CPR)
    Destination Clock Delay (DCD):    -1.817ns = ( 20.405 - 22.222 ) 
    Source Clock Delay      (SCD):    -2.402ns
    Clock Pessimism Removal (CPR):    -0.499ns
  Clock Uncertainty:      0.089ns  ((TSJ^2 + DJ^2)^1/2) / 2 + PE
    Total System Jitter     (TSJ):    0.071ns
    Discrete Jitter          (DJ):    0.163ns
    Phase Error              (PE):    0.000ns

    Location             Delay type                Incr(ns)  Path(ns)    Netlist Resource(s)
  -------------------------------------------------------------------    -------------------
                         (clock clk_out1_clk_wiz_0 rise edge)
                                                      0.000     0.000 r  
    R4                                                0.000     0.000 r  clk (IN)
                         net (fo=0)                   0.000     0.000    clk_gen/inst/clk_in1
    R4                   IBUF (Prop_ibuf_I_O)         1.475     1.475 r  clk_gen/inst/clkin1_ibufg/O
                         net (fo=1, routed)           1.253     2.728    clk_gen/inst/clk_in1_clk_wiz_0
    PLLE2_ADV_X1Y2       PLLE2_ADV (Prop_plle2_adv_CLKIN1_CLKOUT0)
                                                     -8.953    -6.225 r  clk_gen/inst/plle2_adv_inst/CLKOUT0
                         net (fo=1, routed)           1.802    -4.422    clk_gen/inst/clk_out1_clk_wiz_0
    BUFGCTRL_X0Y0        BUFG (Prop_bufg_I_O)         0.096    -4.326 r  clk_gen/inst/clkout1_buf/O
                         net (fo=12699, routed)       1.924    -2.402    clk_cpu
    SLICE_X41Y63         FDPE                                         r  reset_sync_reg[2]/C
  -------------------------------------------------------------------    -------------------
    SLICE_X41Y63         FDPE (Prop_fdpe_C_Q)         0.456    -1.946 f  reset_sync_reg[2]/Q
                         net (fo=4227, routed)       15.680    13.734    rv64im72f_6sp/alu/multiplier_dword/Q[0]
    SLICE_X8Y6           FDCE                                         f  rv64im72f_6sp/alu/multiplier_dword/prod_low_reg[26]/CLR
  -------------------------------------------------------------------    -------------------

                         (clock clk_out1_clk_wiz_0 rise edge)
                                                     22.222    22.222 r  
    R4                                                0.000    22.222 r  clk (IN)
                         net (fo=0)                   0.000    22.222    clk_gen/inst/clk_in1
    R4                   IBUF (Prop_ibuf_I_O)         1.405    23.627 r  clk_gen/inst/clkin1_ibufg/O
                         net (fo=1, routed)           1.181    24.808    clk_gen/inst/clk_in1_clk_wiz_0
    PLLE2_ADV_X1Y2       PLLE2_ADV (Prop_plle2_adv_CLKIN1_CLKOUT0)
                                                     -8.206    16.602 r  clk_gen/inst/plle2_adv_inst/CLKOUT0
                         net (fo=1, routed)           1.718    18.320    clk_gen/inst/clk_out1_clk_wiz_0
    BUFGCTRL_X0Y0        BUFG (Prop_bufg_I_O)         0.091    18.411 r  clk_gen/inst/clkout1_buf/O
                         net (fo=12699, routed)       1.994    20.405    rv64im72f_6sp/alu/multiplier_dword/clk_out1
    SLICE_X8Y6           FDCE                                         r  rv64im72f_6sp/alu/multiplier_dword/prod_low_reg[26]/C
                         clock pessimism             -0.499    19.906    
                         clock uncertainty           -0.089    19.817    
    SLICE_X8Y6           FDCE (Recov_fdce_C_CLR)     -0.319    19.498    rv64im72f_6sp/alu/multiplier_dword/prod_low_reg[26]
  -------------------------------------------------------------------
                         required time                         19.498    
                         arrival time                         -13.734    
  -------------------------------------------------------------------
                         slack                                  5.764    

Slack (MET) :             5.764ns  (required time - arrival time)
  Source:                 reset_sync_reg[2]/C
                            (rising edge-triggered cell FDPE clocked by clk_out1_clk_wiz_0  {rise@0.000ns fall@11.111ns period=22.222ns})
  Destination:            rv64im72f_6sp/alu/multiplier_dword/prod_low_reg[27]/CLR
                            (recovery check against rising-edge clock clk_out1_clk_wiz_0  {rise@0.000ns fall@11.111ns period=22.222ns})
  Path Group:             **async_default**
  Path Type:              Recovery (Max at Slow Process Corner)
  Requirement:            22.222ns  (clk_out1_clk_wiz_0 rise@22.222ns - clk_out1_clk_wiz_0 rise@0.000ns)
  Data Path Delay:        16.136ns  (logic 0.456ns (2.826%)  route 15.680ns (97.174%))
  Logic Levels:           0  
  Clock Path Skew:        0.086ns (DCD - SCD + CPR)
    Destination Clock Delay (DCD):    -1.817ns = ( 20.405 - 22.222 ) 
    Source Clock Delay      (SCD):    -2.402ns
    Clock Pessimism Removal (CPR):    -0.499ns
  Clock Uncertainty:      0.089ns  ((TSJ^2 + DJ^2)^1/2) / 2 + PE
    Total System Jitter     (TSJ):    0.071ns
    Discrete Jitter          (DJ):    0.163ns
    Phase Error              (PE):    0.000ns

    Location             Delay type                Incr(ns)  Path(ns)    Netlist Resource(s)
  -------------------------------------------------------------------    -------------------
                         (clock clk_out1_clk_wiz_0 rise edge)
                                                      0.000     0.000 r  
    R4                                                0.000     0.000 r  clk (IN)
                         net (fo=0)                   0.000     0.000    clk_gen/inst/clk_in1
    R4                   IBUF (Prop_ibuf_I_O)         1.475     1.475 r  clk_gen/inst/clkin1_ibufg/O
                         net (fo=1, routed)           1.253     2.728    clk_gen/inst/clk_in1_clk_wiz_0
    PLLE2_ADV_X1Y2       PLLE2_ADV (Prop_plle2_adv_CLKIN1_CLKOUT0)
                                                     -8.953    -6.225 r  clk_gen/inst/plle2_adv_inst/CLKOUT0
                         net (fo=1, routed)           1.802    -4.422    clk_gen/inst/clk_out1_clk_wiz_0
    BUFGCTRL_X0Y0        BUFG (Prop_bufg_I_O)         0.096    -4.326 r  clk_gen/inst/clkout1_buf/O
                         net (fo=12699, routed)       1.924    -2.402    clk_cpu
    SLICE_X41Y63         FDPE                                         r  reset_sync_reg[2]/C
  -------------------------------------------------------------------    -------------------
    SLICE_X41Y63         FDPE (Prop_fdpe_C_Q)         0.456    -1.946 f  reset_sync_reg[2]/Q
                         net (fo=4227, routed)       15.680    13.734    rv64im72f_6sp/alu/multiplier_dword/Q[0]
    SLICE_X8Y6           FDCE                                         f  rv64im72f_6sp/alu/multiplier_dword/prod_low_reg[27]/CLR
  -------------------------------------------------------------------    -------------------

                         (clock clk_out1_clk_wiz_0 rise edge)
                                                     22.222    22.222 r  
    R4                                                0.000    22.222 r  clk (IN)
                         net (fo=0)                   0.000    22.222    clk_gen/inst/clk_in1
    R4                   IBUF (Prop_ibuf_I_O)         1.405    23.627 r  clk_gen/inst/clkin1_ibufg/O
                         net (fo=1, routed)           1.181    24.808    clk_gen/inst/clk_in1_clk_wiz_0
    PLLE2_ADV_X1Y2       PLLE2_ADV (Prop_plle2_adv_CLKIN1_CLKOUT0)
                                                     -8.206    16.602 r  clk_gen/inst/plle2_adv_inst/CLKOUT0
                         net (fo=1, routed)           1.718    18.320    clk_gen/inst/clk_out1_clk_wiz_0
    BUFGCTRL_X0Y0        BUFG (Prop_bufg_I_O)         0.091    18.411 r  clk_gen/inst/clkout1_buf/O
                         net (fo=12699, routed)       1.994    20.405    rv64im72f_6sp/alu/multiplier_dword/clk_out1
    SLICE_X8Y6           FDCE                                         r  rv64im72f_6sp/alu/multiplier_dword/prod_low_reg[27]/C
                         clock pessimism             -0.499    19.906    
                         clock uncertainty           -0.089    19.817    
    SLICE_X8Y6           FDCE (Recov_fdce_C_CLR)     -0.319    19.498    rv64im72f_6sp/alu/multiplier_dword/prod_low_reg[27]
  -------------------------------------------------------------------
                         required time                         19.498    
                         arrival time                         -13.734    
  -------------------------------------------------------------------
                         slack                                  5.764    

Slack (MET) :             5.916ns  (required time - arrival time)
  Source:                 reset_sync_reg[2]/C
                            (rising edge-triggered cell FDPE clocked by clk_out1_clk_wiz_0  {rise@0.000ns fall@11.111ns period=22.222ns})
  Destination:            rv64im72f_6sp/alu/multiplier_dword/prod_low_reg[30]/CLR
                            (recovery check against rising-edge clock clk_out1_clk_wiz_0  {rise@0.000ns fall@11.111ns period=22.222ns})
  Path Group:             **async_default**
  Path Type:              Recovery (Max at Slow Process Corner)
  Requirement:            22.222ns  (clk_out1_clk_wiz_0 rise@22.222ns - clk_out1_clk_wiz_0 rise@0.000ns)
  Data Path Delay:        15.983ns  (logic 0.456ns (2.853%)  route 15.527ns (97.147%))
  Logic Levels:           0  
  Clock Path Skew:        0.085ns (DCD - SCD + CPR)
    Destination Clock Delay (DCD):    -1.818ns = ( 20.404 - 22.222 ) 
    Source Clock Delay      (SCD):    -2.402ns
    Clock Pessimism Removal (CPR):    -0.499ns
  Clock Uncertainty:      0.089ns  ((TSJ^2 + DJ^2)^1/2) / 2 + PE
    Total System Jitter     (TSJ):    0.071ns
    Discrete Jitter          (DJ):    0.163ns
    Phase Error              (PE):    0.000ns

    Location             Delay type                Incr(ns)  Path(ns)    Netlist Resource(s)
  -------------------------------------------------------------------    -------------------
                         (clock clk_out1_clk_wiz_0 rise edge)
                                                      0.000     0.000 r  
    R4                                                0.000     0.000 r  clk (IN)
                         net (fo=0)                   0.000     0.000    clk_gen/inst/clk_in1
    R4                   IBUF (Prop_ibuf_I_O)         1.475     1.475 r  clk_gen/inst/clkin1_ibufg/O
                         net (fo=1, routed)           1.253     2.728    clk_gen/inst/clk_in1_clk_wiz_0
    PLLE2_ADV_X1Y2       PLLE2_ADV (Prop_plle2_adv_CLKIN1_CLKOUT0)
                                                     -8.953    -6.225 r  clk_gen/inst/plle2_adv_inst/CLKOUT0
                         net (fo=1, routed)           1.802    -4.422    clk_gen/inst/clk_out1_clk_wiz_0
    BUFGCTRL_X0Y0        BUFG (Prop_bufg_I_O)         0.096    -4.326 r  clk_gen/inst/clkout1_buf/O
                         net (fo=12699, routed)       1.924    -2.402    clk_cpu
    SLICE_X41Y63         FDPE                                         r  reset_sync_reg[2]/C
  -------------------------------------------------------------------    -------------------
    SLICE_X41Y63         FDPE (Prop_fdpe_C_Q)         0.456    -1.946 f  reset_sync_reg[2]/Q
                         net (fo=4227, routed)       15.527    13.581    rv64im72f_6sp/alu/multiplier_dword/Q[0]
    SLICE_X8Y7           FDCE                                         f  rv64im72f_6sp/alu/multiplier_dword/prod_low_reg[30]/CLR
  -------------------------------------------------------------------    -------------------

                         (clock clk_out1_clk_wiz_0 rise edge)
                                                     22.222    22.222 r  
    R4                                                0.000    22.222 r  clk (IN)
                         net (fo=0)                   0.000    22.222    clk_gen/inst/clk_in1
    R4                   IBUF (Prop_ibuf_I_O)         1.405    23.627 r  clk_gen/inst/clkin1_ibufg/O
                         net (fo=1, routed)           1.181    24.808    clk_gen/inst/clk_in1_clk_wiz_0
    PLLE2_ADV_X1Y2       PLLE2_ADV (Prop_plle2_adv_CLKIN1_CLKOUT0)
                                                     -8.206    16.602 r  clk_gen/inst/plle2_adv_inst/CLKOUT0
                         net (fo=1, routed)           1.718    18.320    clk_gen/inst/clk_out1_clk_wiz_0
    BUFGCTRL_X0Y0        BUFG (Prop_bufg_I_O)         0.091    18.411 r  clk_gen/inst/clkout1_buf/O
                         net (fo=12699, routed)       1.993    20.404    rv64im72f_6sp/alu/multiplier_dword/clk_out1
    SLICE_X8Y7           FDCE                                         r  rv64im72f_6sp/alu/multiplier_dword/prod_low_reg[30]/C
                         clock pessimism             -0.499    19.905    
                         clock uncertainty           -0.089    19.816    
    SLICE_X8Y7           FDCE (Recov_fdce_C_CLR)     -0.319    19.497    rv64im72f_6sp/alu/multiplier_dword/prod_low_reg[30]
  -------------------------------------------------------------------
                         required time                         19.497    
                         arrival time                         -13.581    
  -------------------------------------------------------------------
                         slack                                  5.916    

Slack (MET) :             5.916ns  (required time - arrival time)
  Source:                 reset_sync_reg[2]/C
                            (rising edge-triggered cell FDPE clocked by clk_out1_clk_wiz_0  {rise@0.000ns fall@11.111ns period=22.222ns})
  Destination:            rv64im72f_6sp/alu/multiplier_dword/prod_low_reg[31]/CLR
                            (recovery check against rising-edge clock clk_out1_clk_wiz_0  {rise@0.000ns fall@11.111ns period=22.222ns})
  Path Group:             **async_default**
  Path Type:              Recovery (Max at Slow Process Corner)
  Requirement:            22.222ns  (clk_out1_clk_wiz_0 rise@22.222ns - clk_out1_clk_wiz_0 rise@0.000ns)
  Data Path Delay:        15.983ns  (logic 0.456ns (2.853%)  route 15.527ns (97.147%))
  Logic Levels:           0  
  Clock Path Skew:        0.085ns (DCD - SCD + CPR)
    Destination Clock Delay (DCD):    -1.818ns = ( 20.404 - 22.222 ) 
    Source Clock Delay      (SCD):    -2.402ns
    Clock Pessimism Removal (CPR):    -0.499ns
  Clock Uncertainty:      0.089ns  ((TSJ^2 + DJ^2)^1/2) / 2 + PE
    Total System Jitter     (TSJ):    0.071ns
    Discrete Jitter          (DJ):    0.163ns
    Phase Error              (PE):    0.000ns

    Location             Delay type                Incr(ns)  Path(ns)    Netlist Resource(s)
  -------------------------------------------------------------------    -------------------
                         (clock clk_out1_clk_wiz_0 rise edge)
                                                      0.000     0.000 r  
    R4                                                0.000     0.000 r  clk (IN)
                         net (fo=0)                   0.000     0.000    clk_gen/inst/clk_in1
    R4                   IBUF (Prop_ibuf_I_O)         1.475     1.475 r  clk_gen/inst/clkin1_ibufg/O
                         net (fo=1, routed)           1.253     2.728    clk_gen/inst/clk_in1_clk_wiz_0
    PLLE2_ADV_X1Y2       PLLE2_ADV (Prop_plle2_adv_CLKIN1_CLKOUT0)
                                                     -8.953    -6.225 r  clk_gen/inst/plle2_adv_inst/CLKOUT0
                         net (fo=1, routed)           1.802    -4.422    clk_gen/inst/clk_out1_clk_wiz_0
    BUFGCTRL_X0Y0        BUFG (Prop_bufg_I_O)         0.096    -4.326 r  clk_gen/inst/clkout1_buf/O
                         net (fo=12699, routed)       1.924    -2.402    clk_cpu
    SLICE_X41Y63         FDPE                                         r  reset_sync_reg[2]/C
  -------------------------------------------------------------------    -------------------
    SLICE_X41Y63         FDPE (Prop_fdpe_C_Q)         0.456    -1.946 f  reset_sync_reg[2]/Q
                         net (fo=4227, routed)       15.527    13.581    rv64im72f_6sp/alu/multiplier_dword/Q[0]
    SLICE_X8Y7           FDCE                                         f  rv64im72f_6sp/alu/multiplier_dword/prod_low_reg[31]/CLR
  -------------------------------------------------------------------    -------------------

                         (clock clk_out1_clk_wiz_0 rise edge)
                                                     22.222    22.222 r  
    R4                                                0.000    22.222 r  clk (IN)
                         net (fo=0)                   0.000    22.222    clk_gen/inst/clk_in1
    R4                   IBUF (Prop_ibuf_I_O)         1.405    23.627 r  clk_gen/inst/clkin1_ibufg/O
                         net (fo=1, routed)           1.181    24.808    clk_gen/inst/clk_in1_clk_wiz_0
    PLLE2_ADV_X1Y2       PLLE2_ADV (Prop_plle2_adv_CLKIN1_CLKOUT0)
                                                     -8.206    16.602 r  clk_gen/inst/plle2_adv_inst/CLKOUT0
                         net (fo=1, routed)           1.718    18.320    clk_gen/inst/clk_out1_clk_wiz_0
    BUFGCTRL_X0Y0        BUFG (Prop_bufg_I_O)         0.091    18.411 r  clk_gen/inst/clkout1_buf/O
                         net (fo=12699, routed)       1.993    20.404    rv64im72f_6sp/alu/multiplier_dword/clk_out1
    SLICE_X8Y7           FDCE                                         r  rv64im72f_6sp/alu/multiplier_dword/prod_low_reg[31]/C
                         clock pessimism             -0.499    19.905    
                         clock uncertainty           -0.089    19.816    
    SLICE_X8Y7           FDCE (Recov_fdce_C_CLR)     -0.319    19.497    rv64im72f_6sp/alu/multiplier_dword/prod_low_reg[31]
  -------------------------------------------------------------------
                         required time                         19.497    
                         arrival time                         -13.581    
  -------------------------------------------------------------------
                         slack                                  5.916    

Slack (MET) :             5.916ns  (required time - arrival time)
  Source:                 reset_sync_reg[2]/C
                            (rising edge-triggered cell FDPE clocked by clk_out1_clk_wiz_0  {rise@0.000ns fall@11.111ns period=22.222ns})
  Destination:            rv64im72f_6sp/alu/multiplier_dword/prod_low_reg[43]/CLR
                            (recovery check against rising-edge clock clk_out1_clk_wiz_0  {rise@0.000ns fall@11.111ns period=22.222ns})
  Path Group:             **async_default**
  Path Type:              Recovery (Max at Slow Process Corner)
  Requirement:            22.222ns  (clk_out1_clk_wiz_0 rise@22.222ns - clk_out1_clk_wiz_0 rise@0.000ns)
  Data Path Delay:        15.983ns  (logic 0.456ns (2.853%)  route 15.527ns (97.147%))
  Logic Levels:           0  
  Clock Path Skew:        0.085ns (DCD - SCD + CPR)
    Destination Clock Delay (DCD):    -1.818ns = ( 20.404 - 22.222 ) 
    Source Clock Delay      (SCD):    -2.402ns
    Clock Pessimism Removal (CPR):    -0.499ns
  Clock Uncertainty:      0.089ns  ((TSJ^2 + DJ^2)^1/2) / 2 + PE
    Total System Jitter     (TSJ):    0.071ns
    Discrete Jitter          (DJ):    0.163ns
    Phase Error              (PE):    0.000ns

    Location             Delay type                Incr(ns)  Path(ns)    Netlist Resource(s)
  -------------------------------------------------------------------    -------------------
                         (clock clk_out1_clk_wiz_0 rise edge)
                                                      0.000     0.000 r  
    R4                                                0.000     0.000 r  clk (IN)
                         net (fo=0)                   0.000     0.000    clk_gen/inst/clk_in1
    R4                   IBUF (Prop_ibuf_I_O)         1.475     1.475 r  clk_gen/inst/clkin1_ibufg/O
                         net (fo=1, routed)           1.253     2.728    clk_gen/inst/clk_in1_clk_wiz_0
    PLLE2_ADV_X1Y2       PLLE2_ADV (Prop_plle2_adv_CLKIN1_CLKOUT0)
                                                     -8.953    -6.225 r  clk_gen/inst/plle2_adv_inst/CLKOUT0
                         net (fo=1, routed)           1.802    -4.422    clk_gen/inst/clk_out1_clk_wiz_0
    BUFGCTRL_X0Y0        BUFG (Prop_bufg_I_O)         0.096    -4.326 r  clk_gen/inst/clkout1_buf/O
                         net (fo=12699, routed)       1.924    -2.402    clk_cpu
    SLICE_X41Y63         FDPE                                         r  reset_sync_reg[2]/C
  -------------------------------------------------------------------    -------------------
    SLICE_X41Y63         FDPE (Prop_fdpe_C_Q)         0.456    -1.946 f  reset_sync_reg[2]/Q
                         net (fo=4227, routed)       15.527    13.581    rv64im72f_6sp/alu/multiplier_dword/Q[0]
    SLICE_X8Y7           FDCE                                         f  rv64im72f_6sp/alu/multiplier_dword/prod_low_reg[43]/CLR
  -------------------------------------------------------------------    -------------------

                         (clock clk_out1_clk_wiz_0 rise edge)
                                                     22.222    22.222 r  
    R4                                                0.000    22.222 r  clk (IN)
                         net (fo=0)                   0.000    22.222    clk_gen/inst/clk_in1
    R4                   IBUF (Prop_ibuf_I_O)         1.405    23.627 r  clk_gen/inst/clkin1_ibufg/O
                         net (fo=1, routed)           1.181    24.808    clk_gen/inst/clk_in1_clk_wiz_0
    PLLE2_ADV_X1Y2       PLLE2_ADV (Prop_plle2_adv_CLKIN1_CLKOUT0)
                                                     -8.206    16.602 r  clk_gen/inst/plle2_adv_inst/CLKOUT0
                         net (fo=1, routed)           1.718    18.320    clk_gen/inst/clk_out1_clk_wiz_0
    BUFGCTRL_X0Y0        BUFG (Prop_bufg_I_O)         0.091    18.411 r  clk_gen/inst/clkout1_buf/O
                         net (fo=12699, routed)       1.993    20.404    rv64im72f_6sp/alu/multiplier_dword/clk_out1
    SLICE_X8Y7           FDCE                                         r  rv64im72f_6sp/alu/multiplier_dword/prod_low_reg[43]/C
                         clock pessimism             -0.499    19.905    
                         clock uncertainty           -0.089    19.816    
    SLICE_X8Y7           FDCE (Recov_fdce_C_CLR)     -0.319    19.497    rv64im72f_6sp/alu/multiplier_dword/prod_low_reg[43]
  -------------------------------------------------------------------
                         required time                         19.497    
                         arrival time                         -13.581    
  -------------------------------------------------------------------
                         slack                                  5.916    

Slack (MET) :             5.916ns  (required time - arrival time)
  Source:                 reset_sync_reg[2]/C
                            (rising edge-triggered cell FDPE clocked by clk_out1_clk_wiz_0  {rise@0.000ns fall@11.111ns period=22.222ns})
  Destination:            rv64im72f_6sp/alu/multiplier_dword/prod_low_reg[44]/CLR
                            (recovery check against rising-edge clock clk_out1_clk_wiz_0  {rise@0.000ns fall@11.111ns period=22.222ns})
  Path Group:             **async_default**
  Path Type:              Recovery (Max at Slow Process Corner)
  Requirement:            22.222ns  (clk_out1_clk_wiz_0 rise@22.222ns - clk_out1_clk_wiz_0 rise@0.000ns)
  Data Path Delay:        15.983ns  (logic 0.456ns (2.853%)  route 15.527ns (97.147%))
  Logic Levels:           0  
  Clock Path Skew:        0.085ns (DCD - SCD + CPR)
    Destination Clock Delay (DCD):    -1.818ns = ( 20.404 - 22.222 ) 
    Source Clock Delay      (SCD):    -2.402ns
    Clock Pessimism Removal (CPR):    -0.499ns
  Clock Uncertainty:      0.089ns  ((TSJ^2 + DJ^2)^1/2) / 2 + PE
    Total System Jitter     (TSJ):    0.071ns
    Discrete Jitter          (DJ):    0.163ns
    Phase Error              (PE):    0.000ns

    Location             Delay type                Incr(ns)  Path(ns)    Netlist Resource(s)
  -------------------------------------------------------------------    -------------------
                         (clock clk_out1_clk_wiz_0 rise edge)
                                                      0.000     0.000 r  
    R4                                                0.000     0.000 r  clk (IN)
                         net (fo=0)                   0.000     0.000    clk_gen/inst/clk_in1
    R4                   IBUF (Prop_ibuf_I_O)         1.475     1.475 r  clk_gen/inst/clkin1_ibufg/O
                         net (fo=1, routed)           1.253     2.728    clk_gen/inst/clk_in1_clk_wiz_0
    PLLE2_ADV_X1Y2       PLLE2_ADV (Prop_plle2_adv_CLKIN1_CLKOUT0)
                                                     -8.953    -6.225 r  clk_gen/inst/plle2_adv_inst/CLKOUT0
                         net (fo=1, routed)           1.802    -4.422    clk_gen/inst/clk_out1_clk_wiz_0
    BUFGCTRL_X0Y0        BUFG (Prop_bufg_I_O)         0.096    -4.326 r  clk_gen/inst/clkout1_buf/O
                         net (fo=12699, routed)       1.924    -2.402    clk_cpu
    SLICE_X41Y63         FDPE                                         r  reset_sync_reg[2]/C
  -------------------------------------------------------------------    -------------------
    SLICE_X41Y63         FDPE (Prop_fdpe_C_Q)         0.456    -1.946 f  reset_sync_reg[2]/Q
                         net (fo=4227, routed)       15.527    13.581    rv64im72f_6sp/alu/multiplier_dword/Q[0]
    SLICE_X8Y7           FDCE                                         f  rv64im72f_6sp/alu/multiplier_dword/prod_low_reg[44]/CLR
  -------------------------------------------------------------------    -------------------

                         (clock clk_out1_clk_wiz_0 rise edge)
                                                     22.222    22.222 r  
    R4                                                0.000    22.222 r  clk (IN)
                         net (fo=0)                   0.000    22.222    clk_gen/inst/clk_in1
    R4                   IBUF (Prop_ibuf_I_O)         1.405    23.627 r  clk_gen/inst/clkin1_ibufg/O
                         net (fo=1, routed)           1.181    24.808    clk_gen/inst/clk_in1_clk_wiz_0
    PLLE2_ADV_X1Y2       PLLE2_ADV (Prop_plle2_adv_CLKIN1_CLKOUT0)
                                                     -8.206    16.602 r  clk_gen/inst/plle2_adv_inst/CLKOUT0
                         net (fo=1, routed)           1.718    18.320    clk_gen/inst/clk_out1_clk_wiz_0
    BUFGCTRL_X0Y0        BUFG (Prop_bufg_I_O)         0.091    18.411 r  clk_gen/inst/clkout1_buf/O
                         net (fo=12699, routed)       1.993    20.404    rv64im72f_6sp/alu/multiplier_dword/clk_out1
    SLICE_X8Y7           FDCE                                         r  rv64im72f_6sp/alu/multiplier_dword/prod_low_reg[44]/C
                         clock pessimism             -0.499    19.905    
                         clock uncertainty           -0.089    19.816    
    SLICE_X8Y7           FDCE (Recov_fdce_C_CLR)     -0.319    19.497    rv64im72f_6sp/alu/multiplier_dword/prod_low_reg[44]
  -------------------------------------------------------------------
                         required time                         19.497    
                         arrival time                         -13.581    
  -------------------------------------------------------------------
                         slack                                  5.916    

Slack (MET) :             5.920ns  (required time - arrival time)
  Source:                 reset_sync_reg[2]/C
                            (rising edge-triggered cell FDPE clocked by clk_out1_clk_wiz_0  {rise@0.000ns fall@11.111ns period=22.222ns})
  Destination:            rv64im72f_6sp/alu/multiplier_dword/prod_low_reg[10]/CLR
                            (recovery check against rising-edge clock clk_out1_clk_wiz_0  {rise@0.000ns fall@11.111ns period=22.222ns})
  Path Group:             **async_default**
  Path Type:              Recovery (Max at Slow Process Corner)
  Requirement:            22.222ns  (clk_out1_clk_wiz_0 rise@22.222ns - clk_out1_clk_wiz_0 rise@0.000ns)
  Data Path Delay:        16.059ns  (logic 0.456ns (2.840%)  route 15.603ns (97.160%))
  Logic Levels:           0  
  Clock Path Skew:        0.165ns (DCD - SCD + CPR)
    Destination Clock Delay (DCD):    -1.738ns = ( 20.484 - 22.222 ) 
    Source Clock Delay      (SCD):    -2.402ns
    Clock Pessimism Removal (CPR):    -0.499ns
  Clock Uncertainty:      0.089ns  ((TSJ^2 + DJ^2)^1/2) / 2 + PE
    Total System Jitter     (TSJ):    0.071ns
    Discrete Jitter          (DJ):    0.163ns
    Phase Error              (PE):    0.000ns

    Location             Delay type                Incr(ns)  Path(ns)    Netlist Resource(s)
  -------------------------------------------------------------------    -------------------
                         (clock clk_out1_clk_wiz_0 rise edge)
                                                      0.000     0.000 r  
    R4                                                0.000     0.000 r  clk (IN)
                         net (fo=0)                   0.000     0.000    clk_gen/inst/clk_in1
    R4                   IBUF (Prop_ibuf_I_O)         1.475     1.475 r  clk_gen/inst/clkin1_ibufg/O
                         net (fo=1, routed)           1.253     2.728    clk_gen/inst/clk_in1_clk_wiz_0
    PLLE2_ADV_X1Y2       PLLE2_ADV (Prop_plle2_adv_CLKIN1_CLKOUT0)
                                                     -8.953    -6.225 r  clk_gen/inst/plle2_adv_inst/CLKOUT0
                         net (fo=1, routed)           1.802    -4.422    clk_gen/inst/clk_out1_clk_wiz_0
    BUFGCTRL_X0Y0        BUFG (Prop_bufg_I_O)         0.096    -4.326 r  clk_gen/inst/clkout1_buf/O
                         net (fo=12699, routed)       1.924    -2.402    clk_cpu
    SLICE_X41Y63         FDPE                                         r  reset_sync_reg[2]/C
  -------------------------------------------------------------------    -------------------
    SLICE_X41Y63         FDPE (Prop_fdpe_C_Q)         0.456    -1.946 f  reset_sync_reg[2]/Q
                         net (fo=4227, routed)       15.603    13.657    rv64im72f_6sp/alu/multiplier_dword/Q[0]
    SLICE_X6Y4           FDCE                                         f  rv64im72f_6sp/alu/multiplier_dword/prod_low_reg[10]/CLR
  -------------------------------------------------------------------    -------------------

                         (clock clk_out1_clk_wiz_0 rise edge)
                                                     22.222    22.222 r  
    R4                                                0.000    22.222 r  clk (IN)
                         net (fo=0)                   0.000    22.222    clk_gen/inst/clk_in1
    R4                   IBUF (Prop_ibuf_I_O)         1.405    23.627 r  clk_gen/inst/clkin1_ibufg/O
                         net (fo=1, routed)           1.181    24.808    clk_gen/inst/clk_in1_clk_wiz_0
    PLLE2_ADV_X1Y2       PLLE2_ADV (Prop_plle2_adv_CLKIN1_CLKOUT0)
                                                     -8.206    16.602 r  clk_gen/inst/plle2_adv_inst/CLKOUT0
                         net (fo=1, routed)           1.718    18.320    clk_gen/inst/clk_out1_clk_wiz_0
    BUFGCTRL_X0Y0        BUFG (Prop_bufg_I_O)         0.091    18.411 r  clk_gen/inst/clkout1_buf/O
                         net (fo=12699, routed)       2.073    20.484    rv64im72f_6sp/alu/multiplier_dword/clk_out1
    SLICE_X6Y4           FDCE                                         r  rv64im72f_6sp/alu/multiplier_dword/prod_low_reg[10]/C
                         clock pessimism             -0.499    19.985    
                         clock uncertainty           -0.089    19.896    
    SLICE_X6Y4           FDCE (Recov_fdce_C_CLR)     -0.319    19.577    rv64im72f_6sp/alu/multiplier_dword/prod_low_reg[10]
  -------------------------------------------------------------------
                         required time                         19.577    
                         arrival time                         -13.657    
  -------------------------------------------------------------------
                         slack                                  5.920    

Slack (MET) :             5.920ns  (required time - arrival time)
  Source:                 reset_sync_reg[2]/C
                            (rising edge-triggered cell FDPE clocked by clk_out1_clk_wiz_0  {rise@0.000ns fall@11.111ns period=22.222ns})
  Destination:            rv64im72f_6sp/alu/multiplier_dword/prod_low_reg[14]/CLR
                            (recovery check against rising-edge clock clk_out1_clk_wiz_0  {rise@0.000ns fall@11.111ns period=22.222ns})
  Path Group:             **async_default**
  Path Type:              Recovery (Max at Slow Process Corner)
  Requirement:            22.222ns  (clk_out1_clk_wiz_0 rise@22.222ns - clk_out1_clk_wiz_0 rise@0.000ns)
  Data Path Delay:        16.059ns  (logic 0.456ns (2.840%)  route 15.603ns (97.160%))
  Logic Levels:           0  
  Clock Path Skew:        0.165ns (DCD - SCD + CPR)
    Destination Clock Delay (DCD):    -1.738ns = ( 20.484 - 22.222 ) 
    Source Clock Delay      (SCD):    -2.402ns
    Clock Pessimism Removal (CPR):    -0.499ns
  Clock Uncertainty:      0.089ns  ((TSJ^2 + DJ^2)^1/2) / 2 + PE
    Total System Jitter     (TSJ):    0.071ns
    Discrete Jitter          (DJ):    0.163ns
    Phase Error              (PE):    0.000ns

    Location             Delay type                Incr(ns)  Path(ns)    Netlist Resource(s)
  -------------------------------------------------------------------    -------------------
                         (clock clk_out1_clk_wiz_0 rise edge)
                                                      0.000     0.000 r  
    R4                                                0.000     0.000 r  clk (IN)
                         net (fo=0)                   0.000     0.000    clk_gen/inst/clk_in1
    R4                   IBUF (Prop_ibuf_I_O)         1.475     1.475 r  clk_gen/inst/clkin1_ibufg/O
                         net (fo=1, routed)           1.253     2.728    clk_gen/inst/clk_in1_clk_wiz_0
    PLLE2_ADV_X1Y2       PLLE2_ADV (Prop_plle2_adv_CLKIN1_CLKOUT0)
                                                     -8.953    -6.225 r  clk_gen/inst/plle2_adv_inst/CLKOUT0
                         net (fo=1, routed)           1.802    -4.422    clk_gen/inst/clk_out1_clk_wiz_0
    BUFGCTRL_X0Y0        BUFG (Prop_bufg_I_O)         0.096    -4.326 r  clk_gen/inst/clkout1_buf/O
                         net (fo=12699, routed)       1.924    -2.402    clk_cpu
    SLICE_X41Y63         FDPE                                         r  reset_sync_reg[2]/C
  -------------------------------------------------------------------    -------------------
    SLICE_X41Y63         FDPE (Prop_fdpe_C_Q)         0.456    -1.946 f  reset_sync_reg[2]/Q
                         net (fo=4227, routed)       15.603    13.657    rv64im72f_6sp/alu/multiplier_dword/Q[0]
    SLICE_X6Y4           FDCE                                         f  rv64im72f_6sp/alu/multiplier_dword/prod_low_reg[14]/CLR
  -------------------------------------------------------------------    -------------------

                         (clock clk_out1_clk_wiz_0 rise edge)
                                                     22.222    22.222 r  
    R4                                                0.000    22.222 r  clk (IN)
                         net (fo=0)                   0.000    22.222    clk_gen/inst/clk_in1
    R4                   IBUF (Prop_ibuf_I_O)         1.405    23.627 r  clk_gen/inst/clkin1_ibufg/O
                         net (fo=1, routed)           1.181    24.808    clk_gen/inst/clk_in1_clk_wiz_0
    PLLE2_ADV_X1Y2       PLLE2_ADV (Prop_plle2_adv_CLKIN1_CLKOUT0)
                                                     -8.206    16.602 r  clk_gen/inst/plle2_adv_inst/CLKOUT0
                         net (fo=1, routed)           1.718    18.320    clk_gen/inst/clk_out1_clk_wiz_0
    BUFGCTRL_X0Y0        BUFG (Prop_bufg_I_O)         0.091    18.411 r  clk_gen/inst/clkout1_buf/O
                         net (fo=12699, routed)       2.073    20.484    rv64im72f_6sp/alu/multiplier_dword/clk_out1
    SLICE_X6Y4           FDCE                                         r  rv64im72f_6sp/alu/multiplier_dword/prod_low_reg[14]/C
                         clock pessimism             -0.499    19.985    
                         clock uncertainty           -0.089    19.896    
    SLICE_X6Y4           FDCE (Recov_fdce_C_CLR)     -0.319    19.577    rv64im72f_6sp/alu/multiplier_dword/prod_low_reg[14]
  -------------------------------------------------------------------
                         required time                         19.577    
                         arrival time                         -13.657    
  -------------------------------------------------------------------
                         slack                                  5.920    





Min Delay Paths
--------------------------------------------------------------------------------------
Slack (MET) :             0.514ns  (arrival time - required time)
  Source:                 reset_sync_reg[2]/C
                            (rising edge-triggered cell FDPE clocked by clk_out1_clk_wiz_0  {rise@0.000ns fall@11.111ns period=22.222ns})
  Destination:            rv64im72f_6sp/mem_wb_register/WB_byte_enable_logic_register_file_write_data_reg[11]/CLR
                            (removal check against rising-edge clock clk_out1_clk_wiz_0  {rise@0.000ns fall@11.111ns period=22.222ns})
  Path Group:             **async_default**
  Path Type:              Removal (Min at Fast Process Corner)
  Requirement:            0.000ns  (clk_out1_clk_wiz_0 rise@0.000ns - clk_out1_clk_wiz_0 rise@0.000ns)
  Data Path Delay:        0.786ns  (logic 0.141ns (17.945%)  route 0.645ns (82.055%))
  Logic Levels:           0  
  Clock Path Skew:        0.339ns (DCD - SCD - CPR)
    Destination Clock Delay (DCD):    -0.267ns
    Source Clock Delay      (SCD):    -0.569ns
    Clock Pessimism Removal (CPR):    -0.037ns

    Location             Delay type                Incr(ns)  Path(ns)    Netlist Resource(s)
  -------------------------------------------------------------------    -------------------
                         (clock clk_out1_clk_wiz_0 rise edge)
                                                      0.000     0.000 r  
    R4                                                0.000     0.000 r  clk (IN)
                         net (fo=0)                   0.000     0.000    clk_gen/inst/clk_in1
    R4                   IBUF (Prop_ibuf_I_O)         0.243     0.243 r  clk_gen/inst/clkin1_ibufg/O
                         net (fo=1, routed)           0.440     0.683    clk_gen/inst/clk_in1_clk_wiz_0
    PLLE2_ADV_X1Y2       PLLE2_ADV (Prop_plle2_adv_CLKIN1_CLKOUT0)
                                                     -2.503    -1.819 r  clk_gen/inst/plle2_adv_inst/CLKOUT0
                         net (fo=1, routed)           0.546    -1.273    clk_gen/inst/clk_out1_clk_wiz_0
    BUFGCTRL_X0Y0        BUFG (Prop_bufg_I_O)         0.026    -1.247 r  clk_gen/inst/clkout1_buf/O
                         net (fo=12699, routed)       0.678    -0.569    clk_cpu
    SLICE_X41Y63         FDPE                                         r  reset_sync_reg[2]/C
  -------------------------------------------------------------------    -------------------
    SLICE_X41Y63         FDPE (Prop_fdpe_C_Q)         0.141    -0.428 f  reset_sync_reg[2]/Q
                         net (fo=4227, routed)        0.645     0.217    rv64im72f_6sp/mem_wb_register/WB_opcode_reg[0]_1[0]
    SLICE_X36Y31         FDCE                                         f  rv64im72f_6sp/mem_wb_register/WB_byte_enable_logic_register_file_write_data_reg[11]/CLR
  -------------------------------------------------------------------    -------------------

                         (clock clk_out1_clk_wiz_0 rise edge)
                                                      0.000     0.000 r  
    R4                                                0.000     0.000 r  clk (IN)
                         net (fo=0)                   0.000     0.000    clk_gen/inst/clk_in1
    R4                   IBUF (Prop_ibuf_I_O)         0.431     0.431 r  clk_gen/inst/clkin1_ibufg/O
                         net (fo=1, routed)           0.481     0.912    clk_gen/inst/clk_in1_clk_wiz_0
    PLLE2_ADV_X1Y2       PLLE2_ADV (Prop_plle2_adv_CLKIN1_CLKOUT0)
                                                     -2.828    -1.916 r  clk_gen/inst/plle2_adv_inst/CLKOUT0
                         net (fo=1, routed)           0.595    -1.322    clk_gen/inst/clk_out1_clk_wiz_0
    BUFGCTRL_X0Y0        BUFG (Prop_bufg_I_O)         0.029    -1.293 r  clk_gen/inst/clkout1_buf/O
                         net (fo=12699, routed)       1.026    -0.267    rv64im72f_6sp/mem_wb_register/clk_out1
    SLICE_X36Y31         FDCE                                         r  rv64im72f_6sp/mem_wb_register/WB_byte_enable_logic_register_file_write_data_reg[11]/C
                         clock pessimism              0.037    -0.230    
    SLICE_X36Y31         FDCE (Remov_fdce_C_CLR)     -0.067    -0.297    rv64im72f_6sp/mem_wb_register/WB_byte_enable_logic_register_file_write_data_reg[11]
  -------------------------------------------------------------------
                         required time                          0.297    
                         arrival time                           0.217    
  -------------------------------------------------------------------
                         slack                                  0.514    

Slack (MET) :             0.559ns  (arrival time - required time)
  Source:                 reset_sync_reg[2]/C
                            (rising edge-triggered cell FDPE clocked by clk_out1_clk_wiz_0  {rise@0.000ns fall@11.111ns period=22.222ns})
  Destination:            rv64im72f_6sp/mem_wb_register/WB_pc_plus_4_reg[18]/CLR
                            (removal check against rising-edge clock clk_out1_clk_wiz_0  {rise@0.000ns fall@11.111ns period=22.222ns})
  Path Group:             **async_default**
  Path Type:              Removal (Min at Fast Process Corner)
  Requirement:            0.000ns  (clk_out1_clk_wiz_0 rise@0.000ns - clk_out1_clk_wiz_0 rise@0.000ns)
  Data Path Delay:        0.809ns  (logic 0.141ns (17.420%)  route 0.668ns (82.580%))
  Logic Levels:           0  
  Clock Path Skew:        0.342ns (DCD - SCD - CPR)
    Destination Clock Delay (DCD):    -0.264ns
    Source Clock Delay      (SCD):    -0.569ns
    Clock Pessimism Removal (CPR):    -0.037ns

    Location             Delay type                Incr(ns)  Path(ns)    Netlist Resource(s)
  -------------------------------------------------------------------    -------------------
                         (clock clk_out1_clk_wiz_0 rise edge)
                                                      0.000     0.000 r  
    R4                                                0.000     0.000 r  clk (IN)
                         net (fo=0)                   0.000     0.000    clk_gen/inst/clk_in1
    R4                   IBUF (Prop_ibuf_I_O)         0.243     0.243 r  clk_gen/inst/clkin1_ibufg/O
                         net (fo=1, routed)           0.440     0.683    clk_gen/inst/clk_in1_clk_wiz_0
    PLLE2_ADV_X1Y2       PLLE2_ADV (Prop_plle2_adv_CLKIN1_CLKOUT0)
                                                     -2.503    -1.819 r  clk_gen/inst/plle2_adv_inst/CLKOUT0
                         net (fo=1, routed)           0.546    -1.273    clk_gen/inst/clk_out1_clk_wiz_0
    BUFGCTRL_X0Y0        BUFG (Prop_bufg_I_O)         0.026    -1.247 r  clk_gen/inst/clkout1_buf/O
                         net (fo=12699, routed)       0.678    -0.569    clk_cpu
    SLICE_X41Y63         FDPE                                         r  reset_sync_reg[2]/C
  -------------------------------------------------------------------    -------------------
    SLICE_X41Y63         FDPE (Prop_fdpe_C_Q)         0.141    -0.428 f  reset_sync_reg[2]/Q
                         net (fo=4227, routed)        0.668     0.240    rv64im72f_6sp/mem_wb_register/WB_opcode_reg[0]_1[0]
    SLICE_X35Y33         FDCE                                         f  rv64im72f_6sp/mem_wb_register/WB_pc_plus_4_reg[18]/CLR
  -------------------------------------------------------------------    -------------------

                         (clock clk_out1_clk_wiz_0 rise edge)
                                                      0.000     0.000 r  
    R4                                                0.000     0.000 r  clk (IN)
                         net (fo=0)                   0.000     0.000    clk_gen/inst/clk_in1
    R4                   IBUF (Prop_ibuf_I_O)         0.431     0.431 r  clk_gen/inst/clkin1_ibufg/O
                         net (fo=1, routed)           0.481     0.912    clk_gen/inst/clk_in1_clk_wiz_0
    PLLE2_ADV_X1Y2       PLLE2_ADV (Prop_plle2_adv_CLKIN1_CLKOUT0)
                                                     -2.828    -1.916 r  clk_gen/inst/plle2_adv_inst/CLKOUT0
                         net (fo=1, routed)           0.595    -1.322    clk_gen/inst/clk_out1_clk_wiz_0
    BUFGCTRL_X0Y0        BUFG (Prop_bufg_I_O)         0.029    -1.293 r  clk_gen/inst/clkout1_buf/O
                         net (fo=12699, routed)       1.029    -0.264    rv64im72f_6sp/mem_wb_register/clk_out1
    SLICE_X35Y33         FDCE                                         r  rv64im72f_6sp/mem_wb_register/WB_pc_plus_4_reg[18]/C
                         clock pessimism              0.037    -0.227    
    SLICE_X35Y33         FDCE (Remov_fdce_C_CLR)     -0.092    -0.319    rv64im72f_6sp/mem_wb_register/WB_pc_plus_4_reg[18]
  -------------------------------------------------------------------
                         required time                          0.319    
                         arrival time                           0.240    
  -------------------------------------------------------------------
                         slack                                  0.559    

Slack (MET) :             0.566ns  (arrival time - required time)
  Source:                 reset_sync_reg[2]/C
                            (rising edge-triggered cell FDPE clocked by clk_out1_clk_wiz_0  {rise@0.000ns fall@11.111ns period=22.222ns})
  Destination:            rv64im72f_6sp/program_counter/pc_reg[20]/CLR
                            (removal check against rising-edge clock clk_out1_clk_wiz_0  {rise@0.000ns fall@11.111ns period=22.222ns})
  Path Group:             **async_default**
  Path Type:              Removal (Min at Fast Process Corner)
  Requirement:            0.000ns  (clk_out1_clk_wiz_0 rise@0.000ns - clk_out1_clk_wiz_0 rise@0.000ns)
  Data Path Delay:        0.839ns  (logic 0.141ns (16.803%)  route 0.698ns (83.197%))
  Logic Levels:           0  
  Clock Path Skew:        0.340ns (DCD - SCD - CPR)
    Destination Clock Delay (DCD):    -0.266ns
    Source Clock Delay      (SCD):    -0.569ns
    Clock Pessimism Removal (CPR):    -0.037ns

    Location             Delay type                Incr(ns)  Path(ns)    Netlist Resource(s)
  -------------------------------------------------------------------    -------------------
                         (clock clk_out1_clk_wiz_0 rise edge)
                                                      0.000     0.000 r  
    R4                                                0.000     0.000 r  clk (IN)
                         net (fo=0)                   0.000     0.000    clk_gen/inst/clk_in1
    R4                   IBUF (Prop_ibuf_I_O)         0.243     0.243 r  clk_gen/inst/clkin1_ibufg/O
                         net (fo=1, routed)           0.440     0.683    clk_gen/inst/clk_in1_clk_wiz_0
    PLLE2_ADV_X1Y2       PLLE2_ADV (Prop_plle2_adv_CLKIN1_CLKOUT0)
                                                     -2.503    -1.819 r  clk_gen/inst/plle2_adv_inst/CLKOUT0
                         net (fo=1, routed)           0.546    -1.273    clk_gen/inst/clk_out1_clk_wiz_0
    BUFGCTRL_X0Y0        BUFG (Prop_bufg_I_O)         0.026    -1.247 r  clk_gen/inst/clkout1_buf/O
                         net (fo=12699, routed)       0.678    -0.569    clk_cpu
    SLICE_X41Y63         FDPE                                         r  reset_sync_reg[2]/C
  -------------------------------------------------------------------    -------------------
    SLICE_X41Y63         FDPE (Prop_fdpe_C_Q)         0.141    -0.428 f  reset_sync_reg[2]/Q
                         net (fo=4227, routed)        0.698     0.270    rv64im72f_6sp/program_counter/pc_reg[12]_rep__6_0[0]
    SLICE_X36Y32         FDCE                                         f  rv64im72f_6sp/program_counter/pc_reg[20]/CLR
  -------------------------------------------------------------------    -------------------

                         (clock clk_out1_clk_wiz_0 rise edge)
                                                      0.000     0.000 r  
    R4                                                0.000     0.000 r  clk (IN)
                         net (fo=0)                   0.000     0.000    clk_gen/inst/clk_in1
    R4                   IBUF (Prop_ibuf_I_O)         0.431     0.431 r  clk_gen/inst/clkin1_ibufg/O
                         net (fo=1, routed)           0.481     0.912    clk_gen/inst/clk_in1_clk_wiz_0
    PLLE2_ADV_X1Y2       PLLE2_ADV (Prop_plle2_adv_CLKIN1_CLKOUT0)
                                                     -2.828    -1.916 r  clk_gen/inst/plle2_adv_inst/CLKOUT0
                         net (fo=1, routed)           0.595    -1.322    clk_gen/inst/clk_out1_clk_wiz_0
    BUFGCTRL_X0Y0        BUFG (Prop_bufg_I_O)         0.029    -1.293 r  clk_gen/inst/clkout1_buf/O
                         net (fo=12699, routed)       1.027    -0.266    rv64im72f_6sp/program_counter/clk_out1
    SLICE_X36Y32         FDCE                                         r  rv64im72f_6sp/program_counter/pc_reg[20]/C
                         clock pessimism              0.037    -0.229    
    SLICE_X36Y32         FDCE (Remov_fdce_C_CLR)     -0.067    -0.296    rv64im72f_6sp/program_counter/pc_reg[20]
  -------------------------------------------------------------------
                         required time                          0.296    
                         arrival time                           0.270    
  -------------------------------------------------------------------
                         slack                                  0.566    

Slack (MET) :             0.573ns  (arrival time - required time)
  Source:                 reset_sync_reg[2]/C
                            (rising edge-triggered cell FDPE clocked by clk_out1_clk_wiz_0  {rise@0.000ns fall@11.111ns period=22.222ns})
  Destination:            rv64im72f_6sp/id_ex_register/EX_pc_reg[7]/CLR
                            (removal check against rising-edge clock clk_out1_clk_wiz_0  {rise@0.000ns fall@11.111ns period=22.222ns})
  Path Group:             **async_default**
  Path Type:              Removal (Min at Fast Process Corner)
  Requirement:            0.000ns  (clk_out1_clk_wiz_0 rise@0.000ns - clk_out1_clk_wiz_0 rise@0.000ns)
  Data Path Delay:        0.818ns  (logic 0.141ns (17.248%)  route 0.677ns (82.752%))
  Logic Levels:           0  
  Clock Path Skew:        0.337ns (DCD - SCD - CPR)
    Destination Clock Delay (DCD):    -0.269ns
    Source Clock Delay      (SCD):    -0.569ns
    Clock Pessimism Removal (CPR):    -0.037ns

    Location             Delay type                Incr(ns)  Path(ns)    Netlist Resource(s)
  -------------------------------------------------------------------    -------------------
                         (clock clk_out1_clk_wiz_0 rise edge)
                                                      0.000     0.000 r  
    R4                                                0.000     0.000 r  clk (IN)
                         net (fo=0)                   0.000     0.000    clk_gen/inst/clk_in1
    R4                   IBUF (Prop_ibuf_I_O)         0.243     0.243 r  clk_gen/inst/clkin1_ibufg/O
                         net (fo=1, routed)           0.440     0.683    clk_gen/inst/clk_in1_clk_wiz_0
    PLLE2_ADV_X1Y2       PLLE2_ADV (Prop_plle2_adv_CLKIN1_CLKOUT0)
                                                     -2.503    -1.819 r  clk_gen/inst/plle2_adv_inst/CLKOUT0
                         net (fo=1, routed)           0.546    -1.273    clk_gen/inst/clk_out1_clk_wiz_0
    BUFGCTRL_X0Y0        BUFG (Prop_bufg_I_O)         0.026    -1.247 r  clk_gen/inst/clkout1_buf/O
                         net (fo=12699, routed)       0.678    -0.569    clk_cpu
    SLICE_X41Y63         FDPE                                         r  reset_sync_reg[2]/C
  -------------------------------------------------------------------    -------------------
    SLICE_X41Y63         FDPE (Prop_fdpe_C_Q)         0.141    -0.428 f  reset_sync_reg[2]/Q
                         net (fo=4227, routed)        0.677     0.248    rv64im72f_6sp/id_ex_register/Q[0]
    SLICE_X35Y21         FDCE                                         f  rv64im72f_6sp/id_ex_register/EX_pc_reg[7]/CLR
  -------------------------------------------------------------------    -------------------

                         (clock clk_out1_clk_wiz_0 rise edge)
                                                      0.000     0.000 r  
    R4                                                0.000     0.000 r  clk (IN)
                         net (fo=0)                   0.000     0.000    clk_gen/inst/clk_in1
    R4                   IBUF (Prop_ibuf_I_O)         0.431     0.431 r  clk_gen/inst/clkin1_ibufg/O
                         net (fo=1, routed)           0.481     0.912    clk_gen/inst/clk_in1_clk_wiz_0
    PLLE2_ADV_X1Y2       PLLE2_ADV (Prop_plle2_adv_CLKIN1_CLKOUT0)
                                                     -2.828    -1.916 r  clk_gen/inst/plle2_adv_inst/CLKOUT0
                         net (fo=1, routed)           0.595    -1.322    clk_gen/inst/clk_out1_clk_wiz_0
    BUFGCTRL_X0Y0        BUFG (Prop_bufg_I_O)         0.029    -1.293 r  clk_gen/inst/clkout1_buf/O
                         net (fo=12699, routed)       1.024    -0.269    rv64im72f_6sp/id_ex_register/clk_out1
    SLICE_X35Y21         FDCE                                         r  rv64im72f_6sp/id_ex_register/EX_pc_reg[7]/C
                         clock pessimism              0.037    -0.232    
    SLICE_X35Y21         FDCE (Remov_fdce_C_CLR)     -0.092    -0.324    rv64im72f_6sp/id_ex_register/EX_pc_reg[7]
  -------------------------------------------------------------------
                         required time                          0.324    
                         arrival time                           0.248    
  -------------------------------------------------------------------
                         slack                                  0.573    

Slack (MET) :             0.573ns  (arrival time - required time)
  Source:                 reset_sync_reg[2]/C
                            (rising edge-triggered cell FDPE clocked by clk_out1_clk_wiz_0  {rise@0.000ns fall@11.111ns period=22.222ns})
  Destination:            rv64im72f_6sp/if_id_register/ID_pc_reg[7]/CLR
                            (removal check against rising-edge clock clk_out1_clk_wiz_0  {rise@0.000ns fall@11.111ns period=22.222ns})
  Path Group:             **async_default**
  Path Type:              Removal (Min at Fast Process Corner)
  Requirement:            0.000ns  (clk_out1_clk_wiz_0 rise@0.000ns - clk_out1_clk_wiz_0 rise@0.000ns)
  Data Path Delay:        0.818ns  (logic 0.141ns (17.248%)  route 0.677ns (82.752%))
  Logic Levels:           0  
  Clock Path Skew:        0.337ns (DCD - SCD - CPR)
    Destination Clock Delay (DCD):    -0.269ns
    Source Clock Delay      (SCD):    -0.569ns
    Clock Pessimism Removal (CPR):    -0.037ns

    Location             Delay type                Incr(ns)  Path(ns)    Netlist Resource(s)
  -------------------------------------------------------------------    -------------------
                         (clock clk_out1_clk_wiz_0 rise edge)
                                                      0.000     0.000 r  
    R4                                                0.000     0.000 r  clk (IN)
                         net (fo=0)                   0.000     0.000    clk_gen/inst/clk_in1
    R4                   IBUF (Prop_ibuf_I_O)         0.243     0.243 r  clk_gen/inst/clkin1_ibufg/O
                         net (fo=1, routed)           0.440     0.683    clk_gen/inst/clk_in1_clk_wiz_0
    PLLE2_ADV_X1Y2       PLLE2_ADV (Prop_plle2_adv_CLKIN1_CLKOUT0)
                                                     -2.503    -1.819 r  clk_gen/inst/plle2_adv_inst/CLKOUT0
                         net (fo=1, routed)           0.546    -1.273    clk_gen/inst/clk_out1_clk_wiz_0
    BUFGCTRL_X0Y0        BUFG (Prop_bufg_I_O)         0.026    -1.247 r  clk_gen/inst/clkout1_buf/O
                         net (fo=12699, routed)       0.678    -0.569    clk_cpu
    SLICE_X41Y63         FDPE                                         r  reset_sync_reg[2]/C
  -------------------------------------------------------------------    -------------------
    SLICE_X41Y63         FDPE (Prop_fdpe_C_Q)         0.141    -0.428 f  reset_sync_reg[2]/Q
                         net (fo=4227, routed)        0.677     0.248    rv64im72f_6sp/if_id_register/Q[0]
    SLICE_X35Y21         FDCE                                         f  rv64im72f_6sp/if_id_register/ID_pc_reg[7]/CLR
  -------------------------------------------------------------------    -------------------

                         (clock clk_out1_clk_wiz_0 rise edge)
                                                      0.000     0.000 r  
    R4                                                0.000     0.000 r  clk (IN)
                         net (fo=0)                   0.000     0.000    clk_gen/inst/clk_in1
    R4                   IBUF (Prop_ibuf_I_O)         0.431     0.431 r  clk_gen/inst/clkin1_ibufg/O
                         net (fo=1, routed)           0.481     0.912    clk_gen/inst/clk_in1_clk_wiz_0
    PLLE2_ADV_X1Y2       PLLE2_ADV (Prop_plle2_adv_CLKIN1_CLKOUT0)
                                                     -2.828    -1.916 r  clk_gen/inst/plle2_adv_inst/CLKOUT0
                         net (fo=1, routed)           0.595    -1.322    clk_gen/inst/clk_out1_clk_wiz_0
    BUFGCTRL_X0Y0        BUFG (Prop_bufg_I_O)         0.029    -1.293 r  clk_gen/inst/clkout1_buf/O
                         net (fo=12699, routed)       1.024    -0.269    rv64im72f_6sp/if_id_register/clk_out1
    SLICE_X35Y21         FDCE                                         r  rv64im72f_6sp/if_id_register/ID_pc_reg[7]/C
                         clock pessimism              0.037    -0.232    
    SLICE_X35Y21         FDCE (Remov_fdce_C_CLR)     -0.092    -0.324    rv64im72f_6sp/if_id_register/ID_pc_reg[7]
  -------------------------------------------------------------------
                         required time                          0.324    
                         arrival time                           0.248    
  -------------------------------------------------------------------
                         slack                                  0.573    

Slack (MET) :             0.577ns  (arrival time - required time)
  Source:                 reset_sync_reg[2]/C
                            (rising edge-triggered cell FDPE clocked by clk_out1_clk_wiz_0  {rise@0.000ns fall@11.111ns period=22.222ns})
  Destination:            rv64im72f_6sp/ex_ex2_register/EX2_funct3_reg[1]/CLR
                            (removal check against rising-edge clock clk_out1_clk_wiz_0  {rise@0.000ns fall@11.111ns period=22.222ns})
  Path Group:             **async_default**
  Path Type:              Removal (Min at Fast Process Corner)
  Requirement:            0.000ns  (clk_out1_clk_wiz_0 rise@0.000ns - clk_out1_clk_wiz_0 rise@0.000ns)
  Data Path Delay:        0.822ns  (logic 0.141ns (17.156%)  route 0.681ns (82.844%))
  Logic Levels:           0  
  Clock Path Skew:        0.337ns (DCD - SCD - CPR)
    Destination Clock Delay (DCD):    -0.269ns
    Source Clock Delay      (SCD):    -0.569ns
    Clock Pessimism Removal (CPR):    -0.037ns

    Location             Delay type                Incr(ns)  Path(ns)    Netlist Resource(s)
  -------------------------------------------------------------------    -------------------
                         (clock clk_out1_clk_wiz_0 rise edge)
                                                      0.000     0.000 r  
    R4                                                0.000     0.000 r  clk (IN)
                         net (fo=0)                   0.000     0.000    clk_gen/inst/clk_in1
    R4                   IBUF (Prop_ibuf_I_O)         0.243     0.243 r  clk_gen/inst/clkin1_ibufg/O
                         net (fo=1, routed)           0.440     0.683    clk_gen/inst/clk_in1_clk_wiz_0
    PLLE2_ADV_X1Y2       PLLE2_ADV (Prop_plle2_adv_CLKIN1_CLKOUT0)
                                                     -2.503    -1.819 r  clk_gen/inst/plle2_adv_inst/CLKOUT0
                         net (fo=1, routed)           0.546    -1.273    clk_gen/inst/clk_out1_clk_wiz_0
    BUFGCTRL_X0Y0        BUFG (Prop_bufg_I_O)         0.026    -1.247 r  clk_gen/inst/clkout1_buf/O
                         net (fo=12699, routed)       0.678    -0.569    clk_cpu
    SLICE_X41Y63         FDPE                                         r  reset_sync_reg[2]/C
  -------------------------------------------------------------------    -------------------
    SLICE_X41Y63         FDPE (Prop_fdpe_C_Q)         0.141    -0.428 f  reset_sync_reg[2]/Q
                         net (fo=4227, routed)        0.681     0.253    rv64im72f_6sp/ex_ex2_register/Q[0]
    SLICE_X34Y21         FDCE                                         f  rv64im72f_6sp/ex_ex2_register/EX2_funct3_reg[1]/CLR
  -------------------------------------------------------------------    -------------------

                         (clock clk_out1_clk_wiz_0 rise edge)
                                                      0.000     0.000 r  
    R4                                                0.000     0.000 r  clk (IN)
                         net (fo=0)                   0.000     0.000    clk_gen/inst/clk_in1
    R4                   IBUF (Prop_ibuf_I_O)         0.431     0.431 r  clk_gen/inst/clkin1_ibufg/O
                         net (fo=1, routed)           0.481     0.912    clk_gen/inst/clk_in1_clk_wiz_0
    PLLE2_ADV_X1Y2       PLLE2_ADV (Prop_plle2_adv_CLKIN1_CLKOUT0)
                                                     -2.828    -1.916 r  clk_gen/inst/plle2_adv_inst/CLKOUT0
                         net (fo=1, routed)           0.595    -1.322    clk_gen/inst/clk_out1_clk_wiz_0
    BUFGCTRL_X0Y0        BUFG (Prop_bufg_I_O)         0.029    -1.293 r  clk_gen/inst/clkout1_buf/O
                         net (fo=12699, routed)       1.024    -0.269    rv64im72f_6sp/ex_ex2_register/clk_out1
    SLICE_X34Y21         FDCE                                         r  rv64im72f_6sp/ex_ex2_register/EX2_funct3_reg[1]/C
                         clock pessimism              0.037    -0.232    
    SLICE_X34Y21         FDCE (Remov_fdce_C_CLR)     -0.092    -0.324    rv64im72f_6sp/ex_ex2_register/EX2_funct3_reg[1]
  -------------------------------------------------------------------
                         required time                          0.324    
                         arrival time                           0.253    
  -------------------------------------------------------------------
                         slack                                  0.577    

Slack (MET) :             0.577ns  (arrival time - required time)
  Source:                 reset_sync_reg[2]/C
                            (rising edge-triggered cell FDPE clocked by clk_out1_clk_wiz_0  {rise@0.000ns fall@11.111ns period=22.222ns})
  Destination:            rv64im72f_6sp/ex_ex2_register/EX2_funct3_reg[2]/CLR
                            (removal check against rising-edge clock clk_out1_clk_wiz_0  {rise@0.000ns fall@11.111ns period=22.222ns})
  Path Group:             **async_default**
  Path Type:              Removal (Min at Fast Process Corner)
  Requirement:            0.000ns  (clk_out1_clk_wiz_0 rise@0.000ns - clk_out1_clk_wiz_0 rise@0.000ns)
  Data Path Delay:        0.822ns  (logic 0.141ns (17.156%)  route 0.681ns (82.844%))
  Logic Levels:           0  
  Clock Path Skew:        0.337ns (DCD - SCD - CPR)
    Destination Clock Delay (DCD):    -0.269ns
    Source Clock Delay      (SCD):    -0.569ns
    Clock Pessimism Removal (CPR):    -0.037ns

    Location             Delay type                Incr(ns)  Path(ns)    Netlist Resource(s)
  -------------------------------------------------------------------    -------------------
                         (clock clk_out1_clk_wiz_0 rise edge)
                                                      0.000     0.000 r  
    R4                                                0.000     0.000 r  clk (IN)
                         net (fo=0)                   0.000     0.000    clk_gen/inst/clk_in1
    R4                   IBUF (Prop_ibuf_I_O)         0.243     0.243 r  clk_gen/inst/clkin1_ibufg/O
                         net (fo=1, routed)           0.440     0.683    clk_gen/inst/clk_in1_clk_wiz_0
    PLLE2_ADV_X1Y2       PLLE2_ADV (Prop_plle2_adv_CLKIN1_CLKOUT0)
                                                     -2.503    -1.819 r  clk_gen/inst/plle2_adv_inst/CLKOUT0
                         net (fo=1, routed)           0.546    -1.273    clk_gen/inst/clk_out1_clk_wiz_0
    BUFGCTRL_X0Y0        BUFG (Prop_bufg_I_O)         0.026    -1.247 r  clk_gen/inst/clkout1_buf/O
                         net (fo=12699, routed)       0.678    -0.569    clk_cpu
    SLICE_X41Y63         FDPE                                         r  reset_sync_reg[2]/C
  -------------------------------------------------------------------    -------------------
    SLICE_X41Y63         FDPE (Prop_fdpe_C_Q)         0.141    -0.428 f  reset_sync_reg[2]/Q
                         net (fo=4227, routed)        0.681     0.253    rv64im72f_6sp/ex_ex2_register/Q[0]
    SLICE_X34Y21         FDCE                                         f  rv64im72f_6sp/ex_ex2_register/EX2_funct3_reg[2]/CLR
  -------------------------------------------------------------------    -------------------

                         (clock clk_out1_clk_wiz_0 rise edge)
                                                      0.000     0.000 r  
    R4                                                0.000     0.000 r  clk (IN)
                         net (fo=0)                   0.000     0.000    clk_gen/inst/clk_in1
    R4                   IBUF (Prop_ibuf_I_O)         0.431     0.431 r  clk_gen/inst/clkin1_ibufg/O
                         net (fo=1, routed)           0.481     0.912    clk_gen/inst/clk_in1_clk_wiz_0
    PLLE2_ADV_X1Y2       PLLE2_ADV (Prop_plle2_adv_CLKIN1_CLKOUT0)
                                                     -2.828    -1.916 r  clk_gen/inst/plle2_adv_inst/CLKOUT0
                         net (fo=1, routed)           0.595    -1.322    clk_gen/inst/clk_out1_clk_wiz_0
    BUFGCTRL_X0Y0        BUFG (Prop_bufg_I_O)         0.029    -1.293 r  clk_gen/inst/clkout1_buf/O
                         net (fo=12699, routed)       1.024    -0.269    rv64im72f_6sp/ex_ex2_register/clk_out1
    SLICE_X34Y21         FDCE                                         r  rv64im72f_6sp/ex_ex2_register/EX2_funct3_reg[2]/C
                         clock pessimism              0.037    -0.232    
    SLICE_X34Y21         FDCE (Remov_fdce_C_CLR)     -0.092    -0.324    rv64im72f_6sp/ex_ex2_register/EX2_funct3_reg[2]
  -------------------------------------------------------------------
                         required time                          0.324    
                         arrival time                           0.253    
  -------------------------------------------------------------------
                         slack                                  0.577    

Slack (MET) :             0.635ns  (arrival time - required time)
  Source:                 reset_sync_reg[2]/C
                            (rising edge-triggered cell FDPE clocked by clk_out1_clk_wiz_0  {rise@0.000ns fall@11.111ns period=22.222ns})
  Destination:            rv64im72f_6sp/program_counter/pc_reg[12]_rep__1/CLR
                            (removal check against rising-edge clock clk_out1_clk_wiz_0  {rise@0.000ns fall@11.111ns period=22.222ns})
  Path Group:             **async_default**
  Path Type:              Removal (Min at Fast Process Corner)
  Requirement:            0.000ns  (clk_out1_clk_wiz_0 rise@0.000ns - clk_out1_clk_wiz_0 rise@0.000ns)
  Data Path Delay:        0.891ns  (logic 0.141ns (15.817%)  route 0.750ns (84.183%))
  Logic Levels:           0  
  Clock Path Skew:        0.348ns (DCD - SCD - CPR)
    Destination Clock Delay (DCD):    -0.258ns
    Source Clock Delay      (SCD):    -0.569ns
    Clock Pessimism Removal (CPR):    -0.037ns

    Location             Delay type                Incr(ns)  Path(ns)    Netlist Resource(s)
  -------------------------------------------------------------------    -------------------
                         (clock clk_out1_clk_wiz_0 rise edge)
                                                      0.000     0.000 r  
    R4                                                0.000     0.000 r  clk (IN)
                         net (fo=0)                   0.000     0.000    clk_gen/inst/clk_in1
    R4                   IBUF (Prop_ibuf_I_O)         0.243     0.243 r  clk_gen/inst/clkin1_ibufg/O
                         net (fo=1, routed)           0.440     0.683    clk_gen/inst/clk_in1_clk_wiz_0
    PLLE2_ADV_X1Y2       PLLE2_ADV (Prop_plle2_adv_CLKIN1_CLKOUT0)
                                                     -2.503    -1.819 r  clk_gen/inst/plle2_adv_inst/CLKOUT0
                         net (fo=1, routed)           0.546    -1.273    clk_gen/inst/clk_out1_clk_wiz_0
    BUFGCTRL_X0Y0        BUFG (Prop_bufg_I_O)         0.026    -1.247 r  clk_gen/inst/clkout1_buf/O
                         net (fo=12699, routed)       0.678    -0.569    clk_cpu
    SLICE_X41Y63         FDPE                                         r  reset_sync_reg[2]/C
  -------------------------------------------------------------------    -------------------
    SLICE_X41Y63         FDPE (Prop_fdpe_C_Q)         0.141    -0.428 f  reset_sync_reg[2]/Q
                         net (fo=4227, routed)        0.750     0.322    rv64im72f_6sp/program_counter/pc_reg[12]_rep__6_0[0]
    SLICE_X33Y8          FDCE                                         f  rv64im72f_6sp/program_counter/pc_reg[12]_rep__1/CLR
  -------------------------------------------------------------------    -------------------

                         (clock clk_out1_clk_wiz_0 rise edge)
                                                      0.000     0.000 r  
    R4                                                0.000     0.000 r  clk (IN)
                         net (fo=0)                   0.000     0.000    clk_gen/inst/clk_in1
    R4                   IBUF (Prop_ibuf_I_O)         0.431     0.431 r  clk_gen/inst/clkin1_ibufg/O
                         net (fo=1, routed)           0.481     0.912    clk_gen/inst/clk_in1_clk_wiz_0
    PLLE2_ADV_X1Y2       PLLE2_ADV (Prop_plle2_adv_CLKIN1_CLKOUT0)
                                                     -2.828    -1.916 r  clk_gen/inst/plle2_adv_inst/CLKOUT0
                         net (fo=1, routed)           0.595    -1.322    clk_gen/inst/clk_out1_clk_wiz_0
    BUFGCTRL_X0Y0        BUFG (Prop_bufg_I_O)         0.029    -1.293 r  clk_gen/inst/clkout1_buf/O
                         net (fo=12699, routed)       1.035    -0.258    rv64im72f_6sp/program_counter/clk_out1
    SLICE_X33Y8          FDCE                                         r  rv64im72f_6sp/program_counter/pc_reg[12]_rep__1/C
                         clock pessimism              0.037    -0.221    
    SLICE_X33Y8          FDCE (Remov_fdce_C_CLR)     -0.092    -0.313    rv64im72f_6sp/program_counter/pc_reg[12]_rep__1
  -------------------------------------------------------------------
                         required time                          0.313    
                         arrival time                           0.322    
  -------------------------------------------------------------------
                         slack                                  0.635    

Slack (MET) :             0.635ns  (arrival time - required time)
  Source:                 reset_sync_reg[2]/C
                            (rising edge-triggered cell FDPE clocked by clk_out1_clk_wiz_0  {rise@0.000ns fall@11.111ns period=22.222ns})
  Destination:            rv64im72f_6sp/program_counter/pc_reg[12]_rep__4/CLR
                            (removal check against rising-edge clock clk_out1_clk_wiz_0  {rise@0.000ns fall@11.111ns period=22.222ns})
  Path Group:             **async_default**
  Path Type:              Removal (Min at Fast Process Corner)
  Requirement:            0.000ns  (clk_out1_clk_wiz_0 rise@0.000ns - clk_out1_clk_wiz_0 rise@0.000ns)
  Data Path Delay:        0.891ns  (logic 0.141ns (15.817%)  route 0.750ns (84.183%))
  Logic Levels:           0  
  Clock Path Skew:        0.348ns (DCD - SCD - CPR)
    Destination Clock Delay (DCD):    -0.258ns
    Source Clock Delay      (SCD):    -0.569ns
    Clock Pessimism Removal (CPR):    -0.037ns

    Location             Delay type                Incr(ns)  Path(ns)    Netlist Resource(s)
  -------------------------------------------------------------------    -------------------
                         (clock clk_out1_clk_wiz_0 rise edge)
                                                      0.000     0.000 r  
    R4                                                0.000     0.000 r  clk (IN)
                         net (fo=0)                   0.000     0.000    clk_gen/inst/clk_in1
    R4                   IBUF (Prop_ibuf_I_O)         0.243     0.243 r  clk_gen/inst/clkin1_ibufg/O
                         net (fo=1, routed)           0.440     0.683    clk_gen/inst/clk_in1_clk_wiz_0
    PLLE2_ADV_X1Y2       PLLE2_ADV (Prop_plle2_adv_CLKIN1_CLKOUT0)
                                                     -2.503    -1.819 r  clk_gen/inst/plle2_adv_inst/CLKOUT0
                         net (fo=1, routed)           0.546    -1.273    clk_gen/inst/clk_out1_clk_wiz_0
    BUFGCTRL_X0Y0        BUFG (Prop_bufg_I_O)         0.026    -1.247 r  clk_gen/inst/clkout1_buf/O
                         net (fo=12699, routed)       0.678    -0.569    clk_cpu
    SLICE_X41Y63         FDPE                                         r  reset_sync_reg[2]/C
  -------------------------------------------------------------------    -------------------
    SLICE_X41Y63         FDPE (Prop_fdpe_C_Q)         0.141    -0.428 f  reset_sync_reg[2]/Q
                         net (fo=4227, routed)        0.750     0.322    rv64im72f_6sp/program_counter/pc_reg[12]_rep__6_0[0]
    SLICE_X33Y8          FDCE                                         f  rv64im72f_6sp/program_counter/pc_reg[12]_rep__4/CLR
  -------------------------------------------------------------------    -------------------

                         (clock clk_out1_clk_wiz_0 rise edge)
                                                      0.000     0.000 r  
    R4                                                0.000     0.000 r  clk (IN)
                         net (fo=0)                   0.000     0.000    clk_gen/inst/clk_in1
    R4                   IBUF (Prop_ibuf_I_O)         0.431     0.431 r  clk_gen/inst/clkin1_ibufg/O
                         net (fo=1, routed)           0.481     0.912    clk_gen/inst/clk_in1_clk_wiz_0
    PLLE2_ADV_X1Y2       PLLE2_ADV (Prop_plle2_adv_CLKIN1_CLKOUT0)
                                                     -2.828    -1.916 r  clk_gen/inst/plle2_adv_inst/CLKOUT0
                         net (fo=1, routed)           0.595    -1.322    clk_gen/inst/clk_out1_clk_wiz_0
    BUFGCTRL_X0Y0        BUFG (Prop_bufg_I_O)         0.029    -1.293 r  clk_gen/inst/clkout1_buf/O
                         net (fo=12699, routed)       1.035    -0.258    rv64im72f_6sp/program_counter/clk_out1
    SLICE_X33Y8          FDCE                                         r  rv64im72f_6sp/program_counter/pc_reg[12]_rep__4/C
                         clock pessimism              0.037    -0.221    
    SLICE_X33Y8          FDCE (Remov_fdce_C_CLR)     -0.092    -0.313    rv64im72f_6sp/program_counter/pc_reg[12]_rep__4
  -------------------------------------------------------------------
                         required time                          0.313    
                         arrival time                           0.322    
  -------------------------------------------------------------------
                         slack                                  0.635    

Slack (MET) :             0.635ns  (arrival time - required time)
  Source:                 reset_sync_reg[2]/C
                            (rising edge-triggered cell FDPE clocked by clk_out1_clk_wiz_0  {rise@0.000ns fall@11.111ns period=22.222ns})
  Destination:            rv64im72f_6sp/program_counter/pc_reg[12]_rep__5/CLR
                            (removal check against rising-edge clock clk_out1_clk_wiz_0  {rise@0.000ns fall@11.111ns period=22.222ns})
  Path Group:             **async_default**
  Path Type:              Removal (Min at Fast Process Corner)
  Requirement:            0.000ns  (clk_out1_clk_wiz_0 rise@0.000ns - clk_out1_clk_wiz_0 rise@0.000ns)
  Data Path Delay:        0.891ns  (logic 0.141ns (15.817%)  route 0.750ns (84.183%))
  Logic Levels:           0  
  Clock Path Skew:        0.348ns (DCD - SCD - CPR)
    Destination Clock Delay (DCD):    -0.258ns
    Source Clock Delay      (SCD):    -0.569ns
    Clock Pessimism Removal (CPR):    -0.037ns

    Location             Delay type                Incr(ns)  Path(ns)    Netlist Resource(s)
  -------------------------------------------------------------------    -------------------
                         (clock clk_out1_clk_wiz_0 rise edge)
                                                      0.000     0.000 r  
    R4                                                0.000     0.000 r  clk (IN)
                         net (fo=0)                   0.000     0.000    clk_gen/inst/clk_in1
    R4                   IBUF (Prop_ibuf_I_O)         0.243     0.243 r  clk_gen/inst/clkin1_ibufg/O
                         net (fo=1, routed)           0.440     0.683    clk_gen/inst/clk_in1_clk_wiz_0
    PLLE2_ADV_X1Y2       PLLE2_ADV (Prop_plle2_adv_CLKIN1_CLKOUT0)
                                                     -2.503    -1.819 r  clk_gen/inst/plle2_adv_inst/CLKOUT0
                         net (fo=1, routed)           0.546    -1.273    clk_gen/inst/clk_out1_clk_wiz_0
    BUFGCTRL_X0Y0        BUFG (Prop_bufg_I_O)         0.026    -1.247 r  clk_gen/inst/clkout1_buf/O
                         net (fo=12699, routed)       0.678    -0.569    clk_cpu
    SLICE_X41Y63         FDPE                                         r  reset_sync_reg[2]/C
  -------------------------------------------------------------------    -------------------
    SLICE_X41Y63         FDPE (Prop_fdpe_C_Q)         0.141    -0.428 f  reset_sync_reg[2]/Q
                         net (fo=4227, routed)        0.750     0.322    rv64im72f_6sp/program_counter/pc_reg[12]_rep__6_0[0]
    SLICE_X33Y8          FDCE                                         f  rv64im72f_6sp/program_counter/pc_reg[12]_rep__5/CLR
  -------------------------------------------------------------------    -------------------

                         (clock clk_out1_clk_wiz_0 rise edge)
                                                      0.000     0.000 r  
    R4                                                0.000     0.000 r  clk (IN)
                         net (fo=0)                   0.000     0.000    clk_gen/inst/clk_in1
    R4                   IBUF (Prop_ibuf_I_O)         0.431     0.431 r  clk_gen/inst/clkin1_ibufg/O
                         net (fo=1, routed)           0.481     0.912    clk_gen/inst/clk_in1_clk_wiz_0
    PLLE2_ADV_X1Y2       PLLE2_ADV (Prop_plle2_adv_CLKIN1_CLKOUT0)
                                                     -2.828    -1.916 r  clk_gen/inst/plle2_adv_inst/CLKOUT0
                         net (fo=1, routed)           0.595    -1.322    clk_gen/inst/clk_out1_clk_wiz_0
    BUFGCTRL_X0Y0        BUFG (Prop_bufg_I_O)         0.029    -1.293 r  clk_gen/inst/clkout1_buf/O
                         net (fo=12699, routed)       1.035    -0.258    rv64im72f_6sp/program_counter/clk_out1
    SLICE_X33Y8          FDCE                                         r  rv64im72f_6sp/program_counter/pc_reg[12]_rep__5/C
                         clock pessimism              0.037    -0.221    
    SLICE_X33Y8          FDCE (Remov_fdce_C_CLR)     -0.092    -0.313    rv64im72f_6sp/program_counter/pc_reg[12]_rep__5
  -------------------------------------------------------------------
                         required time                          0.313    
                         arrival time                           0.322    
  -------------------------------------------------------------------
                         slack                                  0.635    





--------------------------------------------------------------------------------------
Path Group:  (none)
From Clock:  clk_out1_clk_wiz_0
  To Clock:  

Max Delay             9 Endpoints
Min Delay             9 Endpoints
--------------------------------------------------------------------------------------


Max Delay Paths
--------------------------------------------------------------------------------------
Slack:                    inf
  Source:                 cpu_clk_enable_reg/C
                            (rising edge-triggered cell FDCE clocked by clk_out1_clk_wiz_0  {rise@0.000ns fall@11.111ns period=22.222ns})
  Destination:            led[0]
                            (output port)
  Path Group:             (none)
  Path Type:              Max at Slow Process Corner
  Data Path Delay:        11.461ns  (logic 3.672ns (32.037%)  route 7.789ns (67.963%))
  Logic Levels:           2  (LUT1=1 OBUF=1)
  Clock Uncertainty:      0.191ns  ((TSJ^2 + DJ^2)^1/2) / 2 + PE
    Total System Jitter     (TSJ):    0.050ns
    Discrete Jitter          (DJ):    0.163ns
    Phase Error              (PE):    0.105ns
  Timing Exception:       False Path

    Location             Delay type                Incr(ns)  Path(ns)    Netlist Resource(s)
  -------------------------------------------------------------------    -------------------
                         (clock clk_out1_clk_wiz_0 rise edge)
                                                      0.000     0.000 r  
    R4                                                0.000     0.000 r  clk (IN)
                         net (fo=0)                   0.000     0.000    clk_gen/inst/clk_in1
    R4                   IBUF (Prop_ibuf_I_O)         1.475     1.475 r  clk_gen/inst/clkin1_ibufg/O
                         net (fo=1, routed)           1.253     2.728    clk_gen/inst/clk_in1_clk_wiz_0
    PLLE2_ADV_X1Y2       PLLE2_ADV (Prop_plle2_adv_CLKIN1_CLKOUT0)
                                                     -8.953    -6.225 r  clk_gen/inst/plle2_adv_inst/CLKOUT0
                         net (fo=1, routed)           1.802    -4.422    clk_gen/inst/clk_out1_clk_wiz_0
    BUFGCTRL_X0Y0        BUFG (Prop_bufg_I_O)         0.096    -4.326 r  clk_gen/inst/clkout1_buf/O
                         net (fo=12699, routed)       1.763    -2.563    clk_cpu
    SLICE_X15Y132        FDCE                                         r  cpu_clk_enable_reg/C
  -------------------------------------------------------------------    -------------------
    SLICE_X15Y132        FDCE (Prop_fdce_C_Q)         0.419    -2.144 f  cpu_clk_enable_reg/Q
                         net (fo=611, routed)         6.121     3.978    cpu_clk_enable
    SLICE_X0Y69          LUT1 (Prop_lut1_I0_O)        0.299     4.277 r  led_OBUF[0]_inst_i_1/O
                         net (fo=1, routed)           1.668     5.944    led_OBUF[0]
    T14                  OBUF (Prop_obuf_I_O)         2.954     8.898 r  led_OBUF[0]_inst/O
                         net (fo=0)                   0.000     8.898    led[0]
    T14                                                               r  led[0] (OUT)
  -------------------------------------------------------------------    -------------------

Slack:                    inf
  Source:                 rv64im72f_6sp/mem_wb_register/WB_instruction_reg[6]_lopt_replica/C
                            (rising edge-triggered cell FDCE clocked by clk_out1_clk_wiz_0  {rise@0.000ns fall@11.111ns period=22.222ns})
  Destination:            led[7]
                            (output port)
  Path Group:             (none)
  Path Type:              Max at Slow Process Corner
  Data Path Delay:        8.790ns  (logic 3.425ns (38.961%)  route 5.365ns (61.039%))
  Logic Levels:           1  (OBUF=1)
  Clock Uncertainty:      0.191ns  ((TSJ^2 + DJ^2)^1/2) / 2 + PE
    Total System Jitter     (TSJ):    0.050ns
    Discrete Jitter          (DJ):    0.163ns
    Phase Error              (PE):    0.105ns
  Timing Exception:       False Path

    Location             Delay type                Incr(ns)  Path(ns)    Netlist Resource(s)
  -------------------------------------------------------------------    -------------------
                         (clock clk_out1_clk_wiz_0 rise edge)
                                                      0.000     0.000 r  
    R4                                                0.000     0.000 r  clk (IN)
                         net (fo=0)                   0.000     0.000    clk_gen/inst/clk_in1
    R4                   IBUF (Prop_ibuf_I_O)         1.475     1.475 r  clk_gen/inst/clkin1_ibufg/O
                         net (fo=1, routed)           1.253     2.728    clk_gen/inst/clk_in1_clk_wiz_0
    PLLE2_ADV_X1Y2       PLLE2_ADV (Prop_plle2_adv_CLKIN1_CLKOUT0)
                                                     -8.953    -6.225 r  clk_gen/inst/plle2_adv_inst/CLKOUT0
                         net (fo=1, routed)           1.802    -4.422    clk_gen/inst/clk_out1_clk_wiz_0
    BUFGCTRL_X0Y0        BUFG (Prop_bufg_I_O)         0.096    -4.326 r  clk_gen/inst/clkout1_buf/O
                         net (fo=12699, routed)       2.015    -2.311    rv64im72f_6sp/mem_wb_register/clk_out1
    SLICE_X47Y21         FDCE                                         r  rv64im72f_6sp/mem_wb_register/WB_instruction_reg[6]_lopt_replica/C
  -------------------------------------------------------------------    -------------------
    SLICE_X47Y21         FDCE (Prop_fdce_C_Q)         0.456    -1.855 r  rv64im72f_6sp/mem_wb_register/WB_instruction_reg[6]_lopt_replica/Q
                         net (fo=1, routed)           5.365     3.511    lopt_6
    Y13                  OBUF (Prop_obuf_I_O)         2.969     6.479 r  led_OBUF[7]_inst/O
                         net (fo=0)                   0.000     6.479    led[7]
    Y13                                                               r  led[7] (OUT)
  -------------------------------------------------------------------    -------------------

Slack:                    inf
  Source:                 rv64im72f_6sp/mem_wb_register/WB_instruction_reg[3]_lopt_replica/C
                            (rising edge-triggered cell FDCE clocked by clk_out1_clk_wiz_0  {rise@0.000ns fall@11.111ns period=22.222ns})
  Destination:            led[4]
                            (output port)
  Path Group:             (none)
  Path Type:              Max at Slow Process Corner
  Data Path Delay:        8.201ns  (logic 3.449ns (42.061%)  route 4.751ns (57.939%))
  Logic Levels:           1  (OBUF=1)
  Clock Uncertainty:      0.191ns  ((TSJ^2 + DJ^2)^1/2) / 2 + PE
    Total System Jitter     (TSJ):    0.050ns
    Discrete Jitter          (DJ):    0.163ns
    Phase Error              (PE):    0.105ns
  Timing Exception:       False Path

    Location             Delay type                Incr(ns)  Path(ns)    Netlist Resource(s)
  -------------------------------------------------------------------    -------------------
                         (clock clk_out1_clk_wiz_0 rise edge)
                                                      0.000     0.000 r  
    R4                                                0.000     0.000 r  clk (IN)
                         net (fo=0)                   0.000     0.000    clk_gen/inst/clk_in1
    R4                   IBUF (Prop_ibuf_I_O)         1.475     1.475 r  clk_gen/inst/clkin1_ibufg/O
                         net (fo=1, routed)           1.253     2.728    clk_gen/inst/clk_in1_clk_wiz_0
    PLLE2_ADV_X1Y2       PLLE2_ADV (Prop_plle2_adv_CLKIN1_CLKOUT0)
                                                     -8.953    -6.225 r  clk_gen/inst/plle2_adv_inst/CLKOUT0
                         net (fo=1, routed)           1.802    -4.422    clk_gen/inst/clk_out1_clk_wiz_0
    BUFGCTRL_X0Y0        BUFG (Prop_bufg_I_O)         0.096    -4.326 r  clk_gen/inst/clkout1_buf/O
                         net (fo=12699, routed)       2.017    -2.309    rv64im72f_6sp/mem_wb_register/clk_out1
    SLICE_X48Y19         FDCE                                         r  rv64im72f_6sp/mem_wb_register/WB_instruction_reg[3]_lopt_replica/C
  -------------------------------------------------------------------    -------------------
    SLICE_X48Y19         FDCE (Prop_fdce_C_Q)         0.518    -1.791 r  rv64im72f_6sp/mem_wb_register/WB_instruction_reg[3]_lopt_replica/Q
                         net (fo=1, routed)           4.751     2.961    lopt_3
    V15                  OBUF (Prop_obuf_I_O)         2.931     5.892 r  led_OBUF[4]_inst/O
                         net (fo=0)                   0.000     5.892    led[4]
    V15                                                               r  led[4] (OUT)
  -------------------------------------------------------------------    -------------------

Slack:                    inf
  Source:                 rv64im72f_6sp/mem_wb_register/WB_instruction_reg[0]_lopt_replica/C
                            (rising edge-triggered cell FDPE clocked by clk_out1_clk_wiz_0  {rise@0.000ns fall@11.111ns period=22.222ns})
  Destination:            led[1]
                            (output port)
  Path Group:             (none)
  Path Type:              Max at Slow Process Corner
  Data Path Delay:        8.148ns  (logic 3.405ns (41.791%)  route 4.743ns (58.209%))
  Logic Levels:           1  (OBUF=1)
  Clock Uncertainty:      0.191ns  ((TSJ^2 + DJ^2)^1/2) / 2 + PE
    Total System Jitter     (TSJ):    0.050ns
    Discrete Jitter          (DJ):    0.163ns
    Phase Error              (PE):    0.105ns
  Timing Exception:       False Path

    Location             Delay type                Incr(ns)  Path(ns)    Netlist Resource(s)
  -------------------------------------------------------------------    -------------------
                         (clock clk_out1_clk_wiz_0 rise edge)
                                                      0.000     0.000 r  
    R4                                                0.000     0.000 r  clk (IN)
                         net (fo=0)                   0.000     0.000    clk_gen/inst/clk_in1
    R4                   IBUF (Prop_ibuf_I_O)         1.475     1.475 r  clk_gen/inst/clkin1_ibufg/O
                         net (fo=1, routed)           1.253     2.728    clk_gen/inst/clk_in1_clk_wiz_0
    PLLE2_ADV_X1Y2       PLLE2_ADV (Prop_plle2_adv_CLKIN1_CLKOUT0)
                                                     -8.953    -6.225 r  clk_gen/inst/plle2_adv_inst/CLKOUT0
                         net (fo=1, routed)           1.802    -4.422    clk_gen/inst/clk_out1_clk_wiz_0
    BUFGCTRL_X0Y0        BUFG (Prop_bufg_I_O)         0.096    -4.326 r  clk_gen/inst/clkout1_buf/O
                         net (fo=12699, routed)       2.015    -2.311    rv64im72f_6sp/mem_wb_register/clk_out1
    SLICE_X47Y21         FDPE                                         r  rv64im72f_6sp/mem_wb_register/WB_instruction_reg[0]_lopt_replica/C
  -------------------------------------------------------------------    -------------------
    SLICE_X47Y21         FDPE (Prop_fdpe_C_Q)         0.456    -1.855 r  rv64im72f_6sp/mem_wb_register/WB_instruction_reg[0]_lopt_replica/Q
                         net (fo=1, routed)           4.743     2.888    lopt
    T15                  OBUF (Prop_obuf_I_O)         2.949     5.837 r  led_OBUF[1]_inst/O
                         net (fo=0)                   0.000     5.837    led[1]
    T15                                                               r  led[1] (OUT)
  -------------------------------------------------------------------    -------------------

Slack:                    inf
  Source:                 uart_tx/tx_reg/C
                            (rising edge-triggered cell FDPE clocked by clk_out1_clk_wiz_0  {rise@0.000ns fall@11.111ns period=22.222ns})
  Destination:            uart_tx_in
                            (output port)
  Path Group:             (none)
  Path Type:              Max at Slow Process Corner
  Data Path Delay:        8.030ns  (logic 4.024ns (50.117%)  route 4.006ns (49.883%))
  Logic Levels:           1  (OBUF=1)
  Clock Uncertainty:      0.191ns  ((TSJ^2 + DJ^2)^1/2) / 2 + PE
    Total System Jitter     (TSJ):    0.050ns
    Discrete Jitter          (DJ):    0.163ns
    Phase Error              (PE):    0.105ns
  Timing Exception:       False Path

    Location             Delay type                Incr(ns)  Path(ns)    Netlist Resource(s)
  -------------------------------------------------------------------    -------------------
                         (clock clk_out1_clk_wiz_0 rise edge)
                                                      0.000     0.000 r  
    R4                                                0.000     0.000 r  clk (IN)
                         net (fo=0)                   0.000     0.000    clk_gen/inst/clk_in1
    R4                   IBUF (Prop_ibuf_I_O)         1.475     1.475 r  clk_gen/inst/clkin1_ibufg/O
                         net (fo=1, routed)           1.253     2.728    clk_gen/inst/clk_in1_clk_wiz_0
    PLLE2_ADV_X1Y2       PLLE2_ADV (Prop_plle2_adv_CLKIN1_CLKOUT0)
                                                     -8.953    -6.225 r  clk_gen/inst/plle2_adv_inst/CLKOUT0
                         net (fo=1, routed)           1.802    -4.422    clk_gen/inst/clk_out1_clk_wiz_0
    BUFGCTRL_X0Y0        BUFG (Prop_bufg_I_O)         0.096    -4.326 r  clk_gen/inst/clkout1_buf/O
                         net (fo=12699, routed)       1.917    -2.409    uart_tx/clk_out1
    SLICE_X28Y75         FDPE                                         r  uart_tx/tx_reg/C
  -------------------------------------------------------------------    -------------------
    SLICE_X28Y75         FDPE (Prop_fdpe_C_Q)         0.456    -1.953 r  uart_tx/tx_reg/Q
                         net (fo=1, routed)           4.006     2.053    uart_tx_in_OBUF
    AA19                 OBUF (Prop_obuf_I_O)         3.568     5.621 r  uart_tx_in_OBUF_inst/O
                         net (fo=0)                   0.000     5.621    uart_tx_in
    AA19                                                              r  uart_tx_in (OUT)
  -------------------------------------------------------------------    -------------------

Slack:                    inf
  Source:                 rv64im72f_6sp/mem_wb_register/WB_instruction_reg[5]_lopt_replica/C
                            (rising edge-triggered cell FDCE clocked by clk_out1_clk_wiz_0  {rise@0.000ns fall@11.111ns period=22.222ns})
  Destination:            led[6]
                            (output port)
  Path Group:             (none)
  Path Type:              Max at Slow Process Corner
  Data Path Delay:        7.731ns  (logic 3.371ns (43.608%)  route 4.360ns (56.392%))
  Logic Levels:           1  (OBUF=1)
  Clock Uncertainty:      0.191ns  ((TSJ^2 + DJ^2)^1/2) / 2 + PE
    Total System Jitter     (TSJ):    0.050ns
    Discrete Jitter          (DJ):    0.163ns
    Phase Error              (PE):    0.105ns
  Timing Exception:       False Path

    Location             Delay type                Incr(ns)  Path(ns)    Netlist Resource(s)
  -------------------------------------------------------------------    -------------------
                         (clock clk_out1_clk_wiz_0 rise edge)
                                                      0.000     0.000 r  
    R4                                                0.000     0.000 r  clk (IN)
                         net (fo=0)                   0.000     0.000    clk_gen/inst/clk_in1
    R4                   IBUF (Prop_ibuf_I_O)         1.475     1.475 r  clk_gen/inst/clkin1_ibufg/O
                         net (fo=1, routed)           1.253     2.728    clk_gen/inst/clk_in1_clk_wiz_0
    PLLE2_ADV_X1Y2       PLLE2_ADV (Prop_plle2_adv_CLKIN1_CLKOUT0)
                                                     -8.953    -6.225 r  clk_gen/inst/plle2_adv_inst/CLKOUT0
                         net (fo=1, routed)           1.802    -4.422    clk_gen/inst/clk_out1_clk_wiz_0
    BUFGCTRL_X0Y0        BUFG (Prop_bufg_I_O)         0.096    -4.326 r  clk_gen/inst/clkout1_buf/O
                         net (fo=12699, routed)       2.015    -2.311    rv64im72f_6sp/mem_wb_register/clk_out1
    SLICE_X43Y20         FDCE                                         r  rv64im72f_6sp/mem_wb_register/WB_instruction_reg[5]_lopt_replica/C
  -------------------------------------------------------------------    -------------------
    SLICE_X43Y20         FDCE (Prop_fdce_C_Q)         0.456    -1.855 r  rv64im72f_6sp/mem_wb_register/WB_instruction_reg[5]_lopt_replica/Q
                         net (fo=1, routed)           4.360     2.505    lopt_5
    W15                  OBUF (Prop_obuf_I_O)         2.915     5.420 r  led_OBUF[6]_inst/O
                         net (fo=0)                   0.000     5.420    led[6]
    W15                                                               r  led[6] (OUT)
  -------------------------------------------------------------------    -------------------

Slack:                    inf
  Source:                 rv64im72f_6sp/mem_wb_register/WB_instruction_reg[4]_lopt_replica/C
                            (rising edge-triggered cell FDPE clocked by clk_out1_clk_wiz_0  {rise@0.000ns fall@11.111ns period=22.222ns})
  Destination:            led[5]
                            (output port)
  Path Group:             (none)
  Path Type:              Max at Slow Process Corner
  Data Path Delay:        7.616ns  (logic 3.377ns (44.339%)  route 4.239ns (55.661%))
  Logic Levels:           1  (OBUF=1)
  Clock Uncertainty:      0.191ns  ((TSJ^2 + DJ^2)^1/2) / 2 + PE
    Total System Jitter     (TSJ):    0.050ns
    Discrete Jitter          (DJ):    0.163ns
    Phase Error              (PE):    0.105ns
  Timing Exception:       False Path

    Location             Delay type                Incr(ns)  Path(ns)    Netlist Resource(s)
  -------------------------------------------------------------------    -------------------
                         (clock clk_out1_clk_wiz_0 rise edge)
                                                      0.000     0.000 r  
    R4                                                0.000     0.000 r  clk (IN)
                         net (fo=0)                   0.000     0.000    clk_gen/inst/clk_in1
    R4                   IBUF (Prop_ibuf_I_O)         1.475     1.475 r  clk_gen/inst/clkin1_ibufg/O
                         net (fo=1, routed)           1.253     2.728    clk_gen/inst/clk_in1_clk_wiz_0
    PLLE2_ADV_X1Y2       PLLE2_ADV (Prop_plle2_adv_CLKIN1_CLKOUT0)
                                                     -8.953    -6.225 r  clk_gen/inst/plle2_adv_inst/CLKOUT0
                         net (fo=1, routed)           1.802    -4.422    clk_gen/inst/clk_out1_clk_wiz_0
    BUFGCTRL_X0Y0        BUFG (Prop_bufg_I_O)         0.096    -4.326 r  clk_gen/inst/clkout1_buf/O
                         net (fo=12699, routed)       2.109    -2.217    rv64im72f_6sp/mem_wb_register/clk_out1
    SLICE_X33Y18         FDPE                                         r  rv64im72f_6sp/mem_wb_register/WB_instruction_reg[4]_lopt_replica/C
  -------------------------------------------------------------------    -------------------
    SLICE_X33Y18         FDPE (Prop_fdpe_C_Q)         0.456    -1.761 r  rv64im72f_6sp/mem_wb_register/WB_instruction_reg[4]_lopt_replica/Q
                         net (fo=1, routed)           4.239     2.478    lopt_4
    W16                  OBUF (Prop_obuf_I_O)         2.921     5.399 r  led_OBUF[5]_inst/O
                         net (fo=0)                   0.000     5.399    led[5]
    W16                                                               r  led[5] (OUT)
  -------------------------------------------------------------------    -------------------

Slack:                    inf
  Source:                 rv64im72f_6sp/mem_wb_register/WB_instruction_reg[1]_lopt_replica/C
                            (rising edge-triggered cell FDPE clocked by clk_out1_clk_wiz_0  {rise@0.000ns fall@11.111ns period=22.222ns})
  Destination:            led[2]
                            (output port)
  Path Group:             (none)
  Path Type:              Max at Slow Process Corner
  Data Path Delay:        7.611ns  (logic 3.371ns (44.295%)  route 4.240ns (55.705%))
  Logic Levels:           1  (OBUF=1)
  Clock Uncertainty:      0.191ns  ((TSJ^2 + DJ^2)^1/2) / 2 + PE
    Total System Jitter     (TSJ):    0.050ns
    Discrete Jitter          (DJ):    0.163ns
    Phase Error              (PE):    0.105ns
  Timing Exception:       False Path

    Location             Delay type                Incr(ns)  Path(ns)    Netlist Resource(s)
  -------------------------------------------------------------------    -------------------
                         (clock clk_out1_clk_wiz_0 rise edge)
                                                      0.000     0.000 r  
    R4                                                0.000     0.000 r  clk (IN)
                         net (fo=0)                   0.000     0.000    clk_gen/inst/clk_in1
    R4                   IBUF (Prop_ibuf_I_O)         1.475     1.475 r  clk_gen/inst/clkin1_ibufg/O
                         net (fo=1, routed)           1.253     2.728    clk_gen/inst/clk_in1_clk_wiz_0
    PLLE2_ADV_X1Y2       PLLE2_ADV (Prop_plle2_adv_CLKIN1_CLKOUT0)
                                                     -8.953    -6.225 r  clk_gen/inst/plle2_adv_inst/CLKOUT0
                         net (fo=1, routed)           1.802    -4.422    clk_gen/inst/clk_out1_clk_wiz_0
    BUFGCTRL_X0Y0        BUFG (Prop_bufg_I_O)         0.096    -4.326 r  clk_gen/inst/clkout1_buf/O
                         net (fo=12699, routed)       2.102    -2.224    rv64im72f_6sp/mem_wb_register/clk_out1
    SLICE_X41Y19         FDPE                                         r  rv64im72f_6sp/mem_wb_register/WB_instruction_reg[1]_lopt_replica/C
  -------------------------------------------------------------------    -------------------
    SLICE_X41Y19         FDPE (Prop_fdpe_C_Q)         0.456    -1.768 r  rv64im72f_6sp/mem_wb_register/WB_instruction_reg[1]_lopt_replica/Q
                         net (fo=1, routed)           4.240     2.472    lopt_1
    T16                  OBUF (Prop_obuf_I_O)         2.915     5.387 r  led_OBUF[2]_inst/O
                         net (fo=0)                   0.000     5.387    led[2]
    T16                                                               r  led[2] (OUT)
  -------------------------------------------------------------------    -------------------

Slack:                    inf
  Source:                 rv64im72f_6sp/mem_wb_register/WB_instruction_reg[2]_lopt_replica/C
                            (rising edge-triggered cell FDCE clocked by clk_out1_clk_wiz_0  {rise@0.000ns fall@11.111ns period=22.222ns})
  Destination:            led[3]
                            (output port)
  Path Group:             (none)
  Path Type:              Max at Slow Process Corner
  Data Path Delay:        7.275ns  (logic 3.373ns (46.366%)  route 3.902ns (53.634%))
  Logic Levels:           1  (OBUF=1)
  Clock Uncertainty:      0.191ns  ((TSJ^2 + DJ^2)^1/2) / 2 + PE
    Total System Jitter     (TSJ):    0.050ns
    Discrete Jitter          (DJ):    0.163ns
    Phase Error              (PE):    0.105ns
  Timing Exception:       False Path

    Location             Delay type                Incr(ns)  Path(ns)    Netlist Resource(s)
  -------------------------------------------------------------------    -------------------
                         (clock clk_out1_clk_wiz_0 rise edge)
                                                      0.000     0.000 r  
    R4                                                0.000     0.000 r  clk (IN)
                         net (fo=0)                   0.000     0.000    clk_gen/inst/clk_in1
    R4                   IBUF (Prop_ibuf_I_O)         1.475     1.475 r  clk_gen/inst/clkin1_ibufg/O
                         net (fo=1, routed)           1.253     2.728    clk_gen/inst/clk_in1_clk_wiz_0
    PLLE2_ADV_X1Y2       PLLE2_ADV (Prop_plle2_adv_CLKIN1_CLKOUT0)
                                                     -8.953    -6.225 r  clk_gen/inst/plle2_adv_inst/CLKOUT0
                         net (fo=1, routed)           1.802    -4.422    clk_gen/inst/clk_out1_clk_wiz_0
    BUFGCTRL_X0Y0        BUFG (Prop_bufg_I_O)         0.096    -4.326 r  clk_gen/inst/clkout1_buf/O
                         net (fo=12699, routed)       2.109    -2.217    rv64im72f_6sp/mem_wb_register/clk_out1
    SLICE_X30Y19         FDCE                                         r  rv64im72f_6sp/mem_wb_register/WB_instruction_reg[2]_lopt_replica/C
  -------------------------------------------------------------------    -------------------
    SLICE_X30Y19         FDCE (Prop_fdce_C_Q)         0.456    -1.761 r  rv64im72f_6sp/mem_wb_register/WB_instruction_reg[2]_lopt_replica/Q
                         net (fo=1, routed)           3.902     2.141    lopt_2
    U16                  OBUF (Prop_obuf_I_O)         2.917     5.058 r  led_OBUF[3]_inst/O
                         net (fo=0)                   0.000     5.058    led[3]
    U16                                                               r  led[3] (OUT)
  -------------------------------------------------------------------    -------------------





Min Delay Paths
--------------------------------------------------------------------------------------
Slack:                    inf
  Source:                 rv64im72f_6sp/mem_wb_register/WB_instruction_reg[2]_lopt_replica/C
                            (rising edge-triggered cell FDCE clocked by clk_out1_clk_wiz_0  {rise@0.000ns fall@11.111ns period=22.222ns})
  Destination:            led[3]
                            (output port)
  Path Group:             (none)
  Path Type:              Min at Fast Process Corner
  Data Path Delay:        2.736ns  (logic 1.322ns (48.322%)  route 1.414ns (51.678%))
  Logic Levels:           1  (OBUF=1)
  Clock Uncertainty:      0.191ns  ((TSJ^2 + DJ^2)^1/2) / 2 + PE
    Total System Jitter     (TSJ):    0.050ns
    Discrete Jitter          (DJ):    0.163ns
    Phase Error              (PE):    0.105ns
  Timing Exception:       False Path

    Location             Delay type                Incr(ns)  Path(ns)    Netlist Resource(s)
  -------------------------------------------------------------------    -------------------
                         (clock clk_out1_clk_wiz_0 rise edge)
                                                      0.000     0.000 r  
    R4                                                0.000     0.000 r  clk (IN)
                         net (fo=0)                   0.000     0.000    clk_gen/inst/clk_in1
    R4                   IBUF (Prop_ibuf_I_O)         0.243     0.243 r  clk_gen/inst/clkin1_ibufg/O
                         net (fo=1, routed)           0.440     0.683    clk_gen/inst/clk_in1_clk_wiz_0
    PLLE2_ADV_X1Y2       PLLE2_ADV (Prop_plle2_adv_CLKIN1_CLKOUT0)
                                                     -2.503    -1.819 r  clk_gen/inst/plle2_adv_inst/CLKOUT0
                         net (fo=1, routed)           0.546    -1.273    clk_gen/inst/clk_out1_clk_wiz_0
    BUFGCTRL_X0Y0        BUFG (Prop_bufg_I_O)         0.026    -1.247 r  clk_gen/inst/clkout1_buf/O
                         net (fo=12699, routed)       0.752    -0.496    rv64im72f_6sp/mem_wb_register/clk_out1
    SLICE_X30Y19         FDCE                                         r  rv64im72f_6sp/mem_wb_register/WB_instruction_reg[2]_lopt_replica/C
  -------------------------------------------------------------------    -------------------
    SLICE_X30Y19         FDCE (Prop_fdce_C_Q)         0.141    -0.355 r  rv64im72f_6sp/mem_wb_register/WB_instruction_reg[2]_lopt_replica/Q
                         net (fo=1, routed)           1.414     1.059    lopt_2
    U16                  OBUF (Prop_obuf_I_O)         1.181     2.240 r  led_OBUF[3]_inst/O
                         net (fo=0)                   0.000     2.240    led[3]
    U16                                                               r  led[3] (OUT)
  -------------------------------------------------------------------    -------------------

Slack:                    inf
  Source:                 uart_tx/tx_reg/C
                            (rising edge-triggered cell FDPE clocked by clk_out1_clk_wiz_0  {rise@0.000ns fall@11.111ns period=22.222ns})
  Destination:            uart_tx_in
                            (output port)
  Path Group:             (none)
  Path Type:              Min at Fast Process Corner
  Data Path Delay:        2.828ns  (logic 1.410ns (49.863%)  route 1.418ns (50.137%))
  Logic Levels:           1  (OBUF=1)
  Clock Uncertainty:      0.191ns  ((TSJ^2 + DJ^2)^1/2) / 2 + PE
    Total System Jitter     (TSJ):    0.050ns
    Discrete Jitter          (DJ):    0.163ns
    Phase Error              (PE):    0.105ns
  Timing Exception:       False Path

    Location             Delay type                Incr(ns)  Path(ns)    Netlist Resource(s)
  -------------------------------------------------------------------    -------------------
                         (clock clk_out1_clk_wiz_0 rise edge)
                                                      0.000     0.000 r  
    R4                                                0.000     0.000 r  clk (IN)
                         net (fo=0)                   0.000     0.000    clk_gen/inst/clk_in1
    R4                   IBUF (Prop_ibuf_I_O)         0.243     0.243 r  clk_gen/inst/clkin1_ibufg/O
                         net (fo=1, routed)           0.440     0.683    clk_gen/inst/clk_in1_clk_wiz_0
    PLLE2_ADV_X1Y2       PLLE2_ADV (Prop_plle2_adv_CLKIN1_CLKOUT0)
                                                     -2.503    -1.819 r  clk_gen/inst/plle2_adv_inst/CLKOUT0
                         net (fo=1, routed)           0.546    -1.273    clk_gen/inst/clk_out1_clk_wiz_0
    BUFGCTRL_X0Y0        BUFG (Prop_bufg_I_O)         0.026    -1.247 r  clk_gen/inst/clkout1_buf/O
                         net (fo=12699, routed)       0.673    -0.574    uart_tx/clk_out1
    SLICE_X28Y75         FDPE                                         r  uart_tx/tx_reg/C
  -------------------------------------------------------------------    -------------------
    SLICE_X28Y75         FDPE (Prop_fdpe_C_Q)         0.141    -0.433 r  uart_tx/tx_reg/Q
                         net (fo=1, routed)           1.418     0.984    uart_tx_in_OBUF
    AA19                 OBUF (Prop_obuf_I_O)         1.269     2.253 r  uart_tx_in_OBUF_inst/O
                         net (fo=0)                   0.000     2.253    uart_tx_in
    AA19                                                              r  uart_tx_in (OUT)
  -------------------------------------------------------------------    -------------------

Slack:                    inf
  Source:                 rv64im72f_6sp/mem_wb_register/WB_instruction_reg[1]_lopt_replica/C
                            (rising edge-triggered cell FDPE clocked by clk_out1_clk_wiz_0  {rise@0.000ns fall@11.111ns period=22.222ns})
  Destination:            led[2]
                            (output port)
  Path Group:             (none)
  Path Type:              Min at Fast Process Corner
  Data Path Delay:        2.843ns  (logic 1.320ns (46.439%)  route 1.523ns (53.561%))
  Logic Levels:           1  (OBUF=1)
  Clock Uncertainty:      0.191ns  ((TSJ^2 + DJ^2)^1/2) / 2 + PE
    Total System Jitter     (TSJ):    0.050ns
    Discrete Jitter          (DJ):    0.163ns
    Phase Error              (PE):    0.105ns
  Timing Exception:       False Path

    Location             Delay type                Incr(ns)  Path(ns)    Netlist Resource(s)
  -------------------------------------------------------------------    -------------------
                         (clock clk_out1_clk_wiz_0 rise edge)
                                                      0.000     0.000 r  
    R4                                                0.000     0.000 r  clk (IN)
                         net (fo=0)                   0.000     0.000    clk_gen/inst/clk_in1
    R4                   IBUF (Prop_ibuf_I_O)         0.243     0.243 r  clk_gen/inst/clkin1_ibufg/O
                         net (fo=1, routed)           0.440     0.683    clk_gen/inst/clk_in1_clk_wiz_0
    PLLE2_ADV_X1Y2       PLLE2_ADV (Prop_plle2_adv_CLKIN1_CLKOUT0)
                                                     -2.503    -1.819 r  clk_gen/inst/plle2_adv_inst/CLKOUT0
                         net (fo=1, routed)           0.546    -1.273    clk_gen/inst/clk_out1_clk_wiz_0
    BUFGCTRL_X0Y0        BUFG (Prop_bufg_I_O)         0.026    -1.247 r  clk_gen/inst/clkout1_buf/O
                         net (fo=12699, routed)       0.746    -0.502    rv64im72f_6sp/mem_wb_register/clk_out1
    SLICE_X41Y19         FDPE                                         r  rv64im72f_6sp/mem_wb_register/WB_instruction_reg[1]_lopt_replica/C
  -------------------------------------------------------------------    -------------------
    SLICE_X41Y19         FDPE (Prop_fdpe_C_Q)         0.141    -0.361 r  rv64im72f_6sp/mem_wb_register/WB_instruction_reg[1]_lopt_replica/Q
                         net (fo=1, routed)           1.523     1.162    lopt_1
    T16                  OBUF (Prop_obuf_I_O)         1.179     2.341 r  led_OBUF[2]_inst/O
                         net (fo=0)                   0.000     2.341    led[2]
    T16                                                               r  led[2] (OUT)
  -------------------------------------------------------------------    -------------------

Slack:                    inf
  Source:                 rv64im72f_6sp/mem_wb_register/WB_instruction_reg[4]_lopt_replica/C
                            (rising edge-triggered cell FDPE clocked by clk_out1_clk_wiz_0  {rise@0.000ns fall@11.111ns period=22.222ns})
  Destination:            led[5]
                            (output port)
  Path Group:             (none)
  Path Type:              Min at Fast Process Corner
  Data Path Delay:        2.863ns  (logic 1.326ns (46.292%)  route 1.538ns (53.708%))
  Logic Levels:           1  (OBUF=1)
  Clock Uncertainty:      0.191ns  ((TSJ^2 + DJ^2)^1/2) / 2 + PE
    Total System Jitter     (TSJ):    0.050ns
    Discrete Jitter          (DJ):    0.163ns
    Phase Error              (PE):    0.105ns
  Timing Exception:       False Path

    Location             Delay type                Incr(ns)  Path(ns)    Netlist Resource(s)
  -------------------------------------------------------------------    -------------------
                         (clock clk_out1_clk_wiz_0 rise edge)
                                                      0.000     0.000 r  
    R4                                                0.000     0.000 r  clk (IN)
                         net (fo=0)                   0.000     0.000    clk_gen/inst/clk_in1
    R4                   IBUF (Prop_ibuf_I_O)         0.243     0.243 r  clk_gen/inst/clkin1_ibufg/O
                         net (fo=1, routed)           0.440     0.683    clk_gen/inst/clk_in1_clk_wiz_0
    PLLE2_ADV_X1Y2       PLLE2_ADV (Prop_plle2_adv_CLKIN1_CLKOUT0)
                                                     -2.503    -1.819 r  clk_gen/inst/plle2_adv_inst/CLKOUT0
                         net (fo=1, routed)           0.546    -1.273    clk_gen/inst/clk_out1_clk_wiz_0
    BUFGCTRL_X0Y0        BUFG (Prop_bufg_I_O)         0.026    -1.247 r  clk_gen/inst/clkout1_buf/O
                         net (fo=12699, routed)       0.751    -0.497    rv64im72f_6sp/mem_wb_register/clk_out1
    SLICE_X33Y18         FDPE                                         r  rv64im72f_6sp/mem_wb_register/WB_instruction_reg[4]_lopt_replica/C
  -------------------------------------------------------------------    -------------------
    SLICE_X33Y18         FDPE (Prop_fdpe_C_Q)         0.141    -0.356 r  rv64im72f_6sp/mem_wb_register/WB_instruction_reg[4]_lopt_replica/Q
                         net (fo=1, routed)           1.538     1.182    lopt_4
    W16                  OBUF (Prop_obuf_I_O)         1.185     2.367 r  led_OBUF[5]_inst/O
                         net (fo=0)                   0.000     2.367    led[5]
    W16                                                               r  led[5] (OUT)
  -------------------------------------------------------------------    -------------------

Slack:                    inf
  Source:                 rv64im72f_6sp/mem_wb_register/WB_instruction_reg[5]_lopt_replica/C
                            (rising edge-triggered cell FDCE clocked by clk_out1_clk_wiz_0  {rise@0.000ns fall@11.111ns period=22.222ns})
  Destination:            led[6]
                            (output port)
  Path Group:             (none)
  Path Type:              Min at Fast Process Corner
  Data Path Delay:        2.970ns  (logic 1.320ns (44.454%)  route 1.650ns (55.546%))
  Logic Levels:           1  (OBUF=1)
  Clock Uncertainty:      0.191ns  ((TSJ^2 + DJ^2)^1/2) / 2 + PE
    Total System Jitter     (TSJ):    0.050ns
    Discrete Jitter          (DJ):    0.163ns
    Phase Error              (PE):    0.105ns
  Timing Exception:       False Path

    Location             Delay type                Incr(ns)  Path(ns)    Netlist Resource(s)
  -------------------------------------------------------------------    -------------------
                         (clock clk_out1_clk_wiz_0 rise edge)
                                                      0.000     0.000 r  
    R4                                                0.000     0.000 r  clk (IN)
                         net (fo=0)                   0.000     0.000    clk_gen/inst/clk_in1
    R4                   IBUF (Prop_ibuf_I_O)         0.243     0.243 r  clk_gen/inst/clkin1_ibufg/O
                         net (fo=1, routed)           0.440     0.683    clk_gen/inst/clk_in1_clk_wiz_0
    PLLE2_ADV_X1Y2       PLLE2_ADV (Prop_plle2_adv_CLKIN1_CLKOUT0)
                                                     -2.503    -1.819 r  clk_gen/inst/plle2_adv_inst/CLKOUT0
                         net (fo=1, routed)           0.546    -1.273    clk_gen/inst/clk_out1_clk_wiz_0
    BUFGCTRL_X0Y0        BUFG (Prop_bufg_I_O)         0.026    -1.247 r  clk_gen/inst/clkout1_buf/O
                         net (fo=12699, routed)       0.716    -0.532    rv64im72f_6sp/mem_wb_register/clk_out1
    SLICE_X43Y20         FDCE                                         r  rv64im72f_6sp/mem_wb_register/WB_instruction_reg[5]_lopt_replica/C
  -------------------------------------------------------------------    -------------------
    SLICE_X43Y20         FDCE (Prop_fdce_C_Q)         0.141    -0.391 r  rv64im72f_6sp/mem_wb_register/WB_instruction_reg[5]_lopt_replica/Q
                         net (fo=1, routed)           1.650     1.259    lopt_5
    W15                  OBUF (Prop_obuf_I_O)         1.179     2.438 r  led_OBUF[6]_inst/O
                         net (fo=0)                   0.000     2.438    led[6]
    W15                                                               r  led[6] (OUT)
  -------------------------------------------------------------------    -------------------

Slack:                    inf
  Source:                 rv64im72f_6sp/mem_wb_register/WB_instruction_reg[3]_lopt_replica/C
                            (rising edge-triggered cell FDCE clocked by clk_out1_clk_wiz_0  {rise@0.000ns fall@11.111ns period=22.222ns})
  Destination:            led[4]
                            (output port)
  Path Group:             (none)
  Path Type:              Min at Fast Process Corner
  Data Path Delay:        3.178ns  (logic 1.359ns (42.759%)  route 1.819ns (57.241%))
  Logic Levels:           1  (OBUF=1)
  Clock Uncertainty:      0.191ns  ((TSJ^2 + DJ^2)^1/2) / 2 + PE
    Total System Jitter     (TSJ):    0.050ns
    Discrete Jitter          (DJ):    0.163ns
    Phase Error              (PE):    0.105ns
  Timing Exception:       False Path

    Location             Delay type                Incr(ns)  Path(ns)    Netlist Resource(s)
  -------------------------------------------------------------------    -------------------
                         (clock clk_out1_clk_wiz_0 rise edge)
                                                      0.000     0.000 r  
    R4                                                0.000     0.000 r  clk (IN)
                         net (fo=0)                   0.000     0.000    clk_gen/inst/clk_in1
    R4                   IBUF (Prop_ibuf_I_O)         0.243     0.243 r  clk_gen/inst/clkin1_ibufg/O
                         net (fo=1, routed)           0.440     0.683    clk_gen/inst/clk_in1_clk_wiz_0
    PLLE2_ADV_X1Y2       PLLE2_ADV (Prop_plle2_adv_CLKIN1_CLKOUT0)
                                                     -2.503    -1.819 r  clk_gen/inst/plle2_adv_inst/CLKOUT0
                         net (fo=1, routed)           0.546    -1.273    clk_gen/inst/clk_out1_clk_wiz_0
    BUFGCTRL_X0Y0        BUFG (Prop_bufg_I_O)         0.026    -1.247 r  clk_gen/inst/clkout1_buf/O
                         net (fo=12699, routed)       0.716    -0.532    rv64im72f_6sp/mem_wb_register/clk_out1
    SLICE_X48Y19         FDCE                                         r  rv64im72f_6sp/mem_wb_register/WB_instruction_reg[3]_lopt_replica/C
  -------------------------------------------------------------------    -------------------
    SLICE_X48Y19         FDCE (Prop_fdce_C_Q)         0.164    -0.368 r  rv64im72f_6sp/mem_wb_register/WB_instruction_reg[3]_lopt_replica/Q
                         net (fo=1, routed)           1.819     1.452    lopt_3
    V15                  OBUF (Prop_obuf_I_O)         1.195     2.647 r  led_OBUF[4]_inst/O
                         net (fo=0)                   0.000     2.647    led[4]
    V15                                                               r  led[4] (OUT)
  -------------------------------------------------------------------    -------------------

Slack:                    inf
  Source:                 rv64im72f_6sp/mem_wb_register/WB_instruction_reg[0]_lopt_replica/C
                            (rising edge-triggered cell FDPE clocked by clk_out1_clk_wiz_0  {rise@0.000ns fall@11.111ns period=22.222ns})
  Destination:            led[1]
                            (output port)
  Path Group:             (none)
  Path Type:              Min at Fast Process Corner
  Data Path Delay:        3.191ns  (logic 1.354ns (42.415%)  route 1.838ns (57.585%))
  Logic Levels:           1  (OBUF=1)
  Clock Uncertainty:      0.191ns  ((TSJ^2 + DJ^2)^1/2) / 2 + PE
    Total System Jitter     (TSJ):    0.050ns
    Discrete Jitter          (DJ):    0.163ns
    Phase Error              (PE):    0.105ns
  Timing Exception:       False Path

    Location             Delay type                Incr(ns)  Path(ns)    Netlist Resource(s)
  -------------------------------------------------------------------    -------------------
                         (clock clk_out1_clk_wiz_0 rise edge)
                                                      0.000     0.000 r  
    R4                                                0.000     0.000 r  clk (IN)
                         net (fo=0)                   0.000     0.000    clk_gen/inst/clk_in1
    R4                   IBUF (Prop_ibuf_I_O)         0.243     0.243 r  clk_gen/inst/clkin1_ibufg/O
                         net (fo=1, routed)           0.440     0.683    clk_gen/inst/clk_in1_clk_wiz_0
    PLLE2_ADV_X1Y2       PLLE2_ADV (Prop_plle2_adv_CLKIN1_CLKOUT0)
                                                     -2.503    -1.819 r  clk_gen/inst/plle2_adv_inst/CLKOUT0
                         net (fo=1, routed)           0.546    -1.273    clk_gen/inst/clk_out1_clk_wiz_0
    BUFGCTRL_X0Y0        BUFG (Prop_bufg_I_O)         0.026    -1.247 r  clk_gen/inst/clkout1_buf/O
                         net (fo=12699, routed)       0.714    -0.534    rv64im72f_6sp/mem_wb_register/clk_out1
    SLICE_X47Y21         FDPE                                         r  rv64im72f_6sp/mem_wb_register/WB_instruction_reg[0]_lopt_replica/C
  -------------------------------------------------------------------    -------------------
    SLICE_X47Y21         FDPE (Prop_fdpe_C_Q)         0.141    -0.393 r  rv64im72f_6sp/mem_wb_register/WB_instruction_reg[0]_lopt_replica/Q
                         net (fo=1, routed)           1.838     1.445    lopt
    T15                  OBUF (Prop_obuf_I_O)         1.213     2.658 r  led_OBUF[1]_inst/O
                         net (fo=0)                   0.000     2.658    led[1]
    T15                                                               r  led[1] (OUT)
  -------------------------------------------------------------------    -------------------

Slack:                    inf
  Source:                 rv64im72f_6sp/mem_wb_register/WB_instruction_reg[6]_lopt_replica/C
                            (rising edge-triggered cell FDCE clocked by clk_out1_clk_wiz_0  {rise@0.000ns fall@11.111ns period=22.222ns})
  Destination:            led[7]
                            (output port)
  Path Group:             (none)
  Path Type:              Min at Fast Process Corner
  Data Path Delay:        3.470ns  (logic 1.373ns (39.564%)  route 2.097ns (60.436%))
  Logic Levels:           1  (OBUF=1)
  Clock Uncertainty:      0.191ns  ((TSJ^2 + DJ^2)^1/2) / 2 + PE
    Total System Jitter     (TSJ):    0.050ns
    Discrete Jitter          (DJ):    0.163ns
    Phase Error              (PE):    0.105ns
  Timing Exception:       False Path

    Location             Delay type                Incr(ns)  Path(ns)    Netlist Resource(s)
  -------------------------------------------------------------------    -------------------
                         (clock clk_out1_clk_wiz_0 rise edge)
                                                      0.000     0.000 r  
    R4                                                0.000     0.000 r  clk (IN)
                         net (fo=0)                   0.000     0.000    clk_gen/inst/clk_in1
    R4                   IBUF (Prop_ibuf_I_O)         0.243     0.243 r  clk_gen/inst/clkin1_ibufg/O
                         net (fo=1, routed)           0.440     0.683    clk_gen/inst/clk_in1_clk_wiz_0
    PLLE2_ADV_X1Y2       PLLE2_ADV (Prop_plle2_adv_CLKIN1_CLKOUT0)
                                                     -2.503    -1.819 r  clk_gen/inst/plle2_adv_inst/CLKOUT0
                         net (fo=1, routed)           0.546    -1.273    clk_gen/inst/clk_out1_clk_wiz_0
    BUFGCTRL_X0Y0        BUFG (Prop_bufg_I_O)         0.026    -1.247 r  clk_gen/inst/clkout1_buf/O
                         net (fo=12699, routed)       0.714    -0.534    rv64im72f_6sp/mem_wb_register/clk_out1
    SLICE_X47Y21         FDCE                                         r  rv64im72f_6sp/mem_wb_register/WB_instruction_reg[6]_lopt_replica/C
  -------------------------------------------------------------------    -------------------
    SLICE_X47Y21         FDCE (Prop_fdce_C_Q)         0.141    -0.393 r  rv64im72f_6sp/mem_wb_register/WB_instruction_reg[6]_lopt_replica/Q
                         net (fo=1, routed)           2.097     1.705    lopt_6
    Y13                  OBUF (Prop_obuf_I_O)         1.232     2.937 r  led_OBUF[7]_inst/O
                         net (fo=0)                   0.000     2.937    led[7]
    Y13                                                               r  led[7] (OUT)
  -------------------------------------------------------------------    -------------------

Slack:                    inf
  Source:                 cpu_clk_enable_reg/C
                            (rising edge-triggered cell FDCE clocked by clk_out1_clk_wiz_0  {rise@0.000ns fall@11.111ns period=22.222ns})
  Destination:            led[0]
                            (output port)
  Path Group:             (none)
  Path Type:              Min at Fast Process Corner
  Data Path Delay:        4.574ns  (logic 1.444ns (31.574%)  route 3.130ns (68.426%))
  Logic Levels:           2  (LUT1=1 OBUF=1)
  Clock Uncertainty:      0.191ns  ((TSJ^2 + DJ^2)^1/2) / 2 + PE
    Total System Jitter     (TSJ):    0.050ns
    Discrete Jitter          (DJ):    0.163ns
    Phase Error              (PE):    0.105ns
  Timing Exception:       False Path

    Location             Delay type                Incr(ns)  Path(ns)    Netlist Resource(s)
  -------------------------------------------------------------------    -------------------
                         (clock clk_out1_clk_wiz_0 rise edge)
                                                      0.000     0.000 r  
    R4                                                0.000     0.000 r  clk (IN)
                         net (fo=0)                   0.000     0.000    clk_gen/inst/clk_in1
    R4                   IBUF (Prop_ibuf_I_O)         0.243     0.243 r  clk_gen/inst/clkin1_ibufg/O
                         net (fo=1, routed)           0.440     0.683    clk_gen/inst/clk_in1_clk_wiz_0
    PLLE2_ADV_X1Y2       PLLE2_ADV (Prop_plle2_adv_CLKIN1_CLKOUT0)
                                                     -2.503    -1.819 r  clk_gen/inst/plle2_adv_inst/CLKOUT0
                         net (fo=1, routed)           0.546    -1.273    clk_gen/inst/clk_out1_clk_wiz_0
    BUFGCTRL_X0Y0        BUFG (Prop_bufg_I_O)         0.026    -1.247 r  clk_gen/inst/clkout1_buf/O
                         net (fo=12699, routed)       0.621    -0.627    clk_cpu
    SLICE_X15Y132        FDCE                                         r  cpu_clk_enable_reg/C
  -------------------------------------------------------------------    -------------------
    SLICE_X15Y132        FDCE (Prop_fdce_C_Q)         0.128    -0.499 f  cpu_clk_enable_reg/Q
                         net (fo=611, routed)         2.811     2.313    cpu_clk_enable
    SLICE_X0Y69          LUT1 (Prop_lut1_I0_O)        0.099     2.412 r  led_OBUF[0]_inst_i_1/O
                         net (fo=1, routed)           0.319     2.730    led_OBUF[0]
    T14                  OBUF (Prop_obuf_I_O)         1.217     3.947 r  led_OBUF[0]_inst/O
                         net (fo=0)                   0.000     3.947    led[0]
    T14                                                               r  led[0] (OUT)
  -------------------------------------------------------------------    -------------------





--------------------------------------------------------------------------------------
Path Group:  (none)
From Clock:  
  To Clock:  clk_out1_clk_wiz_0

Max Delay             4 Endpoints
Min Delay             4 Endpoints
--------------------------------------------------------------------------------------


Max Delay Paths
--------------------------------------------------------------------------------------
Slack:                    inf
  Source:                 reset_n
                            (input port)
  Destination:            reset_sync_reg[2]/PRE
                            (recovery check against rising-edge clock clk_out1_clk_wiz_0  {rise@0.000ns fall@11.111ns period=22.222ns})
  Path Group:             (none)
  Path Type:              Recovery (Max at Slow Process Corner)
  Data Path Delay:        8.750ns  (logic 1.093ns (12.490%)  route 7.657ns (87.511%))
  Logic Levels:           2  (IBUF=1 LUT1=1)
  Clock Path Skew:        -2.015ns (DCD - SCD + CPR)
    Destination Clock Delay (DCD):    -2.015ns
    Source Clock Delay      (SCD):    0.000ns
    Clock Pessimism Removal (CPR):    0.000ns
  Clock Uncertainty:      0.191ns  ((TSJ^2 + DJ^2)^1/2) / 2 + PE
    Total System Jitter     (TSJ):    0.050ns
    Discrete Jitter          (DJ):    0.163ns
    Phase Error              (PE):    0.105ns
  Timing Exception:       False Path

    Location             Delay type                Incr(ns)  Path(ns)    Netlist Resource(s)
  -------------------------------------------------------------------    -------------------
    G4                                                0.000     0.000 r  reset_n (IN)
                         net (fo=0)                   0.000     0.000    reset_n
    G4                   IBUF (Prop_ibuf_I_O)         0.969     0.969 r  reset_n_IBUF_inst/O
                         net (fo=2, routed)           2.417     3.386    reset_n_IBUF
    SLICE_X156Y138       LUT1 (Prop_lut1_I0_O)        0.124     3.510 f  clk_gen_i_1/O
                         net (fo=3, routed)           5.240     8.750    reset
    SLICE_X41Y63         FDPE                                         f  reset_sync_reg[2]/PRE
  -------------------------------------------------------------------    -------------------

                         (clock clk_out1_clk_wiz_0 rise edge)
                                                      0.000     0.000 r  
    R4                                                0.000     0.000 r  clk (IN)
                         net (fo=0)                   0.000     0.000    clk_gen/inst/clk_in1
    R4                   IBUF (Prop_ibuf_I_O)         1.405     1.405 r  clk_gen/inst/clkin1_ibufg/O
                         net (fo=1, routed)           1.181     2.586    clk_gen/inst/clk_in1_clk_wiz_0
    PLLE2_ADV_X1Y2       PLLE2_ADV (Prop_plle2_adv_CLKIN1_CLKOUT0)
                                                     -8.206    -5.620 r  clk_gen/inst/plle2_adv_inst/CLKOUT0
                         net (fo=1, routed)           1.718    -3.902    clk_gen/inst/clk_out1_clk_wiz_0
    BUFGCTRL_X0Y0        BUFG (Prop_bufg_I_O)         0.091    -3.811 r  clk_gen/inst/clkout1_buf/O
                         net (fo=12699, routed)       1.796    -2.015    clk_cpu
    SLICE_X41Y63         FDPE                                         r  reset_sync_reg[2]/C

Slack:                    inf
  Source:                 btn_up
                            (input port)
  Destination:            unified_uart_controller/btn_sync_reg[0]/D
                            (rising edge-triggered cell FDCE clocked by clk_out1_clk_wiz_0  {rise@0.000ns fall@11.111ns period=22.222ns})
  Path Group:             (none)
  Path Type:              Setup (Max at Slow Process Corner)
  Data Path Delay:        5.160ns  (logic 1.069ns (20.726%)  route 4.090ns (79.274%))
  Logic Levels:           1  (IBUF=1)
  Clock Path Skew:        -2.164ns (DCD - SCD + CPR)
    Destination Clock Delay (DCD):    -2.164ns
    Source Clock Delay      (SCD):    0.000ns
    Clock Pessimism Removal (CPR):    0.000ns
  Clock Uncertainty:      0.191ns  ((TSJ^2 + DJ^2)^1/2) / 2 + PE
    Total System Jitter     (TSJ):    0.050ns
    Discrete Jitter          (DJ):    0.163ns
    Phase Error              (PE):    0.105ns
  Timing Exception:       False Path

    Location             Delay type                Incr(ns)  Path(ns)    Netlist Resource(s)
  -------------------------------------------------------------------    -------------------
    F15                                               0.000     0.000 r  btn_up (IN)
                         net (fo=0)                   0.000     0.000    btn_up
    F15                  IBUF (Prop_ibuf_I_O)         1.069     1.069 r  btn_up_IBUF_inst/O
                         net (fo=1, routed)           4.090     5.160    unified_uart_controller/D[0]
    SLICE_X9Y134         FDCE                                         r  unified_uart_controller/btn_sync_reg[0]/D
  -------------------------------------------------------------------    -------------------

                         (clock clk_out1_clk_wiz_0 rise edge)
                                                      0.000     0.000 r  
    R4                                                0.000     0.000 r  clk (IN)
                         net (fo=0)                   0.000     0.000    clk_gen/inst/clk_in1
    R4                   IBUF (Prop_ibuf_I_O)         1.405     1.405 r  clk_gen/inst/clkin1_ibufg/O
                         net (fo=1, routed)           1.181     2.586    clk_gen/inst/clk_in1_clk_wiz_0
    PLLE2_ADV_X1Y2       PLLE2_ADV (Prop_plle2_adv_CLKIN1_CLKOUT0)
                                                     -8.206    -5.620 r  clk_gen/inst/plle2_adv_inst/CLKOUT0
                         net (fo=1, routed)           1.718    -3.902    clk_gen/inst/clk_out1_clk_wiz_0
    BUFGCTRL_X0Y0        BUFG (Prop_bufg_I_O)         0.091    -3.811 r  clk_gen/inst/clkout1_buf/O
                         net (fo=12699, routed)       1.646    -2.164    unified_uart_controller/clk_out1
    SLICE_X9Y134         FDCE                                         r  unified_uart_controller/btn_sync_reg[0]/C

Slack:                    inf
  Source:                 reset_n
                            (input port)
  Destination:            reset_sync_reg[0]/PRE
                            (recovery check against rising-edge clock clk_out1_clk_wiz_0  {rise@0.000ns fall@11.111ns period=22.222ns})
  Path Group:             (none)
  Path Type:              Recovery (Max at Slow Process Corner)
  Data Path Delay:        4.105ns  (logic 1.093ns (26.621%)  route 3.012ns (73.379%))
  Logic Levels:           2  (IBUF=1 LUT1=1)
  Clock Path Skew:        -2.102ns (DCD - SCD + CPR)
    Destination Clock Delay (DCD):    -2.102ns
    Source Clock Delay      (SCD):    0.000ns
    Clock Pessimism Removal (CPR):    0.000ns
  Clock Uncertainty:      0.191ns  ((TSJ^2 + DJ^2)^1/2) / 2 + PE
    Total System Jitter     (TSJ):    0.050ns
    Discrete Jitter          (DJ):    0.163ns
    Phase Error              (PE):    0.105ns
  Timing Exception:       False Path

    Location             Delay type                Incr(ns)  Path(ns)    Netlist Resource(s)
  -------------------------------------------------------------------    -------------------
    G4                                                0.000     0.000 r  reset_n (IN)
                         net (fo=0)                   0.000     0.000    reset_n
    G4                   IBUF (Prop_ibuf_I_O)         0.969     0.969 r  reset_n_IBUF_inst/O
                         net (fo=2, routed)           2.417     3.386    reset_n_IBUF
    SLICE_X156Y138       LUT1 (Prop_lut1_I0_O)        0.124     3.510 f  clk_gen_i_1/O
                         net (fo=3, routed)           0.595     4.105    reset
    SLICE_X156Y138       FDPE                                         f  reset_sync_reg[0]/PRE
  -------------------------------------------------------------------    -------------------

                         (clock clk_out1_clk_wiz_0 rise edge)
                                                      0.000     0.000 r  
    R4                                                0.000     0.000 r  clk (IN)
                         net (fo=0)                   0.000     0.000    clk_gen/inst/clk_in1
    R4                   IBUF (Prop_ibuf_I_O)         1.405     1.405 r  clk_gen/inst/clkin1_ibufg/O
                         net (fo=1, routed)           1.181     2.586    clk_gen/inst/clk_in1_clk_wiz_0
    PLLE2_ADV_X1Y2       PLLE2_ADV (Prop_plle2_adv_CLKIN1_CLKOUT0)
                                                     -8.206    -5.620 r  clk_gen/inst/plle2_adv_inst/CLKOUT0
                         net (fo=1, routed)           1.718    -3.902    clk_gen/inst/clk_out1_clk_wiz_0
    BUFGCTRL_X0Y0        BUFG (Prop_bufg_I_O)         0.091    -3.811 r  clk_gen/inst/clkout1_buf/O
                         net (fo=12699, routed)       1.708    -2.102    clk_cpu
    SLICE_X156Y138       FDPE                                         r  reset_sync_reg[0]/C

Slack:                    inf
  Source:                 reset_n
                            (input port)
  Destination:            reset_sync_reg[1]/PRE
                            (recovery check against rising-edge clock clk_out1_clk_wiz_0  {rise@0.000ns fall@11.111ns period=22.222ns})
  Path Group:             (none)
  Path Type:              Recovery (Max at Slow Process Corner)
  Data Path Delay:        4.105ns  (logic 1.093ns (26.621%)  route 3.012ns (73.379%))
  Logic Levels:           2  (IBUF=1 LUT1=1)
  Clock Path Skew:        -2.102ns (DCD - SCD + CPR)
    Destination Clock Delay (DCD):    -2.102ns
    Source Clock Delay      (SCD):    0.000ns
    Clock Pessimism Removal (CPR):    0.000ns
  Clock Uncertainty:      0.191ns  ((TSJ^2 + DJ^2)^1/2) / 2 + PE
    Total System Jitter     (TSJ):    0.050ns
    Discrete Jitter          (DJ):    0.163ns
    Phase Error              (PE):    0.105ns
  Timing Exception:       False Path

    Location             Delay type                Incr(ns)  Path(ns)    Netlist Resource(s)
  -------------------------------------------------------------------    -------------------
    G4                                                0.000     0.000 r  reset_n (IN)
                         net (fo=0)                   0.000     0.000    reset_n
    G4                   IBUF (Prop_ibuf_I_O)         0.969     0.969 r  reset_n_IBUF_inst/O
                         net (fo=2, routed)           2.417     3.386    reset_n_IBUF
    SLICE_X156Y138       LUT1 (Prop_lut1_I0_O)        0.124     3.510 f  clk_gen_i_1/O
                         net (fo=3, routed)           0.595     4.105    reset
    SLICE_X156Y138       FDPE                                         f  reset_sync_reg[1]/PRE
  -------------------------------------------------------------------    -------------------

                         (clock clk_out1_clk_wiz_0 rise edge)
                                                      0.000     0.000 r  
    R4                                                0.000     0.000 r  clk (IN)
                         net (fo=0)                   0.000     0.000    clk_gen/inst/clk_in1
    R4                   IBUF (Prop_ibuf_I_O)         1.405     1.405 r  clk_gen/inst/clkin1_ibufg/O
                         net (fo=1, routed)           1.181     2.586    clk_gen/inst/clk_in1_clk_wiz_0
    PLLE2_ADV_X1Y2       PLLE2_ADV (Prop_plle2_adv_CLKIN1_CLKOUT0)
                                                     -8.206    -5.620 r  clk_gen/inst/plle2_adv_inst/CLKOUT0
                         net (fo=1, routed)           1.718    -3.902    clk_gen/inst/clk_out1_clk_wiz_0
    BUFGCTRL_X0Y0        BUFG (Prop_bufg_I_O)         0.091    -3.811 r  clk_gen/inst/clkout1_buf/O
                         net (fo=12699, routed)       1.708    -2.102    clk_cpu
    SLICE_X156Y138       FDPE                                         r  reset_sync_reg[1]/C





Min Delay Paths
--------------------------------------------------------------------------------------
Slack:                    inf
  Source:                 reset_n
                            (input port)
  Destination:            reset_sync_reg[0]/PRE
                            (removal check against rising-edge clock clk_out1_clk_wiz_0  {rise@0.000ns fall@11.111ns period=22.222ns})
  Path Group:             (none)
  Path Type:              Removal (Min at Fast Process Corner)
  Data Path Delay:        1.336ns  (logic 0.171ns (12.792%)  route 1.165ns (87.208%))
  Logic Levels:           2  (IBUF=1 LUT1=1)
  Clock Path Skew:        -0.375ns (DCD - SCD - CPR)
    Destination Clock Delay (DCD):    -0.375ns
    Source Clock Delay      (SCD):    0.000ns
    Clock Pessimism Removal (CPR):    -0.000ns
  Timing Exception:       False Path

    Location             Delay type                Incr(ns)  Path(ns)    Netlist Resource(s)
  -------------------------------------------------------------------    -------------------
    G4                                                0.000     0.000 r  reset_n (IN)
                         net (fo=0)                   0.000     0.000    reset_n
    G4                   IBUF (Prop_ibuf_I_O)         0.126     0.126 r  reset_n_IBUF_inst/O
                         net (fo=2, routed)           0.967     1.093    reset_n_IBUF
    SLICE_X156Y138       LUT1 (Prop_lut1_I0_O)        0.045     1.138 f  clk_gen_i_1/O
                         net (fo=3, routed)           0.198     1.336    reset
    SLICE_X156Y138       FDPE                                         f  reset_sync_reg[0]/PRE
  -------------------------------------------------------------------    -------------------

                         (clock clk_out1_clk_wiz_0 rise edge)
                                                      0.000     0.000 r  
    R4                                                0.000     0.000 r  clk (IN)
                         net (fo=0)                   0.000     0.000    clk_gen/inst/clk_in1
    R4                   IBUF (Prop_ibuf_I_O)         0.431     0.431 r  clk_gen/inst/clkin1_ibufg/O
                         net (fo=1, routed)           0.481     0.912    clk_gen/inst/clk_in1_clk_wiz_0
    PLLE2_ADV_X1Y2       PLLE2_ADV (Prop_plle2_adv_CLKIN1_CLKOUT0)
                                                     -2.828    -1.916 r  clk_gen/inst/plle2_adv_inst/CLKOUT0
                         net (fo=1, routed)           0.595    -1.322    clk_gen/inst/clk_out1_clk_wiz_0
    BUFGCTRL_X0Y0        BUFG (Prop_bufg_I_O)         0.029    -1.293 r  clk_gen/inst/clkout1_buf/O
                         net (fo=12699, routed)       0.918    -0.375    clk_cpu
    SLICE_X156Y138       FDPE                                         r  reset_sync_reg[0]/C

Slack:                    inf
  Source:                 reset_n
                            (input port)
  Destination:            reset_sync_reg[1]/PRE
                            (removal check against rising-edge clock clk_out1_clk_wiz_0  {rise@0.000ns fall@11.111ns period=22.222ns})
  Path Group:             (none)
  Path Type:              Removal (Min at Fast Process Corner)
  Data Path Delay:        1.336ns  (logic 0.171ns (12.792%)  route 1.165ns (87.208%))
  Logic Levels:           2  (IBUF=1 LUT1=1)
  Clock Path Skew:        -0.375ns (DCD - SCD - CPR)
    Destination Clock Delay (DCD):    -0.375ns
    Source Clock Delay      (SCD):    0.000ns
    Clock Pessimism Removal (CPR):    -0.000ns
  Timing Exception:       False Path

    Location             Delay type                Incr(ns)  Path(ns)    Netlist Resource(s)
  -------------------------------------------------------------------    -------------------
    G4                                                0.000     0.000 r  reset_n (IN)
                         net (fo=0)                   0.000     0.000    reset_n
    G4                   IBUF (Prop_ibuf_I_O)         0.126     0.126 r  reset_n_IBUF_inst/O
                         net (fo=2, routed)           0.967     1.093    reset_n_IBUF
    SLICE_X156Y138       LUT1 (Prop_lut1_I0_O)        0.045     1.138 f  clk_gen_i_1/O
                         net (fo=3, routed)           0.198     1.336    reset
    SLICE_X156Y138       FDPE                                         f  reset_sync_reg[1]/PRE
  -------------------------------------------------------------------    -------------------

                         (clock clk_out1_clk_wiz_0 rise edge)
                                                      0.000     0.000 r  
    R4                                                0.000     0.000 r  clk (IN)
                         net (fo=0)                   0.000     0.000    clk_gen/inst/clk_in1
    R4                   IBUF (Prop_ibuf_I_O)         0.431     0.431 r  clk_gen/inst/clkin1_ibufg/O
                         net (fo=1, routed)           0.481     0.912    clk_gen/inst/clk_in1_clk_wiz_0
    PLLE2_ADV_X1Y2       PLLE2_ADV (Prop_plle2_adv_CLKIN1_CLKOUT0)
                                                     -2.828    -1.916 r  clk_gen/inst/plle2_adv_inst/CLKOUT0
                         net (fo=1, routed)           0.595    -1.322    clk_gen/inst/clk_out1_clk_wiz_0
    BUFGCTRL_X0Y0        BUFG (Prop_bufg_I_O)         0.029    -1.293 r  clk_gen/inst/clkout1_buf/O
                         net (fo=12699, routed)       0.918    -0.375    clk_cpu
    SLICE_X156Y138       FDPE                                         r  reset_sync_reg[1]/C

Slack:                    inf
  Source:                 btn_up
                            (input port)
  Destination:            unified_uart_controller/btn_sync_reg[0]/D
                            (rising edge-triggered cell FDCE clocked by clk_out1_clk_wiz_0  {rise@0.000ns fall@11.111ns period=22.222ns})
  Path Group:             (none)
  Path Type:              Hold (Min at Fast Process Corner)
  Data Path Delay:        1.807ns  (logic 0.193ns (10.707%)  route 1.613ns (89.293%))
  Logic Levels:           1  (IBUF=1)
  Clock Path Skew:        -0.400ns (DCD - SCD - CPR)
    Destination Clock Delay (DCD):    -0.400ns
    Source Clock Delay      (SCD):    0.000ns
    Clock Pessimism Removal (CPR):    -0.000ns
  Timing Exception:       False Path

    Location             Delay type                Incr(ns)  Path(ns)    Netlist Resource(s)
  -------------------------------------------------------------------    -------------------
    F15                                               0.000     0.000 r  btn_up (IN)
                         net (fo=0)                   0.000     0.000    btn_up
    F15                  IBUF (Prop_ibuf_I_O)         0.193     0.193 r  btn_up_IBUF_inst/O
                         net (fo=1, routed)           1.613     1.807    unified_uart_controller/D[0]
    SLICE_X9Y134         FDCE                                         r  unified_uart_controller/btn_sync_reg[0]/D
  -------------------------------------------------------------------    -------------------

                         (clock clk_out1_clk_wiz_0 rise edge)
                                                      0.000     0.000 r  
    R4                                                0.000     0.000 r  clk (IN)
                         net (fo=0)                   0.000     0.000    clk_gen/inst/clk_in1
    R4                   IBUF (Prop_ibuf_I_O)         0.431     0.431 r  clk_gen/inst/clkin1_ibufg/O
                         net (fo=1, routed)           0.481     0.912    clk_gen/inst/clk_in1_clk_wiz_0
    PLLE2_ADV_X1Y2       PLLE2_ADV (Prop_plle2_adv_CLKIN1_CLKOUT0)
                                                     -2.828    -1.916 r  clk_gen/inst/plle2_adv_inst/CLKOUT0
                         net (fo=1, routed)           0.595    -1.322    clk_gen/inst/clk_out1_clk_wiz_0
    BUFGCTRL_X0Y0        BUFG (Prop_bufg_I_O)         0.029    -1.293 r  clk_gen/inst/clkout1_buf/O
                         net (fo=12699, routed)       0.893    -0.400    unified_uart_controller/clk_out1
    SLICE_X9Y134         FDCE                                         r  unified_uart_controller/btn_sync_reg[0]/C

Slack:                    inf
  Source:                 reset_n
                            (input port)
  Destination:            reset_sync_reg[2]/PRE
                            (removal check against rising-edge clock clk_out1_clk_wiz_0  {rise@0.000ns fall@11.111ns period=22.222ns})
  Path Group:             (none)
  Path Type:              Removal (Min at Fast Process Corner)
  Data Path Delay:        3.541ns  (logic 0.171ns (4.827%)  route 3.370ns (95.173%))
  Logic Levels:           2  (IBUF=1 LUT1=1)
  Clock Path Skew:        -0.340ns (DCD - SCD - CPR)
    Destination Clock Delay (DCD):    -0.340ns
    Source Clock Delay      (SCD):    0.000ns
    Clock Pessimism Removal (CPR):    -0.000ns
  Timing Exception:       False Path

    Location             Delay type                Incr(ns)  Path(ns)    Netlist Resource(s)
  -------------------------------------------------------------------    -------------------
    G4                                                0.000     0.000 r  reset_n (IN)
                         net (fo=0)                   0.000     0.000    reset_n
    G4                   IBUF (Prop_ibuf_I_O)         0.126     0.126 r  reset_n_IBUF_inst/O
                         net (fo=2, routed)           0.967     1.093    reset_n_IBUF
    SLICE_X156Y138       LUT1 (Prop_lut1_I0_O)        0.045     1.138 f  clk_gen_i_1/O
                         net (fo=3, routed)           2.403     3.541    reset
    SLICE_X41Y63         FDPE                                         f  reset_sync_reg[2]/PRE
  -------------------------------------------------------------------    -------------------

                         (clock clk_out1_clk_wiz_0 rise edge)
                                                      0.000     0.000 r  
    R4                                                0.000     0.000 r  clk (IN)
                         net (fo=0)                   0.000     0.000    clk_gen/inst/clk_in1
    R4                   IBUF (Prop_ibuf_I_O)         0.431     0.431 r  clk_gen/inst/clkin1_ibufg/O
                         net (fo=1, routed)           0.481     0.912    clk_gen/inst/clk_in1_clk_wiz_0
    PLLE2_ADV_X1Y2       PLLE2_ADV (Prop_plle2_adv_CLKIN1_CLKOUT0)
                                                     -2.828    -1.916 r  clk_gen/inst/plle2_adv_inst/CLKOUT0
                         net (fo=1, routed)           0.595    -1.322    clk_gen/inst/clk_out1_clk_wiz_0
    BUFGCTRL_X0Y0        BUFG (Prop_bufg_I_O)         0.029    -1.293 r  clk_gen/inst/clkout1_buf/O
                         net (fo=12699, routed)       0.953    -0.340    clk_cpu
    SLICE_X41Y63         FDPE                                         r  reset_sync_reg[2]/C





--------------------------------------------------------------------------------------
Path Group:  (none)
From Clock:  
  To Clock:  clk_out1_clk_wiz_0

Max Delay            20 Endpoints
Min Delay            20 Endpoints
--------------------------------------------------------------------------------------


Max Delay Paths
--------------------------------------------------------------------------------------
Slack:                    inf
  Source:                 clk_gen/inst/plle2_adv_inst/LOCKED
                            (internal pin)
  Destination:            reset_sync_reg[2]/D
                            (rising edge-triggered cell FDPE clocked by clk_out1_clk_wiz_0  {rise@0.000ns fall@11.111ns period=22.222ns})
  Path Group:             (none)
  Path Type:              Setup (Max at Slow Process Corner)
  Data Path Delay:        7.317ns  (logic 0.124ns (1.695%)  route 7.193ns (98.305%))
  Logic Levels:           1  (LUT2=1)
  Clock Uncertainty:      0.191ns  ((TSJ^2 + DJ^2)^1/2) / 2 + PE
    Total System Jitter     (TSJ):    0.050ns
    Discrete Jitter          (DJ):    0.163ns
    Phase Error              (PE):    0.105ns

    Location             Delay type                Incr(ns)  Path(ns)    Netlist Resource(s)
  -------------------------------------------------------------------    -------------------
    PLLE2_ADV_X1Y2       PLLE2_ADV                    0.000     0.000 f  clk_gen/inst/plle2_adv_inst/LOCKED
                         net (fo=3, routed)           1.127     1.127    clk_locked
    SLICE_X156Y138       LUT2 (Prop_lut2_I1_O)        0.124     1.251 r  reset_sync[2]_i_1/O
                         net (fo=1, routed)           6.066     7.317    reset_sync[2]_i_1_n_0
    SLICE_X41Y63         FDPE                                         r  reset_sync_reg[2]/D
  -------------------------------------------------------------------    -------------------

                         (clock clk_out1_clk_wiz_0 rise edge)
                                                      0.000     0.000 r  
    R4                                                0.000     0.000 r  clk (IN)
                         net (fo=0)                   0.000     0.000    clk_gen/inst/clk_in1
    R4                   IBUF (Prop_ibuf_I_O)         1.405     1.405 r  clk_gen/inst/clkin1_ibufg/O
                         net (fo=1, routed)           1.181     2.586    clk_gen/inst/clk_in1_clk_wiz_0
    PLLE2_ADV_X1Y2       PLLE2_ADV (Prop_plle2_adv_CLKIN1_CLKOUT0)
                                                     -8.206    -5.620 r  clk_gen/inst/plle2_adv_inst/CLKOUT0
                         net (fo=1, routed)           1.718    -3.902    clk_gen/inst/clk_out1_clk_wiz_0
    BUFGCTRL_X0Y0        BUFG (Prop_bufg_I_O)         0.091    -3.811 r  clk_gen/inst/clkout1_buf/O
                         net (fo=12699, routed)       1.796    -2.015    clk_cpu
    SLICE_X41Y63         FDPE                                         r  reset_sync_reg[2]/C

Slack:                    inf
  Source:                 clk_gen/inst/plle2_adv_inst/LOCKED
                            (internal pin)
  Destination:            reset_sync_reg[0]/D
                            (rising edge-triggered cell FDPE clocked by clk_out1_clk_wiz_0  {rise@0.000ns fall@11.111ns period=22.222ns})
  Path Group:             (none)
  Path Type:              Setup (Max at Slow Process Corner)
  Data Path Delay:        1.645ns  (logic 0.124ns (7.537%)  route 1.521ns (92.463%))
  Logic Levels:           1  (LUT1=1)
  Clock Uncertainty:      0.191ns  ((TSJ^2 + DJ^2)^1/2) / 2 + PE
    Total System Jitter     (TSJ):    0.050ns
    Discrete Jitter          (DJ):    0.163ns
    Phase Error              (PE):    0.105ns

    Location             Delay type                Incr(ns)  Path(ns)    Netlist Resource(s)
  -------------------------------------------------------------------    -------------------
    PLLE2_ADV_X1Y2       PLLE2_ADV                    0.000     0.000 f  clk_gen/inst/plle2_adv_inst/LOCKED
                         net (fo=3, routed)           1.521     1.521    clk_locked
    SLICE_X156Y138       LUT1 (Prop_lut1_I0_O)        0.124     1.645 r  reset_sync[0]_i_1/O
                         net (fo=1, routed)           0.000     1.645    reset_sync[0]_i_1_n_0
    SLICE_X156Y138       FDPE                                         r  reset_sync_reg[0]/D
  -------------------------------------------------------------------    -------------------

                         (clock clk_out1_clk_wiz_0 rise edge)
                                                      0.000     0.000 r  
    R4                                                0.000     0.000 r  clk (IN)
                         net (fo=0)                   0.000     0.000    clk_gen/inst/clk_in1
    R4                   IBUF (Prop_ibuf_I_O)         1.405     1.405 r  clk_gen/inst/clkin1_ibufg/O
                         net (fo=1, routed)           1.181     2.586    clk_gen/inst/clk_in1_clk_wiz_0
    PLLE2_ADV_X1Y2       PLLE2_ADV (Prop_plle2_adv_CLKIN1_CLKOUT0)
                                                     -8.206    -5.620 r  clk_gen/inst/plle2_adv_inst/CLKOUT0
                         net (fo=1, routed)           1.718    -3.902    clk_gen/inst/clk_out1_clk_wiz_0
    BUFGCTRL_X0Y0        BUFG (Prop_bufg_I_O)         0.091    -3.811 r  clk_gen/inst/clkout1_buf/O
                         net (fo=12699, routed)       1.708    -2.102    clk_cpu
    SLICE_X156Y138       FDPE                                         r  reset_sync_reg[0]/C

Slack:                    inf
  Source:                 clk_gen/inst/plle2_adv_inst/LOCKED
                            (internal pin)
  Destination:            reset_sync_reg[1]/D
                            (rising edge-triggered cell FDPE clocked by clk_out1_clk_wiz_0  {rise@0.000ns fall@11.111ns period=22.222ns})
  Path Group:             (none)
  Path Type:              Setup (Max at Slow Process Corner)
  Data Path Delay:        1.638ns  (logic 0.124ns (7.570%)  route 1.514ns (92.430%))
  Logic Levels:           1  (LUT2=1)
  Clock Uncertainty:      0.191ns  ((TSJ^2 + DJ^2)^1/2) / 2 + PE
    Total System Jitter     (TSJ):    0.050ns
    Discrete Jitter          (DJ):    0.163ns
    Phase Error              (PE):    0.105ns

    Location             Delay type                Incr(ns)  Path(ns)    Netlist Resource(s)
  -------------------------------------------------------------------    -------------------
    PLLE2_ADV_X1Y2       PLLE2_ADV                    0.000     0.000 f  clk_gen/inst/plle2_adv_inst/LOCKED
                         net (fo=3, routed)           1.514     1.514    clk_locked
    SLICE_X156Y138       LUT2 (Prop_lut2_I1_O)        0.124     1.638 r  reset_sync[1]_i_1/O
                         net (fo=1, routed)           0.000     1.638    reset_sync[1]_i_1_n_0
    SLICE_X156Y138       FDPE                                         r  reset_sync_reg[1]/D
  -------------------------------------------------------------------    -------------------

                         (clock clk_out1_clk_wiz_0 rise edge)
                                                      0.000     0.000 r  
    R4                                                0.000     0.000 r  clk (IN)
                         net (fo=0)                   0.000     0.000    clk_gen/inst/clk_in1
    R4                   IBUF (Prop_ibuf_I_O)         1.405     1.405 r  clk_gen/inst/clkin1_ibufg/O
                         net (fo=1, routed)           1.181     2.586    clk_gen/inst/clk_in1_clk_wiz_0
    PLLE2_ADV_X1Y2       PLLE2_ADV (Prop_plle2_adv_CLKIN1_CLKOUT0)
                                                     -8.206    -5.620 r  clk_gen/inst/plle2_adv_inst/CLKOUT0
                         net (fo=1, routed)           1.718    -3.902    clk_gen/inst/clk_out1_clk_wiz_0
    BUFGCTRL_X0Y0        BUFG (Prop_bufg_I_O)         0.091    -3.811 r  clk_gen/inst/clkout1_buf/O
                         net (fo=12699, routed)       1.708    -2.102    clk_cpu
    SLICE_X156Y138       FDPE                                         r  reset_sync_reg[1]/C

Slack:                    inf
  Source:                 rv64im72f_6sp/alu/multiplier_word/mult_result__1/ACOUT[0]
                            (internal pin)
  Destination:            rv64im72f_6sp/alu/multiplier_word/mult_result__2/ACIN[0]
                            (rising edge-triggered cell DSP48E1 clocked by clk_out1_clk_wiz_0  {rise@0.000ns fall@11.111ns period=22.222ns})
  Path Group:             (none)
  Path Type:              Setup (Max at Slow Process Corner)
  Data Path Delay:        0.002ns  (logic 0.000ns (0.000%)  route 0.002ns (100.000%))
  Logic Levels:           0  
  Clock Uncertainty:      0.191ns  ((TSJ^2 + DJ^2)^1/2) / 2 + PE
    Total System Jitter     (TSJ):    0.050ns
    Discrete Jitter          (DJ):    0.163ns
    Phase Error              (PE):    0.105ns

    Location             Delay type                Incr(ns)  Path(ns)    Netlist Resource(s)
  -------------------------------------------------------------------    -------------------
    DSP48_X1Y10          DSP48E1                      0.000     0.000 r  rv64im72f_6sp/alu/multiplier_word/mult_result__1/ACOUT[0]
                         net (fo=1, routed)           0.002     0.002    rv64im72f_6sp/alu/multiplier_word/mult_result__1_n_53
    DSP48_X1Y11          DSP48E1                                      r  rv64im72f_6sp/alu/multiplier_word/mult_result__2/ACIN[0]
  -------------------------------------------------------------------    -------------------

                         (clock clk_out1_clk_wiz_0 rise edge)
                                                      0.000     0.000 r  
    R4                                                0.000     0.000 r  clk (IN)
                         net (fo=0)                   0.000     0.000    clk_gen/inst/clk_in1
    R4                   IBUF (Prop_ibuf_I_O)         1.405     1.405 r  clk_gen/inst/clkin1_ibufg/O
                         net (fo=1, routed)           1.181     2.586    clk_gen/inst/clk_in1_clk_wiz_0
    PLLE2_ADV_X1Y2       PLLE2_ADV (Prop_plle2_adv_CLKIN1_CLKOUT0)
                                                     -8.206    -5.620 r  clk_gen/inst/plle2_adv_inst/CLKOUT0
                         net (fo=1, routed)           1.718    -3.902    clk_gen/inst/clk_out1_clk_wiz_0
    BUFGCTRL_X0Y0        BUFG (Prop_bufg_I_O)         0.091    -3.811 r  clk_gen/inst/clkout1_buf/O
                         net (fo=12699, routed)       2.070    -1.741    rv64im72f_6sp/alu/multiplier_word/clk_out1
    DSP48_X1Y11          DSP48E1                                      r  rv64im72f_6sp/alu/multiplier_word/mult_result__2/CLK

Slack:                    inf
  Source:                 rv64im72f_6sp/alu/multiplier_word/mult_result__1/ACOUT[10]
                            (internal pin)
  Destination:            rv64im72f_6sp/alu/multiplier_word/mult_result__2/ACIN[10]
                            (rising edge-triggered cell DSP48E1 clocked by clk_out1_clk_wiz_0  {rise@0.000ns fall@11.111ns period=22.222ns})
  Path Group:             (none)
  Path Type:              Setup (Max at Slow Process Corner)
  Data Path Delay:        0.002ns  (logic 0.000ns (0.000%)  route 0.002ns (100.000%))
  Logic Levels:           0  
  Clock Uncertainty:      0.191ns  ((TSJ^2 + DJ^2)^1/2) / 2 + PE
    Total System Jitter     (TSJ):    0.050ns
    Discrete Jitter          (DJ):    0.163ns
    Phase Error              (PE):    0.105ns

    Location             Delay type                Incr(ns)  Path(ns)    Netlist Resource(s)
  -------------------------------------------------------------------    -------------------
    DSP48_X1Y10          DSP48E1                      0.000     0.000 r  rv64im72f_6sp/alu/multiplier_word/mult_result__1/ACOUT[10]
                         net (fo=1, routed)           0.002     0.002    rv64im72f_6sp/alu/multiplier_word/mult_result__1_n_43
    DSP48_X1Y11          DSP48E1                                      r  rv64im72f_6sp/alu/multiplier_word/mult_result__2/ACIN[10]
  -------------------------------------------------------------------    -------------------

                         (clock clk_out1_clk_wiz_0 rise edge)
                                                      0.000     0.000 r  
    R4                                                0.000     0.000 r  clk (IN)
                         net (fo=0)                   0.000     0.000    clk_gen/inst/clk_in1
    R4                   IBUF (Prop_ibuf_I_O)         1.405     1.405 r  clk_gen/inst/clkin1_ibufg/O
                         net (fo=1, routed)           1.181     2.586    clk_gen/inst/clk_in1_clk_wiz_0
    PLLE2_ADV_X1Y2       PLLE2_ADV (Prop_plle2_adv_CLKIN1_CLKOUT0)
                                                     -8.206    -5.620 r  clk_gen/inst/plle2_adv_inst/CLKOUT0
                         net (fo=1, routed)           1.718    -3.902    clk_gen/inst/clk_out1_clk_wiz_0
    BUFGCTRL_X0Y0        BUFG (Prop_bufg_I_O)         0.091    -3.811 r  clk_gen/inst/clkout1_buf/O
                         net (fo=12699, routed)       2.070    -1.741    rv64im72f_6sp/alu/multiplier_word/clk_out1
    DSP48_X1Y11          DSP48E1                                      r  rv64im72f_6sp/alu/multiplier_word/mult_result__2/CLK

Slack:                    inf
  Source:                 rv64im72f_6sp/alu/multiplier_word/mult_result__1/ACOUT[11]
                            (internal pin)
  Destination:            rv64im72f_6sp/alu/multiplier_word/mult_result__2/ACIN[11]
                            (rising edge-triggered cell DSP48E1 clocked by clk_out1_clk_wiz_0  {rise@0.000ns fall@11.111ns period=22.222ns})
  Path Group:             (none)
  Path Type:              Setup (Max at Slow Process Corner)
  Data Path Delay:        0.002ns  (logic 0.000ns (0.000%)  route 0.002ns (100.000%))
  Logic Levels:           0  
  Clock Uncertainty:      0.191ns  ((TSJ^2 + DJ^2)^1/2) / 2 + PE
    Total System Jitter     (TSJ):    0.050ns
    Discrete Jitter          (DJ):    0.163ns
    Phase Error              (PE):    0.105ns

    Location             Delay type                Incr(ns)  Path(ns)    Netlist Resource(s)
  -------------------------------------------------------------------    -------------------
    DSP48_X1Y10          DSP48E1                      0.000     0.000 r  rv64im72f_6sp/alu/multiplier_word/mult_result__1/ACOUT[11]
                         net (fo=1, routed)           0.002     0.002    rv64im72f_6sp/alu/multiplier_word/mult_result__1_n_42
    DSP48_X1Y11          DSP48E1                                      r  rv64im72f_6sp/alu/multiplier_word/mult_result__2/ACIN[11]
  -------------------------------------------------------------------    -------------------

                         (clock clk_out1_clk_wiz_0 rise edge)
                                                      0.000     0.000 r  
    R4                                                0.000     0.000 r  clk (IN)
                         net (fo=0)                   0.000     0.000    clk_gen/inst/clk_in1
    R4                   IBUF (Prop_ibuf_I_O)         1.405     1.405 r  clk_gen/inst/clkin1_ibufg/O
                         net (fo=1, routed)           1.181     2.586    clk_gen/inst/clk_in1_clk_wiz_0
    PLLE2_ADV_X1Y2       PLLE2_ADV (Prop_plle2_adv_CLKIN1_CLKOUT0)
                                                     -8.206    -5.620 r  clk_gen/inst/plle2_adv_inst/CLKOUT0
                         net (fo=1, routed)           1.718    -3.902    clk_gen/inst/clk_out1_clk_wiz_0
    BUFGCTRL_X0Y0        BUFG (Prop_bufg_I_O)         0.091    -3.811 r  clk_gen/inst/clkout1_buf/O
                         net (fo=12699, routed)       2.070    -1.741    rv64im72f_6sp/alu/multiplier_word/clk_out1
    DSP48_X1Y11          DSP48E1                                      r  rv64im72f_6sp/alu/multiplier_word/mult_result__2/CLK

Slack:                    inf
  Source:                 rv64im72f_6sp/alu/multiplier_word/mult_result__1/ACOUT[12]
                            (internal pin)
  Destination:            rv64im72f_6sp/alu/multiplier_word/mult_result__2/ACIN[12]
                            (rising edge-triggered cell DSP48E1 clocked by clk_out1_clk_wiz_0  {rise@0.000ns fall@11.111ns period=22.222ns})
  Path Group:             (none)
  Path Type:              Setup (Max at Slow Process Corner)
  Data Path Delay:        0.002ns  (logic 0.000ns (0.000%)  route 0.002ns (100.000%))
  Logic Levels:           0  
  Clock Uncertainty:      0.191ns  ((TSJ^2 + DJ^2)^1/2) / 2 + PE
    Total System Jitter     (TSJ):    0.050ns
    Discrete Jitter          (DJ):    0.163ns
    Phase Error              (PE):    0.105ns

    Location             Delay type                Incr(ns)  Path(ns)    Netlist Resource(s)
  -------------------------------------------------------------------    -------------------
    DSP48_X1Y10          DSP48E1                      0.000     0.000 r  rv64im72f_6sp/alu/multiplier_word/mult_result__1/ACOUT[12]
                         net (fo=1, routed)           0.002     0.002    rv64im72f_6sp/alu/multiplier_word/mult_result__1_n_41
    DSP48_X1Y11          DSP48E1                                      r  rv64im72f_6sp/alu/multiplier_word/mult_result__2/ACIN[12]
  -------------------------------------------------------------------    -------------------

                         (clock clk_out1_clk_wiz_0 rise edge)
                                                      0.000     0.000 r  
    R4                                                0.000     0.000 r  clk (IN)
                         net (fo=0)                   0.000     0.000    clk_gen/inst/clk_in1
    R4                   IBUF (Prop_ibuf_I_O)         1.405     1.405 r  clk_gen/inst/clkin1_ibufg/O
                         net (fo=1, routed)           1.181     2.586    clk_gen/inst/clk_in1_clk_wiz_0
    PLLE2_ADV_X1Y2       PLLE2_ADV (Prop_plle2_adv_CLKIN1_CLKOUT0)
                                                     -8.206    -5.620 r  clk_gen/inst/plle2_adv_inst/CLKOUT0
                         net (fo=1, routed)           1.718    -3.902    clk_gen/inst/clk_out1_clk_wiz_0
    BUFGCTRL_X0Y0        BUFG (Prop_bufg_I_O)         0.091    -3.811 r  clk_gen/inst/clkout1_buf/O
                         net (fo=12699, routed)       2.070    -1.741    rv64im72f_6sp/alu/multiplier_word/clk_out1
    DSP48_X1Y11          DSP48E1                                      r  rv64im72f_6sp/alu/multiplier_word/mult_result__2/CLK

Slack:                    inf
  Source:                 rv64im72f_6sp/alu/multiplier_word/mult_result__1/ACOUT[13]
                            (internal pin)
  Destination:            rv64im72f_6sp/alu/multiplier_word/mult_result__2/ACIN[13]
                            (rising edge-triggered cell DSP48E1 clocked by clk_out1_clk_wiz_0  {rise@0.000ns fall@11.111ns period=22.222ns})
  Path Group:             (none)
  Path Type:              Setup (Max at Slow Process Corner)
  Data Path Delay:        0.002ns  (logic 0.000ns (0.000%)  route 0.002ns (100.000%))
  Logic Levels:           0  
  Clock Uncertainty:      0.191ns  ((TSJ^2 + DJ^2)^1/2) / 2 + PE
    Total System Jitter     (TSJ):    0.050ns
    Discrete Jitter          (DJ):    0.163ns
    Phase Error              (PE):    0.105ns

    Location             Delay type                Incr(ns)  Path(ns)    Netlist Resource(s)
  -------------------------------------------------------------------    -------------------
    DSP48_X1Y10          DSP48E1                      0.000     0.000 r  rv64im72f_6sp/alu/multiplier_word/mult_result__1/ACOUT[13]
                         net (fo=1, routed)           0.002     0.002    rv64im72f_6sp/alu/multiplier_word/mult_result__1_n_40
    DSP48_X1Y11          DSP48E1                                      r  rv64im72f_6sp/alu/multiplier_word/mult_result__2/ACIN[13]
  -------------------------------------------------------------------    -------------------

                         (clock clk_out1_clk_wiz_0 rise edge)
                                                      0.000     0.000 r  
    R4                                                0.000     0.000 r  clk (IN)
                         net (fo=0)                   0.000     0.000    clk_gen/inst/clk_in1
    R4                   IBUF (Prop_ibuf_I_O)         1.405     1.405 r  clk_gen/inst/clkin1_ibufg/O
                         net (fo=1, routed)           1.181     2.586    clk_gen/inst/clk_in1_clk_wiz_0
    PLLE2_ADV_X1Y2       PLLE2_ADV (Prop_plle2_adv_CLKIN1_CLKOUT0)
                                                     -8.206    -5.620 r  clk_gen/inst/plle2_adv_inst/CLKOUT0
                         net (fo=1, routed)           1.718    -3.902    clk_gen/inst/clk_out1_clk_wiz_0
    BUFGCTRL_X0Y0        BUFG (Prop_bufg_I_O)         0.091    -3.811 r  clk_gen/inst/clkout1_buf/O
                         net (fo=12699, routed)       2.070    -1.741    rv64im72f_6sp/alu/multiplier_word/clk_out1
    DSP48_X1Y11          DSP48E1                                      r  rv64im72f_6sp/alu/multiplier_word/mult_result__2/CLK

Slack:                    inf
  Source:                 rv64im72f_6sp/alu/multiplier_word/mult_result__1/ACOUT[14]
                            (internal pin)
  Destination:            rv64im72f_6sp/alu/multiplier_word/mult_result__2/ACIN[14]
                            (rising edge-triggered cell DSP48E1 clocked by clk_out1_clk_wiz_0  {rise@0.000ns fall@11.111ns period=22.222ns})
  Path Group:             (none)
  Path Type:              Setup (Max at Slow Process Corner)
  Data Path Delay:        0.002ns  (logic 0.000ns (0.000%)  route 0.002ns (100.000%))
  Logic Levels:           0  
  Clock Uncertainty:      0.191ns  ((TSJ^2 + DJ^2)^1/2) / 2 + PE
    Total System Jitter     (TSJ):    0.050ns
    Discrete Jitter          (DJ):    0.163ns
    Phase Error              (PE):    0.105ns

    Location             Delay type                Incr(ns)  Path(ns)    Netlist Resource(s)
  -------------------------------------------------------------------    -------------------
    DSP48_X1Y10          DSP48E1                      0.000     0.000 r  rv64im72f_6sp/alu/multiplier_word/mult_result__1/ACOUT[14]
                         net (fo=1, routed)           0.002     0.002    rv64im72f_6sp/alu/multiplier_word/mult_result__1_n_39
    DSP48_X1Y11          DSP48E1                                      r  rv64im72f_6sp/alu/multiplier_word/mult_result__2/ACIN[14]
  -------------------------------------------------------------------    -------------------

                         (clock clk_out1_clk_wiz_0 rise edge)
                                                      0.000     0.000 r  
    R4                                                0.000     0.000 r  clk (IN)
                         net (fo=0)                   0.000     0.000    clk_gen/inst/clk_in1
    R4                   IBUF (Prop_ibuf_I_O)         1.405     1.405 r  clk_gen/inst/clkin1_ibufg/O
                         net (fo=1, routed)           1.181     2.586    clk_gen/inst/clk_in1_clk_wiz_0
    PLLE2_ADV_X1Y2       PLLE2_ADV (Prop_plle2_adv_CLKIN1_CLKOUT0)
                                                     -8.206    -5.620 r  clk_gen/inst/plle2_adv_inst/CLKOUT0
                         net (fo=1, routed)           1.718    -3.902    clk_gen/inst/clk_out1_clk_wiz_0
    BUFGCTRL_X0Y0        BUFG (Prop_bufg_I_O)         0.091    -3.811 r  clk_gen/inst/clkout1_buf/O
                         net (fo=12699, routed)       2.070    -1.741    rv64im72f_6sp/alu/multiplier_word/clk_out1
    DSP48_X1Y11          DSP48E1                                      r  rv64im72f_6sp/alu/multiplier_word/mult_result__2/CLK

Slack:                    inf
  Source:                 rv64im72f_6sp/alu/multiplier_word/mult_result__1/ACOUT[15]
                            (internal pin)
  Destination:            rv64im72f_6sp/alu/multiplier_word/mult_result__2/ACIN[15]
                            (rising edge-triggered cell DSP48E1 clocked by clk_out1_clk_wiz_0  {rise@0.000ns fall@11.111ns period=22.222ns})
  Path Group:             (none)
  Path Type:              Setup (Max at Slow Process Corner)
  Data Path Delay:        0.002ns  (logic 0.000ns (0.000%)  route 0.002ns (100.000%))
  Logic Levels:           0  
  Clock Uncertainty:      0.191ns  ((TSJ^2 + DJ^2)^1/2) / 2 + PE
    Total System Jitter     (TSJ):    0.050ns
    Discrete Jitter          (DJ):    0.163ns
    Phase Error              (PE):    0.105ns

    Location             Delay type                Incr(ns)  Path(ns)    Netlist Resource(s)
  -------------------------------------------------------------------    -------------------
    DSP48_X1Y10          DSP48E1                      0.000     0.000 r  rv64im72f_6sp/alu/multiplier_word/mult_result__1/ACOUT[15]
                         net (fo=1, routed)           0.002     0.002    rv64im72f_6sp/alu/multiplier_word/mult_result__1_n_38
    DSP48_X1Y11          DSP48E1                                      r  rv64im72f_6sp/alu/multiplier_word/mult_result__2/ACIN[15]
  -------------------------------------------------------------------    -------------------

                         (clock clk_out1_clk_wiz_0 rise edge)
                                                      0.000     0.000 r  
    R4                                                0.000     0.000 r  clk (IN)
                         net (fo=0)                   0.000     0.000    clk_gen/inst/clk_in1
    R4                   IBUF (Prop_ibuf_I_O)         1.405     1.405 r  clk_gen/inst/clkin1_ibufg/O
                         net (fo=1, routed)           1.181     2.586    clk_gen/inst/clk_in1_clk_wiz_0
    PLLE2_ADV_X1Y2       PLLE2_ADV (Prop_plle2_adv_CLKIN1_CLKOUT0)
                                                     -8.206    -5.620 r  clk_gen/inst/plle2_adv_inst/CLKOUT0
                         net (fo=1, routed)           1.718    -3.902    clk_gen/inst/clk_out1_clk_wiz_0
    BUFGCTRL_X0Y0        BUFG (Prop_bufg_I_O)         0.091    -3.811 r  clk_gen/inst/clkout1_buf/O
                         net (fo=12699, routed)       2.070    -1.741    rv64im72f_6sp/alu/multiplier_word/clk_out1
    DSP48_X1Y11          DSP48E1                                      r  rv64im72f_6sp/alu/multiplier_word/mult_result__2/CLK





Min Delay Paths
--------------------------------------------------------------------------------------
Slack:                    inf
  Source:                 rv64im72f_6sp/alu/multiplier_word/mult_result__1/ACOUT[0]
                            (internal pin)
  Destination:            rv64im72f_6sp/alu/multiplier_word/mult_result__2/ACIN[0]
                            (rising edge-triggered cell DSP48E1 clocked by clk_out1_clk_wiz_0  {rise@0.000ns fall@11.111ns period=22.222ns})
  Path Group:             (none)
  Path Type:              Hold (Min at Slow Process Corner)
  Data Path Delay:        0.002ns  (logic 0.000ns (0.000%)  route 0.002ns (100.000%))
  Logic Levels:           0  
  Clock Uncertainty:      0.191ns  ((TSJ^2 + DJ^2)^1/2) / 2 + PE
    Total System Jitter     (TSJ):    0.050ns
    Discrete Jitter          (DJ):    0.163ns
    Phase Error              (PE):    0.105ns

    Location             Delay type                Incr(ns)  Path(ns)    Netlist Resource(s)
  -------------------------------------------------------------------    -------------------
    DSP48_X1Y10          DSP48E1                      0.000     0.000 r  rv64im72f_6sp/alu/multiplier_word/mult_result__1/ACOUT[0]
                         net (fo=1, routed)           0.002     0.002    rv64im72f_6sp/alu/multiplier_word/mult_result__1_n_53
    DSP48_X1Y11          DSP48E1                                      r  rv64im72f_6sp/alu/multiplier_word/mult_result__2/ACIN[0]
  -------------------------------------------------------------------    -------------------

                         (clock clk_out1_clk_wiz_0 rise edge)
                                                      0.000     0.000 r  
    R4                                                0.000     0.000 r  clk (IN)
                         net (fo=0)                   0.000     0.000    clk_gen/inst/clk_in1
    R4                   IBUF (Prop_ibuf_I_O)         1.475     1.475 r  clk_gen/inst/clkin1_ibufg/O
                         net (fo=1, routed)           1.253     2.728    clk_gen/inst/clk_in1_clk_wiz_0
    PLLE2_ADV_X1Y2       PLLE2_ADV (Prop_plle2_adv_CLKIN1_CLKOUT0)
                                                     -8.953    -6.225 r  clk_gen/inst/plle2_adv_inst/CLKOUT0
                         net (fo=1, routed)           1.802    -4.422    clk_gen/inst/clk_out1_clk_wiz_0
    BUFGCTRL_X0Y0        BUFG (Prop_bufg_I_O)         0.096    -4.326 r  clk_gen/inst/clkout1_buf/O
                         net (fo=12699, routed)       2.204    -2.122    rv64im72f_6sp/alu/multiplier_word/clk_out1
    DSP48_X1Y11          DSP48E1                                      r  rv64im72f_6sp/alu/multiplier_word/mult_result__2/CLK

Slack:                    inf
  Source:                 rv64im72f_6sp/alu/multiplier_word/mult_result__1/ACOUT[10]
                            (internal pin)
  Destination:            rv64im72f_6sp/alu/multiplier_word/mult_result__2/ACIN[10]
                            (rising edge-triggered cell DSP48E1 clocked by clk_out1_clk_wiz_0  {rise@0.000ns fall@11.111ns period=22.222ns})
  Path Group:             (none)
  Path Type:              Hold (Min at Slow Process Corner)
  Data Path Delay:        0.002ns  (logic 0.000ns (0.000%)  route 0.002ns (100.000%))
  Logic Levels:           0  
  Clock Uncertainty:      0.191ns  ((TSJ^2 + DJ^2)^1/2) / 2 + PE
    Total System Jitter     (TSJ):    0.050ns
    Discrete Jitter          (DJ):    0.163ns
    Phase Error              (PE):    0.105ns

    Location             Delay type                Incr(ns)  Path(ns)    Netlist Resource(s)
  -------------------------------------------------------------------    -------------------
    DSP48_X1Y10          DSP48E1                      0.000     0.000 r  rv64im72f_6sp/alu/multiplier_word/mult_result__1/ACOUT[10]
                         net (fo=1, routed)           0.002     0.002    rv64im72f_6sp/alu/multiplier_word/mult_result__1_n_43
    DSP48_X1Y11          DSP48E1                                      r  rv64im72f_6sp/alu/multiplier_word/mult_result__2/ACIN[10]
  -------------------------------------------------------------------    -------------------

                         (clock clk_out1_clk_wiz_0 rise edge)
                                                      0.000     0.000 r  
    R4                                                0.000     0.000 r  clk (IN)
                         net (fo=0)                   0.000     0.000    clk_gen/inst/clk_in1
    R4                   IBUF (Prop_ibuf_I_O)         1.475     1.475 r  clk_gen/inst/clkin1_ibufg/O
                         net (fo=1, routed)           1.253     2.728    clk_gen/inst/clk_in1_clk_wiz_0
    PLLE2_ADV_X1Y2       PLLE2_ADV (Prop_plle2_adv_CLKIN1_CLKOUT0)
                                                     -8.953    -6.225 r  clk_gen/inst/plle2_adv_inst/CLKOUT0
                         net (fo=1, routed)           1.802    -4.422    clk_gen/inst/clk_out1_clk_wiz_0
    BUFGCTRL_X0Y0        BUFG (Prop_bufg_I_O)         0.096    -4.326 r  clk_gen/inst/clkout1_buf/O
                         net (fo=12699, routed)       2.204    -2.122    rv64im72f_6sp/alu/multiplier_word/clk_out1
    DSP48_X1Y11          DSP48E1                                      r  rv64im72f_6sp/alu/multiplier_word/mult_result__2/CLK

Slack:                    inf
  Source:                 rv64im72f_6sp/alu/multiplier_word/mult_result__1/ACOUT[11]
                            (internal pin)
  Destination:            rv64im72f_6sp/alu/multiplier_word/mult_result__2/ACIN[11]
                            (rising edge-triggered cell DSP48E1 clocked by clk_out1_clk_wiz_0  {rise@0.000ns fall@11.111ns period=22.222ns})
  Path Group:             (none)
  Path Type:              Hold (Min at Slow Process Corner)
  Data Path Delay:        0.002ns  (logic 0.000ns (0.000%)  route 0.002ns (100.000%))
  Logic Levels:           0  
  Clock Uncertainty:      0.191ns  ((TSJ^2 + DJ^2)^1/2) / 2 + PE
    Total System Jitter     (TSJ):    0.050ns
    Discrete Jitter          (DJ):    0.163ns
    Phase Error              (PE):    0.105ns

    Location             Delay type                Incr(ns)  Path(ns)    Netlist Resource(s)
  -------------------------------------------------------------------    -------------------
    DSP48_X1Y10          DSP48E1                      0.000     0.000 r  rv64im72f_6sp/alu/multiplier_word/mult_result__1/ACOUT[11]
                         net (fo=1, routed)           0.002     0.002    rv64im72f_6sp/alu/multiplier_word/mult_result__1_n_42
    DSP48_X1Y11          DSP48E1                                      r  rv64im72f_6sp/alu/multiplier_word/mult_result__2/ACIN[11]
  -------------------------------------------------------------------    -------------------

                         (clock clk_out1_clk_wiz_0 rise edge)
                                                      0.000     0.000 r  
    R4                                                0.000     0.000 r  clk (IN)
                         net (fo=0)                   0.000     0.000    clk_gen/inst/clk_in1
    R4                   IBUF (Prop_ibuf_I_O)         1.475     1.475 r  clk_gen/inst/clkin1_ibufg/O
                         net (fo=1, routed)           1.253     2.728    clk_gen/inst/clk_in1_clk_wiz_0
    PLLE2_ADV_X1Y2       PLLE2_ADV (Prop_plle2_adv_CLKIN1_CLKOUT0)
                                                     -8.953    -6.225 r  clk_gen/inst/plle2_adv_inst/CLKOUT0
                         net (fo=1, routed)           1.802    -4.422    clk_gen/inst/clk_out1_clk_wiz_0
    BUFGCTRL_X0Y0        BUFG (Prop_bufg_I_O)         0.096    -4.326 r  clk_gen/inst/clkout1_buf/O
                         net (fo=12699, routed)       2.204    -2.122    rv64im72f_6sp/alu/multiplier_word/clk_out1
    DSP48_X1Y11          DSP48E1                                      r  rv64im72f_6sp/alu/multiplier_word/mult_result__2/CLK

Slack:                    inf
  Source:                 rv64im72f_6sp/alu/multiplier_word/mult_result__1/ACOUT[12]
                            (internal pin)
  Destination:            rv64im72f_6sp/alu/multiplier_word/mult_result__2/ACIN[12]
                            (rising edge-triggered cell DSP48E1 clocked by clk_out1_clk_wiz_0  {rise@0.000ns fall@11.111ns period=22.222ns})
  Path Group:             (none)
  Path Type:              Hold (Min at Slow Process Corner)
  Data Path Delay:        0.002ns  (logic 0.000ns (0.000%)  route 0.002ns (100.000%))
  Logic Levels:           0  
  Clock Uncertainty:      0.191ns  ((TSJ^2 + DJ^2)^1/2) / 2 + PE
    Total System Jitter     (TSJ):    0.050ns
    Discrete Jitter          (DJ):    0.163ns
    Phase Error              (PE):    0.105ns

    Location             Delay type                Incr(ns)  Path(ns)    Netlist Resource(s)
  -------------------------------------------------------------------    -------------------
    DSP48_X1Y10          DSP48E1                      0.000     0.000 r  rv64im72f_6sp/alu/multiplier_word/mult_result__1/ACOUT[12]
                         net (fo=1, routed)           0.002     0.002    rv64im72f_6sp/alu/multiplier_word/mult_result__1_n_41
    DSP48_X1Y11          DSP48E1                                      r  rv64im72f_6sp/alu/multiplier_word/mult_result__2/ACIN[12]
  -------------------------------------------------------------------    -------------------

                         (clock clk_out1_clk_wiz_0 rise edge)
                                                      0.000     0.000 r  
    R4                                                0.000     0.000 r  clk (IN)
                         net (fo=0)                   0.000     0.000    clk_gen/inst/clk_in1
    R4                   IBUF (Prop_ibuf_I_O)         1.475     1.475 r  clk_gen/inst/clkin1_ibufg/O
                         net (fo=1, routed)           1.253     2.728    clk_gen/inst/clk_in1_clk_wiz_0
    PLLE2_ADV_X1Y2       PLLE2_ADV (Prop_plle2_adv_CLKIN1_CLKOUT0)
                                                     -8.953    -6.225 r  clk_gen/inst/plle2_adv_inst/CLKOUT0
                         net (fo=1, routed)           1.802    -4.422    clk_gen/inst/clk_out1_clk_wiz_0
    BUFGCTRL_X0Y0        BUFG (Prop_bufg_I_O)         0.096    -4.326 r  clk_gen/inst/clkout1_buf/O
                         net (fo=12699, routed)       2.204    -2.122    rv64im72f_6sp/alu/multiplier_word/clk_out1
    DSP48_X1Y11          DSP48E1                                      r  rv64im72f_6sp/alu/multiplier_word/mult_result__2/CLK

Slack:                    inf
  Source:                 rv64im72f_6sp/alu/multiplier_word/mult_result__1/ACOUT[13]
                            (internal pin)
  Destination:            rv64im72f_6sp/alu/multiplier_word/mult_result__2/ACIN[13]
                            (rising edge-triggered cell DSP48E1 clocked by clk_out1_clk_wiz_0  {rise@0.000ns fall@11.111ns period=22.222ns})
  Path Group:             (none)
  Path Type:              Hold (Min at Slow Process Corner)
  Data Path Delay:        0.002ns  (logic 0.000ns (0.000%)  route 0.002ns (100.000%))
  Logic Levels:           0  
  Clock Uncertainty:      0.191ns  ((TSJ^2 + DJ^2)^1/2) / 2 + PE
    Total System Jitter     (TSJ):    0.050ns
    Discrete Jitter          (DJ):    0.163ns
    Phase Error              (PE):    0.105ns

    Location             Delay type                Incr(ns)  Path(ns)    Netlist Resource(s)
  -------------------------------------------------------------------    -------------------
    DSP48_X1Y10          DSP48E1                      0.000     0.000 r  rv64im72f_6sp/alu/multiplier_word/mult_result__1/ACOUT[13]
                         net (fo=1, routed)           0.002     0.002    rv64im72f_6sp/alu/multiplier_word/mult_result__1_n_40
    DSP48_X1Y11          DSP48E1                                      r  rv64im72f_6sp/alu/multiplier_word/mult_result__2/ACIN[13]
  -------------------------------------------------------------------    -------------------

                         (clock clk_out1_clk_wiz_0 rise edge)
                                                      0.000     0.000 r  
    R4                                                0.000     0.000 r  clk (IN)
                         net (fo=0)                   0.000     0.000    clk_gen/inst/clk_in1
    R4                   IBUF (Prop_ibuf_I_O)         1.475     1.475 r  clk_gen/inst/clkin1_ibufg/O
                         net (fo=1, routed)           1.253     2.728    clk_gen/inst/clk_in1_clk_wiz_0
    PLLE2_ADV_X1Y2       PLLE2_ADV (Prop_plle2_adv_CLKIN1_CLKOUT0)
                                                     -8.953    -6.225 r  clk_gen/inst/plle2_adv_inst/CLKOUT0
                         net (fo=1, routed)           1.802    -4.422    clk_gen/inst/clk_out1_clk_wiz_0
    BUFGCTRL_X0Y0        BUFG (Prop_bufg_I_O)         0.096    -4.326 r  clk_gen/inst/clkout1_buf/O
                         net (fo=12699, routed)       2.204    -2.122    rv64im72f_6sp/alu/multiplier_word/clk_out1
    DSP48_X1Y11          DSP48E1                                      r  rv64im72f_6sp/alu/multiplier_word/mult_result__2/CLK

Slack:                    inf
  Source:                 rv64im72f_6sp/alu/multiplier_word/mult_result__1/ACOUT[14]
                            (internal pin)
  Destination:            rv64im72f_6sp/alu/multiplier_word/mult_result__2/ACIN[14]
                            (rising edge-triggered cell DSP48E1 clocked by clk_out1_clk_wiz_0  {rise@0.000ns fall@11.111ns period=22.222ns})
  Path Group:             (none)
  Path Type:              Hold (Min at Slow Process Corner)
  Data Path Delay:        0.002ns  (logic 0.000ns (0.000%)  route 0.002ns (100.000%))
  Logic Levels:           0  
  Clock Uncertainty:      0.191ns  ((TSJ^2 + DJ^2)^1/2) / 2 + PE
    Total System Jitter     (TSJ):    0.050ns
    Discrete Jitter          (DJ):    0.163ns
    Phase Error              (PE):    0.105ns

    Location             Delay type                Incr(ns)  Path(ns)    Netlist Resource(s)
  -------------------------------------------------------------------    -------------------
    DSP48_X1Y10          DSP48E1                      0.000     0.000 r  rv64im72f_6sp/alu/multiplier_word/mult_result__1/ACOUT[14]
                         net (fo=1, routed)           0.002     0.002    rv64im72f_6sp/alu/multiplier_word/mult_result__1_n_39
    DSP48_X1Y11          DSP48E1                                      r  rv64im72f_6sp/alu/multiplier_word/mult_result__2/ACIN[14]
  -------------------------------------------------------------------    -------------------

                         (clock clk_out1_clk_wiz_0 rise edge)
                                                      0.000     0.000 r  
    R4                                                0.000     0.000 r  clk (IN)
                         net (fo=0)                   0.000     0.000    clk_gen/inst/clk_in1
    R4                   IBUF (Prop_ibuf_I_O)         1.475     1.475 r  clk_gen/inst/clkin1_ibufg/O
                         net (fo=1, routed)           1.253     2.728    clk_gen/inst/clk_in1_clk_wiz_0
    PLLE2_ADV_X1Y2       PLLE2_ADV (Prop_plle2_adv_CLKIN1_CLKOUT0)
                                                     -8.953    -6.225 r  clk_gen/inst/plle2_adv_inst/CLKOUT0
                         net (fo=1, routed)           1.802    -4.422    clk_gen/inst/clk_out1_clk_wiz_0
    BUFGCTRL_X0Y0        BUFG (Prop_bufg_I_O)         0.096    -4.326 r  clk_gen/inst/clkout1_buf/O
                         net (fo=12699, routed)       2.204    -2.122    rv64im72f_6sp/alu/multiplier_word/clk_out1
    DSP48_X1Y11          DSP48E1                                      r  rv64im72f_6sp/alu/multiplier_word/mult_result__2/CLK

Slack:                    inf
  Source:                 rv64im72f_6sp/alu/multiplier_word/mult_result__1/ACOUT[15]
                            (internal pin)
  Destination:            rv64im72f_6sp/alu/multiplier_word/mult_result__2/ACIN[15]
                            (rising edge-triggered cell DSP48E1 clocked by clk_out1_clk_wiz_0  {rise@0.000ns fall@11.111ns period=22.222ns})
  Path Group:             (none)
  Path Type:              Hold (Min at Slow Process Corner)
  Data Path Delay:        0.002ns  (logic 0.000ns (0.000%)  route 0.002ns (100.000%))
  Logic Levels:           0  
  Clock Uncertainty:      0.191ns  ((TSJ^2 + DJ^2)^1/2) / 2 + PE
    Total System Jitter     (TSJ):    0.050ns
    Discrete Jitter          (DJ):    0.163ns
    Phase Error              (PE):    0.105ns

    Location             Delay type                Incr(ns)  Path(ns)    Netlist Resource(s)
  -------------------------------------------------------------------    -------------------
    DSP48_X1Y10          DSP48E1                      0.000     0.000 r  rv64im72f_6sp/alu/multiplier_word/mult_result__1/ACOUT[15]
                         net (fo=1, routed)           0.002     0.002    rv64im72f_6sp/alu/multiplier_word/mult_result__1_n_38
    DSP48_X1Y11          DSP48E1                                      r  rv64im72f_6sp/alu/multiplier_word/mult_result__2/ACIN[15]
  -------------------------------------------------------------------    -------------------

                         (clock clk_out1_clk_wiz_0 rise edge)
                                                      0.000     0.000 r  
    R4                                                0.000     0.000 r  clk (IN)
                         net (fo=0)                   0.000     0.000    clk_gen/inst/clk_in1
    R4                   IBUF (Prop_ibuf_I_O)         1.475     1.475 r  clk_gen/inst/clkin1_ibufg/O
                         net (fo=1, routed)           1.253     2.728    clk_gen/inst/clk_in1_clk_wiz_0
    PLLE2_ADV_X1Y2       PLLE2_ADV (Prop_plle2_adv_CLKIN1_CLKOUT0)
                                                     -8.953    -6.225 r  clk_gen/inst/plle2_adv_inst/CLKOUT0
                         net (fo=1, routed)           1.802    -4.422    clk_gen/inst/clk_out1_clk_wiz_0
    BUFGCTRL_X0Y0        BUFG (Prop_bufg_I_O)         0.096    -4.326 r  clk_gen/inst/clkout1_buf/O
                         net (fo=12699, routed)       2.204    -2.122    rv64im72f_6sp/alu/multiplier_word/clk_out1
    DSP48_X1Y11          DSP48E1                                      r  rv64im72f_6sp/alu/multiplier_word/mult_result__2/CLK

Slack:                    inf
  Source:                 rv64im72f_6sp/alu/multiplier_word/mult_result__1/ACOUT[16]
                            (internal pin)
  Destination:            rv64im72f_6sp/alu/multiplier_word/mult_result__2/ACIN[16]
                            (rising edge-triggered cell DSP48E1 clocked by clk_out1_clk_wiz_0  {rise@0.000ns fall@11.111ns period=22.222ns})
  Path Group:             (none)
  Path Type:              Hold (Min at Slow Process Corner)
  Data Path Delay:        0.002ns  (logic 0.000ns (0.000%)  route 0.002ns (100.000%))
  Logic Levels:           0  
  Clock Uncertainty:      0.191ns  ((TSJ^2 + DJ^2)^1/2) / 2 + PE
    Total System Jitter     (TSJ):    0.050ns
    Discrete Jitter          (DJ):    0.163ns
    Phase Error              (PE):    0.105ns

    Location             Delay type                Incr(ns)  Path(ns)    Netlist Resource(s)
  -------------------------------------------------------------------    -------------------
    DSP48_X1Y10          DSP48E1                      0.000     0.000 r  rv64im72f_6sp/alu/multiplier_word/mult_result__1/ACOUT[16]
                         net (fo=1, routed)           0.002     0.002    rv64im72f_6sp/alu/multiplier_word/mult_result__1_n_37
    DSP48_X1Y11          DSP48E1                                      r  rv64im72f_6sp/alu/multiplier_word/mult_result__2/ACIN[16]
  -------------------------------------------------------------------    -------------------

                         (clock clk_out1_clk_wiz_0 rise edge)
                                                      0.000     0.000 r  
    R4                                                0.000     0.000 r  clk (IN)
                         net (fo=0)                   0.000     0.000    clk_gen/inst/clk_in1
    R4                   IBUF (Prop_ibuf_I_O)         1.475     1.475 r  clk_gen/inst/clkin1_ibufg/O
                         net (fo=1, routed)           1.253     2.728    clk_gen/inst/clk_in1_clk_wiz_0
    PLLE2_ADV_X1Y2       PLLE2_ADV (Prop_plle2_adv_CLKIN1_CLKOUT0)
                                                     -8.953    -6.225 r  clk_gen/inst/plle2_adv_inst/CLKOUT0
                         net (fo=1, routed)           1.802    -4.422    clk_gen/inst/clk_out1_clk_wiz_0
    BUFGCTRL_X0Y0        BUFG (Prop_bufg_I_O)         0.096    -4.326 r  clk_gen/inst/clkout1_buf/O
                         net (fo=12699, routed)       2.204    -2.122    rv64im72f_6sp/alu/multiplier_word/clk_out1
    DSP48_X1Y11          DSP48E1                                      r  rv64im72f_6sp/alu/multiplier_word/mult_result__2/CLK

Slack:                    inf
  Source:                 rv64im72f_6sp/alu/multiplier_word/mult_result__1/ACOUT[1]
                            (internal pin)
  Destination:            rv64im72f_6sp/alu/multiplier_word/mult_result__2/ACIN[1]
                            (rising edge-triggered cell DSP48E1 clocked by clk_out1_clk_wiz_0  {rise@0.000ns fall@11.111ns period=22.222ns})
  Path Group:             (none)
  Path Type:              Hold (Min at Slow Process Corner)
  Data Path Delay:        0.002ns  (logic 0.000ns (0.000%)  route 0.002ns (100.000%))
  Logic Levels:           0  
  Clock Uncertainty:      0.191ns  ((TSJ^2 + DJ^2)^1/2) / 2 + PE
    Total System Jitter     (TSJ):    0.050ns
    Discrete Jitter          (DJ):    0.163ns
    Phase Error              (PE):    0.105ns

    Location             Delay type                Incr(ns)  Path(ns)    Netlist Resource(s)
  -------------------------------------------------------------------    -------------------
    DSP48_X1Y10          DSP48E1                      0.000     0.000 r  rv64im72f_6sp/alu/multiplier_word/mult_result__1/ACOUT[1]
                         net (fo=1, routed)           0.002     0.002    rv64im72f_6sp/alu/multiplier_word/mult_result__1_n_52
    DSP48_X1Y11          DSP48E1                                      r  rv64im72f_6sp/alu/multiplier_word/mult_result__2/ACIN[1]
  -------------------------------------------------------------------    -------------------

                         (clock clk_out1_clk_wiz_0 rise edge)
                                                      0.000     0.000 r  
    R4                                                0.000     0.000 r  clk (IN)
                         net (fo=0)                   0.000     0.000    clk_gen/inst/clk_in1
    R4                   IBUF (Prop_ibuf_I_O)         1.475     1.475 r  clk_gen/inst/clkin1_ibufg/O
                         net (fo=1, routed)           1.253     2.728    clk_gen/inst/clk_in1_clk_wiz_0
    PLLE2_ADV_X1Y2       PLLE2_ADV (Prop_plle2_adv_CLKIN1_CLKOUT0)
                                                     -8.953    -6.225 r  clk_gen/inst/plle2_adv_inst/CLKOUT0
                         net (fo=1, routed)           1.802    -4.422    clk_gen/inst/clk_out1_clk_wiz_0
    BUFGCTRL_X0Y0        BUFG (Prop_bufg_I_O)         0.096    -4.326 r  clk_gen/inst/clkout1_buf/O
                         net (fo=12699, routed)       2.204    -2.122    rv64im72f_6sp/alu/multiplier_word/clk_out1
    DSP48_X1Y11          DSP48E1                                      r  rv64im72f_6sp/alu/multiplier_word/mult_result__2/CLK

Slack:                    inf
  Source:                 rv64im72f_6sp/alu/multiplier_word/mult_result__1/ACOUT[2]
                            (internal pin)
  Destination:            rv64im72f_6sp/alu/multiplier_word/mult_result__2/ACIN[2]
                            (rising edge-triggered cell DSP48E1 clocked by clk_out1_clk_wiz_0  {rise@0.000ns fall@11.111ns period=22.222ns})
  Path Group:             (none)
  Path Type:              Hold (Min at Slow Process Corner)
  Data Path Delay:        0.002ns  (logic 0.000ns (0.000%)  route 0.002ns (100.000%))
  Logic Levels:           0  
  Clock Uncertainty:      0.191ns  ((TSJ^2 + DJ^2)^1/2) / 2 + PE
    Total System Jitter     (TSJ):    0.050ns
    Discrete Jitter          (DJ):    0.163ns
    Phase Error              (PE):    0.105ns

    Location             Delay type                Incr(ns)  Path(ns)    Netlist Resource(s)
  -------------------------------------------------------------------    -------------------
    DSP48_X1Y10          DSP48E1                      0.000     0.000 r  rv64im72f_6sp/alu/multiplier_word/mult_result__1/ACOUT[2]
                         net (fo=1, routed)           0.002     0.002    rv64im72f_6sp/alu/multiplier_word/mult_result__1_n_51
    DSP48_X1Y11          DSP48E1                                      r  rv64im72f_6sp/alu/multiplier_word/mult_result__2/ACIN[2]
  -------------------------------------------------------------------    -------------------

                         (clock clk_out1_clk_wiz_0 rise edge)
                                                      0.000     0.000 r  
    R4                                                0.000     0.000 r  clk (IN)
                         net (fo=0)                   0.000     0.000    clk_gen/inst/clk_in1
    R4                   IBUF (Prop_ibuf_I_O)         1.475     1.475 r  clk_gen/inst/clkin1_ibufg/O
                         net (fo=1, routed)           1.253     2.728    clk_gen/inst/clk_in1_clk_wiz_0
    PLLE2_ADV_X1Y2       PLLE2_ADV (Prop_plle2_adv_CLKIN1_CLKOUT0)
                                                     -8.953    -6.225 r  clk_gen/inst/plle2_adv_inst/CLKOUT0
                         net (fo=1, routed)           1.802    -4.422    clk_gen/inst/clk_out1_clk_wiz_0
    BUFGCTRL_X0Y0        BUFG (Prop_bufg_I_O)         0.096    -4.326 r  clk_gen/inst/clkout1_buf/O
                         net (fo=12699, routed)       2.204    -2.122    rv64im72f_6sp/alu/multiplier_word/clk_out1
    DSP48_X1Y11          DSP48E1                                      r  rv64im72f_6sp/alu/multiplier_word/mult_result__2/CLK





