Copyright 1986-2022 Xilinx, Inc. All Rights Reserved. Copyright 2022-2025 Advanced Micro Devices, Inc. All Rights Reserved.
------------------------------------------------------------------------------------------------------------------------------------------------------------------------------------------------------------------------------------------------------------------------------------------
| Tool Version : Vivado v.2025.2 (lin64) Build 6299465 Fri Nov 14 12:34:56 MST 2025
| Date         : Sun Sep 13 23:35:27 2026
| Host         : khwl-ThinkPad-X1-Carbon-Gen-13 running 64-bit Ubuntu 24.04.4 LTS
| Command      : report_timing_summary -max_paths 10 -report_unconstrained -warn_on_violation -file RV64IM72F5SPSoCTOP_timing_summary_postroute_physopted.rpt -pb RV64IM72F5SPSoCTOP_timing_summary_postroute_physopted.pb -rpx RV64IM72F5SPSoCTOP_timing_summary_postroute_physopted.rpx
| Design       : RV64IM72F5SPSoCTOP
| Device       : 7a200t-sbg484
| Speed File   : -1  PRODUCTION 1.23 2018-06-13
| Design State : Physopt postRoute
------------------------------------------------------------------------------------------------------------------------------------------------------------------------------------------------------------------------------------------------------------------------------------------

Timing Summary Report

------------------------------------------------------------------------------------------------
| Timer Settings
| --------------
------------------------------------------------------------------------------------------------

  Enable Multi Corner Analysis               :  Yes
  Enable Pessimism Removal                   :  Yes
  Pessimism Removal Resolution               :  Nearest Common Node
  Enable Input Delay Default Clock           :  No
  Enable Preset / Clear Arcs                 :  No
  Disable Flight Delays                      :  No
  Ignore I/O Paths                           :  No
  Timing Early Launch at Borrowing Latches   :  No
  Borrow Time for Max Delay Exceptions       :  Yes
  Merge Timing Exceptions                    :  Yes
  Inter-SLR Compensation                     :  Conservative

  Corner  Analyze    Analyze    
  Name    Max Paths  Min Paths  
  ------  ---------  ---------  
  Slow    Yes        Yes        
  Fast    Yes        Yes        


------------------------------------------------------------------------------------------------
| Report Methodology
| ------------------
------------------------------------------------------------------------------------------------

Rule      Severity  Description                                                Violations  
--------  --------  ---------------------------------------------------------  ----------  
DPIR-1    Warning   Asynchronous driver check                                  623         
SYNTH-5   Warning   Mapped onto distributed RAM because of timing constraints  2048        
SYNTH-6   Warning   Timing of a RAM block might be sub-optimal                 8           
SYNTH-10  Warning   Wide multiplier                                            20          

Note: This report is based on the most recent report_methodology run and may not be up-to-date. Run report_methodology on the current design for the latest report.



check_timing report

Table of Contents
-----------------
1. checking no_clock (0)
2. checking constant_clock (0)
3. checking pulse_width_clock (0)
4. checking unconstrained_internal_endpoints (0)
5. checking no_input_delay (2)
6. checking no_output_delay (9)
7. checking multiple_clock (0)
8. checking generated_clocks (0)
9. checking loops (0)
10. checking partial_input_delay (0)
11. checking partial_output_delay (0)
12. checking latch_loops (0)

1. checking no_clock (0)
------------------------
 There are 0 register/latch pins with no clock.


2. checking constant_clock (0)
------------------------------
 There are 0 register/latch pins with constant_clock.


3. checking pulse_width_clock (0)
---------------------------------
 There are 0 register/latch pins which need pulse_width check


4. checking unconstrained_internal_endpoints (0)
------------------------------------------------
 There are 0 pins that are not constrained for maximum delay.

 There are 0 pins that are not constrained for maximum delay due to constant clock.


5. checking no_input_delay (2)
------------------------------
 There are 0 input ports with no input delay specified.

 There are 2 input ports with no input delay but user has a false path constraint. (MEDIUM)


6. checking no_output_delay (9)
-------------------------------
 There are 0 ports with no output delay specified.

 There are 9 ports with no output delay but user has a false path constraint (MEDIUM)

 There are 0 ports with no output delay but with a timing clock defined on it or propagating through it


7. checking multiple_clock (0)
------------------------------
 There are 0 register/latch pins with multiple clocks.


8. checking generated_clocks (0)
--------------------------------
 There are 0 generated clocks that are not connected to a clock source.


9. checking loops (0)
---------------------
 There are 0 combinational loops in the design.


10. checking partial_input_delay (0)
------------------------------------
 There are 0 input ports with partial input delay specified.


11. checking partial_output_delay (0)
-------------------------------------
 There are 0 ports with partial output delay specified.


12. checking latch_loops (0)
----------------------------
 There are 0 combinational latch loops in the design through latch input



------------------------------------------------------------------------------------------------
| Design Timing Summary
| ---------------------
------------------------------------------------------------------------------------------------

    WNS(ns)      TNS(ns)  TNS Failing Endpoints  TNS Total Endpoints      WHS(ns)      THS(ns)  THS Failing Endpoints  THS Total Endpoints     WPWS(ns)     TPWS(ns)  TPWS Failing Endpoints  TPWS Total Endpoints  
    -------      -------  ---------------------  -------------------      -------      -------  ---------------------  -------------------     --------     --------  ----------------------  --------------------  
      0.168        0.000                      0                98013        0.035        0.000                      0                98013        2.633        0.000                       0                 13118  


All user specified timing constraints are met.


------------------------------------------------------------------------------------------------
| Clock Summary
| -------------
------------------------------------------------------------------------------------------------

Clock                 Waveform(ns)       Period(ns)      Frequency(MHz)
-----                 ------------       ----------      --------------
clk                   {0.000 5.000}      10.000          100.000         
  clk_out1_clk_wiz_0  {0.000 10.638}     21.277          47.000          
  clkfbout_clk_wiz_0  {0.000 25.000}     50.000          20.000          


------------------------------------------------------------------------------------------------
| Intra Clock Table
| -----------------
------------------------------------------------------------------------------------------------

Clock                     WNS(ns)      TNS(ns)  TNS Failing Endpoints  TNS Total Endpoints      WHS(ns)      THS(ns)  THS Failing Endpoints  THS Total Endpoints     WPWS(ns)     TPWS(ns)  TPWS Failing Endpoints  TPWS Total Endpoints  
-----                     -------      -------  ---------------------  -------------------      -------      -------  ---------------------  -------------------     --------     --------  ----------------------  --------------------  
clk                                                                                                                                                                     3.000        0.000                       0                     1  
  clk_out1_clk_wiz_0        0.168        0.000                      0                95900        0.035        0.000                      0                95900        9.388        0.000                       0                 13114  
  clkfbout_clk_wiz_0                                                                                                                                                    2.633        0.000                       0                     3  


------------------------------------------------------------------------------------------------
| Inter Clock Table
| -----------------
------------------------------------------------------------------------------------------------

From Clock    To Clock          WNS(ns)      TNS(ns)  TNS Failing Endpoints  TNS Total Endpoints      WHS(ns)      THS(ns)  THS Failing Endpoints  THS Total Endpoints  
----------    --------          -------      -------  ---------------------  -------------------      -------      -------  ---------------------  -------------------  


------------------------------------------------------------------------------------------------
| Other Path Groups Table
| -----------------------
------------------------------------------------------------------------------------------------

Path Group          From Clock          To Clock                WNS(ns)      TNS(ns)  TNS Failing Endpoints  TNS Total Endpoints      WHS(ns)      THS(ns)  THS Failing Endpoints  THS Total Endpoints  
----------          ----------          --------                -------      -------  ---------------------  -------------------      -------      -------  ---------------------  -------------------  
**async_default**   clk_out1_clk_wiz_0  clk_out1_clk_wiz_0        7.955        0.000                      0                 2113        0.677        0.000                      0                 2113  


------------------------------------------------------------------------------------------------
| User Ignored Path Table
| -----------------------
------------------------------------------------------------------------------------------------

Path Group          From Clock          To Clock          
----------          ----------          --------          
(none)              clk_out1_clk_wiz_0                      
(none)                                  clk_out1_clk_wiz_0  


------------------------------------------------------------------------------------------------
| Unconstrained Path Table
| ------------------------
------------------------------------------------------------------------------------------------

Path Group          From Clock          To Clock          
----------          ----------          --------          
(none)                                  clk_out1_clk_wiz_0  


------------------------------------------------------------------------------------------------
| Timing Details
| --------------
------------------------------------------------------------------------------------------------


---------------------------------------------------------------------------------------------------
From Clock:  clk
  To Clock:  clk

Setup :           NA  Failing Endpoints,  Worst Slack           NA  ,  Total Violation           NA
Hold  :           NA  Failing Endpoints,  Worst Slack           NA  ,  Total Violation           NA
PW    :            0  Failing Endpoints,  Worst Slack        3.000ns,  Total Violation        0.000ns
---------------------------------------------------------------------------------------------------


Pulse Width Checks
--------------------------------------------------------------------------------------
Clock Name:         clk
Waveform(ns):       { 0.000 5.000 }
Period(ns):         10.000
Sources:            { clk }

Check Type        Corner  Lib Pin           Reference Pin  Required(ns)  Actual(ns)  Slack(ns)  Location        Pin
Min Period        n/a     PLLE2_ADV/CLKIN1  n/a            1.249         10.000      8.751      PLLE2_ADV_X1Y2  clk_gen/inst/plle2_adv_inst/CLKIN1
Max Period        n/a     PLLE2_ADV/CLKIN1  n/a            52.633        10.000      42.633     PLLE2_ADV_X1Y2  clk_gen/inst/plle2_adv_inst/CLKIN1
Low Pulse Width   Slow    PLLE2_ADV/CLKIN1  n/a            2.000         5.000       3.000      PLLE2_ADV_X1Y2  clk_gen/inst/plle2_adv_inst/CLKIN1
Low Pulse Width   Fast    PLLE2_ADV/CLKIN1  n/a            2.000         5.000       3.000      PLLE2_ADV_X1Y2  clk_gen/inst/plle2_adv_inst/CLKIN1
High Pulse Width  Slow    PLLE2_ADV/CLKIN1  n/a            2.000         5.000       3.000      PLLE2_ADV_X1Y2  clk_gen/inst/plle2_adv_inst/CLKIN1
High Pulse Width  Fast    PLLE2_ADV/CLKIN1  n/a            2.000         5.000       3.000      PLLE2_ADV_X1Y2  clk_gen/inst/plle2_adv_inst/CLKIN1



---------------------------------------------------------------------------------------------------
From Clock:  clk_out1_clk_wiz_0
  To Clock:  clk_out1_clk_wiz_0

Setup :            0  Failing Endpoints,  Worst Slack        0.168ns,  Total Violation        0.000ns
Hold  :            0  Failing Endpoints,  Worst Slack        0.035ns,  Total Violation        0.000ns
PW    :            0  Failing Endpoints,  Worst Slack        9.388ns,  Total Violation        0.000ns
---------------------------------------------------------------------------------------------------


Max Delay Paths
--------------------------------------------------------------------------------------
Slack (MET) :             0.168ns  (required time - arrival time)
  Source:                 rv64im72f_6sp/ex_mem_register/MEM_alu_result_reg[5]_replica_8/C
                            (rising edge-triggered cell FDRE clocked by clk_out1_clk_wiz_0  {rise@0.000ns fall@10.638ns period=21.277ns})
  Destination:            rv64im72f_6sp/exception_detector/trap_status_reg[0]/D
                            (rising edge-triggered cell FDCE clocked by clk_out1_clk_wiz_0  {rise@0.000ns fall@10.638ns period=21.277ns})
  Path Group:             clk_out1_clk_wiz_0
  Path Type:              Setup (Max at Slow Process Corner)
  Requirement:            21.277ns  (clk_out1_clk_wiz_0 rise@21.277ns - clk_out1_clk_wiz_0 rise@0.000ns)
  Data Path Delay:        21.136ns  (logic 5.749ns (27.200%)  route 15.387ns (72.800%))
  Logic Levels:           32  (CARRY4=8 LUT3=1 LUT4=2 LUT5=4 LUT6=12 MUXF7=3 MUXF8=1 RAMS64E=1)
  Clock Path Skew:        0.146ns (DCD - SCD + CPR)
    Destination Clock Delay (DCD):    -1.841ns = ( 19.435 - 21.277 ) 
    Source Clock Delay      (SCD):    -2.486ns
    Clock Pessimism Removal (CPR):    -0.499ns
  Clock Uncertainty:      0.150ns  ((TSJ^2 + DJ^2)^1/2) / 2 + PE
    Total System Jitter     (TSJ):    0.071ns
    Discrete Jitter          (DJ):    0.292ns
    Phase Error              (PE):    0.000ns

    Location             Delay type                Incr(ns)  Path(ns)    Netlist Resource(s)
  -------------------------------------------------------------------    -------------------
                         (clock clk_out1_clk_wiz_0 rise edge)
                                                      0.000     0.000 r  
    R4                                                0.000     0.000 r  clk (IN)
                         net (fo=0)                   0.000     0.000    clk_gen/inst/clk_in1
    R4                   IBUF (Prop_ibuf_I_O)         1.475     1.475 r  clk_gen/inst/clkin1_ibufg/O
                         net (fo=1, routed)           1.253     2.728    clk_gen/inst/clk_in1_clk_wiz_0
    PLLE2_ADV_X1Y2       PLLE2_ADV (Prop_plle2_adv_CLKIN1_CLKOUT0)
                                                     -8.953    -6.225 r  clk_gen/inst/plle2_adv_inst/CLKOUT0
                         net (fo=1, routed)           1.802    -4.422    clk_gen/inst/clk_out1_clk_wiz_0
    BUFGCTRL_X0Y0        BUFG (Prop_bufg_I_O)         0.096    -4.326 r  clk_gen/inst/clkout1_buf/O
                         net (fo=13112, routed)       1.840    -2.486    rv64im72f_6sp/ex_mem_register/clk_out1
    SLICE_X55Y88         FDRE                                         r  rv64im72f_6sp/ex_mem_register/MEM_alu_result_reg[5]_replica_8/C
  -------------------------------------------------------------------    -------------------
    SLICE_X55Y88         FDRE (Prop_fdre_C_Q)         0.456    -2.030 r  rv64im72f_6sp/ex_mem_register/MEM_alu_result_reg[5]_replica_8/Q
                         net (fo=960, routed)         1.604    -0.425    rv64im72f_6sp/data_memory/memory_reg_2560_2815_38_38/A2
    SLICE_X56Y105        RAMS64E (Prop_rams64e_ADR2_O)
                                                      0.424    -0.001 r  rv64im72f_6sp/data_memory/memory_reg_2560_2815_38_38/RAMS64E_C/O
                         net (fo=1, routed)           0.000    -0.001    rv64im72f_6sp/data_memory/memory_reg_2560_2815_38_38/OC
    SLICE_X56Y105        MUXF7 (Prop_muxf7_I1_O)      0.247     0.246 r  rv64im72f_6sp/data_memory/memory_reg_2560_2815_38_38/F7.B/O
                         net (fo=1, routed)           0.000     0.246    rv64im72f_6sp/data_memory/memory_reg_2560_2815_38_38/O0
    SLICE_X56Y105        MUXF8 (Prop_muxf8_I0_O)      0.098     0.344 r  rv64im72f_6sp/data_memory/memory_reg_2560_2815_38_38/F8/O
                         net (fo=1, routed)           2.239     2.583    rv64im72f_6sp/data_memory/memory_reg_2560_2815_38_38_n_0
    SLICE_X65Y69         LUT6 (Prop_lut6_I1_O)        0.319     2.902 r  rv64im72f_6sp/data_memory/memory_reg_0_255_38_38_i_12/O
                         net (fo=1, routed)           0.000     2.902    rv64im72f_6sp/data_memory/memory_reg_0_255_38_38_i_12_n_0
    SLICE_X65Y69         MUXF7 (Prop_muxf7_I0_O)      0.212     3.114 r  rv64im72f_6sp/data_memory/memory_reg_0_255_38_38_i_6/O
                         net (fo=1, routed)           0.951     4.064    rv64im72f_6sp/data_memory/memory_reg_0_255_38_38_i_6_n_0
    SLICE_X63Y67         LUT6 (Prop_lut6_I3_O)        0.299     4.363 r  rv64im72f_6sp/data_memory/memory_reg_0_255_38_38_i_3/O
                         net (fo=3, routed)           0.918     5.281    rv64im72f_6sp/ex_mem_register/read_data0[38]
    SLICE_X57Y58         LUT6 (Prop_lut6_I1_O)        0.124     5.405 r  rv64im72f_6sp/ex_mem_register/dividend_reg[6]_i_30/O
                         net (fo=1, routed)           0.937     6.343    rv64im72f_6sp/ex_mem_register/dividend_reg[6]_i_30_n_0
    SLICE_X54Y54         LUT6 (Prop_lut6_I0_O)        0.124     6.467 r  rv64im72f_6sp/ex_mem_register/dividend_reg[6]_i_23/O
                         net (fo=1, routed)           0.602     7.069    rv64im72f_6sp/ex_mem_register/dividend_reg[6]_i_23_n_0
    SLICE_X55Y59         LUT6 (Prop_lut6_I3_O)        0.124     7.193 r  rv64im72f_6sp/ex_mem_register/dividend_reg[6]_i_14/O
                         net (fo=1, routed)           0.000     7.193    rv64im72f_6sp/ex_mem_register/dividend_reg[6]_i_14_n_0
    SLICE_X55Y59         MUXF7 (Prop_muxf7_I0_O)      0.212     7.405 r  rv64im72f_6sp/ex_mem_register/dividend_reg_reg[6]_i_10/O
                         net (fo=3, routed)           1.211     8.616    rv64im72f_6sp/ex_mem_register/MEM_forward_data_value[6]
    SLICE_X41Y44         LUT6 (Prop_lut6_I0_O)        0.299     8.915 r  rv64im72f_6sp/ex_mem_register/divisor_latch[6]_i_2/O
                         net (fo=1, routed)           0.627     9.542    rv64im72f_6sp/id_ex_register/alu_forward_source_data_b[6]
    SLICE_X39Y39         LUT6 (Prop_lut6_I3_O)        0.124     9.666 r  rv64im72f_6sp/id_ex_register/divisor_latch[6]_i_1/O
                         net (fo=21, routed)          1.308    10.974    rv64im72f_6sp/alu/D[6]
    SLICE_X32Y26         LUT4 (Prop_lut4_I0_O)        0.124    11.098 r  rv64im72f_6sp/alu/i___12_rep/O
                         net (fo=1, routed)           0.000    11.098    rv64im72f_6sp/alu/i___12_rep_n_0
    SLICE_X32Y26         CARRY4 (Prop_carry4_S[3]_CO[3])
                                                      0.401    11.499 r  rv64im72f_6sp/alu/i___52_i_98/CO[3]
                         net (fo=1, routed)           0.000    11.499    rv64im72f_6sp/alu/i___52_i_98_n_0
    SLICE_X32Y27         CARRY4 (Prop_carry4_CI_CO[3])
                                                      0.114    11.613 r  rv64im72f_6sp/alu/i___52_i_88/CO[3]
                         net (fo=1, routed)           0.000    11.613    rv64im72f_6sp/alu/i___52_i_88_n_0
    SLICE_X32Y28         CARRY4 (Prop_carry4_CI_CO[3])
                                                      0.114    11.727 r  rv64im72f_6sp/alu/i___52_i_78/CO[3]
                         net (fo=1, routed)           0.000    11.727    rv64im72f_6sp/alu/i___52_i_78_n_0
    SLICE_X32Y29         CARRY4 (Prop_carry4_CI_CO[3])
                                                      0.114    11.841 r  rv64im72f_6sp/alu/i___52_i_68/CO[3]
                         net (fo=1, routed)           0.000    11.841    rv64im72f_6sp/alu/i___52_i_68_n_0
    SLICE_X32Y30         CARRY4 (Prop_carry4_CI_CO[3])
                                                      0.114    11.955 r  rv64im72f_6sp/alu/i___52_i_58/CO[3]
                         net (fo=1, routed)           0.000    11.955    rv64im72f_6sp/alu/i___52_i_58_n_0
    SLICE_X32Y31         CARRY4 (Prop_carry4_CI_CO[3])
                                                      0.114    12.069 r  rv64im72f_6sp/alu/i___52_i_48/CO[3]
                         net (fo=1, routed)           0.000    12.069    rv64im72f_6sp/alu/i___52_i_48_n_0
    SLICE_X32Y32         CARRY4 (Prop_carry4_CI_CO[3])
                                                      0.114    12.183 r  rv64im72f_6sp/alu/i___52_i_38/CO[3]
                         net (fo=1, routed)           0.000    12.183    rv64im72f_6sp/alu/i___52_i_38_n_0
    SLICE_X32Y33         CARRY4 (Prop_carry4_CI_CO[3])
                                                      0.114    12.297 r  rv64im72f_6sp/alu/i___52_i_25/CO[3]
                         net (fo=1, routed)           1.309    13.606    rv64im72f_6sp/id_ex_register/CO[0]
    SLICE_X30Y24         LUT6 (Prop_lut6_I1_O)        0.124    13.730 r  rv64im72f_6sp/id_ex_register/i___52_i_19/O
                         net (fo=1, routed)           0.287    14.017    rv64im72f_6sp/id_ex_register/i___52_i_19_n_0
    SLICE_X29Y24         LUT3 (Prop_lut3_I0_O)        0.124    14.141 r  rv64im72f_6sp/id_ex_register/i___52_i_11/O
                         net (fo=1, routed)           0.294    14.435    rv64im72f_6sp/id_ex_register/i___52_i_11_n_0
    SLICE_X30Y24         LUT6 (Prop_lut6_I2_O)        0.124    14.559 r  rv64im72f_6sp/id_ex_register/i___52_i_3/O
                         net (fo=2, routed)           0.557    15.117    rv64im72f_6sp/id_ex_register/i___62_i_6_0[0]
    SLICE_X31Y20         LUT6 (Prop_lut6_I4_O)        0.124    15.241 r  rv64im72f_6sp/id_ex_register/EX2_alu_result[0]_i_1/O
                         net (fo=6, routed)           0.383    15.623    rv64im72f_6sp/id_ex_register/dividend_reg_reg[63][0]
    SLICE_X32Y19         LUT5 (Prop_lut5_I3_O)        0.124    15.747 r  rv64im72f_6sp/id_ex_register/trap_status[0]_i_11/O
                         net (fo=1, routed)           0.310    16.057    rv64im72f_6sp/id_ex_register/trap_status[0]_i_11_n_0
    SLICE_X34Y18         LUT4 (Prop_lut4_I0_O)        0.124    16.181 r  rv64im72f_6sp/id_ex_register/trap_status[0]_i_8/O
                         net (fo=2, routed)           0.433    16.614    rv64im72f_6sp/id_ex_register/trap_status[0]_i_8_n_0
    SLICE_X34Y17         LUT6 (Prop_lut6_I0_O)        0.124    16.738 r  rv64im72f_6sp/id_ex_register/trap_status[2]_i_7/O
                         net (fo=2, routed)           0.452    17.189    rv64im72f_6sp/id_ex_register/trap_status[2]_i_7_n_0
    SLICE_X36Y17         LUT5 (Prop_lut5_I4_O)        0.124    17.313 f  rv64im72f_6sp/id_ex_register/trapped_i_9/O
                         net (fo=2, routed)           0.177    17.490    rv64im72f_6sp/id_ex_register/trapped_i_9_n_0
    SLICE_X36Y17         LUT5 (Prop_lut5_I4_O)        0.124    17.614 f  rv64im72f_6sp/id_ex_register/trapped_i_4/O
                         net (fo=5, routed)           0.362    17.976    rv64im72f_6sp/io_id_register/trapped_reg
    SLICE_X36Y16         LUT5 (Prop_lut5_I4_O)        0.124    18.100 r  rv64im72f_6sp/io_id_register/trap_status[0]_i_5/O
                         net (fo=1, routed)           0.426    18.527    rv64im72f_6sp/ex_mem_register/trap_status_reg[0]_1
    SLICE_X39Y17         LUT6 (Prop_lut6_I3_O)        0.124    18.651 r  rv64im72f_6sp/ex_mem_register/trap_status[0]_i_1/O
                         net (fo=1, routed)           0.000    18.651    rv64im72f_6sp/exception_detector/trap_status_reg[2]_3[0]
    SLICE_X39Y17         FDCE                                         r  rv64im72f_6sp/exception_detector/trap_status_reg[0]/D
  -------------------------------------------------------------------    -------------------

                         (clock clk_out1_clk_wiz_0 rise edge)
                                                     21.277    21.277 r  
    R4                                                0.000    21.277 r  clk (IN)
                         net (fo=0)                   0.000    21.277    clk_gen/inst/clk_in1
    R4                   IBUF (Prop_ibuf_I_O)         1.405    22.681 r  clk_gen/inst/clkin1_ibufg/O
                         net (fo=1, routed)           1.181    23.862    clk_gen/inst/clk_in1_clk_wiz_0
    PLLE2_ADV_X1Y2       PLLE2_ADV (Prop_plle2_adv_CLKIN1_CLKOUT0)
                                                     -8.206    15.657 r  clk_gen/inst/plle2_adv_inst/CLKOUT0
                         net (fo=1, routed)           1.718    17.375    clk_gen/inst/clk_out1_clk_wiz_0
    BUFGCTRL_X0Y0        BUFG (Prop_bufg_I_O)         0.091    17.466 r  clk_gen/inst/clkout1_buf/O
                         net (fo=13112, routed)       1.970    19.435    rv64im72f_6sp/exception_detector/clk_out1
    SLICE_X39Y17         FDCE                                         r  rv64im72f_6sp/exception_detector/trap_status_reg[0]/C
                         clock pessimism             -0.499    18.936    
                         clock uncertainty           -0.150    18.786    
    SLICE_X39Y17         FDCE (Setup_fdce_C_D)        0.032    18.818    rv64im72f_6sp/exception_detector/trap_status_reg[0]
  -------------------------------------------------------------------
                         required time                         18.818    
                         arrival time                         -18.651    
  -------------------------------------------------------------------
                         slack                                  0.168    

Slack (MET) :             0.273ns  (required time - arrival time)
  Source:                 rv64im72f_6sp/ex_mem_register/MEM_alu_result_reg[5]_replica_8/C
                            (rising edge-triggered cell FDRE clocked by clk_out1_clk_wiz_0  {rise@0.000ns fall@10.638ns period=21.277ns})
  Destination:            rv64im72f_6sp/exception_detector/trap_status_reg[1]/D
                            (rising edge-triggered cell FDCE clocked by clk_out1_clk_wiz_0  {rise@0.000ns fall@10.638ns period=21.277ns})
  Path Group:             clk_out1_clk_wiz_0
  Path Type:              Setup (Max at Slow Process Corner)
  Requirement:            21.277ns  (clk_out1_clk_wiz_0 rise@21.277ns - clk_out1_clk_wiz_0 rise@0.000ns)
  Data Path Delay:        21.085ns  (logic 5.625ns (26.678%)  route 15.460ns (73.322%))
  Logic Levels:           31  (CARRY4=8 LUT3=2 LUT4=2 LUT5=2 LUT6=12 MUXF7=3 MUXF8=1 RAMS64E=1)
  Clock Path Skew:        0.150ns (DCD - SCD + CPR)
    Destination Clock Delay (DCD):    -1.837ns = ( 19.439 - 21.277 ) 
    Source Clock Delay      (SCD):    -2.486ns
    Clock Pessimism Removal (CPR):    -0.499ns
  Clock Uncertainty:      0.150ns  ((TSJ^2 + DJ^2)^1/2) / 2 + PE
    Total System Jitter     (TSJ):    0.071ns
    Discrete Jitter          (DJ):    0.292ns
    Phase Error              (PE):    0.000ns

    Location             Delay type                Incr(ns)  Path(ns)    Netlist Resource(s)
  -------------------------------------------------------------------    -------------------
                         (clock clk_out1_clk_wiz_0 rise edge)
                                                      0.000     0.000 r  
    R4                                                0.000     0.000 r  clk (IN)
                         net (fo=0)                   0.000     0.000    clk_gen/inst/clk_in1
    R4                   IBUF (Prop_ibuf_I_O)         1.475     1.475 r  clk_gen/inst/clkin1_ibufg/O
                         net (fo=1, routed)           1.253     2.728    clk_gen/inst/clk_in1_clk_wiz_0
    PLLE2_ADV_X1Y2       PLLE2_ADV (Prop_plle2_adv_CLKIN1_CLKOUT0)
                                                     -8.953    -6.225 r  clk_gen/inst/plle2_adv_inst/CLKOUT0
                         net (fo=1, routed)           1.802    -4.422    clk_gen/inst/clk_out1_clk_wiz_0
    BUFGCTRL_X0Y0        BUFG (Prop_bufg_I_O)         0.096    -4.326 r  clk_gen/inst/clkout1_buf/O
                         net (fo=13112, routed)       1.840    -2.486    rv64im72f_6sp/ex_mem_register/clk_out1
    SLICE_X55Y88         FDRE                                         r  rv64im72f_6sp/ex_mem_register/MEM_alu_result_reg[5]_replica_8/C
  -------------------------------------------------------------------    -------------------
    SLICE_X55Y88         FDRE (Prop_fdre_C_Q)         0.456    -2.030 r  rv64im72f_6sp/ex_mem_register/MEM_alu_result_reg[5]_replica_8/Q
                         net (fo=960, routed)         1.604    -0.425    rv64im72f_6sp/data_memory/memory_reg_2560_2815_38_38/A2
    SLICE_X56Y105        RAMS64E (Prop_rams64e_ADR2_O)
                                                      0.424    -0.001 r  rv64im72f_6sp/data_memory/memory_reg_2560_2815_38_38/RAMS64E_C/O
                         net (fo=1, routed)           0.000    -0.001    rv64im72f_6sp/data_memory/memory_reg_2560_2815_38_38/OC
    SLICE_X56Y105        MUXF7 (Prop_muxf7_I1_O)      0.247     0.246 r  rv64im72f_6sp/data_memory/memory_reg_2560_2815_38_38/F7.B/O
                         net (fo=1, routed)           0.000     0.246    rv64im72f_6sp/data_memory/memory_reg_2560_2815_38_38/O0
    SLICE_X56Y105        MUXF8 (Prop_muxf8_I0_O)      0.098     0.344 r  rv64im72f_6sp/data_memory/memory_reg_2560_2815_38_38/F8/O
                         net (fo=1, routed)           2.239     2.583    rv64im72f_6sp/data_memory/memory_reg_2560_2815_38_38_n_0
    SLICE_X65Y69         LUT6 (Prop_lut6_I1_O)        0.319     2.902 r  rv64im72f_6sp/data_memory/memory_reg_0_255_38_38_i_12/O
                         net (fo=1, routed)           0.000     2.902    rv64im72f_6sp/data_memory/memory_reg_0_255_38_38_i_12_n_0
    SLICE_X65Y69         MUXF7 (Prop_muxf7_I0_O)      0.212     3.114 r  rv64im72f_6sp/data_memory/memory_reg_0_255_38_38_i_6/O
                         net (fo=1, routed)           0.951     4.064    rv64im72f_6sp/data_memory/memory_reg_0_255_38_38_i_6_n_0
    SLICE_X63Y67         LUT6 (Prop_lut6_I3_O)        0.299     4.363 r  rv64im72f_6sp/data_memory/memory_reg_0_255_38_38_i_3/O
                         net (fo=3, routed)           0.918     5.281    rv64im72f_6sp/ex_mem_register/read_data0[38]
    SLICE_X57Y58         LUT6 (Prop_lut6_I1_O)        0.124     5.405 r  rv64im72f_6sp/ex_mem_register/dividend_reg[6]_i_30/O
                         net (fo=1, routed)           0.937     6.343    rv64im72f_6sp/ex_mem_register/dividend_reg[6]_i_30_n_0
    SLICE_X54Y54         LUT6 (Prop_lut6_I0_O)        0.124     6.467 r  rv64im72f_6sp/ex_mem_register/dividend_reg[6]_i_23/O
                         net (fo=1, routed)           0.602     7.069    rv64im72f_6sp/ex_mem_register/dividend_reg[6]_i_23_n_0
    SLICE_X55Y59         LUT6 (Prop_lut6_I3_O)        0.124     7.193 r  rv64im72f_6sp/ex_mem_register/dividend_reg[6]_i_14/O
                         net (fo=1, routed)           0.000     7.193    rv64im72f_6sp/ex_mem_register/dividend_reg[6]_i_14_n_0
    SLICE_X55Y59         MUXF7 (Prop_muxf7_I0_O)      0.212     7.405 r  rv64im72f_6sp/ex_mem_register/dividend_reg_reg[6]_i_10/O
                         net (fo=3, routed)           1.211     8.616    rv64im72f_6sp/ex_mem_register/MEM_forward_data_value[6]
    SLICE_X41Y44         LUT6 (Prop_lut6_I0_O)        0.299     8.915 r  rv64im72f_6sp/ex_mem_register/divisor_latch[6]_i_2/O
                         net (fo=1, routed)           0.627     9.542    rv64im72f_6sp/id_ex_register/alu_forward_source_data_b[6]
    SLICE_X39Y39         LUT6 (Prop_lut6_I3_O)        0.124     9.666 r  rv64im72f_6sp/id_ex_register/divisor_latch[6]_i_1/O
                         net (fo=21, routed)          1.308    10.974    rv64im72f_6sp/alu/D[6]
    SLICE_X32Y26         LUT4 (Prop_lut4_I0_O)        0.124    11.098 r  rv64im72f_6sp/alu/i___12_rep/O
                         net (fo=1, routed)           0.000    11.098    rv64im72f_6sp/alu/i___12_rep_n_0
    SLICE_X32Y26         CARRY4 (Prop_carry4_S[3]_CO[3])
                                                      0.401    11.499 r  rv64im72f_6sp/alu/i___52_i_98/CO[3]
                         net (fo=1, routed)           0.000    11.499    rv64im72f_6sp/alu/i___52_i_98_n_0
    SLICE_X32Y27         CARRY4 (Prop_carry4_CI_CO[3])
                                                      0.114    11.613 r  rv64im72f_6sp/alu/i___52_i_88/CO[3]
                         net (fo=1, routed)           0.000    11.613    rv64im72f_6sp/alu/i___52_i_88_n_0
    SLICE_X32Y28         CARRY4 (Prop_carry4_CI_CO[3])
                                                      0.114    11.727 r  rv64im72f_6sp/alu/i___52_i_78/CO[3]
                         net (fo=1, routed)           0.000    11.727    rv64im72f_6sp/alu/i___52_i_78_n_0
    SLICE_X32Y29         CARRY4 (Prop_carry4_CI_CO[3])
                                                      0.114    11.841 r  rv64im72f_6sp/alu/i___52_i_68/CO[3]
                         net (fo=1, routed)           0.000    11.841    rv64im72f_6sp/alu/i___52_i_68_n_0
    SLICE_X32Y30         CARRY4 (Prop_carry4_CI_CO[3])
                                                      0.114    11.955 r  rv64im72f_6sp/alu/i___52_i_58/CO[3]
                         net (fo=1, routed)           0.000    11.955    rv64im72f_6sp/alu/i___52_i_58_n_0
    SLICE_X32Y31         CARRY4 (Prop_carry4_CI_CO[3])
                                                      0.114    12.069 r  rv64im72f_6sp/alu/i___52_i_48/CO[3]
                         net (fo=1, routed)           0.000    12.069    rv64im72f_6sp/alu/i___52_i_48_n_0
    SLICE_X32Y32         CARRY4 (Prop_carry4_CI_CO[3])
                                                      0.114    12.183 r  rv64im72f_6sp/alu/i___52_i_38/CO[3]
                         net (fo=1, routed)           0.000    12.183    rv64im72f_6sp/alu/i___52_i_38_n_0
    SLICE_X32Y33         CARRY4 (Prop_carry4_CI_CO[3])
                                                      0.114    12.297 r  rv64im72f_6sp/alu/i___52_i_25/CO[3]
                         net (fo=1, routed)           1.309    13.606    rv64im72f_6sp/id_ex_register/CO[0]
    SLICE_X30Y24         LUT6 (Prop_lut6_I1_O)        0.124    13.730 r  rv64im72f_6sp/id_ex_register/i___52_i_19/O
                         net (fo=1, routed)           0.287    14.017    rv64im72f_6sp/id_ex_register/i___52_i_19_n_0
    SLICE_X29Y24         LUT3 (Prop_lut3_I0_O)        0.124    14.141 r  rv64im72f_6sp/id_ex_register/i___52_i_11/O
                         net (fo=1, routed)           0.294    14.435    rv64im72f_6sp/id_ex_register/i___52_i_11_n_0
    SLICE_X30Y24         LUT6 (Prop_lut6_I2_O)        0.124    14.559 r  rv64im72f_6sp/id_ex_register/i___52_i_3/O
                         net (fo=2, routed)           0.557    15.117    rv64im72f_6sp/id_ex_register/i___62_i_6_0[0]
    SLICE_X31Y20         LUT6 (Prop_lut6_I4_O)        0.124    15.241 r  rv64im72f_6sp/id_ex_register/EX2_alu_result[0]_i_1/O
                         net (fo=6, routed)           0.383    15.623    rv64im72f_6sp/id_ex_register/dividend_reg_reg[63][0]
    SLICE_X32Y19         LUT5 (Prop_lut5_I3_O)        0.124    15.747 r  rv64im72f_6sp/id_ex_register/trap_status[0]_i_11/O
                         net (fo=1, routed)           0.310    16.057    rv64im72f_6sp/id_ex_register/trap_status[0]_i_11_n_0
    SLICE_X34Y18         LUT4 (Prop_lut4_I0_O)        0.124    16.181 r  rv64im72f_6sp/id_ex_register/trap_status[0]_i_8/O
                         net (fo=2, routed)           0.433    16.614    rv64im72f_6sp/id_ex_register/trap_status[0]_i_8_n_0
    SLICE_X34Y17         LUT6 (Prop_lut6_I0_O)        0.124    16.738 r  rv64im72f_6sp/id_ex_register/trap_status[2]_i_7/O
                         net (fo=2, routed)           0.452    17.189    rv64im72f_6sp/id_ex_register/trap_status[2]_i_7_n_0
    SLICE_X36Y17         LUT5 (Prop_lut5_I4_O)        0.124    17.313 f  rv64im72f_6sp/id_ex_register/trapped_i_9/O
                         net (fo=2, routed)           0.305    17.618    rv64im72f_6sp/id_ex_register/trapped_i_9_n_0
    SLICE_X37Y18         LUT3 (Prop_lut3_I2_O)        0.124    17.742 r  rv64im72f_6sp/id_ex_register/trap_status[1]_i_2/O
                         net (fo=1, routed)           0.733    18.475    rv64im72f_6sp/id_ex_register/trap_status[1]_i_2_n_0
    SLICE_X36Y17         LUT6 (Prop_lut6_I0_O)        0.124    18.599 r  rv64im72f_6sp/id_ex_register/trap_status[1]_i_1/O
                         net (fo=1, routed)           0.000    18.599    rv64im72f_6sp/exception_detector/trap_status_reg[2]_3[1]
    SLICE_X36Y17         FDCE                                         r  rv64im72f_6sp/exception_detector/trap_status_reg[1]/D
  -------------------------------------------------------------------    -------------------

                         (clock clk_out1_clk_wiz_0 rise edge)
                                                     21.277    21.277 r  
    R4                                                0.000    21.277 r  clk (IN)
                         net (fo=0)                   0.000    21.277    clk_gen/inst/clk_in1
    R4                   IBUF (Prop_ibuf_I_O)         1.405    22.681 r  clk_gen/inst/clkin1_ibufg/O
                         net (fo=1, routed)           1.181    23.862    clk_gen/inst/clk_in1_clk_wiz_0
    PLLE2_ADV_X1Y2       PLLE2_ADV (Prop_plle2_adv_CLKIN1_CLKOUT0)
                                                     -8.206    15.657 r  clk_gen/inst/plle2_adv_inst/CLKOUT0
                         net (fo=1, routed)           1.718    17.375    clk_gen/inst/clk_out1_clk_wiz_0
    BUFGCTRL_X0Y0        BUFG (Prop_bufg_I_O)         0.091    17.466 r  clk_gen/inst/clkout1_buf/O
                         net (fo=13112, routed)       1.974    19.439    rv64im72f_6sp/exception_detector/clk_out1
    SLICE_X36Y17         FDCE                                         r  rv64im72f_6sp/exception_detector/trap_status_reg[1]/C
                         clock pessimism             -0.499    18.940    
                         clock uncertainty           -0.150    18.790    
    SLICE_X36Y17         FDCE (Setup_fdce_C_D)        0.081    18.871    rv64im72f_6sp/exception_detector/trap_status_reg[1]
  -------------------------------------------------------------------
                         required time                         18.871    
                         arrival time                         -18.599    
  -------------------------------------------------------------------
                         slack                                  0.273    

Slack (MET) :             0.457ns  (required time - arrival time)
  Source:                 rv64im72f_6sp/ex_mem_register/MEM_alu_result_reg[5]_replica_8/C
                            (rising edge-triggered cell FDRE clocked by clk_out1_clk_wiz_0  {rise@0.000ns fall@10.638ns period=21.277ns})
  Destination:            rv64im72f_6sp/exception_detector/trap_status_reg[2]/D
                            (rising edge-triggered cell FDCE clocked by clk_out1_clk_wiz_0  {rise@0.000ns fall@10.638ns period=21.277ns})
  Path Group:             clk_out1_clk_wiz_0
  Path Type:              Setup (Max at Slow Process Corner)
  Requirement:            21.277ns  (clk_out1_clk_wiz_0 rise@21.277ns - clk_out1_clk_wiz_0 rise@0.000ns)
  Data Path Delay:        20.846ns  (logic 5.749ns (27.578%)  route 15.097ns (72.422%))
  Logic Levels:           32  (CARRY4=8 LUT3=1 LUT4=3 LUT5=3 LUT6=12 MUXF7=3 MUXF8=1 RAMS64E=1)
  Clock Path Skew:        0.146ns (DCD - SCD + CPR)
    Destination Clock Delay (DCD):    -1.841ns = ( 19.435 - 21.277 ) 
    Source Clock Delay      (SCD):    -2.486ns
    Clock Pessimism Removal (CPR):    -0.499ns
  Clock Uncertainty:      0.150ns  ((TSJ^2 + DJ^2)^1/2) / 2 + PE
    Total System Jitter     (TSJ):    0.071ns
    Discrete Jitter          (DJ):    0.292ns
    Phase Error              (PE):    0.000ns

    Location             Delay type                Incr(ns)  Path(ns)    Netlist Resource(s)
  -------------------------------------------------------------------    -------------------
                         (clock clk_out1_clk_wiz_0 rise edge)
                                                      0.000     0.000 r  
    R4                                                0.000     0.000 r  clk (IN)
                         net (fo=0)                   0.000     0.000    clk_gen/inst/clk_in1
    R4                   IBUF (Prop_ibuf_I_O)         1.475     1.475 r  clk_gen/inst/clkin1_ibufg/O
                         net (fo=1, routed)           1.253     2.728    clk_gen/inst/clk_in1_clk_wiz_0
    PLLE2_ADV_X1Y2       PLLE2_ADV (Prop_plle2_adv_CLKIN1_CLKOUT0)
                                                     -8.953    -6.225 r  clk_gen/inst/plle2_adv_inst/CLKOUT0
                         net (fo=1, routed)           1.802    -4.422    clk_gen/inst/clk_out1_clk_wiz_0
    BUFGCTRL_X0Y0        BUFG (Prop_bufg_I_O)         0.096    -4.326 r  clk_gen/inst/clkout1_buf/O
                         net (fo=13112, routed)       1.840    -2.486    rv64im72f_6sp/ex_mem_register/clk_out1
    SLICE_X55Y88         FDRE                                         r  rv64im72f_6sp/ex_mem_register/MEM_alu_result_reg[5]_replica_8/C
  -------------------------------------------------------------------    -------------------
    SLICE_X55Y88         FDRE (Prop_fdre_C_Q)         0.456    -2.030 r  rv64im72f_6sp/ex_mem_register/MEM_alu_result_reg[5]_replica_8/Q
                         net (fo=960, routed)         1.604    -0.425    rv64im72f_6sp/data_memory/memory_reg_2560_2815_38_38/A2
    SLICE_X56Y105        RAMS64E (Prop_rams64e_ADR2_O)
                                                      0.424    -0.001 r  rv64im72f_6sp/data_memory/memory_reg_2560_2815_38_38/RAMS64E_C/O
                         net (fo=1, routed)           0.000    -0.001    rv64im72f_6sp/data_memory/memory_reg_2560_2815_38_38/OC
    SLICE_X56Y105        MUXF7 (Prop_muxf7_I1_O)      0.247     0.246 r  rv64im72f_6sp/data_memory/memory_reg_2560_2815_38_38/F7.B/O
                         net (fo=1, routed)           0.000     0.246    rv64im72f_6sp/data_memory/memory_reg_2560_2815_38_38/O0
    SLICE_X56Y105        MUXF8 (Prop_muxf8_I0_O)      0.098     0.344 r  rv64im72f_6sp/data_memory/memory_reg_2560_2815_38_38/F8/O
                         net (fo=1, routed)           2.239     2.583    rv64im72f_6sp/data_memory/memory_reg_2560_2815_38_38_n_0
    SLICE_X65Y69         LUT6 (Prop_lut6_I1_O)        0.319     2.902 r  rv64im72f_6sp/data_memory/memory_reg_0_255_38_38_i_12/O
                         net (fo=1, routed)           0.000     2.902    rv64im72f_6sp/data_memory/memory_reg_0_255_38_38_i_12_n_0
    SLICE_X65Y69         MUXF7 (Prop_muxf7_I0_O)      0.212     3.114 r  rv64im72f_6sp/data_memory/memory_reg_0_255_38_38_i_6/O
                         net (fo=1, routed)           0.951     4.064    rv64im72f_6sp/data_memory/memory_reg_0_255_38_38_i_6_n_0
    SLICE_X63Y67         LUT6 (Prop_lut6_I3_O)        0.299     4.363 r  rv64im72f_6sp/data_memory/memory_reg_0_255_38_38_i_3/O
                         net (fo=3, routed)           0.918     5.281    rv64im72f_6sp/ex_mem_register/read_data0[38]
    SLICE_X57Y58         LUT6 (Prop_lut6_I1_O)        0.124     5.405 r  rv64im72f_6sp/ex_mem_register/dividend_reg[6]_i_30/O
                         net (fo=1, routed)           0.937     6.343    rv64im72f_6sp/ex_mem_register/dividend_reg[6]_i_30_n_0
    SLICE_X54Y54         LUT6 (Prop_lut6_I0_O)        0.124     6.467 r  rv64im72f_6sp/ex_mem_register/dividend_reg[6]_i_23/O
                         net (fo=1, routed)           0.602     7.069    rv64im72f_6sp/ex_mem_register/dividend_reg[6]_i_23_n_0
    SLICE_X55Y59         LUT6 (Prop_lut6_I3_O)        0.124     7.193 r  rv64im72f_6sp/ex_mem_register/dividend_reg[6]_i_14/O
                         net (fo=1, routed)           0.000     7.193    rv64im72f_6sp/ex_mem_register/dividend_reg[6]_i_14_n_0
    SLICE_X55Y59         MUXF7 (Prop_muxf7_I0_O)      0.212     7.405 r  rv64im72f_6sp/ex_mem_register/dividend_reg_reg[6]_i_10/O
                         net (fo=3, routed)           1.211     8.616    rv64im72f_6sp/ex_mem_register/MEM_forward_data_value[6]
    SLICE_X41Y44         LUT6 (Prop_lut6_I0_O)        0.299     8.915 r  rv64im72f_6sp/ex_mem_register/divisor_latch[6]_i_2/O
                         net (fo=1, routed)           0.627     9.542    rv64im72f_6sp/id_ex_register/alu_forward_source_data_b[6]
    SLICE_X39Y39         LUT6 (Prop_lut6_I3_O)        0.124     9.666 r  rv64im72f_6sp/id_ex_register/divisor_latch[6]_i_1/O
                         net (fo=21, routed)          1.308    10.974    rv64im72f_6sp/alu/D[6]
    SLICE_X32Y26         LUT4 (Prop_lut4_I0_O)        0.124    11.098 r  rv64im72f_6sp/alu/i___12_rep/O
                         net (fo=1, routed)           0.000    11.098    rv64im72f_6sp/alu/i___12_rep_n_0
    SLICE_X32Y26         CARRY4 (Prop_carry4_S[3]_CO[3])
                                                      0.401    11.499 r  rv64im72f_6sp/alu/i___52_i_98/CO[3]
                         net (fo=1, routed)           0.000    11.499    rv64im72f_6sp/alu/i___52_i_98_n_0
    SLICE_X32Y27         CARRY4 (Prop_carry4_CI_CO[3])
                                                      0.114    11.613 r  rv64im72f_6sp/alu/i___52_i_88/CO[3]
                         net (fo=1, routed)           0.000    11.613    rv64im72f_6sp/alu/i___52_i_88_n_0
    SLICE_X32Y28         CARRY4 (Prop_carry4_CI_CO[3])
                                                      0.114    11.727 r  rv64im72f_6sp/alu/i___52_i_78/CO[3]
                         net (fo=1, routed)           0.000    11.727    rv64im72f_6sp/alu/i___52_i_78_n_0
    SLICE_X32Y29         CARRY4 (Prop_carry4_CI_CO[3])
                                                      0.114    11.841 r  rv64im72f_6sp/alu/i___52_i_68/CO[3]
                         net (fo=1, routed)           0.000    11.841    rv64im72f_6sp/alu/i___52_i_68_n_0
    SLICE_X32Y30         CARRY4 (Prop_carry4_CI_CO[3])
                                                      0.114    11.955 r  rv64im72f_6sp/alu/i___52_i_58/CO[3]
                         net (fo=1, routed)           0.000    11.955    rv64im72f_6sp/alu/i___52_i_58_n_0
    SLICE_X32Y31         CARRY4 (Prop_carry4_CI_CO[3])
                                                      0.114    12.069 r  rv64im72f_6sp/alu/i___52_i_48/CO[3]
                         net (fo=1, routed)           0.000    12.069    rv64im72f_6sp/alu/i___52_i_48_n_0
    SLICE_X32Y32         CARRY4 (Prop_carry4_CI_CO[3])
                                                      0.114    12.183 r  rv64im72f_6sp/alu/i___52_i_38/CO[3]
                         net (fo=1, routed)           0.000    12.183    rv64im72f_6sp/alu/i___52_i_38_n_0
    SLICE_X32Y33         CARRY4 (Prop_carry4_CI_CO[3])
                                                      0.114    12.297 f  rv64im72f_6sp/alu/i___52_i_25/CO[3]
                         net (fo=1, routed)           1.309    13.606    rv64im72f_6sp/id_ex_register/CO[0]
    SLICE_X30Y24         LUT6 (Prop_lut6_I1_O)        0.124    13.730 f  rv64im72f_6sp/id_ex_register/i___52_i_19/O
                         net (fo=1, routed)           0.287    14.017    rv64im72f_6sp/id_ex_register/i___52_i_19_n_0
    SLICE_X29Y24         LUT3 (Prop_lut3_I0_O)        0.124    14.141 f  rv64im72f_6sp/id_ex_register/i___52_i_11/O
                         net (fo=1, routed)           0.294    14.435    rv64im72f_6sp/id_ex_register/i___52_i_11_n_0
    SLICE_X30Y24         LUT6 (Prop_lut6_I2_O)        0.124    14.559 f  rv64im72f_6sp/id_ex_register/i___52_i_3/O
                         net (fo=2, routed)           0.557    15.117    rv64im72f_6sp/id_ex_register/i___62_i_6_0[0]
    SLICE_X31Y20         LUT6 (Prop_lut6_I4_O)        0.124    15.241 f  rv64im72f_6sp/id_ex_register/EX2_alu_result[0]_i_1/O
                         net (fo=6, routed)           0.383    15.623    rv64im72f_6sp/id_ex_register/dividend_reg_reg[63][0]
    SLICE_X32Y19         LUT5 (Prop_lut5_I3_O)        0.124    15.747 f  rv64im72f_6sp/id_ex_register/trap_status[0]_i_11/O
                         net (fo=1, routed)           0.310    16.057    rv64im72f_6sp/id_ex_register/trap_status[0]_i_11_n_0
    SLICE_X34Y18         LUT4 (Prop_lut4_I0_O)        0.124    16.181 f  rv64im72f_6sp/id_ex_register/trap_status[0]_i_8/O
                         net (fo=2, routed)           0.433    16.614    rv64im72f_6sp/id_ex_register/trap_status[0]_i_8_n_0
    SLICE_X34Y17         LUT6 (Prop_lut6_I0_O)        0.124    16.738 f  rv64im72f_6sp/id_ex_register/trap_status[2]_i_7/O
                         net (fo=2, routed)           0.452    17.189    rv64im72f_6sp/id_ex_register/trap_status[2]_i_7_n_0
    SLICE_X36Y17         LUT5 (Prop_lut5_I4_O)        0.124    17.313 r  rv64im72f_6sp/id_ex_register/trapped_i_9/O
                         net (fo=2, routed)           0.177    17.490    rv64im72f_6sp/id_ex_register/trapped_i_9_n_0
    SLICE_X36Y17         LUT5 (Prop_lut5_I4_O)        0.124    17.614 r  rv64im72f_6sp/id_ex_register/trapped_i_4/O
                         net (fo=5, routed)           0.347    17.961    rv64im72f_6sp/id_ex_register/EX_opcode_reg[0]_0
    SLICE_X39Y17         LUT6 (Prop_lut6_I5_O)        0.124    18.085 r  rv64im72f_6sp/id_ex_register/trap_status[2]_i_2/O
                         net (fo=1, routed)           0.151    18.236    rv64im72f_6sp/ex_mem_register/trap_status_reg[2]
    SLICE_X39Y17         LUT4 (Prop_lut4_I0_O)        0.124    18.360 r  rv64im72f_6sp/ex_mem_register/trap_status[2]_i_1/O
                         net (fo=1, routed)           0.000    18.360    rv64im72f_6sp/exception_detector/trap_status_reg[2]_3[2]
    SLICE_X39Y17         FDCE                                         r  rv64im72f_6sp/exception_detector/trap_status_reg[2]/D
  -------------------------------------------------------------------    -------------------

                         (clock clk_out1_clk_wiz_0 rise edge)
                                                     21.277    21.277 r  
    R4                                                0.000    21.277 r  clk (IN)
                         net (fo=0)                   0.000    21.277    clk_gen/inst/clk_in1
    R4                   IBUF (Prop_ibuf_I_O)         1.405    22.681 r  clk_gen/inst/clkin1_ibufg/O
                         net (fo=1, routed)           1.181    23.862    clk_gen/inst/clk_in1_clk_wiz_0
    PLLE2_ADV_X1Y2       PLLE2_ADV (Prop_plle2_adv_CLKIN1_CLKOUT0)
                                                     -8.206    15.657 r  clk_gen/inst/plle2_adv_inst/CLKOUT0
                         net (fo=1, routed)           1.718    17.375    clk_gen/inst/clk_out1_clk_wiz_0
    BUFGCTRL_X0Y0        BUFG (Prop_bufg_I_O)         0.091    17.466 r  clk_gen/inst/clkout1_buf/O
                         net (fo=13112, routed)       1.970    19.435    rv64im72f_6sp/exception_detector/clk_out1
    SLICE_X39Y17         FDCE                                         r  rv64im72f_6sp/exception_detector/trap_status_reg[2]/C
                         clock pessimism             -0.499    18.936    
                         clock uncertainty           -0.150    18.786    
    SLICE_X39Y17         FDCE (Setup_fdce_C_D)        0.031    18.817    rv64im72f_6sp/exception_detector/trap_status_reg[2]
  -------------------------------------------------------------------
                         required time                         18.817    
                         arrival time                         -18.360    
  -------------------------------------------------------------------
                         slack                                  0.457    

Slack (MET) :             0.529ns  (required time - arrival time)
  Source:                 rv64im72f_6sp/ex_mem_register/MEM_alu_result_reg[5]_replica_8/C
                            (rising edge-triggered cell FDRE clocked by clk_out1_clk_wiz_0  {rise@0.000ns fall@10.638ns period=21.277ns})
  Destination:            rv64im72f_6sp/ex_ex2_register/EX2_alu_result_reg[6]_rep__12/D
                            (rising edge-triggered cell FDRE clocked by clk_out1_clk_wiz_0  {rise@0.000ns fall@10.638ns period=21.277ns})
  Path Group:             clk_out1_clk_wiz_0
  Path Type:              Setup (Max at Slow Process Corner)
  Requirement:            21.277ns  (clk_out1_clk_wiz_0 rise@21.277ns - clk_out1_clk_wiz_0 rise@0.000ns)
  Data Path Delay:        20.456ns  (logic 3.806ns (18.606%)  route 16.650ns (81.394%))
  Logic Levels:           18  (LUT3=1 LUT6=12 MUXF7=3 MUXF8=1 RAMS64E=1)
  Clock Path Skew:        -0.074ns (DCD - SCD + CPR)
    Destination Clock Delay (DCD):    -2.133ns = ( 19.144 - 21.277 ) 
    Source Clock Delay      (SCD):    -2.486ns
    Clock Pessimism Removal (CPR):    -0.427ns
  Clock Uncertainty:      0.150ns  ((TSJ^2 + DJ^2)^1/2) / 2 + PE
    Total System Jitter     (TSJ):    0.071ns
    Discrete Jitter          (DJ):    0.292ns
    Phase Error              (PE):    0.000ns

    Location             Delay type                Incr(ns)  Path(ns)    Netlist Resource(s)
  -------------------------------------------------------------------    -------------------
                         (clock clk_out1_clk_wiz_0 rise edge)
                                                      0.000     0.000 r  
    R4                                                0.000     0.000 r  clk (IN)
                         net (fo=0)                   0.000     0.000    clk_gen/inst/clk_in1
    R4                   IBUF (Prop_ibuf_I_O)         1.475     1.475 r  clk_gen/inst/clkin1_ibufg/O
                         net (fo=1, routed)           1.253     2.728    clk_gen/inst/clk_in1_clk_wiz_0
    PLLE2_ADV_X1Y2       PLLE2_ADV (Prop_plle2_adv_CLKIN1_CLKOUT0)
                                                     -8.953    -6.225 r  clk_gen/inst/plle2_adv_inst/CLKOUT0
                         net (fo=1, routed)           1.802    -4.422    clk_gen/inst/clk_out1_clk_wiz_0
    BUFGCTRL_X0Y0        BUFG (Prop_bufg_I_O)         0.096    -4.326 r  clk_gen/inst/clkout1_buf/O
                         net (fo=13112, routed)       1.840    -2.486    rv64im72f_6sp/ex_mem_register/clk_out1
    SLICE_X55Y88         FDRE                                         r  rv64im72f_6sp/ex_mem_register/MEM_alu_result_reg[5]_replica_8/C
  -------------------------------------------------------------------    -------------------
    SLICE_X55Y88         FDRE (Prop_fdre_C_Q)         0.456    -2.030 r  rv64im72f_6sp/ex_mem_register/MEM_alu_result_reg[5]_replica_8/Q
                         net (fo=960, routed)         1.604    -0.425    rv64im72f_6sp/data_memory/memory_reg_2560_2815_38_38/A2
    SLICE_X56Y105        RAMS64E (Prop_rams64e_ADR2_O)
                                                      0.424    -0.001 r  rv64im72f_6sp/data_memory/memory_reg_2560_2815_38_38/RAMS64E_C/O
                         net (fo=1, routed)           0.000    -0.001    rv64im72f_6sp/data_memory/memory_reg_2560_2815_38_38/OC
    SLICE_X56Y105        MUXF7 (Prop_muxf7_I1_O)      0.247     0.246 r  rv64im72f_6sp/data_memory/memory_reg_2560_2815_38_38/F7.B/O
                         net (fo=1, routed)           0.000     0.246    rv64im72f_6sp/data_memory/memory_reg_2560_2815_38_38/O0
    SLICE_X56Y105        MUXF8 (Prop_muxf8_I0_O)      0.098     0.344 r  rv64im72f_6sp/data_memory/memory_reg_2560_2815_38_38/F8/O
                         net (fo=1, routed)           2.239     2.583    rv64im72f_6sp/data_memory/memory_reg_2560_2815_38_38_n_0
    SLICE_X65Y69         LUT6 (Prop_lut6_I1_O)        0.319     2.902 r  rv64im72f_6sp/data_memory/memory_reg_0_255_38_38_i_12/O
                         net (fo=1, routed)           0.000     2.902    rv64im72f_6sp/data_memory/memory_reg_0_255_38_38_i_12_n_0
    SLICE_X65Y69         MUXF7 (Prop_muxf7_I0_O)      0.212     3.114 r  rv64im72f_6sp/data_memory/memory_reg_0_255_38_38_i_6/O
                         net (fo=1, routed)           0.951     4.064    rv64im72f_6sp/data_memory/memory_reg_0_255_38_38_i_6_n_0
    SLICE_X63Y67         LUT6 (Prop_lut6_I3_O)        0.299     4.363 r  rv64im72f_6sp/data_memory/memory_reg_0_255_38_38_i_3/O
                         net (fo=3, routed)           0.918     5.281    rv64im72f_6sp/ex_mem_register/read_data0[38]
    SLICE_X57Y58         LUT6 (Prop_lut6_I1_O)        0.124     5.405 r  rv64im72f_6sp/ex_mem_register/dividend_reg[6]_i_30/O
                         net (fo=1, routed)           0.937     6.343    rv64im72f_6sp/ex_mem_register/dividend_reg[6]_i_30_n_0
    SLICE_X54Y54         LUT6 (Prop_lut6_I0_O)        0.124     6.467 r  rv64im72f_6sp/ex_mem_register/dividend_reg[6]_i_23/O
                         net (fo=1, routed)           0.602     7.069    rv64im72f_6sp/ex_mem_register/dividend_reg[6]_i_23_n_0
    SLICE_X55Y59         LUT6 (Prop_lut6_I3_O)        0.124     7.193 r  rv64im72f_6sp/ex_mem_register/dividend_reg[6]_i_14/O
                         net (fo=1, routed)           0.000     7.193    rv64im72f_6sp/ex_mem_register/dividend_reg[6]_i_14_n_0
    SLICE_X55Y59         MUXF7 (Prop_muxf7_I0_O)      0.212     7.405 r  rv64im72f_6sp/ex_mem_register/dividend_reg_reg[6]_i_10/O
                         net (fo=3, routed)           0.928     8.333    rv64im72f_6sp/id_ex_register/MEM_forward_data_value[6]
    SLICE_X43Y50         LUT6 (Prop_lut6_I0_O)        0.299     8.632 r  rv64im72f_6sp/id_ex_register/dividend_reg[6]_i_4/O
                         net (fo=1, routed)           0.787     9.419    rv64im72f_6sp/id_ex_register/dividend_reg[6]_i_4_n_0
    SLICE_X39Y40         LUT6 (Prop_lut6_I3_O)        0.124     9.543 r  rv64im72f_6sp/id_ex_register/dividend_reg[6]_i_1/O
                         net (fo=39, routed)          1.209    10.752    rv64im72f_6sp/id_ex_register/src_A[6]
    SLICE_X39Y31         LUT6 (Prop_lut6_I0_O)        0.124    10.876 r  rv64im72f_6sp/id_ex_register/EX2_alu_result[6]_i_16/O
                         net (fo=7, routed)           1.207    12.083    rv64im72f_6sp/id_ex_register/EX2_alu_result[6]_i_16_n_0
    SLICE_X43Y23         LUT6 (Prop_lut6_I5_O)        0.124    12.207 r  rv64im72f_6sp/id_ex_register/EX2_alu_result[6]_i_15/O
                         net (fo=2, routed)           0.745    12.952    rv64im72f_6sp/id_ex_register/EX2_alu_result[6]_i_15_n_0
    SLICE_X41Y23         LUT6 (Prop_lut6_I4_O)        0.124    13.076 r  rv64im72f_6sp/id_ex_register/EX2_alu_result[6]_i_11/O
                         net (fo=1, routed)           0.806    13.883    rv64im72f_6sp/id_ex_register/EX2_alu_result[6]_i_11_n_0
    SLICE_X41Y24         LUT6 (Prop_lut6_I3_O)        0.124    14.007 r  rv64im72f_6sp/id_ex_register/EX2_alu_result[6]_i_6/O
                         net (fo=2, routed)           0.632    14.639    rv64im72f_6sp/id_ex_register/alu/alu_word_result[6]
    SLICE_X45Y28         LUT3 (Prop_lut3_I0_O)        0.124    14.763 r  rv64im72f_6sp/id_ex_register/EX2_alu_result[6]_i_2/O
                         net (fo=1, routed)           0.500    15.263    rv64im72f_6sp/id_ex_register/EX2_alu_result[6]_i_2_n_0
    SLICE_X47Y33         LUT6 (Prop_lut6_I0_O)        0.124    15.387 r  rv64im72f_6sp/id_ex_register/EX2_alu_result[6]_i_1/O
                         net (fo=65, routed)          2.583    17.970    rv64im72f_6sp/ex_ex2_register/EX2_alu_result_reg[63]_1[6]
    SLICE_X78Y79         FDRE                                         r  rv64im72f_6sp/ex_ex2_register/EX2_alu_result_reg[6]_rep__12/D
  -------------------------------------------------------------------    -------------------

                         (clock clk_out1_clk_wiz_0 rise edge)
                                                     21.277    21.277 r  
    R4                                                0.000    21.277 r  clk (IN)
                         net (fo=0)                   0.000    21.277    clk_gen/inst/clk_in1
    R4                   IBUF (Prop_ibuf_I_O)         1.405    22.681 r  clk_gen/inst/clkin1_ibufg/O
                         net (fo=1, routed)           1.181    23.862    clk_gen/inst/clk_in1_clk_wiz_0
    PLLE2_ADV_X1Y2       PLLE2_ADV (Prop_plle2_adv_CLKIN1_CLKOUT0)
                                                     -8.206    15.657 r  clk_gen/inst/plle2_adv_inst/CLKOUT0
                         net (fo=1, routed)           1.718    17.375    clk_gen/inst/clk_out1_clk_wiz_0
    BUFGCTRL_X0Y0        BUFG (Prop_bufg_I_O)         0.091    17.466 r  clk_gen/inst/clkout1_buf/O
                         net (fo=13112, routed)       1.678    19.144    rv64im72f_6sp/ex_ex2_register/clk_out1
    SLICE_X78Y79         FDRE                                         r  rv64im72f_6sp/ex_ex2_register/EX2_alu_result_reg[6]_rep__12/C
                         clock pessimism             -0.427    18.717    
                         clock uncertainty           -0.150    18.567    
    SLICE_X78Y79         FDRE (Setup_fdre_C_D)       -0.067    18.500    rv64im72f_6sp/ex_ex2_register/EX2_alu_result_reg[6]_rep__12
  -------------------------------------------------------------------
                         required time                         18.500    
                         arrival time                         -17.970    
  -------------------------------------------------------------------
                         slack                                  0.529    

Slack (MET) :             0.530ns  (required time - arrival time)
  Source:                 rv64im72f_6sp/ex_mem_register/MEM_alu_result_reg[5]_replica_8/C
                            (rising edge-triggered cell FDRE clocked by clk_out1_clk_wiz_0  {rise@0.000ns fall@10.638ns period=21.277ns})
  Destination:            rv64im72f_6sp/exception_detector/trapped_reg/D
                            (rising edge-triggered cell FDCE clocked by clk_out1_clk_wiz_0  {rise@0.000ns fall@10.638ns period=21.277ns})
  Path Group:             clk_out1_clk_wiz_0
  Path Type:              Setup (Max at Slow Process Corner)
  Requirement:            21.277ns  (clk_out1_clk_wiz_0 rise@21.277ns - clk_out1_clk_wiz_0 rise@0.000ns)
  Data Path Delay:        20.815ns  (logic 5.618ns (26.990%)  route 15.197ns (73.010%))
  Logic Levels:           31  (CARRY4=8 LUT3=2 LUT4=2 LUT5=3 LUT6=11 MUXF7=3 MUXF8=1 RAMS64E=1)
  Clock Path Skew:        0.144ns (DCD - SCD + CPR)
    Destination Clock Delay (DCD):    -1.843ns = ( 19.433 - 21.277 ) 
    Source Clock Delay      (SCD):    -2.486ns
    Clock Pessimism Removal (CPR):    -0.499ns
  Clock Uncertainty:      0.150ns  ((TSJ^2 + DJ^2)^1/2) / 2 + PE
    Total System Jitter     (TSJ):    0.071ns
    Discrete Jitter          (DJ):    0.292ns
    Phase Error              (PE):    0.000ns

    Location             Delay type                Incr(ns)  Path(ns)    Netlist Resource(s)
  -------------------------------------------------------------------    -------------------
                         (clock clk_out1_clk_wiz_0 rise edge)
                                                      0.000     0.000 r  
    R4                                                0.000     0.000 r  clk (IN)
                         net (fo=0)                   0.000     0.000    clk_gen/inst/clk_in1
    R4                   IBUF (Prop_ibuf_I_O)         1.475     1.475 r  clk_gen/inst/clkin1_ibufg/O
                         net (fo=1, routed)           1.253     2.728    clk_gen/inst/clk_in1_clk_wiz_0
    PLLE2_ADV_X1Y2       PLLE2_ADV (Prop_plle2_adv_CLKIN1_CLKOUT0)
                                                     -8.953    -6.225 r  clk_gen/inst/plle2_adv_inst/CLKOUT0
                         net (fo=1, routed)           1.802    -4.422    clk_gen/inst/clk_out1_clk_wiz_0
    BUFGCTRL_X0Y0        BUFG (Prop_bufg_I_O)         0.096    -4.326 r  clk_gen/inst/clkout1_buf/O
                         net (fo=13112, routed)       1.840    -2.486    rv64im72f_6sp/ex_mem_register/clk_out1
    SLICE_X55Y88         FDRE                                         r  rv64im72f_6sp/ex_mem_register/MEM_alu_result_reg[5]_replica_8/C
  -------------------------------------------------------------------    -------------------
    SLICE_X55Y88         FDRE (Prop_fdre_C_Q)         0.456    -2.030 r  rv64im72f_6sp/ex_mem_register/MEM_alu_result_reg[5]_replica_8/Q
                         net (fo=960, routed)         1.604    -0.425    rv64im72f_6sp/data_memory/memory_reg_2560_2815_38_38/A2
    SLICE_X56Y105        RAMS64E (Prop_rams64e_ADR2_O)
                                                      0.424    -0.001 r  rv64im72f_6sp/data_memory/memory_reg_2560_2815_38_38/RAMS64E_C/O
                         net (fo=1, routed)           0.000    -0.001    rv64im72f_6sp/data_memory/memory_reg_2560_2815_38_38/OC
    SLICE_X56Y105        MUXF7 (Prop_muxf7_I1_O)      0.247     0.246 r  rv64im72f_6sp/data_memory/memory_reg_2560_2815_38_38/F7.B/O
                         net (fo=1, routed)           0.000     0.246    rv64im72f_6sp/data_memory/memory_reg_2560_2815_38_38/O0
    SLICE_X56Y105        MUXF8 (Prop_muxf8_I0_O)      0.098     0.344 r  rv64im72f_6sp/data_memory/memory_reg_2560_2815_38_38/F8/O
                         net (fo=1, routed)           2.239     2.583    rv64im72f_6sp/data_memory/memory_reg_2560_2815_38_38_n_0
    SLICE_X65Y69         LUT6 (Prop_lut6_I1_O)        0.319     2.902 r  rv64im72f_6sp/data_memory/memory_reg_0_255_38_38_i_12/O
                         net (fo=1, routed)           0.000     2.902    rv64im72f_6sp/data_memory/memory_reg_0_255_38_38_i_12_n_0
    SLICE_X65Y69         MUXF7 (Prop_muxf7_I0_O)      0.212     3.114 r  rv64im72f_6sp/data_memory/memory_reg_0_255_38_38_i_6/O
                         net (fo=1, routed)           0.951     4.064    rv64im72f_6sp/data_memory/memory_reg_0_255_38_38_i_6_n_0
    SLICE_X63Y67         LUT6 (Prop_lut6_I3_O)        0.299     4.363 r  rv64im72f_6sp/data_memory/memory_reg_0_255_38_38_i_3/O
                         net (fo=3, routed)           0.918     5.281    rv64im72f_6sp/ex_mem_register/read_data0[38]
    SLICE_X57Y58         LUT6 (Prop_lut6_I1_O)        0.124     5.405 r  rv64im72f_6sp/ex_mem_register/dividend_reg[6]_i_30/O
                         net (fo=1, routed)           0.937     6.343    rv64im72f_6sp/ex_mem_register/dividend_reg[6]_i_30_n_0
    SLICE_X54Y54         LUT6 (Prop_lut6_I0_O)        0.124     6.467 r  rv64im72f_6sp/ex_mem_register/dividend_reg[6]_i_23/O
                         net (fo=1, routed)           0.602     7.069    rv64im72f_6sp/ex_mem_register/dividend_reg[6]_i_23_n_0
    SLICE_X55Y59         LUT6 (Prop_lut6_I3_O)        0.124     7.193 r  rv64im72f_6sp/ex_mem_register/dividend_reg[6]_i_14/O
                         net (fo=1, routed)           0.000     7.193    rv64im72f_6sp/ex_mem_register/dividend_reg[6]_i_14_n_0
    SLICE_X55Y59         MUXF7 (Prop_muxf7_I0_O)      0.212     7.405 r  rv64im72f_6sp/ex_mem_register/dividend_reg_reg[6]_i_10/O
                         net (fo=3, routed)           1.211     8.616    rv64im72f_6sp/ex_mem_register/MEM_forward_data_value[6]
    SLICE_X41Y44         LUT6 (Prop_lut6_I0_O)        0.299     8.915 r  rv64im72f_6sp/ex_mem_register/divisor_latch[6]_i_2/O
                         net (fo=1, routed)           0.627     9.542    rv64im72f_6sp/id_ex_register/alu_forward_source_data_b[6]
    SLICE_X39Y39         LUT6 (Prop_lut6_I3_O)        0.124     9.666 r  rv64im72f_6sp/id_ex_register/divisor_latch[6]_i_1/O
                         net (fo=21, routed)          1.308    10.974    rv64im72f_6sp/alu/D[6]
    SLICE_X32Y26         LUT4 (Prop_lut4_I0_O)        0.124    11.098 r  rv64im72f_6sp/alu/i___12_rep/O
                         net (fo=1, routed)           0.000    11.098    rv64im72f_6sp/alu/i___12_rep_n_0
    SLICE_X32Y26         CARRY4 (Prop_carry4_S[3]_CO[3])
                                                      0.401    11.499 r  rv64im72f_6sp/alu/i___52_i_98/CO[3]
                         net (fo=1, routed)           0.000    11.499    rv64im72f_6sp/alu/i___52_i_98_n_0
    SLICE_X32Y27         CARRY4 (Prop_carry4_CI_CO[3])
                                                      0.114    11.613 r  rv64im72f_6sp/alu/i___52_i_88/CO[3]
                         net (fo=1, routed)           0.000    11.613    rv64im72f_6sp/alu/i___52_i_88_n_0
    SLICE_X32Y28         CARRY4 (Prop_carry4_CI_CO[3])
                                                      0.114    11.727 r  rv64im72f_6sp/alu/i___52_i_78/CO[3]
                         net (fo=1, routed)           0.000    11.727    rv64im72f_6sp/alu/i___52_i_78_n_0
    SLICE_X32Y29         CARRY4 (Prop_carry4_CI_CO[3])
                                                      0.114    11.841 r  rv64im72f_6sp/alu/i___52_i_68/CO[3]
                         net (fo=1, routed)           0.000    11.841    rv64im72f_6sp/alu/i___52_i_68_n_0
    SLICE_X32Y30         CARRY4 (Prop_carry4_CI_CO[3])
                                                      0.114    11.955 r  rv64im72f_6sp/alu/i___52_i_58/CO[3]
                         net (fo=1, routed)           0.000    11.955    rv64im72f_6sp/alu/i___52_i_58_n_0
    SLICE_X32Y31         CARRY4 (Prop_carry4_CI_CO[3])
                                                      0.114    12.069 r  rv64im72f_6sp/alu/i___52_i_48/CO[3]
                         net (fo=1, routed)           0.000    12.069    rv64im72f_6sp/alu/i___52_i_48_n_0
    SLICE_X32Y32         CARRY4 (Prop_carry4_CI_CO[3])
                                                      0.114    12.183 r  rv64im72f_6sp/alu/i___52_i_38/CO[3]
                         net (fo=1, routed)           0.000    12.183    rv64im72f_6sp/alu/i___52_i_38_n_0
    SLICE_X32Y33         CARRY4 (Prop_carry4_CI_CO[3])
                                                      0.114    12.297 r  rv64im72f_6sp/alu/i___52_i_25/CO[3]
                         net (fo=1, routed)           1.309    13.606    rv64im72f_6sp/id_ex_register/CO[0]
    SLICE_X30Y24         LUT6 (Prop_lut6_I1_O)        0.124    13.730 r  rv64im72f_6sp/id_ex_register/i___52_i_19/O
                         net (fo=1, routed)           0.287    14.017    rv64im72f_6sp/id_ex_register/i___52_i_19_n_0
    SLICE_X29Y24         LUT3 (Prop_lut3_I0_O)        0.124    14.141 r  rv64im72f_6sp/id_ex_register/i___52_i_11/O
                         net (fo=1, routed)           0.294    14.435    rv64im72f_6sp/id_ex_register/i___52_i_11_n_0
    SLICE_X30Y24         LUT6 (Prop_lut6_I2_O)        0.124    14.559 r  rv64im72f_6sp/id_ex_register/i___52_i_3/O
                         net (fo=2, routed)           0.557    15.117    rv64im72f_6sp/id_ex_register/i___62_i_6_0[0]
    SLICE_X31Y20         LUT6 (Prop_lut6_I4_O)        0.124    15.241 r  rv64im72f_6sp/id_ex_register/EX2_alu_result[0]_i_1/O
                         net (fo=6, routed)           0.383    15.623    rv64im72f_6sp/id_ex_register/dividend_reg_reg[63][0]
    SLICE_X32Y19         LUT5 (Prop_lut5_I3_O)        0.124    15.747 r  rv64im72f_6sp/id_ex_register/trap_status[0]_i_11/O
                         net (fo=1, routed)           0.310    16.057    rv64im72f_6sp/id_ex_register/trap_status[0]_i_11_n_0
    SLICE_X34Y18         LUT4 (Prop_lut4_I0_O)        0.124    16.181 r  rv64im72f_6sp/id_ex_register/trap_status[0]_i_8/O
                         net (fo=2, routed)           0.433    16.614    rv64im72f_6sp/id_ex_register/trap_status[0]_i_8_n_0
    SLICE_X34Y17         LUT6 (Prop_lut6_I0_O)        0.124    16.738 r  rv64im72f_6sp/id_ex_register/trap_status[2]_i_7/O
                         net (fo=2, routed)           0.452    17.189    rv64im72f_6sp/id_ex_register/trap_status[2]_i_7_n_0
    SLICE_X36Y17         LUT5 (Prop_lut5_I4_O)        0.124    17.313 f  rv64im72f_6sp/id_ex_register/trapped_i_9/O
                         net (fo=2, routed)           0.177    17.490    rv64im72f_6sp/id_ex_register/trapped_i_9_n_0
    SLICE_X36Y17         LUT5 (Prop_lut5_I4_O)        0.124    17.614 f  rv64im72f_6sp/id_ex_register/trapped_i_4/O
                         net (fo=5, routed)           0.598    18.212    rv64im72f_6sp/io_id_register/trapped_reg
    SLICE_X39Y18         LUT3 (Prop_lut3_I2_O)        0.117    18.329 r  rv64im72f_6sp/io_id_register/trapped_i_1/O
                         net (fo=1, routed)           0.000    18.329    rv64im72f_6sp/exception_detector/trapped_combinatorial
    SLICE_X39Y18         FDCE                                         r  rv64im72f_6sp/exception_detector/trapped_reg/D
  -------------------------------------------------------------------    -------------------

                         (clock clk_out1_clk_wiz_0 rise edge)
                                                     21.277    21.277 r  
    R4                                                0.000    21.277 r  clk (IN)
                         net (fo=0)                   0.000    21.277    clk_gen/inst/clk_in1
    R4                   IBUF (Prop_ibuf_I_O)         1.405    22.681 r  clk_gen/inst/clkin1_ibufg/O
                         net (fo=1, routed)           1.181    23.862    clk_gen/inst/clk_in1_clk_wiz_0
    PLLE2_ADV_X1Y2       PLLE2_ADV (Prop_plle2_adv_CLKIN1_CLKOUT0)
                                                     -8.206    15.657 r  clk_gen/inst/plle2_adv_inst/CLKOUT0
                         net (fo=1, routed)           1.718    17.375    clk_gen/inst/clk_out1_clk_wiz_0
    BUFGCTRL_X0Y0        BUFG (Prop_bufg_I_O)         0.091    17.466 r  clk_gen/inst/clkout1_buf/O
                         net (fo=13112, routed)       1.968    19.433    rv64im72f_6sp/exception_detector/clk_out1
    SLICE_X39Y18         FDCE                                         r  rv64im72f_6sp/exception_detector/trapped_reg/C
                         clock pessimism             -0.499    18.934    
                         clock uncertainty           -0.150    18.784    
    SLICE_X39Y18         FDCE (Setup_fdce_C_D)        0.075    18.859    rv64im72f_6sp/exception_detector/trapped_reg
  -------------------------------------------------------------------
                         required time                         18.859    
                         arrival time                         -18.329    
  -------------------------------------------------------------------
                         slack                                  0.530    

Slack (MET) :             0.539ns  (required time - arrival time)
  Source:                 rv64im72f_6sp/ex_mem_register/MEM_alu_result_reg[3]_replica_4/C
                            (rising edge-triggered cell FDRE clocked by clk_out1_clk_wiz_0  {rise@0.000ns fall@10.638ns period=21.277ns})
  Destination:            rv64im72f_6sp/ex_ex2_register/EX2_alu_zero_reg/D
                            (rising edge-triggered cell FDRE clocked by clk_out1_clk_wiz_0  {rise@0.000ns fall@10.638ns period=21.277ns})
  Path Group:             clk_out1_clk_wiz_0
  Path Type:              Setup (Max at Slow Process Corner)
  Requirement:            21.277ns  (clk_out1_clk_wiz_0 rise@21.277ns - clk_out1_clk_wiz_0 rise@0.000ns)
  Data Path Delay:        20.678ns  (logic 5.676ns (27.447%)  route 15.003ns (72.553%))
  Logic Levels:           28  (CARRY4=6 LUT3=2 LUT4=1 LUT5=3 LUT6=10 MUXF7=3 MUXF8=2 RAMS64E=1)
  Clock Path Skew:        0.062ns (DCD - SCD + CPR)
    Destination Clock Delay (DCD):    -1.828ns = ( 19.448 - 21.277 ) 
    Source Clock Delay      (SCD):    -2.389ns
    Clock Pessimism Removal (CPR):    -0.499ns
  Clock Uncertainty:      0.150ns  ((TSJ^2 + DJ^2)^1/2) / 2 + PE
    Total System Jitter     (TSJ):    0.071ns
    Discrete Jitter          (DJ):    0.292ns
    Phase Error              (PE):    0.000ns

    Location             Delay type                Incr(ns)  Path(ns)    Netlist Resource(s)
  -------------------------------------------------------------------    -------------------
                         (clock clk_out1_clk_wiz_0 rise edge)
                                                      0.000     0.000 r  
    R4                                                0.000     0.000 r  clk (IN)
                         net (fo=0)                   0.000     0.000    clk_gen/inst/clk_in1
    R4                   IBUF (Prop_ibuf_I_O)         1.475     1.475 r  clk_gen/inst/clkin1_ibufg/O
                         net (fo=1, routed)           1.253     2.728    clk_gen/inst/clk_in1_clk_wiz_0
    PLLE2_ADV_X1Y2       PLLE2_ADV (Prop_plle2_adv_CLKIN1_CLKOUT0)
                                                     -8.953    -6.225 r  clk_gen/inst/plle2_adv_inst/CLKOUT0
                         net (fo=1, routed)           1.802    -4.422    clk_gen/inst/clk_out1_clk_wiz_0
    BUFGCTRL_X0Y0        BUFG (Prop_bufg_I_O)         0.096    -4.326 r  clk_gen/inst/clkout1_buf/O
                         net (fo=13112, routed)       1.937    -2.389    rv64im72f_6sp/ex_mem_register/clk_out1
    SLICE_X12Y66         FDRE                                         r  rv64im72f_6sp/ex_mem_register/MEM_alu_result_reg[3]_replica_4/C
  -------------------------------------------------------------------    -------------------
    SLICE_X12Y66         FDRE (Prop_fdre_C_Q)         0.518    -1.871 r  rv64im72f_6sp/ex_mem_register/MEM_alu_result_reg[3]_replica_4/Q
                         net (fo=921, routed)         2.247     0.376    rv64im72f_6sp/data_memory/memory_reg_4608_4863_63_63/A0
    SLICE_X16Y34         RAMS64E (Prop_rams64e_ADR0_O)
                                                      0.363     0.739 f  rv64im72f_6sp/data_memory/memory_reg_4608_4863_63_63/RAMS64E_C/O
                         net (fo=1, routed)           0.000     0.739    rv64im72f_6sp/data_memory/memory_reg_4608_4863_63_63/OC
    SLICE_X16Y34         MUXF7 (Prop_muxf7_I1_O)      0.247     0.986 f  rv64im72f_6sp/data_memory/memory_reg_4608_4863_63_63/F7.B/O
                         net (fo=1, routed)           0.000     0.986    rv64im72f_6sp/data_memory/memory_reg_4608_4863_63_63/O0
    SLICE_X16Y34         MUXF8 (Prop_muxf8_I0_O)      0.098     1.084 f  rv64im72f_6sp/data_memory/memory_reg_4608_4863_63_63/F8/O
                         net (fo=1, routed)           1.378     2.462    rv64im72f_6sp/data_memory/memory_reg_4608_4863_63_63_n_0
    SLICE_X8Y43          LUT6 (Prop_lut6_I1_O)        0.319     2.781 f  rv64im72f_6sp/data_memory/memory_reg_0_255_63_63_i_10/O
                         net (fo=1, routed)           0.000     2.781    rv64im72f_6sp/data_memory/memory_reg_0_255_63_63_i_10_n_0
    SLICE_X8Y43          MUXF7 (Prop_muxf7_I0_O)      0.241     3.022 f  rv64im72f_6sp/data_memory/memory_reg_0_255_63_63_i_5/O
                         net (fo=2, routed)           0.000     3.022    rv64im72f_6sp/data_memory/memory_reg_0_255_63_63_i_5_n_0
    SLICE_X8Y43          MUXF8 (Prop_muxf8_I0_O)      0.098     3.120 f  rv64im72f_6sp/data_memory/WB_byte_enable_logic_register_file_write_data_reg[63]_i_16/O
                         net (fo=1, routed)           0.850     3.970    rv64im72f_6sp/ex_mem_register/WB_byte_enable_logic_register_file_write_data[63]_i_6_7
    SLICE_X13Y55         LUT6 (Prop_lut6_I4_O)        0.319     4.289 f  rv64im72f_6sp/ex_mem_register/WB_byte_enable_logic_register_file_write_data[63]_i_8/O
                         net (fo=2, routed)           0.909     5.198    rv64im72f_6sp/ex_mem_register/data_memory_read_data_muxed[63]
    SLICE_X23Y59         LUT6 (Prop_lut6_I0_O)        0.124     5.322 f  rv64im72f_6sp/ex_mem_register/WB_byte_enable_logic_register_file_write_data[63]_i_6/O
                         net (fo=6, routed)           0.685     6.007    rv64im72f_6sp/ex_mem_register/WB_byte_enable_logic_register_file_write_data[63]_i_6_n_0
    SLICE_X24Y58         LUT5 (Prop_lut5_I4_O)        0.124     6.131 r  rv64im72f_6sp/ex_mem_register/WB_byte_enable_logic_register_file_write_data[63]_i_2/O
                         net (fo=82, routed)          1.207     7.338    rv64im72f_6sp/ex_mem_register/WB_byte_enable_logic_register_file_write_data[63]_i_2_n_0
    SLICE_X21Y58         LUT6 (Prop_lut6_I2_O)        0.124     7.462 f  rv64im72f_6sp/ex_mem_register/dividend_reg[63]_i_9/O
                         net (fo=1, routed)           0.000     7.462    rv64im72f_6sp/ex_mem_register/dividend_reg[63]_i_9_n_0
    SLICE_X21Y58         MUXF7 (Prop_muxf7_I0_O)      0.212     7.674 f  rv64im72f_6sp/ex_mem_register/dividend_reg_reg[63]_i_6/O
                         net (fo=3, routed)           0.474     8.149    rv64im72f_6sp/id_ex_register/MEM_forward_data_value[63]
    SLICE_X21Y57         LUT6 (Prop_lut6_I0_O)        0.299     8.448 f  rv64im72f_6sp/id_ex_register/dividend_reg[63]_i_3/O
                         net (fo=2, routed)           1.069     9.517    rv64im72f_6sp/id_ex_register/dividend_reg[63]_i_3_n_0
    SLICE_X24Y41         LUT6 (Prop_lut6_I3_O)        0.124     9.641 f  rv64im72f_6sp/id_ex_register/dividend_reg[63]_i_1/O
                         net (fo=85, routed)          0.931    10.572    rv64im72f_6sp/id_ex_register/src_A[63]
    SLICE_X29Y36         LUT6 (Prop_lut6_I0_O)        0.124    10.696 f  rv64im72f_6sp/id_ex_register/i___47_i_43/O
                         net (fo=5, routed)           0.311    11.006    rv64im72f_6sp/id_ex_register/i___47_i_43_n_0
    SLICE_X29Y36         LUT3 (Prop_lut3_I0_O)        0.124    11.130 f  rv64im72f_6sp/id_ex_register/i___50_i_30/O
                         net (fo=4, routed)           0.587    11.718    rv64im72f_6sp/id_ex_register/i___50_i_30_n_0
    SLICE_X31Y36         LUT5 (Prop_lut5_I0_O)        0.124    11.842 f  rv64im72f_6sp/id_ex_register/i___51_i_32/O
                         net (fo=4, routed)           0.669    12.511    rv64im72f_6sp/id_ex_register/i___51_i_32_n_0
    SLICE_X38Y35         LUT5 (Prop_lut5_I4_O)        0.124    12.635 f  rv64im72f_6sp/id_ex_register/i___51_i_21/O
                         net (fo=2, routed)           1.135    13.769    rv64im72f_6sp/id_ex_register/i___51_i_21_n_0
    SLICE_X26Y28         LUT6 (Prop_lut6_I0_O)        0.124    13.893 f  rv64im72f_6sp/id_ex_register/i___52_i_4/O
                         net (fo=1, routed)           1.037    14.930    rv64im72f_6sp/id_ex_register/i___52_i_4_n_0
    SLICE_X20Y24         LUT6 (Prop_lut6_I0_O)        0.124    15.054 f  rv64im72f_6sp/id_ex_register/i___52_i_1/O
                         net (fo=2, routed)           0.770    15.825    rv64im72f_6sp/alu/alu_dword_result[2]
    SLICE_X15Y26         LUT3 (Prop_lut3_I0_O)        0.124    15.949 r  rv64im72f_6sp/alu/i___52/O
                         net (fo=1, routed)           0.000    15.949    rv64im72f_6sp/alu/i___52_n_0
    SLICE_X15Y26         CARRY4 (Prop_carry4_S[0]_CO[3])
                                                      0.532    16.481 r  rv64im72f_6sp/alu/EX2_alu_zero_reg_i_184/CO[3]
                         net (fo=1, routed)           0.000    16.481    rv64im72f_6sp/alu/EX2_alu_zero_reg_i_184_n_0
    SLICE_X15Y27         CARRY4 (Prop_carry4_CI_CO[3])
                                                      0.114    16.595 r  rv64im72f_6sp/alu/EX2_alu_zero_reg_i_155/CO[3]
                         net (fo=1, routed)           0.000    16.595    rv64im72f_6sp/alu/EX2_alu_zero_reg_i_155_n_0
    SLICE_X15Y28         CARRY4 (Prop_carry4_CI_CO[3])
                                                      0.114    16.709 r  rv64im72f_6sp/alu/EX2_alu_zero_reg_i_126/CO[3]
                         net (fo=1, routed)           0.000    16.709    rv64im72f_6sp/alu/EX2_alu_zero_reg_i_126_n_0
    SLICE_X15Y29         CARRY4 (Prop_carry4_CI_CO[3])
                                                      0.114    16.823 r  rv64im72f_6sp/alu/EX2_alu_zero_reg_i_82/CO[3]
                         net (fo=1, routed)           0.000    16.823    rv64im72f_6sp/alu/EX2_alu_zero_reg_i_82_n_0
    SLICE_X15Y30         CARRY4 (Prop_carry4_CI_CO[3])
                                                      0.114    16.937 r  rv64im72f_6sp/alu/EX2_alu_zero_reg_i_33/CO[3]
                         net (fo=1, routed)           0.000    16.937    rv64im72f_6sp/alu/EX2_alu_zero_reg_i_33_n_0
    SLICE_X15Y31         CARRY4 (Prop_carry4_CI_CO[1])
                                                      0.157    17.094 r  rv64im72f_6sp/alu/EX2_alu_zero_reg_i_10/CO[1]
                         net (fo=1, routed)           0.448    17.542    rv64im72f_6sp/id_ex_register/EX2_alu_zero_reg_3[0]
    SLICE_X16Y30         LUT4 (Prop_lut4_I0_O)        0.329    17.871 r  rv64im72f_6sp/id_ex_register/EX2_alu_zero_i_3/O
                         net (fo=1, routed)           0.295    18.166    rv64im72f_6sp/id_ex_register/EX2_alu_zero_i_3_n_0
    SLICE_X17Y29         LUT6 (Prop_lut6_I1_O)        0.124    18.290 r  rv64im72f_6sp/id_ex_register/EX2_alu_zero_i_1/O
                         net (fo=1, routed)           0.000    18.290    rv64im72f_6sp/ex_ex2_register/alu_zero
    SLICE_X17Y29         FDRE                                         r  rv64im72f_6sp/ex_ex2_register/EX2_alu_zero_reg/D
  -------------------------------------------------------------------    -------------------

                         (clock clk_out1_clk_wiz_0 rise edge)
                                                     21.277    21.277 r  
    R4                                                0.000    21.277 r  clk (IN)
                         net (fo=0)                   0.000    21.277    clk_gen/inst/clk_in1
    R4                   IBUF (Prop_ibuf_I_O)         1.405    22.681 r  clk_gen/inst/clkin1_ibufg/O
                         net (fo=1, routed)           1.181    23.862    clk_gen/inst/clk_in1_clk_wiz_0
    PLLE2_ADV_X1Y2       PLLE2_ADV (Prop_plle2_adv_CLKIN1_CLKOUT0)
                                                     -8.206    15.657 r  clk_gen/inst/plle2_adv_inst/CLKOUT0
                         net (fo=1, routed)           1.718    17.375    clk_gen/inst/clk_out1_clk_wiz_0
    BUFGCTRL_X0Y0        BUFG (Prop_bufg_I_O)         0.091    17.466 r  clk_gen/inst/clkout1_buf/O
                         net (fo=13112, routed)       1.983    19.448    rv64im72f_6sp/ex_ex2_register/clk_out1
    SLICE_X17Y29         FDRE                                         r  rv64im72f_6sp/ex_ex2_register/EX2_alu_zero_reg/C
                         clock pessimism             -0.499    18.949    
                         clock uncertainty           -0.150    18.799    
    SLICE_X17Y29         FDRE (Setup_fdre_C_D)        0.029    18.828    rv64im72f_6sp/ex_ex2_register/EX2_alu_zero_reg
  -------------------------------------------------------------------
                         required time                         18.828    
                         arrival time                         -18.290    
  -------------------------------------------------------------------
                         slack                                  0.539    

Slack (MET) :             0.539ns  (required time - arrival time)
  Source:                 rv64im72f_6sp/ex_mem_register/MEM_alu_result_reg[5]_replica_8/C
                            (rising edge-triggered cell FDRE clocked by clk_out1_clk_wiz_0  {rise@0.000ns fall@10.638ns period=21.277ns})
  Destination:            rv64im72f_6sp/ex_ex2_register/EX2_alu_result_reg[6]_rep__27/D
                            (rising edge-triggered cell FDRE clocked by clk_out1_clk_wiz_0  {rise@0.000ns fall@10.638ns period=21.277ns})
  Path Group:             clk_out1_clk_wiz_0
  Path Type:              Setup (Max at Slow Process Corner)
  Requirement:            21.277ns  (clk_out1_clk_wiz_0 rise@21.277ns - clk_out1_clk_wiz_0 rise@0.000ns)
  Data Path Delay:        20.454ns  (logic 3.806ns (18.607%)  route 16.648ns (81.393%))
  Logic Levels:           18  (LUT3=1 LUT6=12 MUXF7=3 MUXF8=1 RAMS64E=1)
  Clock Path Skew:        -0.102ns (DCD - SCD + CPR)
    Destination Clock Delay (DCD):    -2.089ns = ( 19.188 - 21.277 ) 
    Source Clock Delay      (SCD):    -2.486ns
    Clock Pessimism Removal (CPR):    -0.499ns
  Clock Uncertainty:      0.150ns  ((TSJ^2 + DJ^2)^1/2) / 2 + PE
    Total System Jitter     (TSJ):    0.071ns
    Discrete Jitter          (DJ):    0.292ns
    Phase Error              (PE):    0.000ns

    Location             Delay type                Incr(ns)  Path(ns)    Netlist Resource(s)
  -------------------------------------------------------------------    -------------------
                         (clock clk_out1_clk_wiz_0 rise edge)
                                                      0.000     0.000 r  
    R4                                                0.000     0.000 r  clk (IN)
                         net (fo=0)                   0.000     0.000    clk_gen/inst/clk_in1
    R4                   IBUF (Prop_ibuf_I_O)         1.475     1.475 r  clk_gen/inst/clkin1_ibufg/O
                         net (fo=1, routed)           1.253     2.728    clk_gen/inst/clk_in1_clk_wiz_0
    PLLE2_ADV_X1Y2       PLLE2_ADV (Prop_plle2_adv_CLKIN1_CLKOUT0)
                                                     -8.953    -6.225 r  clk_gen/inst/plle2_adv_inst/CLKOUT0
                         net (fo=1, routed)           1.802    -4.422    clk_gen/inst/clk_out1_clk_wiz_0
    BUFGCTRL_X0Y0        BUFG (Prop_bufg_I_O)         0.096    -4.326 r  clk_gen/inst/clkout1_buf/O
                         net (fo=13112, routed)       1.840    -2.486    rv64im72f_6sp/ex_mem_register/clk_out1
    SLICE_X55Y88         FDRE                                         r  rv64im72f_6sp/ex_mem_register/MEM_alu_result_reg[5]_replica_8/C
  -------------------------------------------------------------------    -------------------
    SLICE_X55Y88         FDRE (Prop_fdre_C_Q)         0.456    -2.030 r  rv64im72f_6sp/ex_mem_register/MEM_alu_result_reg[5]_replica_8/Q
                         net (fo=960, routed)         1.604    -0.425    rv64im72f_6sp/data_memory/memory_reg_2560_2815_38_38/A2
    SLICE_X56Y105        RAMS64E (Prop_rams64e_ADR2_O)
                                                      0.424    -0.001 r  rv64im72f_6sp/data_memory/memory_reg_2560_2815_38_38/RAMS64E_C/O
                         net (fo=1, routed)           0.000    -0.001    rv64im72f_6sp/data_memory/memory_reg_2560_2815_38_38/OC
    SLICE_X56Y105        MUXF7 (Prop_muxf7_I1_O)      0.247     0.246 r  rv64im72f_6sp/data_memory/memory_reg_2560_2815_38_38/F7.B/O
                         net (fo=1, routed)           0.000     0.246    rv64im72f_6sp/data_memory/memory_reg_2560_2815_38_38/O0
    SLICE_X56Y105        MUXF8 (Prop_muxf8_I0_O)      0.098     0.344 r  rv64im72f_6sp/data_memory/memory_reg_2560_2815_38_38/F8/O
                         net (fo=1, routed)           2.239     2.583    rv64im72f_6sp/data_memory/memory_reg_2560_2815_38_38_n_0
    SLICE_X65Y69         LUT6 (Prop_lut6_I1_O)        0.319     2.902 r  rv64im72f_6sp/data_memory/memory_reg_0_255_38_38_i_12/O
                         net (fo=1, routed)           0.000     2.902    rv64im72f_6sp/data_memory/memory_reg_0_255_38_38_i_12_n_0
    SLICE_X65Y69         MUXF7 (Prop_muxf7_I0_O)      0.212     3.114 r  rv64im72f_6sp/data_memory/memory_reg_0_255_38_38_i_6/O
                         net (fo=1, routed)           0.951     4.064    rv64im72f_6sp/data_memory/memory_reg_0_255_38_38_i_6_n_0
    SLICE_X63Y67         LUT6 (Prop_lut6_I3_O)        0.299     4.363 r  rv64im72f_6sp/data_memory/memory_reg_0_255_38_38_i_3/O
                         net (fo=3, routed)           0.918     5.281    rv64im72f_6sp/ex_mem_register/read_data0[38]
    SLICE_X57Y58         LUT6 (Prop_lut6_I1_O)        0.124     5.405 r  rv64im72f_6sp/ex_mem_register/dividend_reg[6]_i_30/O
                         net (fo=1, routed)           0.937     6.343    rv64im72f_6sp/ex_mem_register/dividend_reg[6]_i_30_n_0
    SLICE_X54Y54         LUT6 (Prop_lut6_I0_O)        0.124     6.467 r  rv64im72f_6sp/ex_mem_register/dividend_reg[6]_i_23/O
                         net (fo=1, routed)           0.602     7.069    rv64im72f_6sp/ex_mem_register/dividend_reg[6]_i_23_n_0
    SLICE_X55Y59         LUT6 (Prop_lut6_I3_O)        0.124     7.193 r  rv64im72f_6sp/ex_mem_register/dividend_reg[6]_i_14/O
                         net (fo=1, routed)           0.000     7.193    rv64im72f_6sp/ex_mem_register/dividend_reg[6]_i_14_n_0
    SLICE_X55Y59         MUXF7 (Prop_muxf7_I0_O)      0.212     7.405 r  rv64im72f_6sp/ex_mem_register/dividend_reg_reg[6]_i_10/O
                         net (fo=3, routed)           0.928     8.333    rv64im72f_6sp/id_ex_register/MEM_forward_data_value[6]
    SLICE_X43Y50         LUT6 (Prop_lut6_I0_O)        0.299     8.632 r  rv64im72f_6sp/id_ex_register/dividend_reg[6]_i_4/O
                         net (fo=1, routed)           0.787     9.419    rv64im72f_6sp/id_ex_register/dividend_reg[6]_i_4_n_0
    SLICE_X39Y40         LUT6 (Prop_lut6_I3_O)        0.124     9.543 r  rv64im72f_6sp/id_ex_register/dividend_reg[6]_i_1/O
                         net (fo=39, routed)          1.209    10.752    rv64im72f_6sp/id_ex_register/src_A[6]
    SLICE_X39Y31         LUT6 (Prop_lut6_I0_O)        0.124    10.876 r  rv64im72f_6sp/id_ex_register/EX2_alu_result[6]_i_16/O
                         net (fo=7, routed)           1.207    12.083    rv64im72f_6sp/id_ex_register/EX2_alu_result[6]_i_16_n_0
    SLICE_X43Y23         LUT6 (Prop_lut6_I5_O)        0.124    12.207 r  rv64im72f_6sp/id_ex_register/EX2_alu_result[6]_i_15/O
                         net (fo=2, routed)           0.745    12.952    rv64im72f_6sp/id_ex_register/EX2_alu_result[6]_i_15_n_0
    SLICE_X41Y23         LUT6 (Prop_lut6_I4_O)        0.124    13.076 r  rv64im72f_6sp/id_ex_register/EX2_alu_result[6]_i_11/O
                         net (fo=1, routed)           0.806    13.883    rv64im72f_6sp/id_ex_register/EX2_alu_result[6]_i_11_n_0
    SLICE_X41Y24         LUT6 (Prop_lut6_I3_O)        0.124    14.007 r  rv64im72f_6sp/id_ex_register/EX2_alu_result[6]_i_6/O
                         net (fo=2, routed)           0.632    14.639    rv64im72f_6sp/id_ex_register/alu/alu_word_result[6]
    SLICE_X45Y28         LUT3 (Prop_lut3_I0_O)        0.124    14.763 r  rv64im72f_6sp/id_ex_register/EX2_alu_result[6]_i_2/O
                         net (fo=1, routed)           0.500    15.263    rv64im72f_6sp/id_ex_register/EX2_alu_result[6]_i_2_n_0
    SLICE_X47Y33         LUT6 (Prop_lut6_I0_O)        0.124    15.387 r  rv64im72f_6sp/id_ex_register/EX2_alu_result[6]_i_1/O
                         net (fo=65, routed)          2.582    17.968    rv64im72f_6sp/ex_ex2_register/EX2_alu_result_reg[63]_1[6]
    SLICE_X102Y51        FDRE                                         r  rv64im72f_6sp/ex_ex2_register/EX2_alu_result_reg[6]_rep__27/D
  -------------------------------------------------------------------    -------------------

                         (clock clk_out1_clk_wiz_0 rise edge)
                                                     21.277    21.277 r  
    R4                                                0.000    21.277 r  clk (IN)
                         net (fo=0)                   0.000    21.277    clk_gen/inst/clk_in1
    R4                   IBUF (Prop_ibuf_I_O)         1.405    22.681 r  clk_gen/inst/clkin1_ibufg/O
                         net (fo=1, routed)           1.181    23.862    clk_gen/inst/clk_in1_clk_wiz_0
    PLLE2_ADV_X1Y2       PLLE2_ADV (Prop_plle2_adv_CLKIN1_CLKOUT0)
                                                     -8.206    15.657 r  clk_gen/inst/plle2_adv_inst/CLKOUT0
                         net (fo=1, routed)           1.718    17.375    clk_gen/inst/clk_out1_clk_wiz_0
    BUFGCTRL_X0Y0        BUFG (Prop_bufg_I_O)         0.091    17.466 r  clk_gen/inst/clkout1_buf/O
                         net (fo=13112, routed)       1.722    19.188    rv64im72f_6sp/ex_ex2_register/clk_out1
    SLICE_X102Y51        FDRE                                         r  rv64im72f_6sp/ex_ex2_register/EX2_alu_result_reg[6]_rep__27/C
                         clock pessimism             -0.499    18.689    
                         clock uncertainty           -0.150    18.539    
    SLICE_X102Y51        FDRE (Setup_fdre_C_D)       -0.031    18.508    rv64im72f_6sp/ex_ex2_register/EX2_alu_result_reg[6]_rep__27
  -------------------------------------------------------------------
                         required time                         18.508    
                         arrival time                         -17.968    
  -------------------------------------------------------------------
                         slack                                  0.539    

Slack (MET) :             0.549ns  (required time - arrival time)
  Source:                 rv64im72f_6sp/ex_mem_register/MEM_alu_result_reg[3]_replica_4/C
                            (rising edge-triggered cell FDRE clocked by clk_out1_clk_wiz_0  {rise@0.000ns fall@10.638ns period=21.277ns})
  Destination:            rv64im72f_6sp/program_counter/pc_reg[30]/D
                            (rising edge-triggered cell FDCE clocked by clk_out1_clk_wiz_0  {rise@0.000ns fall@10.638ns period=21.277ns})
  Path Group:             clk_out1_clk_wiz_0
  Path Type:              Setup (Max at Slow Process Corner)
  Requirement:            21.277ns  (clk_out1_clk_wiz_0 rise@21.277ns - clk_out1_clk_wiz_0 rise@0.000ns)
  Data Path Delay:        20.590ns  (logic 5.577ns (27.086%)  route 15.013ns (72.914%))
  Logic Levels:           28  (CARRY4=8 LUT2=1 LUT3=1 LUT5=2 LUT6=10 MUXF7=4 MUXF8=1 RAMS64E=1)
  Clock Path Skew:        -0.016ns (DCD - SCD + CPR)
    Destination Clock Delay (DCD):    -1.992ns = ( 19.285 - 21.277 ) 
    Source Clock Delay      (SCD):    -2.389ns
    Clock Pessimism Removal (CPR):    -0.413ns
  Clock Uncertainty:      0.150ns  ((TSJ^2 + DJ^2)^1/2) / 2 + PE
    Total System Jitter     (TSJ):    0.071ns
    Discrete Jitter          (DJ):    0.292ns
    Phase Error              (PE):    0.000ns

    Location             Delay type                Incr(ns)  Path(ns)    Netlist Resource(s)
  -------------------------------------------------------------------    -------------------
                         (clock clk_out1_clk_wiz_0 rise edge)
                                                      0.000     0.000 r  
    R4                                                0.000     0.000 r  clk (IN)
                         net (fo=0)                   0.000     0.000    clk_gen/inst/clk_in1
    R4                   IBUF (Prop_ibuf_I_O)         1.475     1.475 r  clk_gen/inst/clkin1_ibufg/O
                         net (fo=1, routed)           1.253     2.728    clk_gen/inst/clk_in1_clk_wiz_0
    PLLE2_ADV_X1Y2       PLLE2_ADV (Prop_plle2_adv_CLKIN1_CLKOUT0)
                                                     -8.953    -6.225 r  clk_gen/inst/plle2_adv_inst/CLKOUT0
                         net (fo=1, routed)           1.802    -4.422    clk_gen/inst/clk_out1_clk_wiz_0
    BUFGCTRL_X0Y0        BUFG (Prop_bufg_I_O)         0.096    -4.326 r  clk_gen/inst/clkout1_buf/O
                         net (fo=13112, routed)       1.937    -2.389    rv64im72f_6sp/ex_mem_register/clk_out1
    SLICE_X12Y66         FDRE                                         r  rv64im72f_6sp/ex_mem_register/MEM_alu_result_reg[3]_replica_4/C
  -------------------------------------------------------------------    -------------------
    SLICE_X12Y66         FDRE (Prop_fdre_C_Q)         0.518    -1.871 r  rv64im72f_6sp/ex_mem_register/MEM_alu_result_reg[3]_replica_4/Q
                         net (fo=921, routed)         2.331     0.460    rv64im72f_6sp/data_memory/memory_reg_4096_4351_50_50/A0
    SLICE_X16Y44         RAMS64E (Prop_rams64e_ADR0_O)
                                                      0.124     0.584 r  rv64im72f_6sp/data_memory/memory_reg_4096_4351_50_50/RAMS64E_D/O
                         net (fo=1, routed)           0.000     0.584    rv64im72f_6sp/data_memory/memory_reg_4096_4351_50_50/OD
    SLICE_X16Y44         MUXF7 (Prop_muxf7_I0_O)      0.241     0.825 r  rv64im72f_6sp/data_memory/memory_reg_4096_4351_50_50/F7.B/O
                         net (fo=1, routed)           0.000     0.825    rv64im72f_6sp/data_memory/memory_reg_4096_4351_50_50/O0
    SLICE_X16Y44         MUXF8 (Prop_muxf8_I0_O)      0.098     0.923 r  rv64im72f_6sp/data_memory/memory_reg_4096_4351_50_50/F8/O
                         net (fo=1, routed)           1.822     2.745    rv64im72f_6sp/data_memory/memory_reg_4096_4351_50_50_n_0
    SLICE_X38Y63         LUT6 (Prop_lut6_I5_O)        0.319     3.064 r  rv64im72f_6sp/data_memory/memory_reg_0_255_50_50_i_11/O
                         net (fo=1, routed)           0.000     3.064    rv64im72f_6sp/data_memory/memory_reg_0_255_50_50_i_11_n_0
    SLICE_X38Y63         MUXF7 (Prop_muxf7_I0_O)      0.212     3.276 r  rv64im72f_6sp/data_memory/memory_reg_0_255_50_50_i_6/O
                         net (fo=1, routed)           0.727     4.003    rv64im72f_6sp/data_memory/memory_reg_0_255_50_50_i_6_n_0
    SLICE_X41Y65         LUT6 (Prop_lut6_I1_O)        0.299     4.302 r  rv64im72f_6sp/data_memory/memory_reg_0_255_50_50_i_4/O
                         net (fo=2, routed)           0.677     4.978    rv64im72f_6sp/ex_mem_register/read_data0[50]
    SLICE_X45Y64         LUT5 (Prop_lut5_I3_O)        0.124     5.102 r  rv64im72f_6sp/ex_mem_register/WB_byte_enable_logic_register_file_write_data[50]_i_2/O
                         net (fo=7, routed)           0.892     5.995    rv64im72f_6sp/ex_mem_register/data_memory_read_data_muxed[50]
    SLICE_X47Y59         LUT6 (Prop_lut6_I1_O)        0.124     6.119 r  rv64im72f_6sp/ex_mem_register/WB_byte_enable_logic_register_file_write_data[2]_i_6/O
                         net (fo=1, routed)           0.000     6.119    rv64im72f_6sp/ex_mem_register/WB_byte_enable_logic_register_file_write_data[2]_i_6_n_0
    SLICE_X47Y59         MUXF7 (Prop_muxf7_I1_O)      0.217     6.336 r  rv64im72f_6sp/ex_mem_register/WB_byte_enable_logic_register_file_write_data_reg[2]_i_3/O
                         net (fo=2, routed)           0.911     7.247    rv64im72f_6sp/ex_mem_register/WB_byte_enable_logic_register_file_write_data_reg[2]_i_3_n_0
    SLICE_X41Y53         LUT6 (Prop_lut6_I5_O)        0.299     7.546 r  rv64im72f_6sp/ex_mem_register/dividend_reg[2]_i_8/O
                         net (fo=1, routed)           0.000     7.546    rv64im72f_6sp/ex_mem_register/dividend_reg[2]_i_8_n_0
    SLICE_X41Y53         MUXF7 (Prop_muxf7_I0_O)      0.212     7.758 r  rv64im72f_6sp/ex_mem_register/dividend_reg_reg[2]_i_5/O
                         net (fo=3, routed)           0.679     8.437    rv64im72f_6sp/ex_mem_register/MEM_forward_data_value[2]
    SLICE_X39Y45         LUT6 (Prop_lut6_I0_O)        0.299     8.736 r  rv64im72f_6sp/ex_mem_register/divisor_latch[2]_i_2/O
                         net (fo=4, routed)           0.834     9.570    rv64im72f_6sp/id_ex_register/alu_forward_source_data_b[2]
    SLICE_X39Y35         LUT6 (Prop_lut6_I3_O)        0.124     9.694 r  rv64im72f_6sp/id_ex_register/i___225_rep_i_1/O
                         net (fo=107, routed)         1.405    11.099    rv64im72f_6sp/alu/EX2_alu_result_reg[3]_i_15_2
    SLICE_X38Y21         LUT2 (Prop_lut2_I1_O)        0.124    11.223 r  rv64im72f_6sp/alu/i___225_rep/O
                         net (fo=1, routed)           0.000    11.223    rv64im72f_6sp/alu/i___225_rep_n_0
    SLICE_X38Y21         CARRY4 (Prop_carry4_S[2]_CO[3])
                                                      0.398    11.621 r  rv64im72f_6sp/alu/EX2_alu_result_reg[3]_i_15/CO[3]
                         net (fo=1, routed)           0.000    11.621    rv64im72f_6sp/alu/EX2_alu_result_reg[3]_i_15_n_0
    SLICE_X38Y22         CARRY4 (Prop_carry4_CI_CO[3])
                                                      0.114    11.735 r  rv64im72f_6sp/alu/EX2_alu_result_reg[8]_i_39/CO[3]
                         net (fo=1, routed)           0.000    11.735    rv64im72f_6sp/alu/EX2_alu_result_reg[8]_i_39_n_0
    SLICE_X38Y23         CARRY4 (Prop_carry4_CI_CO[3])
                                                      0.114    11.849 r  rv64im72f_6sp/alu/EX2_alu_result_reg[8]_i_23/CO[3]
                         net (fo=1, routed)           0.000    11.849    rv64im72f_6sp/alu/EX2_alu_result_reg[8]_i_23_n_0
    SLICE_X38Y24         CARRY4 (Prop_carry4_CI_CO[3])
                                                      0.114    11.963 r  rv64im72f_6sp/alu/EX2_alu_result_reg[15]_i_15/CO[3]
                         net (fo=1, routed)           0.009    11.972    rv64im72f_6sp/alu/EX2_alu_result_reg[15]_i_15_n_0
    SLICE_X38Y25         CARRY4 (Prop_carry4_CI_CO[3])
                                                      0.114    12.086 r  rv64im72f_6sp/alu/EX2_alu_result_reg[19]_i_15/CO[3]
                         net (fo=1, routed)           0.000    12.086    rv64im72f_6sp/alu/EX2_alu_result_reg[19]_i_15_n_0
    SLICE_X38Y26         CARRY4 (Prop_carry4_CI_CO[3])
                                                      0.114    12.200 r  rv64im72f_6sp/alu/EX2_alu_result_reg[23]_i_15/CO[3]
                         net (fo=1, routed)           0.000    12.200    rv64im72f_6sp/alu/EX2_alu_result_reg[23]_i_15_n_0
    SLICE_X38Y27         CARRY4 (Prop_carry4_CI_CO[3])
                                                      0.114    12.314 r  rv64im72f_6sp/alu/EX2_alu_result_reg[27]_i_15/CO[3]
                         net (fo=1, routed)           0.000    12.314    rv64im72f_6sp/alu/EX2_alu_result_reg[27]_i_15_n_0
    SLICE_X38Y28         CARRY4 (Prop_carry4_CI_O[2])
                                                      0.239    12.553 r  rv64im72f_6sp/alu/EX2_alu_result_reg[30]_i_17/O[2]
                         net (fo=1, routed)           0.808    13.361    rv64im72f_6sp/id_ex_register/EX2_alu_result[63]_i_20_0[29]
    SLICE_X36Y24         LUT6 (Prop_lut6_I5_O)        0.302    13.663 r  rv64im72f_6sp/id_ex_register/EX2_alu_result[30]_i_10/O
                         net (fo=1, routed)           0.723    14.386    rv64im72f_6sp/id_ex_register/EX2_alu_result[30]_i_10_n_0
    SLICE_X34Y23         LUT6 (Prop_lut6_I0_O)        0.124    14.510 r  rv64im72f_6sp/id_ex_register/EX2_alu_result[30]_i_6/O
                         net (fo=2, routed)           1.038    15.548    rv64im72f_6sp/id_ex_register/alu/alu_word_result[30]
    SLICE_X16Y22         LUT3 (Prop_lut3_I0_O)        0.124    15.672 r  rv64im72f_6sp/id_ex_register/EX2_alu_result[30]_i_2/O
                         net (fo=1, routed)           0.594    16.266    rv64im72f_6sp/id_ex_register/EX2_alu_result[30]_i_2_n_0
    SLICE_X16Y25         LUT6 (Prop_lut6_I0_O)        0.124    16.390 r  rv64im72f_6sp/id_ex_register/EX2_alu_result[30]_i_1/O
                         net (fo=2, routed)           1.130    17.520    rv64im72f_6sp/if_io_register/pc_reg[63][30]
    SLICE_X15Y50         LUT6 (Prop_lut6_I5_O)        0.124    17.644 r  rv64im72f_6sp/if_io_register/pc[30]_i_2/O
                         net (fo=1, routed)           0.433    18.077    rv64im72f_6sp/ex_ex2_register/pc_reg[30]
    SLICE_X15Y50         LUT5 (Prop_lut5_I1_O)        0.124    18.201 r  rv64im72f_6sp/ex_ex2_register/pc[30]_i_1/O
                         net (fo=1, routed)           0.000    18.201    rv64im72f_6sp/program_counter/D[30]
    SLICE_X15Y50         FDCE                                         r  rv64im72f_6sp/program_counter/pc_reg[30]/D
  -------------------------------------------------------------------    -------------------

                         (clock clk_out1_clk_wiz_0 rise edge)
                                                     21.277    21.277 r  
    R4                                                0.000    21.277 r  clk (IN)
                         net (fo=0)                   0.000    21.277    clk_gen/inst/clk_in1
    R4                   IBUF (Prop_ibuf_I_O)         1.405    22.681 r  clk_gen/inst/clkin1_ibufg/O
                         net (fo=1, routed)           1.181    23.862    clk_gen/inst/clk_in1_clk_wiz_0
    PLLE2_ADV_X1Y2       PLLE2_ADV (Prop_plle2_adv_CLKIN1_CLKOUT0)
                                                     -8.206    15.657 r  clk_gen/inst/plle2_adv_inst/CLKOUT0
                         net (fo=1, routed)           1.718    17.375    clk_gen/inst/clk_out1_clk_wiz_0
    BUFGCTRL_X0Y0        BUFG (Prop_bufg_I_O)         0.091    17.466 r  clk_gen/inst/clkout1_buf/O
                         net (fo=13112, routed)       1.819    19.285    rv64im72f_6sp/program_counter/clk_out1
    SLICE_X15Y50         FDCE                                         r  rv64im72f_6sp/program_counter/pc_reg[30]/C
                         clock pessimism             -0.413    18.872    
                         clock uncertainty           -0.150    18.722    
    SLICE_X15Y50         FDCE (Setup_fdce_C_D)        0.029    18.751    rv64im72f_6sp/program_counter/pc_reg[30]
  -------------------------------------------------------------------
                         required time                         18.751    
                         arrival time                         -18.201    
  -------------------------------------------------------------------
                         slack                                  0.549    

Slack (MET) :             0.577ns  (required time - arrival time)
  Source:                 rv64im72f_6sp/ex_mem_register/MEM_alu_result_reg[5]_replica_8/C
                            (rising edge-triggered cell FDRE clocked by clk_out1_clk_wiz_0  {rise@0.000ns fall@10.638ns period=21.277ns})
  Destination:            rv64im72f_6sp/ex_ex2_register/EX2_alu_result_reg[6]_rep__26/D
                            (rising edge-triggered cell FDRE clocked by clk_out1_clk_wiz_0  {rise@0.000ns fall@10.638ns period=21.277ns})
  Path Group:             clk_out1_clk_wiz_0
  Path Type:              Setup (Max at Slow Process Corner)
  Requirement:            21.277ns  (clk_out1_clk_wiz_0 rise@21.277ns - clk_out1_clk_wiz_0 rise@0.000ns)
  Data Path Delay:        20.385ns  (logic 3.806ns (18.671%)  route 16.579ns (81.329%))
  Logic Levels:           18  (LUT3=1 LUT6=12 MUXF7=3 MUXF8=1 RAMS64E=1)
  Clock Path Skew:        -0.107ns (DCD - SCD + CPR)
    Destination Clock Delay (DCD):    -2.094ns = ( 19.183 - 21.277 ) 
    Source Clock Delay      (SCD):    -2.486ns
    Clock Pessimism Removal (CPR):    -0.499ns
  Clock Uncertainty:      0.150ns  ((TSJ^2 + DJ^2)^1/2) / 2 + PE
    Total System Jitter     (TSJ):    0.071ns
    Discrete Jitter          (DJ):    0.292ns
    Phase Error              (PE):    0.000ns

    Location             Delay type                Incr(ns)  Path(ns)    Netlist Resource(s)
  -------------------------------------------------------------------    -------------------
                         (clock clk_out1_clk_wiz_0 rise edge)
                                                      0.000     0.000 r  
    R4                                                0.000     0.000 r  clk (IN)
                         net (fo=0)                   0.000     0.000    clk_gen/inst/clk_in1
    R4                   IBUF (Prop_ibuf_I_O)         1.475     1.475 r  clk_gen/inst/clkin1_ibufg/O
                         net (fo=1, routed)           1.253     2.728    clk_gen/inst/clk_in1_clk_wiz_0
    PLLE2_ADV_X1Y2       PLLE2_ADV (Prop_plle2_adv_CLKIN1_CLKOUT0)
                                                     -8.953    -6.225 r  clk_gen/inst/plle2_adv_inst/CLKOUT0
                         net (fo=1, routed)           1.802    -4.422    clk_gen/inst/clk_out1_clk_wiz_0
    BUFGCTRL_X0Y0        BUFG (Prop_bufg_I_O)         0.096    -4.326 r  clk_gen/inst/clkout1_buf/O
                         net (fo=13112, routed)       1.840    -2.486    rv64im72f_6sp/ex_mem_register/clk_out1
    SLICE_X55Y88         FDRE                                         r  rv64im72f_6sp/ex_mem_register/MEM_alu_result_reg[5]_replica_8/C
  -------------------------------------------------------------------    -------------------
    SLICE_X55Y88         FDRE (Prop_fdre_C_Q)         0.456    -2.030 r  rv64im72f_6sp/ex_mem_register/MEM_alu_result_reg[5]_replica_8/Q
                         net (fo=960, routed)         1.604    -0.425    rv64im72f_6sp/data_memory/memory_reg_2560_2815_38_38/A2
    SLICE_X56Y105        RAMS64E (Prop_rams64e_ADR2_O)
                                                      0.424    -0.001 r  rv64im72f_6sp/data_memory/memory_reg_2560_2815_38_38/RAMS64E_C/O
                         net (fo=1, routed)           0.000    -0.001    rv64im72f_6sp/data_memory/memory_reg_2560_2815_38_38/OC
    SLICE_X56Y105        MUXF7 (Prop_muxf7_I1_O)      0.247     0.246 r  rv64im72f_6sp/data_memory/memory_reg_2560_2815_38_38/F7.B/O
                         net (fo=1, routed)           0.000     0.246    rv64im72f_6sp/data_memory/memory_reg_2560_2815_38_38/O0
    SLICE_X56Y105        MUXF8 (Prop_muxf8_I0_O)      0.098     0.344 r  rv64im72f_6sp/data_memory/memory_reg_2560_2815_38_38/F8/O
                         net (fo=1, routed)           2.239     2.583    rv64im72f_6sp/data_memory/memory_reg_2560_2815_38_38_n_0
    SLICE_X65Y69         LUT6 (Prop_lut6_I1_O)        0.319     2.902 r  rv64im72f_6sp/data_memory/memory_reg_0_255_38_38_i_12/O
                         net (fo=1, routed)           0.000     2.902    rv64im72f_6sp/data_memory/memory_reg_0_255_38_38_i_12_n_0
    SLICE_X65Y69         MUXF7 (Prop_muxf7_I0_O)      0.212     3.114 r  rv64im72f_6sp/data_memory/memory_reg_0_255_38_38_i_6/O
                         net (fo=1, routed)           0.951     4.064    rv64im72f_6sp/data_memory/memory_reg_0_255_38_38_i_6_n_0
    SLICE_X63Y67         LUT6 (Prop_lut6_I3_O)        0.299     4.363 r  rv64im72f_6sp/data_memory/memory_reg_0_255_38_38_i_3/O
                         net (fo=3, routed)           0.918     5.281    rv64im72f_6sp/ex_mem_register/read_data0[38]
    SLICE_X57Y58         LUT6 (Prop_lut6_I1_O)        0.124     5.405 r  rv64im72f_6sp/ex_mem_register/dividend_reg[6]_i_30/O
                         net (fo=1, routed)           0.937     6.343    rv64im72f_6sp/ex_mem_register/dividend_reg[6]_i_30_n_0
    SLICE_X54Y54         LUT6 (Prop_lut6_I0_O)        0.124     6.467 r  rv64im72f_6sp/ex_mem_register/dividend_reg[6]_i_23/O
                         net (fo=1, routed)           0.602     7.069    rv64im72f_6sp/ex_mem_register/dividend_reg[6]_i_23_n_0
    SLICE_X55Y59         LUT6 (Prop_lut6_I3_O)        0.124     7.193 r  rv64im72f_6sp/ex_mem_register/dividend_reg[6]_i_14/O
                         net (fo=1, routed)           0.000     7.193    rv64im72f_6sp/ex_mem_register/dividend_reg[6]_i_14_n_0
    SLICE_X55Y59         MUXF7 (Prop_muxf7_I0_O)      0.212     7.405 r  rv64im72f_6sp/ex_mem_register/dividend_reg_reg[6]_i_10/O
                         net (fo=3, routed)           0.928     8.333    rv64im72f_6sp/id_ex_register/MEM_forward_data_value[6]
    SLICE_X43Y50         LUT6 (Prop_lut6_I0_O)        0.299     8.632 r  rv64im72f_6sp/id_ex_register/dividend_reg[6]_i_4/O
                         net (fo=1, routed)           0.787     9.419    rv64im72f_6sp/id_ex_register/dividend_reg[6]_i_4_n_0
    SLICE_X39Y40         LUT6 (Prop_lut6_I3_O)        0.124     9.543 r  rv64im72f_6sp/id_ex_register/dividend_reg[6]_i_1/O
                         net (fo=39, routed)          1.209    10.752    rv64im72f_6sp/id_ex_register/src_A[6]
    SLICE_X39Y31         LUT6 (Prop_lut6_I0_O)        0.124    10.876 r  rv64im72f_6sp/id_ex_register/EX2_alu_result[6]_i_16/O
                         net (fo=7, routed)           1.207    12.083    rv64im72f_6sp/id_ex_register/EX2_alu_result[6]_i_16_n_0
    SLICE_X43Y23         LUT6 (Prop_lut6_I5_O)        0.124    12.207 r  rv64im72f_6sp/id_ex_register/EX2_alu_result[6]_i_15/O
                         net (fo=2, routed)           0.745    12.952    rv64im72f_6sp/id_ex_register/EX2_alu_result[6]_i_15_n_0
    SLICE_X41Y23         LUT6 (Prop_lut6_I4_O)        0.124    13.076 r  rv64im72f_6sp/id_ex_register/EX2_alu_result[6]_i_11/O
                         net (fo=1, routed)           0.806    13.883    rv64im72f_6sp/id_ex_register/EX2_alu_result[6]_i_11_n_0
    SLICE_X41Y24         LUT6 (Prop_lut6_I3_O)        0.124    14.007 r  rv64im72f_6sp/id_ex_register/EX2_alu_result[6]_i_6/O
                         net (fo=2, routed)           0.632    14.639    rv64im72f_6sp/id_ex_register/alu/alu_word_result[6]
    SLICE_X45Y28         LUT3 (Prop_lut3_I0_O)        0.124    14.763 r  rv64im72f_6sp/id_ex_register/EX2_alu_result[6]_i_2/O
                         net (fo=1, routed)           0.500    15.263    rv64im72f_6sp/id_ex_register/EX2_alu_result[6]_i_2_n_0
    SLICE_X47Y33         LUT6 (Prop_lut6_I0_O)        0.124    15.387 r  rv64im72f_6sp/id_ex_register/EX2_alu_result[6]_i_1/O
                         net (fo=65, routed)          2.512    17.899    rv64im72f_6sp/ex_ex2_register/EX2_alu_result_reg[63]_1[6]
    SLICE_X101Y59        FDRE                                         r  rv64im72f_6sp/ex_ex2_register/EX2_alu_result_reg[6]_rep__26/D
  -------------------------------------------------------------------    -------------------

                         (clock clk_out1_clk_wiz_0 rise edge)
                                                     21.277    21.277 r  
    R4                                                0.000    21.277 r  clk (IN)
                         net (fo=0)                   0.000    21.277    clk_gen/inst/clk_in1
    R4                   IBUF (Prop_ibuf_I_O)         1.405    22.681 r  clk_gen/inst/clkin1_ibufg/O
                         net (fo=1, routed)           1.181    23.862    clk_gen/inst/clk_in1_clk_wiz_0
    PLLE2_ADV_X1Y2       PLLE2_ADV (Prop_plle2_adv_CLKIN1_CLKOUT0)
                                                     -8.206    15.657 r  clk_gen/inst/plle2_adv_inst/CLKOUT0
                         net (fo=1, routed)           1.718    17.375    clk_gen/inst/clk_out1_clk_wiz_0
    BUFGCTRL_X0Y0        BUFG (Prop_bufg_I_O)         0.091    17.466 r  clk_gen/inst/clkout1_buf/O
                         net (fo=13112, routed)       1.717    19.183    rv64im72f_6sp/ex_ex2_register/clk_out1
    SLICE_X101Y59        FDRE                                         r  rv64im72f_6sp/ex_ex2_register/EX2_alu_result_reg[6]_rep__26/C
                         clock pessimism             -0.499    18.684    
                         clock uncertainty           -0.150    18.534    
    SLICE_X101Y59        FDRE (Setup_fdre_C_D)       -0.058    18.476    rv64im72f_6sp/ex_ex2_register/EX2_alu_result_reg[6]_rep__26
  -------------------------------------------------------------------
                         required time                         18.476    
                         arrival time                         -17.899    
  -------------------------------------------------------------------
                         slack                                  0.577    

Slack (MET) :             0.585ns  (required time - arrival time)
  Source:                 rv64im72f_6sp/ex_mem_register/MEM_alu_result_reg[3]_replica_4/C
                            (rising edge-triggered cell FDRE clocked by clk_out1_clk_wiz_0  {rise@0.000ns fall@10.638ns period=21.277ns})
  Destination:            rv64im72f_6sp/ex_ex2_register/EX2_alu_result_reg[7]_rep__29/D
                            (rising edge-triggered cell FDRE clocked by clk_out1_clk_wiz_0  {rise@0.000ns fall@10.638ns period=21.277ns})
  Path Group:             clk_out1_clk_wiz_0
  Path Type:              Setup (Max at Slow Process Corner)
  Requirement:            21.277ns  (clk_out1_clk_wiz_0 rise@21.277ns - clk_out1_clk_wiz_0 rise@0.000ns)
  Data Path Delay:        20.307ns  (logic 3.954ns (19.470%)  route 16.353ns (80.530%))
  Logic Levels:           19  (LUT3=1 LUT5=2 LUT6=10 MUXF7=3 MUXF8=2 RAMS64E=1)
  Clock Path Skew:        -0.207ns (DCD - SCD + CPR)
    Destination Clock Delay (DCD):    -2.097ns = ( 19.180 - 21.277 ) 
    Source Clock Delay      (SCD):    -2.389ns
    Clock Pessimism Removal (CPR):    -0.499ns
  Clock Uncertainty:      0.150ns  ((TSJ^2 + DJ^2)^1/2) / 2 + PE
    Total System Jitter     (TSJ):    0.071ns
    Discrete Jitter          (DJ):    0.292ns
    Phase Error              (PE):    0.000ns

    Location             Delay type                Incr(ns)  Path(ns)    Netlist Resource(s)
  -------------------------------------------------------------------    -------------------
                         (clock clk_out1_clk_wiz_0 rise edge)
                                                      0.000     0.000 r  
    R4                                                0.000     0.000 r  clk (IN)
                         net (fo=0)                   0.000     0.000    clk_gen/inst/clk_in1
    R4                   IBUF (Prop_ibuf_I_O)         1.475     1.475 r  clk_gen/inst/clkin1_ibufg/O
                         net (fo=1, routed)           1.253     2.728    clk_gen/inst/clk_in1_clk_wiz_0
    PLLE2_ADV_X1Y2       PLLE2_ADV (Prop_plle2_adv_CLKIN1_CLKOUT0)
                                                     -8.953    -6.225 r  clk_gen/inst/plle2_adv_inst/CLKOUT0
                         net (fo=1, routed)           1.802    -4.422    clk_gen/inst/clk_out1_clk_wiz_0
    BUFGCTRL_X0Y0        BUFG (Prop_bufg_I_O)         0.096    -4.326 r  clk_gen/inst/clkout1_buf/O
                         net (fo=13112, routed)       1.937    -2.389    rv64im72f_6sp/ex_mem_register/clk_out1
    SLICE_X12Y66         FDRE                                         r  rv64im72f_6sp/ex_mem_register/MEM_alu_result_reg[3]_replica_4/C
  -------------------------------------------------------------------    -------------------
    SLICE_X12Y66         FDRE (Prop_fdre_C_Q)         0.518    -1.871 r  rv64im72f_6sp/ex_mem_register/MEM_alu_result_reg[3]_replica_4/Q
                         net (fo=921, routed)         2.247     0.376    rv64im72f_6sp/data_memory/memory_reg_4608_4863_63_63/A0
    SLICE_X16Y34         RAMS64E (Prop_rams64e_ADR0_O)
                                                      0.363     0.739 r  rv64im72f_6sp/data_memory/memory_reg_4608_4863_63_63/RAMS64E_C/O
                         net (fo=1, routed)           0.000     0.739    rv64im72f_6sp/data_memory/memory_reg_4608_4863_63_63/OC
    SLICE_X16Y34         MUXF7 (Prop_muxf7_I1_O)      0.247     0.986 r  rv64im72f_6sp/data_memory/memory_reg_4608_4863_63_63/F7.B/O
                         net (fo=1, routed)           0.000     0.986    rv64im72f_6sp/data_memory/memory_reg_4608_4863_63_63/O0
    SLICE_X16Y34         MUXF8 (Prop_muxf8_I0_O)      0.098     1.084 r  rv64im72f_6sp/data_memory/memory_reg_4608_4863_63_63/F8/O
                         net (fo=1, routed)           1.378     2.462    rv64im72f_6sp/data_memory/memory_reg_4608_4863_63_63_n_0
    SLICE_X8Y43          LUT6 (Prop_lut6_I1_O)        0.319     2.781 r  rv64im72f_6sp/data_memory/memory_reg_0_255_63_63_i_10/O
                         net (fo=1, routed)           0.000     2.781    rv64im72f_6sp/data_memory/memory_reg_0_255_63_63_i_10_n_0
    SLICE_X8Y43          MUXF7 (Prop_muxf7_I0_O)      0.241     3.022 r  rv64im72f_6sp/data_memory/memory_reg_0_255_63_63_i_5/O
                         net (fo=2, routed)           0.000     3.022    rv64im72f_6sp/data_memory/memory_reg_0_255_63_63_i_5_n_0
    SLICE_X8Y43          MUXF8 (Prop_muxf8_I0_O)      0.098     3.120 r  rv64im72f_6sp/data_memory/WB_byte_enable_logic_register_file_write_data_reg[63]_i_16/O
                         net (fo=1, routed)           0.850     3.970    rv64im72f_6sp/ex_mem_register/WB_byte_enable_logic_register_file_write_data[63]_i_6_7
    SLICE_X13Y55         LUT6 (Prop_lut6_I4_O)        0.319     4.289 r  rv64im72f_6sp/ex_mem_register/WB_byte_enable_logic_register_file_write_data[63]_i_8/O
                         net (fo=2, routed)           0.909     5.198    rv64im72f_6sp/ex_mem_register/data_memory_read_data_muxed[63]
    SLICE_X23Y59         LUT6 (Prop_lut6_I0_O)        0.124     5.322 r  rv64im72f_6sp/ex_mem_register/WB_byte_enable_logic_register_file_write_data[63]_i_6/O
                         net (fo=6, routed)           0.685     6.007    rv64im72f_6sp/ex_mem_register/WB_byte_enable_logic_register_file_write_data[63]_i_6_n_0
    SLICE_X24Y58         LUT5 (Prop_lut5_I4_O)        0.124     6.131 f  rv64im72f_6sp/ex_mem_register/WB_byte_enable_logic_register_file_write_data[63]_i_2/O
                         net (fo=82, routed)          1.207     7.338    rv64im72f_6sp/ex_mem_register/WB_byte_enable_logic_register_file_write_data[63]_i_2_n_0
    SLICE_X21Y58         LUT6 (Prop_lut6_I2_O)        0.124     7.462 r  rv64im72f_6sp/ex_mem_register/dividend_reg[63]_i_9/O
                         net (fo=1, routed)           0.000     7.462    rv64im72f_6sp/ex_mem_register/dividend_reg[63]_i_9_n_0
    SLICE_X21Y58         MUXF7 (Prop_muxf7_I0_O)      0.212     7.674 r  rv64im72f_6sp/ex_mem_register/dividend_reg_reg[63]_i_6/O
                         net (fo=3, routed)           0.474     8.149    rv64im72f_6sp/id_ex_register/MEM_forward_data_value[63]
    SLICE_X21Y57         LUT6 (Prop_lut6_I0_O)        0.299     8.448 r  rv64im72f_6sp/id_ex_register/dividend_reg[63]_i_3/O
                         net (fo=2, routed)           1.069     9.517    rv64im72f_6sp/id_ex_register/dividend_reg[63]_i_3_n_0
    SLICE_X24Y41         LUT6 (Prop_lut6_I3_O)        0.124     9.641 r  rv64im72f_6sp/id_ex_register/dividend_reg[63]_i_1/O
                         net (fo=85, routed)          1.388    11.029    rv64im72f_6sp/id_ex_register/src_A[63]
    SLICE_X27Y36         LUT6 (Prop_lut6_I0_O)        0.124    11.153 r  rv64im72f_6sp/id_ex_register/i___46_i_41/O
                         net (fo=4, routed)           0.818    11.972    rv64im72f_6sp/id_ex_register/i___46_i_41_n_0
    SLICE_X32Y36         LUT5 (Prop_lut5_I0_O)        0.124    12.096 r  rv64im72f_6sp/id_ex_register/i___50_i_32/O
                         net (fo=2, routed)           0.731    12.826    rv64im72f_6sp/id_ex_register/i___50_i_32_n_0
    SLICE_X38Y34         LUT3 (Prop_lut3_I2_O)        0.124    12.950 r  rv64im72f_6sp/id_ex_register/i___50_i_19/O
                         net (fo=2, routed)           0.308    13.258    rv64im72f_6sp/id_ex_register/i___50_i_19_n_0
    SLICE_X39Y33         LUT6 (Prop_lut6_I5_O)        0.124    13.382 r  rv64im72f_6sp/id_ex_register/i___50_i_8/O
                         net (fo=1, routed)           0.622    14.004    rv64im72f_6sp/id_ex_register/i___50_i_8_n_0
    SLICE_X39Y32         LUT6 (Prop_lut6_I2_O)        0.124    14.128 r  rv64im72f_6sp/id_ex_register/i___50_i_2/O
                         net (fo=2, routed)           0.874    15.002    rv64im72f_6sp/id_ex_register/i___62_i_6_0[7]
    SLICE_X44Y30         LUT6 (Prop_lut6_I4_O)        0.124    15.126 r  rv64im72f_6sp/id_ex_register/EX2_alu_result[7]_i_1/O
                         net (fo=66, routed)          2.792    17.918    rv64im72f_6sp/ex_ex2_register/EX2_alu_result_reg[63]_1[7]
    SLICE_X100Y63        FDRE                                         r  rv64im72f_6sp/ex_ex2_register/EX2_alu_result_reg[7]_rep__29/D
  -------------------------------------------------------------------    -------------------

                         (clock clk_out1_clk_wiz_0 rise edge)
                                                     21.277    21.277 r  
    R4                                                0.000    21.277 r  clk (IN)
                         net (fo=0)                   0.000    21.277    clk_gen/inst/clk_in1
    R4                   IBUF (Prop_ibuf_I_O)         1.405    22.681 r  clk_gen/inst/clkin1_ibufg/O
                         net (fo=1, routed)           1.181    23.862    clk_gen/inst/clk_in1_clk_wiz_0
    PLLE2_ADV_X1Y2       PLLE2_ADV (Prop_plle2_adv_CLKIN1_CLKOUT0)
                                                     -8.206    15.657 r  clk_gen/inst/plle2_adv_inst/CLKOUT0
                         net (fo=1, routed)           1.718    17.375    clk_gen/inst/clk_out1_clk_wiz_0
    BUFGCTRL_X0Y0        BUFG (Prop_bufg_I_O)         0.091    17.466 r  clk_gen/inst/clkout1_buf/O
                         net (fo=13112, routed)       1.714    19.180    rv64im72f_6sp/ex_ex2_register/clk_out1
    SLICE_X100Y63        FDRE                                         r  rv64im72f_6sp/ex_ex2_register/EX2_alu_result_reg[7]_rep__29/C
                         clock pessimism             -0.499    18.681    
                         clock uncertainty           -0.150    18.531    
    SLICE_X100Y63        FDRE (Setup_fdre_C_D)       -0.028    18.503    rv64im72f_6sp/ex_ex2_register/EX2_alu_result_reg[7]_rep__29
  -------------------------------------------------------------------
                         required time                         18.503    
                         arrival time                         -17.918    
  -------------------------------------------------------------------
                         slack                                  0.585    





Min Delay Paths
--------------------------------------------------------------------------------------
Slack (MET) :             0.035ns  (arrival time - required time)
  Source:                 rv64im72f_6sp/ex_mem_register/MEM_alu_result_reg[3]/C
                            (rising edge-triggered cell FDRE clocked by clk_out1_clk_wiz_0  {rise@0.000ns fall@10.638ns period=21.277ns})
  Destination:            rv64im72f_6sp/data_memory/memory_reg_1024_1279_10_10/RAMS64E_A/ADR0
                            (rising edge-triggered cell RAMS64E clocked by clk_out1_clk_wiz_0  {rise@0.000ns fall@10.638ns period=21.277ns})
  Path Group:             clk_out1_clk_wiz_0
  Path Type:              Hold (Min at Fast Process Corner)
  Requirement:            0.000ns  (clk_out1_clk_wiz_0 rise@0.000ns - clk_out1_clk_wiz_0 rise@0.000ns)
  Data Path Delay:        0.358ns  (logic 0.141ns (39.341%)  route 0.217ns (60.659%))
  Logic Levels:           0  
  Clock Path Skew:        0.013ns (DCD - SCD - CPR)
    Destination Clock Delay (DCD):    -0.351ns
    Source Clock Delay      (SCD):    -0.578ns
    Clock Pessimism Removal (CPR):    0.214ns

    Location             Delay type                Incr(ns)  Path(ns)    Netlist Resource(s)
  -------------------------------------------------------------------    -------------------
                         (clock clk_out1_clk_wiz_0 rise edge)
                                                      0.000     0.000 r  
    R4                                                0.000     0.000 r  clk (IN)
                         net (fo=0)                   0.000     0.000    clk_gen/inst/clk_in1
    R4                   IBUF (Prop_ibuf_I_O)         0.243     0.243 r  clk_gen/inst/clkin1_ibufg/O
                         net (fo=1, routed)           0.440     0.683    clk_gen/inst/clk_in1_clk_wiz_0
    PLLE2_ADV_X1Y2       PLLE2_ADV (Prop_plle2_adv_CLKIN1_CLKOUT0)
                                                     -2.503    -1.819 r  clk_gen/inst/plle2_adv_inst/CLKOUT0
                         net (fo=1, routed)           0.546    -1.273    clk_gen/inst/clk_out1_clk_wiz_0
    BUFGCTRL_X0Y0        BUFG (Prop_bufg_I_O)         0.026    -1.247 r  clk_gen/inst/clkout1_buf/O
                         net (fo=13112, routed)       0.669    -0.578    rv64im72f_6sp/ex_mem_register/clk_out1
    SLICE_X41Y75         FDRE                                         r  rv64im72f_6sp/ex_mem_register/MEM_alu_result_reg[3]/C
  -------------------------------------------------------------------    -------------------
    SLICE_X41Y75         FDRE (Prop_fdre_C_Q)         0.141    -0.437 r  rv64im72f_6sp/ex_mem_register/MEM_alu_result_reg[3]/Q
                         net (fo=4, routed)           0.217    -0.220    rv64im72f_6sp/data_memory/memory_reg_1024_1279_10_10/A0
    SLICE_X40Y75         RAMS64E                                      r  rv64im72f_6sp/data_memory/memory_reg_1024_1279_10_10/RAMS64E_A/ADR0
  -------------------------------------------------------------------    -------------------

                         (clock clk_out1_clk_wiz_0 rise edge)
                                                      0.000     0.000 r  
    R4                                                0.000     0.000 r  clk (IN)
                         net (fo=0)                   0.000     0.000    clk_gen/inst/clk_in1
    R4                   IBUF (Prop_ibuf_I_O)         0.431     0.431 r  clk_gen/inst/clkin1_ibufg/O
                         net (fo=1, routed)           0.481     0.912    clk_gen/inst/clk_in1_clk_wiz_0
    PLLE2_ADV_X1Y2       PLLE2_ADV (Prop_plle2_adv_CLKIN1_CLKOUT0)
                                                     -2.828    -1.916 r  clk_gen/inst/plle2_adv_inst/CLKOUT0
                         net (fo=1, routed)           0.595    -1.322    clk_gen/inst/clk_out1_clk_wiz_0
    BUFGCTRL_X0Y0        BUFG (Prop_bufg_I_O)         0.029    -1.293 r  clk_gen/inst/clkout1_buf/O
                         net (fo=13112, routed)       0.942    -0.351    rv64im72f_6sp/data_memory/memory_reg_1024_1279_10_10/WCLK
    SLICE_X40Y75         RAMS64E                                      r  rv64im72f_6sp/data_memory/memory_reg_1024_1279_10_10/RAMS64E_A/CLK
                         clock pessimism             -0.214    -0.565    
    SLICE_X40Y75         RAMS64E (Hold_rams64e_CLK_ADR0)
                                                      0.310    -0.255    rv64im72f_6sp/data_memory/memory_reg_1024_1279_10_10/RAMS64E_A
  -------------------------------------------------------------------
                         required time                          0.255    
                         arrival time                          -0.220    
  -------------------------------------------------------------------
                         slack                                  0.035    

Slack (MET) :             0.035ns  (arrival time - required time)
  Source:                 rv64im72f_6sp/ex_mem_register/MEM_alu_result_reg[3]/C
                            (rising edge-triggered cell FDRE clocked by clk_out1_clk_wiz_0  {rise@0.000ns fall@10.638ns period=21.277ns})
  Destination:            rv64im72f_6sp/data_memory/memory_reg_1024_1279_10_10/RAMS64E_B/ADR0
                            (rising edge-triggered cell RAMS64E clocked by clk_out1_clk_wiz_0  {rise@0.000ns fall@10.638ns period=21.277ns})
  Path Group:             clk_out1_clk_wiz_0
  Path Type:              Hold (Min at Fast Process Corner)
  Requirement:            0.000ns  (clk_out1_clk_wiz_0 rise@0.000ns - clk_out1_clk_wiz_0 rise@0.000ns)
  Data Path Delay:        0.358ns  (logic 0.141ns (39.341%)  route 0.217ns (60.659%))
  Logic Levels:           0  
  Clock Path Skew:        0.013ns (DCD - SCD - CPR)
    Destination Clock Delay (DCD):    -0.351ns
    Source Clock Delay      (SCD):    -0.578ns
    Clock Pessimism Removal (CPR):    0.214ns

    Location             Delay type                Incr(ns)  Path(ns)    Netlist Resource(s)
  -------------------------------------------------------------------    -------------------
                         (clock clk_out1_clk_wiz_0 rise edge)
                                                      0.000     0.000 r  
    R4                                                0.000     0.000 r  clk (IN)
                         net (fo=0)                   0.000     0.000    clk_gen/inst/clk_in1
    R4                   IBUF (Prop_ibuf_I_O)         0.243     0.243 r  clk_gen/inst/clkin1_ibufg/O
                         net (fo=1, routed)           0.440     0.683    clk_gen/inst/clk_in1_clk_wiz_0
    PLLE2_ADV_X1Y2       PLLE2_ADV (Prop_plle2_adv_CLKIN1_CLKOUT0)
                                                     -2.503    -1.819 r  clk_gen/inst/plle2_adv_inst/CLKOUT0
                         net (fo=1, routed)           0.546    -1.273    clk_gen/inst/clk_out1_clk_wiz_0
    BUFGCTRL_X0Y0        BUFG (Prop_bufg_I_O)         0.026    -1.247 r  clk_gen/inst/clkout1_buf/O
                         net (fo=13112, routed)       0.669    -0.578    rv64im72f_6sp/ex_mem_register/clk_out1
    SLICE_X41Y75         FDRE                                         r  rv64im72f_6sp/ex_mem_register/MEM_alu_result_reg[3]/C
  -------------------------------------------------------------------    -------------------
    SLICE_X41Y75         FDRE (Prop_fdre_C_Q)         0.141    -0.437 r  rv64im72f_6sp/ex_mem_register/MEM_alu_result_reg[3]/Q
                         net (fo=4, routed)           0.217    -0.220    rv64im72f_6sp/data_memory/memory_reg_1024_1279_10_10/A0
    SLICE_X40Y75         RAMS64E                                      r  rv64im72f_6sp/data_memory/memory_reg_1024_1279_10_10/RAMS64E_B/ADR0
  -------------------------------------------------------------------    -------------------

                         (clock clk_out1_clk_wiz_0 rise edge)
                                                      0.000     0.000 r  
    R4                                                0.000     0.000 r  clk (IN)
                         net (fo=0)                   0.000     0.000    clk_gen/inst/clk_in1
    R4                   IBUF (Prop_ibuf_I_O)         0.431     0.431 r  clk_gen/inst/clkin1_ibufg/O
                         net (fo=1, routed)           0.481     0.912    clk_gen/inst/clk_in1_clk_wiz_0
    PLLE2_ADV_X1Y2       PLLE2_ADV (Prop_plle2_adv_CLKIN1_CLKOUT0)
                                                     -2.828    -1.916 r  clk_gen/inst/plle2_adv_inst/CLKOUT0
                         net (fo=1, routed)           0.595    -1.322    clk_gen/inst/clk_out1_clk_wiz_0
    BUFGCTRL_X0Y0        BUFG (Prop_bufg_I_O)         0.029    -1.293 r  clk_gen/inst/clkout1_buf/O
                         net (fo=13112, routed)       0.942    -0.351    rv64im72f_6sp/data_memory/memory_reg_1024_1279_10_10/WCLK
    SLICE_X40Y75         RAMS64E                                      r  rv64im72f_6sp/data_memory/memory_reg_1024_1279_10_10/RAMS64E_B/CLK
                         clock pessimism             -0.214    -0.565    
    SLICE_X40Y75         RAMS64E (Hold_rams64e_CLK_ADR0)
                                                      0.310    -0.255    rv64im72f_6sp/data_memory/memory_reg_1024_1279_10_10/RAMS64E_B
  -------------------------------------------------------------------
                         required time                          0.255    
                         arrival time                          -0.220    
  -------------------------------------------------------------------
                         slack                                  0.035    

Slack (MET) :             0.035ns  (arrival time - required time)
  Source:                 rv64im72f_6sp/ex_mem_register/MEM_alu_result_reg[3]/C
                            (rising edge-triggered cell FDRE clocked by clk_out1_clk_wiz_0  {rise@0.000ns fall@10.638ns period=21.277ns})
  Destination:            rv64im72f_6sp/data_memory/memory_reg_1024_1279_10_10/RAMS64E_C/ADR0
                            (rising edge-triggered cell RAMS64E clocked by clk_out1_clk_wiz_0  {rise@0.000ns fall@10.638ns period=21.277ns})
  Path Group:             clk_out1_clk_wiz_0
  Path Type:              Hold (Min at Fast Process Corner)
  Requirement:            0.000ns  (clk_out1_clk_wiz_0 rise@0.000ns - clk_out1_clk_wiz_0 rise@0.000ns)
  Data Path Delay:        0.358ns  (logic 0.141ns (39.341%)  route 0.217ns (60.659%))
  Logic Levels:           0  
  Clock Path Skew:        0.013ns (DCD - SCD - CPR)
    Destination Clock Delay (DCD):    -0.351ns
    Source Clock Delay      (SCD):    -0.578ns
    Clock Pessimism Removal (CPR):    0.214ns

    Location             Delay type                Incr(ns)  Path(ns)    Netlist Resource(s)
  -------------------------------------------------------------------    -------------------
                         (clock clk_out1_clk_wiz_0 rise edge)
                                                      0.000     0.000 r  
    R4                                                0.000     0.000 r  clk (IN)
                         net (fo=0)                   0.000     0.000    clk_gen/inst/clk_in1
    R4                   IBUF (Prop_ibuf_I_O)         0.243     0.243 r  clk_gen/inst/clkin1_ibufg/O
                         net (fo=1, routed)           0.440     0.683    clk_gen/inst/clk_in1_clk_wiz_0
    PLLE2_ADV_X1Y2       PLLE2_ADV (Prop_plle2_adv_CLKIN1_CLKOUT0)
                                                     -2.503    -1.819 r  clk_gen/inst/plle2_adv_inst/CLKOUT0
                         net (fo=1, routed)           0.546    -1.273    clk_gen/inst/clk_out1_clk_wiz_0
    BUFGCTRL_X0Y0        BUFG (Prop_bufg_I_O)         0.026    -1.247 r  clk_gen/inst/clkout1_buf/O
                         net (fo=13112, routed)       0.669    -0.578    rv64im72f_6sp/ex_mem_register/clk_out1
    SLICE_X41Y75         FDRE                                         r  rv64im72f_6sp/ex_mem_register/MEM_alu_result_reg[3]/C
  -------------------------------------------------------------------    -------------------
    SLICE_X41Y75         FDRE (Prop_fdre_C_Q)         0.141    -0.437 r  rv64im72f_6sp/ex_mem_register/MEM_alu_result_reg[3]/Q
                         net (fo=4, routed)           0.217    -0.220    rv64im72f_6sp/data_memory/memory_reg_1024_1279_10_10/A0
    SLICE_X40Y75         RAMS64E                                      r  rv64im72f_6sp/data_memory/memory_reg_1024_1279_10_10/RAMS64E_C/ADR0
  -------------------------------------------------------------------    -------------------

                         (clock clk_out1_clk_wiz_0 rise edge)
                                                      0.000     0.000 r  
    R4                                                0.000     0.000 r  clk (IN)
                         net (fo=0)                   0.000     0.000    clk_gen/inst/clk_in1
    R4                   IBUF (Prop_ibuf_I_O)         0.431     0.431 r  clk_gen/inst/clkin1_ibufg/O
                         net (fo=1, routed)           0.481     0.912    clk_gen/inst/clk_in1_clk_wiz_0
    PLLE2_ADV_X1Y2       PLLE2_ADV (Prop_plle2_adv_CLKIN1_CLKOUT0)
                                                     -2.828    -1.916 r  clk_gen/inst/plle2_adv_inst/CLKOUT0
                         net (fo=1, routed)           0.595    -1.322    clk_gen/inst/clk_out1_clk_wiz_0
    BUFGCTRL_X0Y0        BUFG (Prop_bufg_I_O)         0.029    -1.293 r  clk_gen/inst/clkout1_buf/O
                         net (fo=13112, routed)       0.942    -0.351    rv64im72f_6sp/data_memory/memory_reg_1024_1279_10_10/WCLK
    SLICE_X40Y75         RAMS64E                                      r  rv64im72f_6sp/data_memory/memory_reg_1024_1279_10_10/RAMS64E_C/CLK
                         clock pessimism             -0.214    -0.565    
    SLICE_X40Y75         RAMS64E (Hold_rams64e_CLK_ADR0)
                                                      0.310    -0.255    rv64im72f_6sp/data_memory/memory_reg_1024_1279_10_10/RAMS64E_C
  -------------------------------------------------------------------
                         required time                          0.255    
                         arrival time                          -0.220    
  -------------------------------------------------------------------
                         slack                                  0.035    

Slack (MET) :             0.035ns  (arrival time - required time)
  Source:                 rv64im72f_6sp/ex_mem_register/MEM_alu_result_reg[3]/C
                            (rising edge-triggered cell FDRE clocked by clk_out1_clk_wiz_0  {rise@0.000ns fall@10.638ns period=21.277ns})
  Destination:            rv64im72f_6sp/data_memory/memory_reg_1024_1279_10_10/RAMS64E_D/ADR0
                            (rising edge-triggered cell RAMS64E clocked by clk_out1_clk_wiz_0  {rise@0.000ns fall@10.638ns period=21.277ns})
  Path Group:             clk_out1_clk_wiz_0
  Path Type:              Hold (Min at Fast Process Corner)
  Requirement:            0.000ns  (clk_out1_clk_wiz_0 rise@0.000ns - clk_out1_clk_wiz_0 rise@0.000ns)
  Data Path Delay:        0.358ns  (logic 0.141ns (39.341%)  route 0.217ns (60.659%))
  Logic Levels:           0  
  Clock Path Skew:        0.013ns (DCD - SCD - CPR)
    Destination Clock Delay (DCD):    -0.351ns
    Source Clock Delay      (SCD):    -0.578ns
    Clock Pessimism Removal (CPR):    0.214ns

    Location             Delay type                Incr(ns)  Path(ns)    Netlist Resource(s)
  -------------------------------------------------------------------    -------------------
                         (clock clk_out1_clk_wiz_0 rise edge)
                                                      0.000     0.000 r  
    R4                                                0.000     0.000 r  clk (IN)
                         net (fo=0)                   0.000     0.000    clk_gen/inst/clk_in1
    R4                   IBUF (Prop_ibuf_I_O)         0.243     0.243 r  clk_gen/inst/clkin1_ibufg/O
                         net (fo=1, routed)           0.440     0.683    clk_gen/inst/clk_in1_clk_wiz_0
    PLLE2_ADV_X1Y2       PLLE2_ADV (Prop_plle2_adv_CLKIN1_CLKOUT0)
                                                     -2.503    -1.819 r  clk_gen/inst/plle2_adv_inst/CLKOUT0
                         net (fo=1, routed)           0.546    -1.273    clk_gen/inst/clk_out1_clk_wiz_0
    BUFGCTRL_X0Y0        BUFG (Prop_bufg_I_O)         0.026    -1.247 r  clk_gen/inst/clkout1_buf/O
                         net (fo=13112, routed)       0.669    -0.578    rv64im72f_6sp/ex_mem_register/clk_out1
    SLICE_X41Y75         FDRE                                         r  rv64im72f_6sp/ex_mem_register/MEM_alu_result_reg[3]/C
  -------------------------------------------------------------------    -------------------
    SLICE_X41Y75         FDRE (Prop_fdre_C_Q)         0.141    -0.437 r  rv64im72f_6sp/ex_mem_register/MEM_alu_result_reg[3]/Q
                         net (fo=4, routed)           0.217    -0.220    rv64im72f_6sp/data_memory/memory_reg_1024_1279_10_10/A0
    SLICE_X40Y75         RAMS64E                                      r  rv64im72f_6sp/data_memory/memory_reg_1024_1279_10_10/RAMS64E_D/ADR0
  -------------------------------------------------------------------    -------------------

                         (clock clk_out1_clk_wiz_0 rise edge)
                                                      0.000     0.000 r  
    R4                                                0.000     0.000 r  clk (IN)
                         net (fo=0)                   0.000     0.000    clk_gen/inst/clk_in1
    R4                   IBUF (Prop_ibuf_I_O)         0.431     0.431 r  clk_gen/inst/clkin1_ibufg/O
                         net (fo=1, routed)           0.481     0.912    clk_gen/inst/clk_in1_clk_wiz_0
    PLLE2_ADV_X1Y2       PLLE2_ADV (Prop_plle2_adv_CLKIN1_CLKOUT0)
                                                     -2.828    -1.916 r  clk_gen/inst/plle2_adv_inst/CLKOUT0
                         net (fo=1, routed)           0.595    -1.322    clk_gen/inst/clk_out1_clk_wiz_0
    BUFGCTRL_X0Y0        BUFG (Prop_bufg_I_O)         0.029    -1.293 r  clk_gen/inst/clkout1_buf/O
                         net (fo=13112, routed)       0.942    -0.351    rv64im72f_6sp/data_memory/memory_reg_1024_1279_10_10/WCLK
    SLICE_X40Y75         RAMS64E                                      r  rv64im72f_6sp/data_memory/memory_reg_1024_1279_10_10/RAMS64E_D/CLK
                         clock pessimism             -0.214    -0.565    
    SLICE_X40Y75         RAMS64E (Hold_rams64e_CLK_ADR0)
                                                      0.310    -0.255    rv64im72f_6sp/data_memory/memory_reg_1024_1279_10_10/RAMS64E_D
  -------------------------------------------------------------------
                         required time                          0.255    
                         arrival time                          -0.220    
  -------------------------------------------------------------------
                         slack                                  0.035    

Slack (MET) :             0.058ns  (arrival time - required time)
  Source:                 rv64im72f_6sp/ex_mem_register/MEM_alu_result_reg[6]/C
                            (rising edge-triggered cell FDRE clocked by clk_out1_clk_wiz_0  {rise@0.000ns fall@10.638ns period=21.277ns})
  Destination:            rv64im72f_6sp/data_memory/memory_reg_0_255_46_46/RAMS64E_A/ADR3
                            (rising edge-triggered cell RAMS64E clocked by clk_out1_clk_wiz_0  {rise@0.000ns fall@10.638ns period=21.277ns})
  Path Group:             clk_out1_clk_wiz_0
  Path Type:              Hold (Min at Fast Process Corner)
  Requirement:            0.000ns  (clk_out1_clk_wiz_0 rise@0.000ns - clk_out1_clk_wiz_0 rise@0.000ns)
  Data Path Delay:        0.311ns  (logic 0.141ns (45.376%)  route 0.170ns (54.624%))
  Logic Levels:           0  
  Clock Path Skew:        0.013ns (DCD - SCD - CPR)
    Destination Clock Delay (DCD):    -0.381ns
    Source Clock Delay      (SCD):    -0.607ns
    Clock Pessimism Removal (CPR):    0.213ns

    Location             Delay type                Incr(ns)  Path(ns)    Netlist Resource(s)
  -------------------------------------------------------------------    -------------------
                         (clock clk_out1_clk_wiz_0 rise edge)
                                                      0.000     0.000 r  
    R4                                                0.000     0.000 r  clk (IN)
                         net (fo=0)                   0.000     0.000    clk_gen/inst/clk_in1
    R4                   IBUF (Prop_ibuf_I_O)         0.243     0.243 r  clk_gen/inst/clkin1_ibufg/O
                         net (fo=1, routed)           0.440     0.683    clk_gen/inst/clk_in1_clk_wiz_0
    PLLE2_ADV_X1Y2       PLLE2_ADV (Prop_plle2_adv_CLKIN1_CLKOUT0)
                                                     -2.503    -1.819 r  clk_gen/inst/plle2_adv_inst/CLKOUT0
                         net (fo=1, routed)           0.546    -1.273    clk_gen/inst/clk_out1_clk_wiz_0
    BUFGCTRL_X0Y0        BUFG (Prop_bufg_I_O)         0.026    -1.247 r  clk_gen/inst/clkout1_buf/O
                         net (fo=13112, routed)       0.640    -0.607    rv64im72f_6sp/ex_mem_register/clk_out1
    SLICE_X43Y76         FDRE                                         r  rv64im72f_6sp/ex_mem_register/MEM_alu_result_reg[6]/C
  -------------------------------------------------------------------    -------------------
    SLICE_X43Y76         FDRE (Prop_fdre_C_Q)         0.141    -0.466 r  rv64im72f_6sp/ex_mem_register/MEM_alu_result_reg[6]/Q
                         net (fo=8, routed)           0.170    -0.296    rv64im72f_6sp/data_memory/memory_reg_0_255_46_46/A3
    SLICE_X42Y76         RAMS64E                                      r  rv64im72f_6sp/data_memory/memory_reg_0_255_46_46/RAMS64E_A/ADR3
  -------------------------------------------------------------------    -------------------

                         (clock clk_out1_clk_wiz_0 rise edge)
                                                      0.000     0.000 r  
    R4                                                0.000     0.000 r  clk (IN)
                         net (fo=0)                   0.000     0.000    clk_gen/inst/clk_in1
    R4                   IBUF (Prop_ibuf_I_O)         0.431     0.431 r  clk_gen/inst/clkin1_ibufg/O
                         net (fo=1, routed)           0.481     0.912    clk_gen/inst/clk_in1_clk_wiz_0
    PLLE2_ADV_X1Y2       PLLE2_ADV (Prop_plle2_adv_CLKIN1_CLKOUT0)
                                                     -2.828    -1.916 r  clk_gen/inst/plle2_adv_inst/CLKOUT0
                         net (fo=1, routed)           0.595    -1.322    clk_gen/inst/clk_out1_clk_wiz_0
    BUFGCTRL_X0Y0        BUFG (Prop_bufg_I_O)         0.029    -1.293 r  clk_gen/inst/clkout1_buf/O
                         net (fo=13112, routed)       0.912    -0.381    rv64im72f_6sp/data_memory/memory_reg_0_255_46_46/WCLK
    SLICE_X42Y76         RAMS64E                                      r  rv64im72f_6sp/data_memory/memory_reg_0_255_46_46/RAMS64E_A/CLK
                         clock pessimism             -0.213    -0.594    
    SLICE_X42Y76         RAMS64E (Hold_rams64e_CLK_ADR3)
                                                      0.240    -0.354    rv64im72f_6sp/data_memory/memory_reg_0_255_46_46/RAMS64E_A
  -------------------------------------------------------------------
                         required time                          0.354    
                         arrival time                          -0.296    
  -------------------------------------------------------------------
                         slack                                  0.058    

Slack (MET) :             0.058ns  (arrival time - required time)
  Source:                 rv64im72f_6sp/ex_mem_register/MEM_alu_result_reg[6]/C
                            (rising edge-triggered cell FDRE clocked by clk_out1_clk_wiz_0  {rise@0.000ns fall@10.638ns period=21.277ns})
  Destination:            rv64im72f_6sp/data_memory/memory_reg_0_255_46_46/RAMS64E_B/ADR3
                            (rising edge-triggered cell RAMS64E clocked by clk_out1_clk_wiz_0  {rise@0.000ns fall@10.638ns period=21.277ns})
  Path Group:             clk_out1_clk_wiz_0
  Path Type:              Hold (Min at Fast Process Corner)
  Requirement:            0.000ns  (clk_out1_clk_wiz_0 rise@0.000ns - clk_out1_clk_wiz_0 rise@0.000ns)
  Data Path Delay:        0.311ns  (logic 0.141ns (45.376%)  route 0.170ns (54.624%))
  Logic Levels:           0  
  Clock Path Skew:        0.013ns (DCD - SCD - CPR)
    Destination Clock Delay (DCD):    -0.381ns
    Source Clock Delay      (SCD):    -0.607ns
    Clock Pessimism Removal (CPR):    0.213ns

    Location             Delay type                Incr(ns)  Path(ns)    Netlist Resource(s)
  -------------------------------------------------------------------    -------------------
                         (clock clk_out1_clk_wiz_0 rise edge)
                                                      0.000     0.000 r  
    R4                                                0.000     0.000 r  clk (IN)
                         net (fo=0)                   0.000     0.000    clk_gen/inst/clk_in1
    R4                   IBUF (Prop_ibuf_I_O)         0.243     0.243 r  clk_gen/inst/clkin1_ibufg/O
                         net (fo=1, routed)           0.440     0.683    clk_gen/inst/clk_in1_clk_wiz_0
    PLLE2_ADV_X1Y2       PLLE2_ADV (Prop_plle2_adv_CLKIN1_CLKOUT0)
                                                     -2.503    -1.819 r  clk_gen/inst/plle2_adv_inst/CLKOUT0
                         net (fo=1, routed)           0.546    -1.273    clk_gen/inst/clk_out1_clk_wiz_0
    BUFGCTRL_X0Y0        BUFG (Prop_bufg_I_O)         0.026    -1.247 r  clk_gen/inst/clkout1_buf/O
                         net (fo=13112, routed)       0.640    -0.607    rv64im72f_6sp/ex_mem_register/clk_out1
    SLICE_X43Y76         FDRE                                         r  rv64im72f_6sp/ex_mem_register/MEM_alu_result_reg[6]/C
  -------------------------------------------------------------------    -------------------
    SLICE_X43Y76         FDRE (Prop_fdre_C_Q)         0.141    -0.466 r  rv64im72f_6sp/ex_mem_register/MEM_alu_result_reg[6]/Q
                         net (fo=8, routed)           0.170    -0.296    rv64im72f_6sp/data_memory/memory_reg_0_255_46_46/A3
    SLICE_X42Y76         RAMS64E                                      r  rv64im72f_6sp/data_memory/memory_reg_0_255_46_46/RAMS64E_B/ADR3
  -------------------------------------------------------------------    -------------------

                         (clock clk_out1_clk_wiz_0 rise edge)
                                                      0.000     0.000 r  
    R4                                                0.000     0.000 r  clk (IN)
                         net (fo=0)                   0.000     0.000    clk_gen/inst/clk_in1
    R4                   IBUF (Prop_ibuf_I_O)         0.431     0.431 r  clk_gen/inst/clkin1_ibufg/O
                         net (fo=1, routed)           0.481     0.912    clk_gen/inst/clk_in1_clk_wiz_0
    PLLE2_ADV_X1Y2       PLLE2_ADV (Prop_plle2_adv_CLKIN1_CLKOUT0)
                                                     -2.828    -1.916 r  clk_gen/inst/plle2_adv_inst/CLKOUT0
                         net (fo=1, routed)           0.595    -1.322    clk_gen/inst/clk_out1_clk_wiz_0
    BUFGCTRL_X0Y0        BUFG (Prop_bufg_I_O)         0.029    -1.293 r  clk_gen/inst/clkout1_buf/O
                         net (fo=13112, routed)       0.912    -0.381    rv64im72f_6sp/data_memory/memory_reg_0_255_46_46/WCLK
    SLICE_X42Y76         RAMS64E                                      r  rv64im72f_6sp/data_memory/memory_reg_0_255_46_46/RAMS64E_B/CLK
                         clock pessimism             -0.213    -0.594    
    SLICE_X42Y76         RAMS64E (Hold_rams64e_CLK_ADR3)
                                                      0.240    -0.354    rv64im72f_6sp/data_memory/memory_reg_0_255_46_46/RAMS64E_B
  -------------------------------------------------------------------
                         required time                          0.354    
                         arrival time                          -0.296    
  -------------------------------------------------------------------
                         slack                                  0.058    

Slack (MET) :             0.058ns  (arrival time - required time)
  Source:                 rv64im72f_6sp/ex_mem_register/MEM_alu_result_reg[6]/C
                            (rising edge-triggered cell FDRE clocked by clk_out1_clk_wiz_0  {rise@0.000ns fall@10.638ns period=21.277ns})
  Destination:            rv64im72f_6sp/data_memory/memory_reg_0_255_46_46/RAMS64E_C/ADR3
                            (rising edge-triggered cell RAMS64E clocked by clk_out1_clk_wiz_0  {rise@0.000ns fall@10.638ns period=21.277ns})
  Path Group:             clk_out1_clk_wiz_0
  Path Type:              Hold (Min at Fast Process Corner)
  Requirement:            0.000ns  (clk_out1_clk_wiz_0 rise@0.000ns - clk_out1_clk_wiz_0 rise@0.000ns)
  Data Path Delay:        0.311ns  (logic 0.141ns (45.376%)  route 0.170ns (54.624%))
  Logic Levels:           0  
  Clock Path Skew:        0.013ns (DCD - SCD - CPR)
    Destination Clock Delay (DCD):    -0.381ns
    Source Clock Delay      (SCD):    -0.607ns
    Clock Pessimism Removal (CPR):    0.213ns

    Location             Delay type                Incr(ns)  Path(ns)    Netlist Resource(s)
  -------------------------------------------------------------------    -------------------
                         (clock clk_out1_clk_wiz_0 rise edge)
                                                      0.000     0.000 r  
    R4                                                0.000     0.000 r  clk (IN)
                         net (fo=0)                   0.000     0.000    clk_gen/inst/clk_in1
    R4                   IBUF (Prop_ibuf_I_O)         0.243     0.243 r  clk_gen/inst/clkin1_ibufg/O
                         net (fo=1, routed)           0.440     0.683    clk_gen/inst/clk_in1_clk_wiz_0
    PLLE2_ADV_X1Y2       PLLE2_ADV (Prop_plle2_adv_CLKIN1_CLKOUT0)
                                                     -2.503    -1.819 r  clk_gen/inst/plle2_adv_inst/CLKOUT0
                         net (fo=1, routed)           0.546    -1.273    clk_gen/inst/clk_out1_clk_wiz_0
    BUFGCTRL_X0Y0        BUFG (Prop_bufg_I_O)         0.026    -1.247 r  clk_gen/inst/clkout1_buf/O
                         net (fo=13112, routed)       0.640    -0.607    rv64im72f_6sp/ex_mem_register/clk_out1
    SLICE_X43Y76         FDRE                                         r  rv64im72f_6sp/ex_mem_register/MEM_alu_result_reg[6]/C
  -------------------------------------------------------------------    -------------------
    SLICE_X43Y76         FDRE (Prop_fdre_C_Q)         0.141    -0.466 r  rv64im72f_6sp/ex_mem_register/MEM_alu_result_reg[6]/Q
                         net (fo=8, routed)           0.170    -0.296    rv64im72f_6sp/data_memory/memory_reg_0_255_46_46/A3
    SLICE_X42Y76         RAMS64E                                      r  rv64im72f_6sp/data_memory/memory_reg_0_255_46_46/RAMS64E_C/ADR3
  -------------------------------------------------------------------    -------------------

                         (clock clk_out1_clk_wiz_0 rise edge)
                                                      0.000     0.000 r  
    R4                                                0.000     0.000 r  clk (IN)
                         net (fo=0)                   0.000     0.000    clk_gen/inst/clk_in1
    R4                   IBUF (Prop_ibuf_I_O)         0.431     0.431 r  clk_gen/inst/clkin1_ibufg/O
                         net (fo=1, routed)           0.481     0.912    clk_gen/inst/clk_in1_clk_wiz_0
    PLLE2_ADV_X1Y2       PLLE2_ADV (Prop_plle2_adv_CLKIN1_CLKOUT0)
                                                     -2.828    -1.916 r  clk_gen/inst/plle2_adv_inst/CLKOUT0
                         net (fo=1, routed)           0.595    -1.322    clk_gen/inst/clk_out1_clk_wiz_0
    BUFGCTRL_X0Y0        BUFG (Prop_bufg_I_O)         0.029    -1.293 r  clk_gen/inst/clkout1_buf/O
                         net (fo=13112, routed)       0.912    -0.381    rv64im72f_6sp/data_memory/memory_reg_0_255_46_46/WCLK
    SLICE_X42Y76         RAMS64E                                      r  rv64im72f_6sp/data_memory/memory_reg_0_255_46_46/RAMS64E_C/CLK
                         clock pessimism             -0.213    -0.594    
    SLICE_X42Y76         RAMS64E (Hold_rams64e_CLK_ADR3)
                                                      0.240    -0.354    rv64im72f_6sp/data_memory/memory_reg_0_255_46_46/RAMS64E_C
  -------------------------------------------------------------------
                         required time                          0.354    
                         arrival time                          -0.296    
  -------------------------------------------------------------------
                         slack                                  0.058    

Slack (MET) :             0.058ns  (arrival time - required time)
  Source:                 rv64im72f_6sp/ex_mem_register/MEM_alu_result_reg[6]/C
                            (rising edge-triggered cell FDRE clocked by clk_out1_clk_wiz_0  {rise@0.000ns fall@10.638ns period=21.277ns})
  Destination:            rv64im72f_6sp/data_memory/memory_reg_0_255_46_46/RAMS64E_D/ADR3
                            (rising edge-triggered cell RAMS64E clocked by clk_out1_clk_wiz_0  {rise@0.000ns fall@10.638ns period=21.277ns})
  Path Group:             clk_out1_clk_wiz_0
  Path Type:              Hold (Min at Fast Process Corner)
  Requirement:            0.000ns  (clk_out1_clk_wiz_0 rise@0.000ns - clk_out1_clk_wiz_0 rise@0.000ns)
  Data Path Delay:        0.311ns  (logic 0.141ns (45.376%)  route 0.170ns (54.624%))
  Logic Levels:           0  
  Clock Path Skew:        0.013ns (DCD - SCD - CPR)
    Destination Clock Delay (DCD):    -0.381ns
    Source Clock Delay      (SCD):    -0.607ns
    Clock Pessimism Removal (CPR):    0.213ns

    Location             Delay type                Incr(ns)  Path(ns)    Netlist Resource(s)
  -------------------------------------------------------------------    -------------------
                         (clock clk_out1_clk_wiz_0 rise edge)
                                                      0.000     0.000 r  
    R4                                                0.000     0.000 r  clk (IN)
                         net (fo=0)                   0.000     0.000    clk_gen/inst/clk_in1
    R4                   IBUF (Prop_ibuf_I_O)         0.243     0.243 r  clk_gen/inst/clkin1_ibufg/O
                         net (fo=1, routed)           0.440     0.683    clk_gen/inst/clk_in1_clk_wiz_0
    PLLE2_ADV_X1Y2       PLLE2_ADV (Prop_plle2_adv_CLKIN1_CLKOUT0)
                                                     -2.503    -1.819 r  clk_gen/inst/plle2_adv_inst/CLKOUT0
                         net (fo=1, routed)           0.546    -1.273    clk_gen/inst/clk_out1_clk_wiz_0
    BUFGCTRL_X0Y0        BUFG (Prop_bufg_I_O)         0.026    -1.247 r  clk_gen/inst/clkout1_buf/O
                         net (fo=13112, routed)       0.640    -0.607    rv64im72f_6sp/ex_mem_register/clk_out1
    SLICE_X43Y76         FDRE                                         r  rv64im72f_6sp/ex_mem_register/MEM_alu_result_reg[6]/C
  -------------------------------------------------------------------    -------------------
    SLICE_X43Y76         FDRE (Prop_fdre_C_Q)         0.141    -0.466 r  rv64im72f_6sp/ex_mem_register/MEM_alu_result_reg[6]/Q
                         net (fo=8, routed)           0.170    -0.296    rv64im72f_6sp/data_memory/memory_reg_0_255_46_46/A3
    SLICE_X42Y76         RAMS64E                                      r  rv64im72f_6sp/data_memory/memory_reg_0_255_46_46/RAMS64E_D/ADR3
  -------------------------------------------------------------------    -------------------

                         (clock clk_out1_clk_wiz_0 rise edge)
                                                      0.000     0.000 r  
    R4                                                0.000     0.000 r  clk (IN)
                         net (fo=0)                   0.000     0.000    clk_gen/inst/clk_in1
    R4                   IBUF (Prop_ibuf_I_O)         0.431     0.431 r  clk_gen/inst/clkin1_ibufg/O
                         net (fo=1, routed)           0.481     0.912    clk_gen/inst/clk_in1_clk_wiz_0
    PLLE2_ADV_X1Y2       PLLE2_ADV (Prop_plle2_adv_CLKIN1_CLKOUT0)
                                                     -2.828    -1.916 r  clk_gen/inst/plle2_adv_inst/CLKOUT0
                         net (fo=1, routed)           0.595    -1.322    clk_gen/inst/clk_out1_clk_wiz_0
    BUFGCTRL_X0Y0        BUFG (Prop_bufg_I_O)         0.029    -1.293 r  clk_gen/inst/clkout1_buf/O
                         net (fo=13112, routed)       0.912    -0.381    rv64im72f_6sp/data_memory/memory_reg_0_255_46_46/WCLK
    SLICE_X42Y76         RAMS64E                                      r  rv64im72f_6sp/data_memory/memory_reg_0_255_46_46/RAMS64E_D/CLK
                         clock pessimism             -0.213    -0.594    
    SLICE_X42Y76         RAMS64E (Hold_rams64e_CLK_ADR3)
                                                      0.240    -0.354    rv64im72f_6sp/data_memory/memory_reg_0_255_46_46/RAMS64E_D
  -------------------------------------------------------------------
                         required time                          0.354    
                         arrival time                          -0.296    
  -------------------------------------------------------------------
                         slack                                  0.058    

Slack (MET) :             0.063ns  (arrival time - required time)
  Source:                 rv64im72f_6sp/ex_mem_register/MEM_csr_read_data_reg[13]/C
                            (rising edge-triggered cell FDRE clocked by clk_out1_clk_wiz_0  {rise@0.000ns fall@10.638ns period=21.277ns})
  Destination:            rv64im72f_6sp/mem_wb_register/WB_csr_read_data_reg[13]/D
                            (rising edge-triggered cell FDRE clocked by clk_out1_clk_wiz_0  {rise@0.000ns fall@10.638ns period=21.277ns})
  Path Group:             clk_out1_clk_wiz_0
  Path Type:              Hold (Min at Fast Process Corner)
  Requirement:            0.000ns  (clk_out1_clk_wiz_0 rise@0.000ns - clk_out1_clk_wiz_0 rise@0.000ns)
  Data Path Delay:        0.329ns  (logic 0.141ns (42.884%)  route 0.188ns (57.116%))
  Logic Levels:           0  
  Clock Path Skew:        0.193ns (DCD - SCD - CPR)
    Destination Clock Delay (DCD):    -0.334ns
    Source Clock Delay      (SCD):    -0.491ns
    Clock Pessimism Removal (CPR):    -0.037ns

    Location             Delay type                Incr(ns)  Path(ns)    Netlist Resource(s)
  -------------------------------------------------------------------    -------------------
                         (clock clk_out1_clk_wiz_0 rise edge)
                                                      0.000     0.000 r  
    R4                                                0.000     0.000 r  clk (IN)
                         net (fo=0)                   0.000     0.000    clk_gen/inst/clk_in1
    R4                   IBUF (Prop_ibuf_I_O)         0.243     0.243 r  clk_gen/inst/clkin1_ibufg/O
                         net (fo=1, routed)           0.440     0.683    clk_gen/inst/clk_in1_clk_wiz_0
    PLLE2_ADV_X1Y2       PLLE2_ADV (Prop_plle2_adv_CLKIN1_CLKOUT0)
                                                     -2.503    -1.819 r  clk_gen/inst/plle2_adv_inst/CLKOUT0
                         net (fo=1, routed)           0.546    -1.273    clk_gen/inst/clk_out1_clk_wiz_0
    BUFGCTRL_X0Y0        BUFG (Prop_bufg_I_O)         0.026    -1.247 r  clk_gen/inst/clkout1_buf/O
                         net (fo=13112, routed)       0.757    -0.491    rv64im72f_6sp/ex_mem_register/clk_out1
    SLICE_X37Y47         FDRE                                         r  rv64im72f_6sp/ex_mem_register/MEM_csr_read_data_reg[13]/C
  -------------------------------------------------------------------    -------------------
    SLICE_X37Y47         FDRE (Prop_fdre_C_Q)         0.141    -0.350 r  rv64im72f_6sp/ex_mem_register/MEM_csr_read_data_reg[13]/Q
                         net (fo=2, routed)           0.188    -0.162    rv64im72f_6sp/mem_wb_register/WB_csr_read_data_reg[63]_1[13]
    SLICE_X39Y51         FDRE                                         r  rv64im72f_6sp/mem_wb_register/WB_csr_read_data_reg[13]/D
  -------------------------------------------------------------------    -------------------

                         (clock clk_out1_clk_wiz_0 rise edge)
                                                      0.000     0.000 r  
    R4                                                0.000     0.000 r  clk (IN)
                         net (fo=0)                   0.000     0.000    clk_gen/inst/clk_in1
    R4                   IBUF (Prop_ibuf_I_O)         0.431     0.431 r  clk_gen/inst/clkin1_ibufg/O
                         net (fo=1, routed)           0.481     0.912    clk_gen/inst/clk_in1_clk_wiz_0
    PLLE2_ADV_X1Y2       PLLE2_ADV (Prop_plle2_adv_CLKIN1_CLKOUT0)
                                                     -2.828    -1.916 r  clk_gen/inst/plle2_adv_inst/CLKOUT0
                         net (fo=1, routed)           0.595    -1.322    clk_gen/inst/clk_out1_clk_wiz_0
    BUFGCTRL_X0Y0        BUFG (Prop_bufg_I_O)         0.029    -1.293 r  clk_gen/inst/clkout1_buf/O
                         net (fo=13112, routed)       0.959    -0.334    rv64im72f_6sp/mem_wb_register/clk_out1
    SLICE_X39Y51         FDRE                                         r  rv64im72f_6sp/mem_wb_register/WB_csr_read_data_reg[13]/C
                         clock pessimism              0.037    -0.297    
    SLICE_X39Y51         FDRE (Hold_fdre_C_D)         0.072    -0.225    rv64im72f_6sp/mem_wb_register/WB_csr_read_data_reg[13]
  -------------------------------------------------------------------
                         required time                          0.225    
                         arrival time                          -0.162    
  -------------------------------------------------------------------
                         slack                                  0.063    

Slack (MET) :             0.067ns  (arrival time - required time)
  Source:                 rv64im72f_6sp/id_ex_register/EX_imm_reg[45]/C
                            (rising edge-triggered cell FDRE clocked by clk_out1_clk_wiz_0  {rise@0.000ns fall@10.638ns period=21.277ns})
  Destination:            rv64im72f_6sp/ex_ex2_register/EX2_imm_reg[45]/D
                            (rising edge-triggered cell FDRE clocked by clk_out1_clk_wiz_0  {rise@0.000ns fall@10.638ns period=21.277ns})
  Path Group:             clk_out1_clk_wiz_0
  Path Type:              Hold (Min at Fast Process Corner)
  Requirement:            0.000ns  (clk_out1_clk_wiz_0 rise@0.000ns - clk_out1_clk_wiz_0 rise@0.000ns)
  Data Path Delay:        0.333ns  (logic 0.141ns (42.374%)  route 0.192ns (57.626%))
  Logic Levels:           0  
  Clock Path Skew:        0.195ns (DCD - SCD - CPR)
    Destination Clock Delay (DCD):    -0.322ns
    Source Clock Delay      (SCD):    -0.481ns
    Clock Pessimism Removal (CPR):    -0.037ns

    Location             Delay type                Incr(ns)  Path(ns)    Netlist Resource(s)
  -------------------------------------------------------------------    -------------------
                         (clock clk_out1_clk_wiz_0 rise edge)
                                                      0.000     0.000 r  
    R4                                                0.000     0.000 r  clk (IN)
                         net (fo=0)                   0.000     0.000    clk_gen/inst/clk_in1
    R4                   IBUF (Prop_ibuf_I_O)         0.243     0.243 r  clk_gen/inst/clkin1_ibufg/O
                         net (fo=1, routed)           0.440     0.683    clk_gen/inst/clk_in1_clk_wiz_0
    PLLE2_ADV_X1Y2       PLLE2_ADV (Prop_plle2_adv_CLKIN1_CLKOUT0)
                                                     -2.503    -1.819 r  clk_gen/inst/plle2_adv_inst/CLKOUT0
                         net (fo=1, routed)           0.546    -1.273    clk_gen/inst/clk_out1_clk_wiz_0
    BUFGCTRL_X0Y0        BUFG (Prop_bufg_I_O)         0.026    -1.247 r  clk_gen/inst/clkout1_buf/O
                         net (fo=13112, routed)       0.767    -0.481    rv64im72f_6sp/id_ex_register/clk_out1
    SLICE_X11Y49         FDRE                                         r  rv64im72f_6sp/id_ex_register/EX_imm_reg[45]/C
  -------------------------------------------------------------------    -------------------
    SLICE_X11Y49         FDRE (Prop_fdre_C_Q)         0.141    -0.340 r  rv64im72f_6sp/id_ex_register/EX_imm_reg[45]/Q
                         net (fo=2, routed)           0.192    -0.148    rv64im72f_6sp/ex_ex2_register/EX2_imm_reg[63]_1[45]
    SLICE_X9Y50          FDRE                                         r  rv64im72f_6sp/ex_ex2_register/EX2_imm_reg[45]/D
  -------------------------------------------------------------------    -------------------

                         (clock clk_out1_clk_wiz_0 rise edge)
                                                      0.000     0.000 r  
    R4                                                0.000     0.000 r  clk (IN)
                         net (fo=0)                   0.000     0.000    clk_gen/inst/clk_in1
    R4                   IBUF (Prop_ibuf_I_O)         0.431     0.431 r  clk_gen/inst/clkin1_ibufg/O
                         net (fo=1, routed)           0.481     0.912    clk_gen/inst/clk_in1_clk_wiz_0
    PLLE2_ADV_X1Y2       PLLE2_ADV (Prop_plle2_adv_CLKIN1_CLKOUT0)
                                                     -2.828    -1.916 r  clk_gen/inst/plle2_adv_inst/CLKOUT0
                         net (fo=1, routed)           0.595    -1.322    clk_gen/inst/clk_out1_clk_wiz_0
    BUFGCTRL_X0Y0        BUFG (Prop_bufg_I_O)         0.029    -1.293 r  clk_gen/inst/clkout1_buf/O
                         net (fo=13112, routed)       0.971    -0.322    rv64im72f_6sp/ex_ex2_register/clk_out1
    SLICE_X9Y50          FDRE                                         r  rv64im72f_6sp/ex_ex2_register/EX2_imm_reg[45]/C
                         clock pessimism              0.037    -0.285    
    SLICE_X9Y50          FDRE (Hold_fdre_C_D)         0.070    -0.215    rv64im72f_6sp/ex_ex2_register/EX2_imm_reg[45]
  -------------------------------------------------------------------
                         required time                          0.215    
                         arrival time                          -0.148    
  -------------------------------------------------------------------
                         slack                                  0.067    





Pulse Width Checks
--------------------------------------------------------------------------------------
Clock Name:         clk_out1_clk_wiz_0
Waveform(ns):       { 0.000 10.638 }
Period(ns):         21.277
Sources:            { clk_gen/inst/plle2_adv_inst/CLKOUT0 }

Check Type        Corner  Lib Pin             Reference Pin  Required(ns)  Actual(ns)  Slack(ns)  Location        Pin
Min Period        n/a     RAMB36E1/CLKARDCLK  n/a            2.576         21.277      18.701     RAMB36_X1Y1     rv64im72f_6sp/instruction_memory/instruction_reg_0/CLKARDCLK
Min Period        n/a     RAMB36E1/CLKARDCLK  n/a            2.576         21.277      18.701     RAMB36_X1Y2     rv64im72f_6sp/instruction_memory/instruction_reg_1/CLKARDCLK
Min Period        n/a     RAMB36E1/CLKARDCLK  n/a            2.576         21.277      18.701     RAMB36_X0Y1     rv64im72f_6sp/instruction_memory/instruction_reg_2/CLKARDCLK
Min Period        n/a     RAMB36E1/CLKARDCLK  n/a            2.576         21.277      18.701     RAMB36_X1Y3     rv64im72f_6sp/instruction_memory/instruction_reg_3/CLKARDCLK
Min Period        n/a     RAMB36E1/CLKARDCLK  n/a            2.576         21.277      18.701     RAMB36_X0Y4     rv64im72f_6sp/instruction_memory/instruction_reg_4/CLKARDCLK
Min Period        n/a     RAMB36E1/CLKARDCLK  n/a            2.576         21.277      18.701     RAMB36_X0Y2     rv64im72f_6sp/instruction_memory/instruction_reg_5/CLKARDCLK
Min Period        n/a     RAMB36E1/CLKARDCLK  n/a            2.576         21.277      18.701     RAMB36_X1Y4     rv64im72f_6sp/instruction_memory/instruction_reg_6/CLKARDCLK
Min Period        n/a     RAMB36E1/CLKARDCLK  n/a            2.576         21.277      18.701     RAMB36_X0Y3     rv64im72f_6sp/instruction_memory/instruction_reg_7/CLKARDCLK
Min Period        n/a     BUFG/I              n/a            2.155         21.277      19.121     BUFGCTRL_X0Y0   clk_gen/inst/clkout1_buf/I
Min Period        n/a     DSP48E1/CLK         n/a            2.154         21.277      19.123     DSP48_X0Y9      rv64im72f_6sp/alu/multiplier_dword/mult_AHBH__0/CLK
Max Period        n/a     PLLE2_ADV/CLKOUT0   n/a            160.000       21.277      138.723    PLLE2_ADV_X1Y2  clk_gen/inst/plle2_adv_inst/CLKOUT0
Low Pulse Width   Slow    RAMS64E/CLK         n/a            1.250         10.638      9.388      SLICE_X40Y88    rv64im72f_6sp/data_memory/memory_reg_0_255_0_0/RAMS64E_A/CLK
Low Pulse Width   Fast    RAMS64E/CLK         n/a            1.250         10.638      9.388      SLICE_X40Y88    rv64im72f_6sp/data_memory/memory_reg_0_255_0_0/RAMS64E_A/CLK
Low Pulse Width   Slow    RAMS64E/CLK         n/a            1.250         10.638      9.388      SLICE_X40Y88    rv64im72f_6sp/data_memory/memory_reg_0_255_0_0/RAMS64E_B/CLK
Low Pulse Width   Fast    RAMS64E/CLK         n/a            1.250         10.638      9.388      SLICE_X40Y88    rv64im72f_6sp/data_memory/memory_reg_0_255_0_0/RAMS64E_B/CLK
Low Pulse Width   Slow    RAMS64E/CLK         n/a            1.250         10.638      9.388      SLICE_X40Y88    rv64im72f_6sp/data_memory/memory_reg_0_255_0_0/RAMS64E_C/CLK
Low Pulse Width   Fast    RAMS64E/CLK         n/a            1.250         10.638      9.388      SLICE_X40Y88    rv64im72f_6sp/data_memory/memory_reg_0_255_0_0/RAMS64E_C/CLK
Low Pulse Width   Slow    RAMS64E/CLK         n/a            1.250         10.638      9.388      SLICE_X40Y88    rv64im72f_6sp/data_memory/memory_reg_0_255_0_0/RAMS64E_D/CLK
Low Pulse Width   Fast    RAMS64E/CLK         n/a            1.250         10.638      9.388      SLICE_X40Y88    rv64im72f_6sp/data_memory/memory_reg_0_255_0_0/RAMS64E_D/CLK
Low Pulse Width   Slow    RAMS64E/CLK         n/a            1.250         10.638      9.388      SLICE_X52Y90    rv64im72f_6sp/data_memory/memory_reg_0_255_10_10/RAMS64E_A/CLK
Low Pulse Width   Fast    RAMS64E/CLK         n/a            1.250         10.638      9.388      SLICE_X52Y90    rv64im72f_6sp/data_memory/memory_reg_0_255_10_10/RAMS64E_A/CLK
High Pulse Width  Slow    RAMS64E/CLK         n/a            1.250         10.638      9.388      SLICE_X40Y88    rv64im72f_6sp/data_memory/memory_reg_0_255_0_0/RAMS64E_A/CLK
High Pulse Width  Fast    RAMS64E/CLK         n/a            1.250         10.638      9.388      SLICE_X40Y88    rv64im72f_6sp/data_memory/memory_reg_0_255_0_0/RAMS64E_A/CLK
High Pulse Width  Slow    RAMS64E/CLK         n/a            1.250         10.638      9.388      SLICE_X40Y88    rv64im72f_6sp/data_memory/memory_reg_0_255_0_0/RAMS64E_B/CLK
High Pulse Width  Fast    RAMS64E/CLK         n/a            1.250         10.638      9.388      SLICE_X40Y88    rv64im72f_6sp/data_memory/memory_reg_0_255_0_0/RAMS64E_B/CLK
High Pulse Width  Slow    RAMS64E/CLK         n/a            1.250         10.638      9.388      SLICE_X40Y88    rv64im72f_6sp/data_memory/memory_reg_0_255_0_0/RAMS64E_C/CLK
High Pulse Width  Fast    RAMS64E/CLK         n/a            1.250         10.638      9.388      SLICE_X40Y88    rv64im72f_6sp/data_memory/memory_reg_0_255_0_0/RAMS64E_C/CLK
High Pulse Width  Slow    RAMS64E/CLK         n/a            1.250         10.638      9.388      SLICE_X40Y88    rv64im72f_6sp/data_memory/memory_reg_0_255_0_0/RAMS64E_D/CLK
High Pulse Width  Fast    RAMS64E/CLK         n/a            1.250         10.638      9.388      SLICE_X40Y88    rv64im72f_6sp/data_memory/memory_reg_0_255_0_0/RAMS64E_D/CLK
High Pulse Width  Slow    RAMS64E/CLK         n/a            1.250         10.638      9.388      SLICE_X52Y90    rv64im72f_6sp/data_memory/memory_reg_0_255_10_10/RAMS64E_A/CLK
High Pulse Width  Fast    RAMS64E/CLK         n/a            1.250         10.638      9.388      SLICE_X52Y90    rv64im72f_6sp/data_memory/memory_reg_0_255_10_10/RAMS64E_A/CLK



---------------------------------------------------------------------------------------------------
From Clock:  clkfbout_clk_wiz_0
  To Clock:  clkfbout_clk_wiz_0

Setup :           NA  Failing Endpoints,  Worst Slack           NA  ,  Total Violation           NA
Hold  :           NA  Failing Endpoints,  Worst Slack           NA  ,  Total Violation           NA
PW    :            0  Failing Endpoints,  Worst Slack        2.633ns,  Total Violation        0.000ns
---------------------------------------------------------------------------------------------------


Pulse Width Checks
--------------------------------------------------------------------------------------
Clock Name:         clkfbout_clk_wiz_0
Waveform(ns):       { 0.000 25.000 }
Period(ns):         50.000
Sources:            { clk_gen/inst/plle2_adv_inst/CLKFBOUT }

Check Type  Corner  Lib Pin             Reference Pin  Required(ns)  Actual(ns)  Slack(ns)  Location        Pin
Min Period  n/a     BUFG/I              n/a            2.155         50.000      47.845     BUFGCTRL_X0Y1   clk_gen/inst/clkf_buf/I
Min Period  n/a     PLLE2_ADV/CLKFBOUT  n/a            1.249         50.000      48.751     PLLE2_ADV_X1Y2  clk_gen/inst/plle2_adv_inst/CLKFBOUT
Min Period  n/a     PLLE2_ADV/CLKFBIN   n/a            1.249         50.000      48.751     PLLE2_ADV_X1Y2  clk_gen/inst/plle2_adv_inst/CLKFBIN
Max Period  n/a     PLLE2_ADV/CLKFBIN   n/a            52.633        50.000      2.633      PLLE2_ADV_X1Y2  clk_gen/inst/plle2_adv_inst/CLKFBIN
Max Period  n/a     PLLE2_ADV/CLKFBOUT  n/a            160.000       50.000      110.000    PLLE2_ADV_X1Y2  clk_gen/inst/plle2_adv_inst/CLKFBOUT



---------------------------------------------------------------------------------------------------
Path Group:  **async_default**
From Clock:  clk_out1_clk_wiz_0
  To Clock:  clk_out1_clk_wiz_0

Setup :            0  Failing Endpoints,  Worst Slack        7.955ns,  Total Violation        0.000ns
Hold  :            0  Failing Endpoints,  Worst Slack        0.677ns,  Total Violation        0.000ns
---------------------------------------------------------------------------------------------------


Max Delay Paths
--------------------------------------------------------------------------------------
Slack (MET) :             7.955ns  (required time - arrival time)
  Source:                 reset_sync_reg[2]/C
                            (rising edge-triggered cell FDPE clocked by clk_out1_clk_wiz_0  {rise@0.000ns fall@10.638ns period=21.277ns})
  Destination:            uart_tx/bit_counter_reg[2]/CLR
                            (recovery check against rising-edge clock clk_out1_clk_wiz_0  {rise@0.000ns fall@10.638ns period=21.277ns})
  Path Group:             **async_default**
  Path Type:              Recovery (Max at Slow Process Corner)
  Requirement:            21.277ns  (clk_out1_clk_wiz_0 rise@21.277ns - clk_out1_clk_wiz_0 rise@0.000ns)
  Data Path Delay:        12.519ns  (logic 0.478ns (3.818%)  route 12.041ns (96.182%))
  Logic Levels:           0  
  Clock Path Skew:        -0.076ns (DCD - SCD + CPR)
    Destination Clock Delay (DCD):    -2.126ns = ( 19.151 - 21.277 ) 
    Source Clock Delay      (SCD):    -2.557ns
    Clock Pessimism Removal (CPR):    -0.507ns
  Clock Uncertainty:      0.150ns  ((TSJ^2 + DJ^2)^1/2) / 2 + PE
    Total System Jitter     (TSJ):    0.071ns
    Discrete Jitter          (DJ):    0.292ns
    Phase Error              (PE):    0.000ns

    Location             Delay type                Incr(ns)  Path(ns)    Netlist Resource(s)
  -------------------------------------------------------------------    -------------------
                         (clock clk_out1_clk_wiz_0 rise edge)
                                                      0.000     0.000 r  
    R4                                                0.000     0.000 r  clk (IN)
                         net (fo=0)                   0.000     0.000    clk_gen/inst/clk_in1
    R4                   IBUF (Prop_ibuf_I_O)         1.475     1.475 r  clk_gen/inst/clkin1_ibufg/O
                         net (fo=1, routed)           1.253     2.728    clk_gen/inst/clk_in1_clk_wiz_0
    PLLE2_ADV_X1Y2       PLLE2_ADV (Prop_plle2_adv_CLKIN1_CLKOUT0)
                                                     -8.953    -6.225 r  clk_gen/inst/plle2_adv_inst/CLKOUT0
                         net (fo=1, routed)           1.802    -4.422    clk_gen/inst/clk_out1_clk_wiz_0
    BUFGCTRL_X0Y0        BUFG (Prop_bufg_I_O)         0.096    -4.326 r  clk_gen/inst/clkout1_buf/O
                         net (fo=13112, routed)       1.769    -2.557    clk_cpu
    SLICE_X22Y147        FDPE                                         r  reset_sync_reg[2]/C
  -------------------------------------------------------------------    -------------------
    SLICE_X22Y147        FDPE (Prop_fdpe_C_Q)         0.478    -2.079 f  reset_sync_reg[2]/Q
                         net (fo=2121, routed)       12.041     9.963    uart_tx/Q[0]
    SLICE_X81Y62         FDCE                                         f  uart_tx/bit_counter_reg[2]/CLR
  -------------------------------------------------------------------    -------------------

                         (clock clk_out1_clk_wiz_0 rise edge)
                                                     21.277    21.277 r  
    R4                                                0.000    21.277 r  clk (IN)
                         net (fo=0)                   0.000    21.277    clk_gen/inst/clk_in1
    R4                   IBUF (Prop_ibuf_I_O)         1.405    22.681 r  clk_gen/inst/clkin1_ibufg/O
                         net (fo=1, routed)           1.181    23.862    clk_gen/inst/clk_in1_clk_wiz_0
    PLLE2_ADV_X1Y2       PLLE2_ADV (Prop_plle2_adv_CLKIN1_CLKOUT0)
                                                     -8.206    15.657 r  clk_gen/inst/plle2_adv_inst/CLKOUT0
                         net (fo=1, routed)           1.718    17.375    clk_gen/inst/clk_out1_clk_wiz_0
    BUFGCTRL_X0Y0        BUFG (Prop_bufg_I_O)         0.091    17.466 r  clk_gen/inst/clkout1_buf/O
                         net (fo=13112, routed)       1.685    19.151    uart_tx/clk_out1
    SLICE_X81Y62         FDCE                                         r  uart_tx/bit_counter_reg[2]/C
                         clock pessimism             -0.507    18.643    
                         clock uncertainty           -0.150    18.493    
    SLICE_X81Y62         FDCE (Recov_fdce_C_CLR)     -0.576    17.917    uart_tx/bit_counter_reg[2]
  -------------------------------------------------------------------
                         required time                         17.917    
                         arrival time                          -9.963    
  -------------------------------------------------------------------
                         slack                                  7.955    

Slack (MET) :             7.955ns  (required time - arrival time)
  Source:                 reset_sync_reg[2]/C
                            (rising edge-triggered cell FDPE clocked by clk_out1_clk_wiz_0  {rise@0.000ns fall@10.638ns period=21.277ns})
  Destination:            uart_tx/bit_counter_reg[3]/CLR
                            (recovery check against rising-edge clock clk_out1_clk_wiz_0  {rise@0.000ns fall@10.638ns period=21.277ns})
  Path Group:             **async_default**
  Path Type:              Recovery (Max at Slow Process Corner)
  Requirement:            21.277ns  (clk_out1_clk_wiz_0 rise@21.277ns - clk_out1_clk_wiz_0 rise@0.000ns)
  Data Path Delay:        12.519ns  (logic 0.478ns (3.818%)  route 12.041ns (96.182%))
  Logic Levels:           0  
  Clock Path Skew:        -0.076ns (DCD - SCD + CPR)
    Destination Clock Delay (DCD):    -2.126ns = ( 19.151 - 21.277 ) 
    Source Clock Delay      (SCD):    -2.557ns
    Clock Pessimism Removal (CPR):    -0.507ns
  Clock Uncertainty:      0.150ns  ((TSJ^2 + DJ^2)^1/2) / 2 + PE
    Total System Jitter     (TSJ):    0.071ns
    Discrete Jitter          (DJ):    0.292ns
    Phase Error              (PE):    0.000ns

    Location             Delay type                Incr(ns)  Path(ns)    Netlist Resource(s)
  -------------------------------------------------------------------    -------------------
                         (clock clk_out1_clk_wiz_0 rise edge)
                                                      0.000     0.000 r  
    R4                                                0.000     0.000 r  clk (IN)
                         net (fo=0)                   0.000     0.000    clk_gen/inst/clk_in1
    R4                   IBUF (Prop_ibuf_I_O)         1.475     1.475 r  clk_gen/inst/clkin1_ibufg/O
                         net (fo=1, routed)           1.253     2.728    clk_gen/inst/clk_in1_clk_wiz_0
    PLLE2_ADV_X1Y2       PLLE2_ADV (Prop_plle2_adv_CLKIN1_CLKOUT0)
                                                     -8.953    -6.225 r  clk_gen/inst/plle2_adv_inst/CLKOUT0
                         net (fo=1, routed)           1.802    -4.422    clk_gen/inst/clk_out1_clk_wiz_0
    BUFGCTRL_X0Y0        BUFG (Prop_bufg_I_O)         0.096    -4.326 r  clk_gen/inst/clkout1_buf/O
                         net (fo=13112, routed)       1.769    -2.557    clk_cpu
    SLICE_X22Y147        FDPE                                         r  reset_sync_reg[2]/C
  -------------------------------------------------------------------    -------------------
    SLICE_X22Y147        FDPE (Prop_fdpe_C_Q)         0.478    -2.079 f  reset_sync_reg[2]/Q
                         net (fo=2121, routed)       12.041     9.963    uart_tx/Q[0]
    SLICE_X81Y62         FDCE                                         f  uart_tx/bit_counter_reg[3]/CLR
  -------------------------------------------------------------------    -------------------

                         (clock clk_out1_clk_wiz_0 rise edge)
                                                     21.277    21.277 r  
    R4                                                0.000    21.277 r  clk (IN)
                         net (fo=0)                   0.000    21.277    clk_gen/inst/clk_in1
    R4                   IBUF (Prop_ibuf_I_O)         1.405    22.681 r  clk_gen/inst/clkin1_ibufg/O
                         net (fo=1, routed)           1.181    23.862    clk_gen/inst/clk_in1_clk_wiz_0
    PLLE2_ADV_X1Y2       PLLE2_ADV (Prop_plle2_adv_CLKIN1_CLKOUT0)
                                                     -8.206    15.657 r  clk_gen/inst/plle2_adv_inst/CLKOUT0
                         net (fo=1, routed)           1.718    17.375    clk_gen/inst/clk_out1_clk_wiz_0
    BUFGCTRL_X0Y0        BUFG (Prop_bufg_I_O)         0.091    17.466 r  clk_gen/inst/clkout1_buf/O
                         net (fo=13112, routed)       1.685    19.151    uart_tx/clk_out1
    SLICE_X81Y62         FDCE                                         r  uart_tx/bit_counter_reg[3]/C
                         clock pessimism             -0.507    18.643    
                         clock uncertainty           -0.150    18.493    
    SLICE_X81Y62         FDCE (Recov_fdce_C_CLR)     -0.576    17.917    uart_tx/bit_counter_reg[3]
  -------------------------------------------------------------------
                         required time                         17.917    
                         arrival time                          -9.963    
  -------------------------------------------------------------------
                         slack                                  7.955    

Slack (MET) :             7.966ns  (required time - arrival time)
  Source:                 reset_sync_reg[2]/C
                            (rising edge-triggered cell FDPE clocked by clk_out1_clk_wiz_0  {rise@0.000ns fall@10.638ns period=21.277ns})
  Destination:            uart_tx/baud_counter_reg[0]/CLR
                            (recovery check against rising-edge clock clk_out1_clk_wiz_0  {rise@0.000ns fall@10.638ns period=21.277ns})
  Path Group:             **async_default**
  Path Type:              Recovery (Max at Slow Process Corner)
  Requirement:            21.277ns  (clk_out1_clk_wiz_0 rise@21.277ns - clk_out1_clk_wiz_0 rise@0.000ns)
  Data Path Delay:        12.530ns  (logic 0.478ns (3.815%)  route 12.052ns (96.185%))
  Logic Levels:           0  
  Clock Path Skew:        -0.054ns (DCD - SCD + CPR)
    Destination Clock Delay (DCD):    -2.104ns = ( 19.173 - 21.277 ) 
    Source Clock Delay      (SCD):    -2.557ns
    Clock Pessimism Removal (CPR):    -0.507ns
  Clock Uncertainty:      0.150ns  ((TSJ^2 + DJ^2)^1/2) / 2 + PE
    Total System Jitter     (TSJ):    0.071ns
    Discrete Jitter          (DJ):    0.292ns
    Phase Error              (PE):    0.000ns

    Location             Delay type                Incr(ns)  Path(ns)    Netlist Resource(s)
  -------------------------------------------------------------------    -------------------
                         (clock clk_out1_clk_wiz_0 rise edge)
                                                      0.000     0.000 r  
    R4                                                0.000     0.000 r  clk (IN)
                         net (fo=0)                   0.000     0.000    clk_gen/inst/clk_in1
    R4                   IBUF (Prop_ibuf_I_O)         1.475     1.475 r  clk_gen/inst/clkin1_ibufg/O
                         net (fo=1, routed)           1.253     2.728    clk_gen/inst/clk_in1_clk_wiz_0
    PLLE2_ADV_X1Y2       PLLE2_ADV (Prop_plle2_adv_CLKIN1_CLKOUT0)
                                                     -8.953    -6.225 r  clk_gen/inst/plle2_adv_inst/CLKOUT0
                         net (fo=1, routed)           1.802    -4.422    clk_gen/inst/clk_out1_clk_wiz_0
    BUFGCTRL_X0Y0        BUFG (Prop_bufg_I_O)         0.096    -4.326 r  clk_gen/inst/clkout1_buf/O
                         net (fo=13112, routed)       1.769    -2.557    clk_cpu
    SLICE_X22Y147        FDPE                                         r  reset_sync_reg[2]/C
  -------------------------------------------------------------------    -------------------
    SLICE_X22Y147        FDPE (Prop_fdpe_C_Q)         0.478    -2.079 f  reset_sync_reg[2]/Q
                         net (fo=2121, routed)       12.052     9.973    uart_tx/Q[0]
    SLICE_X91Y60         FDCE                                         f  uart_tx/baud_counter_reg[0]/CLR
  -------------------------------------------------------------------    -------------------

                         (clock clk_out1_clk_wiz_0 rise edge)
                                                     21.277    21.277 r  
    R4                                                0.000    21.277 r  clk (IN)
                         net (fo=0)                   0.000    21.277    clk_gen/inst/clk_in1
    R4                   IBUF (Prop_ibuf_I_O)         1.405    22.681 r  clk_gen/inst/clkin1_ibufg/O
                         net (fo=1, routed)           1.181    23.862    clk_gen/inst/clk_in1_clk_wiz_0
    PLLE2_ADV_X1Y2       PLLE2_ADV (Prop_plle2_adv_CLKIN1_CLKOUT0)
                                                     -8.206    15.657 r  clk_gen/inst/plle2_adv_inst/CLKOUT0
                         net (fo=1, routed)           1.718    17.375    clk_gen/inst/clk_out1_clk_wiz_0
    BUFGCTRL_X0Y0        BUFG (Prop_bufg_I_O)         0.091    17.466 r  clk_gen/inst/clkout1_buf/O
                         net (fo=13112, routed)       1.707    19.173    uart_tx/clk_out1
    SLICE_X91Y60         FDCE                                         r  uart_tx/baud_counter_reg[0]/C
                         clock pessimism             -0.507    18.665    
                         clock uncertainty           -0.150    18.515    
    SLICE_X91Y60         FDCE (Recov_fdce_C_CLR)     -0.576    17.939    uart_tx/baud_counter_reg[0]
  -------------------------------------------------------------------
                         required time                         17.939    
                         arrival time                          -9.973    
  -------------------------------------------------------------------
                         slack                                  7.966    

Slack (MET) :             7.966ns  (required time - arrival time)
  Source:                 reset_sync_reg[2]/C
                            (rising edge-triggered cell FDPE clocked by clk_out1_clk_wiz_0  {rise@0.000ns fall@10.638ns period=21.277ns})
  Destination:            uart_tx/baud_counter_reg[1]/CLR
                            (recovery check against rising-edge clock clk_out1_clk_wiz_0  {rise@0.000ns fall@10.638ns period=21.277ns})
  Path Group:             **async_default**
  Path Type:              Recovery (Max at Slow Process Corner)
  Requirement:            21.277ns  (clk_out1_clk_wiz_0 rise@21.277ns - clk_out1_clk_wiz_0 rise@0.000ns)
  Data Path Delay:        12.530ns  (logic 0.478ns (3.815%)  route 12.052ns (96.185%))
  Logic Levels:           0  
  Clock Path Skew:        -0.054ns (DCD - SCD + CPR)
    Destination Clock Delay (DCD):    -2.104ns = ( 19.173 - 21.277 ) 
    Source Clock Delay      (SCD):    -2.557ns
    Clock Pessimism Removal (CPR):    -0.507ns
  Clock Uncertainty:      0.150ns  ((TSJ^2 + DJ^2)^1/2) / 2 + PE
    Total System Jitter     (TSJ):    0.071ns
    Discrete Jitter          (DJ):    0.292ns
    Phase Error              (PE):    0.000ns

    Location             Delay type                Incr(ns)  Path(ns)    Netlist Resource(s)
  -------------------------------------------------------------------    -------------------
                         (clock clk_out1_clk_wiz_0 rise edge)
                                                      0.000     0.000 r  
    R4                                                0.000     0.000 r  clk (IN)
                         net (fo=0)                   0.000     0.000    clk_gen/inst/clk_in1
    R4                   IBUF (Prop_ibuf_I_O)         1.475     1.475 r  clk_gen/inst/clkin1_ibufg/O
                         net (fo=1, routed)           1.253     2.728    clk_gen/inst/clk_in1_clk_wiz_0
    PLLE2_ADV_X1Y2       PLLE2_ADV (Prop_plle2_adv_CLKIN1_CLKOUT0)
                                                     -8.953    -6.225 r  clk_gen/inst/plle2_adv_inst/CLKOUT0
                         net (fo=1, routed)           1.802    -4.422    clk_gen/inst/clk_out1_clk_wiz_0
    BUFGCTRL_X0Y0        BUFG (Prop_bufg_I_O)         0.096    -4.326 r  clk_gen/inst/clkout1_buf/O
                         net (fo=13112, routed)       1.769    -2.557    clk_cpu
    SLICE_X22Y147        FDPE                                         r  reset_sync_reg[2]/C
  -------------------------------------------------------------------    -------------------
    SLICE_X22Y147        FDPE (Prop_fdpe_C_Q)         0.478    -2.079 f  reset_sync_reg[2]/Q
                         net (fo=2121, routed)       12.052     9.973    uart_tx/Q[0]
    SLICE_X91Y60         FDCE                                         f  uart_tx/baud_counter_reg[1]/CLR
  -------------------------------------------------------------------    -------------------

                         (clock clk_out1_clk_wiz_0 rise edge)
                                                     21.277    21.277 r  
    R4                                                0.000    21.277 r  clk (IN)
                         net (fo=0)                   0.000    21.277    clk_gen/inst/clk_in1
    R4                   IBUF (Prop_ibuf_I_O)         1.405    22.681 r  clk_gen/inst/clkin1_ibufg/O
                         net (fo=1, routed)           1.181    23.862    clk_gen/inst/clk_in1_clk_wiz_0
    PLLE2_ADV_X1Y2       PLLE2_ADV (Prop_plle2_adv_CLKIN1_CLKOUT0)
                                                     -8.206    15.657 r  clk_gen/inst/plle2_adv_inst/CLKOUT0
                         net (fo=1, routed)           1.718    17.375    clk_gen/inst/clk_out1_clk_wiz_0
    BUFGCTRL_X0Y0        BUFG (Prop_bufg_I_O)         0.091    17.466 r  clk_gen/inst/clkout1_buf/O
                         net (fo=13112, routed)       1.707    19.173    uart_tx/clk_out1
    SLICE_X91Y60         FDCE                                         r  uart_tx/baud_counter_reg[1]/C
                         clock pessimism             -0.507    18.665    
                         clock uncertainty           -0.150    18.515    
    SLICE_X91Y60         FDCE (Recov_fdce_C_CLR)     -0.576    17.939    uart_tx/baud_counter_reg[1]
  -------------------------------------------------------------------
                         required time                         17.939    
                         arrival time                          -9.973    
  -------------------------------------------------------------------
                         slack                                  7.966    

Slack (MET) :             7.966ns  (required time - arrival time)
  Source:                 reset_sync_reg[2]/C
                            (rising edge-triggered cell FDPE clocked by clk_out1_clk_wiz_0  {rise@0.000ns fall@10.638ns period=21.277ns})
  Destination:            uart_tx/baud_counter_reg[2]/CLR
                            (recovery check against rising-edge clock clk_out1_clk_wiz_0  {rise@0.000ns fall@10.638ns period=21.277ns})
  Path Group:             **async_default**
  Path Type:              Recovery (Max at Slow Process Corner)
  Requirement:            21.277ns  (clk_out1_clk_wiz_0 rise@21.277ns - clk_out1_clk_wiz_0 rise@0.000ns)
  Data Path Delay:        12.530ns  (logic 0.478ns (3.815%)  route 12.052ns (96.185%))
  Logic Levels:           0  
  Clock Path Skew:        -0.054ns (DCD - SCD + CPR)
    Destination Clock Delay (DCD):    -2.104ns = ( 19.173 - 21.277 ) 
    Source Clock Delay      (SCD):    -2.557ns
    Clock Pessimism Removal (CPR):    -0.507ns
  Clock Uncertainty:      0.150ns  ((TSJ^2 + DJ^2)^1/2) / 2 + PE
    Total System Jitter     (TSJ):    0.071ns
    Discrete Jitter          (DJ):    0.292ns
    Phase Error              (PE):    0.000ns

    Location             Delay type                Incr(ns)  Path(ns)    Netlist Resource(s)
  -------------------------------------------------------------------    -------------------
                         (clock clk_out1_clk_wiz_0 rise edge)
                                                      0.000     0.000 r  
    R4                                                0.000     0.000 r  clk (IN)
                         net (fo=0)                   0.000     0.000    clk_gen/inst/clk_in1
    R4                   IBUF (Prop_ibuf_I_O)         1.475     1.475 r  clk_gen/inst/clkin1_ibufg/O
                         net (fo=1, routed)           1.253     2.728    clk_gen/inst/clk_in1_clk_wiz_0
    PLLE2_ADV_X1Y2       PLLE2_ADV (Prop_plle2_adv_CLKIN1_CLKOUT0)
                                                     -8.953    -6.225 r  clk_gen/inst/plle2_adv_inst/CLKOUT0
                         net (fo=1, routed)           1.802    -4.422    clk_gen/inst/clk_out1_clk_wiz_0
    BUFGCTRL_X0Y0        BUFG (Prop_bufg_I_O)         0.096    -4.326 r  clk_gen/inst/clkout1_buf/O
                         net (fo=13112, routed)       1.769    -2.557    clk_cpu
    SLICE_X22Y147        FDPE                                         r  reset_sync_reg[2]/C
  -------------------------------------------------------------------    -------------------
    SLICE_X22Y147        FDPE (Prop_fdpe_C_Q)         0.478    -2.079 f  reset_sync_reg[2]/Q
                         net (fo=2121, routed)       12.052     9.973    uart_tx/Q[0]
    SLICE_X91Y60         FDCE                                         f  uart_tx/baud_counter_reg[2]/CLR
  -------------------------------------------------------------------    -------------------

                         (clock clk_out1_clk_wiz_0 rise edge)
                                                     21.277    21.277 r  
    R4                                                0.000    21.277 r  clk (IN)
                         net (fo=0)                   0.000    21.277    clk_gen/inst/clk_in1
    R4                   IBUF (Prop_ibuf_I_O)         1.405    22.681 r  clk_gen/inst/clkin1_ibufg/O
                         net (fo=1, routed)           1.181    23.862    clk_gen/inst/clk_in1_clk_wiz_0
    PLLE2_ADV_X1Y2       PLLE2_ADV (Prop_plle2_adv_CLKIN1_CLKOUT0)
                                                     -8.206    15.657 r  clk_gen/inst/plle2_adv_inst/CLKOUT0
                         net (fo=1, routed)           1.718    17.375    clk_gen/inst/clk_out1_clk_wiz_0
    BUFGCTRL_X0Y0        BUFG (Prop_bufg_I_O)         0.091    17.466 r  clk_gen/inst/clkout1_buf/O
                         net (fo=13112, routed)       1.707    19.173    uart_tx/clk_out1
    SLICE_X91Y60         FDCE                                         r  uart_tx/baud_counter_reg[2]/C
                         clock pessimism             -0.507    18.665    
                         clock uncertainty           -0.150    18.515    
    SLICE_X91Y60         FDCE (Recov_fdce_C_CLR)     -0.576    17.939    uart_tx/baud_counter_reg[2]
  -------------------------------------------------------------------
                         required time                         17.939    
                         arrival time                          -9.973    
  -------------------------------------------------------------------
                         slack                                  7.966    

Slack (MET) :             8.024ns  (required time - arrival time)
  Source:                 reset_sync_reg[2]/C
                            (rising edge-triggered cell FDPE clocked by clk_out1_clk_wiz_0  {rise@0.000ns fall@10.638ns period=21.277ns})
  Destination:            uart_tx/baud_counter_reg[4]/CLR
                            (recovery check against rising-edge clock clk_out1_clk_wiz_0  {rise@0.000ns fall@10.638ns period=21.277ns})
  Path Group:             **async_default**
  Path Type:              Recovery (Max at Slow Process Corner)
  Requirement:            21.277ns  (clk_out1_clk_wiz_0 rise@21.277ns - clk_out1_clk_wiz_0 rise@0.000ns)
  Data Path Delay:        12.472ns  (logic 0.478ns (3.833%)  route 11.994ns (96.167%))
  Logic Levels:           0  
  Clock Path Skew:        -0.055ns (DCD - SCD + CPR)
    Destination Clock Delay (DCD):    -2.105ns = ( 19.172 - 21.277 ) 
    Source Clock Delay      (SCD):    -2.557ns
    Clock Pessimism Removal (CPR):    -0.507ns
  Clock Uncertainty:      0.150ns  ((TSJ^2 + DJ^2)^1/2) / 2 + PE
    Total System Jitter     (TSJ):    0.071ns
    Discrete Jitter          (DJ):    0.292ns
    Phase Error              (PE):    0.000ns

    Location             Delay type                Incr(ns)  Path(ns)    Netlist Resource(s)
  -------------------------------------------------------------------    -------------------
                         (clock clk_out1_clk_wiz_0 rise edge)
                                                      0.000     0.000 r  
    R4                                                0.000     0.000 r  clk (IN)
                         net (fo=0)                   0.000     0.000    clk_gen/inst/clk_in1
    R4                   IBUF (Prop_ibuf_I_O)         1.475     1.475 r  clk_gen/inst/clkin1_ibufg/O
                         net (fo=1, routed)           1.253     2.728    clk_gen/inst/clk_in1_clk_wiz_0
    PLLE2_ADV_X1Y2       PLLE2_ADV (Prop_plle2_adv_CLKIN1_CLKOUT0)
                                                     -8.953    -6.225 r  clk_gen/inst/plle2_adv_inst/CLKOUT0
                         net (fo=1, routed)           1.802    -4.422    clk_gen/inst/clk_out1_clk_wiz_0
    BUFGCTRL_X0Y0        BUFG (Prop_bufg_I_O)         0.096    -4.326 r  clk_gen/inst/clkout1_buf/O
                         net (fo=13112, routed)       1.769    -2.557    clk_cpu
    SLICE_X22Y147        FDPE                                         r  reset_sync_reg[2]/C
  -------------------------------------------------------------------    -------------------
    SLICE_X22Y147        FDPE (Prop_fdpe_C_Q)         0.478    -2.079 f  reset_sync_reg[2]/Q
                         net (fo=2121, routed)       11.994     9.915    uart_tx/Q[0]
    SLICE_X91Y61         FDCE                                         f  uart_tx/baud_counter_reg[4]/CLR
  -------------------------------------------------------------------    -------------------

                         (clock clk_out1_clk_wiz_0 rise edge)
                                                     21.277    21.277 r  
    R4                                                0.000    21.277 r  clk (IN)
                         net (fo=0)                   0.000    21.277    clk_gen/inst/clk_in1
    R4                   IBUF (Prop_ibuf_I_O)         1.405    22.681 r  clk_gen/inst/clkin1_ibufg/O
                         net (fo=1, routed)           1.181    23.862    clk_gen/inst/clk_in1_clk_wiz_0
    PLLE2_ADV_X1Y2       PLLE2_ADV (Prop_plle2_adv_CLKIN1_CLKOUT0)
                                                     -8.206    15.657 r  clk_gen/inst/plle2_adv_inst/CLKOUT0
                         net (fo=1, routed)           1.718    17.375    clk_gen/inst/clk_out1_clk_wiz_0
    BUFGCTRL_X0Y0        BUFG (Prop_bufg_I_O)         0.091    17.466 r  clk_gen/inst/clkout1_buf/O
                         net (fo=13112, routed)       1.706    19.172    uart_tx/clk_out1
    SLICE_X91Y61         FDCE                                         r  uart_tx/baud_counter_reg[4]/C
                         clock pessimism             -0.507    18.664    
                         clock uncertainty           -0.150    18.514    
    SLICE_X91Y61         FDCE (Recov_fdce_C_CLR)     -0.576    17.938    uart_tx/baud_counter_reg[4]
  -------------------------------------------------------------------
                         required time                         17.938    
                         arrival time                          -9.915    
  -------------------------------------------------------------------
                         slack                                  8.024    

Slack (MET) :             8.024ns  (required time - arrival time)
  Source:                 reset_sync_reg[2]/C
                            (rising edge-triggered cell FDPE clocked by clk_out1_clk_wiz_0  {rise@0.000ns fall@10.638ns period=21.277ns})
  Destination:            uart_tx/baud_counter_reg[5]/CLR
                            (recovery check against rising-edge clock clk_out1_clk_wiz_0  {rise@0.000ns fall@10.638ns period=21.277ns})
  Path Group:             **async_default**
  Path Type:              Recovery (Max at Slow Process Corner)
  Requirement:            21.277ns  (clk_out1_clk_wiz_0 rise@21.277ns - clk_out1_clk_wiz_0 rise@0.000ns)
  Data Path Delay:        12.472ns  (logic 0.478ns (3.833%)  route 11.994ns (96.167%))
  Logic Levels:           0  
  Clock Path Skew:        -0.055ns (DCD - SCD + CPR)
    Destination Clock Delay (DCD):    -2.105ns = ( 19.172 - 21.277 ) 
    Source Clock Delay      (SCD):    -2.557ns
    Clock Pessimism Removal (CPR):    -0.507ns
  Clock Uncertainty:      0.150ns  ((TSJ^2 + DJ^2)^1/2) / 2 + PE
    Total System Jitter     (TSJ):    0.071ns
    Discrete Jitter          (DJ):    0.292ns
    Phase Error              (PE):    0.000ns

    Location             Delay type                Incr(ns)  Path(ns)    Netlist Resource(s)
  -------------------------------------------------------------------    -------------------
                         (clock clk_out1_clk_wiz_0 rise edge)
                                                      0.000     0.000 r  
    R4                                                0.000     0.000 r  clk (IN)
                         net (fo=0)                   0.000     0.000    clk_gen/inst/clk_in1
    R4                   IBUF (Prop_ibuf_I_O)         1.475     1.475 r  clk_gen/inst/clkin1_ibufg/O
                         net (fo=1, routed)           1.253     2.728    clk_gen/inst/clk_in1_clk_wiz_0
    PLLE2_ADV_X1Y2       PLLE2_ADV (Prop_plle2_adv_CLKIN1_CLKOUT0)
                                                     -8.953    -6.225 r  clk_gen/inst/plle2_adv_inst/CLKOUT0
                         net (fo=1, routed)           1.802    -4.422    clk_gen/inst/clk_out1_clk_wiz_0
    BUFGCTRL_X0Y0        BUFG (Prop_bufg_I_O)         0.096    -4.326 r  clk_gen/inst/clkout1_buf/O
                         net (fo=13112, routed)       1.769    -2.557    clk_cpu
    SLICE_X22Y147        FDPE                                         r  reset_sync_reg[2]/C
  -------------------------------------------------------------------    -------------------
    SLICE_X22Y147        FDPE (Prop_fdpe_C_Q)         0.478    -2.079 f  reset_sync_reg[2]/Q
                         net (fo=2121, routed)       11.994     9.915    uart_tx/Q[0]
    SLICE_X91Y61         FDCE                                         f  uart_tx/baud_counter_reg[5]/CLR
  -------------------------------------------------------------------    -------------------

                         (clock clk_out1_clk_wiz_0 rise edge)
                                                     21.277    21.277 r  
    R4                                                0.000    21.277 r  clk (IN)
                         net (fo=0)                   0.000    21.277    clk_gen/inst/clk_in1
    R4                   IBUF (Prop_ibuf_I_O)         1.405    22.681 r  clk_gen/inst/clkin1_ibufg/O
                         net (fo=1, routed)           1.181    23.862    clk_gen/inst/clk_in1_clk_wiz_0
    PLLE2_ADV_X1Y2       PLLE2_ADV (Prop_plle2_adv_CLKIN1_CLKOUT0)
                                                     -8.206    15.657 r  clk_gen/inst/plle2_adv_inst/CLKOUT0
                         net (fo=1, routed)           1.718    17.375    clk_gen/inst/clk_out1_clk_wiz_0
    BUFGCTRL_X0Y0        BUFG (Prop_bufg_I_O)         0.091    17.466 r  clk_gen/inst/clkout1_buf/O
                         net (fo=13112, routed)       1.706    19.172    uart_tx/clk_out1
    SLICE_X91Y61         FDCE                                         r  uart_tx/baud_counter_reg[5]/C
                         clock pessimism             -0.507    18.664    
                         clock uncertainty           -0.150    18.514    
    SLICE_X91Y61         FDCE (Recov_fdce_C_CLR)     -0.576    17.938    uart_tx/baud_counter_reg[5]
  -------------------------------------------------------------------
                         required time                         17.938    
                         arrival time                          -9.915    
  -------------------------------------------------------------------
                         slack                                  8.024    

Slack (MET) :             8.024ns  (required time - arrival time)
  Source:                 reset_sync_reg[2]/C
                            (rising edge-triggered cell FDPE clocked by clk_out1_clk_wiz_0  {rise@0.000ns fall@10.638ns period=21.277ns})
  Destination:            uart_tx/baud_counter_reg[6]/CLR
                            (recovery check against rising-edge clock clk_out1_clk_wiz_0  {rise@0.000ns fall@10.638ns period=21.277ns})
  Path Group:             **async_default**
  Path Type:              Recovery (Max at Slow Process Corner)
  Requirement:            21.277ns  (clk_out1_clk_wiz_0 rise@21.277ns - clk_out1_clk_wiz_0 rise@0.000ns)
  Data Path Delay:        12.472ns  (logic 0.478ns (3.833%)  route 11.994ns (96.167%))
  Logic Levels:           0  
  Clock Path Skew:        -0.055ns (DCD - SCD + CPR)
    Destination Clock Delay (DCD):    -2.105ns = ( 19.172 - 21.277 ) 
    Source Clock Delay      (SCD):    -2.557ns
    Clock Pessimism Removal (CPR):    -0.507ns
  Clock Uncertainty:      0.150ns  ((TSJ^2 + DJ^2)^1/2) / 2 + PE
    Total System Jitter     (TSJ):    0.071ns
    Discrete Jitter          (DJ):    0.292ns
    Phase Error              (PE):    0.000ns

    Location             Delay type                Incr(ns)  Path(ns)    Netlist Resource(s)
  -------------------------------------------------------------------    -------------------
                         (clock clk_out1_clk_wiz_0 rise edge)
                                                      0.000     0.000 r  
    R4                                                0.000     0.000 r  clk (IN)
                         net (fo=0)                   0.000     0.000    clk_gen/inst/clk_in1
    R4                   IBUF (Prop_ibuf_I_O)         1.475     1.475 r  clk_gen/inst/clkin1_ibufg/O
                         net (fo=1, routed)           1.253     2.728    clk_gen/inst/clk_in1_clk_wiz_0
    PLLE2_ADV_X1Y2       PLLE2_ADV (Prop_plle2_adv_CLKIN1_CLKOUT0)
                                                     -8.953    -6.225 r  clk_gen/inst/plle2_adv_inst/CLKOUT0
                         net (fo=1, routed)           1.802    -4.422    clk_gen/inst/clk_out1_clk_wiz_0
    BUFGCTRL_X0Y0        BUFG (Prop_bufg_I_O)         0.096    -4.326 r  clk_gen/inst/clkout1_buf/O
                         net (fo=13112, routed)       1.769    -2.557    clk_cpu
    SLICE_X22Y147        FDPE                                         r  reset_sync_reg[2]/C
  -------------------------------------------------------------------    -------------------
    SLICE_X22Y147        FDPE (Prop_fdpe_C_Q)         0.478    -2.079 f  reset_sync_reg[2]/Q
                         net (fo=2121, routed)       11.994     9.915    uart_tx/Q[0]
    SLICE_X91Y61         FDCE                                         f  uart_tx/baud_counter_reg[6]/CLR
  -------------------------------------------------------------------    -------------------

                         (clock clk_out1_clk_wiz_0 rise edge)
                                                     21.277    21.277 r  
    R4                                                0.000    21.277 r  clk (IN)
                         net (fo=0)                   0.000    21.277    clk_gen/inst/clk_in1
    R4                   IBUF (Prop_ibuf_I_O)         1.405    22.681 r  clk_gen/inst/clkin1_ibufg/O
                         net (fo=1, routed)           1.181    23.862    clk_gen/inst/clk_in1_clk_wiz_0
    PLLE2_ADV_X1Y2       PLLE2_ADV (Prop_plle2_adv_CLKIN1_CLKOUT0)
                                                     -8.206    15.657 r  clk_gen/inst/plle2_adv_inst/CLKOUT0
                         net (fo=1, routed)           1.718    17.375    clk_gen/inst/clk_out1_clk_wiz_0
    BUFGCTRL_X0Y0        BUFG (Prop_bufg_I_O)         0.091    17.466 r  clk_gen/inst/clkout1_buf/O
                         net (fo=13112, routed)       1.706    19.172    uart_tx/clk_out1
    SLICE_X91Y61         FDCE                                         r  uart_tx/baud_counter_reg[6]/C
                         clock pessimism             -0.507    18.664    
                         clock uncertainty           -0.150    18.514    
    SLICE_X91Y61         FDCE (Recov_fdce_C_CLR)     -0.576    17.938    uart_tx/baud_counter_reg[6]
  -------------------------------------------------------------------
                         required time                         17.938    
                         arrival time                          -9.915    
  -------------------------------------------------------------------
                         slack                                  8.024    

Slack (MET) :             8.094ns  (required time - arrival time)
  Source:                 reset_sync_reg[2]/C
                            (rising edge-triggered cell FDPE clocked by clk_out1_clk_wiz_0  {rise@0.000ns fall@10.638ns period=21.277ns})
  Destination:            uart_tx/bit_counter_reg[0]/CLR
                            (recovery check against rising-edge clock clk_out1_clk_wiz_0  {rise@0.000ns fall@10.638ns period=21.277ns})
  Path Group:             **async_default**
  Path Type:              Recovery (Max at Slow Process Corner)
  Requirement:            21.277ns  (clk_out1_clk_wiz_0 rise@21.277ns - clk_out1_clk_wiz_0 rise@0.000ns)
  Data Path Delay:        12.381ns  (logic 0.478ns (3.861%)  route 11.903ns (96.139%))
  Logic Levels:           0  
  Clock Path Skew:        -0.075ns (DCD - SCD + CPR)
    Destination Clock Delay (DCD):    -2.125ns = ( 19.152 - 21.277 ) 
    Source Clock Delay      (SCD):    -2.557ns
    Clock Pessimism Removal (CPR):    -0.507ns
  Clock Uncertainty:      0.150ns  ((TSJ^2 + DJ^2)^1/2) / 2 + PE
    Total System Jitter     (TSJ):    0.071ns
    Discrete Jitter          (DJ):    0.292ns
    Phase Error              (PE):    0.000ns

    Location             Delay type                Incr(ns)  Path(ns)    Netlist Resource(s)
  -------------------------------------------------------------------    -------------------
                         (clock clk_out1_clk_wiz_0 rise edge)
                                                      0.000     0.000 r  
    R4                                                0.000     0.000 r  clk (IN)
                         net (fo=0)                   0.000     0.000    clk_gen/inst/clk_in1
    R4                   IBUF (Prop_ibuf_I_O)         1.475     1.475 r  clk_gen/inst/clkin1_ibufg/O
                         net (fo=1, routed)           1.253     2.728    clk_gen/inst/clk_in1_clk_wiz_0
    PLLE2_ADV_X1Y2       PLLE2_ADV (Prop_plle2_adv_CLKIN1_CLKOUT0)
                                                     -8.953    -6.225 r  clk_gen/inst/plle2_adv_inst/CLKOUT0
                         net (fo=1, routed)           1.802    -4.422    clk_gen/inst/clk_out1_clk_wiz_0
    BUFGCTRL_X0Y0        BUFG (Prop_bufg_I_O)         0.096    -4.326 r  clk_gen/inst/clkout1_buf/O
                         net (fo=13112, routed)       1.769    -2.557    clk_cpu
    SLICE_X22Y147        FDPE                                         r  reset_sync_reg[2]/C
  -------------------------------------------------------------------    -------------------
    SLICE_X22Y147        FDPE (Prop_fdpe_C_Q)         0.478    -2.079 f  reset_sync_reg[2]/Q
                         net (fo=2121, routed)       11.903     9.824    uart_tx/Q[0]
    SLICE_X81Y61         FDCE                                         f  uart_tx/bit_counter_reg[0]/CLR
  -------------------------------------------------------------------    -------------------

                         (clock clk_out1_clk_wiz_0 rise edge)
                                                     21.277    21.277 r  
    R4                                                0.000    21.277 r  clk (IN)
                         net (fo=0)                   0.000    21.277    clk_gen/inst/clk_in1
    R4                   IBUF (Prop_ibuf_I_O)         1.405    22.681 r  clk_gen/inst/clkin1_ibufg/O
                         net (fo=1, routed)           1.181    23.862    clk_gen/inst/clk_in1_clk_wiz_0
    PLLE2_ADV_X1Y2       PLLE2_ADV (Prop_plle2_adv_CLKIN1_CLKOUT0)
                                                     -8.206    15.657 r  clk_gen/inst/plle2_adv_inst/CLKOUT0
                         net (fo=1, routed)           1.718    17.375    clk_gen/inst/clk_out1_clk_wiz_0
    BUFGCTRL_X0Y0        BUFG (Prop_bufg_I_O)         0.091    17.466 r  clk_gen/inst/clkout1_buf/O
                         net (fo=13112, routed)       1.686    19.152    uart_tx/clk_out1
    SLICE_X81Y61         FDCE                                         r  uart_tx/bit_counter_reg[0]/C
                         clock pessimism             -0.507    18.644    
                         clock uncertainty           -0.150    18.494    
    SLICE_X81Y61         FDCE (Recov_fdce_C_CLR)     -0.576    17.918    uart_tx/bit_counter_reg[0]
  -------------------------------------------------------------------
                         required time                         17.918    
                         arrival time                          -9.824    
  -------------------------------------------------------------------
                         slack                                  8.094    

Slack (MET) :             8.094ns  (required time - arrival time)
  Source:                 reset_sync_reg[2]/C
                            (rising edge-triggered cell FDPE clocked by clk_out1_clk_wiz_0  {rise@0.000ns fall@10.638ns period=21.277ns})
  Destination:            uart_tx/bit_counter_reg[1]/CLR
                            (recovery check against rising-edge clock clk_out1_clk_wiz_0  {rise@0.000ns fall@10.638ns period=21.277ns})
  Path Group:             **async_default**
  Path Type:              Recovery (Max at Slow Process Corner)
  Requirement:            21.277ns  (clk_out1_clk_wiz_0 rise@21.277ns - clk_out1_clk_wiz_0 rise@0.000ns)
  Data Path Delay:        12.381ns  (logic 0.478ns (3.861%)  route 11.903ns (96.139%))
  Logic Levels:           0  
  Clock Path Skew:        -0.075ns (DCD - SCD + CPR)
    Destination Clock Delay (DCD):    -2.125ns = ( 19.152 - 21.277 ) 
    Source Clock Delay      (SCD):    -2.557ns
    Clock Pessimism Removal (CPR):    -0.507ns
  Clock Uncertainty:      0.150ns  ((TSJ^2 + DJ^2)^1/2) / 2 + PE
    Total System Jitter     (TSJ):    0.071ns
    Discrete Jitter          (DJ):    0.292ns
    Phase Error              (PE):    0.000ns

    Location             Delay type                Incr(ns)  Path(ns)    Netlist Resource(s)
  -------------------------------------------------------------------    -------------------
                         (clock clk_out1_clk_wiz_0 rise edge)
                                                      0.000     0.000 r  
    R4                                                0.000     0.000 r  clk (IN)
                         net (fo=0)                   0.000     0.000    clk_gen/inst/clk_in1
    R4                   IBUF (Prop_ibuf_I_O)         1.475     1.475 r  clk_gen/inst/clkin1_ibufg/O
                         net (fo=1, routed)           1.253     2.728    clk_gen/inst/clk_in1_clk_wiz_0
    PLLE2_ADV_X1Y2       PLLE2_ADV (Prop_plle2_adv_CLKIN1_CLKOUT0)
                                                     -8.953    -6.225 r  clk_gen/inst/plle2_adv_inst/CLKOUT0
                         net (fo=1, routed)           1.802    -4.422    clk_gen/inst/clk_out1_clk_wiz_0
    BUFGCTRL_X0Y0        BUFG (Prop_bufg_I_O)         0.096    -4.326 r  clk_gen/inst/clkout1_buf/O
                         net (fo=13112, routed)       1.769    -2.557    clk_cpu
    SLICE_X22Y147        FDPE                                         r  reset_sync_reg[2]/C
  -------------------------------------------------------------------    -------------------
    SLICE_X22Y147        FDPE (Prop_fdpe_C_Q)         0.478    -2.079 f  reset_sync_reg[2]/Q
                         net (fo=2121, routed)       11.903     9.824    uart_tx/Q[0]
    SLICE_X81Y61         FDCE                                         f  uart_tx/bit_counter_reg[1]/CLR
  -------------------------------------------------------------------    -------------------

                         (clock clk_out1_clk_wiz_0 rise edge)
                                                     21.277    21.277 r  
    R4                                                0.000    21.277 r  clk (IN)
                         net (fo=0)                   0.000    21.277    clk_gen/inst/clk_in1
    R4                   IBUF (Prop_ibuf_I_O)         1.405    22.681 r  clk_gen/inst/clkin1_ibufg/O
                         net (fo=1, routed)           1.181    23.862    clk_gen/inst/clk_in1_clk_wiz_0
    PLLE2_ADV_X1Y2       PLLE2_ADV (Prop_plle2_adv_CLKIN1_CLKOUT0)
                                                     -8.206    15.657 r  clk_gen/inst/plle2_adv_inst/CLKOUT0
                         net (fo=1, routed)           1.718    17.375    clk_gen/inst/clk_out1_clk_wiz_0
    BUFGCTRL_X0Y0        BUFG (Prop_bufg_I_O)         0.091    17.466 r  clk_gen/inst/clkout1_buf/O
                         net (fo=13112, routed)       1.686    19.152    uart_tx/clk_out1
    SLICE_X81Y61         FDCE                                         r  uart_tx/bit_counter_reg[1]/C
                         clock pessimism             -0.507    18.644    
                         clock uncertainty           -0.150    18.494    
    SLICE_X81Y61         FDCE (Recov_fdce_C_CLR)     -0.576    17.918    uart_tx/bit_counter_reg[1]
  -------------------------------------------------------------------
                         required time                         17.918    
                         arrival time                          -9.824    
  -------------------------------------------------------------------
                         slack                                  8.094    





Min Delay Paths
--------------------------------------------------------------------------------------
Slack (MET) :             0.677ns  (arrival time - required time)
  Source:                 reset_sync_reg[2]/C
                            (rising edge-triggered cell FDPE clocked by clk_out1_clk_wiz_0  {rise@0.000ns fall@10.638ns period=21.277ns})
  Destination:            cpu_clk_enable_reg/CLR
                            (removal check against rising-edge clock clk_out1_clk_wiz_0  {rise@0.000ns fall@10.638ns period=21.277ns})
  Path Group:             **async_default**
  Path Type:              Removal (Min at Fast Process Corner)
  Requirement:            0.000ns  (clk_out1_clk_wiz_0 rise@0.000ns - clk_out1_clk_wiz_0 rise@0.000ns)
  Data Path Delay:        0.586ns  (logic 0.148ns (25.255%)  route 0.438ns (74.745%))
  Logic Levels:           0  
  Clock Path Skew:        0.029ns (DCD - SCD - CPR)
    Destination Clock Delay (DCD):    -0.405ns
    Source Clock Delay      (SCD):    -0.623ns
    Clock Pessimism Removal (CPR):    0.189ns

    Location             Delay type                Incr(ns)  Path(ns)    Netlist Resource(s)
  -------------------------------------------------------------------    -------------------
                         (clock clk_out1_clk_wiz_0 rise edge)
                                                      0.000     0.000 r  
    R4                                                0.000     0.000 r  clk (IN)
                         net (fo=0)                   0.000     0.000    clk_gen/inst/clk_in1
    R4                   IBUF (Prop_ibuf_I_O)         0.243     0.243 r  clk_gen/inst/clkin1_ibufg/O
                         net (fo=1, routed)           0.440     0.683    clk_gen/inst/clk_in1_clk_wiz_0
    PLLE2_ADV_X1Y2       PLLE2_ADV (Prop_plle2_adv_CLKIN1_CLKOUT0)
                                                     -2.503    -1.819 r  clk_gen/inst/plle2_adv_inst/CLKOUT0
                         net (fo=1, routed)           0.546    -1.273    clk_gen/inst/clk_out1_clk_wiz_0
    BUFGCTRL_X0Y0        BUFG (Prop_bufg_I_O)         0.026    -1.247 r  clk_gen/inst/clkout1_buf/O
                         net (fo=13112, routed)       0.625    -0.623    clk_cpu
    SLICE_X22Y147        FDPE                                         r  reset_sync_reg[2]/C
  -------------------------------------------------------------------    -------------------
    SLICE_X22Y147        FDPE (Prop_fdpe_C_Q)         0.148    -0.475 f  reset_sync_reg[2]/Q
                         net (fo=2121, routed)        0.438    -0.037    internal_reset
    SLICE_X20Y132        FDCE                                         f  cpu_clk_enable_reg/CLR
  -------------------------------------------------------------------    -------------------

                         (clock clk_out1_clk_wiz_0 rise edge)
                                                      0.000     0.000 r  
    R4                                                0.000     0.000 r  clk (IN)
                         net (fo=0)                   0.000     0.000    clk_gen/inst/clk_in1
    R4                   IBUF (Prop_ibuf_I_O)         0.431     0.431 r  clk_gen/inst/clkin1_ibufg/O
                         net (fo=1, routed)           0.481     0.912    clk_gen/inst/clk_in1_clk_wiz_0
    PLLE2_ADV_X1Y2       PLLE2_ADV (Prop_plle2_adv_CLKIN1_CLKOUT0)
                                                     -2.828    -1.916 r  clk_gen/inst/plle2_adv_inst/CLKOUT0
                         net (fo=1, routed)           0.595    -1.322    clk_gen/inst/clk_out1_clk_wiz_0
    BUFGCTRL_X0Y0        BUFG (Prop_bufg_I_O)         0.029    -1.293 r  clk_gen/inst/clkout1_buf/O
                         net (fo=13112, routed)       0.888    -0.405    clk_cpu
    SLICE_X20Y132        FDCE                                         r  cpu_clk_enable_reg/C
                         clock pessimism             -0.189    -0.594    
    SLICE_X20Y132        FDCE (Remov_fdce_C_CLR)     -0.120    -0.714    cpu_clk_enable_reg
  -------------------------------------------------------------------
                         required time                          0.714    
                         arrival time                          -0.037    
  -------------------------------------------------------------------
                         slack                                  0.677    

Slack (MET) :             0.677ns  (arrival time - required time)
  Source:                 reset_sync_reg[2]/C
                            (rising edge-triggered cell FDPE clocked by clk_out1_clk_wiz_0  {rise@0.000ns fall@10.638ns period=21.277ns})
  Destination:            unified_uart_controller/benchmark_start_reg/CLR
                            (removal check against rising-edge clock clk_out1_clk_wiz_0  {rise@0.000ns fall@10.638ns period=21.277ns})
  Path Group:             **async_default**
  Path Type:              Removal (Min at Fast Process Corner)
  Requirement:            0.000ns  (clk_out1_clk_wiz_0 rise@0.000ns - clk_out1_clk_wiz_0 rise@0.000ns)
  Data Path Delay:        0.586ns  (logic 0.148ns (25.255%)  route 0.438ns (74.745%))
  Logic Levels:           0  
  Clock Path Skew:        0.029ns (DCD - SCD - CPR)
    Destination Clock Delay (DCD):    -0.405ns
    Source Clock Delay      (SCD):    -0.623ns
    Clock Pessimism Removal (CPR):    0.189ns

    Location             Delay type                Incr(ns)  Path(ns)    Netlist Resource(s)
  -------------------------------------------------------------------    -------------------
                         (clock clk_out1_clk_wiz_0 rise edge)
                                                      0.000     0.000 r  
    R4                                                0.000     0.000 r  clk (IN)
                         net (fo=0)                   0.000     0.000    clk_gen/inst/clk_in1
    R4                   IBUF (Prop_ibuf_I_O)         0.243     0.243 r  clk_gen/inst/clkin1_ibufg/O
                         net (fo=1, routed)           0.440     0.683    clk_gen/inst/clk_in1_clk_wiz_0
    PLLE2_ADV_X1Y2       PLLE2_ADV (Prop_plle2_adv_CLKIN1_CLKOUT0)
                                                     -2.503    -1.819 r  clk_gen/inst/plle2_adv_inst/CLKOUT0
                         net (fo=1, routed)           0.546    -1.273    clk_gen/inst/clk_out1_clk_wiz_0
    BUFGCTRL_X0Y0        BUFG (Prop_bufg_I_O)         0.026    -1.247 r  clk_gen/inst/clkout1_buf/O
                         net (fo=13112, routed)       0.625    -0.623    clk_cpu
    SLICE_X22Y147        FDPE                                         r  reset_sync_reg[2]/C
  -------------------------------------------------------------------    -------------------
    SLICE_X22Y147        FDPE (Prop_fdpe_C_Q)         0.148    -0.475 f  reset_sync_reg[2]/Q
                         net (fo=2121, routed)        0.438    -0.037    unified_uart_controller/Q[0]
    SLICE_X20Y132        FDCE                                         f  unified_uart_controller/benchmark_start_reg/CLR
  -------------------------------------------------------------------    -------------------

                         (clock clk_out1_clk_wiz_0 rise edge)
                                                      0.000     0.000 r  
    R4                                                0.000     0.000 r  clk (IN)
                         net (fo=0)                   0.000     0.000    clk_gen/inst/clk_in1
    R4                   IBUF (Prop_ibuf_I_O)         0.431     0.431 r  clk_gen/inst/clkin1_ibufg/O
                         net (fo=1, routed)           0.481     0.912    clk_gen/inst/clk_in1_clk_wiz_0
    PLLE2_ADV_X1Y2       PLLE2_ADV (Prop_plle2_adv_CLKIN1_CLKOUT0)
                                                     -2.828    -1.916 r  clk_gen/inst/plle2_adv_inst/CLKOUT0
                         net (fo=1, routed)           0.595    -1.322    clk_gen/inst/clk_out1_clk_wiz_0
    BUFGCTRL_X0Y0        BUFG (Prop_bufg_I_O)         0.029    -1.293 r  clk_gen/inst/clkout1_buf/O
                         net (fo=13112, routed)       0.888    -0.405    unified_uart_controller/clk_out1
    SLICE_X20Y132        FDCE                                         r  unified_uart_controller/benchmark_start_reg/C
                         clock pessimism             -0.189    -0.594    
    SLICE_X20Y132        FDCE (Remov_fdce_C_CLR)     -0.120    -0.714    unified_uart_controller/benchmark_start_reg
  -------------------------------------------------------------------
                         required time                          0.714    
                         arrival time                          -0.037    
  -------------------------------------------------------------------
                         slack                                  0.677    

Slack (MET) :             0.677ns  (arrival time - required time)
  Source:                 reset_sync_reg[2]/C
                            (rising edge-triggered cell FDPE clocked by clk_out1_clk_wiz_0  {rise@0.000ns fall@10.638ns period=21.277ns})
  Destination:            unified_uart_controller/btn_prev_reg/CLR
                            (removal check against rising-edge clock clk_out1_clk_wiz_0  {rise@0.000ns fall@10.638ns period=21.277ns})
  Path Group:             **async_default**
  Path Type:              Removal (Min at Fast Process Corner)
  Requirement:            0.000ns  (clk_out1_clk_wiz_0 rise@0.000ns - clk_out1_clk_wiz_0 rise@0.000ns)
  Data Path Delay:        0.586ns  (logic 0.148ns (25.255%)  route 0.438ns (74.745%))
  Logic Levels:           0  
  Clock Path Skew:        0.029ns (DCD - SCD - CPR)
    Destination Clock Delay (DCD):    -0.405ns
    Source Clock Delay      (SCD):    -0.623ns
    Clock Pessimism Removal (CPR):    0.189ns

    Location             Delay type                Incr(ns)  Path(ns)    Netlist Resource(s)
  -------------------------------------------------------------------    -------------------
                         (clock clk_out1_clk_wiz_0 rise edge)
                                                      0.000     0.000 r  
    R4                                                0.000     0.000 r  clk (IN)
                         net (fo=0)                   0.000     0.000    clk_gen/inst/clk_in1
    R4                   IBUF (Prop_ibuf_I_O)         0.243     0.243 r  clk_gen/inst/clkin1_ibufg/O
                         net (fo=1, routed)           0.440     0.683    clk_gen/inst/clk_in1_clk_wiz_0
    PLLE2_ADV_X1Y2       PLLE2_ADV (Prop_plle2_adv_CLKIN1_CLKOUT0)
                                                     -2.503    -1.819 r  clk_gen/inst/plle2_adv_inst/CLKOUT0
                         net (fo=1, routed)           0.546    -1.273    clk_gen/inst/clk_out1_clk_wiz_0
    BUFGCTRL_X0Y0        BUFG (Prop_bufg_I_O)         0.026    -1.247 r  clk_gen/inst/clkout1_buf/O
                         net (fo=13112, routed)       0.625    -0.623    clk_cpu
    SLICE_X22Y147        FDPE                                         r  reset_sync_reg[2]/C
  -------------------------------------------------------------------    -------------------
    SLICE_X22Y147        FDPE (Prop_fdpe_C_Q)         0.148    -0.475 f  reset_sync_reg[2]/Q
                         net (fo=2121, routed)        0.438    -0.037    unified_uart_controller/Q[0]
    SLICE_X20Y132        FDCE                                         f  unified_uart_controller/btn_prev_reg/CLR
  -------------------------------------------------------------------    -------------------

                         (clock clk_out1_clk_wiz_0 rise edge)
                                                      0.000     0.000 r  
    R4                                                0.000     0.000 r  clk (IN)
                         net (fo=0)                   0.000     0.000    clk_gen/inst/clk_in1
    R4                   IBUF (Prop_ibuf_I_O)         0.431     0.431 r  clk_gen/inst/clkin1_ibufg/O
                         net (fo=1, routed)           0.481     0.912    clk_gen/inst/clk_in1_clk_wiz_0
    PLLE2_ADV_X1Y2       PLLE2_ADV (Prop_plle2_adv_CLKIN1_CLKOUT0)
                                                     -2.828    -1.916 r  clk_gen/inst/plle2_adv_inst/CLKOUT0
                         net (fo=1, routed)           0.595    -1.322    clk_gen/inst/clk_out1_clk_wiz_0
    BUFGCTRL_X0Y0        BUFG (Prop_bufg_I_O)         0.029    -1.293 r  clk_gen/inst/clkout1_buf/O
                         net (fo=13112, routed)       0.888    -0.405    unified_uart_controller/clk_out1
    SLICE_X20Y132        FDCE                                         r  unified_uart_controller/btn_prev_reg/C
                         clock pessimism             -0.189    -0.594    
    SLICE_X20Y132        FDCE (Remov_fdce_C_CLR)     -0.120    -0.714    unified_uart_controller/btn_prev_reg
  -------------------------------------------------------------------
                         required time                          0.714    
                         arrival time                          -0.037    
  -------------------------------------------------------------------
                         slack                                  0.677    

Slack (MET) :             0.677ns  (arrival time - required time)
  Source:                 reset_sync_reg[2]/C
                            (rising edge-triggered cell FDPE clocked by clk_out1_clk_wiz_0  {rise@0.000ns fall@10.638ns period=21.277ns})
  Destination:            unified_uart_controller/btn_stable_reg/CLR
                            (removal check against rising-edge clock clk_out1_clk_wiz_0  {rise@0.000ns fall@10.638ns period=21.277ns})
  Path Group:             **async_default**
  Path Type:              Removal (Min at Fast Process Corner)
  Requirement:            0.000ns  (clk_out1_clk_wiz_0 rise@0.000ns - clk_out1_clk_wiz_0 rise@0.000ns)
  Data Path Delay:        0.586ns  (logic 0.148ns (25.255%)  route 0.438ns (74.745%))
  Logic Levels:           0  
  Clock Path Skew:        0.029ns (DCD - SCD - CPR)
    Destination Clock Delay (DCD):    -0.405ns
    Source Clock Delay      (SCD):    -0.623ns
    Clock Pessimism Removal (CPR):    0.189ns

    Location             Delay type                Incr(ns)  Path(ns)    Netlist Resource(s)
  -------------------------------------------------------------------    -------------------
                         (clock clk_out1_clk_wiz_0 rise edge)
                                                      0.000     0.000 r  
    R4                                                0.000     0.000 r  clk (IN)
                         net (fo=0)                   0.000     0.000    clk_gen/inst/clk_in1
    R4                   IBUF (Prop_ibuf_I_O)         0.243     0.243 r  clk_gen/inst/clkin1_ibufg/O
                         net (fo=1, routed)           0.440     0.683    clk_gen/inst/clk_in1_clk_wiz_0
    PLLE2_ADV_X1Y2       PLLE2_ADV (Prop_plle2_adv_CLKIN1_CLKOUT0)
                                                     -2.503    -1.819 r  clk_gen/inst/plle2_adv_inst/CLKOUT0
                         net (fo=1, routed)           0.546    -1.273    clk_gen/inst/clk_out1_clk_wiz_0
    BUFGCTRL_X0Y0        BUFG (Prop_bufg_I_O)         0.026    -1.247 r  clk_gen/inst/clkout1_buf/O
                         net (fo=13112, routed)       0.625    -0.623    clk_cpu
    SLICE_X22Y147        FDPE                                         r  reset_sync_reg[2]/C
  -------------------------------------------------------------------    -------------------
    SLICE_X22Y147        FDPE (Prop_fdpe_C_Q)         0.148    -0.475 f  reset_sync_reg[2]/Q
                         net (fo=2121, routed)        0.438    -0.037    unified_uart_controller/Q[0]
    SLICE_X20Y132        FDCE                                         f  unified_uart_controller/btn_stable_reg/CLR
  -------------------------------------------------------------------    -------------------

                         (clock clk_out1_clk_wiz_0 rise edge)
                                                      0.000     0.000 r  
    R4                                                0.000     0.000 r  clk (IN)
                         net (fo=0)                   0.000     0.000    clk_gen/inst/clk_in1
    R4                   IBUF (Prop_ibuf_I_O)         0.431     0.431 r  clk_gen/inst/clkin1_ibufg/O
                         net (fo=1, routed)           0.481     0.912    clk_gen/inst/clk_in1_clk_wiz_0
    PLLE2_ADV_X1Y2       PLLE2_ADV (Prop_plle2_adv_CLKIN1_CLKOUT0)
                                                     -2.828    -1.916 r  clk_gen/inst/plle2_adv_inst/CLKOUT0
                         net (fo=1, routed)           0.595    -1.322    clk_gen/inst/clk_out1_clk_wiz_0
    BUFGCTRL_X0Y0        BUFG (Prop_bufg_I_O)         0.029    -1.293 r  clk_gen/inst/clkout1_buf/O
                         net (fo=13112, routed)       0.888    -0.405    unified_uart_controller/clk_out1
    SLICE_X20Y132        FDCE                                         r  unified_uart_controller/btn_stable_reg/C
                         clock pessimism             -0.189    -0.594    
    SLICE_X20Y132        FDCE (Remov_fdce_C_CLR)     -0.120    -0.714    unified_uart_controller/btn_stable_reg
  -------------------------------------------------------------------
                         required time                          0.714    
                         arrival time                          -0.037    
  -------------------------------------------------------------------
                         slack                                  0.677    

Slack (MET) :             0.752ns  (arrival time - required time)
  Source:                 reset_sync_reg[2]/C
                            (rising edge-triggered cell FDPE clocked by clk_out1_clk_wiz_0  {rise@0.000ns fall@10.638ns period=21.277ns})
  Destination:            unified_uart_controller/btn_sync_reg[2]/CLR
                            (removal check against rising-edge clock clk_out1_clk_wiz_0  {rise@0.000ns fall@10.638ns period=21.277ns})
  Path Group:             **async_default**
  Path Type:              Removal (Min at Fast Process Corner)
  Requirement:            0.000ns  (clk_out1_clk_wiz_0 rise@0.000ns - clk_out1_clk_wiz_0 rise@0.000ns)
  Data Path Delay:        0.664ns  (logic 0.148ns (22.298%)  route 0.516ns (77.702%))
  Logic Levels:           0  
  Clock Path Skew:        0.032ns (DCD - SCD - CPR)
    Destination Clock Delay (DCD):    -0.402ns
    Source Clock Delay      (SCD):    -0.623ns
    Clock Pessimism Removal (CPR):    0.189ns

    Location             Delay type                Incr(ns)  Path(ns)    Netlist Resource(s)
  -------------------------------------------------------------------    -------------------
                         (clock clk_out1_clk_wiz_0 rise edge)
                                                      0.000     0.000 r  
    R4                                                0.000     0.000 r  clk (IN)
                         net (fo=0)                   0.000     0.000    clk_gen/inst/clk_in1
    R4                   IBUF (Prop_ibuf_I_O)         0.243     0.243 r  clk_gen/inst/clkin1_ibufg/O
                         net (fo=1, routed)           0.440     0.683    clk_gen/inst/clk_in1_clk_wiz_0
    PLLE2_ADV_X1Y2       PLLE2_ADV (Prop_plle2_adv_CLKIN1_CLKOUT0)
                                                     -2.503    -1.819 r  clk_gen/inst/plle2_adv_inst/CLKOUT0
                         net (fo=1, routed)           0.546    -1.273    clk_gen/inst/clk_out1_clk_wiz_0
    BUFGCTRL_X0Y0        BUFG (Prop_bufg_I_O)         0.026    -1.247 r  clk_gen/inst/clkout1_buf/O
                         net (fo=13112, routed)       0.625    -0.623    clk_cpu
    SLICE_X22Y147        FDPE                                         r  reset_sync_reg[2]/C
  -------------------------------------------------------------------    -------------------
    SLICE_X22Y147        FDPE (Prop_fdpe_C_Q)         0.148    -0.475 f  reset_sync_reg[2]/Q
                         net (fo=2121, routed)        0.516     0.041    unified_uart_controller/Q[0]
    SLICE_X18Y133        FDCE                                         f  unified_uart_controller/btn_sync_reg[2]/CLR
  -------------------------------------------------------------------    -------------------

                         (clock clk_out1_clk_wiz_0 rise edge)
                                                      0.000     0.000 r  
    R4                                                0.000     0.000 r  clk (IN)
                         net (fo=0)                   0.000     0.000    clk_gen/inst/clk_in1
    R4                   IBUF (Prop_ibuf_I_O)         0.431     0.431 r  clk_gen/inst/clkin1_ibufg/O
                         net (fo=1, routed)           0.481     0.912    clk_gen/inst/clk_in1_clk_wiz_0
    PLLE2_ADV_X1Y2       PLLE2_ADV (Prop_plle2_adv_CLKIN1_CLKOUT0)
                                                     -2.828    -1.916 r  clk_gen/inst/plle2_adv_inst/CLKOUT0
                         net (fo=1, routed)           0.595    -1.322    clk_gen/inst/clk_out1_clk_wiz_0
    BUFGCTRL_X0Y0        BUFG (Prop_bufg_I_O)         0.029    -1.293 r  clk_gen/inst/clkout1_buf/O
                         net (fo=13112, routed)       0.891    -0.402    unified_uart_controller/clk_out1
    SLICE_X18Y133        FDCE                                         r  unified_uart_controller/btn_sync_reg[2]/C
                         clock pessimism             -0.189    -0.591    
    SLICE_X18Y133        FDCE (Remov_fdce_C_CLR)     -0.120    -0.711    unified_uart_controller/btn_sync_reg[2]
  -------------------------------------------------------------------
                         required time                          0.711    
                         arrival time                           0.041    
  -------------------------------------------------------------------
                         slack                                  0.752    

Slack (MET) :             0.857ns  (arrival time - required time)
  Source:                 reset_sync_reg[2]/C
                            (rising edge-triggered cell FDPE clocked by clk_out1_clk_wiz_0  {rise@0.000ns fall@10.638ns period=21.277ns})
  Destination:            unified_uart_controller/debounce_counter_reg[13]/CLR
                            (removal check against rising-edge clock clk_out1_clk_wiz_0  {rise@0.000ns fall@10.638ns period=21.277ns})
  Path Group:             **async_default**
  Path Type:              Removal (Min at Fast Process Corner)
  Requirement:            0.000ns  (clk_out1_clk_wiz_0 rise@0.000ns - clk_out1_clk_wiz_0 rise@0.000ns)
  Data Path Delay:        0.770ns  (logic 0.148ns (19.222%)  route 0.622ns (80.778%))
  Logic Levels:           0  
  Clock Path Skew:        0.033ns (DCD - SCD - CPR)
    Destination Clock Delay (DCD):    -0.401ns
    Source Clock Delay      (SCD):    -0.623ns
    Clock Pessimism Removal (CPR):    0.189ns

    Location             Delay type                Incr(ns)  Path(ns)    Netlist Resource(s)
  -------------------------------------------------------------------    -------------------
                         (clock clk_out1_clk_wiz_0 rise edge)
                                                      0.000     0.000 r  
    R4                                                0.000     0.000 r  clk (IN)
                         net (fo=0)                   0.000     0.000    clk_gen/inst/clk_in1
    R4                   IBUF (Prop_ibuf_I_O)         0.243     0.243 r  clk_gen/inst/clkin1_ibufg/O
                         net (fo=1, routed)           0.440     0.683    clk_gen/inst/clk_in1_clk_wiz_0
    PLLE2_ADV_X1Y2       PLLE2_ADV (Prop_plle2_adv_CLKIN1_CLKOUT0)
                                                     -2.503    -1.819 r  clk_gen/inst/plle2_adv_inst/CLKOUT0
                         net (fo=1, routed)           0.546    -1.273    clk_gen/inst/clk_out1_clk_wiz_0
    BUFGCTRL_X0Y0        BUFG (Prop_bufg_I_O)         0.026    -1.247 r  clk_gen/inst/clkout1_buf/O
                         net (fo=13112, routed)       0.625    -0.623    clk_cpu
    SLICE_X22Y147        FDPE                                         r  reset_sync_reg[2]/C
  -------------------------------------------------------------------    -------------------
    SLICE_X22Y147        FDPE (Prop_fdpe_C_Q)         0.148    -0.475 f  reset_sync_reg[2]/Q
                         net (fo=2121, routed)        0.622     0.147    unified_uart_controller/Q[0]
    SLICE_X16Y134        FDCE                                         f  unified_uart_controller/debounce_counter_reg[13]/CLR
  -------------------------------------------------------------------    -------------------

                         (clock clk_out1_clk_wiz_0 rise edge)
                                                      0.000     0.000 r  
    R4                                                0.000     0.000 r  clk (IN)
                         net (fo=0)                   0.000     0.000    clk_gen/inst/clk_in1
    R4                   IBUF (Prop_ibuf_I_O)         0.431     0.431 r  clk_gen/inst/clkin1_ibufg/O
                         net (fo=1, routed)           0.481     0.912    clk_gen/inst/clk_in1_clk_wiz_0
    PLLE2_ADV_X1Y2       PLLE2_ADV (Prop_plle2_adv_CLKIN1_CLKOUT0)
                                                     -2.828    -1.916 r  clk_gen/inst/plle2_adv_inst/CLKOUT0
                         net (fo=1, routed)           0.595    -1.322    clk_gen/inst/clk_out1_clk_wiz_0
    BUFGCTRL_X0Y0        BUFG (Prop_bufg_I_O)         0.029    -1.293 r  clk_gen/inst/clkout1_buf/O
                         net (fo=13112, routed)       0.892    -0.401    unified_uart_controller/clk_out1
    SLICE_X16Y134        FDCE                                         r  unified_uart_controller/debounce_counter_reg[13]/C
                         clock pessimism             -0.189    -0.590    
    SLICE_X16Y134        FDCE (Remov_fdce_C_CLR)     -0.120    -0.710    unified_uart_controller/debounce_counter_reg[13]
  -------------------------------------------------------------------
                         required time                          0.710    
                         arrival time                           0.147    
  -------------------------------------------------------------------
                         slack                                  0.857    

Slack (MET) :             0.857ns  (arrival time - required time)
  Source:                 reset_sync_reg[2]/C
                            (rising edge-triggered cell FDPE clocked by clk_out1_clk_wiz_0  {rise@0.000ns fall@10.638ns period=21.277ns})
  Destination:            unified_uart_controller/debounce_counter_reg[14]/CLR
                            (removal check against rising-edge clock clk_out1_clk_wiz_0  {rise@0.000ns fall@10.638ns period=21.277ns})
  Path Group:             **async_default**
  Path Type:              Removal (Min at Fast Process Corner)
  Requirement:            0.000ns  (clk_out1_clk_wiz_0 rise@0.000ns - clk_out1_clk_wiz_0 rise@0.000ns)
  Data Path Delay:        0.770ns  (logic 0.148ns (19.222%)  route 0.622ns (80.778%))
  Logic Levels:           0  
  Clock Path Skew:        0.033ns (DCD - SCD - CPR)
    Destination Clock Delay (DCD):    -0.401ns
    Source Clock Delay      (SCD):    -0.623ns
    Clock Pessimism Removal (CPR):    0.189ns

    Location             Delay type                Incr(ns)  Path(ns)    Netlist Resource(s)
  -------------------------------------------------------------------    -------------------
                         (clock clk_out1_clk_wiz_0 rise edge)
                                                      0.000     0.000 r  
    R4                                                0.000     0.000 r  clk (IN)
                         net (fo=0)                   0.000     0.000    clk_gen/inst/clk_in1
    R4                   IBUF (Prop_ibuf_I_O)         0.243     0.243 r  clk_gen/inst/clkin1_ibufg/O
                         net (fo=1, routed)           0.440     0.683    clk_gen/inst/clk_in1_clk_wiz_0
    PLLE2_ADV_X1Y2       PLLE2_ADV (Prop_plle2_adv_CLKIN1_CLKOUT0)
                                                     -2.503    -1.819 r  clk_gen/inst/plle2_adv_inst/CLKOUT0
                         net (fo=1, routed)           0.546    -1.273    clk_gen/inst/clk_out1_clk_wiz_0
    BUFGCTRL_X0Y0        BUFG (Prop_bufg_I_O)         0.026    -1.247 r  clk_gen/inst/clkout1_buf/O
                         net (fo=13112, routed)       0.625    -0.623    clk_cpu
    SLICE_X22Y147        FDPE                                         r  reset_sync_reg[2]/C
  -------------------------------------------------------------------    -------------------
    SLICE_X22Y147        FDPE (Prop_fdpe_C_Q)         0.148    -0.475 f  reset_sync_reg[2]/Q
                         net (fo=2121, routed)        0.622     0.147    unified_uart_controller/Q[0]
    SLICE_X16Y134        FDCE                                         f  unified_uart_controller/debounce_counter_reg[14]/CLR
  -------------------------------------------------------------------    -------------------

                         (clock clk_out1_clk_wiz_0 rise edge)
                                                      0.000     0.000 r  
    R4                                                0.000     0.000 r  clk (IN)
                         net (fo=0)                   0.000     0.000    clk_gen/inst/clk_in1
    R4                   IBUF (Prop_ibuf_I_O)         0.431     0.431 r  clk_gen/inst/clkin1_ibufg/O
                         net (fo=1, routed)           0.481     0.912    clk_gen/inst/clk_in1_clk_wiz_0
    PLLE2_ADV_X1Y2       PLLE2_ADV (Prop_plle2_adv_CLKIN1_CLKOUT0)
                                                     -2.828    -1.916 r  clk_gen/inst/plle2_adv_inst/CLKOUT0
                         net (fo=1, routed)           0.595    -1.322    clk_gen/inst/clk_out1_clk_wiz_0
    BUFGCTRL_X0Y0        BUFG (Prop_bufg_I_O)         0.029    -1.293 r  clk_gen/inst/clkout1_buf/O
                         net (fo=13112, routed)       0.892    -0.401    unified_uart_controller/clk_out1
    SLICE_X16Y134        FDCE                                         r  unified_uart_controller/debounce_counter_reg[14]/C
                         clock pessimism             -0.189    -0.590    
    SLICE_X16Y134        FDCE (Remov_fdce_C_CLR)     -0.120    -0.710    unified_uart_controller/debounce_counter_reg[14]
  -------------------------------------------------------------------
                         required time                          0.710    
                         arrival time                           0.147    
  -------------------------------------------------------------------
                         slack                                  0.857    

Slack (MET) :             0.884ns  (arrival time - required time)
  Source:                 reset_sync_reg[2]/C
                            (rising edge-triggered cell FDPE clocked by clk_out1_clk_wiz_0  {rise@0.000ns fall@10.638ns period=21.277ns})
  Destination:            unified_uart_controller/debounce_counter_reg[11]/CLR
                            (removal check against rising-edge clock clk_out1_clk_wiz_0  {rise@0.000ns fall@10.638ns period=21.277ns})
  Path Group:             **async_default**
  Path Type:              Removal (Min at Fast Process Corner)
  Requirement:            0.000ns  (clk_out1_clk_wiz_0 rise@0.000ns - clk_out1_clk_wiz_0 rise@0.000ns)
  Data Path Delay:        0.797ns  (logic 0.148ns (18.565%)  route 0.649ns (81.435%))
  Logic Levels:           0  
  Clock Path Skew:        0.033ns (DCD - SCD - CPR)
    Destination Clock Delay (DCD):    -0.401ns
    Source Clock Delay      (SCD):    -0.623ns
    Clock Pessimism Removal (CPR):    0.189ns

    Location             Delay type                Incr(ns)  Path(ns)    Netlist Resource(s)
  -------------------------------------------------------------------    -------------------
                         (clock clk_out1_clk_wiz_0 rise edge)
                                                      0.000     0.000 r  
    R4                                                0.000     0.000 r  clk (IN)
                         net (fo=0)                   0.000     0.000    clk_gen/inst/clk_in1
    R4                   IBUF (Prop_ibuf_I_O)         0.243     0.243 r  clk_gen/inst/clkin1_ibufg/O
                         net (fo=1, routed)           0.440     0.683    clk_gen/inst/clk_in1_clk_wiz_0
    PLLE2_ADV_X1Y2       PLLE2_ADV (Prop_plle2_adv_CLKIN1_CLKOUT0)
                                                     -2.503    -1.819 r  clk_gen/inst/plle2_adv_inst/CLKOUT0
                         net (fo=1, routed)           0.546    -1.273    clk_gen/inst/clk_out1_clk_wiz_0
    BUFGCTRL_X0Y0        BUFG (Prop_bufg_I_O)         0.026    -1.247 r  clk_gen/inst/clkout1_buf/O
                         net (fo=13112, routed)       0.625    -0.623    clk_cpu
    SLICE_X22Y147        FDPE                                         r  reset_sync_reg[2]/C
  -------------------------------------------------------------------    -------------------
    SLICE_X22Y147        FDPE (Prop_fdpe_C_Q)         0.148    -0.475 f  reset_sync_reg[2]/Q
                         net (fo=2121, routed)        0.649     0.174    unified_uart_controller/Q[0]
    SLICE_X14Y133        FDCE                                         f  unified_uart_controller/debounce_counter_reg[11]/CLR
  -------------------------------------------------------------------    -------------------

                         (clock clk_out1_clk_wiz_0 rise edge)
                                                      0.000     0.000 r  
    R4                                                0.000     0.000 r  clk (IN)
                         net (fo=0)                   0.000     0.000    clk_gen/inst/clk_in1
    R4                   IBUF (Prop_ibuf_I_O)         0.431     0.431 r  clk_gen/inst/clkin1_ibufg/O
                         net (fo=1, routed)           0.481     0.912    clk_gen/inst/clk_in1_clk_wiz_0
    PLLE2_ADV_X1Y2       PLLE2_ADV (Prop_plle2_adv_CLKIN1_CLKOUT0)
                                                     -2.828    -1.916 r  clk_gen/inst/plle2_adv_inst/CLKOUT0
                         net (fo=1, routed)           0.595    -1.322    clk_gen/inst/clk_out1_clk_wiz_0
    BUFGCTRL_X0Y0        BUFG (Prop_bufg_I_O)         0.029    -1.293 r  clk_gen/inst/clkout1_buf/O
                         net (fo=13112, routed)       0.892    -0.401    unified_uart_controller/clk_out1
    SLICE_X14Y133        FDCE                                         r  unified_uart_controller/debounce_counter_reg[11]/C
                         clock pessimism             -0.189    -0.590    
    SLICE_X14Y133        FDCE (Remov_fdce_C_CLR)     -0.120    -0.710    unified_uart_controller/debounce_counter_reg[11]
  -------------------------------------------------------------------
                         required time                          0.710    
                         arrival time                           0.174    
  -------------------------------------------------------------------
                         slack                                  0.884    

Slack (MET) :             0.884ns  (arrival time - required time)
  Source:                 reset_sync_reg[2]/C
                            (rising edge-triggered cell FDPE clocked by clk_out1_clk_wiz_0  {rise@0.000ns fall@10.638ns period=21.277ns})
  Destination:            unified_uart_controller/debounce_counter_reg[12]/CLR
                            (removal check against rising-edge clock clk_out1_clk_wiz_0  {rise@0.000ns fall@10.638ns period=21.277ns})
  Path Group:             **async_default**
  Path Type:              Removal (Min at Fast Process Corner)
  Requirement:            0.000ns  (clk_out1_clk_wiz_0 rise@0.000ns - clk_out1_clk_wiz_0 rise@0.000ns)
  Data Path Delay:        0.797ns  (logic 0.148ns (18.565%)  route 0.649ns (81.435%))
  Logic Levels:           0  
  Clock Path Skew:        0.033ns (DCD - SCD - CPR)
    Destination Clock Delay (DCD):    -0.401ns
    Source Clock Delay      (SCD):    -0.623ns
    Clock Pessimism Removal (CPR):    0.189ns

    Location             Delay type                Incr(ns)  Path(ns)    Netlist Resource(s)
  -------------------------------------------------------------------    -------------------
                         (clock clk_out1_clk_wiz_0 rise edge)
                                                      0.000     0.000 r  
    R4                                                0.000     0.000 r  clk (IN)
                         net (fo=0)                   0.000     0.000    clk_gen/inst/clk_in1
    R4                   IBUF (Prop_ibuf_I_O)         0.243     0.243 r  clk_gen/inst/clkin1_ibufg/O
                         net (fo=1, routed)           0.440     0.683    clk_gen/inst/clk_in1_clk_wiz_0
    PLLE2_ADV_X1Y2       PLLE2_ADV (Prop_plle2_adv_CLKIN1_CLKOUT0)
                                                     -2.503    -1.819 r  clk_gen/inst/plle2_adv_inst/CLKOUT0
                         net (fo=1, routed)           0.546    -1.273    clk_gen/inst/clk_out1_clk_wiz_0
    BUFGCTRL_X0Y0        BUFG (Prop_bufg_I_O)         0.026    -1.247 r  clk_gen/inst/clkout1_buf/O
                         net (fo=13112, routed)       0.625    -0.623    clk_cpu
    SLICE_X22Y147        FDPE                                         r  reset_sync_reg[2]/C
  -------------------------------------------------------------------    -------------------
    SLICE_X22Y147        FDPE (Prop_fdpe_C_Q)         0.148    -0.475 f  reset_sync_reg[2]/Q
                         net (fo=2121, routed)        0.649     0.174    unified_uart_controller/Q[0]
    SLICE_X14Y133        FDCE                                         f  unified_uart_controller/debounce_counter_reg[12]/CLR
  -------------------------------------------------------------------    -------------------

                         (clock clk_out1_clk_wiz_0 rise edge)
                                                      0.000     0.000 r  
    R4                                                0.000     0.000 r  clk (IN)
                         net (fo=0)                   0.000     0.000    clk_gen/inst/clk_in1
    R4                   IBUF (Prop_ibuf_I_O)         0.431     0.431 r  clk_gen/inst/clkin1_ibufg/O
                         net (fo=1, routed)           0.481     0.912    clk_gen/inst/clk_in1_clk_wiz_0
    PLLE2_ADV_X1Y2       PLLE2_ADV (Prop_plle2_adv_CLKIN1_CLKOUT0)
                                                     -2.828    -1.916 r  clk_gen/inst/plle2_adv_inst/CLKOUT0
                         net (fo=1, routed)           0.595    -1.322    clk_gen/inst/clk_out1_clk_wiz_0
    BUFGCTRL_X0Y0        BUFG (Prop_bufg_I_O)         0.029    -1.293 r  clk_gen/inst/clkout1_buf/O
                         net (fo=13112, routed)       0.892    -0.401    unified_uart_controller/clk_out1
    SLICE_X14Y133        FDCE                                         r  unified_uart_controller/debounce_counter_reg[12]/C
                         clock pessimism             -0.189    -0.590    
    SLICE_X14Y133        FDCE (Remov_fdce_C_CLR)     -0.120    -0.710    unified_uart_controller/debounce_counter_reg[12]
  -------------------------------------------------------------------
                         required time                          0.710    
                         arrival time                           0.174    
  -------------------------------------------------------------------
                         slack                                  0.884    

Slack (MET) :             0.884ns  (arrival time - required time)
  Source:                 reset_sync_reg[2]/C
                            (rising edge-triggered cell FDPE clocked by clk_out1_clk_wiz_0  {rise@0.000ns fall@10.638ns period=21.277ns})
  Destination:            unified_uart_controller/debounce_counter_reg[9]/CLR
                            (removal check against rising-edge clock clk_out1_clk_wiz_0  {rise@0.000ns fall@10.638ns period=21.277ns})
  Path Group:             **async_default**
  Path Type:              Removal (Min at Fast Process Corner)
  Requirement:            0.000ns  (clk_out1_clk_wiz_0 rise@0.000ns - clk_out1_clk_wiz_0 rise@0.000ns)
  Data Path Delay:        0.797ns  (logic 0.148ns (18.565%)  route 0.649ns (81.435%))
  Logic Levels:           0  
  Clock Path Skew:        0.033ns (DCD - SCD - CPR)
    Destination Clock Delay (DCD):    -0.401ns
    Source Clock Delay      (SCD):    -0.623ns
    Clock Pessimism Removal (CPR):    0.189ns

    Location             Delay type                Incr(ns)  Path(ns)    Netlist Resource(s)
  -------------------------------------------------------------------    -------------------
                         (clock clk_out1_clk_wiz_0 rise edge)
                                                      0.000     0.000 r  
    R4                                                0.000     0.000 r  clk (IN)
                         net (fo=0)                   0.000     0.000    clk_gen/inst/clk_in1
    R4                   IBUF (Prop_ibuf_I_O)         0.243     0.243 r  clk_gen/inst/clkin1_ibufg/O
                         net (fo=1, routed)           0.440     0.683    clk_gen/inst/clk_in1_clk_wiz_0
    PLLE2_ADV_X1Y2       PLLE2_ADV (Prop_plle2_adv_CLKIN1_CLKOUT0)
                                                     -2.503    -1.819 r  clk_gen/inst/plle2_adv_inst/CLKOUT0
                         net (fo=1, routed)           0.546    -1.273    clk_gen/inst/clk_out1_clk_wiz_0
    BUFGCTRL_X0Y0        BUFG (Prop_bufg_I_O)         0.026    -1.247 r  clk_gen/inst/clkout1_buf/O
                         net (fo=13112, routed)       0.625    -0.623    clk_cpu
    SLICE_X22Y147        FDPE                                         r  reset_sync_reg[2]/C
  -------------------------------------------------------------------    -------------------
    SLICE_X22Y147        FDPE (Prop_fdpe_C_Q)         0.148    -0.475 f  reset_sync_reg[2]/Q
                         net (fo=2121, routed)        0.649     0.174    unified_uart_controller/Q[0]
    SLICE_X14Y133        FDCE                                         f  unified_uart_controller/debounce_counter_reg[9]/CLR
  -------------------------------------------------------------------    -------------------

                         (clock clk_out1_clk_wiz_0 rise edge)
                                                      0.000     0.000 r  
    R4                                                0.000     0.000 r  clk (IN)
                         net (fo=0)                   0.000     0.000    clk_gen/inst/clk_in1
    R4                   IBUF (Prop_ibuf_I_O)         0.431     0.431 r  clk_gen/inst/clkin1_ibufg/O
                         net (fo=1, routed)           0.481     0.912    clk_gen/inst/clk_in1_clk_wiz_0
    PLLE2_ADV_X1Y2       PLLE2_ADV (Prop_plle2_adv_CLKIN1_CLKOUT0)
                                                     -2.828    -1.916 r  clk_gen/inst/plle2_adv_inst/CLKOUT0
                         net (fo=1, routed)           0.595    -1.322    clk_gen/inst/clk_out1_clk_wiz_0
    BUFGCTRL_X0Y0        BUFG (Prop_bufg_I_O)         0.029    -1.293 r  clk_gen/inst/clkout1_buf/O
                         net (fo=13112, routed)       0.892    -0.401    unified_uart_controller/clk_out1
    SLICE_X14Y133        FDCE                                         r  unified_uart_controller/debounce_counter_reg[9]/C
                         clock pessimism             -0.189    -0.590    
    SLICE_X14Y133        FDCE (Remov_fdce_C_CLR)     -0.120    -0.710    unified_uart_controller/debounce_counter_reg[9]
  -------------------------------------------------------------------
                         required time                          0.710    
                         arrival time                           0.174    
  -------------------------------------------------------------------
                         slack                                  0.884    





--------------------------------------------------------------------------------------
Path Group:  (none)
From Clock:  clk_out1_clk_wiz_0
  To Clock:  

Max Delay             9 Endpoints
Min Delay             9 Endpoints
--------------------------------------------------------------------------------------


Max Delay Paths
--------------------------------------------------------------------------------------
Slack:                    inf
  Source:                 cpu_clk_enable_reg/C
                            (rising edge-triggered cell FDCE clocked by clk_out1_clk_wiz_0  {rise@0.000ns fall@10.638ns period=21.277ns})
  Destination:            led[0]
                            (output port)
  Path Group:             (none)
  Path Type:              Max at Slow Process Corner
  Data Path Delay:        11.647ns  (logic 3.727ns (31.997%)  route 7.920ns (68.003%))
  Logic Levels:           2  (LUT1=1 OBUF=1)
  Clock Uncertainty:      0.450ns  ((TSJ^2 + DJ^2)^1/2) / 2 + PE
    Total System Jitter     (TSJ):    0.050ns
    Discrete Jitter          (DJ):    0.292ns
    Phase Error              (PE):    0.303ns
  Timing Exception:       False Path

    Location             Delay type                Incr(ns)  Path(ns)    Netlist Resource(s)
  -------------------------------------------------------------------    -------------------
                         (clock clk_out1_clk_wiz_0 rise edge)
                                                      0.000     0.000 r  
    R4                                                0.000     0.000 r  clk (IN)
                         net (fo=0)                   0.000     0.000    clk_gen/inst/clk_in1
    R4                   IBUF (Prop_ibuf_I_O)         1.475     1.475 r  clk_gen/inst/clkin1_ibufg/O
                         net (fo=1, routed)           1.253     2.728    clk_gen/inst/clk_in1_clk_wiz_0
    PLLE2_ADV_X1Y2       PLLE2_ADV (Prop_plle2_adv_CLKIN1_CLKOUT0)
                                                     -8.953    -6.225 r  clk_gen/inst/plle2_adv_inst/CLKOUT0
                         net (fo=1, routed)           1.802    -4.422    clk_gen/inst/clk_out1_clk_wiz_0
    BUFGCTRL_X0Y0        BUFG (Prop_bufg_I_O)         0.096    -4.326 r  clk_gen/inst/clkout1_buf/O
                         net (fo=13112, routed)       1.761    -2.565    clk_cpu
    SLICE_X20Y132        FDCE                                         r  cpu_clk_enable_reg/C
  -------------------------------------------------------------------    -------------------
    SLICE_X20Y132        FDCE (Prop_fdce_C_Q)         0.478    -2.087 f  cpu_clk_enable_reg/Q
                         net (fo=609, routed)         6.253     4.166    cpu_clk_enable
    SLICE_X0Y69          LUT1 (Prop_lut1_I0_O)        0.295     4.461 r  led_OBUF[0]_inst_i_1/O
                         net (fo=1, routed)           1.668     6.129    led_OBUF[0]
    T14                  OBUF (Prop_obuf_I_O)         2.954     9.082 r  led_OBUF[0]_inst/O
                         net (fo=0)                   0.000     9.082    led[0]
    T14                                                               r  led[0] (OUT)
  -------------------------------------------------------------------    -------------------

Slack:                    inf
  Source:                 uart_tx/tx_reg/C
                            (rising edge-triggered cell FDPE clocked by clk_out1_clk_wiz_0  {rise@0.000ns fall@10.638ns period=21.277ns})
  Destination:            uart_tx_in
                            (output port)
  Path Group:             (none)
  Path Type:              Max at Slow Process Corner
  Data Path Delay:        9.859ns  (logic 4.024ns (40.820%)  route 5.834ns (59.180%))
  Logic Levels:           1  (OBUF=1)
  Clock Uncertainty:      0.450ns  ((TSJ^2 + DJ^2)^1/2) / 2 + PE
    Total System Jitter     (TSJ):    0.050ns
    Discrete Jitter          (DJ):    0.292ns
    Phase Error              (PE):    0.303ns
  Timing Exception:       False Path

    Location             Delay type                Incr(ns)  Path(ns)    Netlist Resource(s)
  -------------------------------------------------------------------    -------------------
                         (clock clk_out1_clk_wiz_0 rise edge)
                                                      0.000     0.000 r  
    R4                                                0.000     0.000 r  clk (IN)
                         net (fo=0)                   0.000     0.000    clk_gen/inst/clk_in1
    R4                   IBUF (Prop_ibuf_I_O)         1.475     1.475 r  clk_gen/inst/clkin1_ibufg/O
                         net (fo=1, routed)           1.253     2.728    clk_gen/inst/clk_in1_clk_wiz_0
    PLLE2_ADV_X1Y2       PLLE2_ADV (Prop_plle2_adv_CLKIN1_CLKOUT0)
                                                     -8.953    -6.225 r  clk_gen/inst/plle2_adv_inst/CLKOUT0
                         net (fo=1, routed)           1.802    -4.422    clk_gen/inst/clk_out1_clk_wiz_0
    BUFGCTRL_X0Y0        BUFG (Prop_bufg_I_O)         0.096    -4.326 r  clk_gen/inst/clkout1_buf/O
                         net (fo=13112, routed)       1.813    -2.513    uart_tx/clk_out1
    SLICE_X79Y62         FDPE                                         r  uart_tx/tx_reg/C
  -------------------------------------------------------------------    -------------------
    SLICE_X79Y62         FDPE (Prop_fdpe_C_Q)         0.456    -2.057 r  uart_tx/tx_reg/Q
                         net (fo=1, routed)           5.834     3.778    uart_tx_in_OBUF
    AA19                 OBUF (Prop_obuf_I_O)         3.568     7.346 r  uart_tx_in_OBUF_inst/O
                         net (fo=0)                   0.000     7.346    uart_tx_in
    AA19                                                              r  uart_tx_in (OUT)
  -------------------------------------------------------------------    -------------------

Slack:                    inf
  Source:                 rv64im72f_6sp/mem_wb_register/WB_instruction_reg[6]_lopt_replica/C
                            (rising edge-triggered cell FDRE clocked by clk_out1_clk_wiz_0  {rise@0.000ns fall@10.638ns period=21.277ns})
  Destination:            led[7]
                            (output port)
  Path Group:             (none)
  Path Type:              Max at Slow Process Corner
  Data Path Delay:        8.397ns  (logic 3.425ns (40.783%)  route 4.972ns (59.217%))
  Logic Levels:           1  (OBUF=1)
  Clock Uncertainty:      0.450ns  ((TSJ^2 + DJ^2)^1/2) / 2 + PE
    Total System Jitter     (TSJ):    0.050ns
    Discrete Jitter          (DJ):    0.292ns
    Phase Error              (PE):    0.303ns
  Timing Exception:       False Path

    Location             Delay type                Incr(ns)  Path(ns)    Netlist Resource(s)
  -------------------------------------------------------------------    -------------------
                         (clock clk_out1_clk_wiz_0 rise edge)
                                                      0.000     0.000 r  
    R4                                                0.000     0.000 r  clk (IN)
                         net (fo=0)                   0.000     0.000    clk_gen/inst/clk_in1
    R4                   IBUF (Prop_ibuf_I_O)         1.475     1.475 r  clk_gen/inst/clkin1_ibufg/O
                         net (fo=1, routed)           1.253     2.728    clk_gen/inst/clk_in1_clk_wiz_0
    PLLE2_ADV_X1Y2       PLLE2_ADV (Prop_plle2_adv_CLKIN1_CLKOUT0)
                                                     -8.953    -6.225 r  clk_gen/inst/plle2_adv_inst/CLKOUT0
                         net (fo=1, routed)           1.802    -4.422    clk_gen/inst/clk_out1_clk_wiz_0
    BUFGCTRL_X0Y0        BUFG (Prop_bufg_I_O)         0.096    -4.326 r  clk_gen/inst/clkout1_buf/O
                         net (fo=13112, routed)       2.109    -2.217    rv64im72f_6sp/mem_wb_register/clk_out1
    SLICE_X27Y21         FDRE                                         r  rv64im72f_6sp/mem_wb_register/WB_instruction_reg[6]_lopt_replica/C
  -------------------------------------------------------------------    -------------------
    SLICE_X27Y21         FDRE (Prop_fdre_C_Q)         0.456    -1.761 r  rv64im72f_6sp/mem_wb_register/WB_instruction_reg[6]_lopt_replica/Q
                         net (fo=1, routed)           4.972     3.212    lopt_6
    Y13                  OBUF (Prop_obuf_I_O)         2.969     6.180 r  led_OBUF[7]_inst/O
                         net (fo=0)                   0.000     6.180    led[7]
    Y13                                                               r  led[7] (OUT)
  -------------------------------------------------------------------    -------------------

Slack:                    inf
  Source:                 rv64im72f_6sp/mem_wb_register/WB_instruction_reg[3]_lopt_replica/C
                            (rising edge-triggered cell FDRE clocked by clk_out1_clk_wiz_0  {rise@0.000ns fall@10.638ns period=21.277ns})
  Destination:            led[4]
                            (output port)
  Path Group:             (none)
  Path Type:              Max at Slow Process Corner
  Data Path Delay:        7.632ns  (logic 3.449ns (45.198%)  route 4.182ns (54.802%))
  Logic Levels:           1  (OBUF=1)
  Clock Uncertainty:      0.450ns  ((TSJ^2 + DJ^2)^1/2) / 2 + PE
    Total System Jitter     (TSJ):    0.050ns
    Discrete Jitter          (DJ):    0.292ns
    Phase Error              (PE):    0.303ns
  Timing Exception:       False Path

    Location             Delay type                Incr(ns)  Path(ns)    Netlist Resource(s)
  -------------------------------------------------------------------    -------------------
                         (clock clk_out1_clk_wiz_0 rise edge)
                                                      0.000     0.000 r  
    R4                                                0.000     0.000 r  clk (IN)
                         net (fo=0)                   0.000     0.000    clk_gen/inst/clk_in1
    R4                   IBUF (Prop_ibuf_I_O)         1.475     1.475 r  clk_gen/inst/clkin1_ibufg/O
                         net (fo=1, routed)           1.253     2.728    clk_gen/inst/clk_in1_clk_wiz_0
    PLLE2_ADV_X1Y2       PLLE2_ADV (Prop_plle2_adv_CLKIN1_CLKOUT0)
                                                     -8.953    -6.225 r  clk_gen/inst/plle2_adv_inst/CLKOUT0
                         net (fo=1, routed)           1.802    -4.422    clk_gen/inst/clk_out1_clk_wiz_0
    BUFGCTRL_X0Y0        BUFG (Prop_bufg_I_O)         0.096    -4.326 r  clk_gen/inst/clkout1_buf/O
                         net (fo=13112, routed)       2.120    -2.206    rv64im72f_6sp/mem_wb_register/clk_out1
    SLICE_X22Y15         FDRE                                         r  rv64im72f_6sp/mem_wb_register/WB_instruction_reg[3]_lopt_replica/C
  -------------------------------------------------------------------    -------------------
    SLICE_X22Y15         FDRE (Prop_fdre_C_Q)         0.518    -1.688 r  rv64im72f_6sp/mem_wb_register/WB_instruction_reg[3]_lopt_replica/Q
                         net (fo=1, routed)           4.182     2.494    lopt_3
    V15                  OBUF (Prop_obuf_I_O)         2.931     5.426 r  led_OBUF[4]_inst/O
                         net (fo=0)                   0.000     5.426    led[4]
    V15                                                               r  led[4] (OUT)
  -------------------------------------------------------------------    -------------------

Slack:                    inf
  Source:                 rv64im72f_6sp/mem_wb_register/WB_instruction_reg[5]_lopt_replica/C
                            (rising edge-triggered cell FDRE clocked by clk_out1_clk_wiz_0  {rise@0.000ns fall@10.638ns period=21.277ns})
  Destination:            led[6]
                            (output port)
  Path Group:             (none)
  Path Type:              Max at Slow Process Corner
  Data Path Delay:        7.398ns  (logic 3.371ns (45.571%)  route 4.026ns (54.429%))
  Logic Levels:           1  (OBUF=1)
  Clock Uncertainty:      0.450ns  ((TSJ^2 + DJ^2)^1/2) / 2 + PE
    Total System Jitter     (TSJ):    0.050ns
    Discrete Jitter          (DJ):    0.292ns
    Phase Error              (PE):    0.303ns
  Timing Exception:       False Path

    Location             Delay type                Incr(ns)  Path(ns)    Netlist Resource(s)
  -------------------------------------------------------------------    -------------------
                         (clock clk_out1_clk_wiz_0 rise edge)
                                                      0.000     0.000 r  
    R4                                                0.000     0.000 r  clk (IN)
                         net (fo=0)                   0.000     0.000    clk_gen/inst/clk_in1
    R4                   IBUF (Prop_ibuf_I_O)         1.475     1.475 r  clk_gen/inst/clkin1_ibufg/O
                         net (fo=1, routed)           1.253     2.728    clk_gen/inst/clk_in1_clk_wiz_0
    PLLE2_ADV_X1Y2       PLLE2_ADV (Prop_plle2_adv_CLKIN1_CLKOUT0)
                                                     -8.953    -6.225 r  clk_gen/inst/plle2_adv_inst/CLKOUT0
                         net (fo=1, routed)           1.802    -4.422    clk_gen/inst/clk_out1_clk_wiz_0
    BUFGCTRL_X0Y0        BUFG (Prop_bufg_I_O)         0.096    -4.326 r  clk_gen/inst/clkout1_buf/O
                         net (fo=13112, routed)       2.109    -2.217    rv64im72f_6sp/mem_wb_register/clk_out1
    SLICE_X27Y21         FDRE                                         r  rv64im72f_6sp/mem_wb_register/WB_instruction_reg[5]_lopt_replica/C
  -------------------------------------------------------------------    -------------------
    SLICE_X27Y21         FDRE (Prop_fdre_C_Q)         0.456    -1.761 r  rv64im72f_6sp/mem_wb_register/WB_instruction_reg[5]_lopt_replica/Q
                         net (fo=1, routed)           4.026     2.266    lopt_5
    W15                  OBUF (Prop_obuf_I_O)         2.915     5.181 r  led_OBUF[6]_inst/O
                         net (fo=0)                   0.000     5.181    led[6]
    W15                                                               r  led[6] (OUT)
  -------------------------------------------------------------------    -------------------

Slack:                    inf
  Source:                 rv64im72f_6sp/mem_wb_register/WB_instruction_reg[1]_lopt_replica/C
                            (rising edge-triggered cell FDSE clocked by clk_out1_clk_wiz_0  {rise@0.000ns fall@10.638ns period=21.277ns})
  Destination:            led[2]
                            (output port)
  Path Group:             (none)
  Path Type:              Max at Slow Process Corner
  Data Path Delay:        7.379ns  (logic 3.371ns (45.684%)  route 4.008ns (54.316%))
  Logic Levels:           1  (OBUF=1)
  Clock Uncertainty:      0.450ns  ((TSJ^2 + DJ^2)^1/2) / 2 + PE
    Total System Jitter     (TSJ):    0.050ns
    Discrete Jitter          (DJ):    0.292ns
    Phase Error              (PE):    0.303ns
  Timing Exception:       False Path

    Location             Delay type                Incr(ns)  Path(ns)    Netlist Resource(s)
  -------------------------------------------------------------------    -------------------
                         (clock clk_out1_clk_wiz_0 rise edge)
                                                      0.000     0.000 r  
    R4                                                0.000     0.000 r  clk (IN)
                         net (fo=0)                   0.000     0.000    clk_gen/inst/clk_in1
    R4                   IBUF (Prop_ibuf_I_O)         1.475     1.475 r  clk_gen/inst/clkin1_ibufg/O
                         net (fo=1, routed)           1.253     2.728    clk_gen/inst/clk_in1_clk_wiz_0
    PLLE2_ADV_X1Y2       PLLE2_ADV (Prop_plle2_adv_CLKIN1_CLKOUT0)
                                                     -8.953    -6.225 r  clk_gen/inst/plle2_adv_inst/CLKOUT0
                         net (fo=1, routed)           1.802    -4.422    clk_gen/inst/clk_out1_clk_wiz_0
    BUFGCTRL_X0Y0        BUFG (Prop_bufg_I_O)         0.096    -4.326 r  clk_gen/inst/clkout1_buf/O
                         net (fo=13112, routed)       2.109    -2.217    rv64im72f_6sp/mem_wb_register/clk_out1
    SLICE_X27Y21         FDSE                                         r  rv64im72f_6sp/mem_wb_register/WB_instruction_reg[1]_lopt_replica/C
  -------------------------------------------------------------------    -------------------
    SLICE_X27Y21         FDSE (Prop_fdse_C_Q)         0.456    -1.761 r  rv64im72f_6sp/mem_wb_register/WB_instruction_reg[1]_lopt_replica/Q
                         net (fo=1, routed)           4.008     2.247    lopt_1
    T16                  OBUF (Prop_obuf_I_O)         2.915     5.163 r  led_OBUF[2]_inst/O
                         net (fo=0)                   0.000     5.163    led[2]
    T16                                                               r  led[2] (OUT)
  -------------------------------------------------------------------    -------------------

Slack:                    inf
  Source:                 rv64im72f_6sp/mem_wb_register/WB_instruction_reg[2]_lopt_replica/C
                            (rising edge-triggered cell FDRE clocked by clk_out1_clk_wiz_0  {rise@0.000ns fall@10.638ns period=21.277ns})
  Destination:            led[3]
                            (output port)
  Path Group:             (none)
  Path Type:              Max at Slow Process Corner
  Data Path Delay:        7.246ns  (logic 3.435ns (47.405%)  route 3.811ns (52.595%))
  Logic Levels:           1  (OBUF=1)
  Clock Uncertainty:      0.450ns  ((TSJ^2 + DJ^2)^1/2) / 2 + PE
    Total System Jitter     (TSJ):    0.050ns
    Discrete Jitter          (DJ):    0.292ns
    Phase Error              (PE):    0.303ns
  Timing Exception:       False Path

    Location             Delay type                Incr(ns)  Path(ns)    Netlist Resource(s)
  -------------------------------------------------------------------    -------------------
                         (clock clk_out1_clk_wiz_0 rise edge)
                                                      0.000     0.000 r  
    R4                                                0.000     0.000 r  clk (IN)
                         net (fo=0)                   0.000     0.000    clk_gen/inst/clk_in1
    R4                   IBUF (Prop_ibuf_I_O)         1.475     1.475 r  clk_gen/inst/clkin1_ibufg/O
                         net (fo=1, routed)           1.253     2.728    clk_gen/inst/clk_in1_clk_wiz_0
    PLLE2_ADV_X1Y2       PLLE2_ADV (Prop_plle2_adv_CLKIN1_CLKOUT0)
                                                     -8.953    -6.225 r  clk_gen/inst/plle2_adv_inst/CLKOUT0
                         net (fo=1, routed)           1.802    -4.422    clk_gen/inst/clk_out1_clk_wiz_0
    BUFGCTRL_X0Y0        BUFG (Prop_bufg_I_O)         0.096    -4.326 r  clk_gen/inst/clkout1_buf/O
                         net (fo=13112, routed)       2.120    -2.206    rv64im72f_6sp/mem_wb_register/clk_out1
    SLICE_X22Y15         FDRE                                         r  rv64im72f_6sp/mem_wb_register/WB_instruction_reg[2]_lopt_replica/C
  -------------------------------------------------------------------    -------------------
    SLICE_X22Y15         FDRE (Prop_fdre_C_Q)         0.518    -1.688 r  rv64im72f_6sp/mem_wb_register/WB_instruction_reg[2]_lopt_replica/Q
                         net (fo=1, routed)           3.811     2.123    lopt_2
    U16                  OBUF (Prop_obuf_I_O)         2.917     5.041 r  led_OBUF[3]_inst/O
                         net (fo=0)                   0.000     5.041    led[3]
    U16                                                               r  led[3] (OUT)
  -------------------------------------------------------------------    -------------------

Slack:                    inf
  Source:                 rv64im72f_6sp/mem_wb_register/WB_instruction_reg[0]_lopt_replica/C
                            (rising edge-triggered cell FDSE clocked by clk_out1_clk_wiz_0  {rise@0.000ns fall@10.638ns period=21.277ns})
  Destination:            led[1]
                            (output port)
  Path Group:             (none)
  Path Type:              Max at Slow Process Corner
  Data Path Delay:        7.126ns  (logic 3.467ns (48.651%)  route 3.659ns (51.349%))
  Logic Levels:           1  (OBUF=1)
  Clock Uncertainty:      0.450ns  ((TSJ^2 + DJ^2)^1/2) / 2 + PE
    Total System Jitter     (TSJ):    0.050ns
    Discrete Jitter          (DJ):    0.292ns
    Phase Error              (PE):    0.303ns
  Timing Exception:       False Path

    Location             Delay type                Incr(ns)  Path(ns)    Netlist Resource(s)
  -------------------------------------------------------------------    -------------------
                         (clock clk_out1_clk_wiz_0 rise edge)
                                                      0.000     0.000 r  
    R4                                                0.000     0.000 r  clk (IN)
                         net (fo=0)                   0.000     0.000    clk_gen/inst/clk_in1
    R4                   IBUF (Prop_ibuf_I_O)         1.475     1.475 r  clk_gen/inst/clkin1_ibufg/O
                         net (fo=1, routed)           1.253     2.728    clk_gen/inst/clk_in1_clk_wiz_0
    PLLE2_ADV_X1Y2       PLLE2_ADV (Prop_plle2_adv_CLKIN1_CLKOUT0)
                                                     -8.953    -6.225 r  clk_gen/inst/plle2_adv_inst/CLKOUT0
                         net (fo=1, routed)           1.802    -4.422    clk_gen/inst/clk_out1_clk_wiz_0
    BUFGCTRL_X0Y0        BUFG (Prop_bufg_I_O)         0.096    -4.326 r  clk_gen/inst/clkout1_buf/O
                         net (fo=13112, routed)       2.120    -2.206    rv64im72f_6sp/mem_wb_register/clk_out1
    SLICE_X22Y15         FDSE                                         r  rv64im72f_6sp/mem_wb_register/WB_instruction_reg[0]_lopt_replica/C
  -------------------------------------------------------------------    -------------------
    SLICE_X22Y15         FDSE (Prop_fdse_C_Q)         0.518    -1.688 r  rv64im72f_6sp/mem_wb_register/WB_instruction_reg[0]_lopt_replica/Q
                         net (fo=1, routed)           3.659     1.972    lopt
    T15                  OBUF (Prop_obuf_I_O)         2.949     4.921 r  led_OBUF[1]_inst/O
                         net (fo=0)                   0.000     4.921    led[1]
    T15                                                               r  led[1] (OUT)
  -------------------------------------------------------------------    -------------------

Slack:                    inf
  Source:                 rv64im72f_6sp/mem_wb_register/WB_instruction_reg[4]_lopt_replica/C
                            (rising edge-triggered cell FDSE clocked by clk_out1_clk_wiz_0  {rise@0.000ns fall@10.638ns period=21.277ns})
  Destination:            led[5]
                            (output port)
  Path Group:             (none)
  Path Type:              Max at Slow Process Corner
  Data Path Delay:        6.997ns  (logic 3.377ns (48.256%)  route 3.621ns (51.744%))
  Logic Levels:           1  (OBUF=1)
  Clock Uncertainty:      0.450ns  ((TSJ^2 + DJ^2)^1/2) / 2 + PE
    Total System Jitter     (TSJ):    0.050ns
    Discrete Jitter          (DJ):    0.292ns
    Phase Error              (PE):    0.303ns
  Timing Exception:       False Path

    Location             Delay type                Incr(ns)  Path(ns)    Netlist Resource(s)
  -------------------------------------------------------------------    -------------------
                         (clock clk_out1_clk_wiz_0 rise edge)
                                                      0.000     0.000 r  
    R4                                                0.000     0.000 r  clk (IN)
                         net (fo=0)                   0.000     0.000    clk_gen/inst/clk_in1
    R4                   IBUF (Prop_ibuf_I_O)         1.475     1.475 r  clk_gen/inst/clkin1_ibufg/O
                         net (fo=1, routed)           1.253     2.728    clk_gen/inst/clk_in1_clk_wiz_0
    PLLE2_ADV_X1Y2       PLLE2_ADV (Prop_plle2_adv_CLKIN1_CLKOUT0)
                                                     -8.953    -6.225 r  clk_gen/inst/plle2_adv_inst/CLKOUT0
                         net (fo=1, routed)           1.802    -4.422    clk_gen/inst/clk_out1_clk_wiz_0
    BUFGCTRL_X0Y0        BUFG (Prop_bufg_I_O)         0.096    -4.326 r  clk_gen/inst/clkout1_buf/O
                         net (fo=13112, routed)       2.109    -2.217    rv64im72f_6sp/mem_wb_register/clk_out1
    SLICE_X28Y30         FDSE                                         r  rv64im72f_6sp/mem_wb_register/WB_instruction_reg[4]_lopt_replica/C
  -------------------------------------------------------------------    -------------------
    SLICE_X28Y30         FDSE (Prop_fdse_C_Q)         0.456    -1.761 r  rv64im72f_6sp/mem_wb_register/WB_instruction_reg[4]_lopt_replica/Q
                         net (fo=1, routed)           3.621     1.860    lopt_4
    W16                  OBUF (Prop_obuf_I_O)         2.921     4.781 r  led_OBUF[5]_inst/O
                         net (fo=0)                   0.000     4.781    led[5]
    W16                                                               r  led[5] (OUT)
  -------------------------------------------------------------------    -------------------





Min Delay Paths
--------------------------------------------------------------------------------------
Slack:                    inf
  Source:                 rv64im72f_6sp/mem_wb_register/WB_instruction_reg[0]_lopt_replica/C
                            (rising edge-triggered cell FDSE clocked by clk_out1_clk_wiz_0  {rise@0.000ns fall@10.638ns period=21.277ns})
  Destination:            led[1]
                            (output port)
  Path Group:             (none)
  Path Type:              Min at Fast Process Corner
  Data Path Delay:        2.562ns  (logic 1.377ns (53.734%)  route 1.185ns (46.266%))
  Logic Levels:           1  (OBUF=1)
  Clock Uncertainty:      0.450ns  ((TSJ^2 + DJ^2)^1/2) / 2 + PE
    Total System Jitter     (TSJ):    0.050ns
    Discrete Jitter          (DJ):    0.292ns
    Phase Error              (PE):    0.303ns
  Timing Exception:       False Path

    Location             Delay type                Incr(ns)  Path(ns)    Netlist Resource(s)
  -------------------------------------------------------------------    -------------------
                         (clock clk_out1_clk_wiz_0 rise edge)
                                                      0.000     0.000 r  
    R4                                                0.000     0.000 r  clk (IN)
                         net (fo=0)                   0.000     0.000    clk_gen/inst/clk_in1
    R4                   IBUF (Prop_ibuf_I_O)         0.243     0.243 r  clk_gen/inst/clkin1_ibufg/O
                         net (fo=1, routed)           0.440     0.683    clk_gen/inst/clk_in1_clk_wiz_0
    PLLE2_ADV_X1Y2       PLLE2_ADV (Prop_plle2_adv_CLKIN1_CLKOUT0)
                                                     -2.503    -1.819 r  clk_gen/inst/plle2_adv_inst/CLKOUT0
                         net (fo=1, routed)           0.546    -1.273    clk_gen/inst/clk_out1_clk_wiz_0
    BUFGCTRL_X0Y0        BUFG (Prop_bufg_I_O)         0.026    -1.247 r  clk_gen/inst/clkout1_buf/O
                         net (fo=13112, routed)       0.759    -0.489    rv64im72f_6sp/mem_wb_register/clk_out1
    SLICE_X22Y15         FDSE                                         r  rv64im72f_6sp/mem_wb_register/WB_instruction_reg[0]_lopt_replica/C
  -------------------------------------------------------------------    -------------------
    SLICE_X22Y15         FDSE (Prop_fdse_C_Q)         0.164    -0.325 r  rv64im72f_6sp/mem_wb_register/WB_instruction_reg[0]_lopt_replica/Q
                         net (fo=1, routed)           1.185     0.861    lopt
    T15                  OBUF (Prop_obuf_I_O)         1.213     2.073 r  led_OBUF[1]_inst/O
                         net (fo=0)                   0.000     2.073    led[1]
    T15                                                               r  led[1] (OUT)
  -------------------------------------------------------------------    -------------------

Slack:                    inf
  Source:                 rv64im72f_6sp/mem_wb_register/WB_instruction_reg[4]_lopt_replica/C
                            (rising edge-triggered cell FDSE clocked by clk_out1_clk_wiz_0  {rise@0.000ns fall@10.638ns period=21.277ns})
  Destination:            led[5]
                            (output port)
  Path Group:             (none)
  Path Type:              Min at Fast Process Corner
  Data Path Delay:        2.580ns  (logic 1.326ns (51.372%)  route 1.255ns (48.628%))
  Logic Levels:           1  (OBUF=1)
  Clock Uncertainty:      0.450ns  ((TSJ^2 + DJ^2)^1/2) / 2 + PE
    Total System Jitter     (TSJ):    0.050ns
    Discrete Jitter          (DJ):    0.292ns
    Phase Error              (PE):    0.303ns
  Timing Exception:       False Path

    Location             Delay type                Incr(ns)  Path(ns)    Netlist Resource(s)
  -------------------------------------------------------------------    -------------------
                         (clock clk_out1_clk_wiz_0 rise edge)
                                                      0.000     0.000 r  
    R4                                                0.000     0.000 r  clk (IN)
                         net (fo=0)                   0.000     0.000    clk_gen/inst/clk_in1
    R4                   IBUF (Prop_ibuf_I_O)         0.243     0.243 r  clk_gen/inst/clkin1_ibufg/O
                         net (fo=1, routed)           0.440     0.683    clk_gen/inst/clk_in1_clk_wiz_0
    PLLE2_ADV_X1Y2       PLLE2_ADV (Prop_plle2_adv_CLKIN1_CLKOUT0)
                                                     -2.503    -1.819 r  clk_gen/inst/plle2_adv_inst/CLKOUT0
                         net (fo=1, routed)           0.546    -1.273    clk_gen/inst/clk_out1_clk_wiz_0
    BUFGCTRL_X0Y0        BUFG (Prop_bufg_I_O)         0.026    -1.247 r  clk_gen/inst/clkout1_buf/O
                         net (fo=13112, routed)       0.752    -0.496    rv64im72f_6sp/mem_wb_register/clk_out1
    SLICE_X28Y30         FDSE                                         r  rv64im72f_6sp/mem_wb_register/WB_instruction_reg[4]_lopt_replica/C
  -------------------------------------------------------------------    -------------------
    SLICE_X28Y30         FDSE (Prop_fdse_C_Q)         0.141    -0.355 r  rv64im72f_6sp/mem_wb_register/WB_instruction_reg[4]_lopt_replica/Q
                         net (fo=1, routed)           1.255     0.900    lopt_4
    W16                  OBUF (Prop_obuf_I_O)         1.185     2.085 r  led_OBUF[5]_inst/O
                         net (fo=0)                   0.000     2.085    led[5]
    W16                                                               r  led[5] (OUT)
  -------------------------------------------------------------------    -------------------

Slack:                    inf
  Source:                 rv64im72f_6sp/mem_wb_register/WB_instruction_reg[2]_lopt_replica/C
                            (rising edge-triggered cell FDRE clocked by clk_out1_clk_wiz_0  {rise@0.000ns fall@10.638ns period=21.277ns})
  Destination:            led[3]
                            (output port)
  Path Group:             (none)
  Path Type:              Min at Fast Process Corner
  Data Path Delay:        2.670ns  (logic 1.345ns (50.372%)  route 1.325ns (49.628%))
  Logic Levels:           1  (OBUF=1)
  Clock Uncertainty:      0.450ns  ((TSJ^2 + DJ^2)^1/2) / 2 + PE
    Total System Jitter     (TSJ):    0.050ns
    Discrete Jitter          (DJ):    0.292ns
    Phase Error              (PE):    0.303ns
  Timing Exception:       False Path

    Location             Delay type                Incr(ns)  Path(ns)    Netlist Resource(s)
  -------------------------------------------------------------------    -------------------
                         (clock clk_out1_clk_wiz_0 rise edge)
                                                      0.000     0.000 r  
    R4                                                0.000     0.000 r  clk (IN)
                         net (fo=0)                   0.000     0.000    clk_gen/inst/clk_in1
    R4                   IBUF (Prop_ibuf_I_O)         0.243     0.243 r  clk_gen/inst/clkin1_ibufg/O
                         net (fo=1, routed)           0.440     0.683    clk_gen/inst/clk_in1_clk_wiz_0
    PLLE2_ADV_X1Y2       PLLE2_ADV (Prop_plle2_adv_CLKIN1_CLKOUT0)
                                                     -2.503    -1.819 r  clk_gen/inst/plle2_adv_inst/CLKOUT0
                         net (fo=1, routed)           0.546    -1.273    clk_gen/inst/clk_out1_clk_wiz_0
    BUFGCTRL_X0Y0        BUFG (Prop_bufg_I_O)         0.026    -1.247 r  clk_gen/inst/clkout1_buf/O
                         net (fo=13112, routed)       0.759    -0.489    rv64im72f_6sp/mem_wb_register/clk_out1
    SLICE_X22Y15         FDRE                                         r  rv64im72f_6sp/mem_wb_register/WB_instruction_reg[2]_lopt_replica/C
  -------------------------------------------------------------------    -------------------
    SLICE_X22Y15         FDRE (Prop_fdre_C_Q)         0.164    -0.325 r  rv64im72f_6sp/mem_wb_register/WB_instruction_reg[2]_lopt_replica/Q
                         net (fo=1, routed)           1.325     1.001    lopt_2
    U16                  OBUF (Prop_obuf_I_O)         1.181     2.182 r  led_OBUF[3]_inst/O
                         net (fo=0)                   0.000     2.182    led[3]
    U16                                                               r  led[3] (OUT)
  -------------------------------------------------------------------    -------------------

Slack:                    inf
  Source:                 rv64im72f_6sp/mem_wb_register/WB_instruction_reg[1]_lopt_replica/C
                            (rising edge-triggered cell FDSE clocked by clk_out1_clk_wiz_0  {rise@0.000ns fall@10.638ns period=21.277ns})
  Destination:            led[2]
                            (output port)
  Path Group:             (none)
  Path Type:              Min at Fast Process Corner
  Data Path Delay:        2.759ns  (logic 1.320ns (47.843%)  route 1.439ns (52.157%))
  Logic Levels:           1  (OBUF=1)
  Clock Uncertainty:      0.450ns  ((TSJ^2 + DJ^2)^1/2) / 2 + PE
    Total System Jitter     (TSJ):    0.050ns
    Discrete Jitter          (DJ):    0.292ns
    Phase Error              (PE):    0.303ns
  Timing Exception:       False Path

    Location             Delay type                Incr(ns)  Path(ns)    Netlist Resource(s)
  -------------------------------------------------------------------    -------------------
                         (clock clk_out1_clk_wiz_0 rise edge)
                                                      0.000     0.000 r  
    R4                                                0.000     0.000 r  clk (IN)
                         net (fo=0)                   0.000     0.000    clk_gen/inst/clk_in1
    R4                   IBUF (Prop_ibuf_I_O)         0.243     0.243 r  clk_gen/inst/clkin1_ibufg/O
                         net (fo=1, routed)           0.440     0.683    clk_gen/inst/clk_in1_clk_wiz_0
    PLLE2_ADV_X1Y2       PLLE2_ADV (Prop_plle2_adv_CLKIN1_CLKOUT0)
                                                     -2.503    -1.819 r  clk_gen/inst/plle2_adv_inst/CLKOUT0
                         net (fo=1, routed)           0.546    -1.273    clk_gen/inst/clk_out1_clk_wiz_0
    BUFGCTRL_X0Y0        BUFG (Prop_bufg_I_O)         0.026    -1.247 r  clk_gen/inst/clkout1_buf/O
                         net (fo=13112, routed)       0.750    -0.498    rv64im72f_6sp/mem_wb_register/clk_out1
    SLICE_X27Y21         FDSE                                         r  rv64im72f_6sp/mem_wb_register/WB_instruction_reg[1]_lopt_replica/C
  -------------------------------------------------------------------    -------------------
    SLICE_X27Y21         FDSE (Prop_fdse_C_Q)         0.141    -0.357 r  rv64im72f_6sp/mem_wb_register/WB_instruction_reg[1]_lopt_replica/Q
                         net (fo=1, routed)           1.439     1.083    lopt_1
    T16                  OBUF (Prop_obuf_I_O)         1.179     2.262 r  led_OBUF[2]_inst/O
                         net (fo=0)                   0.000     2.262    led[2]
    T16                                                               r  led[2] (OUT)
  -------------------------------------------------------------------    -------------------

Slack:                    inf
  Source:                 rv64im72f_6sp/mem_wb_register/WB_instruction_reg[5]_lopt_replica/C
                            (rising edge-triggered cell FDRE clocked by clk_out1_clk_wiz_0  {rise@0.000ns fall@10.638ns period=21.277ns})
  Destination:            led[6]
                            (output port)
  Path Group:             (none)
  Path Type:              Min at Fast Process Corner
  Data Path Delay:        2.761ns  (logic 1.320ns (47.821%)  route 1.440ns (52.179%))
  Logic Levels:           1  (OBUF=1)
  Clock Uncertainty:      0.450ns  ((TSJ^2 + DJ^2)^1/2) / 2 + PE
    Total System Jitter     (TSJ):    0.050ns
    Discrete Jitter          (DJ):    0.292ns
    Phase Error              (PE):    0.303ns
  Timing Exception:       False Path

    Location             Delay type                Incr(ns)  Path(ns)    Netlist Resource(s)
  -------------------------------------------------------------------    -------------------
                         (clock clk_out1_clk_wiz_0 rise edge)
                                                      0.000     0.000 r  
    R4                                                0.000     0.000 r  clk (IN)
                         net (fo=0)                   0.000     0.000    clk_gen/inst/clk_in1
    R4                   IBUF (Prop_ibuf_I_O)         0.243     0.243 r  clk_gen/inst/clkin1_ibufg/O
                         net (fo=1, routed)           0.440     0.683    clk_gen/inst/clk_in1_clk_wiz_0
    PLLE2_ADV_X1Y2       PLLE2_ADV (Prop_plle2_adv_CLKIN1_CLKOUT0)
                                                     -2.503    -1.819 r  clk_gen/inst/plle2_adv_inst/CLKOUT0
                         net (fo=1, routed)           0.546    -1.273    clk_gen/inst/clk_out1_clk_wiz_0
    BUFGCTRL_X0Y0        BUFG (Prop_bufg_I_O)         0.026    -1.247 r  clk_gen/inst/clkout1_buf/O
                         net (fo=13112, routed)       0.750    -0.498    rv64im72f_6sp/mem_wb_register/clk_out1
    SLICE_X27Y21         FDRE                                         r  rv64im72f_6sp/mem_wb_register/WB_instruction_reg[5]_lopt_replica/C
  -------------------------------------------------------------------    -------------------
    SLICE_X27Y21         FDRE (Prop_fdre_C_Q)         0.141    -0.357 r  rv64im72f_6sp/mem_wb_register/WB_instruction_reg[5]_lopt_replica/Q
                         net (fo=1, routed)           1.440     1.084    lopt_5
    W15                  OBUF (Prop_obuf_I_O)         1.179     2.263 r  led_OBUF[6]_inst/O
                         net (fo=0)                   0.000     2.263    led[6]
    W15                                                               r  led[6] (OUT)
  -------------------------------------------------------------------    -------------------

Slack:                    inf
  Source:                 rv64im72f_6sp/mem_wb_register/WB_instruction_reg[3]_lopt_replica/C
                            (rising edge-triggered cell FDRE clocked by clk_out1_clk_wiz_0  {rise@0.000ns fall@10.638ns period=21.277ns})
  Destination:            led[4]
                            (output port)
  Path Group:             (none)
  Path Type:              Min at Fast Process Corner
  Data Path Delay:        2.834ns  (logic 1.359ns (47.950%)  route 1.475ns (52.050%))
  Logic Levels:           1  (OBUF=1)
  Clock Uncertainty:      0.450ns  ((TSJ^2 + DJ^2)^1/2) / 2 + PE
    Total System Jitter     (TSJ):    0.050ns
    Discrete Jitter          (DJ):    0.292ns
    Phase Error              (PE):    0.303ns
  Timing Exception:       False Path

    Location             Delay type                Incr(ns)  Path(ns)    Netlist Resource(s)
  -------------------------------------------------------------------    -------------------
                         (clock clk_out1_clk_wiz_0 rise edge)
                                                      0.000     0.000 r  
    R4                                                0.000     0.000 r  clk (IN)
                         net (fo=0)                   0.000     0.000    clk_gen/inst/clk_in1
    R4                   IBUF (Prop_ibuf_I_O)         0.243     0.243 r  clk_gen/inst/clkin1_ibufg/O
                         net (fo=1, routed)           0.440     0.683    clk_gen/inst/clk_in1_clk_wiz_0
    PLLE2_ADV_X1Y2       PLLE2_ADV (Prop_plle2_adv_CLKIN1_CLKOUT0)
                                                     -2.503    -1.819 r  clk_gen/inst/plle2_adv_inst/CLKOUT0
                         net (fo=1, routed)           0.546    -1.273    clk_gen/inst/clk_out1_clk_wiz_0
    BUFGCTRL_X0Y0        BUFG (Prop_bufg_I_O)         0.026    -1.247 r  clk_gen/inst/clkout1_buf/O
                         net (fo=13112, routed)       0.759    -0.489    rv64im72f_6sp/mem_wb_register/clk_out1
    SLICE_X22Y15         FDRE                                         r  rv64im72f_6sp/mem_wb_register/WB_instruction_reg[3]_lopt_replica/C
  -------------------------------------------------------------------    -------------------
    SLICE_X22Y15         FDRE (Prop_fdre_C_Q)         0.164    -0.325 r  rv64im72f_6sp/mem_wb_register/WB_instruction_reg[3]_lopt_replica/Q
                         net (fo=1, routed)           1.475     1.151    lopt_3
    V15                  OBUF (Prop_obuf_I_O)         1.195     2.346 r  led_OBUF[4]_inst/O
                         net (fo=0)                   0.000     2.346    led[4]
    V15                                                               r  led[4] (OUT)
  -------------------------------------------------------------------    -------------------

Slack:                    inf
  Source:                 rv64im72f_6sp/mem_wb_register/WB_instruction_reg[6]_lopt_replica/C
                            (rising edge-triggered cell FDRE clocked by clk_out1_clk_wiz_0  {rise@0.000ns fall@10.638ns period=21.277ns})
  Destination:            led[7]
                            (output port)
  Path Group:             (none)
  Path Type:              Min at Fast Process Corner
  Data Path Delay:        3.296ns  (logic 1.373ns (41.664%)  route 1.922ns (58.336%))
  Logic Levels:           1  (OBUF=1)
  Clock Uncertainty:      0.450ns  ((TSJ^2 + DJ^2)^1/2) / 2 + PE
    Total System Jitter     (TSJ):    0.050ns
    Discrete Jitter          (DJ):    0.292ns
    Phase Error              (PE):    0.303ns
  Timing Exception:       False Path

    Location             Delay type                Incr(ns)  Path(ns)    Netlist Resource(s)
  -------------------------------------------------------------------    -------------------
                         (clock clk_out1_clk_wiz_0 rise edge)
                                                      0.000     0.000 r  
    R4                                                0.000     0.000 r  clk (IN)
                         net (fo=0)                   0.000     0.000    clk_gen/inst/clk_in1
    R4                   IBUF (Prop_ibuf_I_O)         0.243     0.243 r  clk_gen/inst/clkin1_ibufg/O
                         net (fo=1, routed)           0.440     0.683    clk_gen/inst/clk_in1_clk_wiz_0
    PLLE2_ADV_X1Y2       PLLE2_ADV (Prop_plle2_adv_CLKIN1_CLKOUT0)
                                                     -2.503    -1.819 r  clk_gen/inst/plle2_adv_inst/CLKOUT0
                         net (fo=1, routed)           0.546    -1.273    clk_gen/inst/clk_out1_clk_wiz_0
    BUFGCTRL_X0Y0        BUFG (Prop_bufg_I_O)         0.026    -1.247 r  clk_gen/inst/clkout1_buf/O
                         net (fo=13112, routed)       0.750    -0.498    rv64im72f_6sp/mem_wb_register/clk_out1
    SLICE_X27Y21         FDRE                                         r  rv64im72f_6sp/mem_wb_register/WB_instruction_reg[6]_lopt_replica/C
  -------------------------------------------------------------------    -------------------
    SLICE_X27Y21         FDRE (Prop_fdre_C_Q)         0.141    -0.357 r  rv64im72f_6sp/mem_wb_register/WB_instruction_reg[6]_lopt_replica/Q
                         net (fo=1, routed)           1.922     1.566    lopt_6
    Y13                  OBUF (Prop_obuf_I_O)         1.232     2.798 r  led_OBUF[7]_inst/O
                         net (fo=0)                   0.000     2.798    led[7]
    Y13                                                               r  led[7] (OUT)
  -------------------------------------------------------------------    -------------------

Slack:                    inf
  Source:                 uart_tx/tx_reg/C
                            (rising edge-triggered cell FDPE clocked by clk_out1_clk_wiz_0  {rise@0.000ns fall@10.638ns period=21.277ns})
  Destination:            uart_tx_in
                            (output port)
  Path Group:             (none)
  Path Type:              Min at Fast Process Corner
  Data Path Delay:        3.872ns  (logic 1.410ns (36.410%)  route 2.462ns (63.590%))
  Logic Levels:           1  (OBUF=1)
  Clock Uncertainty:      0.450ns  ((TSJ^2 + DJ^2)^1/2) / 2 + PE
    Total System Jitter     (TSJ):    0.050ns
    Discrete Jitter          (DJ):    0.292ns
    Phase Error              (PE):    0.303ns
  Timing Exception:       False Path

    Location             Delay type                Incr(ns)  Path(ns)    Netlist Resource(s)
  -------------------------------------------------------------------    -------------------
                         (clock clk_out1_clk_wiz_0 rise edge)
                                                      0.000     0.000 r  
    R4                                                0.000     0.000 r  clk (IN)
                         net (fo=0)                   0.000     0.000    clk_gen/inst/clk_in1
    R4                   IBUF (Prop_ibuf_I_O)         0.243     0.243 r  clk_gen/inst/clkin1_ibufg/O
                         net (fo=1, routed)           0.440     0.683    clk_gen/inst/clk_in1_clk_wiz_0
    PLLE2_ADV_X1Y2       PLLE2_ADV (Prop_plle2_adv_CLKIN1_CLKOUT0)
                                                     -2.503    -1.819 r  clk_gen/inst/plle2_adv_inst/CLKOUT0
                         net (fo=1, routed)           0.546    -1.273    clk_gen/inst/clk_out1_clk_wiz_0
    BUFGCTRL_X0Y0        BUFG (Prop_bufg_I_O)         0.026    -1.247 r  clk_gen/inst/clkout1_buf/O
                         net (fo=13112, routed)       0.629    -0.618    uart_tx/clk_out1
    SLICE_X79Y62         FDPE                                         r  uart_tx/tx_reg/C
  -------------------------------------------------------------------    -------------------
    SLICE_X79Y62         FDPE (Prop_fdpe_C_Q)         0.141    -0.477 r  uart_tx/tx_reg/Q
                         net (fo=1, routed)           2.462     1.985    uart_tx_in_OBUF
    AA19                 OBUF (Prop_obuf_I_O)         1.269     3.254 r  uart_tx_in_OBUF_inst/O
                         net (fo=0)                   0.000     3.254    uart_tx_in
    AA19                                                              r  uart_tx_in (OUT)
  -------------------------------------------------------------------    -------------------

Slack:                    inf
  Source:                 cpu_clk_enable_reg/C
                            (rising edge-triggered cell FDCE clocked by clk_out1_clk_wiz_0  {rise@0.000ns fall@10.638ns period=21.277ns})
  Destination:            led[0]
                            (output port)
  Path Group:             (none)
  Path Type:              Min at Fast Process Corner
  Data Path Delay:        4.516ns  (logic 1.463ns (32.405%)  route 3.052ns (67.595%))
  Logic Levels:           2  (LUT1=1 OBUF=1)
  Clock Uncertainty:      0.450ns  ((TSJ^2 + DJ^2)^1/2) / 2 + PE
    Total System Jitter     (TSJ):    0.050ns
    Discrete Jitter          (DJ):    0.292ns
    Phase Error              (PE):    0.303ns
  Timing Exception:       False Path

    Location             Delay type                Incr(ns)  Path(ns)    Netlist Resource(s)
  -------------------------------------------------------------------    -------------------
                         (clock clk_out1_clk_wiz_0 rise edge)
                                                      0.000     0.000 r  
    R4                                                0.000     0.000 r  clk (IN)
                         net (fo=0)                   0.000     0.000    clk_gen/inst/clk_in1
    R4                   IBUF (Prop_ibuf_I_O)         0.243     0.243 r  clk_gen/inst/clkin1_ibufg/O
                         net (fo=1, routed)           0.440     0.683    clk_gen/inst/clk_in1_clk_wiz_0
    PLLE2_ADV_X1Y2       PLLE2_ADV (Prop_plle2_adv_CLKIN1_CLKOUT0)
                                                     -2.503    -1.819 r  clk_gen/inst/plle2_adv_inst/CLKOUT0
                         net (fo=1, routed)           0.546    -1.273    clk_gen/inst/clk_out1_clk_wiz_0
    BUFGCTRL_X0Y0        BUFG (Prop_bufg_I_O)         0.026    -1.247 r  clk_gen/inst/clkout1_buf/O
                         net (fo=13112, routed)       0.618    -0.630    clk_cpu
    SLICE_X20Y132        FDCE                                         r  cpu_clk_enable_reg/C
  -------------------------------------------------------------------    -------------------
    SLICE_X20Y132        FDCE (Prop_fdce_C_Q)         0.148    -0.482 f  cpu_clk_enable_reg/Q
                         net (fo=609, routed)         2.734     2.252    cpu_clk_enable
    SLICE_X0Y69          LUT1 (Prop_lut1_I0_O)        0.098     2.350 r  led_OBUF[0]_inst_i_1/O
                         net (fo=1, routed)           0.319     2.668    led_OBUF[0]
    T14                  OBUF (Prop_obuf_I_O)         1.217     3.886 r  led_OBUF[0]_inst/O
                         net (fo=0)                   0.000     3.886    led[0]
    T14                                                               r  led[0] (OUT)
  -------------------------------------------------------------------    -------------------





--------------------------------------------------------------------------------------
Path Group:  (none)
From Clock:  
  To Clock:  clk_out1_clk_wiz_0

Max Delay             4 Endpoints
Min Delay             4 Endpoints
--------------------------------------------------------------------------------------


Max Delay Paths
--------------------------------------------------------------------------------------
Slack:                    inf
  Source:                 btn_up
                            (input port)
  Destination:            unified_uart_controller/btn_sync_reg[0]/D
                            (rising edge-triggered cell FDCE clocked by clk_out1_clk_wiz_0  {rise@0.000ns fall@10.638ns period=21.277ns})
  Path Group:             (none)
  Path Type:              Setup (Max at Slow Process Corner)
  Data Path Delay:        6.553ns  (logic 1.069ns (16.318%)  route 5.484ns (83.682%))
  Logic Levels:           1  (IBUF=1)
  Clock Path Skew:        -2.163ns (DCD - SCD + CPR)
    Destination Clock Delay (DCD):    -2.163ns
    Source Clock Delay      (SCD):    0.000ns
    Clock Pessimism Removal (CPR):    0.000ns
  Clock Uncertainty:      0.450ns  ((TSJ^2 + DJ^2)^1/2) / 2 + PE
    Total System Jitter     (TSJ):    0.050ns
    Discrete Jitter          (DJ):    0.292ns
    Phase Error              (PE):    0.303ns
  Timing Exception:       False Path

    Location             Delay type                Incr(ns)  Path(ns)    Netlist Resource(s)
  -------------------------------------------------------------------    -------------------
    F15                                               0.000     0.000 r  btn_up (IN)
                         net (fo=0)                   0.000     0.000    btn_up
    F15                  IBUF (Prop_ibuf_I_O)         1.069     1.069 r  btn_up_IBUF_inst/O
                         net (fo=1, routed)           5.484     6.553    unified_uart_controller/D[0]
    SLICE_X16Y136        FDCE                                         r  unified_uart_controller/btn_sync_reg[0]/D
  -------------------------------------------------------------------    -------------------

                         (clock clk_out1_clk_wiz_0 rise edge)
                                                      0.000     0.000 r  
    R4                                                0.000     0.000 r  clk (IN)
                         net (fo=0)                   0.000     0.000    clk_gen/inst/clk_in1
    R4                   IBUF (Prop_ibuf_I_O)         1.405     1.405 r  clk_gen/inst/clkin1_ibufg/O
                         net (fo=1, routed)           1.181     2.586    clk_gen/inst/clk_in1_clk_wiz_0
    PLLE2_ADV_X1Y2       PLLE2_ADV (Prop_plle2_adv_CLKIN1_CLKOUT0)
                                                     -8.206    -5.620 r  clk_gen/inst/plle2_adv_inst/CLKOUT0
                         net (fo=1, routed)           1.718    -3.902    clk_gen/inst/clk_out1_clk_wiz_0
    BUFGCTRL_X0Y0        BUFG (Prop_bufg_I_O)         0.091    -3.811 r  clk_gen/inst/clkout1_buf/O
                         net (fo=13112, routed)       1.647    -2.163    unified_uart_controller/clk_out1
    SLICE_X16Y136        FDCE                                         r  unified_uart_controller/btn_sync_reg[0]/C

Slack:                    inf
  Source:                 reset_n
                            (input port)
  Destination:            reset_sync_reg[0]/PRE
                            (recovery check against rising-edge clock clk_out1_clk_wiz_0  {rise@0.000ns fall@10.638ns period=21.277ns})
  Path Group:             (none)
  Path Type:              Recovery (Max at Slow Process Corner)
  Data Path Delay:        6.267ns  (logic 1.093ns (17.437%)  route 5.174ns (82.563%))
  Logic Levels:           2  (IBUF=1 LUT1=1)
  Clock Path Skew:        -2.161ns (DCD - SCD + CPR)
    Destination Clock Delay (DCD):    -2.161ns
    Source Clock Delay      (SCD):    0.000ns
    Clock Pessimism Removal (CPR):    0.000ns
  Clock Uncertainty:      0.450ns  ((TSJ^2 + DJ^2)^1/2) / 2 + PE
    Total System Jitter     (TSJ):    0.050ns
    Discrete Jitter          (DJ):    0.292ns
    Phase Error              (PE):    0.303ns
  Timing Exception:       False Path

    Location             Delay type                Incr(ns)  Path(ns)    Netlist Resource(s)
  -------------------------------------------------------------------    -------------------
    G4                                                0.000     0.000 r  reset_n (IN)
                         net (fo=0)                   0.000     0.000    reset_n
    G4                   IBUF (Prop_ibuf_I_O)         0.969     0.969 r  reset_n_IBUF_inst/O
                         net (fo=2, routed)           4.645     5.614    reset_n_IBUF
    SLICE_X22Y147        LUT1 (Prop_lut1_I0_O)        0.124     5.738 f  clk_gen_i_1/O
                         net (fo=3, routed)           0.529     6.267    reset
    SLICE_X22Y147        FDPE                                         f  reset_sync_reg[0]/PRE
  -------------------------------------------------------------------    -------------------

                         (clock clk_out1_clk_wiz_0 rise edge)
                                                      0.000     0.000 r  
    R4                                                0.000     0.000 r  clk (IN)
                         net (fo=0)                   0.000     0.000    clk_gen/inst/clk_in1
    R4                   IBUF (Prop_ibuf_I_O)         1.405     1.405 r  clk_gen/inst/clkin1_ibufg/O
                         net (fo=1, routed)           1.181     2.586    clk_gen/inst/clk_in1_clk_wiz_0
    PLLE2_ADV_X1Y2       PLLE2_ADV (Prop_plle2_adv_CLKIN1_CLKOUT0)
                                                     -8.206    -5.620 r  clk_gen/inst/plle2_adv_inst/CLKOUT0
                         net (fo=1, routed)           1.718    -3.902    clk_gen/inst/clk_out1_clk_wiz_0
    BUFGCTRL_X0Y0        BUFG (Prop_bufg_I_O)         0.091    -3.811 r  clk_gen/inst/clkout1_buf/O
                         net (fo=13112, routed)       1.649    -2.161    clk_cpu
    SLICE_X22Y147        FDPE                                         r  reset_sync_reg[0]/C

Slack:                    inf
  Source:                 reset_n
                            (input port)
  Destination:            reset_sync_reg[1]/PRE
                            (recovery check against rising-edge clock clk_out1_clk_wiz_0  {rise@0.000ns fall@10.638ns period=21.277ns})
  Path Group:             (none)
  Path Type:              Recovery (Max at Slow Process Corner)
  Data Path Delay:        6.267ns  (logic 1.093ns (17.437%)  route 5.174ns (82.563%))
  Logic Levels:           2  (IBUF=1 LUT1=1)
  Clock Path Skew:        -2.161ns (DCD - SCD + CPR)
    Destination Clock Delay (DCD):    -2.161ns
    Source Clock Delay      (SCD):    0.000ns
    Clock Pessimism Removal (CPR):    0.000ns
  Clock Uncertainty:      0.450ns  ((TSJ^2 + DJ^2)^1/2) / 2 + PE
    Total System Jitter     (TSJ):    0.050ns
    Discrete Jitter          (DJ):    0.292ns
    Phase Error              (PE):    0.303ns
  Timing Exception:       False Path

    Location             Delay type                Incr(ns)  Path(ns)    Netlist Resource(s)
  -------------------------------------------------------------------    -------------------
    G4                                                0.000     0.000 r  reset_n (IN)
                         net (fo=0)                   0.000     0.000    reset_n
    G4                   IBUF (Prop_ibuf_I_O)         0.969     0.969 r  reset_n_IBUF_inst/O
                         net (fo=2, routed)           4.645     5.614    reset_n_IBUF
    SLICE_X22Y147        LUT1 (Prop_lut1_I0_O)        0.124     5.738 f  clk_gen_i_1/O
                         net (fo=3, routed)           0.529     6.267    reset
    SLICE_X22Y147        FDPE                                         f  reset_sync_reg[1]/PRE
  -------------------------------------------------------------------    -------------------

                         (clock clk_out1_clk_wiz_0 rise edge)
                                                      0.000     0.000 r  
    R4                                                0.000     0.000 r  clk (IN)
                         net (fo=0)                   0.000     0.000    clk_gen/inst/clk_in1
    R4                   IBUF (Prop_ibuf_I_O)         1.405     1.405 r  clk_gen/inst/clkin1_ibufg/O
                         net (fo=1, routed)           1.181     2.586    clk_gen/inst/clk_in1_clk_wiz_0
    PLLE2_ADV_X1Y2       PLLE2_ADV (Prop_plle2_adv_CLKIN1_CLKOUT0)
                                                     -8.206    -5.620 r  clk_gen/inst/plle2_adv_inst/CLKOUT0
                         net (fo=1, routed)           1.718    -3.902    clk_gen/inst/clk_out1_clk_wiz_0
    BUFGCTRL_X0Y0        BUFG (Prop_bufg_I_O)         0.091    -3.811 r  clk_gen/inst/clkout1_buf/O
                         net (fo=13112, routed)       1.649    -2.161    clk_cpu
    SLICE_X22Y147        FDPE                                         r  reset_sync_reg[1]/C

Slack:                    inf
  Source:                 reset_n
                            (input port)
  Destination:            reset_sync_reg[2]/PRE
                            (recovery check against rising-edge clock clk_out1_clk_wiz_0  {rise@0.000ns fall@10.638ns period=21.277ns})
  Path Group:             (none)
  Path Type:              Recovery (Max at Slow Process Corner)
  Data Path Delay:        6.267ns  (logic 1.093ns (17.437%)  route 5.174ns (82.563%))
  Logic Levels:           2  (IBUF=1 LUT1=1)
  Clock Path Skew:        -2.161ns (DCD - SCD + CPR)
    Destination Clock Delay (DCD):    -2.161ns
    Source Clock Delay      (SCD):    0.000ns
    Clock Pessimism Removal (CPR):    0.000ns
  Clock Uncertainty:      0.450ns  ((TSJ^2 + DJ^2)^1/2) / 2 + PE
    Total System Jitter     (TSJ):    0.050ns
    Discrete Jitter          (DJ):    0.292ns
    Phase Error              (PE):    0.303ns
  Timing Exception:       False Path

    Location             Delay type                Incr(ns)  Path(ns)    Netlist Resource(s)
  -------------------------------------------------------------------    -------------------
    G4                                                0.000     0.000 r  reset_n (IN)
                         net (fo=0)                   0.000     0.000    reset_n
    G4                   IBUF (Prop_ibuf_I_O)         0.969     0.969 r  reset_n_IBUF_inst/O
                         net (fo=2, routed)           4.645     5.614    reset_n_IBUF
    SLICE_X22Y147        LUT1 (Prop_lut1_I0_O)        0.124     5.738 f  clk_gen_i_1/O
                         net (fo=3, routed)           0.529     6.267    reset
    SLICE_X22Y147        FDPE                                         f  reset_sync_reg[2]/PRE
  -------------------------------------------------------------------    -------------------

                         (clock clk_out1_clk_wiz_0 rise edge)
                                                      0.000     0.000 r  
    R4                                                0.000     0.000 r  clk (IN)
                         net (fo=0)                   0.000     0.000    clk_gen/inst/clk_in1
    R4                   IBUF (Prop_ibuf_I_O)         1.405     1.405 r  clk_gen/inst/clkin1_ibufg/O
                         net (fo=1, routed)           1.181     2.586    clk_gen/inst/clk_in1_clk_wiz_0
    PLLE2_ADV_X1Y2       PLLE2_ADV (Prop_plle2_adv_CLKIN1_CLKOUT0)
                                                     -8.206    -5.620 r  clk_gen/inst/plle2_adv_inst/CLKOUT0
                         net (fo=1, routed)           1.718    -3.902    clk_gen/inst/clk_out1_clk_wiz_0
    BUFGCTRL_X0Y0        BUFG (Prop_bufg_I_O)         0.091    -3.811 r  clk_gen/inst/clkout1_buf/O
                         net (fo=13112, routed)       1.649    -2.161    clk_cpu
    SLICE_X22Y147        FDPE                                         r  reset_sync_reg[2]/C





Min Delay Paths
--------------------------------------------------------------------------------------
Slack:                    inf
  Source:                 reset_n
                            (input port)
  Destination:            reset_sync_reg[0]/PRE
                            (removal check against rising-edge clock clk_out1_clk_wiz_0  {rise@0.000ns fall@10.638ns period=21.277ns})
  Path Group:             (none)
  Path Type:              Removal (Min at Fast Process Corner)
  Data Path Delay:        2.366ns  (logic 0.171ns (7.223%)  route 2.195ns (92.777%))
  Logic Levels:           2  (IBUF=1 LUT1=1)
  Clock Path Skew:        -0.396ns (DCD - SCD - CPR)
    Destination Clock Delay (DCD):    -0.396ns
    Source Clock Delay      (SCD):    0.000ns
    Clock Pessimism Removal (CPR):    -0.000ns
  Timing Exception:       False Path

    Location             Delay type                Incr(ns)  Path(ns)    Netlist Resource(s)
  -------------------------------------------------------------------    -------------------
    G4                                                0.000     0.000 r  reset_n (IN)
                         net (fo=0)                   0.000     0.000    reset_n
    G4                   IBUF (Prop_ibuf_I_O)         0.126     0.126 r  reset_n_IBUF_inst/O
                         net (fo=2, routed)           2.020     2.146    reset_n_IBUF
    SLICE_X22Y147        LUT1 (Prop_lut1_I0_O)        0.045     2.191 f  clk_gen_i_1/O
                         net (fo=3, routed)           0.175     2.366    reset
    SLICE_X22Y147        FDPE                                         f  reset_sync_reg[0]/PRE
  -------------------------------------------------------------------    -------------------

                         (clock clk_out1_clk_wiz_0 rise edge)
                                                      0.000     0.000 r  
    R4                                                0.000     0.000 r  clk (IN)
                         net (fo=0)                   0.000     0.000    clk_gen/inst/clk_in1
    R4                   IBUF (Prop_ibuf_I_O)         0.431     0.431 r  clk_gen/inst/clkin1_ibufg/O
                         net (fo=1, routed)           0.481     0.912    clk_gen/inst/clk_in1_clk_wiz_0
    PLLE2_ADV_X1Y2       PLLE2_ADV (Prop_plle2_adv_CLKIN1_CLKOUT0)
                                                     -2.828    -1.916 r  clk_gen/inst/plle2_adv_inst/CLKOUT0
                         net (fo=1, routed)           0.595    -1.322    clk_gen/inst/clk_out1_clk_wiz_0
    BUFGCTRL_X0Y0        BUFG (Prop_bufg_I_O)         0.029    -1.293 r  clk_gen/inst/clkout1_buf/O
                         net (fo=13112, routed)       0.897    -0.396    clk_cpu
    SLICE_X22Y147        FDPE                                         r  reset_sync_reg[0]/C

Slack:                    inf
  Source:                 reset_n
                            (input port)
  Destination:            reset_sync_reg[1]/PRE
                            (removal check against rising-edge clock clk_out1_clk_wiz_0  {rise@0.000ns fall@10.638ns period=21.277ns})
  Path Group:             (none)
  Path Type:              Removal (Min at Fast Process Corner)
  Data Path Delay:        2.366ns  (logic 0.171ns (7.223%)  route 2.195ns (92.777%))
  Logic Levels:           2  (IBUF=1 LUT1=1)
  Clock Path Skew:        -0.396ns (DCD - SCD - CPR)
    Destination Clock Delay (DCD):    -0.396ns
    Source Clock Delay      (SCD):    0.000ns
    Clock Pessimism Removal (CPR):    -0.000ns
  Timing Exception:       False Path

    Location             Delay type                Incr(ns)  Path(ns)    Netlist Resource(s)
  -------------------------------------------------------------------    -------------------
    G4                                                0.000     0.000 r  reset_n (IN)
                         net (fo=0)                   0.000     0.000    reset_n
    G4                   IBUF (Prop_ibuf_I_O)         0.126     0.126 r  reset_n_IBUF_inst/O
                         net (fo=2, routed)           2.020     2.146    reset_n_IBUF
    SLICE_X22Y147        LUT1 (Prop_lut1_I0_O)        0.045     2.191 f  clk_gen_i_1/O
                         net (fo=3, routed)           0.175     2.366    reset
    SLICE_X22Y147        FDPE                                         f  reset_sync_reg[1]/PRE
  -------------------------------------------------------------------    -------------------

                         (clock clk_out1_clk_wiz_0 rise edge)
                                                      0.000     0.000 r  
    R4                                                0.000     0.000 r  clk (IN)
                         net (fo=0)                   0.000     0.000    clk_gen/inst/clk_in1
    R4                   IBUF (Prop_ibuf_I_O)         0.431     0.431 r  clk_gen/inst/clkin1_ibufg/O
                         net (fo=1, routed)           0.481     0.912    clk_gen/inst/clk_in1_clk_wiz_0
    PLLE2_ADV_X1Y2       PLLE2_ADV (Prop_plle2_adv_CLKIN1_CLKOUT0)
                                                     -2.828    -1.916 r  clk_gen/inst/plle2_adv_inst/CLKOUT0
                         net (fo=1, routed)           0.595    -1.322    clk_gen/inst/clk_out1_clk_wiz_0
    BUFGCTRL_X0Y0        BUFG (Prop_bufg_I_O)         0.029    -1.293 r  clk_gen/inst/clkout1_buf/O
                         net (fo=13112, routed)       0.897    -0.396    clk_cpu
    SLICE_X22Y147        FDPE                                         r  reset_sync_reg[1]/C

Slack:                    inf
  Source:                 reset_n
                            (input port)
  Destination:            reset_sync_reg[2]/PRE
                            (removal check against rising-edge clock clk_out1_clk_wiz_0  {rise@0.000ns fall@10.638ns period=21.277ns})
  Path Group:             (none)
  Path Type:              Removal (Min at Fast Process Corner)
  Data Path Delay:        2.366ns  (logic 0.171ns (7.223%)  route 2.195ns (92.777%))
  Logic Levels:           2  (IBUF=1 LUT1=1)
  Clock Path Skew:        -0.396ns (DCD - SCD - CPR)
    Destination Clock Delay (DCD):    -0.396ns
    Source Clock Delay      (SCD):    0.000ns
    Clock Pessimism Removal (CPR):    -0.000ns
  Timing Exception:       False Path

    Location             Delay type                Incr(ns)  Path(ns)    Netlist Resource(s)
  -------------------------------------------------------------------    -------------------
    G4                                                0.000     0.000 r  reset_n (IN)
                         net (fo=0)                   0.000     0.000    reset_n
    G4                   IBUF (Prop_ibuf_I_O)         0.126     0.126 r  reset_n_IBUF_inst/O
                         net (fo=2, routed)           2.020     2.146    reset_n_IBUF
    SLICE_X22Y147        LUT1 (Prop_lut1_I0_O)        0.045     2.191 f  clk_gen_i_1/O
                         net (fo=3, routed)           0.175     2.366    reset
    SLICE_X22Y147        FDPE                                         f  reset_sync_reg[2]/PRE
  -------------------------------------------------------------------    -------------------

                         (clock clk_out1_clk_wiz_0 rise edge)
                                                      0.000     0.000 r  
    R4                                                0.000     0.000 r  clk (IN)
                         net (fo=0)                   0.000     0.000    clk_gen/inst/clk_in1
    R4                   IBUF (Prop_ibuf_I_O)         0.431     0.431 r  clk_gen/inst/clkin1_ibufg/O
                         net (fo=1, routed)           0.481     0.912    clk_gen/inst/clk_in1_clk_wiz_0
    PLLE2_ADV_X1Y2       PLLE2_ADV (Prop_plle2_adv_CLKIN1_CLKOUT0)
                                                     -2.828    -1.916 r  clk_gen/inst/plle2_adv_inst/CLKOUT0
                         net (fo=1, routed)           0.595    -1.322    clk_gen/inst/clk_out1_clk_wiz_0
    BUFGCTRL_X0Y0        BUFG (Prop_bufg_I_O)         0.029    -1.293 r  clk_gen/inst/clkout1_buf/O
                         net (fo=13112, routed)       0.897    -0.396    clk_cpu
    SLICE_X22Y147        FDPE                                         r  reset_sync_reg[2]/C

Slack:                    inf
  Source:                 btn_up
                            (input port)
  Destination:            unified_uart_controller/btn_sync_reg[0]/D
                            (rising edge-triggered cell FDCE clocked by clk_out1_clk_wiz_0  {rise@0.000ns fall@10.638ns period=21.277ns})
  Path Group:             (none)
  Path Type:              Hold (Min at Fast Process Corner)
  Data Path Delay:        2.559ns  (logic 0.193ns (7.561%)  route 2.365ns (92.439%))
  Logic Levels:           1  (IBUF=1)
  Clock Path Skew:        -0.400ns (DCD - SCD - CPR)
    Destination Clock Delay (DCD):    -0.400ns
    Source Clock Delay      (SCD):    0.000ns
    Clock Pessimism Removal (CPR):    -0.000ns
  Timing Exception:       False Path

    Location             Delay type                Incr(ns)  Path(ns)    Netlist Resource(s)
  -------------------------------------------------------------------    -------------------
    F15                                               0.000     0.000 r  btn_up (IN)
                         net (fo=0)                   0.000     0.000    btn_up
    F15                  IBUF (Prop_ibuf_I_O)         0.193     0.193 r  btn_up_IBUF_inst/O
                         net (fo=1, routed)           2.365     2.559    unified_uart_controller/D[0]
    SLICE_X16Y136        FDCE                                         r  unified_uart_controller/btn_sync_reg[0]/D
  -------------------------------------------------------------------    -------------------

                         (clock clk_out1_clk_wiz_0 rise edge)
                                                      0.000     0.000 r  
    R4                                                0.000     0.000 r  clk (IN)
                         net (fo=0)                   0.000     0.000    clk_gen/inst/clk_in1
    R4                   IBUF (Prop_ibuf_I_O)         0.431     0.431 r  clk_gen/inst/clkin1_ibufg/O
                         net (fo=1, routed)           0.481     0.912    clk_gen/inst/clk_in1_clk_wiz_0
    PLLE2_ADV_X1Y2       PLLE2_ADV (Prop_plle2_adv_CLKIN1_CLKOUT0)
                                                     -2.828    -1.916 r  clk_gen/inst/plle2_adv_inst/CLKOUT0
                         net (fo=1, routed)           0.595    -1.322    clk_gen/inst/clk_out1_clk_wiz_0
    BUFGCTRL_X0Y0        BUFG (Prop_bufg_I_O)         0.029    -1.293 r  clk_gen/inst/clkout1_buf/O
                         net (fo=13112, routed)       0.893    -0.400    unified_uart_controller/clk_out1
    SLICE_X16Y136        FDCE                                         r  unified_uart_controller/btn_sync_reg[0]/C





--------------------------------------------------------------------------------------
Path Group:  (none)
From Clock:  
  To Clock:  clk_out1_clk_wiz_0

Max Delay            20 Endpoints
Min Delay            20 Endpoints
--------------------------------------------------------------------------------------


Max Delay Paths
--------------------------------------------------------------------------------------
Slack:                    inf
  Source:                 clk_gen/inst/plle2_adv_inst/LOCKED
                            (internal pin)
  Destination:            reset_sync_reg[2]/D
                            (rising edge-triggered cell FDPE clocked by clk_out1_clk_wiz_0  {rise@0.000ns fall@10.638ns period=21.277ns})
  Path Group:             (none)
  Path Type:              Setup (Max at Slow Process Corner)
  Data Path Delay:        4.342ns  (logic 0.124ns (2.856%)  route 4.218ns (97.144%))
  Logic Levels:           1  (LUT2=1)
  Clock Uncertainty:      0.450ns  ((TSJ^2 + DJ^2)^1/2) / 2 + PE
    Total System Jitter     (TSJ):    0.050ns
    Discrete Jitter          (DJ):    0.292ns
    Phase Error              (PE):    0.303ns

    Location             Delay type                Incr(ns)  Path(ns)    Netlist Resource(s)
  -------------------------------------------------------------------    -------------------
    PLLE2_ADV_X1Y2       PLLE2_ADV                    0.000     0.000 f  clk_gen/inst/plle2_adv_inst/LOCKED
                         net (fo=3, routed)           3.630     3.630    clk_locked
    SLICE_X22Y147        LUT2 (Prop_lut2_I1_O)        0.124     3.754 r  reset_sync[2]_i_1/O
                         net (fo=1, routed)           0.587     4.342    reset_sync[2]_i_1_n_0
    SLICE_X22Y147        FDPE                                         r  reset_sync_reg[2]/D
  -------------------------------------------------------------------    -------------------

                         (clock clk_out1_clk_wiz_0 rise edge)
                                                      0.000     0.000 r  
    R4                                                0.000     0.000 r  clk (IN)
                         net (fo=0)                   0.000     0.000    clk_gen/inst/clk_in1
    R4                   IBUF (Prop_ibuf_I_O)         1.405     1.405 r  clk_gen/inst/clkin1_ibufg/O
                         net (fo=1, routed)           1.181     2.586    clk_gen/inst/clk_in1_clk_wiz_0
    PLLE2_ADV_X1Y2       PLLE2_ADV (Prop_plle2_adv_CLKIN1_CLKOUT0)
                                                     -8.206    -5.620 r  clk_gen/inst/plle2_adv_inst/CLKOUT0
                         net (fo=1, routed)           1.718    -3.902    clk_gen/inst/clk_out1_clk_wiz_0
    BUFGCTRL_X0Y0        BUFG (Prop_bufg_I_O)         0.091    -3.811 r  clk_gen/inst/clkout1_buf/O
                         net (fo=13112, routed)       1.649    -2.161    clk_cpu
    SLICE_X22Y147        FDPE                                         r  reset_sync_reg[2]/C

Slack:                    inf
  Source:                 clk_gen/inst/plle2_adv_inst/LOCKED
                            (internal pin)
  Destination:            reset_sync_reg[0]/D
                            (rising edge-triggered cell FDPE clocked by clk_out1_clk_wiz_0  {rise@0.000ns fall@10.638ns period=21.277ns})
  Path Group:             (none)
  Path Type:              Setup (Max at Slow Process Corner)
  Data Path Delay:        4.152ns  (logic 0.124ns (2.986%)  route 4.028ns (97.014%))
  Logic Levels:           1  (LUT1=1)
  Clock Uncertainty:      0.450ns  ((TSJ^2 + DJ^2)^1/2) / 2 + PE
    Total System Jitter     (TSJ):    0.050ns
    Discrete Jitter          (DJ):    0.292ns
    Phase Error              (PE):    0.303ns

    Location             Delay type                Incr(ns)  Path(ns)    Netlist Resource(s)
  -------------------------------------------------------------------    -------------------
    PLLE2_ADV_X1Y2       PLLE2_ADV                    0.000     0.000 f  clk_gen/inst/plle2_adv_inst/LOCKED
                         net (fo=3, routed)           4.028     4.028    clk_locked
    SLICE_X22Y147        LUT1 (Prop_lut1_I0_O)        0.124     4.152 r  reset_sync[0]_i_1/O
                         net (fo=1, routed)           0.000     4.152    reset_sync[0]_i_1_n_0
    SLICE_X22Y147        FDPE                                         r  reset_sync_reg[0]/D
  -------------------------------------------------------------------    -------------------

                         (clock clk_out1_clk_wiz_0 rise edge)
                                                      0.000     0.000 r  
    R4                                                0.000     0.000 r  clk (IN)
                         net (fo=0)                   0.000     0.000    clk_gen/inst/clk_in1
    R4                   IBUF (Prop_ibuf_I_O)         1.405     1.405 r  clk_gen/inst/clkin1_ibufg/O
                         net (fo=1, routed)           1.181     2.586    clk_gen/inst/clk_in1_clk_wiz_0
    PLLE2_ADV_X1Y2       PLLE2_ADV (Prop_plle2_adv_CLKIN1_CLKOUT0)
                                                     -8.206    -5.620 r  clk_gen/inst/plle2_adv_inst/CLKOUT0
                         net (fo=1, routed)           1.718    -3.902    clk_gen/inst/clk_out1_clk_wiz_0
    BUFGCTRL_X0Y0        BUFG (Prop_bufg_I_O)         0.091    -3.811 r  clk_gen/inst/clkout1_buf/O
                         net (fo=13112, routed)       1.649    -2.161    clk_cpu
    SLICE_X22Y147        FDPE                                         r  reset_sync_reg[0]/C

Slack:                    inf
  Source:                 clk_gen/inst/plle2_adv_inst/LOCKED
                            (internal pin)
  Destination:            reset_sync_reg[1]/D
                            (rising edge-triggered cell FDPE clocked by clk_out1_clk_wiz_0  {rise@0.000ns fall@10.638ns period=21.277ns})
  Path Group:             (none)
  Path Type:              Setup (Max at Slow Process Corner)
  Data Path Delay:        4.142ns  (logic 0.124ns (2.993%)  route 4.018ns (97.007%))
  Logic Levels:           1  (LUT2=1)
  Clock Uncertainty:      0.450ns  ((TSJ^2 + DJ^2)^1/2) / 2 + PE
    Total System Jitter     (TSJ):    0.050ns
    Discrete Jitter          (DJ):    0.292ns
    Phase Error              (PE):    0.303ns

    Location             Delay type                Incr(ns)  Path(ns)    Netlist Resource(s)
  -------------------------------------------------------------------    -------------------
    PLLE2_ADV_X1Y2       PLLE2_ADV                    0.000     0.000 f  clk_gen/inst/plle2_adv_inst/LOCKED
                         net (fo=3, routed)           4.018     4.018    clk_locked
    SLICE_X22Y147        LUT2 (Prop_lut2_I1_O)        0.124     4.142 r  reset_sync[1]_i_1/O
                         net (fo=1, routed)           0.000     4.142    reset_sync[1]_i_1_n_0
    SLICE_X22Y147        FDPE                                         r  reset_sync_reg[1]/D
  -------------------------------------------------------------------    -------------------

                         (clock clk_out1_clk_wiz_0 rise edge)
                                                      0.000     0.000 r  
    R4                                                0.000     0.000 r  clk (IN)
                         net (fo=0)                   0.000     0.000    clk_gen/inst/clk_in1
    R4                   IBUF (Prop_ibuf_I_O)         1.405     1.405 r  clk_gen/inst/clkin1_ibufg/O
                         net (fo=1, routed)           1.181     2.586    clk_gen/inst/clk_in1_clk_wiz_0
    PLLE2_ADV_X1Y2       PLLE2_ADV (Prop_plle2_adv_CLKIN1_CLKOUT0)
                                                     -8.206    -5.620 r  clk_gen/inst/plle2_adv_inst/CLKOUT0
                         net (fo=1, routed)           1.718    -3.902    clk_gen/inst/clk_out1_clk_wiz_0
    BUFGCTRL_X0Y0        BUFG (Prop_bufg_I_O)         0.091    -3.811 r  clk_gen/inst/clkout1_buf/O
                         net (fo=13112, routed)       1.649    -2.161    clk_cpu
    SLICE_X22Y147        FDPE                                         r  reset_sync_reg[1]/C

Slack:                    inf
  Source:                 rv64im72f_6sp/alu/multiplier_word/mult_result__1/ACOUT[0]
                            (internal pin)
  Destination:            rv64im72f_6sp/alu/multiplier_word/mult_result__2/ACIN[0]
                            (rising edge-triggered cell DSP48E1 clocked by clk_out1_clk_wiz_0  {rise@0.000ns fall@10.638ns period=21.277ns})
  Path Group:             (none)
  Path Type:              Setup (Max at Slow Process Corner)
  Data Path Delay:        0.002ns  (logic 0.000ns (0.000%)  route 0.002ns (100.000%))
  Logic Levels:           0  
  Clock Uncertainty:      0.450ns  ((TSJ^2 + DJ^2)^1/2) / 2 + PE
    Total System Jitter     (TSJ):    0.050ns
    Discrete Jitter          (DJ):    0.292ns
    Phase Error              (PE):    0.303ns

    Location             Delay type                Incr(ns)  Path(ns)    Netlist Resource(s)
  -------------------------------------------------------------------    -------------------
    DSP48_X1Y8           DSP48E1                      0.000     0.000 r  rv64im72f_6sp/alu/multiplier_word/mult_result__1/ACOUT[0]
                         net (fo=1, routed)           0.002     0.002    rv64im72f_6sp/alu/multiplier_word/mult_result__1_n_53
    DSP48_X1Y9           DSP48E1                                      r  rv64im72f_6sp/alu/multiplier_word/mult_result__2/ACIN[0]
  -------------------------------------------------------------------    -------------------

                         (clock clk_out1_clk_wiz_0 rise edge)
                                                      0.000     0.000 r  
    R4                                                0.000     0.000 r  clk (IN)
                         net (fo=0)                   0.000     0.000    clk_gen/inst/clk_in1
    R4                   IBUF (Prop_ibuf_I_O)         1.405     1.405 r  clk_gen/inst/clkin1_ibufg/O
                         net (fo=1, routed)           1.181     2.586    clk_gen/inst/clk_in1_clk_wiz_0
    PLLE2_ADV_X1Y2       PLLE2_ADV (Prop_plle2_adv_CLKIN1_CLKOUT0)
                                                     -8.206    -5.620 r  clk_gen/inst/plle2_adv_inst/CLKOUT0
                         net (fo=1, routed)           1.718    -3.902    clk_gen/inst/clk_out1_clk_wiz_0
    BUFGCTRL_X0Y0        BUFG (Prop_bufg_I_O)         0.091    -3.811 r  clk_gen/inst/clkout1_buf/O
                         net (fo=13112, routed)       2.067    -1.744    rv64im72f_6sp/alu/multiplier_word/clk_out1
    DSP48_X1Y9           DSP48E1                                      r  rv64im72f_6sp/alu/multiplier_word/mult_result__2/CLK

Slack:                    inf
  Source:                 rv64im72f_6sp/alu/multiplier_word/mult_result__1/ACOUT[10]
                            (internal pin)
  Destination:            rv64im72f_6sp/alu/multiplier_word/mult_result__2/ACIN[10]
                            (rising edge-triggered cell DSP48E1 clocked by clk_out1_clk_wiz_0  {rise@0.000ns fall@10.638ns period=21.277ns})
  Path Group:             (none)
  Path Type:              Setup (Max at Slow Process Corner)
  Data Path Delay:        0.002ns  (logic 0.000ns (0.000%)  route 0.002ns (100.000%))
  Logic Levels:           0  
  Clock Uncertainty:      0.450ns  ((TSJ^2 + DJ^2)^1/2) / 2 + PE
    Total System Jitter     (TSJ):    0.050ns
    Discrete Jitter          (DJ):    0.292ns
    Phase Error              (PE):    0.303ns

    Location             Delay type                Incr(ns)  Path(ns)    Netlist Resource(s)
  -------------------------------------------------------------------    -------------------
    DSP48_X1Y8           DSP48E1                      0.000     0.000 r  rv64im72f_6sp/alu/multiplier_word/mult_result__1/ACOUT[10]
                         net (fo=1, routed)           0.002     0.002    rv64im72f_6sp/alu/multiplier_word/mult_result__1_n_43
    DSP48_X1Y9           DSP48E1                                      r  rv64im72f_6sp/alu/multiplier_word/mult_result__2/ACIN[10]
  -------------------------------------------------------------------    -------------------

                         (clock clk_out1_clk_wiz_0 rise edge)
                                                      0.000     0.000 r  
    R4                                                0.000     0.000 r  clk (IN)
                         net (fo=0)                   0.000     0.000    clk_gen/inst/clk_in1
    R4                   IBUF (Prop_ibuf_I_O)         1.405     1.405 r  clk_gen/inst/clkin1_ibufg/O
                         net (fo=1, routed)           1.181     2.586    clk_gen/inst/clk_in1_clk_wiz_0
    PLLE2_ADV_X1Y2       PLLE2_ADV (Prop_plle2_adv_CLKIN1_CLKOUT0)
                                                     -8.206    -5.620 r  clk_gen/inst/plle2_adv_inst/CLKOUT0
                         net (fo=1, routed)           1.718    -3.902    clk_gen/inst/clk_out1_clk_wiz_0
    BUFGCTRL_X0Y0        BUFG (Prop_bufg_I_O)         0.091    -3.811 r  clk_gen/inst/clkout1_buf/O
                         net (fo=13112, routed)       2.067    -1.744    rv64im72f_6sp/alu/multiplier_word/clk_out1
    DSP48_X1Y9           DSP48E1                                      r  rv64im72f_6sp/alu/multiplier_word/mult_result__2/CLK

Slack:                    inf
  Source:                 rv64im72f_6sp/alu/multiplier_word/mult_result__1/ACOUT[11]
                            (internal pin)
  Destination:            rv64im72f_6sp/alu/multiplier_word/mult_result__2/ACIN[11]
                            (rising edge-triggered cell DSP48E1 clocked by clk_out1_clk_wiz_0  {rise@0.000ns fall@10.638ns period=21.277ns})
  Path Group:             (none)
  Path Type:              Setup (Max at Slow Process Corner)
  Data Path Delay:        0.002ns  (logic 0.000ns (0.000%)  route 0.002ns (100.000%))
  Logic Levels:           0  
  Clock Uncertainty:      0.450ns  ((TSJ^2 + DJ^2)^1/2) / 2 + PE
    Total System Jitter     (TSJ):    0.050ns
    Discrete Jitter          (DJ):    0.292ns
    Phase Error              (PE):    0.303ns

    Location             Delay type                Incr(ns)  Path(ns)    Netlist Resource(s)
  -------------------------------------------------------------------    -------------------
    DSP48_X1Y8           DSP48E1                      0.000     0.000 r  rv64im72f_6sp/alu/multiplier_word/mult_result__1/ACOUT[11]
                         net (fo=1, routed)           0.002     0.002    rv64im72f_6sp/alu/multiplier_word/mult_result__1_n_42
    DSP48_X1Y9           DSP48E1                                      r  rv64im72f_6sp/alu/multiplier_word/mult_result__2/ACIN[11]
  -------------------------------------------------------------------    -------------------

                         (clock clk_out1_clk_wiz_0 rise edge)
                                                      0.000     0.000 r  
    R4                                                0.000     0.000 r  clk (IN)
                         net (fo=0)                   0.000     0.000    clk_gen/inst/clk_in1
    R4                   IBUF (Prop_ibuf_I_O)         1.405     1.405 r  clk_gen/inst/clkin1_ibufg/O
                         net (fo=1, routed)           1.181     2.586    clk_gen/inst/clk_in1_clk_wiz_0
    PLLE2_ADV_X1Y2       PLLE2_ADV (Prop_plle2_adv_CLKIN1_CLKOUT0)
                                                     -8.206    -5.620 r  clk_gen/inst/plle2_adv_inst/CLKOUT0
                         net (fo=1, routed)           1.718    -3.902    clk_gen/inst/clk_out1_clk_wiz_0
    BUFGCTRL_X0Y0        BUFG (Prop_bufg_I_O)         0.091    -3.811 r  clk_gen/inst/clkout1_buf/O
                         net (fo=13112, routed)       2.067    -1.744    rv64im72f_6sp/alu/multiplier_word/clk_out1
    DSP48_X1Y9           DSP48E1                                      r  rv64im72f_6sp/alu/multiplier_word/mult_result__2/CLK

Slack:                    inf
  Source:                 rv64im72f_6sp/alu/multiplier_word/mult_result__1/ACOUT[12]
                            (internal pin)
  Destination:            rv64im72f_6sp/alu/multiplier_word/mult_result__2/ACIN[12]
                            (rising edge-triggered cell DSP48E1 clocked by clk_out1_clk_wiz_0  {rise@0.000ns fall@10.638ns period=21.277ns})
  Path Group:             (none)
  Path Type:              Setup (Max at Slow Process Corner)
  Data Path Delay:        0.002ns  (logic 0.000ns (0.000%)  route 0.002ns (100.000%))
  Logic Levels:           0  
  Clock Uncertainty:      0.450ns  ((TSJ^2 + DJ^2)^1/2) / 2 + PE
    Total System Jitter     (TSJ):    0.050ns
    Discrete Jitter          (DJ):    0.292ns
    Phase Error              (PE):    0.303ns

    Location             Delay type                Incr(ns)  Path(ns)    Netlist Resource(s)
  -------------------------------------------------------------------    -------------------
    DSP48_X1Y8           DSP48E1                      0.000     0.000 r  rv64im72f_6sp/alu/multiplier_word/mult_result__1/ACOUT[12]
                         net (fo=1, routed)           0.002     0.002    rv64im72f_6sp/alu/multiplier_word/mult_result__1_n_41
    DSP48_X1Y9           DSP48E1                                      r  rv64im72f_6sp/alu/multiplier_word/mult_result__2/ACIN[12]
  -------------------------------------------------------------------    -------------------

                         (clock clk_out1_clk_wiz_0 rise edge)
                                                      0.000     0.000 r  
    R4                                                0.000     0.000 r  clk (IN)
                         net (fo=0)                   0.000     0.000    clk_gen/inst/clk_in1
    R4                   IBUF (Prop_ibuf_I_O)         1.405     1.405 r  clk_gen/inst/clkin1_ibufg/O
                         net (fo=1, routed)           1.181     2.586    clk_gen/inst/clk_in1_clk_wiz_0
    PLLE2_ADV_X1Y2       PLLE2_ADV (Prop_plle2_adv_CLKIN1_CLKOUT0)
                                                     -8.206    -5.620 r  clk_gen/inst/plle2_adv_inst/CLKOUT0
                         net (fo=1, routed)           1.718    -3.902    clk_gen/inst/clk_out1_clk_wiz_0
    BUFGCTRL_X0Y0        BUFG (Prop_bufg_I_O)         0.091    -3.811 r  clk_gen/inst/clkout1_buf/O
                         net (fo=13112, routed)       2.067    -1.744    rv64im72f_6sp/alu/multiplier_word/clk_out1
    DSP48_X1Y9           DSP48E1                                      r  rv64im72f_6sp/alu/multiplier_word/mult_result__2/CLK

Slack:                    inf
  Source:                 rv64im72f_6sp/alu/multiplier_word/mult_result__1/ACOUT[13]
                            (internal pin)
  Destination:            rv64im72f_6sp/alu/multiplier_word/mult_result__2/ACIN[13]
                            (rising edge-triggered cell DSP48E1 clocked by clk_out1_clk_wiz_0  {rise@0.000ns fall@10.638ns period=21.277ns})
  Path Group:             (none)
  Path Type:              Setup (Max at Slow Process Corner)
  Data Path Delay:        0.002ns  (logic 0.000ns (0.000%)  route 0.002ns (100.000%))
  Logic Levels:           0  
  Clock Uncertainty:      0.450ns  ((TSJ^2 + DJ^2)^1/2) / 2 + PE
    Total System Jitter     (TSJ):    0.050ns
    Discrete Jitter          (DJ):    0.292ns
    Phase Error              (PE):    0.303ns

    Location             Delay type                Incr(ns)  Path(ns)    Netlist Resource(s)
  -------------------------------------------------------------------    -------------------
    DSP48_X1Y8           DSP48E1                      0.000     0.000 r  rv64im72f_6sp/alu/multiplier_word/mult_result__1/ACOUT[13]
                         net (fo=1, routed)           0.002     0.002    rv64im72f_6sp/alu/multiplier_word/mult_result__1_n_40
    DSP48_X1Y9           DSP48E1                                      r  rv64im72f_6sp/alu/multiplier_word/mult_result__2/ACIN[13]
  -------------------------------------------------------------------    -------------------

                         (clock clk_out1_clk_wiz_0 rise edge)
                                                      0.000     0.000 r  
    R4                                                0.000     0.000 r  clk (IN)
                         net (fo=0)                   0.000     0.000    clk_gen/inst/clk_in1
    R4                   IBUF (Prop_ibuf_I_O)         1.405     1.405 r  clk_gen/inst/clkin1_ibufg/O
                         net (fo=1, routed)           1.181     2.586    clk_gen/inst/clk_in1_clk_wiz_0
    PLLE2_ADV_X1Y2       PLLE2_ADV (Prop_plle2_adv_CLKIN1_CLKOUT0)
                                                     -8.206    -5.620 r  clk_gen/inst/plle2_adv_inst/CLKOUT0
                         net (fo=1, routed)           1.718    -3.902    clk_gen/inst/clk_out1_clk_wiz_0
    BUFGCTRL_X0Y0        BUFG (Prop_bufg_I_O)         0.091    -3.811 r  clk_gen/inst/clkout1_buf/O
                         net (fo=13112, routed)       2.067    -1.744    rv64im72f_6sp/alu/multiplier_word/clk_out1
    DSP48_X1Y9           DSP48E1                                      r  rv64im72f_6sp/alu/multiplier_word/mult_result__2/CLK

Slack:                    inf
  Source:                 rv64im72f_6sp/alu/multiplier_word/mult_result__1/ACOUT[14]
                            (internal pin)
  Destination:            rv64im72f_6sp/alu/multiplier_word/mult_result__2/ACIN[14]
                            (rising edge-triggered cell DSP48E1 clocked by clk_out1_clk_wiz_0  {rise@0.000ns fall@10.638ns period=21.277ns})
  Path Group:             (none)
  Path Type:              Setup (Max at Slow Process Corner)
  Data Path Delay:        0.002ns  (logic 0.000ns (0.000%)  route 0.002ns (100.000%))
  Logic Levels:           0  
  Clock Uncertainty:      0.450ns  ((TSJ^2 + DJ^2)^1/2) / 2 + PE
    Total System Jitter     (TSJ):    0.050ns
    Discrete Jitter          (DJ):    0.292ns
    Phase Error              (PE):    0.303ns

    Location             Delay type                Incr(ns)  Path(ns)    Netlist Resource(s)
  -------------------------------------------------------------------    -------------------
    DSP48_X1Y8           DSP48E1                      0.000     0.000 r  rv64im72f_6sp/alu/multiplier_word/mult_result__1/ACOUT[14]
                         net (fo=1, routed)           0.002     0.002    rv64im72f_6sp/alu/multiplier_word/mult_result__1_n_39
    DSP48_X1Y9           DSP48E1                                      r  rv64im72f_6sp/alu/multiplier_word/mult_result__2/ACIN[14]
  -------------------------------------------------------------------    -------------------

                         (clock clk_out1_clk_wiz_0 rise edge)
                                                      0.000     0.000 r  
    R4                                                0.000     0.000 r  clk (IN)
                         net (fo=0)                   0.000     0.000    clk_gen/inst/clk_in1
    R4                   IBUF (Prop_ibuf_I_O)         1.405     1.405 r  clk_gen/inst/clkin1_ibufg/O
                         net (fo=1, routed)           1.181     2.586    clk_gen/inst/clk_in1_clk_wiz_0
    PLLE2_ADV_X1Y2       PLLE2_ADV (Prop_plle2_adv_CLKIN1_CLKOUT0)
                                                     -8.206    -5.620 r  clk_gen/inst/plle2_adv_inst/CLKOUT0
                         net (fo=1, routed)           1.718    -3.902    clk_gen/inst/clk_out1_clk_wiz_0
    BUFGCTRL_X0Y0        BUFG (Prop_bufg_I_O)         0.091    -3.811 r  clk_gen/inst/clkout1_buf/O
                         net (fo=13112, routed)       2.067    -1.744    rv64im72f_6sp/alu/multiplier_word/clk_out1
    DSP48_X1Y9           DSP48E1                                      r  rv64im72f_6sp/alu/multiplier_word/mult_result__2/CLK

Slack:                    inf
  Source:                 rv64im72f_6sp/alu/multiplier_word/mult_result__1/ACOUT[15]
                            (internal pin)
  Destination:            rv64im72f_6sp/alu/multiplier_word/mult_result__2/ACIN[15]
                            (rising edge-triggered cell DSP48E1 clocked by clk_out1_clk_wiz_0  {rise@0.000ns fall@10.638ns period=21.277ns})
  Path Group:             (none)
  Path Type:              Setup (Max at Slow Process Corner)
  Data Path Delay:        0.002ns  (logic 0.000ns (0.000%)  route 0.002ns (100.000%))
  Logic Levels:           0  
  Clock Uncertainty:      0.450ns  ((TSJ^2 + DJ^2)^1/2) / 2 + PE
    Total System Jitter     (TSJ):    0.050ns
    Discrete Jitter          (DJ):    0.292ns
    Phase Error              (PE):    0.303ns

    Location             Delay type                Incr(ns)  Path(ns)    Netlist Resource(s)
  -------------------------------------------------------------------    -------------------
    DSP48_X1Y8           DSP48E1                      0.000     0.000 r  rv64im72f_6sp/alu/multiplier_word/mult_result__1/ACOUT[15]
                         net (fo=1, routed)           0.002     0.002    rv64im72f_6sp/alu/multiplier_word/mult_result__1_n_38
    DSP48_X1Y9           DSP48E1                                      r  rv64im72f_6sp/alu/multiplier_word/mult_result__2/ACIN[15]
  -------------------------------------------------------------------    -------------------

                         (clock clk_out1_clk_wiz_0 rise edge)
                                                      0.000     0.000 r  
    R4                                                0.000     0.000 r  clk (IN)
                         net (fo=0)                   0.000     0.000    clk_gen/inst/clk_in1
    R4                   IBUF (Prop_ibuf_I_O)         1.405     1.405 r  clk_gen/inst/clkin1_ibufg/O
                         net (fo=1, routed)           1.181     2.586    clk_gen/inst/clk_in1_clk_wiz_0
    PLLE2_ADV_X1Y2       PLLE2_ADV (Prop_plle2_adv_CLKIN1_CLKOUT0)
                                                     -8.206    -5.620 r  clk_gen/inst/plle2_adv_inst/CLKOUT0
                         net (fo=1, routed)           1.718    -3.902    clk_gen/inst/clk_out1_clk_wiz_0
    BUFGCTRL_X0Y0        BUFG (Prop_bufg_I_O)         0.091    -3.811 r  clk_gen/inst/clkout1_buf/O
                         net (fo=13112, routed)       2.067    -1.744    rv64im72f_6sp/alu/multiplier_word/clk_out1
    DSP48_X1Y9           DSP48E1                                      r  rv64im72f_6sp/alu/multiplier_word/mult_result__2/CLK





Min Delay Paths
--------------------------------------------------------------------------------------
Slack:                    inf
  Source:                 rv64im72f_6sp/alu/multiplier_word/mult_result__1/ACOUT[0]
                            (internal pin)
  Destination:            rv64im72f_6sp/alu/multiplier_word/mult_result__2/ACIN[0]
                            (rising edge-triggered cell DSP48E1 clocked by clk_out1_clk_wiz_0  {rise@0.000ns fall@10.638ns period=21.277ns})
  Path Group:             (none)
  Path Type:              Hold (Min at Slow Process Corner)
  Data Path Delay:        0.002ns  (logic 0.000ns (0.000%)  route 0.002ns (100.000%))
  Logic Levels:           0  
  Clock Uncertainty:      0.450ns  ((TSJ^2 + DJ^2)^1/2) / 2 + PE
    Total System Jitter     (TSJ):    0.050ns
    Discrete Jitter          (DJ):    0.292ns
    Phase Error              (PE):    0.303ns

    Location             Delay type                Incr(ns)  Path(ns)    Netlist Resource(s)
  -------------------------------------------------------------------    -------------------
    DSP48_X1Y8           DSP48E1                      0.000     0.000 r  rv64im72f_6sp/alu/multiplier_word/mult_result__1/ACOUT[0]
                         net (fo=1, routed)           0.002     0.002    rv64im72f_6sp/alu/multiplier_word/mult_result__1_n_53
    DSP48_X1Y9           DSP48E1                                      r  rv64im72f_6sp/alu/multiplier_word/mult_result__2/ACIN[0]
  -------------------------------------------------------------------    -------------------

                         (clock clk_out1_clk_wiz_0 rise edge)
                                                      0.000     0.000 r  
    R4                                                0.000     0.000 r  clk (IN)
                         net (fo=0)                   0.000     0.000    clk_gen/inst/clk_in1
    R4                   IBUF (Prop_ibuf_I_O)         1.475     1.475 r  clk_gen/inst/clkin1_ibufg/O
                         net (fo=1, routed)           1.253     2.728    clk_gen/inst/clk_in1_clk_wiz_0
    PLLE2_ADV_X1Y2       PLLE2_ADV (Prop_plle2_adv_CLKIN1_CLKOUT0)
                                                     -8.953    -6.225 r  clk_gen/inst/plle2_adv_inst/CLKOUT0
                         net (fo=1, routed)           1.802    -4.422    clk_gen/inst/clk_out1_clk_wiz_0
    BUFGCTRL_X0Y0        BUFG (Prop_bufg_I_O)         0.096    -4.326 r  clk_gen/inst/clkout1_buf/O
                         net (fo=13112, routed)       2.200    -2.126    rv64im72f_6sp/alu/multiplier_word/clk_out1
    DSP48_X1Y9           DSP48E1                                      r  rv64im72f_6sp/alu/multiplier_word/mult_result__2/CLK

Slack:                    inf
  Source:                 rv64im72f_6sp/alu/multiplier_word/mult_result__1/ACOUT[10]
                            (internal pin)
  Destination:            rv64im72f_6sp/alu/multiplier_word/mult_result__2/ACIN[10]
                            (rising edge-triggered cell DSP48E1 clocked by clk_out1_clk_wiz_0  {rise@0.000ns fall@10.638ns period=21.277ns})
  Path Group:             (none)
  Path Type:              Hold (Min at Slow Process Corner)
  Data Path Delay:        0.002ns  (logic 0.000ns (0.000%)  route 0.002ns (100.000%))
  Logic Levels:           0  
  Clock Uncertainty:      0.450ns  ((TSJ^2 + DJ^2)^1/2) / 2 + PE
    Total System Jitter     (TSJ):    0.050ns
    Discrete Jitter          (DJ):    0.292ns
    Phase Error              (PE):    0.303ns

    Location             Delay type                Incr(ns)  Path(ns)    Netlist Resource(s)
  -------------------------------------------------------------------    -------------------
    DSP48_X1Y8           DSP48E1                      0.000     0.000 r  rv64im72f_6sp/alu/multiplier_word/mult_result__1/ACOUT[10]
                         net (fo=1, routed)           0.002     0.002    rv64im72f_6sp/alu/multiplier_word/mult_result__1_n_43
    DSP48_X1Y9           DSP48E1                                      r  rv64im72f_6sp/alu/multiplier_word/mult_result__2/ACIN[10]
  -------------------------------------------------------------------    -------------------

                         (clock clk_out1_clk_wiz_0 rise edge)
                                                      0.000     0.000 r  
    R4                                                0.000     0.000 r  clk (IN)
                         net (fo=0)                   0.000     0.000    clk_gen/inst/clk_in1
    R4                   IBUF (Prop_ibuf_I_O)         1.475     1.475 r  clk_gen/inst/clkin1_ibufg/O
                         net (fo=1, routed)           1.253     2.728    clk_gen/inst/clk_in1_clk_wiz_0
    PLLE2_ADV_X1Y2       PLLE2_ADV (Prop_plle2_adv_CLKIN1_CLKOUT0)
                                                     -8.953    -6.225 r  clk_gen/inst/plle2_adv_inst/CLKOUT0
                         net (fo=1, routed)           1.802    -4.422    clk_gen/inst/clk_out1_clk_wiz_0
    BUFGCTRL_X0Y0        BUFG (Prop_bufg_I_O)         0.096    -4.326 r  clk_gen/inst/clkout1_buf/O
                         net (fo=13112, routed)       2.200    -2.126    rv64im72f_6sp/alu/multiplier_word/clk_out1
    DSP48_X1Y9           DSP48E1                                      r  rv64im72f_6sp/alu/multiplier_word/mult_result__2/CLK

Slack:                    inf
  Source:                 rv64im72f_6sp/alu/multiplier_word/mult_result__1/ACOUT[11]
                            (internal pin)
  Destination:            rv64im72f_6sp/alu/multiplier_word/mult_result__2/ACIN[11]
                            (rising edge-triggered cell DSP48E1 clocked by clk_out1_clk_wiz_0  {rise@0.000ns fall@10.638ns period=21.277ns})
  Path Group:             (none)
  Path Type:              Hold (Min at Slow Process Corner)
  Data Path Delay:        0.002ns  (logic 0.000ns (0.000%)  route 0.002ns (100.000%))
  Logic Levels:           0  
  Clock Uncertainty:      0.450ns  ((TSJ^2 + DJ^2)^1/2) / 2 + PE
    Total System Jitter     (TSJ):    0.050ns
    Discrete Jitter          (DJ):    0.292ns
    Phase Error              (PE):    0.303ns

    Location             Delay type                Incr(ns)  Path(ns)    Netlist Resource(s)
  -------------------------------------------------------------------    -------------------
    DSP48_X1Y8           DSP48E1                      0.000     0.000 r  rv64im72f_6sp/alu/multiplier_word/mult_result__1/ACOUT[11]
                         net (fo=1, routed)           0.002     0.002    rv64im72f_6sp/alu/multiplier_word/mult_result__1_n_42
    DSP48_X1Y9           DSP48E1                                      r  rv64im72f_6sp/alu/multiplier_word/mult_result__2/ACIN[11]
  -------------------------------------------------------------------    -------------------

                         (clock clk_out1_clk_wiz_0 rise edge)
                                                      0.000     0.000 r  
    R4                                                0.000     0.000 r  clk (IN)
                         net (fo=0)                   0.000     0.000    clk_gen/inst/clk_in1
    R4                   IBUF (Prop_ibuf_I_O)         1.475     1.475 r  clk_gen/inst/clkin1_ibufg/O
                         net (fo=1, routed)           1.253     2.728    clk_gen/inst/clk_in1_clk_wiz_0
    PLLE2_ADV_X1Y2       PLLE2_ADV (Prop_plle2_adv_CLKIN1_CLKOUT0)
                                                     -8.953    -6.225 r  clk_gen/inst/plle2_adv_inst/CLKOUT0
                         net (fo=1, routed)           1.802    -4.422    clk_gen/inst/clk_out1_clk_wiz_0
    BUFGCTRL_X0Y0        BUFG (Prop_bufg_I_O)         0.096    -4.326 r  clk_gen/inst/clkout1_buf/O
                         net (fo=13112, routed)       2.200    -2.126    rv64im72f_6sp/alu/multiplier_word/clk_out1
    DSP48_X1Y9           DSP48E1                                      r  rv64im72f_6sp/alu/multiplier_word/mult_result__2/CLK

Slack:                    inf
  Source:                 rv64im72f_6sp/alu/multiplier_word/mult_result__1/ACOUT[12]
                            (internal pin)
  Destination:            rv64im72f_6sp/alu/multiplier_word/mult_result__2/ACIN[12]
                            (rising edge-triggered cell DSP48E1 clocked by clk_out1_clk_wiz_0  {rise@0.000ns fall@10.638ns period=21.277ns})
  Path Group:             (none)
  Path Type:              Hold (Min at Slow Process Corner)
  Data Path Delay:        0.002ns  (logic 0.000ns (0.000%)  route 0.002ns (100.000%))
  Logic Levels:           0  
  Clock Uncertainty:      0.450ns  ((TSJ^2 + DJ^2)^1/2) / 2 + PE
    Total System Jitter     (TSJ):    0.050ns
    Discrete Jitter          (DJ):    0.292ns
    Phase Error              (PE):    0.303ns

    Location             Delay type                Incr(ns)  Path(ns)    Netlist Resource(s)
  -------------------------------------------------------------------    -------------------
    DSP48_X1Y8           DSP48E1                      0.000     0.000 r  rv64im72f_6sp/alu/multiplier_word/mult_result__1/ACOUT[12]
                         net (fo=1, routed)           0.002     0.002    rv64im72f_6sp/alu/multiplier_word/mult_result__1_n_41
    DSP48_X1Y9           DSP48E1                                      r  rv64im72f_6sp/alu/multiplier_word/mult_result__2/ACIN[12]
  -------------------------------------------------------------------    -------------------

                         (clock clk_out1_clk_wiz_0 rise edge)
                                                      0.000     0.000 r  
    R4                                                0.000     0.000 r  clk (IN)
                         net (fo=0)                   0.000     0.000    clk_gen/inst/clk_in1
    R4                   IBUF (Prop_ibuf_I_O)         1.475     1.475 r  clk_gen/inst/clkin1_ibufg/O
                         net (fo=1, routed)           1.253     2.728    clk_gen/inst/clk_in1_clk_wiz_0
    PLLE2_ADV_X1Y2       PLLE2_ADV (Prop_plle2_adv_CLKIN1_CLKOUT0)
                                                     -8.953    -6.225 r  clk_gen/inst/plle2_adv_inst/CLKOUT0
                         net (fo=1, routed)           1.802    -4.422    clk_gen/inst/clk_out1_clk_wiz_0
    BUFGCTRL_X0Y0        BUFG (Prop_bufg_I_O)         0.096    -4.326 r  clk_gen/inst/clkout1_buf/O
                         net (fo=13112, routed)       2.200    -2.126    rv64im72f_6sp/alu/multiplier_word/clk_out1
    DSP48_X1Y9           DSP48E1                                      r  rv64im72f_6sp/alu/multiplier_word/mult_result__2/CLK

Slack:                    inf
  Source:                 rv64im72f_6sp/alu/multiplier_word/mult_result__1/ACOUT[13]
                            (internal pin)
  Destination:            rv64im72f_6sp/alu/multiplier_word/mult_result__2/ACIN[13]
                            (rising edge-triggered cell DSP48E1 clocked by clk_out1_clk_wiz_0  {rise@0.000ns fall@10.638ns period=21.277ns})
  Path Group:             (none)
  Path Type:              Hold (Min at Slow Process Corner)
  Data Path Delay:        0.002ns  (logic 0.000ns (0.000%)  route 0.002ns (100.000%))
  Logic Levels:           0  
  Clock Uncertainty:      0.450ns  ((TSJ^2 + DJ^2)^1/2) / 2 + PE
    Total System Jitter     (TSJ):    0.050ns
    Discrete Jitter          (DJ):    0.292ns
    Phase Error              (PE):    0.303ns

    Location             Delay type                Incr(ns)  Path(ns)    Netlist Resource(s)
  -------------------------------------------------------------------    -------------------
    DSP48_X1Y8           DSP48E1                      0.000     0.000 r  rv64im72f_6sp/alu/multiplier_word/mult_result__1/ACOUT[13]
                         net (fo=1, routed)           0.002     0.002    rv64im72f_6sp/alu/multiplier_word/mult_result__1_n_40
    DSP48_X1Y9           DSP48E1                                      r  rv64im72f_6sp/alu/multiplier_word/mult_result__2/ACIN[13]
  -------------------------------------------------------------------    -------------------

                         (clock clk_out1_clk_wiz_0 rise edge)
                                                      0.000     0.000 r  
    R4                                                0.000     0.000 r  clk (IN)
                         net (fo=0)                   0.000     0.000    clk_gen/inst/clk_in1
    R4                   IBUF (Prop_ibuf_I_O)         1.475     1.475 r  clk_gen/inst/clkin1_ibufg/O
                         net (fo=1, routed)           1.253     2.728    clk_gen/inst/clk_in1_clk_wiz_0
    PLLE2_ADV_X1Y2       PLLE2_ADV (Prop_plle2_adv_CLKIN1_CLKOUT0)
                                                     -8.953    -6.225 r  clk_gen/inst/plle2_adv_inst/CLKOUT0
                         net (fo=1, routed)           1.802    -4.422    clk_gen/inst/clk_out1_clk_wiz_0
    BUFGCTRL_X0Y0        BUFG (Prop_bufg_I_O)         0.096    -4.326 r  clk_gen/inst/clkout1_buf/O
                         net (fo=13112, routed)       2.200    -2.126    rv64im72f_6sp/alu/multiplier_word/clk_out1
    DSP48_X1Y9           DSP48E1                                      r  rv64im72f_6sp/alu/multiplier_word/mult_result__2/CLK

Slack:                    inf
  Source:                 rv64im72f_6sp/alu/multiplier_word/mult_result__1/ACOUT[14]
                            (internal pin)
  Destination:            rv64im72f_6sp/alu/multiplier_word/mult_result__2/ACIN[14]
                            (rising edge-triggered cell DSP48E1 clocked by clk_out1_clk_wiz_0  {rise@0.000ns fall@10.638ns period=21.277ns})
  Path Group:             (none)
  Path Type:              Hold (Min at Slow Process Corner)
  Data Path Delay:        0.002ns  (logic 0.000ns (0.000%)  route 0.002ns (100.000%))
  Logic Levels:           0  
  Clock Uncertainty:      0.450ns  ((TSJ^2 + DJ^2)^1/2) / 2 + PE
    Total System Jitter     (TSJ):    0.050ns
    Discrete Jitter          (DJ):    0.292ns
    Phase Error              (PE):    0.303ns

    Location             Delay type                Incr(ns)  Path(ns)    Netlist Resource(s)
  -------------------------------------------------------------------    -------------------
    DSP48_X1Y8           DSP48E1                      0.000     0.000 r  rv64im72f_6sp/alu/multiplier_word/mult_result__1/ACOUT[14]
                         net (fo=1, routed)           0.002     0.002    rv64im72f_6sp/alu/multiplier_word/mult_result__1_n_39
    DSP48_X1Y9           DSP48E1                                      r  rv64im72f_6sp/alu/multiplier_word/mult_result__2/ACIN[14]
  -------------------------------------------------------------------    -------------------

                         (clock clk_out1_clk_wiz_0 rise edge)
                                                      0.000     0.000 r  
    R4                                                0.000     0.000 r  clk (IN)
                         net (fo=0)                   0.000     0.000    clk_gen/inst/clk_in1
    R4                   IBUF (Prop_ibuf_I_O)         1.475     1.475 r  clk_gen/inst/clkin1_ibufg/O
                         net (fo=1, routed)           1.253     2.728    clk_gen/inst/clk_in1_clk_wiz_0
    PLLE2_ADV_X1Y2       PLLE2_ADV (Prop_plle2_adv_CLKIN1_CLKOUT0)
                                                     -8.953    -6.225 r  clk_gen/inst/plle2_adv_inst/CLKOUT0
                         net (fo=1, routed)           1.802    -4.422    clk_gen/inst/clk_out1_clk_wiz_0
    BUFGCTRL_X0Y0        BUFG (Prop_bufg_I_O)         0.096    -4.326 r  clk_gen/inst/clkout1_buf/O
                         net (fo=13112, routed)       2.200    -2.126    rv64im72f_6sp/alu/multiplier_word/clk_out1
    DSP48_X1Y9           DSP48E1                                      r  rv64im72f_6sp/alu/multiplier_word/mult_result__2/CLK

Slack:                    inf
  Source:                 rv64im72f_6sp/alu/multiplier_word/mult_result__1/ACOUT[15]
                            (internal pin)
  Destination:            rv64im72f_6sp/alu/multiplier_word/mult_result__2/ACIN[15]
                            (rising edge-triggered cell DSP48E1 clocked by clk_out1_clk_wiz_0  {rise@0.000ns fall@10.638ns period=21.277ns})
  Path Group:             (none)
  Path Type:              Hold (Min at Slow Process Corner)
  Data Path Delay:        0.002ns  (logic 0.000ns (0.000%)  route 0.002ns (100.000%))
  Logic Levels:           0  
  Clock Uncertainty:      0.450ns  ((TSJ^2 + DJ^2)^1/2) / 2 + PE
    Total System Jitter     (TSJ):    0.050ns
    Discrete Jitter          (DJ):    0.292ns
    Phase Error              (PE):    0.303ns

    Location             Delay type                Incr(ns)  Path(ns)    Netlist Resource(s)
  -------------------------------------------------------------------    -------------------
    DSP48_X1Y8           DSP48E1                      0.000     0.000 r  rv64im72f_6sp/alu/multiplier_word/mult_result__1/ACOUT[15]
                         net (fo=1, routed)           0.002     0.002    rv64im72f_6sp/alu/multiplier_word/mult_result__1_n_38
    DSP48_X1Y9           DSP48E1                                      r  rv64im72f_6sp/alu/multiplier_word/mult_result__2/ACIN[15]
  -------------------------------------------------------------------    -------------------

                         (clock clk_out1_clk_wiz_0 rise edge)
                                                      0.000     0.000 r  
    R4                                                0.000     0.000 r  clk (IN)
                         net (fo=0)                   0.000     0.000    clk_gen/inst/clk_in1
    R4                   IBUF (Prop_ibuf_I_O)         1.475     1.475 r  clk_gen/inst/clkin1_ibufg/O
                         net (fo=1, routed)           1.253     2.728    clk_gen/inst/clk_in1_clk_wiz_0
    PLLE2_ADV_X1Y2       PLLE2_ADV (Prop_plle2_adv_CLKIN1_CLKOUT0)
                                                     -8.953    -6.225 r  clk_gen/inst/plle2_adv_inst/CLKOUT0
                         net (fo=1, routed)           1.802    -4.422    clk_gen/inst/clk_out1_clk_wiz_0
    BUFGCTRL_X0Y0        BUFG (Prop_bufg_I_O)         0.096    -4.326 r  clk_gen/inst/clkout1_buf/O
                         net (fo=13112, routed)       2.200    -2.126    rv64im72f_6sp/alu/multiplier_word/clk_out1
    DSP48_X1Y9           DSP48E1                                      r  rv64im72f_6sp/alu/multiplier_word/mult_result__2/CLK

Slack:                    inf
  Source:                 rv64im72f_6sp/alu/multiplier_word/mult_result__1/ACOUT[16]
                            (internal pin)
  Destination:            rv64im72f_6sp/alu/multiplier_word/mult_result__2/ACIN[16]
                            (rising edge-triggered cell DSP48E1 clocked by clk_out1_clk_wiz_0  {rise@0.000ns fall@10.638ns period=21.277ns})
  Path Group:             (none)
  Path Type:              Hold (Min at Slow Process Corner)
  Data Path Delay:        0.002ns  (logic 0.000ns (0.000%)  route 0.002ns (100.000%))
  Logic Levels:           0  
  Clock Uncertainty:      0.450ns  ((TSJ^2 + DJ^2)^1/2) / 2 + PE
    Total System Jitter     (TSJ):    0.050ns
    Discrete Jitter          (DJ):    0.292ns
    Phase Error              (PE):    0.303ns

    Location             Delay type                Incr(ns)  Path(ns)    Netlist Resource(s)
  -------------------------------------------------------------------    -------------------
    DSP48_X1Y8           DSP48E1                      0.000     0.000 r  rv64im72f_6sp/alu/multiplier_word/mult_result__1/ACOUT[16]
                         net (fo=1, routed)           0.002     0.002    rv64im72f_6sp/alu/multiplier_word/mult_result__1_n_37
    DSP48_X1Y9           DSP48E1                                      r  rv64im72f_6sp/alu/multiplier_word/mult_result__2/ACIN[16]
  -------------------------------------------------------------------    -------------------

                         (clock clk_out1_clk_wiz_0 rise edge)
                                                      0.000     0.000 r  
    R4                                                0.000     0.000 r  clk (IN)
                         net (fo=0)                   0.000     0.000    clk_gen/inst/clk_in1
    R4                   IBUF (Prop_ibuf_I_O)         1.475     1.475 r  clk_gen/inst/clkin1_ibufg/O
                         net (fo=1, routed)           1.253     2.728    clk_gen/inst/clk_in1_clk_wiz_0
    PLLE2_ADV_X1Y2       PLLE2_ADV (Prop_plle2_adv_CLKIN1_CLKOUT0)
                                                     -8.953    -6.225 r  clk_gen/inst/plle2_adv_inst/CLKOUT0
                         net (fo=1, routed)           1.802    -4.422    clk_gen/inst/clk_out1_clk_wiz_0
    BUFGCTRL_X0Y0        BUFG (Prop_bufg_I_O)         0.096    -4.326 r  clk_gen/inst/clkout1_buf/O
                         net (fo=13112, routed)       2.200    -2.126    rv64im72f_6sp/alu/multiplier_word/clk_out1
    DSP48_X1Y9           DSP48E1                                      r  rv64im72f_6sp/alu/multiplier_word/mult_result__2/CLK

Slack:                    inf
  Source:                 rv64im72f_6sp/alu/multiplier_word/mult_result__1/ACOUT[1]
                            (internal pin)
  Destination:            rv64im72f_6sp/alu/multiplier_word/mult_result__2/ACIN[1]
                            (rising edge-triggered cell DSP48E1 clocked by clk_out1_clk_wiz_0  {rise@0.000ns fall@10.638ns period=21.277ns})
  Path Group:             (none)
  Path Type:              Hold (Min at Slow Process Corner)
  Data Path Delay:        0.002ns  (logic 0.000ns (0.000%)  route 0.002ns (100.000%))
  Logic Levels:           0  
  Clock Uncertainty:      0.450ns  ((TSJ^2 + DJ^2)^1/2) / 2 + PE
    Total System Jitter     (TSJ):    0.050ns
    Discrete Jitter          (DJ):    0.292ns
    Phase Error              (PE):    0.303ns

    Location             Delay type                Incr(ns)  Path(ns)    Netlist Resource(s)
  -------------------------------------------------------------------    -------------------
    DSP48_X1Y8           DSP48E1                      0.000     0.000 r  rv64im72f_6sp/alu/multiplier_word/mult_result__1/ACOUT[1]
                         net (fo=1, routed)           0.002     0.002    rv64im72f_6sp/alu/multiplier_word/mult_result__1_n_52
    DSP48_X1Y9           DSP48E1                                      r  rv64im72f_6sp/alu/multiplier_word/mult_result__2/ACIN[1]
  -------------------------------------------------------------------    -------------------

                         (clock clk_out1_clk_wiz_0 rise edge)
                                                      0.000     0.000 r  
    R4                                                0.000     0.000 r  clk (IN)
                         net (fo=0)                   0.000     0.000    clk_gen/inst/clk_in1
    R4                   IBUF (Prop_ibuf_I_O)         1.475     1.475 r  clk_gen/inst/clkin1_ibufg/O
                         net (fo=1, routed)           1.253     2.728    clk_gen/inst/clk_in1_clk_wiz_0
    PLLE2_ADV_X1Y2       PLLE2_ADV (Prop_plle2_adv_CLKIN1_CLKOUT0)
                                                     -8.953    -6.225 r  clk_gen/inst/plle2_adv_inst/CLKOUT0
                         net (fo=1, routed)           1.802    -4.422    clk_gen/inst/clk_out1_clk_wiz_0
    BUFGCTRL_X0Y0        BUFG (Prop_bufg_I_O)         0.096    -4.326 r  clk_gen/inst/clkout1_buf/O
                         net (fo=13112, routed)       2.200    -2.126    rv64im72f_6sp/alu/multiplier_word/clk_out1
    DSP48_X1Y9           DSP48E1                                      r  rv64im72f_6sp/alu/multiplier_word/mult_result__2/CLK

Slack:                    inf
  Source:                 rv64im72f_6sp/alu/multiplier_word/mult_result__1/ACOUT[2]
                            (internal pin)
  Destination:            rv64im72f_6sp/alu/multiplier_word/mult_result__2/ACIN[2]
                            (rising edge-triggered cell DSP48E1 clocked by clk_out1_clk_wiz_0  {rise@0.000ns fall@10.638ns period=21.277ns})
  Path Group:             (none)
  Path Type:              Hold (Min at Slow Process Corner)
  Data Path Delay:        0.002ns  (logic 0.000ns (0.000%)  route 0.002ns (100.000%))
  Logic Levels:           0  
  Clock Uncertainty:      0.450ns  ((TSJ^2 + DJ^2)^1/2) / 2 + PE
    Total System Jitter     (TSJ):    0.050ns
    Discrete Jitter          (DJ):    0.292ns
    Phase Error              (PE):    0.303ns

    Location             Delay type                Incr(ns)  Path(ns)    Netlist Resource(s)
  -------------------------------------------------------------------    -------------------
    DSP48_X1Y8           DSP48E1                      0.000     0.000 r  rv64im72f_6sp/alu/multiplier_word/mult_result__1/ACOUT[2]
                         net (fo=1, routed)           0.002     0.002    rv64im72f_6sp/alu/multiplier_word/mult_result__1_n_51
    DSP48_X1Y9           DSP48E1                                      r  rv64im72f_6sp/alu/multiplier_word/mult_result__2/ACIN[2]
  -------------------------------------------------------------------    -------------------

                         (clock clk_out1_clk_wiz_0 rise edge)
                                                      0.000     0.000 r  
    R4                                                0.000     0.000 r  clk (IN)
                         net (fo=0)                   0.000     0.000    clk_gen/inst/clk_in1
    R4                   IBUF (Prop_ibuf_I_O)         1.475     1.475 r  clk_gen/inst/clkin1_ibufg/O
                         net (fo=1, routed)           1.253     2.728    clk_gen/inst/clk_in1_clk_wiz_0
    PLLE2_ADV_X1Y2       PLLE2_ADV (Prop_plle2_adv_CLKIN1_CLKOUT0)
                                                     -8.953    -6.225 r  clk_gen/inst/plle2_adv_inst/CLKOUT0
                         net (fo=1, routed)           1.802    -4.422    clk_gen/inst/clk_out1_clk_wiz_0
    BUFGCTRL_X0Y0        BUFG (Prop_bufg_I_O)         0.096    -4.326 r  clk_gen/inst/clkout1_buf/O
                         net (fo=13112, routed)       2.200    -2.126    rv64im72f_6sp/alu/multiplier_word/clk_out1
    DSP48_X1Y9           DSP48E1                                      r  rv64im72f_6sp/alu/multiplier_word/mult_result__2/CLK





