Copyright 1986-2022 Xilinx, Inc. All Rights Reserved. Copyright 2022-2025 Advanced Micro Devices, Inc. All Rights Reserved.
--------------------------------------------------------------------------------------------------------------------------------------------------------------
| Tool Version : Vivado v.2025.2 (lin64) Build 6299465 Fri Nov 14 12:34:56 MST 2025
| Date         : Tue Sep 15 23:50:54 2026
| Host         : khwl-ThinkPad-X1-Carbon-Gen-13 running 64-bit Ubuntu 24.04.4 LTS
| Command      : report_timing_summary -file /home/khwl/Desktop/RV-IM100/riscof-env/logs/fmax_sweep/RV64IM_7SP_BRAM_Opt_Coremark/f87/timing.rpt
| Design       : RV64IM72F5SPSoCTOP
| Device       : 7a200t-sbg484
| Speed File   : -1  PRODUCTION 1.23 2018-06-13
| Design State : Physopt postRoute
--------------------------------------------------------------------------------------------------------------------------------------------------------------

Timing Summary Report

------------------------------------------------------------------------------------------------
| Timer Settings
| --------------
------------------------------------------------------------------------------------------------

  Enable Multi Corner Analysis               :  Yes
  Enable Pessimism Removal                   :  Yes
  Pessimism Removal Resolution               :  Nearest Common Node
  Enable Input Delay Default Clock           :  No
  Enable Preset / Clear Arcs                 :  No
  Disable Flight Delays                      :  No
  Ignore I/O Paths                           :  No
  Timing Early Launch at Borrowing Latches   :  No
  Borrow Time for Max Delay Exceptions       :  Yes
  Merge Timing Exceptions                    :  Yes
  Inter-SLR Compensation                     :  Conservative

  Corner  Analyze    Analyze    
  Name    Max Paths  Min Paths  
  ------  ---------  ---------  
  Slow    Yes        Yes        
  Fast    Yes        Yes        


------------------------------------------------------------------------------------------------
| Report Methodology
| ------------------
------------------------------------------------------------------------------------------------

Rule       Severity          Description                                                       Violations  
---------  ----------------  ----------------------------------------------------------------  ----------  
TIMING-6   Critical Warning  No common primary clock between related clocks                    2           
DPIR-1     Warning           Asynchronous driver check                                         623         
SYNTH-6    Warning           Timing of a RAM block might be sub-optimal                        24          
SYNTH-10   Warning           Wide multiplier                                                   20          
TIMING-10  Warning           Missing property on synchronizer                                  1           
TIMING-56  Warning           Missing logically or physically excluded clock groups constraint  2           

Note: This report is based on the most recent report_methodology run and may not be up-to-date. Run report_methodology on the current design for the latest report.



check_timing report

Table of Contents
-----------------
1. checking no_clock (0)
2. checking constant_clock (0)
3. checking pulse_width_clock (0)
4. checking unconstrained_internal_endpoints (0)
5. checking no_input_delay (1)
6. checking no_output_delay (9)
7. checking multiple_clock (4411)
8. checking generated_clocks (0)
9. checking loops (0)
10. checking partial_input_delay (0)
11. checking partial_output_delay (0)
12. checking latch_loops (0)

1. checking no_clock (0)
------------------------
 There are 0 register/latch pins with no clock.


2. checking constant_clock (0)
------------------------------
 There are 0 register/latch pins with constant_clock.


3. checking pulse_width_clock (0)
---------------------------------
 There are 0 register/latch pins which need pulse_width check


4. checking unconstrained_internal_endpoints (0)
------------------------------------------------
 There are 0 pins that are not constrained for maximum delay.

 There are 0 pins that are not constrained for maximum delay due to constant clock.


5. checking no_input_delay (1)
------------------------------
 There are 0 input ports with no input delay specified.

 There is 1 input port with no input delay but user has a false path constraint. (MEDIUM)


6. checking no_output_delay (9)
-------------------------------
 There is 1 port with no output delay specified. (HIGH)

 There are 8 ports with no output delay but user has a false path constraint (MEDIUM)

 There are 0 ports with no output delay but with a timing clock defined on it or propagating through it


7. checking multiple_clock (4411)
---------------------------------
 There are 4411 register/latch pins with multiple clocks. (HIGH)


8. checking generated_clocks (0)
--------------------------------
 There are 0 generated clocks that are not connected to a clock source.


9. checking loops (0)
---------------------
 There are 0 combinational loops in the design.


10. checking partial_input_delay (0)
------------------------------------
 There are 0 input ports with partial input delay specified.


11. checking partial_output_delay (0)
-------------------------------------
 There are 0 ports with partial output delay specified.


12. checking latch_loops (0)
----------------------------
 There are 0 combinational latch loops in the design through latch input



------------------------------------------------------------------------------------------------
| Design Timing Summary
| ---------------------
------------------------------------------------------------------------------------------------

    WNS(ns)      TNS(ns)  TNS Failing Endpoints  TNS Total Endpoints      WHS(ns)      THS(ns)  THS Failing Endpoints  THS Total Endpoints     WPWS(ns)     TPWS(ns)  TPWS Failing Endpoints  TPWS Total Endpoints  
    -------      -------  ---------------------  -------------------      -------      -------  ---------------------  -------------------     --------     --------  ----------------------  --------------------  
     -0.197      -12.840                    170                14944        0.048        0.000                      0                14944        3.000        0.000                       0                  4418  


Timing constraints are not met.


------------------------------------------------------------------------------------------------
| Clock Summary
| -------------
------------------------------------------------------------------------------------------------

Clock                   Waveform(ns)       Period(ns)      Frequency(MHz)
-----                   ------------       ----------      --------------
clk                     {0.000 5.000}      10.000          100.000         
  clk_out1_clk_wiz_0    {0.000 5.745}      11.489          87.037          
  clkfbout_clk_wiz_0    {0.000 15.000}     30.000          33.333          
sys_clk_pin             {0.000 5.000}      10.000          100.000         
  clk_out1_clk_wiz_0_1  {0.000 5.745}      11.489          87.037          
  clkfbout_clk_wiz_0_1  {0.000 15.000}     30.000          33.333          


------------------------------------------------------------------------------------------------
| Intra Clock Table
| -----------------
------------------------------------------------------------------------------------------------

Clock                       WNS(ns)      TNS(ns)  TNS Failing Endpoints  TNS Total Endpoints      WHS(ns)      THS(ns)  THS Failing Endpoints  THS Total Endpoints     WPWS(ns)     TPWS(ns)  TPWS Failing Endpoints  TPWS Total Endpoints  
-----                       -------      -------  ---------------------  -------------------      -------      -------  ---------------------  -------------------     --------     --------  ----------------------  --------------------  
clk                                                                                                                                                                       3.000        0.000                       0                     1  
  clk_out1_clk_wiz_0         -0.197      -12.840                    170                13094        0.118        0.000                      0                13094        4.495        0.000                       0                  4414  
  clkfbout_clk_wiz_0                                                                                                                                                     22.633        0.000                       0                     3  
sys_clk_pin                                                                                                                                                               3.000        0.000                       0                     1  
  clk_out1_clk_wiz_0_1       -0.195      -12.549                    169                13094        0.118        0.000                      0                13094        4.495        0.000                       0                  4414  
  clkfbout_clk_wiz_0_1                                                                                                                                                   22.633        0.000                       0                     3  


------------------------------------------------------------------------------------------------
| Inter Clock Table
| -----------------
------------------------------------------------------------------------------------------------

From Clock            To Clock                  WNS(ns)      TNS(ns)  TNS Failing Endpoints  TNS Total Endpoints      WHS(ns)      THS(ns)  THS Failing Endpoints  THS Total Endpoints  
----------            --------                  -------      -------  ---------------------  -------------------      -------      -------  ---------------------  -------------------  
clk_out1_clk_wiz_0_1  clk_out1_clk_wiz_0         -0.197      -12.840                    170                13094        0.048        0.000                      0                13094  
clk_out1_clk_wiz_0    clk_out1_clk_wiz_0_1       -0.197      -12.840                    170                13094        0.048        0.000                      0                13094  


------------------------------------------------------------------------------------------------
| Other Path Groups Table
| -----------------------
------------------------------------------------------------------------------------------------

Path Group            From Clock            To Clock                  WNS(ns)      TNS(ns)  TNS Failing Endpoints  TNS Total Endpoints      WHS(ns)      THS(ns)  THS Failing Endpoints  THS Total Endpoints  
----------            ----------            --------                  -------      -------  ---------------------  -------------------      -------      -------  ---------------------  -------------------  
**async_default**     clk_out1_clk_wiz_0    clk_out1_clk_wiz_0          5.038        0.000                      0                 1850        0.331        0.000                      0                 1850  
**async_default**     clk_out1_clk_wiz_0_1  clk_out1_clk_wiz_0          5.038        0.000                      0                 1850        0.261        0.000                      0                 1850  
**async_default**     clk_out1_clk_wiz_0    clk_out1_clk_wiz_0_1        5.038        0.000                      0                 1850        0.261        0.000                      0                 1850  
**async_default**     clk_out1_clk_wiz_0_1  clk_out1_clk_wiz_0_1        5.040        0.000                      0                 1850        0.331        0.000                      0                 1850  


------------------------------------------------------------------------------------------------
| Timing Details
| --------------
------------------------------------------------------------------------------------------------


---------------------------------------------------------------------------------------------------
From Clock:  clk
  To Clock:  clk

Setup :           NA  Failing Endpoints,  Worst Slack           NA  ,  Total Violation           NA
Hold  :           NA  Failing Endpoints,  Worst Slack           NA  ,  Total Violation           NA
PW    :            0  Failing Endpoints,  Worst Slack        3.000ns,  Total Violation        0.000ns
---------------------------------------------------------------------------------------------------


Pulse Width Checks
--------------------------------------------------------------------------------------
Clock Name:         clk
Waveform(ns):       { 0.000 5.000 }
Period(ns):         10.000
Sources:            { clk }

Check Type        Corner  Lib Pin           Reference Pin  Required(ns)  Actual(ns)  Slack(ns)  Location        Pin
Min Period        n/a     PLLE2_ADV/CLKIN1  n/a            1.249         10.000      8.751      PLLE2_ADV_X1Y2  clk_gen/inst/plle2_adv_inst/CLKIN1
Max Period        n/a     PLLE2_ADV/CLKIN1  n/a            52.633        10.000      42.633     PLLE2_ADV_X1Y2  clk_gen/inst/plle2_adv_inst/CLKIN1
Low Pulse Width   Slow    PLLE2_ADV/CLKIN1  n/a            2.000         5.000       3.000      PLLE2_ADV_X1Y2  clk_gen/inst/plle2_adv_inst/CLKIN1
High Pulse Width  Slow    PLLE2_ADV/CLKIN1  n/a            2.000         5.000       3.000      PLLE2_ADV_X1Y2  clk_gen/inst/plle2_adv_inst/CLKIN1



---------------------------------------------------------------------------------------------------
From Clock:  clk_out1_clk_wiz_0
  To Clock:  clk_out1_clk_wiz_0

Setup :          170  Failing Endpoints,  Worst Slack       -0.197ns,  Total Violation      -12.840ns
Hold  :            0  Failing Endpoints,  Worst Slack        0.118ns,  Total Violation        0.000ns
PW    :            0  Failing Endpoints,  Worst Slack        4.495ns,  Total Violation        0.000ns
---------------------------------------------------------------------------------------------------


Max Delay Paths
--------------------------------------------------------------------------------------
Slack (VIOLATED) :        -0.197ns  (required time - arrival time)
  Source:                 rv64im72f_6sp/data_memory/memory_bank7_reg_0/CLKBWRCLK
                            (rising edge-triggered cell RAMB36E1 clocked by clk_out1_clk_wiz_0  {rise@0.000ns fall@5.745ns period=11.489ns})
  Destination:            rv64im72f_6sp/ex_ex2_register/EX2_alu_result_reg[8]_rep__8/D
                            (rising edge-triggered cell FDRE clocked by clk_out1_clk_wiz_0  {rise@0.000ns fall@5.745ns period=11.489ns})
  Path Group:             clk_out1_clk_wiz_0
  Path Type:              Setup (Max at Slow Process Corner)
  Requirement:            11.489ns  (clk_out1_clk_wiz_0 rise@11.489ns - clk_out1_clk_wiz_0 rise@0.000ns)
  Data Path Delay:        11.464ns  (logic 3.694ns (32.223%)  route 7.770ns (67.777%))
  Logic Levels:           10  (LUT5=1 LUT6=9)
  Clock Path Skew:        -0.181ns (DCD - SCD + CPR)
    Destination Clock Delay (DCD):    -1.681ns = ( 9.808 - 11.489 ) 
    Source Clock Delay      (SCD):    -1.906ns
    Clock Pessimism Removal (CPR):    -0.406ns
  Clock Uncertainty:      0.070ns  ((TSJ^2 + DJ^2)^1/2) / 2 + PE
    Total System Jitter     (TSJ):    0.071ns
    Discrete Jitter          (DJ):    0.121ns
    Phase Error              (PE):    0.000ns

    Location             Delay type                Incr(ns)  Path(ns)    Netlist Resource(s)
  -------------------------------------------------------------------    -------------------
                         (clock clk_out1_clk_wiz_0 rise edge)
                                                      0.000     0.000 r  
    R4                                                0.000     0.000 r  clk (IN)
                         net (fo=0)                   0.000     0.000    clk_gen/inst/clk_in1
    R4                   IBUF (Prop_ibuf_I_O)         1.475     1.475 r  clk_gen/inst/clkin1_ibufg/O
                         net (fo=1, routed)           1.253     2.728    clk_gen/inst/clk_in1_clk_wiz_0
    PLLE2_ADV_X1Y2       PLLE2_ADV (Prop_plle2_adv_CLKIN1_CLKOUT0)
                                                     -8.953    -6.225 r  clk_gen/inst/plle2_adv_inst/CLKOUT0
                         net (fo=1, routed)           1.802    -4.422    clk_gen/inst/clk_out1_clk_wiz_0
    BUFGCTRL_X0Y15       BUFG (Prop_bufg_I_O)         0.096    -4.326 r  clk_gen/inst/clkout1_buf_replica/O
                         net (fo=10, routed)          0.154    -4.172    clk_gen/inst/clk_out1_repN
    BUFGCTRL_X0Y0        BUFG (Prop_bufg_I_O)         0.096    -4.076 r  clk_gen/inst/clkout1_buf/O
                         net (fo=4402, routed)        2.170    -1.906    rv64im72f_6sp/data_memory/clk_out1
    RAMB36_X1Y1          RAMB36E1                                     r  rv64im72f_6sp/data_memory/memory_bank7_reg_0/CLKBWRCLK
  -------------------------------------------------------------------    -------------------
    RAMB36_X1Y1          RAMB36E1 (Prop_ramb36e1_CLKBWRCLK_DOBDO[0])
                                                      2.454     0.548 r  rv64im72f_6sp/data_memory/memory_bank7_reg_0/DOBDO[0]
                         net (fo=3, routed)           1.344     1.892    rv64im72f_6sp/data_memory/ram_read_data_reg[56]
    SLICE_X26Y22         LUT5 (Prop_lut5_I3_O)        0.124     2.016 r  rv64im72f_6sp/data_memory/WB_forward_data_value[56]_i_2/O
                         net (fo=4, routed)           0.889     2.905    rv64im72f_6sp/ex_mem_register/data_memory_read_data_muxed[42]
    SLICE_X28Y26         LUT6 (Prop_lut6_I2_O)        0.124     3.029 r  rv64im72f_6sp/ex_mem_register/dividend_reg[24]_i_7/O
                         net (fo=1, routed)           0.554     3.583    rv64im72f_6sp/ex_mem_register/dividend_reg[24]_i_7_n_0
    SLICE_X33Y28         LUT6 (Prop_lut6_I0_O)        0.124     3.707 r  rv64im72f_6sp/ex_mem_register/dividend_reg[24]_i_5/O
                         net (fo=1, routed)           0.421     4.128    rv64im72f_6sp/forward_unit/dividend_reg_reg[24]
    SLICE_X32Y29         LUT6 (Prop_lut6_I2_O)        0.124     4.252 r  rv64im72f_6sp/forward_unit/dividend_reg[24]_i_2/O
                         net (fo=1, routed)           0.159     4.411    rv64im72f_6sp/ex_ex2_register/dividend_reg_reg[24]_0
    SLICE_X32Y29         LUT6 (Prop_lut6_I1_O)        0.124     4.535 r  rv64im72f_6sp/ex_ex2_register/dividend_reg[24]_i_1/O
                         net (fo=36, routed)          1.402     5.937    rv64im72f_6sp/ex_ex2_register/src_A[24]
    SLICE_X41Y34         LUT6 (Prop_lut6_I1_O)        0.124     6.061 r  rv64im72f_6sp/ex_ex2_register/EX2_alu_result[8]_i_19/O
                         net (fo=5, routed)           0.744     6.804    rv64im72f_6sp/ex_ex2_register/EX2_alu_result[8]_i_19_n_0
    SLICE_X43Y34         LUT6 (Prop_lut6_I5_O)        0.124     6.928 r  rv64im72f_6sp/ex_ex2_register/EX2_alu_result[8]_i_14/O
                         net (fo=4, routed)           0.866     7.795    rv64im72f_6sp/ex_ex2_register/EX2_alu_result[8]_i_14_n_0
    SLICE_X44Y36         LUT6 (Prop_lut6_I5_O)        0.124     7.919 r  rv64im72f_6sp/ex_ex2_register/EX2_alu_result[8]_i_7/O
                         net (fo=1, routed)           0.585     8.504    rv64im72f_6sp/id_ex_register/EX2_alu_result_reg[40][8]
    SLICE_X46Y38         LUT6 (Prop_lut6_I3_O)        0.124     8.628 r  rv64im72f_6sp/id_ex_register/EX2_alu_result[8]_i_2/O
                         net (fo=21, routed)          0.805     9.433    rv64im72f_6sp/id_ex_register/EX2_alu_result[8]_i_2_n_0
    SLICE_X50Y47         LUT6 (Prop_lut6_I0_O)        0.124     9.557 r  rv64im72f_6sp/id_ex_register/EX2_alu_result[8]_rep__8_i_1/O
                         net (fo=1, routed)           0.000     9.557    rv64im72f_6sp/ex_ex2_register/EX2_alu_result_reg[8]_rep__8_0
    SLICE_X50Y47         FDRE                                         r  rv64im72f_6sp/ex_ex2_register/EX2_alu_result_reg[8]_rep__8/D
  -------------------------------------------------------------------    -------------------

                         (clock clk_out1_clk_wiz_0 rise edge)
                                                     11.489    11.489 r  
    R4                                                0.000    11.489 r  clk (IN)
                         net (fo=0)                   0.000    11.489    clk_gen/inst/clk_in1
    R4                   IBUF (Prop_ibuf_I_O)         1.405    12.894 r  clk_gen/inst/clkin1_ibufg/O
                         net (fo=1, routed)           1.181    14.075    clk_gen/inst/clk_in1_clk_wiz_0
    PLLE2_ADV_X1Y2       PLLE2_ADV (Prop_plle2_adv_CLKIN1_CLKOUT0)
                                                     -8.206     5.869 r  clk_gen/inst/plle2_adv_inst/CLKOUT0
                         net (fo=1, routed)           1.718     7.587    clk_gen/inst/clk_out1_clk_wiz_0
    BUFGCTRL_X0Y15       BUFG (Prop_bufg_I_O)         0.091     7.678 r  clk_gen/inst/clkout1_buf_replica/O
                         net (fo=10, routed)          0.147     7.825    clk_gen/inst/clk_out1_repN
    BUFGCTRL_X0Y0        BUFG (Prop_bufg_I_O)         0.091     7.916 r  clk_gen/inst/clkout1_buf/O
                         net (fo=4402, routed)        1.892     9.808    rv64im72f_6sp/ex_ex2_register/clk_out1
    SLICE_X50Y47         FDRE                                         r  rv64im72f_6sp/ex_ex2_register/EX2_alu_result_reg[8]_rep__8/C
                         clock pessimism             -0.406     9.402    
                         clock uncertainty           -0.070     9.332    
    SLICE_X50Y47         FDRE (Setup_fdre_C_D)        0.029     9.361    rv64im72f_6sp/ex_ex2_register/EX2_alu_result_reg[8]_rep__8
  -------------------------------------------------------------------
                         required time                          9.361    
                         arrival time                          -9.557    
  -------------------------------------------------------------------
                         slack                                 -0.197    





Min Delay Paths
--------------------------------------------------------------------------------------
Slack (MET) :             0.118ns  (arrival time - required time)
  Source:                 rv64im72f_6sp/ex_ex2_register/EX2_pc_plus_4_reg[31]/C
                            (rising edge-triggered cell FDRE clocked by clk_out1_clk_wiz_0  {rise@0.000ns fall@5.745ns period=11.489ns})
  Destination:            rv64im72f_6sp/forward_unit/MEM_non_load_forward_data_reg[31]/D
                            (rising edge-triggered cell FDRE clocked by clk_out1_clk_wiz_0  {rise@0.000ns fall@5.745ns period=11.489ns})
  Path Group:             clk_out1_clk_wiz_0
  Path Type:              Hold (Min at Fast Process Corner)
  Requirement:            0.000ns  (clk_out1_clk_wiz_0 rise@0.000ns - clk_out1_clk_wiz_0 rise@0.000ns)
  Data Path Delay:        0.252ns  (logic 0.186ns (73.740%)  route 0.066ns (26.260%))
  Logic Levels:           1  (LUT6=1)
  Clock Path Skew:        0.013ns (DCD - SCD - CPR)
    Destination Clock Delay (DCD):    -0.176ns
    Source Clock Delay      (SCD):    -0.418ns
    Clock Pessimism Removal (CPR):    0.229ns

    Location             Delay type                Incr(ns)  Path(ns)    Netlist Resource(s)
  -------------------------------------------------------------------    -------------------
                         (clock clk_out1_clk_wiz_0 rise edge)
                                                      0.000     0.000 r  
    R4                                                0.000     0.000 r  clk (IN)
                         net (fo=0)                   0.000     0.000    clk_gen/inst/clk_in1
    R4                   IBUF (Prop_ibuf_I_O)         0.243     0.243 r  clk_gen/inst/clkin1_ibufg/O
                         net (fo=1, routed)           0.440     0.683    clk_gen/inst/clk_in1_clk_wiz_0
    PLLE2_ADV_X1Y2       PLLE2_ADV (Prop_plle2_adv_CLKIN1_CLKOUT0)
                                                     -2.503    -1.819 r  clk_gen/inst/plle2_adv_inst/CLKOUT0
                         net (fo=1, routed)           0.546    -1.273    clk_gen/inst/clk_out1_clk_wiz_0
    BUFGCTRL_X0Y15       BUFG (Prop_bufg_I_O)         0.026    -1.247 r  clk_gen/inst/clkout1_buf_replica/O
                         net (fo=10, routed)          0.042    -1.205    clk_gen/inst/clk_out1_repN
    BUFGCTRL_X0Y0        BUFG (Prop_bufg_I_O)         0.026    -1.179 r  clk_gen/inst/clkout1_buf/O
                         net (fo=4402, routed)        0.762    -0.418    rv64im72f_6sp/ex_ex2_register/clk_out1
    SLICE_X17Y39         FDRE                                         r  rv64im72f_6sp/ex_ex2_register/EX2_pc_plus_4_reg[31]/C
  -------------------------------------------------------------------    -------------------
    SLICE_X17Y39         FDRE (Prop_fdre_C_Q)         0.141    -0.277 r  rv64im72f_6sp/ex_ex2_register/EX2_pc_plus_4_reg[31]/Q
                         net (fo=2, routed)           0.066    -0.210    rv64im72f_6sp/ex_ex2_register/EX2_pc_plus_4[31]
    SLICE_X16Y39         LUT6 (Prop_lut6_I0_O)        0.045    -0.165 r  rv64im72f_6sp/ex_ex2_register/MEM_non_load_forward_data[31]_i_1/O
                         net (fo=1, routed)           0.000    -0.165    rv64im72f_6sp/forward_unit/D[31]
    SLICE_X16Y39         FDRE                                         r  rv64im72f_6sp/forward_unit/MEM_non_load_forward_data_reg[31]/D
  -------------------------------------------------------------------    -------------------

                         (clock clk_out1_clk_wiz_0 rise edge)
                                                      0.000     0.000 r  
    R4                                                0.000     0.000 r  clk (IN)
                         net (fo=0)                   0.000     0.000    clk_gen/inst/clk_in1
    R4                   IBUF (Prop_ibuf_I_O)         0.431     0.431 r  clk_gen/inst/clkin1_ibufg/O
                         net (fo=1, routed)           0.481     0.912    clk_gen/inst/clk_in1_clk_wiz_0
    PLLE2_ADV_X1Y2       PLLE2_ADV (Prop_plle2_adv_CLKIN1_CLKOUT0)
                                                     -2.828    -1.916 r  clk_gen/inst/plle2_adv_inst/CLKOUT0
                         net (fo=1, routed)           0.595    -1.322    clk_gen/inst/clk_out1_clk_wiz_0
    BUFGCTRL_X0Y15       BUFG (Prop_bufg_I_O)         0.029    -1.293 r  clk_gen/inst/clkout1_buf_replica/O
                         net (fo=10, routed)          0.046    -1.247    clk_gen/inst/clk_out1_repN
    BUFGCTRL_X0Y0        BUFG (Prop_bufg_I_O)         0.029    -1.218 r  clk_gen/inst/clkout1_buf/O
                         net (fo=4402, routed)        1.042    -0.176    rv64im72f_6sp/forward_unit/clk_out1
    SLICE_X16Y39         FDRE                                         r  rv64im72f_6sp/forward_unit/MEM_non_load_forward_data_reg[31]/C
                         clock pessimism             -0.229    -0.405    
    SLICE_X16Y39         FDRE (Hold_fdre_C_D)         0.121    -0.284    rv64im72f_6sp/forward_unit/MEM_non_load_forward_data_reg[31]
  -------------------------------------------------------------------
                         required time                          0.284    
                         arrival time                          -0.165    
  -------------------------------------------------------------------
                         slack                                  0.118    





Pulse Width Checks
--------------------------------------------------------------------------------------
Clock Name:         clk_out1_clk_wiz_0
Waveform(ns):       { 0.000 5.745 }
Period(ns):         11.489
Sources:            { clk_gen/inst/plle2_adv_inst/CLKOUT0 }

Check Type        Corner  Lib Pin             Reference Pin  Required(ns)  Actual(ns)  Slack(ns)  Location        Pin
Min Period        n/a     RAMB36E1/CLKARDCLK  n/a            2.944         11.489      8.545      RAMB36_X0Y3     rv64im72f_6sp/data_memory/memory_bank0_reg_0/CLKARDCLK
Max Period        n/a     PLLE2_ADV/CLKOUT0   n/a            160.000       11.489      148.511    PLLE2_ADV_X1Y2  clk_gen/inst/plle2_adv_inst/CLKOUT0
Low Pulse Width   Slow    RAMD32/CLK          n/a            1.250         5.745       4.495      SLICE_X14Y25    rv64im72f_6sp/register_file/registers_reg_r1_0_31_0_5/RAMA/CLK
High Pulse Width  Slow    RAMD32/CLK          n/a            1.250         5.745       4.495      SLICE_X14Y25    rv64im72f_6sp/register_file/registers_reg_r1_0_31_0_5/RAMA/CLK



---------------------------------------------------------------------------------------------------
From Clock:  clkfbout_clk_wiz_0
  To Clock:  clkfbout_clk_wiz_0

Setup :           NA  Failing Endpoints,  Worst Slack           NA  ,  Total Violation           NA
Hold  :           NA  Failing Endpoints,  Worst Slack           NA  ,  Total Violation           NA
PW    :            0  Failing Endpoints,  Worst Slack       22.633ns,  Total Violation        0.000ns
---------------------------------------------------------------------------------------------------


Pulse Width Checks
--------------------------------------------------------------------------------------
Clock Name:         clkfbout_clk_wiz_0
Waveform(ns):       { 0.000 15.000 }
Period(ns):         30.000
Sources:            { clk_gen/inst/plle2_adv_inst/CLKFBOUT }

Check Type  Corner  Lib Pin            Reference Pin  Required(ns)  Actual(ns)  Slack(ns)  Location        Pin
Min Period  n/a     BUFG/I             n/a            2.155         30.000      27.845     BUFGCTRL_X0Y1   clk_gen/inst/clkf_buf/I
Max Period  n/a     PLLE2_ADV/CLKFBIN  n/a            52.633        30.000      22.633     PLLE2_ADV_X1Y2  clk_gen/inst/plle2_adv_inst/CLKFBIN



---------------------------------------------------------------------------------------------------
From Clock:  sys_clk_pin
  To Clock:  sys_clk_pin

Setup :           NA  Failing Endpoints,  Worst Slack           NA  ,  Total Violation           NA
Hold  :           NA  Failing Endpoints,  Worst Slack           NA  ,  Total Violation           NA
PW    :            0  Failing Endpoints,  Worst Slack        3.000ns,  Total Violation        0.000ns
---------------------------------------------------------------------------------------------------


Pulse Width Checks
--------------------------------------------------------------------------------------
Clock Name:         sys_clk_pin
Waveform(ns):       { 0.000 5.000 }
Period(ns):         10.000
Sources:            { clk }

Check Type        Corner  Lib Pin           Reference Pin  Required(ns)  Actual(ns)  Slack(ns)  Location        Pin
Min Period        n/a     PLLE2_ADV/CLKIN1  n/a            1.249         10.000      8.751      PLLE2_ADV_X1Y2  clk_gen/inst/plle2_adv_inst/CLKIN1
Max Period        n/a     PLLE2_ADV/CLKIN1  n/a            52.633        10.000      42.633     PLLE2_ADV_X1Y2  clk_gen/inst/plle2_adv_inst/CLKIN1
Low Pulse Width   Slow    PLLE2_ADV/CLKIN1  n/a            2.000         5.000       3.000      PLLE2_ADV_X1Y2  clk_gen/inst/plle2_adv_inst/CLKIN1
High Pulse Width  Slow    PLLE2_ADV/CLKIN1  n/a            2.000         5.000       3.000      PLLE2_ADV_X1Y2  clk_gen/inst/plle2_adv_inst/CLKIN1



---------------------------------------------------------------------------------------------------
From Clock:  clk_out1_clk_wiz_0_1
  To Clock:  clk_out1_clk_wiz_0_1

Setup :          169  Failing Endpoints,  Worst Slack       -0.195ns,  Total Violation      -12.549ns
Hold  :            0  Failing Endpoints,  Worst Slack        0.118ns,  Total Violation        0.000ns
PW    :            0  Failing Endpoints,  Worst Slack        4.495ns,  Total Violation        0.000ns
---------------------------------------------------------------------------------------------------


Max Delay Paths
--------------------------------------------------------------------------------------
Slack (VIOLATED) :        -0.195ns  (required time - arrival time)
  Source:                 rv64im72f_6sp/data_memory/memory_bank7_reg_0/CLKBWRCLK
                            (rising edge-triggered cell RAMB36E1 clocked by clk_out1_clk_wiz_0_1  {rise@0.000ns fall@5.745ns period=11.489ns})
  Destination:            rv64im72f_6sp/ex_ex2_register/EX2_alu_result_reg[8]_rep__8/D
                            (rising edge-triggered cell FDRE clocked by clk_out1_clk_wiz_0_1  {rise@0.000ns fall@5.745ns period=11.489ns})
  Path Group:             clk_out1_clk_wiz_0_1
  Path Type:              Setup (Max at Slow Process Corner)
  Requirement:            11.489ns  (clk_out1_clk_wiz_0_1 rise@11.489ns - clk_out1_clk_wiz_0_1 rise@0.000ns)
  Data Path Delay:        11.464ns  (logic 3.694ns (32.223%)  route 7.770ns (67.777%))
  Logic Levels:           10  (LUT5=1 LUT6=9)
  Clock Path Skew:        -0.181ns (DCD - SCD + CPR)
    Destination Clock Delay (DCD):    -1.681ns = ( 9.808 - 11.489 ) 
    Source Clock Delay      (SCD):    -1.906ns
    Clock Pessimism Removal (CPR):    -0.406ns
  Clock Uncertainty:      0.068ns  ((TSJ^2 + DJ^2)^1/2) / 2 + PE
    Total System Jitter     (TSJ):    0.071ns
    Discrete Jitter          (DJ):    0.117ns
    Phase Error              (PE):    0.000ns

    Location             Delay type                Incr(ns)  Path(ns)    Netlist Resource(s)
  -------------------------------------------------------------------    -------------------
                         (clock clk_out1_clk_wiz_0_1 rise edge)
                                                      0.000     0.000 r  
    R4                                                0.000     0.000 r  clk (IN)
                         net (fo=0)                   0.000     0.000    clk_gen/inst/clk_in1
    R4                   IBUF (Prop_ibuf_I_O)         1.475     1.475 r  clk_gen/inst/clkin1_ibufg/O
                         net (fo=1, routed)           1.253     2.728    clk_gen/inst/clk_in1_clk_wiz_0
    PLLE2_ADV_X1Y2       PLLE2_ADV (Prop_plle2_adv_CLKIN1_CLKOUT0)
                                                     -8.953    -6.225 r  clk_gen/inst/plle2_adv_inst/CLKOUT0
                         net (fo=1, routed)           1.802    -4.422    clk_gen/inst/clk_out1_clk_wiz_0
    BUFGCTRL_X0Y15       BUFG (Prop_bufg_I_O)         0.096    -4.326 r  clk_gen/inst/clkout1_buf_replica/O
                         net (fo=10, routed)          0.154    -4.172    clk_gen/inst/clk_out1_repN
    BUFGCTRL_X0Y0        BUFG (Prop_bufg_I_O)         0.096    -4.076 r  clk_gen/inst/clkout1_buf/O
                         net (fo=4402, routed)        2.170    -1.906    rv64im72f_6sp/data_memory/clk_out1
    RAMB36_X1Y1          RAMB36E1                                     r  rv64im72f_6sp/data_memory/memory_bank7_reg_0/CLKBWRCLK
  -------------------------------------------------------------------    -------------------
    RAMB36_X1Y1          RAMB36E1 (Prop_ramb36e1_CLKBWRCLK_DOBDO[0])
                                                      2.454     0.548 r  rv64im72f_6sp/data_memory/memory_bank7_reg_0/DOBDO[0]
                         net (fo=3, routed)           1.344     1.892    rv64im72f_6sp/data_memory/ram_read_data_reg[56]
    SLICE_X26Y22         LUT5 (Prop_lut5_I3_O)        0.124     2.016 r  rv64im72f_6sp/data_memory/WB_forward_data_value[56]_i_2/O
                         net (fo=4, routed)           0.889     2.905    rv64im72f_6sp/ex_mem_register/data_memory_read_data_muxed[42]
    SLICE_X28Y26         LUT6 (Prop_lut6_I2_O)        0.124     3.029 r  rv64im72f_6sp/ex_mem_register/dividend_reg[24]_i_7/O
                         net (fo=1, routed)           0.554     3.583    rv64im72f_6sp/ex_mem_register/dividend_reg[24]_i_7_n_0
    SLICE_X33Y28         LUT6 (Prop_lut6_I0_O)        0.124     3.707 r  rv64im72f_6sp/ex_mem_register/dividend_reg[24]_i_5/O
                         net (fo=1, routed)           0.421     4.128    rv64im72f_6sp/forward_unit/dividend_reg_reg[24]
    SLICE_X32Y29         LUT6 (Prop_lut6_I2_O)        0.124     4.252 r  rv64im72f_6sp/forward_unit/dividend_reg[24]_i_2/O
                         net (fo=1, routed)           0.159     4.411    rv64im72f_6sp/ex_ex2_register/dividend_reg_reg[24]_0
    SLICE_X32Y29         LUT6 (Prop_lut6_I1_O)        0.124     4.535 r  rv64im72f_6sp/ex_ex2_register/dividend_reg[24]_i_1/O
                         net (fo=36, routed)          1.402     5.937    rv64im72f_6sp/ex_ex2_register/src_A[24]
    SLICE_X41Y34         LUT6 (Prop_lut6_I1_O)        0.124     6.061 r  rv64im72f_6sp/ex_ex2_register/EX2_alu_result[8]_i_19/O
                         net (fo=5, routed)           0.744     6.804    rv64im72f_6sp/ex_ex2_register/EX2_alu_result[8]_i_19_n_0
    SLICE_X43Y34         LUT6 (Prop_lut6_I5_O)        0.124     6.928 r  rv64im72f_6sp/ex_ex2_register/EX2_alu_result[8]_i_14/O
                         net (fo=4, routed)           0.866     7.795    rv64im72f_6sp/ex_ex2_register/EX2_alu_result[8]_i_14_n_0
    SLICE_X44Y36         LUT6 (Prop_lut6_I5_O)        0.124     7.919 r  rv64im72f_6sp/ex_ex2_register/EX2_alu_result[8]_i_7/O
                         net (fo=1, routed)           0.585     8.504    rv64im72f_6sp/id_ex_register/EX2_alu_result_reg[40][8]
    SLICE_X46Y38         LUT6 (Prop_lut6_I3_O)        0.124     8.628 r  rv64im72f_6sp/id_ex_register/EX2_alu_result[8]_i_2/O
                         net (fo=21, routed)          0.805     9.433    rv64im72f_6sp/id_ex_register/EX2_alu_result[8]_i_2_n_0
    SLICE_X50Y47         LUT6 (Prop_lut6_I0_O)        0.124     9.557 r  rv64im72f_6sp/id_ex_register/EX2_alu_result[8]_rep__8_i_1/O
                         net (fo=1, routed)           0.000     9.557    rv64im72f_6sp/ex_ex2_register/EX2_alu_result_reg[8]_rep__8_0
    SLICE_X50Y47         FDRE                                         r  rv64im72f_6sp/ex_ex2_register/EX2_alu_result_reg[8]_rep__8/D
  -------------------------------------------------------------------    -------------------

                         (clock clk_out1_clk_wiz_0_1 rise edge)
                                                     11.489    11.489 r  
    R4                                                0.000    11.489 r  clk (IN)
                         net (fo=0)                   0.000    11.489    clk_gen/inst/clk_in1
    R4                   IBUF (Prop_ibuf_I_O)         1.405    12.894 r  clk_gen/inst/clkin1_ibufg/O
                         net (fo=1, routed)           1.181    14.075    clk_gen/inst/clk_in1_clk_wiz_0
    PLLE2_ADV_X1Y2       PLLE2_ADV (Prop_plle2_adv_CLKIN1_CLKOUT0)
                                                     -8.206     5.869 r  clk_gen/inst/plle2_adv_inst/CLKOUT0
                         net (fo=1, routed)           1.718     7.587    clk_gen/inst/clk_out1_clk_wiz_0
    BUFGCTRL_X0Y15       BUFG (Prop_bufg_I_O)         0.091     7.678 r  clk_gen/inst/clkout1_buf_replica/O
                         net (fo=10, routed)          0.147     7.825    clk_gen/inst/clk_out1_repN
    BUFGCTRL_X0Y0        BUFG (Prop_bufg_I_O)         0.091     7.916 r  clk_gen/inst/clkout1_buf/O
                         net (fo=4402, routed)        1.892     9.808    rv64im72f_6sp/ex_ex2_register/clk_out1
    SLICE_X50Y47         FDRE                                         r  rv64im72f_6sp/ex_ex2_register/EX2_alu_result_reg[8]_rep__8/C
                         clock pessimism             -0.406     9.402    
                         clock uncertainty           -0.068     9.333    
    SLICE_X50Y47         FDRE (Setup_fdre_C_D)        0.029     9.362    rv64im72f_6sp/ex_ex2_register/EX2_alu_result_reg[8]_rep__8
  -------------------------------------------------------------------
                         required time                          9.362    
                         arrival time                          -9.557    
  -------------------------------------------------------------------
                         slack                                 -0.195    





Min Delay Paths
--------------------------------------------------------------------------------------
Slack (MET) :             0.118ns  (arrival time - required time)
  Source:                 rv64im72f_6sp/ex_ex2_register/EX2_pc_plus_4_reg[31]/C
                            (rising edge-triggered cell FDRE clocked by clk_out1_clk_wiz_0_1  {rise@0.000ns fall@5.745ns period=11.489ns})
  Destination:            rv64im72f_6sp/forward_unit/MEM_non_load_forward_data_reg[31]/D
                            (rising edge-triggered cell FDRE clocked by clk_out1_clk_wiz_0_1  {rise@0.000ns fall@5.745ns period=11.489ns})
  Path Group:             clk_out1_clk_wiz_0_1
  Path Type:              Hold (Min at Fast Process Corner)
  Requirement:            0.000ns  (clk_out1_clk_wiz_0_1 rise@0.000ns - clk_out1_clk_wiz_0_1 rise@0.000ns)
  Data Path Delay:        0.252ns  (logic 0.186ns (73.740%)  route 0.066ns (26.260%))
  Logic Levels:           1  (LUT6=1)
  Clock Path Skew:        0.013ns (DCD - SCD - CPR)
    Destination Clock Delay (DCD):    -0.176ns
    Source Clock Delay      (SCD):    -0.418ns
    Clock Pessimism Removal (CPR):    0.229ns

    Location             Delay type                Incr(ns)  Path(ns)    Netlist Resource(s)
  -------------------------------------------------------------------    -------------------
                         (clock clk_out1_clk_wiz_0_1 rise edge)
                                                      0.000     0.000 r  
    R4                                                0.000     0.000 r  clk (IN)
                         net (fo=0)                   0.000     0.000    clk_gen/inst/clk_in1
    R4                   IBUF (Prop_ibuf_I_O)         0.243     0.243 r  clk_gen/inst/clkin1_ibufg/O
                         net (fo=1, routed)           0.440     0.683    clk_gen/inst/clk_in1_clk_wiz_0
    PLLE2_ADV_X1Y2       PLLE2_ADV (Prop_plle2_adv_CLKIN1_CLKOUT0)
                                                     -2.503    -1.819 r  clk_gen/inst/plle2_adv_inst/CLKOUT0
                         net (fo=1, routed)           0.546    -1.273    clk_gen/inst/clk_out1_clk_wiz_0
    BUFGCTRL_X0Y15       BUFG (Prop_bufg_I_O)         0.026    -1.247 r  clk_gen/inst/clkout1_buf_replica/O
                         net (fo=10, routed)          0.042    -1.205    clk_gen/inst/clk_out1_repN
    BUFGCTRL_X0Y0        BUFG (Prop_bufg_I_O)         0.026    -1.179 r  clk_gen/inst/clkout1_buf/O
                         net (fo=4402, routed)        0.762    -0.418    rv64im72f_6sp/ex_ex2_register/clk_out1
    SLICE_X17Y39         FDRE                                         r  rv64im72f_6sp/ex_ex2_register/EX2_pc_plus_4_reg[31]/C
  -------------------------------------------------------------------    -------------------
    SLICE_X17Y39         FDRE (Prop_fdre_C_Q)         0.141    -0.277 r  rv64im72f_6sp/ex_ex2_register/EX2_pc_plus_4_reg[31]/Q
                         net (fo=2, routed)           0.066    -0.210    rv64im72f_6sp/ex_ex2_register/EX2_pc_plus_4[31]
    SLICE_X16Y39         LUT6 (Prop_lut6_I0_O)        0.045    -0.165 r  rv64im72f_6sp/ex_ex2_register/MEM_non_load_forward_data[31]_i_1/O
                         net (fo=1, routed)           0.000    -0.165    rv64im72f_6sp/forward_unit/D[31]
    SLICE_X16Y39         FDRE                                         r  rv64im72f_6sp/forward_unit/MEM_non_load_forward_data_reg[31]/D
  -------------------------------------------------------------------    -------------------

                         (clock clk_out1_clk_wiz_0_1 rise edge)
                                                      0.000     0.000 r  
    R4                                                0.000     0.000 r  clk (IN)
                         net (fo=0)                   0.000     0.000    clk_gen/inst/clk_in1
    R4                   IBUF (Prop_ibuf_I_O)         0.431     0.431 r  clk_gen/inst/clkin1_ibufg/O
                         net (fo=1, routed)           0.481     0.912    clk_gen/inst/clk_in1_clk_wiz_0
    PLLE2_ADV_X1Y2       PLLE2_ADV (Prop_plle2_adv_CLKIN1_CLKOUT0)
                                                     -2.828    -1.916 r  clk_gen/inst/plle2_adv_inst/CLKOUT0
                         net (fo=1, routed)           0.595    -1.322    clk_gen/inst/clk_out1_clk_wiz_0
    BUFGCTRL_X0Y15       BUFG (Prop_bufg_I_O)         0.029    -1.293 r  clk_gen/inst/clkout1_buf_replica/O
                         net (fo=10, routed)          0.046    -1.247    clk_gen/inst/clk_out1_repN
    BUFGCTRL_X0Y0        BUFG (Prop_bufg_I_O)         0.029    -1.218 r  clk_gen/inst/clkout1_buf/O
                         net (fo=4402, routed)        1.042    -0.176    rv64im72f_6sp/forward_unit/clk_out1
    SLICE_X16Y39         FDRE                                         r  rv64im72f_6sp/forward_unit/MEM_non_load_forward_data_reg[31]/C
                         clock pessimism             -0.229    -0.405    
    SLICE_X16Y39         FDRE (Hold_fdre_C_D)         0.121    -0.284    rv64im72f_6sp/forward_unit/MEM_non_load_forward_data_reg[31]
  -------------------------------------------------------------------
                         required time                          0.284    
                         arrival time                          -0.165    
  -------------------------------------------------------------------
                         slack                                  0.118    





Pulse Width Checks
--------------------------------------------------------------------------------------
Clock Name:         clk_out1_clk_wiz_0_1
Waveform(ns):       { 0.000 5.745 }
Period(ns):         11.489
Sources:            { clk_gen/inst/plle2_adv_inst/CLKOUT0 }

Check Type        Corner  Lib Pin             Reference Pin  Required(ns)  Actual(ns)  Slack(ns)  Location        Pin
Min Period        n/a     RAMB36E1/CLKARDCLK  n/a            2.944         11.489      8.545      RAMB36_X0Y3     rv64im72f_6sp/data_memory/memory_bank0_reg_0/CLKARDCLK
Max Period        n/a     PLLE2_ADV/CLKOUT0   n/a            160.000       11.489      148.511    PLLE2_ADV_X1Y2  clk_gen/inst/plle2_adv_inst/CLKOUT0
Low Pulse Width   Slow    RAMD32/CLK          n/a            1.250         5.745       4.495      SLICE_X14Y25    rv64im72f_6sp/register_file/registers_reg_r1_0_31_0_5/RAMA/CLK
High Pulse Width  Slow    RAMD32/CLK          n/a            1.250         5.745       4.495      SLICE_X14Y25    rv64im72f_6sp/register_file/registers_reg_r1_0_31_0_5/RAMA/CLK



---------------------------------------------------------------------------------------------------
From Clock:  clkfbout_clk_wiz_0_1
  To Clock:  clkfbout_clk_wiz_0_1

Setup :           NA  Failing Endpoints,  Worst Slack           NA  ,  Total Violation           NA
Hold  :           NA  Failing Endpoints,  Worst Slack           NA  ,  Total Violation           NA
PW    :            0  Failing Endpoints,  Worst Slack       22.633ns,  Total Violation        0.000ns
---------------------------------------------------------------------------------------------------


Pulse Width Checks
--------------------------------------------------------------------------------------
Clock Name:         clkfbout_clk_wiz_0_1
Waveform(ns):       { 0.000 15.000 }
Period(ns):         30.000
Sources:            { clk_gen/inst/plle2_adv_inst/CLKFBOUT }

Check Type  Corner  Lib Pin            Reference Pin  Required(ns)  Actual(ns)  Slack(ns)  Location        Pin
Min Period  n/a     BUFG/I             n/a            2.155         30.000      27.845     BUFGCTRL_X0Y1   clk_gen/inst/clkf_buf/I
Max Period  n/a     PLLE2_ADV/CLKFBIN  n/a            52.633        30.000      22.633     PLLE2_ADV_X1Y2  clk_gen/inst/plle2_adv_inst/CLKFBIN



---------------------------------------------------------------------------------------------------
From Clock:  clk_out1_clk_wiz_0_1
  To Clock:  clk_out1_clk_wiz_0

Setup :          170  Failing Endpoints,  Worst Slack       -0.197ns,  Total Violation      -12.840ns
Hold  :            0  Failing Endpoints,  Worst Slack        0.048ns,  Total Violation        0.000ns
---------------------------------------------------------------------------------------------------


Max Delay Paths
--------------------------------------------------------------------------------------
Slack (VIOLATED) :        -0.197ns  (required time - arrival time)
  Source:                 rv64im72f_6sp/data_memory/memory_bank7_reg_0/CLKBWRCLK
                            (rising edge-triggered cell RAMB36E1 clocked by clk_out1_clk_wiz_0_1  {rise@0.000ns fall@5.745ns period=11.489ns})
  Destination:            rv64im72f_6sp/ex_ex2_register/EX2_alu_result_reg[8]_rep__8/D
                            (rising edge-triggered cell FDRE clocked by clk_out1_clk_wiz_0  {rise@0.000ns fall@5.745ns period=11.489ns})
  Path Group:             clk_out1_clk_wiz_0
  Path Type:              Setup (Max at Slow Process Corner)
  Requirement:            11.489ns  (clk_out1_clk_wiz_0 rise@11.489ns - clk_out1_clk_wiz_0_1 rise@0.000ns)
  Data Path Delay:        11.464ns  (logic 3.694ns (32.223%)  route 7.770ns (67.777%))
  Logic Levels:           10  (LUT5=1 LUT6=9)
  Clock Path Skew:        -0.181ns (DCD - SCD + CPR)
    Destination Clock Delay (DCD):    -1.681ns = ( 9.808 - 11.489 ) 
    Source Clock Delay      (SCD):    -1.906ns
    Clock Pessimism Removal (CPR):    -0.406ns
  Clock Uncertainty:      0.070ns  ((TSJ^2 + DJ^2)^1/2) / 2 + PE
    Total System Jitter     (TSJ):    0.071ns
    Discrete Jitter          (DJ):    0.121ns
    Phase Error              (PE):    0.000ns
  Clock Domain Crossing:  Inter clock paths are considered valid unless explicitly excluded by timing constraints such as set_clock_groups or set_false_path.

    Location             Delay type                Incr(ns)  Path(ns)    Netlist Resource(s)
  -------------------------------------------------------------------    -------------------
                         (clock clk_out1_clk_wiz_0_1 rise edge)
                                                      0.000     0.000 r  
    R4                                                0.000     0.000 r  clk (IN)
                         net (fo=0)                   0.000     0.000    clk_gen/inst/clk_in1
    R4                   IBUF (Prop_ibuf_I_O)         1.475     1.475 r  clk_gen/inst/clkin1_ibufg/O
                         net (fo=1, routed)           1.253     2.728    clk_gen/inst/clk_in1_clk_wiz_0
    PLLE2_ADV_X1Y2       PLLE2_ADV (Prop_plle2_adv_CLKIN1_CLKOUT0)
                                                     -8.953    -6.225 r  clk_gen/inst/plle2_adv_inst/CLKOUT0
                         net (fo=1, routed)           1.802    -4.422    clk_gen/inst/clk_out1_clk_wiz_0
    BUFGCTRL_X0Y15       BUFG (Prop_bufg_I_O)         0.096    -4.326 r  clk_gen/inst/clkout1_buf_replica/O
                         net (fo=10, routed)          0.154    -4.172    clk_gen/inst/clk_out1_repN
    BUFGCTRL_X0Y0        BUFG (Prop_bufg_I_O)         0.096    -4.076 r  clk_gen/inst/clkout1_buf/O
                         net (fo=4402, routed)        2.170    -1.906    rv64im72f_6sp/data_memory/clk_out1
    RAMB36_X1Y1          RAMB36E1                                     r  rv64im72f_6sp/data_memory/memory_bank7_reg_0/CLKBWRCLK
  -------------------------------------------------------------------    -------------------
    RAMB36_X1Y1          RAMB36E1 (Prop_ramb36e1_CLKBWRCLK_DOBDO[0])
                                                      2.454     0.548 r  rv64im72f_6sp/data_memory/memory_bank7_reg_0/DOBDO[0]
                         net (fo=3, routed)           1.344     1.892    rv64im72f_6sp/data_memory/ram_read_data_reg[56]
    SLICE_X26Y22         LUT5 (Prop_lut5_I3_O)        0.124     2.016 r  rv64im72f_6sp/data_memory/WB_forward_data_value[56]_i_2/O
                         net (fo=4, routed)           0.889     2.905    rv64im72f_6sp/ex_mem_register/data_memory_read_data_muxed[42]
    SLICE_X28Y26         LUT6 (Prop_lut6_I2_O)        0.124     3.029 r  rv64im72f_6sp/ex_mem_register/dividend_reg[24]_i_7/O
                         net (fo=1, routed)           0.554     3.583    rv64im72f_6sp/ex_mem_register/dividend_reg[24]_i_7_n_0
    SLICE_X33Y28         LUT6 (Prop_lut6_I0_O)        0.124     3.707 r  rv64im72f_6sp/ex_mem_register/dividend_reg[24]_i_5/O
                         net (fo=1, routed)           0.421     4.128    rv64im72f_6sp/forward_unit/dividend_reg_reg[24]
    SLICE_X32Y29         LUT6 (Prop_lut6_I2_O)        0.124     4.252 r  rv64im72f_6sp/forward_unit/dividend_reg[24]_i_2/O
                         net (fo=1, routed)           0.159     4.411    rv64im72f_6sp/ex_ex2_register/dividend_reg_reg[24]_0
    SLICE_X32Y29         LUT6 (Prop_lut6_I1_O)        0.124     4.535 r  rv64im72f_6sp/ex_ex2_register/dividend_reg[24]_i_1/O
                         net (fo=36, routed)          1.402     5.937    rv64im72f_6sp/ex_ex2_register/src_A[24]
    SLICE_X41Y34         LUT6 (Prop_lut6_I1_O)        0.124     6.061 r  rv64im72f_6sp/ex_ex2_register/EX2_alu_result[8]_i_19/O
                         net (fo=5, routed)           0.744     6.804    rv64im72f_6sp/ex_ex2_register/EX2_alu_result[8]_i_19_n_0
    SLICE_X43Y34         LUT6 (Prop_lut6_I5_O)        0.124     6.928 r  rv64im72f_6sp/ex_ex2_register/EX2_alu_result[8]_i_14/O
                         net (fo=4, routed)           0.866     7.795    rv64im72f_6sp/ex_ex2_register/EX2_alu_result[8]_i_14_n_0
    SLICE_X44Y36         LUT6 (Prop_lut6_I5_O)        0.124     7.919 r  rv64im72f_6sp/ex_ex2_register/EX2_alu_result[8]_i_7/O
                         net (fo=1, routed)           0.585     8.504    rv64im72f_6sp/id_ex_register/EX2_alu_result_reg[40][8]
    SLICE_X46Y38         LUT6 (Prop_lut6_I3_O)        0.124     8.628 r  rv64im72f_6sp/id_ex_register/EX2_alu_result[8]_i_2/O
                         net (fo=21, routed)          0.805     9.433    rv64im72f_6sp/id_ex_register/EX2_alu_result[8]_i_2_n_0
    SLICE_X50Y47         LUT6 (Prop_lut6_I0_O)        0.124     9.557 r  rv64im72f_6sp/id_ex_register/EX2_alu_result[8]_rep__8_i_1/O
                         net (fo=1, routed)           0.000     9.557    rv64im72f_6sp/ex_ex2_register/EX2_alu_result_reg[8]_rep__8_0
    SLICE_X50Y47         FDRE                                         r  rv64im72f_6sp/ex_ex2_register/EX2_alu_result_reg[8]_rep__8/D
  -------------------------------------------------------------------    -------------------

                         (clock clk_out1_clk_wiz_0 rise edge)
                                                     11.489    11.489 r  
    R4                                                0.000    11.489 r  clk (IN)
                         net (fo=0)                   0.000    11.489    clk_gen/inst/clk_in1
    R4                   IBUF (Prop_ibuf_I_O)         1.405    12.894 r  clk_gen/inst/clkin1_ibufg/O
                         net (fo=1, routed)           1.181    14.075    clk_gen/inst/clk_in1_clk_wiz_0
    PLLE2_ADV_X1Y2       PLLE2_ADV (Prop_plle2_adv_CLKIN1_CLKOUT0)
                                                     -8.206     5.869 r  clk_gen/inst/plle2_adv_inst/CLKOUT0
                         net (fo=1, routed)           1.718     7.587    clk_gen/inst/clk_out1_clk_wiz_0
    BUFGCTRL_X0Y15       BUFG (Prop_bufg_I_O)         0.091     7.678 r  clk_gen/inst/clkout1_buf_replica/O
                         net (fo=10, routed)          0.147     7.825    clk_gen/inst/clk_out1_repN
    BUFGCTRL_X0Y0        BUFG (Prop_bufg_I_O)         0.091     7.916 r  clk_gen/inst/clkout1_buf/O
                         net (fo=4402, routed)        1.892     9.808    rv64im72f_6sp/ex_ex2_register/clk_out1
    SLICE_X50Y47         FDRE                                         r  rv64im72f_6sp/ex_ex2_register/EX2_alu_result_reg[8]_rep__8/C
                         clock pessimism             -0.406     9.402    
                         clock uncertainty           -0.070     9.332    
    SLICE_X50Y47         FDRE (Setup_fdre_C_D)        0.029     9.361    rv64im72f_6sp/ex_ex2_register/EX2_alu_result_reg[8]_rep__8
  -------------------------------------------------------------------
                         required time                          9.361    
                         arrival time                          -9.557    
  -------------------------------------------------------------------
                         slack                                 -0.197    





Min Delay Paths
--------------------------------------------------------------------------------------
Slack (MET) :             0.048ns  (arrival time - required time)
  Source:                 rv64im72f_6sp/ex_ex2_register/EX2_pc_plus_4_reg[31]/C
                            (rising edge-triggered cell FDRE clocked by clk_out1_clk_wiz_0_1  {rise@0.000ns fall@5.745ns period=11.489ns})
  Destination:            rv64im72f_6sp/forward_unit/MEM_non_load_forward_data_reg[31]/D
                            (rising edge-triggered cell FDRE clocked by clk_out1_clk_wiz_0  {rise@0.000ns fall@5.745ns period=11.489ns})
  Path Group:             clk_out1_clk_wiz_0
  Path Type:              Hold (Min at Fast Process Corner)
  Requirement:            0.000ns  (clk_out1_clk_wiz_0 rise@0.000ns - clk_out1_clk_wiz_0_1 rise@0.000ns)
  Data Path Delay:        0.252ns  (logic 0.186ns (73.740%)  route 0.066ns (26.260%))
  Logic Levels:           1  (LUT6=1)
  Clock Path Skew:        0.013ns (DCD - SCD - CPR)
    Destination Clock Delay (DCD):    -0.176ns
    Source Clock Delay      (SCD):    -0.418ns
    Clock Pessimism Removal (CPR):    0.229ns
  Clock Uncertainty:      0.070ns  ((TSJ^2 + DJ^2)^1/2) / 2 + PE
    Total System Jitter     (TSJ):    0.071ns
    Discrete Jitter          (DJ):    0.121ns
    Phase Error              (PE):    0.000ns
  Clock Domain Crossing:  Inter clock paths are considered valid unless explicitly excluded by timing constraints such as set_clock_groups or set_false_path.

    Location             Delay type                Incr(ns)  Path(ns)    Netlist Resource(s)
  -------------------------------------------------------------------    -------------------
                         (clock clk_out1_clk_wiz_0_1 rise edge)
                                                      0.000     0.000 r  
    R4                                                0.000     0.000 r  clk (IN)
                         net (fo=0)                   0.000     0.000    clk_gen/inst/clk_in1
    R4                   IBUF (Prop_ibuf_I_O)         0.243     0.243 r  clk_gen/inst/clkin1_ibufg/O
                         net (fo=1, routed)           0.440     0.683    clk_gen/inst/clk_in1_clk_wiz_0
    PLLE2_ADV_X1Y2       PLLE2_ADV (Prop_plle2_adv_CLKIN1_CLKOUT0)
                                                     -2.503    -1.819 r  clk_gen/inst/plle2_adv_inst/CLKOUT0
                         net (fo=1, routed)           0.546    -1.273    clk_gen/inst/clk_out1_clk_wiz_0
    BUFGCTRL_X0Y15       BUFG (Prop_bufg_I_O)         0.026    -1.247 r  clk_gen/inst/clkout1_buf_replica/O
                         net (fo=10, routed)          0.042    -1.205    clk_gen/inst/clk_out1_repN
    BUFGCTRL_X0Y0        BUFG (Prop_bufg_I_O)         0.026    -1.179 r  clk_gen/inst/clkout1_buf/O
                         net (fo=4402, routed)        0.762    -0.418    rv64im72f_6sp/ex_ex2_register/clk_out1
    SLICE_X17Y39         FDRE                                         r  rv64im72f_6sp/ex_ex2_register/EX2_pc_plus_4_reg[31]/C
  -------------------------------------------------------------------    -------------------
    SLICE_X17Y39         FDRE (Prop_fdre_C_Q)         0.141    -0.277 r  rv64im72f_6sp/ex_ex2_register/EX2_pc_plus_4_reg[31]/Q
                         net (fo=2, routed)           0.066    -0.210    rv64im72f_6sp/ex_ex2_register/EX2_pc_plus_4[31]
    SLICE_X16Y39         LUT6 (Prop_lut6_I0_O)        0.045    -0.165 r  rv64im72f_6sp/ex_ex2_register/MEM_non_load_forward_data[31]_i_1/O
                         net (fo=1, routed)           0.000    -0.165    rv64im72f_6sp/forward_unit/D[31]
    SLICE_X16Y39         FDRE                                         r  rv64im72f_6sp/forward_unit/MEM_non_load_forward_data_reg[31]/D
  -------------------------------------------------------------------    -------------------

                         (clock clk_out1_clk_wiz_0 rise edge)
                                                      0.000     0.000 r  
    R4                                                0.000     0.000 r  clk (IN)
                         net (fo=0)                   0.000     0.000    clk_gen/inst/clk_in1
    R4                   IBUF (Prop_ibuf_I_O)         0.431     0.431 r  clk_gen/inst/clkin1_ibufg/O
                         net (fo=1, routed)           0.481     0.912    clk_gen/inst/clk_in1_clk_wiz_0
    PLLE2_ADV_X1Y2       PLLE2_ADV (Prop_plle2_adv_CLKIN1_CLKOUT0)
                                                     -2.828    -1.916 r  clk_gen/inst/plle2_adv_inst/CLKOUT0
                         net (fo=1, routed)           0.595    -1.322    clk_gen/inst/clk_out1_clk_wiz_0
    BUFGCTRL_X0Y15       BUFG (Prop_bufg_I_O)         0.029    -1.293 r  clk_gen/inst/clkout1_buf_replica/O
                         net (fo=10, routed)          0.046    -1.247    clk_gen/inst/clk_out1_repN
    BUFGCTRL_X0Y0        BUFG (Prop_bufg_I_O)         0.029    -1.218 r  clk_gen/inst/clkout1_buf/O
                         net (fo=4402, routed)        1.042    -0.176    rv64im72f_6sp/forward_unit/clk_out1
    SLICE_X16Y39         FDRE                                         r  rv64im72f_6sp/forward_unit/MEM_non_load_forward_data_reg[31]/C
                         clock pessimism             -0.229    -0.405    
                         clock uncertainty            0.070    -0.335    
    SLICE_X16Y39         FDRE (Hold_fdre_C_D)         0.121    -0.214    rv64im72f_6sp/forward_unit/MEM_non_load_forward_data_reg[31]
  -------------------------------------------------------------------
                         required time                          0.214    
                         arrival time                          -0.165    
  -------------------------------------------------------------------
                         slack                                  0.048    





---------------------------------------------------------------------------------------------------
From Clock:  clk_out1_clk_wiz_0
  To Clock:  clk_out1_clk_wiz_0_1

Setup :          170  Failing Endpoints,  Worst Slack       -0.197ns,  Total Violation      -12.840ns
Hold  :            0  Failing Endpoints,  Worst Slack        0.048ns,  Total Violation        0.000ns
---------------------------------------------------------------------------------------------------


Max Delay Paths
--------------------------------------------------------------------------------------
Slack (VIOLATED) :        -0.197ns  (required time - arrival time)
  Source:                 rv64im72f_6sp/data_memory/memory_bank7_reg_0/CLKBWRCLK
                            (rising edge-triggered cell RAMB36E1 clocked by clk_out1_clk_wiz_0  {rise@0.000ns fall@5.745ns period=11.489ns})
  Destination:            rv64im72f_6sp/ex_ex2_register/EX2_alu_result_reg[8]_rep__8/D
                            (rising edge-triggered cell FDRE clocked by clk_out1_clk_wiz_0_1  {rise@0.000ns fall@5.745ns period=11.489ns})
  Path Group:             clk_out1_clk_wiz_0_1
  Path Type:              Setup (Max at Slow Process Corner)
  Requirement:            11.489ns  (clk_out1_clk_wiz_0_1 rise@11.489ns - clk_out1_clk_wiz_0 rise@0.000ns)
  Data Path Delay:        11.464ns  (logic 3.694ns (32.223%)  route 7.770ns (67.777%))
  Logic Levels:           10  (LUT5=1 LUT6=9)
  Clock Path Skew:        -0.181ns (DCD - SCD + CPR)
    Destination Clock Delay (DCD):    -1.681ns = ( 9.808 - 11.489 ) 
    Source Clock Delay      (SCD):    -1.906ns
    Clock Pessimism Removal (CPR):    -0.406ns
  Clock Uncertainty:      0.070ns  ((TSJ^2 + DJ^2)^1/2) / 2 + PE
    Total System Jitter     (TSJ):    0.071ns
    Discrete Jitter          (DJ):    0.121ns
    Phase Error              (PE):    0.000ns
  Clock Domain Crossing:  Inter clock paths are considered valid unless explicitly excluded by timing constraints such as set_clock_groups or set_false_path.

    Location             Delay type                Incr(ns)  Path(ns)    Netlist Resource(s)
  -------------------------------------------------------------------    -------------------
                         (clock clk_out1_clk_wiz_0 rise edge)
                                                      0.000     0.000 r  
    R4                                                0.000     0.000 r  clk (IN)
                         net (fo=0)                   0.000     0.000    clk_gen/inst/clk_in1
    R4                   IBUF (Prop_ibuf_I_O)         1.475     1.475 r  clk_gen/inst/clkin1_ibufg/O
                         net (fo=1, routed)           1.253     2.728    clk_gen/inst/clk_in1_clk_wiz_0
    PLLE2_ADV_X1Y2       PLLE2_ADV (Prop_plle2_adv_CLKIN1_CLKOUT0)
                                                     -8.953    -6.225 r  clk_gen/inst/plle2_adv_inst/CLKOUT0
                         net (fo=1, routed)           1.802    -4.422    clk_gen/inst/clk_out1_clk_wiz_0
    BUFGCTRL_X0Y15       BUFG (Prop_bufg_I_O)         0.096    -4.326 r  clk_gen/inst/clkout1_buf_replica/O
                         net (fo=10, routed)          0.154    -4.172    clk_gen/inst/clk_out1_repN
    BUFGCTRL_X0Y0        BUFG (Prop_bufg_I_O)         0.096    -4.076 r  clk_gen/inst/clkout1_buf/O
                         net (fo=4402, routed)        2.170    -1.906    rv64im72f_6sp/data_memory/clk_out1
    RAMB36_X1Y1          RAMB36E1                                     r  rv64im72f_6sp/data_memory/memory_bank7_reg_0/CLKBWRCLK
  -------------------------------------------------------------------    -------------------
    RAMB36_X1Y1          RAMB36E1 (Prop_ramb36e1_CLKBWRCLK_DOBDO[0])
                                                      2.454     0.548 r  rv64im72f_6sp/data_memory/memory_bank7_reg_0/DOBDO[0]
                         net (fo=3, routed)           1.344     1.892    rv64im72f_6sp/data_memory/ram_read_data_reg[56]
    SLICE_X26Y22         LUT5 (Prop_lut5_I3_O)        0.124     2.016 r  rv64im72f_6sp/data_memory/WB_forward_data_value[56]_i_2/O
                         net (fo=4, routed)           0.889     2.905    rv64im72f_6sp/ex_mem_register/data_memory_read_data_muxed[42]
    SLICE_X28Y26         LUT6 (Prop_lut6_I2_O)        0.124     3.029 r  rv64im72f_6sp/ex_mem_register/dividend_reg[24]_i_7/O
                         net (fo=1, routed)           0.554     3.583    rv64im72f_6sp/ex_mem_register/dividend_reg[24]_i_7_n_0
    SLICE_X33Y28         LUT6 (Prop_lut6_I0_O)        0.124     3.707 r  rv64im72f_6sp/ex_mem_register/dividend_reg[24]_i_5/O
                         net (fo=1, routed)           0.421     4.128    rv64im72f_6sp/forward_unit/dividend_reg_reg[24]
    SLICE_X32Y29         LUT6 (Prop_lut6_I2_O)        0.124     4.252 r  rv64im72f_6sp/forward_unit/dividend_reg[24]_i_2/O
                         net (fo=1, routed)           0.159     4.411    rv64im72f_6sp/ex_ex2_register/dividend_reg_reg[24]_0
    SLICE_X32Y29         LUT6 (Prop_lut6_I1_O)        0.124     4.535 r  rv64im72f_6sp/ex_ex2_register/dividend_reg[24]_i_1/O
                         net (fo=36, routed)          1.402     5.937    rv64im72f_6sp/ex_ex2_register/src_A[24]
    SLICE_X41Y34         LUT6 (Prop_lut6_I1_O)        0.124     6.061 r  rv64im72f_6sp/ex_ex2_register/EX2_alu_result[8]_i_19/O
                         net (fo=5, routed)           0.744     6.804    rv64im72f_6sp/ex_ex2_register/EX2_alu_result[8]_i_19_n_0
    SLICE_X43Y34         LUT6 (Prop_lut6_I5_O)        0.124     6.928 r  rv64im72f_6sp/ex_ex2_register/EX2_alu_result[8]_i_14/O
                         net (fo=4, routed)           0.866     7.795    rv64im72f_6sp/ex_ex2_register/EX2_alu_result[8]_i_14_n_0
    SLICE_X44Y36         LUT6 (Prop_lut6_I5_O)        0.124     7.919 r  rv64im72f_6sp/ex_ex2_register/EX2_alu_result[8]_i_7/O
                         net (fo=1, routed)           0.585     8.504    rv64im72f_6sp/id_ex_register/EX2_alu_result_reg[40][8]
    SLICE_X46Y38         LUT6 (Prop_lut6_I3_O)        0.124     8.628 r  rv64im72f_6sp/id_ex_register/EX2_alu_result[8]_i_2/O
                         net (fo=21, routed)          0.805     9.433    rv64im72f_6sp/id_ex_register/EX2_alu_result[8]_i_2_n_0
    SLICE_X50Y47         LUT6 (Prop_lut6_I0_O)        0.124     9.557 r  rv64im72f_6sp/id_ex_register/EX2_alu_result[8]_rep__8_i_1/O
                         net (fo=1, routed)           0.000     9.557    rv64im72f_6sp/ex_ex2_register/EX2_alu_result_reg[8]_rep__8_0
    SLICE_X50Y47         FDRE                                         r  rv64im72f_6sp/ex_ex2_register/EX2_alu_result_reg[8]_rep__8/D
  -------------------------------------------------------------------    -------------------

                         (clock clk_out1_clk_wiz_0_1 rise edge)
                                                     11.489    11.489 r  
    R4                                                0.000    11.489 r  clk (IN)
                         net (fo=0)                   0.000    11.489    clk_gen/inst/clk_in1
    R4                   IBUF (Prop_ibuf_I_O)         1.405    12.894 r  clk_gen/inst/clkin1_ibufg/O
                         net (fo=1, routed)           1.181    14.075    clk_gen/inst/clk_in1_clk_wiz_0
    PLLE2_ADV_X1Y2       PLLE2_ADV (Prop_plle2_adv_CLKIN1_CLKOUT0)
                                                     -8.206     5.869 r  clk_gen/inst/plle2_adv_inst/CLKOUT0
                         net (fo=1, routed)           1.718     7.587    clk_gen/inst/clk_out1_clk_wiz_0
    BUFGCTRL_X0Y15       BUFG (Prop_bufg_I_O)         0.091     7.678 r  clk_gen/inst/clkout1_buf_replica/O
                         net (fo=10, routed)          0.147     7.825    clk_gen/inst/clk_out1_repN
    BUFGCTRL_X0Y0        BUFG (Prop_bufg_I_O)         0.091     7.916 r  clk_gen/inst/clkout1_buf/O
                         net (fo=4402, routed)        1.892     9.808    rv64im72f_6sp/ex_ex2_register/clk_out1
    SLICE_X50Y47         FDRE                                         r  rv64im72f_6sp/ex_ex2_register/EX2_alu_result_reg[8]_rep__8/C
                         clock pessimism             -0.406     9.402    
                         clock uncertainty           -0.070     9.332    
    SLICE_X50Y47         FDRE (Setup_fdre_C_D)        0.029     9.361    rv64im72f_6sp/ex_ex2_register/EX2_alu_result_reg[8]_rep__8
  -------------------------------------------------------------------
                         required time                          9.361    
                         arrival time                          -9.557    
  -------------------------------------------------------------------
                         slack                                 -0.197    





Min Delay Paths
--------------------------------------------------------------------------------------
Slack (MET) :             0.048ns  (arrival time - required time)
  Source:                 rv64im72f_6sp/ex_ex2_register/EX2_pc_plus_4_reg[31]/C
                            (rising edge-triggered cell FDRE clocked by clk_out1_clk_wiz_0  {rise@0.000ns fall@5.745ns period=11.489ns})
  Destination:            rv64im72f_6sp/forward_unit/MEM_non_load_forward_data_reg[31]/D
                            (rising edge-triggered cell FDRE clocked by clk_out1_clk_wiz_0_1  {rise@0.000ns fall@5.745ns period=11.489ns})
  Path Group:             clk_out1_clk_wiz_0_1
  Path Type:              Hold (Min at Fast Process Corner)
  Requirement:            0.000ns  (clk_out1_clk_wiz_0_1 rise@0.000ns - clk_out1_clk_wiz_0 rise@0.000ns)
  Data Path Delay:        0.252ns  (logic 0.186ns (73.740%)  route 0.066ns (26.260%))
  Logic Levels:           1  (LUT6=1)
  Clock Path Skew:        0.013ns (DCD - SCD - CPR)
    Destination Clock Delay (DCD):    -0.176ns
    Source Clock Delay      (SCD):    -0.418ns
    Clock Pessimism Removal (CPR):    0.229ns
  Clock Uncertainty:      0.070ns  ((TSJ^2 + DJ^2)^1/2) / 2 + PE
    Total System Jitter     (TSJ):    0.071ns
    Discrete Jitter          (DJ):    0.121ns
    Phase Error              (PE):    0.000ns
  Clock Domain Crossing:  Inter clock paths are considered valid unless explicitly excluded by timing constraints such as set_clock_groups or set_false_path.

    Location             Delay type                Incr(ns)  Path(ns)    Netlist Resource(s)
  -------------------------------------------------------------------    -------------------
                         (clock clk_out1_clk_wiz_0 rise edge)
                                                      0.000     0.000 r  
    R4                                                0.000     0.000 r  clk (IN)
                         net (fo=0)                   0.000     0.000    clk_gen/inst/clk_in1
    R4                   IBUF (Prop_ibuf_I_O)         0.243     0.243 r  clk_gen/inst/clkin1_ibufg/O
                         net (fo=1, routed)           0.440     0.683    clk_gen/inst/clk_in1_clk_wiz_0
    PLLE2_ADV_X1Y2       PLLE2_ADV (Prop_plle2_adv_CLKIN1_CLKOUT0)
                                                     -2.503    -1.819 r  clk_gen/inst/plle2_adv_inst/CLKOUT0
                         net (fo=1, routed)           0.546    -1.273    clk_gen/inst/clk_out1_clk_wiz_0
    BUFGCTRL_X0Y15       BUFG (Prop_bufg_I_O)         0.026    -1.247 r  clk_gen/inst/clkout1_buf_replica/O
                         net (fo=10, routed)          0.042    -1.205    clk_gen/inst/clk_out1_repN
    BUFGCTRL_X0Y0        BUFG (Prop_bufg_I_O)         0.026    -1.179 r  clk_gen/inst/clkout1_buf/O
                         net (fo=4402, routed)        0.762    -0.418    rv64im72f_6sp/ex_ex2_register/clk_out1
    SLICE_X17Y39         FDRE                                         r  rv64im72f_6sp/ex_ex2_register/EX2_pc_plus_4_reg[31]/C
  -------------------------------------------------------------------    -------------------
    SLICE_X17Y39         FDRE (Prop_fdre_C_Q)         0.141    -0.277 r  rv64im72f_6sp/ex_ex2_register/EX2_pc_plus_4_reg[31]/Q
                         net (fo=2, routed)           0.066    -0.210    rv64im72f_6sp/ex_ex2_register/EX2_pc_plus_4[31]
    SLICE_X16Y39         LUT6 (Prop_lut6_I0_O)        0.045    -0.165 r  rv64im72f_6sp/ex_ex2_register/MEM_non_load_forward_data[31]_i_1/O
                         net (fo=1, routed)           0.000    -0.165    rv64im72f_6sp/forward_unit/D[31]
    SLICE_X16Y39         FDRE                                         r  rv64im72f_6sp/forward_unit/MEM_non_load_forward_data_reg[31]/D
  -------------------------------------------------------------------    -------------------

                         (clock clk_out1_clk_wiz_0_1 rise edge)
                                                      0.000     0.000 r  
    R4                                                0.000     0.000 r  clk (IN)
                         net (fo=0)                   0.000     0.000    clk_gen/inst/clk_in1
    R4                   IBUF (Prop_ibuf_I_O)         0.431     0.431 r  clk_gen/inst/clkin1_ibufg/O
                         net (fo=1, routed)           0.481     0.912    clk_gen/inst/clk_in1_clk_wiz_0
    PLLE2_ADV_X1Y2       PLLE2_ADV (Prop_plle2_adv_CLKIN1_CLKOUT0)
                                                     -2.828    -1.916 r  clk_gen/inst/plle2_adv_inst/CLKOUT0
                         net (fo=1, routed)           0.595    -1.322    clk_gen/inst/clk_out1_clk_wiz_0
    BUFGCTRL_X0Y15       BUFG (Prop_bufg_I_O)         0.029    -1.293 r  clk_gen/inst/clkout1_buf_replica/O
                         net (fo=10, routed)          0.046    -1.247    clk_gen/inst/clk_out1_repN
    BUFGCTRL_X0Y0        BUFG (Prop_bufg_I_O)         0.029    -1.218 r  clk_gen/inst/clkout1_buf/O
                         net (fo=4402, routed)        1.042    -0.176    rv64im72f_6sp/forward_unit/clk_out1
    SLICE_X16Y39         FDRE                                         r  rv64im72f_6sp/forward_unit/MEM_non_load_forward_data_reg[31]/C
                         clock pessimism             -0.229    -0.405    
                         clock uncertainty            0.070    -0.335    
    SLICE_X16Y39         FDRE (Hold_fdre_C_D)         0.121    -0.214    rv64im72f_6sp/forward_unit/MEM_non_load_forward_data_reg[31]
  -------------------------------------------------------------------
                         required time                          0.214    
                         arrival time                          -0.165    
  -------------------------------------------------------------------
                         slack                                  0.048    





---------------------------------------------------------------------------------------------------
Path Group:  **async_default**
From Clock:  clk_out1_clk_wiz_0
  To Clock:  clk_out1_clk_wiz_0

Setup :            0  Failing Endpoints,  Worst Slack        5.038ns,  Total Violation        0.000ns
Hold  :            0  Failing Endpoints,  Worst Slack        0.331ns,  Total Violation        0.000ns
---------------------------------------------------------------------------------------------------


Max Delay Paths
--------------------------------------------------------------------------------------
Slack (MET) :             5.038ns  (required time - arrival time)
  Source:                 reset_sync_reg[2]_replica_3/C
                            (rising edge-triggered cell FDPE clocked by clk_out1_clk_wiz_0  {rise@0.000ns fall@5.745ns period=11.489ns})
  Destination:            rv64im72f_6sp/csr_file/mcycle_reg[5]/CLR
                            (recovery check against rising-edge clock clk_out1_clk_wiz_0  {rise@0.000ns fall@5.745ns period=11.489ns})
  Path Group:             **async_default**
  Path Type:              Recovery (Max at Slow Process Corner)
  Requirement:            11.489ns  (clk_out1_clk_wiz_0 rise@11.489ns - clk_out1_clk_wiz_0 rise@0.000ns)
  Data Path Delay:        6.030ns  (logic 0.518ns (8.590%)  route 5.512ns (91.410%))
  Logic Levels:           0  
  Clock Path Skew:        0.054ns (DCD - SCD + CPR)
    Destination Clock Delay (DCD):    -1.674ns = ( 9.815 - 11.489 ) 
    Source Clock Delay      (SCD):    -2.143ns
    Clock Pessimism Removal (CPR):    -0.415ns
  Clock Uncertainty:      0.070ns  ((TSJ^2 + DJ^2)^1/2) / 2 + PE
    Total System Jitter     (TSJ):    0.071ns
    Discrete Jitter          (DJ):    0.121ns
    Phase Error              (PE):    0.000ns

    Location             Delay type                Incr(ns)  Path(ns)    Netlist Resource(s)
  -------------------------------------------------------------------    -------------------
                         (clock clk_out1_clk_wiz_0 rise edge)
                                                      0.000     0.000 r  
    R4                                                0.000     0.000 r  clk (IN)
                         net (fo=0)                   0.000     0.000    clk_gen/inst/clk_in1
    R4                   IBUF (Prop_ibuf_I_O)         1.475     1.475 r  clk_gen/inst/clkin1_ibufg/O
                         net (fo=1, routed)           1.253     2.728    clk_gen/inst/clk_in1_clk_wiz_0
    PLLE2_ADV_X1Y2       PLLE2_ADV (Prop_plle2_adv_CLKIN1_CLKOUT0)
                                                     -8.953    -6.225 r  clk_gen/inst/plle2_adv_inst/CLKOUT0
                         net (fo=1, routed)           1.802    -4.422    clk_gen/inst/clk_out1_clk_wiz_0
    BUFGCTRL_X0Y15       BUFG (Prop_bufg_I_O)         0.096    -4.326 r  clk_gen/inst/clkout1_buf_replica/O
                         net (fo=10, routed)          0.154    -4.172    clk_gen/inst/clk_out1_repN
    BUFGCTRL_X0Y0        BUFG (Prop_bufg_I_O)         0.096    -4.076 r  clk_gen/inst/clkout1_buf/O
                         net (fo=4402, routed)        1.933    -2.143    clk_cpu
    SLICE_X12Y69         FDPE                                         r  reset_sync_reg[2]_replica_3/C
  -------------------------------------------------------------------    -------------------
    SLICE_X12Y69         FDPE (Prop_fdpe_C_Q)         0.518    -1.625 f  reset_sync_reg[2]_replica_3/Q
                         net (fo=330, routed)         5.512     3.887    rv64im72f_6sp/csr_file/internal_reset_repN_3_alias
    SLICE_X3Y50          FDCE                                         f  rv64im72f_6sp/csr_file/mcycle_reg[5]/CLR
  -------------------------------------------------------------------    -------------------

                         (clock clk_out1_clk_wiz_0 rise edge)
                                                     11.489    11.489 r  
    R4                                                0.000    11.489 r  clk (IN)
                         net (fo=0)                   0.000    11.489    clk_gen/inst/clk_in1
    R4                   IBUF (Prop_ibuf_I_O)         1.405    12.894 r  clk_gen/inst/clkin1_ibufg/O
                         net (fo=1, routed)           1.181    14.075    clk_gen/inst/clk_in1_clk_wiz_0
    PLLE2_ADV_X1Y2       PLLE2_ADV (Prop_plle2_adv_CLKIN1_CLKOUT0)
                                                     -8.206     5.869 r  clk_gen/inst/plle2_adv_inst/CLKOUT0
                         net (fo=1, routed)           1.718     7.587    clk_gen/inst/clk_out1_clk_wiz_0
    BUFGCTRL_X0Y15       BUFG (Prop_bufg_I_O)         0.091     7.678 r  clk_gen/inst/clkout1_buf_replica/O
                         net (fo=10, routed)          0.147     7.825    clk_gen/inst/clk_out1_repN
    BUFGCTRL_X0Y0        BUFG (Prop_bufg_I_O)         0.091     7.916 r  clk_gen/inst/clkout1_buf/O
                         net (fo=4402, routed)        1.899     9.815    rv64im72f_6sp/csr_file/clk_out1
    SLICE_X3Y50          FDCE                                         r  rv64im72f_6sp/csr_file/mcycle_reg[5]/C
                         clock pessimism             -0.415     9.401    
                         clock uncertainty           -0.070     9.331    
    SLICE_X3Y50          FDCE (Recov_fdce_C_CLR)     -0.405     8.926    rv64im72f_6sp/csr_file/mcycle_reg[5]
  -------------------------------------------------------------------
                         required time                          8.926    
                         arrival time                          -3.887    
  -------------------------------------------------------------------
                         slack                                  5.038    





Min Delay Paths
--------------------------------------------------------------------------------------
Slack (MET) :             0.331ns  (arrival time - required time)
  Source:                 reset_sync_reg[2]_replica_10/C
                            (rising edge-triggered cell FDPE clocked by clk_out1_clk_wiz_0  {rise@0.000ns fall@5.745ns period=11.489ns})
  Destination:            rv64im72f_6sp/program_counter/pc_reg[53]/CLR
                            (removal check against rising-edge clock clk_out1_clk_wiz_0  {rise@0.000ns fall@5.745ns period=11.489ns})
  Path Group:             **async_default**
  Path Type:              Removal (Min at Fast Process Corner)
  Requirement:            0.000ns  (clk_out1_clk_wiz_0 rise@0.000ns - clk_out1_clk_wiz_0 rise@0.000ns)
  Data Path Delay:        0.608ns  (logic 0.141ns (23.182%)  route 0.467ns (76.818%))
  Logic Levels:           0  
  Clock Path Skew:        0.344ns (DCD - SCD - CPR)
    Destination Clock Delay (DCD):    -0.172ns
    Source Clock Delay      (SCD):    -0.486ns
    Clock Pessimism Removal (CPR):    -0.030ns

    Location             Delay type                Incr(ns)  Path(ns)    Netlist Resource(s)
  -------------------------------------------------------------------    -------------------
                         (clock clk_out1_clk_wiz_0 rise edge)
                                                      0.000     0.000 r  
    R4                                                0.000     0.000 r  clk (IN)
                         net (fo=0)                   0.000     0.000    clk_gen/inst/clk_in1
    R4                   IBUF (Prop_ibuf_I_O)         0.243     0.243 r  clk_gen/inst/clkin1_ibufg/O
                         net (fo=1, routed)           0.440     0.683    clk_gen/inst/clk_in1_clk_wiz_0
    PLLE2_ADV_X1Y2       PLLE2_ADV (Prop_plle2_adv_CLKIN1_CLKOUT0)
                                                     -2.503    -1.819 r  clk_gen/inst/plle2_adv_inst/CLKOUT0
                         net (fo=1, routed)           0.546    -1.273    clk_gen/inst/clk_out1_clk_wiz_0
    BUFGCTRL_X0Y15       BUFG (Prop_bufg_I_O)         0.026    -1.247 r  clk_gen/inst/clkout1_buf_replica/O
                         net (fo=10, routed)          0.042    -1.205    clk_gen/inst/clk_out1_repN
    BUFGCTRL_X0Y0        BUFG (Prop_bufg_I_O)         0.026    -1.179 r  clk_gen/inst/clkout1_buf/O
                         net (fo=4402, routed)        0.693    -0.486    clk_cpu
    SLICE_X15Y55         FDPE                                         r  reset_sync_reg[2]_replica_10/C
  -------------------------------------------------------------------    -------------------
    SLICE_X15Y55         FDPE (Prop_fdpe_C_Q)         0.141    -0.345 f  reset_sync_reg[2]_replica_10/Q
                         net (fo=68, routed)          0.467     0.122    rv64im72f_6sp/program_counter/internal_reset_repN_10_alias
    SLICE_X10Y48         FDCE                                         f  rv64im72f_6sp/program_counter/pc_reg[53]/CLR
  -------------------------------------------------------------------    -------------------

                         (clock clk_out1_clk_wiz_0 rise edge)
                                                      0.000     0.000 r  
    R4                                                0.000     0.000 r  clk (IN)
                         net (fo=0)                   0.000     0.000    clk_gen/inst/clk_in1
    R4                   IBUF (Prop_ibuf_I_O)         0.431     0.431 r  clk_gen/inst/clkin1_ibufg/O
                         net (fo=1, routed)           0.481     0.912    clk_gen/inst/clk_in1_clk_wiz_0
    PLLE2_ADV_X1Y2       PLLE2_ADV (Prop_plle2_adv_CLKIN1_CLKOUT0)
                                                     -2.828    -1.916 r  clk_gen/inst/plle2_adv_inst/CLKOUT0
                         net (fo=1, routed)           0.595    -1.322    clk_gen/inst/clk_out1_clk_wiz_0
    BUFGCTRL_X0Y15       BUFG (Prop_bufg_I_O)         0.029    -1.293 r  clk_gen/inst/clkout1_buf_replica/O
                         net (fo=10, routed)          0.046    -1.247    clk_gen/inst/clk_out1_repN
    BUFGCTRL_X0Y0        BUFG (Prop_bufg_I_O)         0.029    -1.218 r  clk_gen/inst/clkout1_buf/O
                         net (fo=4402, routed)        1.046    -0.172    rv64im72f_6sp/program_counter/clk_out1
    SLICE_X10Y48         FDCE                                         r  rv64im72f_6sp/program_counter/pc_reg[53]/C
                         clock pessimism              0.030    -0.142    
    SLICE_X10Y48         FDCE (Remov_fdce_C_CLR)     -0.067    -0.209    rv64im72f_6sp/program_counter/pc_reg[53]
  -------------------------------------------------------------------
                         required time                          0.209    
                         arrival time                           0.122    
  -------------------------------------------------------------------
                         slack                                  0.331    





---------------------------------------------------------------------------------------------------
Path Group:  **async_default**
From Clock:  clk_out1_clk_wiz_0_1
  To Clock:  clk_out1_clk_wiz_0

Setup :            0  Failing Endpoints,  Worst Slack        5.038ns,  Total Violation        0.000ns
Hold  :            0  Failing Endpoints,  Worst Slack        0.261ns,  Total Violation        0.000ns
---------------------------------------------------------------------------------------------------


Max Delay Paths
--------------------------------------------------------------------------------------
Slack (MET) :             5.038ns  (required time - arrival time)
  Source:                 reset_sync_reg[2]_replica_3/C
                            (rising edge-triggered cell FDPE clocked by clk_out1_clk_wiz_0_1  {rise@0.000ns fall@5.745ns period=11.489ns})
  Destination:            rv64im72f_6sp/csr_file/mcycle_reg[5]/CLR
                            (recovery check against rising-edge clock clk_out1_clk_wiz_0  {rise@0.000ns fall@5.745ns period=11.489ns})
  Path Group:             **async_default**
  Path Type:              Recovery (Max at Slow Process Corner)
  Requirement:            11.489ns  (clk_out1_clk_wiz_0 rise@11.489ns - clk_out1_clk_wiz_0_1 rise@0.000ns)
  Data Path Delay:        6.030ns  (logic 0.518ns (8.590%)  route 5.512ns (91.410%))
  Logic Levels:           0  
  Clock Path Skew:        0.054ns (DCD - SCD + CPR)
    Destination Clock Delay (DCD):    -1.674ns = ( 9.815 - 11.489 ) 
    Source Clock Delay      (SCD):    -2.143ns
    Clock Pessimism Removal (CPR):    -0.415ns
  Clock Uncertainty:      0.070ns  ((TSJ^2 + DJ^2)^1/2) / 2 + PE
    Total System Jitter     (TSJ):    0.071ns
    Discrete Jitter          (DJ):    0.121ns
    Phase Error              (PE):    0.000ns
  Clock Domain Crossing:  Inter clock paths are considered valid unless explicitly excluded by timing constraints such as set_clock_groups or set_false_path.

    Location             Delay type                Incr(ns)  Path(ns)    Netlist Resource(s)
  -------------------------------------------------------------------    -------------------
                         (clock clk_out1_clk_wiz_0_1 rise edge)
                                                      0.000     0.000 r  
    R4                                                0.000     0.000 r  clk (IN)
                         net (fo=0)                   0.000     0.000    clk_gen/inst/clk_in1
    R4                   IBUF (Prop_ibuf_I_O)         1.475     1.475 r  clk_gen/inst/clkin1_ibufg/O
                         net (fo=1, routed)           1.253     2.728    clk_gen/inst/clk_in1_clk_wiz_0
    PLLE2_ADV_X1Y2       PLLE2_ADV (Prop_plle2_adv_CLKIN1_CLKOUT0)
                                                     -8.953    -6.225 r  clk_gen/inst/plle2_adv_inst/CLKOUT0
                         net (fo=1, routed)           1.802    -4.422    clk_gen/inst/clk_out1_clk_wiz_0
    BUFGCTRL_X0Y15       BUFG (Prop_bufg_I_O)         0.096    -4.326 r  clk_gen/inst/clkout1_buf_replica/O
                         net (fo=10, routed)          0.154    -4.172    clk_gen/inst/clk_out1_repN
    BUFGCTRL_X0Y0        BUFG (Prop_bufg_I_O)         0.096    -4.076 r  clk_gen/inst/clkout1_buf/O
                         net (fo=4402, routed)        1.933    -2.143    clk_cpu
    SLICE_X12Y69         FDPE                                         r  reset_sync_reg[2]_replica_3/C
  -------------------------------------------------------------------    -------------------
    SLICE_X12Y69         FDPE (Prop_fdpe_C_Q)         0.518    -1.625 f  reset_sync_reg[2]_replica_3/Q
                         net (fo=330, routed)         5.512     3.887    rv64im72f_6sp/csr_file/internal_reset_repN_3_alias
    SLICE_X3Y50          FDCE                                         f  rv64im72f_6sp/csr_file/mcycle_reg[5]/CLR
  -------------------------------------------------------------------    -------------------

                         (clock clk_out1_clk_wiz_0 rise edge)
                                                     11.489    11.489 r  
    R4                                                0.000    11.489 r  clk (IN)
                         net (fo=0)                   0.000    11.489    clk_gen/inst/clk_in1
    R4                   IBUF (Prop_ibuf_I_O)         1.405    12.894 r  clk_gen/inst/clkin1_ibufg/O
                         net (fo=1, routed)           1.181    14.075    clk_gen/inst/clk_in1_clk_wiz_0
    PLLE2_ADV_X1Y2       PLLE2_ADV (Prop_plle2_adv_CLKIN1_CLKOUT0)
                                                     -8.206     5.869 r  clk_gen/inst/plle2_adv_inst/CLKOUT0
                         net (fo=1, routed)           1.718     7.587    clk_gen/inst/clk_out1_clk_wiz_0
    BUFGCTRL_X0Y15       BUFG (Prop_bufg_I_O)         0.091     7.678 r  clk_gen/inst/clkout1_buf_replica/O
                         net (fo=10, routed)          0.147     7.825    clk_gen/inst/clk_out1_repN
    BUFGCTRL_X0Y0        BUFG (Prop_bufg_I_O)         0.091     7.916 r  clk_gen/inst/clkout1_buf/O
                         net (fo=4402, routed)        1.899     9.815    rv64im72f_6sp/csr_file/clk_out1
    SLICE_X3Y50          FDCE                                         r  rv64im72f_6sp/csr_file/mcycle_reg[5]/C
                         clock pessimism             -0.415     9.401    
                         clock uncertainty           -0.070     9.331    
    SLICE_X3Y50          FDCE (Recov_fdce_C_CLR)     -0.405     8.926    rv64im72f_6sp/csr_file/mcycle_reg[5]
  -------------------------------------------------------------------
                         required time                          8.926    
                         arrival time                          -3.887    
  -------------------------------------------------------------------
                         slack                                  5.038    





Min Delay Paths
--------------------------------------------------------------------------------------
Slack (MET) :             0.261ns  (arrival time - required time)
  Source:                 reset_sync_reg[2]_replica_10/C
                            (rising edge-triggered cell FDPE clocked by clk_out1_clk_wiz_0_1  {rise@0.000ns fall@5.745ns period=11.489ns})
  Destination:            rv64im72f_6sp/program_counter/pc_reg[53]/CLR
                            (removal check against rising-edge clock clk_out1_clk_wiz_0  {rise@0.000ns fall@5.745ns period=11.489ns})
  Path Group:             **async_default**
  Path Type:              Removal (Min at Fast Process Corner)
  Requirement:            0.000ns  (clk_out1_clk_wiz_0 rise@0.000ns - clk_out1_clk_wiz_0_1 rise@0.000ns)
  Data Path Delay:        0.608ns  (logic 0.141ns (23.182%)  route 0.467ns (76.818%))
  Logic Levels:           0  
  Clock Path Skew:        0.344ns (DCD - SCD - CPR)
    Destination Clock Delay (DCD):    -0.172ns
    Source Clock Delay      (SCD):    -0.486ns
    Clock Pessimism Removal (CPR):    -0.030ns
  Clock Uncertainty:      0.070ns  ((TSJ^2 + DJ^2)^1/2) / 2 + PE
    Total System Jitter     (TSJ):    0.071ns
    Discrete Jitter          (DJ):    0.121ns
    Phase Error              (PE):    0.000ns
  Clock Domain Crossing:  Inter clock paths are considered valid unless explicitly excluded by timing constraints such as set_clock_groups or set_false_path.

    Location             Delay type                Incr(ns)  Path(ns)    Netlist Resource(s)
  -------------------------------------------------------------------    -------------------
                         (clock clk_out1_clk_wiz_0_1 rise edge)
                                                      0.000     0.000 r  
    R4                                                0.000     0.000 r  clk (IN)
                         net (fo=0)                   0.000     0.000    clk_gen/inst/clk_in1
    R4                   IBUF (Prop_ibuf_I_O)         0.243     0.243 r  clk_gen/inst/clkin1_ibufg/O
                         net (fo=1, routed)           0.440     0.683    clk_gen/inst/clk_in1_clk_wiz_0
    PLLE2_ADV_X1Y2       PLLE2_ADV (Prop_plle2_adv_CLKIN1_CLKOUT0)
                                                     -2.503    -1.819 r  clk_gen/inst/plle2_adv_inst/CLKOUT0
                         net (fo=1, routed)           0.546    -1.273    clk_gen/inst/clk_out1_clk_wiz_0
    BUFGCTRL_X0Y15       BUFG (Prop_bufg_I_O)         0.026    -1.247 r  clk_gen/inst/clkout1_buf_replica/O
                         net (fo=10, routed)          0.042    -1.205    clk_gen/inst/clk_out1_repN
    BUFGCTRL_X0Y0        BUFG (Prop_bufg_I_O)         0.026    -1.179 r  clk_gen/inst/clkout1_buf/O
                         net (fo=4402, routed)        0.693    -0.486    clk_cpu
    SLICE_X15Y55         FDPE                                         r  reset_sync_reg[2]_replica_10/C
  -------------------------------------------------------------------    -------------------
    SLICE_X15Y55         FDPE (Prop_fdpe_C_Q)         0.141    -0.345 f  reset_sync_reg[2]_replica_10/Q
                         net (fo=68, routed)          0.467     0.122    rv64im72f_6sp/program_counter/internal_reset_repN_10_alias
    SLICE_X10Y48         FDCE                                         f  rv64im72f_6sp/program_counter/pc_reg[53]/CLR
  -------------------------------------------------------------------    -------------------

                         (clock clk_out1_clk_wiz_0 rise edge)
                                                      0.000     0.000 r  
    R4                                                0.000     0.000 r  clk (IN)
                         net (fo=0)                   0.000     0.000    clk_gen/inst/clk_in1
    R4                   IBUF (Prop_ibuf_I_O)         0.431     0.431 r  clk_gen/inst/clkin1_ibufg/O
                         net (fo=1, routed)           0.481     0.912    clk_gen/inst/clk_in1_clk_wiz_0
    PLLE2_ADV_X1Y2       PLLE2_ADV (Prop_plle2_adv_CLKIN1_CLKOUT0)
                                                     -2.828    -1.916 r  clk_gen/inst/plle2_adv_inst/CLKOUT0
                         net (fo=1, routed)           0.595    -1.322    clk_gen/inst/clk_out1_clk_wiz_0
    BUFGCTRL_X0Y15       BUFG (Prop_bufg_I_O)         0.029    -1.293 r  clk_gen/inst/clkout1_buf_replica/O
                         net (fo=10, routed)          0.046    -1.247    clk_gen/inst/clk_out1_repN
    BUFGCTRL_X0Y0        BUFG (Prop_bufg_I_O)         0.029    -1.218 r  clk_gen/inst/clkout1_buf/O
                         net (fo=4402, routed)        1.046    -0.172    rv64im72f_6sp/program_counter/clk_out1
    SLICE_X10Y48         FDCE                                         r  rv64im72f_6sp/program_counter/pc_reg[53]/C
                         clock pessimism              0.030    -0.142    
                         clock uncertainty            0.070    -0.072    
    SLICE_X10Y48         FDCE (Remov_fdce_C_CLR)     -0.067    -0.139    rv64im72f_6sp/program_counter/pc_reg[53]
  -------------------------------------------------------------------
                         required time                          0.139    
                         arrival time                           0.122    
  -------------------------------------------------------------------
                         slack                                  0.261    





---------------------------------------------------------------------------------------------------
Path Group:  **async_default**
From Clock:  clk_out1_clk_wiz_0
  To Clock:  clk_out1_clk_wiz_0_1

Setup :            0  Failing Endpoints,  Worst Slack        5.038ns,  Total Violation        0.000ns
Hold  :            0  Failing Endpoints,  Worst Slack        0.261ns,  Total Violation        0.000ns
---------------------------------------------------------------------------------------------------


Max Delay Paths
--------------------------------------------------------------------------------------
Slack (MET) :             5.038ns  (required time - arrival time)
  Source:                 reset_sync_reg[2]_replica_3/C
                            (rising edge-triggered cell FDPE clocked by clk_out1_clk_wiz_0  {rise@0.000ns fall@5.745ns period=11.489ns})
  Destination:            rv64im72f_6sp/csr_file/mcycle_reg[5]/CLR
                            (recovery check against rising-edge clock clk_out1_clk_wiz_0_1  {rise@0.000ns fall@5.745ns period=11.489ns})
  Path Group:             **async_default**
  Path Type:              Recovery (Max at Slow Process Corner)
  Requirement:            11.489ns  (clk_out1_clk_wiz_0_1 rise@11.489ns - clk_out1_clk_wiz_0 rise@0.000ns)
  Data Path Delay:        6.030ns  (logic 0.518ns (8.590%)  route 5.512ns (91.410%))
  Logic Levels:           0  
  Clock Path Skew:        0.054ns (DCD - SCD + CPR)
    Destination Clock Delay (DCD):    -1.674ns = ( 9.815 - 11.489 ) 
    Source Clock Delay      (SCD):    -2.143ns
    Clock Pessimism Removal (CPR):    -0.415ns
  Clock Uncertainty:      0.070ns  ((TSJ^2 + DJ^2)^1/2) / 2 + PE
    Total System Jitter     (TSJ):    0.071ns
    Discrete Jitter          (DJ):    0.121ns
    Phase Error              (PE):    0.000ns
  Clock Domain Crossing:  Inter clock paths are considered valid unless explicitly excluded by timing constraints such as set_clock_groups or set_false_path.

    Location             Delay type                Incr(ns)  Path(ns)    Netlist Resource(s)
  -------------------------------------------------------------------    -------------------
                         (clock clk_out1_clk_wiz_0 rise edge)
                                                      0.000     0.000 r  
    R4                                                0.000     0.000 r  clk (IN)
                         net (fo=0)                   0.000     0.000    clk_gen/inst/clk_in1
    R4                   IBUF (Prop_ibuf_I_O)         1.475     1.475 r  clk_gen/inst/clkin1_ibufg/O
                         net (fo=1, routed)           1.253     2.728    clk_gen/inst/clk_in1_clk_wiz_0
    PLLE2_ADV_X1Y2       PLLE2_ADV (Prop_plle2_adv_CLKIN1_CLKOUT0)
                                                     -8.953    -6.225 r  clk_gen/inst/plle2_adv_inst/CLKOUT0
                         net (fo=1, routed)           1.802    -4.422    clk_gen/inst/clk_out1_clk_wiz_0
    BUFGCTRL_X0Y15       BUFG (Prop_bufg_I_O)         0.096    -4.326 r  clk_gen/inst/clkout1_buf_replica/O
                         net (fo=10, routed)          0.154    -4.172    clk_gen/inst/clk_out1_repN
    BUFGCTRL_X0Y0        BUFG (Prop_bufg_I_O)         0.096    -4.076 r  clk_gen/inst/clkout1_buf/O
                         net (fo=4402, routed)        1.933    -2.143    clk_cpu
    SLICE_X12Y69         FDPE                                         r  reset_sync_reg[2]_replica_3/C
  -------------------------------------------------------------------    -------------------
    SLICE_X12Y69         FDPE (Prop_fdpe_C_Q)         0.518    -1.625 f  reset_sync_reg[2]_replica_3/Q
                         net (fo=330, routed)         5.512     3.887    rv64im72f_6sp/csr_file/internal_reset_repN_3_alias
    SLICE_X3Y50          FDCE                                         f  rv64im72f_6sp/csr_file/mcycle_reg[5]/CLR
  -------------------------------------------------------------------    -------------------

                         (clock clk_out1_clk_wiz_0_1 rise edge)
                                                     11.489    11.489 r  
    R4                                                0.000    11.489 r  clk (IN)
                         net (fo=0)                   0.000    11.489    clk_gen/inst/clk_in1
    R4                   IBUF (Prop_ibuf_I_O)         1.405    12.894 r  clk_gen/inst/clkin1_ibufg/O
                         net (fo=1, routed)           1.181    14.075    clk_gen/inst/clk_in1_clk_wiz_0
    PLLE2_ADV_X1Y2       PLLE2_ADV (Prop_plle2_adv_CLKIN1_CLKOUT0)
                                                     -8.206     5.869 r  clk_gen/inst/plle2_adv_inst/CLKOUT0
                         net (fo=1, routed)           1.718     7.587    clk_gen/inst/clk_out1_clk_wiz_0
    BUFGCTRL_X0Y15       BUFG (Prop_bufg_I_O)         0.091     7.678 r  clk_gen/inst/clkout1_buf_replica/O
                         net (fo=10, routed)          0.147     7.825    clk_gen/inst/clk_out1_repN
    BUFGCTRL_X0Y0        BUFG (Prop_bufg_I_O)         0.091     7.916 r  clk_gen/inst/clkout1_buf/O
                         net (fo=4402, routed)        1.899     9.815    rv64im72f_6sp/csr_file/clk_out1
    SLICE_X3Y50          FDCE                                         r  rv64im72f_6sp/csr_file/mcycle_reg[5]/C
                         clock pessimism             -0.415     9.401    
                         clock uncertainty           -0.070     9.331    
    SLICE_X3Y50          FDCE (Recov_fdce_C_CLR)     -0.405     8.926    rv64im72f_6sp/csr_file/mcycle_reg[5]
  -------------------------------------------------------------------
                         required time                          8.926    
                         arrival time                          -3.887    
  -------------------------------------------------------------------
                         slack                                  5.038    





Min Delay Paths
--------------------------------------------------------------------------------------
Slack (MET) :             0.261ns  (arrival time - required time)
  Source:                 reset_sync_reg[2]_replica_10/C
                            (rising edge-triggered cell FDPE clocked by clk_out1_clk_wiz_0  {rise@0.000ns fall@5.745ns period=11.489ns})
  Destination:            rv64im72f_6sp/program_counter/pc_reg[53]/CLR
                            (removal check against rising-edge clock clk_out1_clk_wiz_0_1  {rise@0.000ns fall@5.745ns period=11.489ns})
  Path Group:             **async_default**
  Path Type:              Removal (Min at Fast Process Corner)
  Requirement:            0.000ns  (clk_out1_clk_wiz_0_1 rise@0.000ns - clk_out1_clk_wiz_0 rise@0.000ns)
  Data Path Delay:        0.608ns  (logic 0.141ns (23.182%)  route 0.467ns (76.818%))
  Logic Levels:           0  
  Clock Path Skew:        0.344ns (DCD - SCD - CPR)
    Destination Clock Delay (DCD):    -0.172ns
    Source Clock Delay      (SCD):    -0.486ns
    Clock Pessimism Removal (CPR):    -0.030ns
  Clock Uncertainty:      0.070ns  ((TSJ^2 + DJ^2)^1/2) / 2 + PE
    Total System Jitter     (TSJ):    0.071ns
    Discrete Jitter          (DJ):    0.121ns
    Phase Error              (PE):    0.000ns
  Clock Domain Crossing:  Inter clock paths are considered valid unless explicitly excluded by timing constraints such as set_clock_groups or set_false_path.

    Location             Delay type                Incr(ns)  Path(ns)    Netlist Resource(s)
  -------------------------------------------------------------------    -------------------
                         (clock clk_out1_clk_wiz_0 rise edge)
                                                      0.000     0.000 r  
    R4                                                0.000     0.000 r  clk (IN)
                         net (fo=0)                   0.000     0.000    clk_gen/inst/clk_in1
    R4                   IBUF (Prop_ibuf_I_O)         0.243     0.243 r  clk_gen/inst/clkin1_ibufg/O
                         net (fo=1, routed)           0.440     0.683    clk_gen/inst/clk_in1_clk_wiz_0
    PLLE2_ADV_X1Y2       PLLE2_ADV (Prop_plle2_adv_CLKIN1_CLKOUT0)
                                                     -2.503    -1.819 r  clk_gen/inst/plle2_adv_inst/CLKOUT0
                         net (fo=1, routed)           0.546    -1.273    clk_gen/inst/clk_out1_clk_wiz_0
    BUFGCTRL_X0Y15       BUFG (Prop_bufg_I_O)         0.026    -1.247 r  clk_gen/inst/clkout1_buf_replica/O
                         net (fo=10, routed)          0.042    -1.205    clk_gen/inst/clk_out1_repN
    BUFGCTRL_X0Y0        BUFG (Prop_bufg_I_O)         0.026    -1.179 r  clk_gen/inst/clkout1_buf/O
                         net (fo=4402, routed)        0.693    -0.486    clk_cpu
    SLICE_X15Y55         FDPE                                         r  reset_sync_reg[2]_replica_10/C
  -------------------------------------------------------------------    -------------------
    SLICE_X15Y55         FDPE (Prop_fdpe_C_Q)         0.141    -0.345 f  reset_sync_reg[2]_replica_10/Q
                         net (fo=68, routed)          0.467     0.122    rv64im72f_6sp/program_counter/internal_reset_repN_10_alias
    SLICE_X10Y48         FDCE                                         f  rv64im72f_6sp/program_counter/pc_reg[53]/CLR
  -------------------------------------------------------------------    -------------------

                         (clock clk_out1_clk_wiz_0_1 rise edge)
                                                      0.000     0.000 r  
    R4                                                0.000     0.000 r  clk (IN)
                         net (fo=0)                   0.000     0.000    clk_gen/inst/clk_in1
    R4                   IBUF (Prop_ibuf_I_O)         0.431     0.431 r  clk_gen/inst/clkin1_ibufg/O
                         net (fo=1, routed)           0.481     0.912    clk_gen/inst/clk_in1_clk_wiz_0
    PLLE2_ADV_X1Y2       PLLE2_ADV (Prop_plle2_adv_CLKIN1_CLKOUT0)
                                                     -2.828    -1.916 r  clk_gen/inst/plle2_adv_inst/CLKOUT0
                         net (fo=1, routed)           0.595    -1.322    clk_gen/inst/clk_out1_clk_wiz_0
    BUFGCTRL_X0Y15       BUFG (Prop_bufg_I_O)         0.029    -1.293 r  clk_gen/inst/clkout1_buf_replica/O
                         net (fo=10, routed)          0.046    -1.247    clk_gen/inst/clk_out1_repN
    BUFGCTRL_X0Y0        BUFG (Prop_bufg_I_O)         0.029    -1.218 r  clk_gen/inst/clkout1_buf/O
                         net (fo=4402, routed)        1.046    -0.172    rv64im72f_6sp/program_counter/clk_out1
    SLICE_X10Y48         FDCE                                         r  rv64im72f_6sp/program_counter/pc_reg[53]/C
                         clock pessimism              0.030    -0.142    
                         clock uncertainty            0.070    -0.072    
    SLICE_X10Y48         FDCE (Remov_fdce_C_CLR)     -0.067    -0.139    rv64im72f_6sp/program_counter/pc_reg[53]
  -------------------------------------------------------------------
                         required time                          0.139    
                         arrival time                           0.122    
  -------------------------------------------------------------------
                         slack                                  0.261    





---------------------------------------------------------------------------------------------------
Path Group:  **async_default**
From Clock:  clk_out1_clk_wiz_0_1
  To Clock:  clk_out1_clk_wiz_0_1

Setup :            0  Failing Endpoints,  Worst Slack        5.040ns,  Total Violation        0.000ns
Hold  :            0  Failing Endpoints,  Worst Slack        0.331ns,  Total Violation        0.000ns
---------------------------------------------------------------------------------------------------


Max Delay Paths
--------------------------------------------------------------------------------------
Slack (MET) :             5.040ns  (required time - arrival time)
  Source:                 reset_sync_reg[2]_replica_3/C
                            (rising edge-triggered cell FDPE clocked by clk_out1_clk_wiz_0_1  {rise@0.000ns fall@5.745ns period=11.489ns})
  Destination:            rv64im72f_6sp/csr_file/mcycle_reg[5]/CLR
                            (recovery check against rising-edge clock clk_out1_clk_wiz_0_1  {rise@0.000ns fall@5.745ns period=11.489ns})
  Path Group:             **async_default**
  Path Type:              Recovery (Max at Slow Process Corner)
  Requirement:            11.489ns  (clk_out1_clk_wiz_0_1 rise@11.489ns - clk_out1_clk_wiz_0_1 rise@0.000ns)
  Data Path Delay:        6.030ns  (logic 0.518ns (8.590%)  route 5.512ns (91.410%))
  Logic Levels:           0  
  Clock Path Skew:        0.054ns (DCD - SCD + CPR)
    Destination Clock Delay (DCD):    -1.674ns = ( 9.815 - 11.489 ) 
    Source Clock Delay      (SCD):    -2.143ns
    Clock Pessimism Removal (CPR):    -0.415ns
  Clock Uncertainty:      0.068ns  ((TSJ^2 + DJ^2)^1/2) / 2 + PE
    Total System Jitter     (TSJ):    0.071ns
    Discrete Jitter          (DJ):    0.117ns
    Phase Error              (PE):    0.000ns

    Location             Delay type                Incr(ns)  Path(ns)    Netlist Resource(s)
  -------------------------------------------------------------------    -------------------
                         (clock clk_out1_clk_wiz_0_1 rise edge)
                                                      0.000     0.000 r  
    R4                                                0.000     0.000 r  clk (IN)
                         net (fo=0)                   0.000     0.000    clk_gen/inst/clk_in1
    R4                   IBUF (Prop_ibuf_I_O)         1.475     1.475 r  clk_gen/inst/clkin1_ibufg/O
                         net (fo=1, routed)           1.253     2.728    clk_gen/inst/clk_in1_clk_wiz_0
    PLLE2_ADV_X1Y2       PLLE2_ADV (Prop_plle2_adv_CLKIN1_CLKOUT0)
                                                     -8.953    -6.225 r  clk_gen/inst/plle2_adv_inst/CLKOUT0
                         net (fo=1, routed)           1.802    -4.422    clk_gen/inst/clk_out1_clk_wiz_0
    BUFGCTRL_X0Y15       BUFG (Prop_bufg_I_O)         0.096    -4.326 r  clk_gen/inst/clkout1_buf_replica/O
                         net (fo=10, routed)          0.154    -4.172    clk_gen/inst/clk_out1_repN
    BUFGCTRL_X0Y0        BUFG (Prop_bufg_I_O)         0.096    -4.076 r  clk_gen/inst/clkout1_buf/O
                         net (fo=4402, routed)        1.933    -2.143    clk_cpu
    SLICE_X12Y69         FDPE                                         r  reset_sync_reg[2]_replica_3/C
  -------------------------------------------------------------------    -------------------
    SLICE_X12Y69         FDPE (Prop_fdpe_C_Q)         0.518    -1.625 f  reset_sync_reg[2]_replica_3/Q
                         net (fo=330, routed)         5.512     3.887    rv64im72f_6sp/csr_file/internal_reset_repN_3_alias
    SLICE_X3Y50          FDCE                                         f  rv64im72f_6sp/csr_file/mcycle_reg[5]/CLR
  -------------------------------------------------------------------    -------------------

                         (clock clk_out1_clk_wiz_0_1 rise edge)
                                                     11.489    11.489 r  
    R4                                                0.000    11.489 r  clk (IN)
                         net (fo=0)                   0.000    11.489    clk_gen/inst/clk_in1
    R4                   IBUF (Prop_ibuf_I_O)         1.405    12.894 r  clk_gen/inst/clkin1_ibufg/O
                         net (fo=1, routed)           1.181    14.075    clk_gen/inst/clk_in1_clk_wiz_0
    PLLE2_ADV_X1Y2       PLLE2_ADV (Prop_plle2_adv_CLKIN1_CLKOUT0)
                                                     -8.206     5.869 r  clk_gen/inst/plle2_adv_inst/CLKOUT0
                         net (fo=1, routed)           1.718     7.587    clk_gen/inst/clk_out1_clk_wiz_0
    BUFGCTRL_X0Y15       BUFG (Prop_bufg_I_O)         0.091     7.678 r  clk_gen/inst/clkout1_buf_replica/O
                         net (fo=10, routed)          0.147     7.825    clk_gen/inst/clk_out1_repN
    BUFGCTRL_X0Y0        BUFG (Prop_bufg_I_O)         0.091     7.916 r  clk_gen/inst/clkout1_buf/O
                         net (fo=4402, routed)        1.899     9.815    rv64im72f_6sp/csr_file/clk_out1
    SLICE_X3Y50          FDCE                                         r  rv64im72f_6sp/csr_file/mcycle_reg[5]/C
                         clock pessimism             -0.415     9.401    
                         clock uncertainty           -0.068     9.332    
    SLICE_X3Y50          FDCE (Recov_fdce_C_CLR)     -0.405     8.927    rv64im72f_6sp/csr_file/mcycle_reg[5]
  -------------------------------------------------------------------
                         required time                          8.927    
                         arrival time                          -3.887    
  -------------------------------------------------------------------
                         slack                                  5.040    





Min Delay Paths
--------------------------------------------------------------------------------------
Slack (MET) :             0.331ns  (arrival time - required time)
  Source:                 reset_sync_reg[2]_replica_10/C
                            (rising edge-triggered cell FDPE clocked by clk_out1_clk_wiz_0_1  {rise@0.000ns fall@5.745ns period=11.489ns})
  Destination:            rv64im72f_6sp/program_counter/pc_reg[53]/CLR
                            (removal check against rising-edge clock clk_out1_clk_wiz_0_1  {rise@0.000ns fall@5.745ns period=11.489ns})
  Path Group:             **async_default**
  Path Type:              Removal (Min at Fast Process Corner)
  Requirement:            0.000ns  (clk_out1_clk_wiz_0_1 rise@0.000ns - clk_out1_clk_wiz_0_1 rise@0.000ns)
  Data Path Delay:        0.608ns  (logic 0.141ns (23.182%)  route 0.467ns (76.818%))
  Logic Levels:           0  
  Clock Path Skew:        0.344ns (DCD - SCD - CPR)
    Destination Clock Delay (DCD):    -0.172ns
    Source Clock Delay      (SCD):    -0.486ns
    Clock Pessimism Removal (CPR):    -0.030ns

    Location             Delay type                Incr(ns)  Path(ns)    Netlist Resource(s)
  -------------------------------------------------------------------    -------------------
                         (clock clk_out1_clk_wiz_0_1 rise edge)
                                                      0.000     0.000 r  
    R4                                                0.000     0.000 r  clk (IN)
                         net (fo=0)                   0.000     0.000    clk_gen/inst/clk_in1
    R4                   IBUF (Prop_ibuf_I_O)         0.243     0.243 r  clk_gen/inst/clkin1_ibufg/O
                         net (fo=1, routed)           0.440     0.683    clk_gen/inst/clk_in1_clk_wiz_0
    PLLE2_ADV_X1Y2       PLLE2_ADV (Prop_plle2_adv_CLKIN1_CLKOUT0)
                                                     -2.503    -1.819 r  clk_gen/inst/plle2_adv_inst/CLKOUT0
                         net (fo=1, routed)           0.546    -1.273    clk_gen/inst/clk_out1_clk_wiz_0
    BUFGCTRL_X0Y15       BUFG (Prop_bufg_I_O)         0.026    -1.247 r  clk_gen/inst/clkout1_buf_replica/O
                         net (fo=10, routed)          0.042    -1.205    clk_gen/inst/clk_out1_repN
    BUFGCTRL_X0Y0        BUFG (Prop_bufg_I_O)         0.026    -1.179 r  clk_gen/inst/clkout1_buf/O
                         net (fo=4402, routed)        0.693    -0.486    clk_cpu
    SLICE_X15Y55         FDPE                                         r  reset_sync_reg[2]_replica_10/C
  -------------------------------------------------------------------    -------------------
    SLICE_X15Y55         FDPE (Prop_fdpe_C_Q)         0.141    -0.345 f  reset_sync_reg[2]_replica_10/Q
                         net (fo=68, routed)          0.467     0.122    rv64im72f_6sp/program_counter/internal_reset_repN_10_alias
    SLICE_X10Y48         FDCE                                         f  rv64im72f_6sp/program_counter/pc_reg[53]/CLR
  -------------------------------------------------------------------    -------------------

                         (clock clk_out1_clk_wiz_0_1 rise edge)
                                                      0.000     0.000 r  
    R4                                                0.000     0.000 r  clk (IN)
                         net (fo=0)                   0.000     0.000    clk_gen/inst/clk_in1
    R4                   IBUF (Prop_ibuf_I_O)         0.431     0.431 r  clk_gen/inst/clkin1_ibufg/O
                         net (fo=1, routed)           0.481     0.912    clk_gen/inst/clk_in1_clk_wiz_0
    PLLE2_ADV_X1Y2       PLLE2_ADV (Prop_plle2_adv_CLKIN1_CLKOUT0)
                                                     -2.828    -1.916 r  clk_gen/inst/plle2_adv_inst/CLKOUT0
                         net (fo=1, routed)           0.595    -1.322    clk_gen/inst/clk_out1_clk_wiz_0
    BUFGCTRL_X0Y15       BUFG (Prop_bufg_I_O)         0.029    -1.293 r  clk_gen/inst/clkout1_buf_replica/O
                         net (fo=10, routed)          0.046    -1.247    clk_gen/inst/clk_out1_repN
    BUFGCTRL_X0Y0        BUFG (Prop_bufg_I_O)         0.029    -1.218 r  clk_gen/inst/clkout1_buf/O
                         net (fo=4402, routed)        1.046    -0.172    rv64im72f_6sp/program_counter/clk_out1
    SLICE_X10Y48         FDCE                                         r  rv64im72f_6sp/program_counter/pc_reg[53]/C
                         clock pessimism              0.030    -0.142    
    SLICE_X10Y48         FDCE (Remov_fdce_C_CLR)     -0.067    -0.209    rv64im72f_6sp/program_counter/pc_reg[53]
  -------------------------------------------------------------------
                         required time                          0.209    
                         arrival time                           0.122    
  -------------------------------------------------------------------
                         slack                                  0.331    





