Copyright 1986-2022 Xilinx, Inc. All Rights Reserved. Copyright 2022-2025 Advanced Micro Devices, Inc. All Rights Reserved.
-----------------------------------------------------------------------------------------------------------------------------------------------------------------------------------------------------------------------------------------------
| Tool Version : Vivado v.2025.2 (lin64) Build 6299465 Fri Nov 14 12:34:56 MST 2025
| Date         : Sun Mar 29 22:35:35 2026
| Host         : khwl-ThinkPad-X1-Carbon-Gen-13 running 64-bit Ubuntu 24.04.4 LTS
| Command      : report_timing_summary -max_paths 10 -routable_nets -report_unconstrained -file RV64IM72F5SPSoCTOP_timing_summary_routed.rpt -pb RV64IM72F5SPSoCTOP_timing_summary_routed.pb -rpx RV64IM72F5SPSoCTOP_timing_summary_routed.rpx
| Design       : RV64IM72F5SPSoCTOP
| Device       : 7a200t-sbg484
| Speed File   : -1  PRODUCTION 1.23 2018-06-13
| Design State : Routed
-----------------------------------------------------------------------------------------------------------------------------------------------------------------------------------------------------------------------------------------------

Timing Summary Report

------------------------------------------------------------------------------------------------
| Timer Settings
| --------------
------------------------------------------------------------------------------------------------

  Enable Multi Corner Analysis               :  Yes
  Enable Pessimism Removal                   :  Yes
  Pessimism Removal Resolution               :  Nearest Common Node
  Enable Input Delay Default Clock           :  No
  Enable Preset / Clear Arcs                 :  No
  Disable Flight Delays                      :  No
  Ignore I/O Paths                           :  No
  Timing Early Launch at Borrowing Latches   :  No
  Borrow Time for Max Delay Exceptions       :  Yes
  Merge Timing Exceptions                    :  Yes
  Inter-SLR Compensation                     :  Conservative

  Corner  Analyze    Analyze    
  Name    Max Paths  Min Paths  
  ------  ---------  ---------  
  Slow    Yes        Yes        
  Fast    Yes        Yes        


------------------------------------------------------------------------------------------------
| Report Methodology
| ------------------
------------------------------------------------------------------------------------------------

Rule       Severity  Description                                 Violations  
---------  --------  ------------------------------------------  ----------  
DPIR-1     Warning   Asynchronous driver check                   623         
SYNTH-6    Warning   Timing of a RAM block might be sub-optimal  8           
SYNTH-10   Warning   Wide multiplier                             20          
TIMING-16  Warning   Large setup violation                       1           

Note: This report is based on the most recent report_methodology run and may not be up-to-date. Run report_methodology on the current design for the latest report.



check_timing report

Table of Contents
-----------------
1. checking no_clock (0)
2. checking constant_clock (0)
3. checking pulse_width_clock (0)
4. checking unconstrained_internal_endpoints (0)
5. checking no_input_delay (2)
6. checking no_output_delay (9)
7. checking multiple_clock (0)
8. checking generated_clocks (0)
9. checking loops (0)
10. checking partial_input_delay (0)
11. checking partial_output_delay (0)
12. checking latch_loops (0)

1. checking no_clock (0)
------------------------
 There are 0 register/latch pins with no clock.


2. checking constant_clock (0)
------------------------------
 There are 0 register/latch pins with constant_clock.


3. checking pulse_width_clock (0)
---------------------------------
 There are 0 register/latch pins which need pulse_width check


4. checking unconstrained_internal_endpoints (0)
------------------------------------------------
 There are 0 pins that are not constrained for maximum delay.

 There are 0 pins that are not constrained for maximum delay due to constant clock.


5. checking no_input_delay (2)
------------------------------
 There are 0 input ports with no input delay specified.

 There are 2 input ports with no input delay but user has a false path constraint. (MEDIUM)


6. checking no_output_delay (9)
-------------------------------
 There are 0 ports with no output delay specified.

 There are 9 ports with no output delay but user has a false path constraint (MEDIUM)

 There are 0 ports with no output delay but with a timing clock defined on it or propagating through it


7. checking multiple_clock (0)
------------------------------
 There are 0 register/latch pins with multiple clocks.


8. checking generated_clocks (0)
--------------------------------
 There are 0 generated clocks that are not connected to a clock source.


9. checking loops (0)
---------------------
 There are 0 combinational loops in the design.


10. checking partial_input_delay (0)
------------------------------------
 There are 0 input ports with partial input delay specified.


11. checking partial_output_delay (0)
-------------------------------------
 There are 0 ports with partial output delay specified.


12. checking latch_loops (0)
----------------------------
 There are 0 combinational latch loops in the design through latch input



------------------------------------------------------------------------------------------------
| Design Timing Summary
| ---------------------
------------------------------------------------------------------------------------------------

    WNS(ns)      TNS(ns)  TNS Failing Endpoints  TNS Total Endpoints      WHS(ns)      THS(ns)  THS Failing Endpoints  THS Total Endpoints     WPWS(ns)     TPWS(ns)  TPWS Failing Endpoints  TPWS Total Endpoints  
    -------      -------  ---------------------  -------------------      -------      -------  ---------------------  -------------------     --------     --------  ----------------------  --------------------  
     -1.521       -6.585                     45                11114        0.119        0.000                      0                11114        3.750        0.000                       0                  3407  


Timing constraints are not met.


------------------------------------------------------------------------------------------------
| Clock Summary
| -------------
------------------------------------------------------------------------------------------------

Clock        Waveform(ns)       Period(ns)      Frequency(MHz)
-----        ------------       ----------      --------------
sys_clk_pin  {0.000 5.000}      10.000          100.000         


------------------------------------------------------------------------------------------------
| Intra Clock Table
| -----------------
------------------------------------------------------------------------------------------------

Clock             WNS(ns)      TNS(ns)  TNS Failing Endpoints  TNS Total Endpoints      WHS(ns)      THS(ns)  THS Failing Endpoints  THS Total Endpoints     WPWS(ns)     TPWS(ns)  TPWS Failing Endpoints  TPWS Total Endpoints  
-----             -------      -------  ---------------------  -------------------      -------      -------  ---------------------  -------------------     --------     --------  ----------------------  --------------------  
sys_clk_pin        -1.521       -6.585                     45                 9331        0.119        0.000                      0                 9331        3.750        0.000                       0                  3407  


------------------------------------------------------------------------------------------------
| Inter Clock Table
| -----------------
------------------------------------------------------------------------------------------------

From Clock    To Clock          WNS(ns)      TNS(ns)  TNS Failing Endpoints  TNS Total Endpoints      WHS(ns)      THS(ns)  THS Failing Endpoints  THS Total Endpoints  
----------    --------          -------      -------  ---------------------  -------------------      -------      -------  ---------------------  -------------------  


------------------------------------------------------------------------------------------------
| Other Path Groups Table
| -----------------------
------------------------------------------------------------------------------------------------

Path Group         From Clock         To Clock               WNS(ns)      TNS(ns)  TNS Failing Endpoints  TNS Total Endpoints      WHS(ns)      THS(ns)  THS Failing Endpoints  THS Total Endpoints  
----------         ----------         --------               -------      -------  ---------------------  -------------------      -------      -------  ---------------------  -------------------  
**async_default**  sys_clk_pin        sys_clk_pin              3.635        0.000                      0                 1783        0.370        0.000                      0                 1783  


------------------------------------------------------------------------------------------------
| User Ignored Path Table
| -----------------------
------------------------------------------------------------------------------------------------

Path Group    From Clock    To Clock    
----------    ----------    --------    
(none)        sys_clk_pin                 
(none)                      sys_clk_pin   


------------------------------------------------------------------------------------------------
| Unconstrained Path Table
| ------------------------
------------------------------------------------------------------------------------------------

Path Group    From Clock    To Clock    
----------    ----------    --------    
(none)                      sys_clk_pin   


------------------------------------------------------------------------------------------------
| Timing Details
| --------------
------------------------------------------------------------------------------------------------


---------------------------------------------------------------------------------------------------
From Clock:  sys_clk_pin
  To Clock:  sys_clk_pin

Setup :           45  Failing Endpoints,  Worst Slack       -1.521ns,  Total Violation       -6.585ns
Hold  :            0  Failing Endpoints,  Worst Slack        0.119ns,  Total Violation        0.000ns
PW    :            0  Failing Endpoints,  Worst Slack        3.750ns,  Total Violation        0.000ns
---------------------------------------------------------------------------------------------------


Max Delay Paths
--------------------------------------------------------------------------------------
Slack (VIOLATED) :        -1.521ns  (required time - arrival time)
  Source:                 rv64im72f_6sp/id_ex_register/EX_rs2_reg[3]/C
                            (rising edge-triggered cell FDRE clocked by sys_clk_pin  {rise@0.000ns fall@5.000ns period=10.000ns})
  Destination:            rv64im72f_6sp/ex_ex2_register/EX2_alu_zero_reg/D
                            (rising edge-triggered cell FDRE clocked by sys_clk_pin  {rise@0.000ns fall@5.000ns period=10.000ns})
  Path Group:             sys_clk_pin
  Path Type:              Setup (Max at Slow Process Corner)
  Requirement:            10.000ns  (sys_clk_pin rise@10.000ns - sys_clk_pin rise@0.000ns)
  Data Path Delay:        11.472ns  (logic 2.811ns (24.504%)  route 8.661ns (75.496%))
  Logic Levels:           15  (CARRY4=4 LUT3=1 LUT4=2 LUT5=1 LUT6=7)
  Clock Path Skew:        -0.045ns (DCD - SCD + CPR)
    Destination Clock Delay (DCD):    5.467ns = ( 15.467 - 10.000 ) 
    Source Clock Delay      (SCD):    5.794ns
    Clock Pessimism Removal (CPR):    0.282ns
  Clock Uncertainty:      0.035ns  ((TSJ^2 + TIJ^2)^1/2 + DJ) / 2 + PE
    Total System Jitter     (TSJ):    0.071ns
    Total Input Jitter      (TIJ):    0.000ns
    Discrete Jitter          (DJ):    0.000ns
    Phase Error              (PE):    0.000ns

    Location             Delay type                Incr(ns)  Path(ns)    Netlist Resource(s)
  -------------------------------------------------------------------    -------------------
                         (clock sys_clk_pin rise edge)
                                                      0.000     0.000 r  
    R4                                                0.000     0.000 r  clk (IN)
                         net (fo=0)                   0.000     0.000    clk
    R4                   IBUF (Prop_ibuf_I_O)         1.475     1.475 r  clk_IBUF_inst/O
                         net (fo=1, routed)           2.114     3.589    clk_IBUF
    BUFGCTRL_X0Y0        BUFG (Prop_bufg_I_O)         0.096     3.685 r  clk_IBUF_BUFG_inst/O
                         net (fo=3410, routed)        2.109     5.794    rv64im72f_6sp/id_ex_register/clk_IBUF_BUFG
    SLICE_X41Y13         FDRE                                         r  rv64im72f_6sp/id_ex_register/EX_rs2_reg[3]/C
  -------------------------------------------------------------------    -------------------
    SLICE_X41Y13         FDRE (Prop_fdre_C_Q)         0.456     6.250 r  rv64im72f_6sp/id_ex_register/EX_rs2_reg[3]/Q
                         net (fo=5, routed)           0.777     7.027    rv64im72f_6sp/id_ex_register/EX_rs2_reg[4]_0[3]
    SLICE_X40Y9          LUT4 (Prop_lut4_I0_O)        0.124     7.151 r  rv64im72f_6sp/id_ex_register/EX2_read_data2[7]_i_6/O
                         net (fo=1, routed)           0.810     7.961    rv64im72f_6sp/ex_ex2_register/EX2_read_data2_reg[6]_0
    SLICE_X40Y10         LUT6 (Prop_lut6_I1_O)        0.124     8.085 f  rv64im72f_6sp/ex_ex2_register/EX2_read_data2[7]_i_2/O
                         net (fo=13, routed)          0.598     8.683    rv64im72f_6sp/forward_unit/EX2_alu_word_result[31]_i_18_1
    SLICE_X36Y11         LUT5 (Prop_lut5_I2_O)        0.124     8.807 r  rv64im72f_6sp/forward_unit/abs_B0_carry_i_6/O
                         net (fo=87, routed)          0.872     9.679    rv64im72f_6sp/id_ex_register/alu_forward_source_select_b[1]
    SLICE_X32Y10         LUT6 (Prop_lut6_I3_O)        0.124     9.803 r  rv64im72f_6sp/id_ex_register/EX2_alu_result[2]_i_32/O
                         net (fo=79, routed)          1.231    11.034    rv64im72f_6sp/id_ex_register/EX2_alu_result[2]_i_32_n_0
    SLICE_X30Y13         LUT4 (Prop_lut4_I3_O)        0.124    11.158 f  rv64im72f_6sp/id_ex_register/EX2_alu_result[39]_i_24/O
                         net (fo=4, routed)           1.262    12.420    rv64im72f_6sp/id_ex_register/EX2_alu_result[39]_i_24_n_0
    SLICE_X33Y25         LUT6 (Prop_lut6_I3_O)        0.124    12.544 f  rv64im72f_6sp/id_ex_register/EX2_alu_result[35]_i_15/O
                         net (fo=2, routed)           0.505    13.049    rv64im72f_6sp/id_ex_register/EX2_alu_result[35]_i_15_n_0
    SLICE_X31Y25         LUT3 (Prop_lut3_I0_O)        0.124    13.173 f  rv64im72f_6sp/id_ex_register/EX2_alu_result[35]_i_10/O
                         net (fo=2, routed)           0.995    14.168    rv64im72f_6sp/id_ex_register/EX2_alu_result[35]_i_10_n_0
    SLICE_X31Y31         LUT6 (Prop_lut6_I5_O)        0.124    14.292 f  rv64im72f_6sp/id_ex_register/EX2_alu_result[34]_i_6/O
                         net (fo=1, routed)           0.658    14.950    rv64im72f_6sp/id_ex_register/EX2_alu_result[34]_i_6_n_0
    SLICE_X33Y26         LUT6 (Prop_lut6_I0_O)        0.124    15.074 f  rv64im72f_6sp/id_ex_register/EX2_alu_result[34]_i_3/O
                         net (fo=2, routed)           0.648    15.722    rv64im72f_6sp/id_ex_register/alu/alu_dword_result[34]
    SLICE_X33Y21         LUT6 (Prop_lut6_I2_O)        0.124    15.846 r  rv64im72f_6sp/id_ex_register/EX2_alu_zero_i_157_comp/O
                         net (fo=1, routed)           0.000    15.846    rv64im72f_6sp/id_ex_register/EX2_alu_zero_i_157_n_0
    SLICE_X33Y21         CARRY4 (Prop_carry4_S[3]_CO[3])
                                                      0.401    16.247 r  rv64im72f_6sp/id_ex_register/EX2_alu_zero_reg_i_123/CO[3]
                         net (fo=1, routed)           0.000    16.247    rv64im72f_6sp/id_ex_register/EX2_alu_zero_reg_i_123_n_0
    SLICE_X33Y22         CARRY4 (Prop_carry4_CI_CO[3])
                                                      0.114    16.361 r  rv64im72f_6sp/id_ex_register/EX2_alu_zero_reg_i_91/CO[3]
                         net (fo=1, routed)           0.000    16.361    rv64im72f_6sp/id_ex_register/EX2_alu_zero_reg_i_91_n_0
    SLICE_X33Y23         CARRY4 (Prop_carry4_CI_CO[3])
                                                      0.114    16.475 r  rv64im72f_6sp/id_ex_register/EX2_alu_zero_reg_i_50/CO[3]
                         net (fo=1, routed)           0.000    16.475    rv64im72f_6sp/id_ex_register/EX2_alu_zero_reg_i_50_n_0
    SLICE_X33Y24         CARRY4 (Prop_carry4_CI_CO[1])
                                                      0.157    16.632 r  rv64im72f_6sp/id_ex_register/EX2_alu_zero_reg_i_17/CO[1]
                         net (fo=1, routed)           0.304    16.937    rv64im72f_6sp/alu/divider_word/alu/alu_dword_zero_alias
    SLICE_X31Y24         LUT6 (Prop_lut6_I5_O)        0.329    17.266 r  rv64im72f_6sp/alu/divider_word/EX2_alu_zero_i_1_comp/O
                         net (fo=1, routed)           0.000    17.266    rv64im72f_6sp/ex_ex2_register/alu_zero
    SLICE_X31Y24         FDRE                                         r  rv64im72f_6sp/ex_ex2_register/EX2_alu_zero_reg/D
  -------------------------------------------------------------------    -------------------

                         (clock sys_clk_pin rise edge)
                                                     10.000    10.000 r  
    R4                                                0.000    10.000 r  clk (IN)
                         net (fo=0)                   0.000    10.000    clk
    R4                   IBUF (Prop_ibuf_I_O)         1.405    11.405 r  clk_IBUF_inst/O
                         net (fo=1, routed)           2.004    13.409    clk_IBUF
    BUFGCTRL_X0Y0        BUFG (Prop_bufg_I_O)         0.091    13.500 r  clk_IBUF_BUFG_inst/O
                         net (fo=3410, routed)        1.968    15.467    rv64im72f_6sp/ex_ex2_register/clk_IBUF_BUFG
    SLICE_X31Y24         FDRE                                         r  rv64im72f_6sp/ex_ex2_register/EX2_alu_zero_reg/C
                         clock pessimism              0.282    15.749    
                         clock uncertainty           -0.035    15.714    
    SLICE_X31Y24         FDRE (Setup_fdre_C_D)        0.031    15.745    rv64im72f_6sp/ex_ex2_register/EX2_alu_zero_reg
  -------------------------------------------------------------------
                         required time                         15.745    
                         arrival time                         -17.266    
  -------------------------------------------------------------------
                         slack                                 -1.521    

Slack (VIOLATED) :        -0.446ns  (required time - arrival time)
  Source:                 prod_low_reg[31]_i_16/C
                            (rising edge-triggered cell FDCE clocked by sys_clk_pin  {rise@0.000ns fall@5.000ns period=10.000ns})
  Destination:            rv64im72f_6sp/alu/multiplier_dword/prod_high_reg[63]/D
                            (rising edge-triggered cell FDCE clocked by sys_clk_pin  {rise@0.000ns fall@5.000ns period=10.000ns})
  Path Group:             sys_clk_pin
  Path Type:              Setup (Max at Slow Process Corner)
  Requirement:            10.000ns  (sys_clk_pin rise@10.000ns - sys_clk_pin rise@0.000ns)
  Data Path Delay:        10.136ns  (logic 6.807ns (67.156%)  route 3.329ns (32.844%))
  Logic Levels:           35  (CARRY4=30 LUT1=1 LUT3=3 LUT4=1)
  Clock Path Skew:        -0.354ns (DCD - SCD + CPR)
    Destination Clock Delay (DCD):    5.320ns = ( 15.320 - 10.000 ) 
    Source Clock Delay      (SCD):    5.875ns
    Clock Pessimism Removal (CPR):    0.201ns
  Clock Uncertainty:      0.035ns  ((TSJ^2 + TIJ^2)^1/2 + DJ) / 2 + PE
    Total System Jitter     (TSJ):    0.071ns
    Total Input Jitter      (TIJ):    0.000ns
    Discrete Jitter          (DJ):    0.000ns
    Phase Error              (PE):    0.000ns

    Location             Delay type                Incr(ns)  Path(ns)    Netlist Resource(s)
  -------------------------------------------------------------------    -------------------
                         (clock sys_clk_pin rise edge)
                                                      0.000     0.000 r  
    R4                                                0.000     0.000 r  clk (IN)
                         net (fo=0)                   0.000     0.000    clk
    R4                   IBUF (Prop_ibuf_I_O)         1.475     1.475 r  clk_IBUF_inst/O
                         net (fo=1, routed)           2.114     3.589    clk_IBUF
    BUFGCTRL_X0Y0        BUFG (Prop_bufg_I_O)         0.096     3.685 r  clk_IBUF_BUFG_inst/O
                         net (fo=3410, routed)        2.190     5.875    clk_IBUF_BUFG
    SLICE_X6Y23          FDCE                                         r  prod_low_reg[31]_i_16/C
  -------------------------------------------------------------------    -------------------
    SLICE_X6Y23          FDCE (Prop_fdce_C_Q)         0.518     6.393 r  prod_low_reg[31]_i_16/Q
                         net (fo=93, routed)          0.918     7.311    rv64im72f_6sp/alu/multiplier_dword/prod_high_reg[3]_i_18_0
    SLICE_X6Y21          LUT3 (Prop_lut3_I0_O)        0.124     7.435 r  rv64im72f_6sp/alu/multiplier_dword/prod_low[19]_i_12/O
                         net (fo=1, routed)           0.000     7.435    rv64im72f_6sp/alu/multiplier_dword/prod_low[19]_i_12_n_0
    SLICE_X6Y21          CARRY4 (Prop_carry4_S[2]_CO[3])
                                                      0.380     7.815 r  rv64im72f_6sp/alu/multiplier_dword/prod_low_reg[19]_i_3/CO[3]
                         net (fo=1, routed)           0.000     7.815    rv64im72f_6sp/alu/multiplier_dword/prod_low_reg[19]_i_3_n_0
    SLICE_X6Y22          CARRY4 (Prop_carry4_CI_CO[3])
                                                      0.117     7.932 r  rv64im72f_6sp/alu/multiplier_dword/prod_low_reg[23]_i_3/CO[3]
                         net (fo=1, routed)           0.000     7.932    rv64im72f_6sp/alu/multiplier_dword/prod_low_reg[23]_i_3_n_0
    SLICE_X6Y23          CARRY4 (Prop_carry4_CI_CO[3])
                                                      0.117     8.049 r  rv64im72f_6sp/alu/multiplier_dword/prod_low_reg[27]_i_3/CO[3]
                         net (fo=1, routed)           0.000     8.049    rv64im72f_6sp/alu/multiplier_dword/prod_low_reg[27]_i_3_n_0
    SLICE_X6Y24          CARRY4 (Prop_carry4_CI_CO[3])
                                                      0.117     8.166 r  rv64im72f_6sp/alu/multiplier_dword/prod_low_reg[31]_i_3/CO[3]
                         net (fo=1, routed)           0.009     8.175    rv64im72f_6sp/alu/multiplier_dword/prod_low_reg[31]_i_3_n_0
    SLICE_X6Y25          CARRY4 (Prop_carry4_CI_CO[3])
                                                      0.117     8.292 r  rv64im72f_6sp/alu/multiplier_dword/prod_low_reg[39]_i_16/CO[3]
                         net (fo=1, routed)           0.000     8.292    rv64im72f_6sp/alu/multiplier_dword/prod_low_reg[39]_i_16_n_0
    SLICE_X6Y26          CARRY4 (Prop_carry4_CI_CO[3])
                                                      0.117     8.409 r  rv64im72f_6sp/alu/multiplier_dword/prod_low_reg[43]_i_16/CO[3]
                         net (fo=1, routed)           0.000     8.409    rv64im72f_6sp/alu/multiplier_dword/prod_low_reg[43]_i_16_n_0
    SLICE_X6Y27          CARRY4 (Prop_carry4_CI_CO[3])
                                                      0.117     8.526 r  rv64im72f_6sp/alu/multiplier_dword/prod_low_reg[47]_i_16/CO[3]
                         net (fo=1, routed)           0.000     8.526    rv64im72f_6sp/alu/multiplier_dword/prod_low_reg[47]_i_16_n_0
    SLICE_X6Y28          CARRY4 (Prop_carry4_CI_CO[3])
                                                      0.117     8.643 r  rv64im72f_6sp/alu/multiplier_dword/prod_low_reg[51]_i_16/CO[3]
                         net (fo=1, routed)           0.000     8.643    rv64im72f_6sp/alu/multiplier_dword/prod_low_reg[51]_i_16_n_0
    SLICE_X6Y29          CARRY4 (Prop_carry4_CI_O[0])
                                                      0.219     8.862 r  rv64im72f_6sp/alu/multiplier_dword/prod_low_reg[55]_i_18/O[0]
                         net (fo=2, routed)           0.791     9.653    rv64im72f_6sp/alu/multiplier_dword/prod_ALBL_s2_reg[48]
    SLICE_X11Y30         LUT3 (Prop_lut3_I2_O)        0.295     9.948 r  rv64im72f_6sp/alu/multiplier_dword/prod_low[51]_i_10/O
                         net (fo=2, routed)           0.566    10.514    rv64im72f_6sp/alu/multiplier_dword/prod_low[51]_i_10_n_0
    SLICE_X9Y31          LUT4 (Prop_lut4_I3_O)        0.124    10.638 r  rv64im72f_6sp/alu/multiplier_dword/prod_low[51]_i_14/O
                         net (fo=1, routed)           0.000    10.638    rv64im72f_6sp/alu/multiplier_dword/prod_low[51]_i_14_n_0
    SLICE_X9Y31          CARRY4 (Prop_carry4_S[1]_CO[3])
                                                      0.550    11.188 r  rv64im72f_6sp/alu/multiplier_dword/prod_low_reg[51]_i_3/CO[3]
                         net (fo=1, routed)           0.000    11.188    rv64im72f_6sp/alu/multiplier_dword/prod_low_reg[51]_i_3_n_0
    SLICE_X9Y32          CARRY4 (Prop_carry4_CI_CO[3])
                                                      0.114    11.302 r  rv64im72f_6sp/alu/multiplier_dword/prod_low_reg[55]_i_3/CO[3]
                         net (fo=1, routed)           0.000    11.302    rv64im72f_6sp/alu/multiplier_dword/prod_low_reg[55]_i_3_n_0
    SLICE_X9Y33          CARRY4 (Prop_carry4_CI_O[1])
                                                      0.334    11.636 f  rv64im72f_6sp/alu/multiplier_dword/prod_low_reg[59]_i_3/O[1]
                         net (fo=2, routed)           0.587    12.223    rv64im72f_6sp/alu/multiplier_dword/in[57]
    SLICE_X8Y33          LUT1 (Prop_lut1_I0_O)        0.303    12.526 r  rv64im72f_6sp/alu/multiplier_dword/prod_low[59]_i_6/O
                         net (fo=1, routed)           0.000    12.526    rv64im72f_6sp/alu/multiplier_dword/prod_low[59]_i_6_n_0
    SLICE_X8Y33          CARRY4 (Prop_carry4_S[1]_CO[3])
                                                      0.533    13.059 r  rv64im72f_6sp/alu/multiplier_dword/prod_low_reg[59]_i_2/CO[3]
                         net (fo=1, routed)           0.000    13.059    rv64im72f_6sp/alu/multiplier_dword/prod_low_reg[59]_i_2_n_0
    SLICE_X8Y34          CARRY4 (Prop_carry4_CI_CO[3])
                                                      0.117    13.176 r  rv64im72f_6sp/alu/multiplier_dword/prod_low_reg[63]_i_2/CO[3]
                         net (fo=1, routed)           0.000    13.176    rv64im72f_6sp/alu/multiplier_dword/prod_low_reg[63]_i_2_n_0
    SLICE_X8Y35          CARRY4 (Prop_carry4_CI_CO[3])
                                                      0.117    13.293 r  rv64im72f_6sp/alu/multiplier_dword/prod_high_reg[3]_i_2/CO[3]
                         net (fo=1, routed)           0.000    13.293    rv64im72f_6sp/alu/multiplier_dword/prod_high_reg[3]_i_2_n_0
    SLICE_X8Y36          CARRY4 (Prop_carry4_CI_CO[3])
                                                      0.117    13.410 r  rv64im72f_6sp/alu/multiplier_dword/prod_high_reg[7]_i_2/CO[3]
                         net (fo=1, routed)           0.000    13.410    rv64im72f_6sp/alu/multiplier_dword/prod_high_reg[7]_i_2_n_0
    SLICE_X8Y37          CARRY4 (Prop_carry4_CI_CO[3])
                                                      0.117    13.527 r  rv64im72f_6sp/alu/multiplier_dword/prod_high_reg[11]_i_2/CO[3]
                         net (fo=1, routed)           0.000    13.527    rv64im72f_6sp/alu/multiplier_dword/prod_high_reg[11]_i_2_n_0
    SLICE_X8Y38          CARRY4 (Prop_carry4_CI_CO[3])
                                                      0.117    13.644 r  rv64im72f_6sp/alu/multiplier_dword/prod_high_reg[15]_i_2/CO[3]
                         net (fo=1, routed)           0.000    13.644    rv64im72f_6sp/alu/multiplier_dword/prod_high_reg[15]_i_2_n_0
    SLICE_X8Y39          CARRY4 (Prop_carry4_CI_CO[3])
                                                      0.117    13.761 r  rv64im72f_6sp/alu/multiplier_dword/prod_high_reg[19]_i_2/CO[3]
                         net (fo=1, routed)           0.000    13.761    rv64im72f_6sp/alu/multiplier_dword/prod_high_reg[19]_i_2_n_0
    SLICE_X8Y40          CARRY4 (Prop_carry4_CI_CO[3])
                                                      0.117    13.878 r  rv64im72f_6sp/alu/multiplier_dword/prod_high_reg[23]_i_2/CO[3]
                         net (fo=1, routed)           0.000    13.878    rv64im72f_6sp/alu/multiplier_dword/prod_high_reg[23]_i_2_n_0
    SLICE_X8Y41          CARRY4 (Prop_carry4_CI_CO[3])
                                                      0.117    13.995 r  rv64im72f_6sp/alu/multiplier_dword/prod_high_reg[27]_i_2/CO[3]
                         net (fo=1, routed)           0.000    13.995    rv64im72f_6sp/alu/multiplier_dword/prod_high_reg[27]_i_2_n_0
    SLICE_X8Y42          CARRY4 (Prop_carry4_CI_CO[3])
                                                      0.117    14.112 r  rv64im72f_6sp/alu/multiplier_dword/prod_high_reg[31]_i_2/CO[3]
                         net (fo=1, routed)           0.000    14.112    rv64im72f_6sp/alu/multiplier_dword/prod_high_reg[31]_i_2_n_0
    SLICE_X8Y43          CARRY4 (Prop_carry4_CI_CO[3])
                                                      0.117    14.229 r  rv64im72f_6sp/alu/multiplier_dword/prod_high_reg[35]_i_2/CO[3]
                         net (fo=1, routed)           0.000    14.229    rv64im72f_6sp/alu/multiplier_dword/prod_high_reg[35]_i_2_n_0
    SLICE_X8Y44          CARRY4 (Prop_carry4_CI_CO[3])
                                                      0.117    14.346 r  rv64im72f_6sp/alu/multiplier_dword/prod_high_reg[39]_i_2/CO[3]
                         net (fo=1, routed)           0.000    14.346    rv64im72f_6sp/alu/multiplier_dword/prod_high_reg[39]_i_2_n_0
    SLICE_X8Y45          CARRY4 (Prop_carry4_CI_CO[3])
                                                      0.117    14.463 r  rv64im72f_6sp/alu/multiplier_dword/prod_high_reg[43]_i_2/CO[3]
                         net (fo=1, routed)           0.000    14.463    rv64im72f_6sp/alu/multiplier_dword/prod_high_reg[43]_i_2_n_0
    SLICE_X8Y46          CARRY4 (Prop_carry4_CI_CO[3])
                                                      0.117    14.580 r  rv64im72f_6sp/alu/multiplier_dword/prod_high_reg[47]_i_2/CO[3]
                         net (fo=1, routed)           0.000    14.580    rv64im72f_6sp/alu/multiplier_dword/prod_high_reg[47]_i_2_n_0
    SLICE_X8Y47          CARRY4 (Prop_carry4_CI_CO[3])
                                                      0.117    14.697 r  rv64im72f_6sp/alu/multiplier_dword/prod_high_reg[51]_i_2/CO[3]
                         net (fo=1, routed)           0.000    14.697    rv64im72f_6sp/alu/multiplier_dword/prod_high_reg[51]_i_2_n_0
    SLICE_X8Y48          CARRY4 (Prop_carry4_CI_CO[3])
                                                      0.117    14.814 r  rv64im72f_6sp/alu/multiplier_dword/prod_high_reg[55]_i_2/CO[3]
                         net (fo=1, routed)           0.000    14.814    rv64im72f_6sp/alu/multiplier_dword/prod_high_reg[55]_i_2_n_0
    SLICE_X8Y49          CARRY4 (Prop_carry4_CI_CO[3])
                                                      0.117    14.931 r  rv64im72f_6sp/alu/multiplier_dword/prod_high_reg[59]_i_2/CO[3]
                         net (fo=1, routed)           0.001    14.932    rv64im72f_6sp/alu/multiplier_dword/prod_high_reg[59]_i_2_n_0
    SLICE_X8Y50          CARRY4 (Prop_carry4_CI_O[3])
                                                      0.315    15.247 r  rv64im72f_6sp/alu/multiplier_dword/prod_high_reg[63]_i_3/O[3]
                         net (fo=1, routed)           0.457    15.704    rv64im72f_6sp/alu/multiplier_dword/prod_corrected0[127]
    SLICE_X10Y50         LUT3 (Prop_lut3_I0_O)        0.307    16.011 r  rv64im72f_6sp/alu/multiplier_dword/prod_high[63]_i_2/O
                         net (fo=1, routed)           0.000    16.011    rv64im72f_6sp/alu/multiplier_dword/prod_high[63]_i_2_n_0
    SLICE_X10Y50         FDCE                                         r  rv64im72f_6sp/alu/multiplier_dword/prod_high_reg[63]/D
  -------------------------------------------------------------------    -------------------

                         (clock sys_clk_pin rise edge)
                                                     10.000    10.000 r  
    R4                                                0.000    10.000 r  clk (IN)
                         net (fo=0)                   0.000    10.000    clk
    R4                   IBUF (Prop_ibuf_I_O)         1.405    11.405 r  clk_IBUF_inst/O
                         net (fo=1, routed)           2.004    13.409    clk_IBUF
    BUFGCTRL_X0Y0        BUFG (Prop_bufg_I_O)         0.091    13.500 r  clk_IBUF_BUFG_inst/O
                         net (fo=3410, routed)        1.820    15.320    rv64im72f_6sp/alu/multiplier_dword/clk_IBUF_BUFG
    SLICE_X10Y50         FDCE                                         r  rv64im72f_6sp/alu/multiplier_dword/prod_high_reg[63]/C
                         clock pessimism              0.201    15.521    
                         clock uncertainty           -0.035    15.486    
    SLICE_X10Y50         FDCE (Setup_fdce_C_D)        0.079    15.565    rv64im72f_6sp/alu/multiplier_dword/prod_high_reg[63]
  -------------------------------------------------------------------
                         required time                         15.565    
                         arrival time                         -16.011    
  -------------------------------------------------------------------
                         slack                                 -0.446    

Slack (VIOLATED) :        -0.357ns  (required time - arrival time)
  Source:                 prod_low_reg[31]_i_16/C
                            (rising edge-triggered cell FDCE clocked by sys_clk_pin  {rise@0.000ns fall@5.000ns period=10.000ns})
  Destination:            rv64im72f_6sp/alu/multiplier_dword/prod_high_reg[60]/D
                            (rising edge-triggered cell FDCE clocked by sys_clk_pin  {rise@0.000ns fall@5.000ns period=10.000ns})
  Path Group:             sys_clk_pin
  Path Type:              Setup (Max at Slow Process Corner)
  Requirement:            10.000ns  (sys_clk_pin rise@10.000ns - sys_clk_pin rise@0.000ns)
  Data Path Delay:        10.045ns  (logic 6.699ns (66.690%)  route 3.346ns (33.310%))
  Logic Levels:           35  (CARRY4=30 LUT1=1 LUT3=3 LUT4=1)
  Clock Path Skew:        -0.354ns (DCD - SCD + CPR)
    Destination Clock Delay (DCD):    5.320ns = ( 15.320 - 10.000 ) 
    Source Clock Delay      (SCD):    5.875ns
    Clock Pessimism Removal (CPR):    0.201ns
  Clock Uncertainty:      0.035ns  ((TSJ^2 + TIJ^2)^1/2 + DJ) / 2 + PE
    Total System Jitter     (TSJ):    0.071ns
    Total Input Jitter      (TIJ):    0.000ns
    Discrete Jitter          (DJ):    0.000ns
    Phase Error              (PE):    0.000ns

    Location             Delay type                Incr(ns)  Path(ns)    Netlist Resource(s)
  -------------------------------------------------------------------    -------------------
                         (clock sys_clk_pin rise edge)
                                                      0.000     0.000 r  
    R4                                                0.000     0.000 r  clk (IN)
                         net (fo=0)                   0.000     0.000    clk
    R4                   IBUF (Prop_ibuf_I_O)         1.475     1.475 r  clk_IBUF_inst/O
                         net (fo=1, routed)           2.114     3.589    clk_IBUF
    BUFGCTRL_X0Y0        BUFG (Prop_bufg_I_O)         0.096     3.685 r  clk_IBUF_BUFG_inst/O
                         net (fo=3410, routed)        2.190     5.875    clk_IBUF_BUFG
    SLICE_X6Y23          FDCE                                         r  prod_low_reg[31]_i_16/C
  -------------------------------------------------------------------    -------------------
    SLICE_X6Y23          FDCE (Prop_fdce_C_Q)         0.518     6.393 r  prod_low_reg[31]_i_16/Q
                         net (fo=93, routed)          0.918     7.311    rv64im72f_6sp/alu/multiplier_dword/prod_high_reg[3]_i_18_0
    SLICE_X6Y21          LUT3 (Prop_lut3_I0_O)        0.124     7.435 r  rv64im72f_6sp/alu/multiplier_dword/prod_low[19]_i_12/O
                         net (fo=1, routed)           0.000     7.435    rv64im72f_6sp/alu/multiplier_dword/prod_low[19]_i_12_n_0
    SLICE_X6Y21          CARRY4 (Prop_carry4_S[2]_CO[3])
                                                      0.380     7.815 r  rv64im72f_6sp/alu/multiplier_dword/prod_low_reg[19]_i_3/CO[3]
                         net (fo=1, routed)           0.000     7.815    rv64im72f_6sp/alu/multiplier_dword/prod_low_reg[19]_i_3_n_0
    SLICE_X6Y22          CARRY4 (Prop_carry4_CI_CO[3])
                                                      0.117     7.932 r  rv64im72f_6sp/alu/multiplier_dword/prod_low_reg[23]_i_3/CO[3]
                         net (fo=1, routed)           0.000     7.932    rv64im72f_6sp/alu/multiplier_dword/prod_low_reg[23]_i_3_n_0
    SLICE_X6Y23          CARRY4 (Prop_carry4_CI_CO[3])
                                                      0.117     8.049 r  rv64im72f_6sp/alu/multiplier_dword/prod_low_reg[27]_i_3/CO[3]
                         net (fo=1, routed)           0.000     8.049    rv64im72f_6sp/alu/multiplier_dword/prod_low_reg[27]_i_3_n_0
    SLICE_X6Y24          CARRY4 (Prop_carry4_CI_CO[3])
                                                      0.117     8.166 r  rv64im72f_6sp/alu/multiplier_dword/prod_low_reg[31]_i_3/CO[3]
                         net (fo=1, routed)           0.009     8.175    rv64im72f_6sp/alu/multiplier_dword/prod_low_reg[31]_i_3_n_0
    SLICE_X6Y25          CARRY4 (Prop_carry4_CI_CO[3])
                                                      0.117     8.292 r  rv64im72f_6sp/alu/multiplier_dword/prod_low_reg[39]_i_16/CO[3]
                         net (fo=1, routed)           0.000     8.292    rv64im72f_6sp/alu/multiplier_dword/prod_low_reg[39]_i_16_n_0
    SLICE_X6Y26          CARRY4 (Prop_carry4_CI_CO[3])
                                                      0.117     8.409 r  rv64im72f_6sp/alu/multiplier_dword/prod_low_reg[43]_i_16/CO[3]
                         net (fo=1, routed)           0.000     8.409    rv64im72f_6sp/alu/multiplier_dword/prod_low_reg[43]_i_16_n_0
    SLICE_X6Y27          CARRY4 (Prop_carry4_CI_CO[3])
                                                      0.117     8.526 r  rv64im72f_6sp/alu/multiplier_dword/prod_low_reg[47]_i_16/CO[3]
                         net (fo=1, routed)           0.000     8.526    rv64im72f_6sp/alu/multiplier_dword/prod_low_reg[47]_i_16_n_0
    SLICE_X6Y28          CARRY4 (Prop_carry4_CI_CO[3])
                                                      0.117     8.643 r  rv64im72f_6sp/alu/multiplier_dword/prod_low_reg[51]_i_16/CO[3]
                         net (fo=1, routed)           0.000     8.643    rv64im72f_6sp/alu/multiplier_dword/prod_low_reg[51]_i_16_n_0
    SLICE_X6Y29          CARRY4 (Prop_carry4_CI_O[0])
                                                      0.219     8.862 r  rv64im72f_6sp/alu/multiplier_dword/prod_low_reg[55]_i_18/O[0]
                         net (fo=2, routed)           0.791     9.653    rv64im72f_6sp/alu/multiplier_dword/prod_ALBL_s2_reg[48]
    SLICE_X11Y30         LUT3 (Prop_lut3_I2_O)        0.295     9.948 r  rv64im72f_6sp/alu/multiplier_dword/prod_low[51]_i_10/O
                         net (fo=2, routed)           0.566    10.514    rv64im72f_6sp/alu/multiplier_dword/prod_low[51]_i_10_n_0
    SLICE_X9Y31          LUT4 (Prop_lut4_I3_O)        0.124    10.638 r  rv64im72f_6sp/alu/multiplier_dword/prod_low[51]_i_14/O
                         net (fo=1, routed)           0.000    10.638    rv64im72f_6sp/alu/multiplier_dword/prod_low[51]_i_14_n_0
    SLICE_X9Y31          CARRY4 (Prop_carry4_S[1]_CO[3])
                                                      0.550    11.188 r  rv64im72f_6sp/alu/multiplier_dword/prod_low_reg[51]_i_3/CO[3]
                         net (fo=1, routed)           0.000    11.188    rv64im72f_6sp/alu/multiplier_dword/prod_low_reg[51]_i_3_n_0
    SLICE_X9Y32          CARRY4 (Prop_carry4_CI_CO[3])
                                                      0.114    11.302 r  rv64im72f_6sp/alu/multiplier_dword/prod_low_reg[55]_i_3/CO[3]
                         net (fo=1, routed)           0.000    11.302    rv64im72f_6sp/alu/multiplier_dword/prod_low_reg[55]_i_3_n_0
    SLICE_X9Y33          CARRY4 (Prop_carry4_CI_O[1])
                                                      0.334    11.636 f  rv64im72f_6sp/alu/multiplier_dword/prod_low_reg[59]_i_3/O[1]
                         net (fo=2, routed)           0.587    12.223    rv64im72f_6sp/alu/multiplier_dword/in[57]
    SLICE_X8Y33          LUT1 (Prop_lut1_I0_O)        0.303    12.526 r  rv64im72f_6sp/alu/multiplier_dword/prod_low[59]_i_6/O
                         net (fo=1, routed)           0.000    12.526    rv64im72f_6sp/alu/multiplier_dword/prod_low[59]_i_6_n_0
    SLICE_X8Y33          CARRY4 (Prop_carry4_S[1]_CO[3])
                                                      0.533    13.059 r  rv64im72f_6sp/alu/multiplier_dword/prod_low_reg[59]_i_2/CO[3]
                         net (fo=1, routed)           0.000    13.059    rv64im72f_6sp/alu/multiplier_dword/prod_low_reg[59]_i_2_n_0
    SLICE_X8Y34          CARRY4 (Prop_carry4_CI_CO[3])
                                                      0.117    13.176 r  rv64im72f_6sp/alu/multiplier_dword/prod_low_reg[63]_i_2/CO[3]
                         net (fo=1, routed)           0.000    13.176    rv64im72f_6sp/alu/multiplier_dword/prod_low_reg[63]_i_2_n_0
    SLICE_X8Y35          CARRY4 (Prop_carry4_CI_CO[3])
                                                      0.117    13.293 r  rv64im72f_6sp/alu/multiplier_dword/prod_high_reg[3]_i_2/CO[3]
                         net (fo=1, routed)           0.000    13.293    rv64im72f_6sp/alu/multiplier_dword/prod_high_reg[3]_i_2_n_0
    SLICE_X8Y36          CARRY4 (Prop_carry4_CI_CO[3])
                                                      0.117    13.410 r  rv64im72f_6sp/alu/multiplier_dword/prod_high_reg[7]_i_2/CO[3]
                         net (fo=1, routed)           0.000    13.410    rv64im72f_6sp/alu/multiplier_dword/prod_high_reg[7]_i_2_n_0
    SLICE_X8Y37          CARRY4 (Prop_carry4_CI_CO[3])
                                                      0.117    13.527 r  rv64im72f_6sp/alu/multiplier_dword/prod_high_reg[11]_i_2/CO[3]
                         net (fo=1, routed)           0.000    13.527    rv64im72f_6sp/alu/multiplier_dword/prod_high_reg[11]_i_2_n_0
    SLICE_X8Y38          CARRY4 (Prop_carry4_CI_CO[3])
                                                      0.117    13.644 r  rv64im72f_6sp/alu/multiplier_dword/prod_high_reg[15]_i_2/CO[3]
                         net (fo=1, routed)           0.000    13.644    rv64im72f_6sp/alu/multiplier_dword/prod_high_reg[15]_i_2_n_0
    SLICE_X8Y39          CARRY4 (Prop_carry4_CI_CO[3])
                                                      0.117    13.761 r  rv64im72f_6sp/alu/multiplier_dword/prod_high_reg[19]_i_2/CO[3]
                         net (fo=1, routed)           0.000    13.761    rv64im72f_6sp/alu/multiplier_dword/prod_high_reg[19]_i_2_n_0
    SLICE_X8Y40          CARRY4 (Prop_carry4_CI_CO[3])
                                                      0.117    13.878 r  rv64im72f_6sp/alu/multiplier_dword/prod_high_reg[23]_i_2/CO[3]
                         net (fo=1, routed)           0.000    13.878    rv64im72f_6sp/alu/multiplier_dword/prod_high_reg[23]_i_2_n_0
    SLICE_X8Y41          CARRY4 (Prop_carry4_CI_CO[3])
                                                      0.117    13.995 r  rv64im72f_6sp/alu/multiplier_dword/prod_high_reg[27]_i_2/CO[3]
                         net (fo=1, routed)           0.000    13.995    rv64im72f_6sp/alu/multiplier_dword/prod_high_reg[27]_i_2_n_0
    SLICE_X8Y42          CARRY4 (Prop_carry4_CI_CO[3])
                                                      0.117    14.112 r  rv64im72f_6sp/alu/multiplier_dword/prod_high_reg[31]_i_2/CO[3]
                         net (fo=1, routed)           0.000    14.112    rv64im72f_6sp/alu/multiplier_dword/prod_high_reg[31]_i_2_n_0
    SLICE_X8Y43          CARRY4 (Prop_carry4_CI_CO[3])
                                                      0.117    14.229 r  rv64im72f_6sp/alu/multiplier_dword/prod_high_reg[35]_i_2/CO[3]
                         net (fo=1, routed)           0.000    14.229    rv64im72f_6sp/alu/multiplier_dword/prod_high_reg[35]_i_2_n_0
    SLICE_X8Y44          CARRY4 (Prop_carry4_CI_CO[3])
                                                      0.117    14.346 r  rv64im72f_6sp/alu/multiplier_dword/prod_high_reg[39]_i_2/CO[3]
                         net (fo=1, routed)           0.000    14.346    rv64im72f_6sp/alu/multiplier_dword/prod_high_reg[39]_i_2_n_0
    SLICE_X8Y45          CARRY4 (Prop_carry4_CI_CO[3])
                                                      0.117    14.463 r  rv64im72f_6sp/alu/multiplier_dword/prod_high_reg[43]_i_2/CO[3]
                         net (fo=1, routed)           0.000    14.463    rv64im72f_6sp/alu/multiplier_dword/prod_high_reg[43]_i_2_n_0
    SLICE_X8Y46          CARRY4 (Prop_carry4_CI_CO[3])
                                                      0.117    14.580 r  rv64im72f_6sp/alu/multiplier_dword/prod_high_reg[47]_i_2/CO[3]
                         net (fo=1, routed)           0.000    14.580    rv64im72f_6sp/alu/multiplier_dword/prod_high_reg[47]_i_2_n_0
    SLICE_X8Y47          CARRY4 (Prop_carry4_CI_CO[3])
                                                      0.117    14.697 r  rv64im72f_6sp/alu/multiplier_dword/prod_high_reg[51]_i_2/CO[3]
                         net (fo=1, routed)           0.000    14.697    rv64im72f_6sp/alu/multiplier_dword/prod_high_reg[51]_i_2_n_0
    SLICE_X8Y48          CARRY4 (Prop_carry4_CI_CO[3])
                                                      0.117    14.814 r  rv64im72f_6sp/alu/multiplier_dword/prod_high_reg[55]_i_2/CO[3]
                         net (fo=1, routed)           0.000    14.814    rv64im72f_6sp/alu/multiplier_dword/prod_high_reg[55]_i_2_n_0
    SLICE_X8Y49          CARRY4 (Prop_carry4_CI_CO[3])
                                                      0.117    14.931 r  rv64im72f_6sp/alu/multiplier_dword/prod_high_reg[59]_i_2/CO[3]
                         net (fo=1, routed)           0.001    14.932    rv64im72f_6sp/alu/multiplier_dword/prod_high_reg[59]_i_2_n_0
    SLICE_X8Y50          CARRY4 (Prop_carry4_CI_O[0])
                                                      0.219    15.151 r  rv64im72f_6sp/alu/multiplier_dword/prod_high_reg[63]_i_3/O[0]
                         net (fo=1, routed)           0.474    15.625    rv64im72f_6sp/alu/multiplier_dword/prod_corrected0[124]
    SLICE_X10Y50         LUT3 (Prop_lut3_I0_O)        0.295    15.920 r  rv64im72f_6sp/alu/multiplier_dword/prod_high[60]_i_1/O
                         net (fo=1, routed)           0.000    15.920    rv64im72f_6sp/alu/multiplier_dword/prod_high[60]_i_1_n_0
    SLICE_X10Y50         FDCE                                         r  rv64im72f_6sp/alu/multiplier_dword/prod_high_reg[60]/D
  -------------------------------------------------------------------    -------------------

                         (clock sys_clk_pin rise edge)
                                                     10.000    10.000 r  
    R4                                                0.000    10.000 r  clk (IN)
                         net (fo=0)                   0.000    10.000    clk
    R4                   IBUF (Prop_ibuf_I_O)         1.405    11.405 r  clk_IBUF_inst/O
                         net (fo=1, routed)           2.004    13.409    clk_IBUF
    BUFGCTRL_X0Y0        BUFG (Prop_bufg_I_O)         0.091    13.500 r  clk_IBUF_BUFG_inst/O
                         net (fo=3410, routed)        1.820    15.320    rv64im72f_6sp/alu/multiplier_dword/clk_IBUF_BUFG
    SLICE_X10Y50         FDCE                                         r  rv64im72f_6sp/alu/multiplier_dword/prod_high_reg[60]/C
                         clock pessimism              0.201    15.521    
                         clock uncertainty           -0.035    15.486    
    SLICE_X10Y50         FDCE (Setup_fdce_C_D)        0.077    15.563    rv64im72f_6sp/alu/multiplier_dword/prod_high_reg[60]
  -------------------------------------------------------------------
                         required time                         15.563    
                         arrival time                         -15.920    
  -------------------------------------------------------------------
                         slack                                 -0.357    

Slack (VIOLATED) :        -0.320ns  (required time - arrival time)
  Source:                 rv64im72f_6sp/mem_wb_register/WB_rd_reg[4]/C
                            (rising edge-triggered cell FDRE clocked by sys_clk_pin  {rise@0.000ns fall@5.000ns period=10.000ns})
  Destination:            rv64im72f_6sp/alu/divider_dword/remainder_quotient_reg[63]/D
                            (rising edge-triggered cell FDCE clocked by sys_clk_pin  {rise@0.000ns fall@5.000ns period=10.000ns})
  Path Group:             sys_clk_pin
  Path Type:              Setup (Max at Slow Process Corner)
  Requirement:            10.000ns  (sys_clk_pin rise@10.000ns - sys_clk_pin rise@0.000ns)
  Data Path Delay:        10.290ns  (logic 3.778ns (36.714%)  route 6.512ns (63.286%))
  Logic Levels:           22  (CARRY4=16 LUT1=1 LUT4=1 LUT5=1 LUT6=3)
  Clock Path Skew:        -0.025ns (DCD - SCD + CPR)
    Destination Clock Delay (DCD):    5.487ns = ( 15.487 - 10.000 ) 
    Source Clock Delay      (SCD):    5.794ns
    Clock Pessimism Removal (CPR):    0.282ns
  Clock Uncertainty:      0.035ns  ((TSJ^2 + TIJ^2)^1/2 + DJ) / 2 + PE
    Total System Jitter     (TSJ):    0.071ns
    Total Input Jitter      (TIJ):    0.000ns
    Discrete Jitter          (DJ):    0.000ns
    Phase Error              (PE):    0.000ns

    Location             Delay type                Incr(ns)  Path(ns)    Netlist Resource(s)
  -------------------------------------------------------------------    -------------------
                         (clock sys_clk_pin rise edge)
                                                      0.000     0.000 r  
    R4                                                0.000     0.000 r  clk (IN)
                         net (fo=0)                   0.000     0.000    clk
    R4                   IBUF (Prop_ibuf_I_O)         1.475     1.475 r  clk_IBUF_inst/O
                         net (fo=1, routed)           2.114     3.589    clk_IBUF
    BUFGCTRL_X0Y0        BUFG (Prop_bufg_I_O)         0.096     3.685 r  clk_IBUF_BUFG_inst/O
                         net (fo=3410, routed)        2.109     5.794    rv64im72f_6sp/mem_wb_register/clk_IBUF_BUFG
    SLICE_X40Y13         FDRE                                         r  rv64im72f_6sp/mem_wb_register/WB_rd_reg[4]/C
  -------------------------------------------------------------------    -------------------
    SLICE_X40Y13         FDRE (Prop_fdre_C_Q)         0.518     6.312 r  rv64im72f_6sp/mem_wb_register/WB_rd_reg[4]/Q
                         net (fo=184, routed)         0.853     7.165    rv64im72f_6sp/mem_wb_register/WB_rd_reg[4]_0[4]
    SLICE_X40Y13         LUT6 (Prop_lut6_I1_O)        0.124     7.289 f  rv64im72f_6sp/mem_wb_register/dividend_reg[31]_i_12/O
                         net (fo=3, routed)           0.605     7.894    rv64im72f_6sp/id_ex_register/dividend_reg[31]_i_5_0
    SLICE_X41Y11         LUT4 (Prop_lut4_I1_O)        0.124     8.018 f  rv64im72f_6sp/id_ex_register/dividend_reg[31]_i_7/O
                         net (fo=2, routed)           0.482     8.500    rv64im72f_6sp/forward_unit/dividend_reg_reg[63]_1
    SLICE_X40Y10         LUT6 (Prop_lut6_I5_O)        0.124     8.624 r  rv64im72f_6sp/forward_unit/dividend_reg[31]_i_5/O
                         net (fo=70, routed)          0.997     9.622    rv64im72f_6sp/id_ex_register/alu_forward_source_select_a[0]
    SLICE_X34Y10         LUT6 (Prop_lut6_I4_O)        0.124     9.746 f  rv64im72f_6sp/id_ex_register/dividend_reg[2]_i_1/O
                         net (fo=44, routed)          3.072    12.818    rv64im72f_6sp/id_ex_register/MEM_non_load_forward_data_reg[2]
    SLICE_X14Y19         LUT1 (Prop_lut1_I0_O)        0.124    12.942 r  rv64im72f_6sp/id_ex_register/remainder_quotient[3]_i_5__0/O
                         net (fo=1, routed)           0.000    12.942    rv64im72f_6sp/id_ex_register/remainder_quotient[3]_i_5__0_n_0
    SLICE_X14Y19         CARRY4 (Prop_carry4_S[2]_CO[3])
                                                      0.380    13.322 r  rv64im72f_6sp/id_ex_register/remainder_quotient_reg[3]_i_2__0/CO[3]
                         net (fo=1, routed)           0.000    13.322    rv64im72f_6sp/id_ex_register/remainder_quotient_reg[3]_i_2__0_n_0
    SLICE_X14Y20         CARRY4 (Prop_carry4_CI_CO[3])
                                                      0.117    13.439 r  rv64im72f_6sp/id_ex_register/remainder_quotient_reg[7]_i_2__0/CO[3]
                         net (fo=1, routed)           0.000    13.439    rv64im72f_6sp/id_ex_register/remainder_quotient_reg[7]_i_2__0_n_0
    SLICE_X14Y21         CARRY4 (Prop_carry4_CI_CO[3])
                                                      0.117    13.556 r  rv64im72f_6sp/id_ex_register/remainder_quotient_reg[11]_i_2__0/CO[3]
                         net (fo=1, routed)           0.000    13.556    rv64im72f_6sp/id_ex_register/remainder_quotient_reg[11]_i_2__0_n_0
    SLICE_X14Y22         CARRY4 (Prop_carry4_CI_CO[3])
                                                      0.117    13.673 r  rv64im72f_6sp/id_ex_register/remainder_quotient_reg[15]_i_2__0/CO[3]
                         net (fo=1, routed)           0.000    13.673    rv64im72f_6sp/id_ex_register/remainder_quotient_reg[15]_i_2__0_n_0
    SLICE_X14Y23         CARRY4 (Prop_carry4_CI_CO[3])
                                                      0.117    13.790 r  rv64im72f_6sp/id_ex_register/remainder_quotient_reg[19]_i_2__0/CO[3]
                         net (fo=1, routed)           0.000    13.790    rv64im72f_6sp/id_ex_register/remainder_quotient_reg[19]_i_2__0_n_0
    SLICE_X14Y24         CARRY4 (Prop_carry4_CI_CO[3])
                                                      0.117    13.907 r  rv64im72f_6sp/id_ex_register/remainder_quotient_reg[23]_i_2__0/CO[3]
                         net (fo=1, routed)           0.009    13.916    rv64im72f_6sp/id_ex_register/remainder_quotient_reg[23]_i_2__0_n_0
    SLICE_X14Y25         CARRY4 (Prop_carry4_CI_CO[3])
                                                      0.117    14.033 r  rv64im72f_6sp/id_ex_register/remainder_quotient_reg[27]_i_2__0/CO[3]
                         net (fo=1, routed)           0.000    14.033    rv64im72f_6sp/id_ex_register/remainder_quotient_reg[27]_i_2__0_n_0
    SLICE_X14Y26         CARRY4 (Prop_carry4_CI_CO[3])
                                                      0.117    14.150 r  rv64im72f_6sp/id_ex_register/remainder_quotient_reg[31]_i_2__0/CO[3]
                         net (fo=1, routed)           0.000    14.150    rv64im72f_6sp/id_ex_register/remainder_quotient_reg[31]_i_2__0_n_0
    SLICE_X14Y27         CARRY4 (Prop_carry4_CI_CO[3])
                                                      0.117    14.267 r  rv64im72f_6sp/id_ex_register/remainder_quotient_reg[35]_i_2__0/CO[3]
                         net (fo=1, routed)           0.000    14.267    rv64im72f_6sp/id_ex_register/remainder_quotient_reg[35]_i_2__0_n_0
    SLICE_X14Y28         CARRY4 (Prop_carry4_CI_CO[3])
                                                      0.117    14.384 r  rv64im72f_6sp/id_ex_register/remainder_quotient_reg[39]_i_2__0/CO[3]
                         net (fo=1, routed)           0.000    14.384    rv64im72f_6sp/id_ex_register/remainder_quotient_reg[39]_i_2__0_n_0
    SLICE_X14Y29         CARRY4 (Prop_carry4_CI_CO[3])
                                                      0.117    14.501 r  rv64im72f_6sp/id_ex_register/remainder_quotient_reg[43]_i_2__0/CO[3]
                         net (fo=1, routed)           0.000    14.501    rv64im72f_6sp/id_ex_register/remainder_quotient_reg[43]_i_2__0_n_0
    SLICE_X14Y30         CARRY4 (Prop_carry4_CI_CO[3])
                                                      0.117    14.618 r  rv64im72f_6sp/id_ex_register/remainder_quotient_reg[47]_i_2__0/CO[3]
                         net (fo=1, routed)           0.000    14.618    rv64im72f_6sp/id_ex_register/remainder_quotient_reg[47]_i_2__0_n_0
    SLICE_X14Y31         CARRY4 (Prop_carry4_CI_CO[3])
                                                      0.117    14.735 r  rv64im72f_6sp/id_ex_register/remainder_quotient_reg[51]_i_2__0/CO[3]
                         net (fo=1, routed)           0.000    14.735    rv64im72f_6sp/id_ex_register/remainder_quotient_reg[51]_i_2__0_n_0
    SLICE_X14Y32         CARRY4 (Prop_carry4_CI_CO[3])
                                                      0.117    14.852 r  rv64im72f_6sp/id_ex_register/remainder_quotient_reg[55]_i_2__0/CO[3]
                         net (fo=1, routed)           0.000    14.852    rv64im72f_6sp/id_ex_register/remainder_quotient_reg[55]_i_2__0_n_0
    SLICE_X14Y33         CARRY4 (Prop_carry4_CI_CO[3])
                                                      0.117    14.969 r  rv64im72f_6sp/id_ex_register/remainder_quotient_reg[59]_i_2__0/CO[3]
                         net (fo=1, routed)           0.000    14.969    rv64im72f_6sp/id_ex_register/remainder_quotient_reg[59]_i_2__0_n_0
    SLICE_X14Y34         CARRY4 (Prop_carry4_CI_O[3])
                                                      0.315    15.284 r  rv64im72f_6sp/id_ex_register/remainder_quotient_reg[63]_i_2__0/O[3]
                         net (fo=1, routed)           0.493    15.777    rv64im72f_6sp/id_ex_register/alu/divider_dword/p_3_in[63]
    SLICE_X19Y34         LUT5 (Prop_lut5_I2_O)        0.307    16.084 r  rv64im72f_6sp/id_ex_register/remainder_quotient[63]_i_1/O
                         net (fo=1, routed)           0.000    16.084    rv64im72f_6sp/alu/divider_dword/remainder_quotient_reg[63]_0[63]
    SLICE_X19Y34         FDCE                                         r  rv64im72f_6sp/alu/divider_dword/remainder_quotient_reg[63]/D
  -------------------------------------------------------------------    -------------------

                         (clock sys_clk_pin rise edge)
                                                     10.000    10.000 r  
    R4                                                0.000    10.000 r  clk (IN)
                         net (fo=0)                   0.000    10.000    clk
    R4                   IBUF (Prop_ibuf_I_O)         1.405    11.405 r  clk_IBUF_inst/O
                         net (fo=1, routed)           2.004    13.409    clk_IBUF
    BUFGCTRL_X0Y0        BUFG (Prop_bufg_I_O)         0.091    13.500 r  clk_IBUF_BUFG_inst/O
                         net (fo=3410, routed)        1.988    15.487    rv64im72f_6sp/alu/divider_dword/clk_IBUF_BUFG
    SLICE_X19Y34         FDCE                                         r  rv64im72f_6sp/alu/divider_dword/remainder_quotient_reg[63]/C
                         clock pessimism              0.282    15.769    
                         clock uncertainty           -0.035    15.734    
    SLICE_X19Y34         FDCE (Setup_fdce_C_D)        0.031    15.765    rv64im72f_6sp/alu/divider_dword/remainder_quotient_reg[63]
  -------------------------------------------------------------------
                         required time                         15.765    
                         arrival time                         -16.084    
  -------------------------------------------------------------------
                         slack                                 -0.320    

Slack (VIOLATED) :        -0.306ns  (required time - arrival time)
  Source:                 prod_low_reg[31]_i_16/C
                            (rising edge-triggered cell FDCE clocked by sys_clk_pin  {rise@0.000ns fall@5.000ns period=10.000ns})
  Destination:            rv64im72f_6sp/alu/multiplier_dword/prod_high_reg[61]/D
                            (rising edge-triggered cell FDCE clocked by sys_clk_pin  {rise@0.000ns fall@5.000ns period=10.000ns})
  Path Group:             sys_clk_pin
  Path Type:              Setup (Max at Slow Process Corner)
  Requirement:            10.000ns  (sys_clk_pin rise@10.000ns - sys_clk_pin rise@0.000ns)
  Data Path Delay:        9.997ns  (logic 6.814ns (68.159%)  route 3.183ns (31.841%))
  Logic Levels:           35  (CARRY4=30 LUT1=1 LUT3=3 LUT4=1)
  Clock Path Skew:        -0.354ns (DCD - SCD + CPR)
    Destination Clock Delay (DCD):    5.320ns = ( 15.320 - 10.000 ) 
    Source Clock Delay      (SCD):    5.875ns
    Clock Pessimism Removal (CPR):    0.201ns
  Clock Uncertainty:      0.035ns  ((TSJ^2 + TIJ^2)^1/2 + DJ) / 2 + PE
    Total System Jitter     (TSJ):    0.071ns
    Total Input Jitter      (TIJ):    0.000ns
    Discrete Jitter          (DJ):    0.000ns
    Phase Error              (PE):    0.000ns

    Location             Delay type                Incr(ns)  Path(ns)    Netlist Resource(s)
  -------------------------------------------------------------------    -------------------
                         (clock sys_clk_pin rise edge)
                                                      0.000     0.000 r  
    R4                                                0.000     0.000 r  clk (IN)
                         net (fo=0)                   0.000     0.000    clk
    R4                   IBUF (Prop_ibuf_I_O)         1.475     1.475 r  clk_IBUF_inst/O
                         net (fo=1, routed)           2.114     3.589    clk_IBUF
    BUFGCTRL_X0Y0        BUFG (Prop_bufg_I_O)         0.096     3.685 r  clk_IBUF_BUFG_inst/O
                         net (fo=3410, routed)        2.190     5.875    clk_IBUF_BUFG
    SLICE_X6Y23          FDCE                                         r  prod_low_reg[31]_i_16/C
  -------------------------------------------------------------------    -------------------
    SLICE_X6Y23          FDCE (Prop_fdce_C_Q)         0.518     6.393 r  prod_low_reg[31]_i_16/Q
                         net (fo=93, routed)          0.918     7.311    rv64im72f_6sp/alu/multiplier_dword/prod_high_reg[3]_i_18_0
    SLICE_X6Y21          LUT3 (Prop_lut3_I0_O)        0.124     7.435 r  rv64im72f_6sp/alu/multiplier_dword/prod_low[19]_i_12/O
                         net (fo=1, routed)           0.000     7.435    rv64im72f_6sp/alu/multiplier_dword/prod_low[19]_i_12_n_0
    SLICE_X6Y21          CARRY4 (Prop_carry4_S[2]_CO[3])
                                                      0.380     7.815 r  rv64im72f_6sp/alu/multiplier_dword/prod_low_reg[19]_i_3/CO[3]
                         net (fo=1, routed)           0.000     7.815    rv64im72f_6sp/alu/multiplier_dword/prod_low_reg[19]_i_3_n_0
    SLICE_X6Y22          CARRY4 (Prop_carry4_CI_CO[3])
                                                      0.117     7.932 r  rv64im72f_6sp/alu/multiplier_dword/prod_low_reg[23]_i_3/CO[3]
                         net (fo=1, routed)           0.000     7.932    rv64im72f_6sp/alu/multiplier_dword/prod_low_reg[23]_i_3_n_0
    SLICE_X6Y23          CARRY4 (Prop_carry4_CI_CO[3])
                                                      0.117     8.049 r  rv64im72f_6sp/alu/multiplier_dword/prod_low_reg[27]_i_3/CO[3]
                         net (fo=1, routed)           0.000     8.049    rv64im72f_6sp/alu/multiplier_dword/prod_low_reg[27]_i_3_n_0
    SLICE_X6Y24          CARRY4 (Prop_carry4_CI_CO[3])
                                                      0.117     8.166 r  rv64im72f_6sp/alu/multiplier_dword/prod_low_reg[31]_i_3/CO[3]
                         net (fo=1, routed)           0.009     8.175    rv64im72f_6sp/alu/multiplier_dword/prod_low_reg[31]_i_3_n_0
    SLICE_X6Y25          CARRY4 (Prop_carry4_CI_CO[3])
                                                      0.117     8.292 r  rv64im72f_6sp/alu/multiplier_dword/prod_low_reg[39]_i_16/CO[3]
                         net (fo=1, routed)           0.000     8.292    rv64im72f_6sp/alu/multiplier_dword/prod_low_reg[39]_i_16_n_0
    SLICE_X6Y26          CARRY4 (Prop_carry4_CI_CO[3])
                                                      0.117     8.409 r  rv64im72f_6sp/alu/multiplier_dword/prod_low_reg[43]_i_16/CO[3]
                         net (fo=1, routed)           0.000     8.409    rv64im72f_6sp/alu/multiplier_dword/prod_low_reg[43]_i_16_n_0
    SLICE_X6Y27          CARRY4 (Prop_carry4_CI_CO[3])
                                                      0.117     8.526 r  rv64im72f_6sp/alu/multiplier_dword/prod_low_reg[47]_i_16/CO[3]
                         net (fo=1, routed)           0.000     8.526    rv64im72f_6sp/alu/multiplier_dword/prod_low_reg[47]_i_16_n_0
    SLICE_X6Y28          CARRY4 (Prop_carry4_CI_CO[3])
                                                      0.117     8.643 r  rv64im72f_6sp/alu/multiplier_dword/prod_low_reg[51]_i_16/CO[3]
                         net (fo=1, routed)           0.000     8.643    rv64im72f_6sp/alu/multiplier_dword/prod_low_reg[51]_i_16_n_0
    SLICE_X6Y29          CARRY4 (Prop_carry4_CI_O[0])
                                                      0.219     8.862 r  rv64im72f_6sp/alu/multiplier_dword/prod_low_reg[55]_i_18/O[0]
                         net (fo=2, routed)           0.791     9.653    rv64im72f_6sp/alu/multiplier_dword/prod_ALBL_s2_reg[48]
    SLICE_X11Y30         LUT3 (Prop_lut3_I2_O)        0.295     9.948 r  rv64im72f_6sp/alu/multiplier_dword/prod_low[51]_i_10/O
                         net (fo=2, routed)           0.566    10.514    rv64im72f_6sp/alu/multiplier_dword/prod_low[51]_i_10_n_0
    SLICE_X9Y31          LUT4 (Prop_lut4_I3_O)        0.124    10.638 r  rv64im72f_6sp/alu/multiplier_dword/prod_low[51]_i_14/O
                         net (fo=1, routed)           0.000    10.638    rv64im72f_6sp/alu/multiplier_dword/prod_low[51]_i_14_n_0
    SLICE_X9Y31          CARRY4 (Prop_carry4_S[1]_CO[3])
                                                      0.550    11.188 r  rv64im72f_6sp/alu/multiplier_dword/prod_low_reg[51]_i_3/CO[3]
                         net (fo=1, routed)           0.000    11.188    rv64im72f_6sp/alu/multiplier_dword/prod_low_reg[51]_i_3_n_0
    SLICE_X9Y32          CARRY4 (Prop_carry4_CI_CO[3])
                                                      0.114    11.302 r  rv64im72f_6sp/alu/multiplier_dword/prod_low_reg[55]_i_3/CO[3]
                         net (fo=1, routed)           0.000    11.302    rv64im72f_6sp/alu/multiplier_dword/prod_low_reg[55]_i_3_n_0
    SLICE_X9Y33          CARRY4 (Prop_carry4_CI_O[1])
                                                      0.334    11.636 f  rv64im72f_6sp/alu/multiplier_dword/prod_low_reg[59]_i_3/O[1]
                         net (fo=2, routed)           0.587    12.223    rv64im72f_6sp/alu/multiplier_dword/in[57]
    SLICE_X8Y33          LUT1 (Prop_lut1_I0_O)        0.303    12.526 r  rv64im72f_6sp/alu/multiplier_dword/prod_low[59]_i_6/O
                         net (fo=1, routed)           0.000    12.526    rv64im72f_6sp/alu/multiplier_dword/prod_low[59]_i_6_n_0
    SLICE_X8Y33          CARRY4 (Prop_carry4_S[1]_CO[3])
                                                      0.533    13.059 r  rv64im72f_6sp/alu/multiplier_dword/prod_low_reg[59]_i_2/CO[3]
                         net (fo=1, routed)           0.000    13.059    rv64im72f_6sp/alu/multiplier_dword/prod_low_reg[59]_i_2_n_0
    SLICE_X8Y34          CARRY4 (Prop_carry4_CI_CO[3])
                                                      0.117    13.176 r  rv64im72f_6sp/alu/multiplier_dword/prod_low_reg[63]_i_2/CO[3]
                         net (fo=1, routed)           0.000    13.176    rv64im72f_6sp/alu/multiplier_dword/prod_low_reg[63]_i_2_n_0
    SLICE_X8Y35          CARRY4 (Prop_carry4_CI_CO[3])
                                                      0.117    13.293 r  rv64im72f_6sp/alu/multiplier_dword/prod_high_reg[3]_i_2/CO[3]
                         net (fo=1, routed)           0.000    13.293    rv64im72f_6sp/alu/multiplier_dword/prod_high_reg[3]_i_2_n_0
    SLICE_X8Y36          CARRY4 (Prop_carry4_CI_CO[3])
                                                      0.117    13.410 r  rv64im72f_6sp/alu/multiplier_dword/prod_high_reg[7]_i_2/CO[3]
                         net (fo=1, routed)           0.000    13.410    rv64im72f_6sp/alu/multiplier_dword/prod_high_reg[7]_i_2_n_0
    SLICE_X8Y37          CARRY4 (Prop_carry4_CI_CO[3])
                                                      0.117    13.527 r  rv64im72f_6sp/alu/multiplier_dword/prod_high_reg[11]_i_2/CO[3]
                         net (fo=1, routed)           0.000    13.527    rv64im72f_6sp/alu/multiplier_dword/prod_high_reg[11]_i_2_n_0
    SLICE_X8Y38          CARRY4 (Prop_carry4_CI_CO[3])
                                                      0.117    13.644 r  rv64im72f_6sp/alu/multiplier_dword/prod_high_reg[15]_i_2/CO[3]
                         net (fo=1, routed)           0.000    13.644    rv64im72f_6sp/alu/multiplier_dword/prod_high_reg[15]_i_2_n_0
    SLICE_X8Y39          CARRY4 (Prop_carry4_CI_CO[3])
                                                      0.117    13.761 r  rv64im72f_6sp/alu/multiplier_dword/prod_high_reg[19]_i_2/CO[3]
                         net (fo=1, routed)           0.000    13.761    rv64im72f_6sp/alu/multiplier_dword/prod_high_reg[19]_i_2_n_0
    SLICE_X8Y40          CARRY4 (Prop_carry4_CI_CO[3])
                                                      0.117    13.878 r  rv64im72f_6sp/alu/multiplier_dword/prod_high_reg[23]_i_2/CO[3]
                         net (fo=1, routed)           0.000    13.878    rv64im72f_6sp/alu/multiplier_dword/prod_high_reg[23]_i_2_n_0
    SLICE_X8Y41          CARRY4 (Prop_carry4_CI_CO[3])
                                                      0.117    13.995 r  rv64im72f_6sp/alu/multiplier_dword/prod_high_reg[27]_i_2/CO[3]
                         net (fo=1, routed)           0.000    13.995    rv64im72f_6sp/alu/multiplier_dword/prod_high_reg[27]_i_2_n_0
    SLICE_X8Y42          CARRY4 (Prop_carry4_CI_CO[3])
                                                      0.117    14.112 r  rv64im72f_6sp/alu/multiplier_dword/prod_high_reg[31]_i_2/CO[3]
                         net (fo=1, routed)           0.000    14.112    rv64im72f_6sp/alu/multiplier_dword/prod_high_reg[31]_i_2_n_0
    SLICE_X8Y43          CARRY4 (Prop_carry4_CI_CO[3])
                                                      0.117    14.229 r  rv64im72f_6sp/alu/multiplier_dword/prod_high_reg[35]_i_2/CO[3]
                         net (fo=1, routed)           0.000    14.229    rv64im72f_6sp/alu/multiplier_dword/prod_high_reg[35]_i_2_n_0
    SLICE_X8Y44          CARRY4 (Prop_carry4_CI_CO[3])
                                                      0.117    14.346 r  rv64im72f_6sp/alu/multiplier_dword/prod_high_reg[39]_i_2/CO[3]
                         net (fo=1, routed)           0.000    14.346    rv64im72f_6sp/alu/multiplier_dword/prod_high_reg[39]_i_2_n_0
    SLICE_X8Y45          CARRY4 (Prop_carry4_CI_CO[3])
                                                      0.117    14.463 r  rv64im72f_6sp/alu/multiplier_dword/prod_high_reg[43]_i_2/CO[3]
                         net (fo=1, routed)           0.000    14.463    rv64im72f_6sp/alu/multiplier_dword/prod_high_reg[43]_i_2_n_0
    SLICE_X8Y46          CARRY4 (Prop_carry4_CI_CO[3])
                                                      0.117    14.580 r  rv64im72f_6sp/alu/multiplier_dword/prod_high_reg[47]_i_2/CO[3]
                         net (fo=1, routed)           0.000    14.580    rv64im72f_6sp/alu/multiplier_dword/prod_high_reg[47]_i_2_n_0
    SLICE_X8Y47          CARRY4 (Prop_carry4_CI_CO[3])
                                                      0.117    14.697 r  rv64im72f_6sp/alu/multiplier_dword/prod_high_reg[51]_i_2/CO[3]
                         net (fo=1, routed)           0.000    14.697    rv64im72f_6sp/alu/multiplier_dword/prod_high_reg[51]_i_2_n_0
    SLICE_X8Y48          CARRY4 (Prop_carry4_CI_CO[3])
                                                      0.117    14.814 r  rv64im72f_6sp/alu/multiplier_dword/prod_high_reg[55]_i_2/CO[3]
                         net (fo=1, routed)           0.000    14.814    rv64im72f_6sp/alu/multiplier_dword/prod_high_reg[55]_i_2_n_0
    SLICE_X8Y49          CARRY4 (Prop_carry4_CI_CO[3])
                                                      0.117    14.931 r  rv64im72f_6sp/alu/multiplier_dword/prod_high_reg[59]_i_2/CO[3]
                         net (fo=1, routed)           0.001    14.932    rv64im72f_6sp/alu/multiplier_dword/prod_high_reg[59]_i_2_n_0
    SLICE_X8Y50          CARRY4 (Prop_carry4_CI_O[1])
                                                      0.323    15.255 r  rv64im72f_6sp/alu/multiplier_dword/prod_high_reg[63]_i_3/O[1]
                         net (fo=1, routed)           0.311    15.566    rv64im72f_6sp/alu/multiplier_dword/prod_corrected0[125]
    SLICE_X10Y50         LUT3 (Prop_lut3_I0_O)        0.306    15.872 r  rv64im72f_6sp/alu/multiplier_dword/prod_high[61]_i_1/O
                         net (fo=1, routed)           0.000    15.872    rv64im72f_6sp/alu/multiplier_dword/prod_high[61]_i_1_n_0
    SLICE_X10Y50         FDCE                                         r  rv64im72f_6sp/alu/multiplier_dword/prod_high_reg[61]/D
  -------------------------------------------------------------------    -------------------

                         (clock sys_clk_pin rise edge)
                                                     10.000    10.000 r  
    R4                                                0.000    10.000 r  clk (IN)
                         net (fo=0)                   0.000    10.000    clk
    R4                   IBUF (Prop_ibuf_I_O)         1.405    11.405 r  clk_IBUF_inst/O
                         net (fo=1, routed)           2.004    13.409    clk_IBUF
    BUFGCTRL_X0Y0        BUFG (Prop_bufg_I_O)         0.091    13.500 r  clk_IBUF_BUFG_inst/O
                         net (fo=3410, routed)        1.820    15.320    rv64im72f_6sp/alu/multiplier_dword/clk_IBUF_BUFG
    SLICE_X10Y50         FDCE                                         r  rv64im72f_6sp/alu/multiplier_dword/prod_high_reg[61]/C
                         clock pessimism              0.201    15.521    
                         clock uncertainty           -0.035    15.486    
    SLICE_X10Y50         FDCE (Setup_fdce_C_D)        0.081    15.567    rv64im72f_6sp/alu/multiplier_dword/prod_high_reg[61]
  -------------------------------------------------------------------
                         required time                         15.567    
                         arrival time                         -15.872    
  -------------------------------------------------------------------
                         slack                                 -0.306    

Slack (VIOLATED) :        -0.284ns  (required time - arrival time)
  Source:                 rv64im72f_6sp/id_ex_register/EX_rs2_reg[3]/C
                            (rising edge-triggered cell FDRE clocked by sys_clk_pin  {rise@0.000ns fall@5.000ns period=10.000ns})
  Destination:            rv64im72f_6sp/ex_ex2_register/EX2_alu_result_reg[28]/D
                            (rising edge-triggered cell FDRE clocked by sys_clk_pin  {rise@0.000ns fall@5.000ns period=10.000ns})
  Path Group:             sys_clk_pin
  Path Type:              Setup (Max at Slow Process Corner)
  Requirement:            10.000ns  (sys_clk_pin rise@10.000ns - sys_clk_pin rise@0.000ns)
  Data Path Delay:        10.298ns  (logic 1.696ns (16.469%)  route 8.602ns (83.531%))
  Logic Levels:           10  (LUT3=1 LUT4=1 LUT5=3 LUT6=5)
  Clock Path Skew:        -0.027ns (DCD - SCD + CPR)
    Destination Clock Delay (DCD):    5.485ns = ( 15.485 - 10.000 ) 
    Source Clock Delay      (SCD):    5.794ns
    Clock Pessimism Removal (CPR):    0.282ns
  Clock Uncertainty:      0.035ns  ((TSJ^2 + TIJ^2)^1/2 + DJ) / 2 + PE
    Total System Jitter     (TSJ):    0.071ns
    Total Input Jitter      (TIJ):    0.000ns
    Discrete Jitter          (DJ):    0.000ns
    Phase Error              (PE):    0.000ns

    Location             Delay type                Incr(ns)  Path(ns)    Netlist Resource(s)
  -------------------------------------------------------------------    -------------------
                         (clock sys_clk_pin rise edge)
                                                      0.000     0.000 r  
    R4                                                0.000     0.000 r  clk (IN)
                         net (fo=0)                   0.000     0.000    clk
    R4                   IBUF (Prop_ibuf_I_O)         1.475     1.475 r  clk_IBUF_inst/O
                         net (fo=1, routed)           2.114     3.589    clk_IBUF
    BUFGCTRL_X0Y0        BUFG (Prop_bufg_I_O)         0.096     3.685 r  clk_IBUF_BUFG_inst/O
                         net (fo=3410, routed)        2.109     5.794    rv64im72f_6sp/id_ex_register/clk_IBUF_BUFG
    SLICE_X41Y13         FDRE                                         r  rv64im72f_6sp/id_ex_register/EX_rs2_reg[3]/C
  -------------------------------------------------------------------    -------------------
    SLICE_X41Y13         FDRE (Prop_fdre_C_Q)         0.456     6.250 r  rv64im72f_6sp/id_ex_register/EX_rs2_reg[3]/Q
                         net (fo=5, routed)           0.777     7.027    rv64im72f_6sp/id_ex_register/EX_rs2_reg[4]_0[3]
    SLICE_X40Y9          LUT4 (Prop_lut4_I0_O)        0.124     7.151 r  rv64im72f_6sp/id_ex_register/EX2_read_data2[7]_i_6/O
                         net (fo=1, routed)           0.810     7.961    rv64im72f_6sp/ex_ex2_register/EX2_read_data2_reg[6]_0
    SLICE_X40Y10         LUT6 (Prop_lut6_I1_O)        0.124     8.085 f  rv64im72f_6sp/ex_ex2_register/EX2_read_data2[7]_i_2/O
                         net (fo=13, routed)          0.598     8.683    rv64im72f_6sp/forward_unit/EX2_alu_word_result[31]_i_18_1
    SLICE_X36Y11         LUT5 (Prop_lut5_I2_O)        0.124     8.807 r  rv64im72f_6sp/forward_unit/abs_B0_carry_i_6/O
                         net (fo=87, routed)          0.847     9.654    rv64im72f_6sp/id_ex_register/alu_forward_source_select_b[1]
    SLICE_X36Y13         LUT6 (Prop_lut6_I3_O)        0.124     9.778 r  rv64im72f_6sp/id_ex_register/EX2_alu_result[61]_i_18/O
                         net (fo=72, routed)          1.455    11.233    rv64im72f_6sp/id_ex_register/EX2_alu_result[61]_i_18_n_0
    SLICE_X31Y20         LUT5 (Prop_lut5_I1_O)        0.124    11.357 r  rv64im72f_6sp/id_ex_register/EX2_alu_result[31]_i_24/O
                         net (fo=4, routed)           1.016    12.373    rv64im72f_6sp/id_ex_register/EX2_alu_result[31]_i_24_n_0
    SLICE_X29Y28         LUT6 (Prop_lut6_I5_O)        0.124    12.497 r  rv64im72f_6sp/id_ex_register/EX2_alu_result[31]_i_16/O
                         net (fo=2, routed)           0.767    13.264    rv64im72f_6sp/id_ex_register/EX2_alu_result[31]_i_16_n_0
    SLICE_X30Y30         LUT3 (Prop_lut3_I0_O)        0.124    13.388 r  rv64im72f_6sp/id_ex_register/EX2_alu_result[29]_i_15/O
                         net (fo=2, routed)           0.436    13.824    rv64im72f_6sp/id_ex_register/EX2_alu_result[29]_i_15_n_0
    SLICE_X34Y30         LUT6 (Prop_lut6_I3_O)        0.124    13.948 r  rv64im72f_6sp/id_ex_register/EX2_alu_result[28]_i_9/O
                         net (fo=1, routed)           0.964    14.913    rv64im72f_6sp/id_ex_register/EX2_alu_result[28]_i_9_n_0
    SLICE_X30Y22         LUT6 (Prop_lut6_I2_O)        0.124    15.037 r  rv64im72f_6sp/id_ex_register/EX2_alu_result[28]_i_4/O
                         net (fo=2, routed)           0.931    15.968    rv64im72f_6sp/id_ex_register/alu/alu_dword_result[28]
    SLICE_X18Y17         LUT5 (Prop_lut5_I3_O)        0.124    16.092 r  rv64im72f_6sp/id_ex_register/EX2_alu_result[28]_i_1/O
                         net (fo=1, routed)           0.000    16.092    rv64im72f_6sp/ex_ex2_register/EX2_alu_result_reg[63]_1[28]
    SLICE_X18Y17         FDRE                                         r  rv64im72f_6sp/ex_ex2_register/EX2_alu_result_reg[28]/D
  -------------------------------------------------------------------    -------------------

                         (clock sys_clk_pin rise edge)
                                                     10.000    10.000 r  
    R4                                                0.000    10.000 r  clk (IN)
                         net (fo=0)                   0.000    10.000    clk
    R4                   IBUF (Prop_ibuf_I_O)         1.405    11.405 r  clk_IBUF_inst/O
                         net (fo=1, routed)           2.004    13.409    clk_IBUF
    BUFGCTRL_X0Y0        BUFG (Prop_bufg_I_O)         0.091    13.500 r  clk_IBUF_BUFG_inst/O
                         net (fo=3410, routed)        1.986    15.485    rv64im72f_6sp/ex_ex2_register/clk_IBUF_BUFG
    SLICE_X18Y17         FDRE                                         r  rv64im72f_6sp/ex_ex2_register/EX2_alu_result_reg[28]/C
                         clock pessimism              0.282    15.767    
                         clock uncertainty           -0.035    15.732    
    SLICE_X18Y17         FDRE (Setup_fdre_C_D)        0.077    15.809    rv64im72f_6sp/ex_ex2_register/EX2_alu_result_reg[28]
  -------------------------------------------------------------------
                         required time                         15.809    
                         arrival time                         -16.092    
  -------------------------------------------------------------------
                         slack                                 -0.284    

Slack (VIOLATED) :        -0.234ns  (required time - arrival time)
  Source:                 rv64im72f_6sp/mem_wb_register/WB_rd_reg[4]/C
                            (rising edge-triggered cell FDRE clocked by sys_clk_pin  {rise@0.000ns fall@5.000ns period=10.000ns})
  Destination:            rv64im72f_6sp/alu/divider_dword/remainder_quotient_reg[61]/D
                            (rising edge-triggered cell FDCE clocked by sys_clk_pin  {rise@0.000ns fall@5.000ns period=10.000ns})
  Path Group:             sys_clk_pin
  Path Type:              Setup (Max at Slow Process Corner)
  Requirement:            10.000ns  (sys_clk_pin rise@10.000ns - sys_clk_pin rise@0.000ns)
  Data Path Delay:        10.256ns  (logic 3.785ns (36.906%)  route 6.471ns (63.094%))
  Logic Levels:           22  (CARRY4=16 LUT1=1 LUT4=1 LUT6=4)
  Clock Path Skew:        -0.024ns (DCD - SCD + CPR)
    Destination Clock Delay (DCD):    5.488ns = ( 15.488 - 10.000 ) 
    Source Clock Delay      (SCD):    5.794ns
    Clock Pessimism Removal (CPR):    0.282ns
  Clock Uncertainty:      0.035ns  ((TSJ^2 + TIJ^2)^1/2 + DJ) / 2 + PE
    Total System Jitter     (TSJ):    0.071ns
    Total Input Jitter      (TIJ):    0.000ns
    Discrete Jitter          (DJ):    0.000ns
    Phase Error              (PE):    0.000ns

    Location             Delay type                Incr(ns)  Path(ns)    Netlist Resource(s)
  -------------------------------------------------------------------    -------------------
                         (clock sys_clk_pin rise edge)
                                                      0.000     0.000 r  
    R4                                                0.000     0.000 r  clk (IN)
                         net (fo=0)                   0.000     0.000    clk
    R4                   IBUF (Prop_ibuf_I_O)         1.475     1.475 r  clk_IBUF_inst/O
                         net (fo=1, routed)           2.114     3.589    clk_IBUF
    BUFGCTRL_X0Y0        BUFG (Prop_bufg_I_O)         0.096     3.685 r  clk_IBUF_BUFG_inst/O
                         net (fo=3410, routed)        2.109     5.794    rv64im72f_6sp/mem_wb_register/clk_IBUF_BUFG
    SLICE_X40Y13         FDRE                                         r  rv64im72f_6sp/mem_wb_register/WB_rd_reg[4]/C
  -------------------------------------------------------------------    -------------------
    SLICE_X40Y13         FDRE (Prop_fdre_C_Q)         0.518     6.312 r  rv64im72f_6sp/mem_wb_register/WB_rd_reg[4]/Q
                         net (fo=184, routed)         0.853     7.165    rv64im72f_6sp/mem_wb_register/WB_rd_reg[4]_0[4]
    SLICE_X40Y13         LUT6 (Prop_lut6_I1_O)        0.124     7.289 f  rv64im72f_6sp/mem_wb_register/dividend_reg[31]_i_12/O
                         net (fo=3, routed)           0.605     7.894    rv64im72f_6sp/id_ex_register/dividend_reg[31]_i_5_0
    SLICE_X41Y11         LUT4 (Prop_lut4_I1_O)        0.124     8.018 f  rv64im72f_6sp/id_ex_register/dividend_reg[31]_i_7/O
                         net (fo=2, routed)           0.482     8.500    rv64im72f_6sp/forward_unit/dividend_reg_reg[63]_1
    SLICE_X40Y10         LUT6 (Prop_lut6_I5_O)        0.124     8.624 r  rv64im72f_6sp/forward_unit/dividend_reg[31]_i_5/O
                         net (fo=70, routed)          0.997     9.622    rv64im72f_6sp/id_ex_register/alu_forward_source_select_a[0]
    SLICE_X34Y10         LUT6 (Prop_lut6_I4_O)        0.124     9.746 f  rv64im72f_6sp/id_ex_register/dividend_reg[2]_i_1/O
                         net (fo=44, routed)          3.072    12.818    rv64im72f_6sp/id_ex_register/MEM_non_load_forward_data_reg[2]
    SLICE_X14Y19         LUT1 (Prop_lut1_I0_O)        0.124    12.942 r  rv64im72f_6sp/id_ex_register/remainder_quotient[3]_i_5__0/O
                         net (fo=1, routed)           0.000    12.942    rv64im72f_6sp/id_ex_register/remainder_quotient[3]_i_5__0_n_0
    SLICE_X14Y19         CARRY4 (Prop_carry4_S[2]_CO[3])
                                                      0.380    13.322 r  rv64im72f_6sp/id_ex_register/remainder_quotient_reg[3]_i_2__0/CO[3]
                         net (fo=1, routed)           0.000    13.322    rv64im72f_6sp/id_ex_register/remainder_quotient_reg[3]_i_2__0_n_0
    SLICE_X14Y20         CARRY4 (Prop_carry4_CI_CO[3])
                                                      0.117    13.439 r  rv64im72f_6sp/id_ex_register/remainder_quotient_reg[7]_i_2__0/CO[3]
                         net (fo=1, routed)           0.000    13.439    rv64im72f_6sp/id_ex_register/remainder_quotient_reg[7]_i_2__0_n_0
    SLICE_X14Y21         CARRY4 (Prop_carry4_CI_CO[3])
                                                      0.117    13.556 r  rv64im72f_6sp/id_ex_register/remainder_quotient_reg[11]_i_2__0/CO[3]
                         net (fo=1, routed)           0.000    13.556    rv64im72f_6sp/id_ex_register/remainder_quotient_reg[11]_i_2__0_n_0
    SLICE_X14Y22         CARRY4 (Prop_carry4_CI_CO[3])
                                                      0.117    13.673 r  rv64im72f_6sp/id_ex_register/remainder_quotient_reg[15]_i_2__0/CO[3]
                         net (fo=1, routed)           0.000    13.673    rv64im72f_6sp/id_ex_register/remainder_quotient_reg[15]_i_2__0_n_0
    SLICE_X14Y23         CARRY4 (Prop_carry4_CI_CO[3])
                                                      0.117    13.790 r  rv64im72f_6sp/id_ex_register/remainder_quotient_reg[19]_i_2__0/CO[3]
                         net (fo=1, routed)           0.000    13.790    rv64im72f_6sp/id_ex_register/remainder_quotient_reg[19]_i_2__0_n_0
    SLICE_X14Y24         CARRY4 (Prop_carry4_CI_CO[3])
                                                      0.117    13.907 r  rv64im72f_6sp/id_ex_register/remainder_quotient_reg[23]_i_2__0/CO[3]
                         net (fo=1, routed)           0.009    13.916    rv64im72f_6sp/id_ex_register/remainder_quotient_reg[23]_i_2__0_n_0
    SLICE_X14Y25         CARRY4 (Prop_carry4_CI_CO[3])
                                                      0.117    14.033 r  rv64im72f_6sp/id_ex_register/remainder_quotient_reg[27]_i_2__0/CO[3]
                         net (fo=1, routed)           0.000    14.033    rv64im72f_6sp/id_ex_register/remainder_quotient_reg[27]_i_2__0_n_0
    SLICE_X14Y26         CARRY4 (Prop_carry4_CI_CO[3])
                                                      0.117    14.150 r  rv64im72f_6sp/id_ex_register/remainder_quotient_reg[31]_i_2__0/CO[3]
                         net (fo=1, routed)           0.000    14.150    rv64im72f_6sp/id_ex_register/remainder_quotient_reg[31]_i_2__0_n_0
    SLICE_X14Y27         CARRY4 (Prop_carry4_CI_CO[3])
                                                      0.117    14.267 r  rv64im72f_6sp/id_ex_register/remainder_quotient_reg[35]_i_2__0/CO[3]
                         net (fo=1, routed)           0.000    14.267    rv64im72f_6sp/id_ex_register/remainder_quotient_reg[35]_i_2__0_n_0
    SLICE_X14Y28         CARRY4 (Prop_carry4_CI_CO[3])
                                                      0.117    14.384 r  rv64im72f_6sp/id_ex_register/remainder_quotient_reg[39]_i_2__0/CO[3]
                         net (fo=1, routed)           0.000    14.384    rv64im72f_6sp/id_ex_register/remainder_quotient_reg[39]_i_2__0_n_0
    SLICE_X14Y29         CARRY4 (Prop_carry4_CI_CO[3])
                                                      0.117    14.501 r  rv64im72f_6sp/id_ex_register/remainder_quotient_reg[43]_i_2__0/CO[3]
                         net (fo=1, routed)           0.000    14.501    rv64im72f_6sp/id_ex_register/remainder_quotient_reg[43]_i_2__0_n_0
    SLICE_X14Y30         CARRY4 (Prop_carry4_CI_CO[3])
                                                      0.117    14.618 r  rv64im72f_6sp/id_ex_register/remainder_quotient_reg[47]_i_2__0/CO[3]
                         net (fo=1, routed)           0.000    14.618    rv64im72f_6sp/id_ex_register/remainder_quotient_reg[47]_i_2__0_n_0
    SLICE_X14Y31         CARRY4 (Prop_carry4_CI_CO[3])
                                                      0.117    14.735 r  rv64im72f_6sp/id_ex_register/remainder_quotient_reg[51]_i_2__0/CO[3]
                         net (fo=1, routed)           0.000    14.735    rv64im72f_6sp/id_ex_register/remainder_quotient_reg[51]_i_2__0_n_0
    SLICE_X14Y32         CARRY4 (Prop_carry4_CI_CO[3])
                                                      0.117    14.852 r  rv64im72f_6sp/id_ex_register/remainder_quotient_reg[55]_i_2__0/CO[3]
                         net (fo=1, routed)           0.000    14.852    rv64im72f_6sp/id_ex_register/remainder_quotient_reg[55]_i_2__0_n_0
    SLICE_X14Y33         CARRY4 (Prop_carry4_CI_CO[3])
                                                      0.117    14.969 r  rv64im72f_6sp/id_ex_register/remainder_quotient_reg[59]_i_2__0/CO[3]
                         net (fo=1, routed)           0.000    14.969    rv64im72f_6sp/id_ex_register/remainder_quotient_reg[59]_i_2__0_n_0
    SLICE_X14Y34         CARRY4 (Prop_carry4_CI_O[1])
                                                      0.323    15.292 r  rv64im72f_6sp/id_ex_register/remainder_quotient_reg[63]_i_2__0/O[1]
                         net (fo=1, routed)           0.452    15.744    rv64im72f_6sp/id_ex_register/alu/divider_dword/p_3_in[61]
    SLICE_X16Y35         LUT6 (Prop_lut6_I4_O)        0.306    16.050 r  rv64im72f_6sp/id_ex_register/remainder_quotient[61]_i_1__0/O
                         net (fo=1, routed)           0.000    16.050    rv64im72f_6sp/alu/divider_dword/remainder_quotient_reg[63]_0[61]
    SLICE_X16Y35         FDCE                                         r  rv64im72f_6sp/alu/divider_dword/remainder_quotient_reg[61]/D
  -------------------------------------------------------------------    -------------------

                         (clock sys_clk_pin rise edge)
                                                     10.000    10.000 r  
    R4                                                0.000    10.000 r  clk (IN)
                         net (fo=0)                   0.000    10.000    clk
    R4                   IBUF (Prop_ibuf_I_O)         1.405    11.405 r  clk_IBUF_inst/O
                         net (fo=1, routed)           2.004    13.409    clk_IBUF
    BUFGCTRL_X0Y0        BUFG (Prop_bufg_I_O)         0.091    13.500 r  clk_IBUF_BUFG_inst/O
                         net (fo=3410, routed)        1.989    15.488    rv64im72f_6sp/alu/divider_dword/clk_IBUF_BUFG
    SLICE_X16Y35         FDCE                                         r  rv64im72f_6sp/alu/divider_dword/remainder_quotient_reg[61]/C
                         clock pessimism              0.282    15.770    
                         clock uncertainty           -0.035    15.735    
    SLICE_X16Y35         FDCE (Setup_fdce_C_D)        0.081    15.816    rv64im72f_6sp/alu/divider_dword/remainder_quotient_reg[61]
  -------------------------------------------------------------------
                         required time                         15.816    
                         arrival time                         -16.050    
  -------------------------------------------------------------------
                         slack                                 -0.234    

Slack (VIOLATED) :        -0.221ns  (required time - arrival time)
  Source:                 prod_low_reg[31]_i_16/C
                            (rising edge-triggered cell FDCE clocked by sys_clk_pin  {rise@0.000ns fall@5.000ns period=10.000ns})
  Destination:            rv64im72f_6sp/alu/multiplier_dword/prod_high_reg[62]/D
                            (rising edge-triggered cell FDCE clocked by sys_clk_pin  {rise@0.000ns fall@5.000ns period=10.000ns})
  Path Group:             sys_clk_pin
  Path Type:              Setup (Max at Slow Process Corner)
  Requirement:            10.000ns  (sys_clk_pin rise@10.000ns - sys_clk_pin rise@0.000ns)
  Data Path Delay:        9.911ns  (logic 6.725ns (67.857%)  route 3.186ns (32.143%))
  Logic Levels:           35  (CARRY4=30 LUT1=1 LUT3=3 LUT4=1)
  Clock Path Skew:        -0.354ns (DCD - SCD + CPR)
    Destination Clock Delay (DCD):    5.320ns = ( 15.320 - 10.000 ) 
    Source Clock Delay      (SCD):    5.875ns
    Clock Pessimism Removal (CPR):    0.201ns
  Clock Uncertainty:      0.035ns  ((TSJ^2 + TIJ^2)^1/2 + DJ) / 2 + PE
    Total System Jitter     (TSJ):    0.071ns
    Total Input Jitter      (TIJ):    0.000ns
    Discrete Jitter          (DJ):    0.000ns
    Phase Error              (PE):    0.000ns

    Location             Delay type                Incr(ns)  Path(ns)    Netlist Resource(s)
  -------------------------------------------------------------------    -------------------
                         (clock sys_clk_pin rise edge)
                                                      0.000     0.000 r  
    R4                                                0.000     0.000 r  clk (IN)
                         net (fo=0)                   0.000     0.000    clk
    R4                   IBUF (Prop_ibuf_I_O)         1.475     1.475 r  clk_IBUF_inst/O
                         net (fo=1, routed)           2.114     3.589    clk_IBUF
    BUFGCTRL_X0Y0        BUFG (Prop_bufg_I_O)         0.096     3.685 r  clk_IBUF_BUFG_inst/O
                         net (fo=3410, routed)        2.190     5.875    clk_IBUF_BUFG
    SLICE_X6Y23          FDCE                                         r  prod_low_reg[31]_i_16/C
  -------------------------------------------------------------------    -------------------
    SLICE_X6Y23          FDCE (Prop_fdce_C_Q)         0.518     6.393 r  prod_low_reg[31]_i_16/Q
                         net (fo=93, routed)          0.918     7.311    rv64im72f_6sp/alu/multiplier_dword/prod_high_reg[3]_i_18_0
    SLICE_X6Y21          LUT3 (Prop_lut3_I0_O)        0.124     7.435 r  rv64im72f_6sp/alu/multiplier_dword/prod_low[19]_i_12/O
                         net (fo=1, routed)           0.000     7.435    rv64im72f_6sp/alu/multiplier_dword/prod_low[19]_i_12_n_0
    SLICE_X6Y21          CARRY4 (Prop_carry4_S[2]_CO[3])
                                                      0.380     7.815 r  rv64im72f_6sp/alu/multiplier_dword/prod_low_reg[19]_i_3/CO[3]
                         net (fo=1, routed)           0.000     7.815    rv64im72f_6sp/alu/multiplier_dword/prod_low_reg[19]_i_3_n_0
    SLICE_X6Y22          CARRY4 (Prop_carry4_CI_CO[3])
                                                      0.117     7.932 r  rv64im72f_6sp/alu/multiplier_dword/prod_low_reg[23]_i_3/CO[3]
                         net (fo=1, routed)           0.000     7.932    rv64im72f_6sp/alu/multiplier_dword/prod_low_reg[23]_i_3_n_0
    SLICE_X6Y23          CARRY4 (Prop_carry4_CI_CO[3])
                                                      0.117     8.049 r  rv64im72f_6sp/alu/multiplier_dword/prod_low_reg[27]_i_3/CO[3]
                         net (fo=1, routed)           0.000     8.049    rv64im72f_6sp/alu/multiplier_dword/prod_low_reg[27]_i_3_n_0
    SLICE_X6Y24          CARRY4 (Prop_carry4_CI_CO[3])
                                                      0.117     8.166 r  rv64im72f_6sp/alu/multiplier_dword/prod_low_reg[31]_i_3/CO[3]
                         net (fo=1, routed)           0.009     8.175    rv64im72f_6sp/alu/multiplier_dword/prod_low_reg[31]_i_3_n_0
    SLICE_X6Y25          CARRY4 (Prop_carry4_CI_CO[3])
                                                      0.117     8.292 r  rv64im72f_6sp/alu/multiplier_dword/prod_low_reg[39]_i_16/CO[3]
                         net (fo=1, routed)           0.000     8.292    rv64im72f_6sp/alu/multiplier_dword/prod_low_reg[39]_i_16_n_0
    SLICE_X6Y26          CARRY4 (Prop_carry4_CI_CO[3])
                                                      0.117     8.409 r  rv64im72f_6sp/alu/multiplier_dword/prod_low_reg[43]_i_16/CO[3]
                         net (fo=1, routed)           0.000     8.409    rv64im72f_6sp/alu/multiplier_dword/prod_low_reg[43]_i_16_n_0
    SLICE_X6Y27          CARRY4 (Prop_carry4_CI_CO[3])
                                                      0.117     8.526 r  rv64im72f_6sp/alu/multiplier_dword/prod_low_reg[47]_i_16/CO[3]
                         net (fo=1, routed)           0.000     8.526    rv64im72f_6sp/alu/multiplier_dword/prod_low_reg[47]_i_16_n_0
    SLICE_X6Y28          CARRY4 (Prop_carry4_CI_CO[3])
                                                      0.117     8.643 r  rv64im72f_6sp/alu/multiplier_dword/prod_low_reg[51]_i_16/CO[3]
                         net (fo=1, routed)           0.000     8.643    rv64im72f_6sp/alu/multiplier_dword/prod_low_reg[51]_i_16_n_0
    SLICE_X6Y29          CARRY4 (Prop_carry4_CI_O[0])
                                                      0.219     8.862 r  rv64im72f_6sp/alu/multiplier_dword/prod_low_reg[55]_i_18/O[0]
                         net (fo=2, routed)           0.791     9.653    rv64im72f_6sp/alu/multiplier_dword/prod_ALBL_s2_reg[48]
    SLICE_X11Y30         LUT3 (Prop_lut3_I2_O)        0.295     9.948 r  rv64im72f_6sp/alu/multiplier_dword/prod_low[51]_i_10/O
                         net (fo=2, routed)           0.566    10.514    rv64im72f_6sp/alu/multiplier_dword/prod_low[51]_i_10_n_0
    SLICE_X9Y31          LUT4 (Prop_lut4_I3_O)        0.124    10.638 r  rv64im72f_6sp/alu/multiplier_dword/prod_low[51]_i_14/O
                         net (fo=1, routed)           0.000    10.638    rv64im72f_6sp/alu/multiplier_dword/prod_low[51]_i_14_n_0
    SLICE_X9Y31          CARRY4 (Prop_carry4_S[1]_CO[3])
                                                      0.550    11.188 r  rv64im72f_6sp/alu/multiplier_dword/prod_low_reg[51]_i_3/CO[3]
                         net (fo=1, routed)           0.000    11.188    rv64im72f_6sp/alu/multiplier_dword/prod_low_reg[51]_i_3_n_0
    SLICE_X9Y32          CARRY4 (Prop_carry4_CI_CO[3])
                                                      0.114    11.302 r  rv64im72f_6sp/alu/multiplier_dword/prod_low_reg[55]_i_3/CO[3]
                         net (fo=1, routed)           0.000    11.302    rv64im72f_6sp/alu/multiplier_dword/prod_low_reg[55]_i_3_n_0
    SLICE_X9Y33          CARRY4 (Prop_carry4_CI_O[1])
                                                      0.334    11.636 f  rv64im72f_6sp/alu/multiplier_dword/prod_low_reg[59]_i_3/O[1]
                         net (fo=2, routed)           0.587    12.223    rv64im72f_6sp/alu/multiplier_dword/in[57]
    SLICE_X8Y33          LUT1 (Prop_lut1_I0_O)        0.303    12.526 r  rv64im72f_6sp/alu/multiplier_dword/prod_low[59]_i_6/O
                         net (fo=1, routed)           0.000    12.526    rv64im72f_6sp/alu/multiplier_dword/prod_low[59]_i_6_n_0
    SLICE_X8Y33          CARRY4 (Prop_carry4_S[1]_CO[3])
                                                      0.533    13.059 r  rv64im72f_6sp/alu/multiplier_dword/prod_low_reg[59]_i_2/CO[3]
                         net (fo=1, routed)           0.000    13.059    rv64im72f_6sp/alu/multiplier_dword/prod_low_reg[59]_i_2_n_0
    SLICE_X8Y34          CARRY4 (Prop_carry4_CI_CO[3])
                                                      0.117    13.176 r  rv64im72f_6sp/alu/multiplier_dword/prod_low_reg[63]_i_2/CO[3]
                         net (fo=1, routed)           0.000    13.176    rv64im72f_6sp/alu/multiplier_dword/prod_low_reg[63]_i_2_n_0
    SLICE_X8Y35          CARRY4 (Prop_carry4_CI_CO[3])
                                                      0.117    13.293 r  rv64im72f_6sp/alu/multiplier_dword/prod_high_reg[3]_i_2/CO[3]
                         net (fo=1, routed)           0.000    13.293    rv64im72f_6sp/alu/multiplier_dword/prod_high_reg[3]_i_2_n_0
    SLICE_X8Y36          CARRY4 (Prop_carry4_CI_CO[3])
                                                      0.117    13.410 r  rv64im72f_6sp/alu/multiplier_dword/prod_high_reg[7]_i_2/CO[3]
                         net (fo=1, routed)           0.000    13.410    rv64im72f_6sp/alu/multiplier_dword/prod_high_reg[7]_i_2_n_0
    SLICE_X8Y37          CARRY4 (Prop_carry4_CI_CO[3])
                                                      0.117    13.527 r  rv64im72f_6sp/alu/multiplier_dword/prod_high_reg[11]_i_2/CO[3]
                         net (fo=1, routed)           0.000    13.527    rv64im72f_6sp/alu/multiplier_dword/prod_high_reg[11]_i_2_n_0
    SLICE_X8Y38          CARRY4 (Prop_carry4_CI_CO[3])
                                                      0.117    13.644 r  rv64im72f_6sp/alu/multiplier_dword/prod_high_reg[15]_i_2/CO[3]
                         net (fo=1, routed)           0.000    13.644    rv64im72f_6sp/alu/multiplier_dword/prod_high_reg[15]_i_2_n_0
    SLICE_X8Y39          CARRY4 (Prop_carry4_CI_CO[3])
                                                      0.117    13.761 r  rv64im72f_6sp/alu/multiplier_dword/prod_high_reg[19]_i_2/CO[3]
                         net (fo=1, routed)           0.000    13.761    rv64im72f_6sp/alu/multiplier_dword/prod_high_reg[19]_i_2_n_0
    SLICE_X8Y40          CARRY4 (Prop_carry4_CI_CO[3])
                                                      0.117    13.878 r  rv64im72f_6sp/alu/multiplier_dword/prod_high_reg[23]_i_2/CO[3]
                         net (fo=1, routed)           0.000    13.878    rv64im72f_6sp/alu/multiplier_dword/prod_high_reg[23]_i_2_n_0
    SLICE_X8Y41          CARRY4 (Prop_carry4_CI_CO[3])
                                                      0.117    13.995 r  rv64im72f_6sp/alu/multiplier_dword/prod_high_reg[27]_i_2/CO[3]
                         net (fo=1, routed)           0.000    13.995    rv64im72f_6sp/alu/multiplier_dword/prod_high_reg[27]_i_2_n_0
    SLICE_X8Y42          CARRY4 (Prop_carry4_CI_CO[3])
                                                      0.117    14.112 r  rv64im72f_6sp/alu/multiplier_dword/prod_high_reg[31]_i_2/CO[3]
                         net (fo=1, routed)           0.000    14.112    rv64im72f_6sp/alu/multiplier_dword/prod_high_reg[31]_i_2_n_0
    SLICE_X8Y43          CARRY4 (Prop_carry4_CI_CO[3])
                                                      0.117    14.229 r  rv64im72f_6sp/alu/multiplier_dword/prod_high_reg[35]_i_2/CO[3]
                         net (fo=1, routed)           0.000    14.229    rv64im72f_6sp/alu/multiplier_dword/prod_high_reg[35]_i_2_n_0
    SLICE_X8Y44          CARRY4 (Prop_carry4_CI_CO[3])
                                                      0.117    14.346 r  rv64im72f_6sp/alu/multiplier_dword/prod_high_reg[39]_i_2/CO[3]
                         net (fo=1, routed)           0.000    14.346    rv64im72f_6sp/alu/multiplier_dword/prod_high_reg[39]_i_2_n_0
    SLICE_X8Y45          CARRY4 (Prop_carry4_CI_CO[3])
                                                      0.117    14.463 r  rv64im72f_6sp/alu/multiplier_dword/prod_high_reg[43]_i_2/CO[3]
                         net (fo=1, routed)           0.000    14.463    rv64im72f_6sp/alu/multiplier_dword/prod_high_reg[43]_i_2_n_0
    SLICE_X8Y46          CARRY4 (Prop_carry4_CI_CO[3])
                                                      0.117    14.580 r  rv64im72f_6sp/alu/multiplier_dword/prod_high_reg[47]_i_2/CO[3]
                         net (fo=1, routed)           0.000    14.580    rv64im72f_6sp/alu/multiplier_dword/prod_high_reg[47]_i_2_n_0
    SLICE_X8Y47          CARRY4 (Prop_carry4_CI_CO[3])
                                                      0.117    14.697 r  rv64im72f_6sp/alu/multiplier_dword/prod_high_reg[51]_i_2/CO[3]
                         net (fo=1, routed)           0.000    14.697    rv64im72f_6sp/alu/multiplier_dword/prod_high_reg[51]_i_2_n_0
    SLICE_X8Y48          CARRY4 (Prop_carry4_CI_CO[3])
                                                      0.117    14.814 r  rv64im72f_6sp/alu/multiplier_dword/prod_high_reg[55]_i_2/CO[3]
                         net (fo=1, routed)           0.000    14.814    rv64im72f_6sp/alu/multiplier_dword/prod_high_reg[55]_i_2_n_0
    SLICE_X8Y49          CARRY4 (Prop_carry4_CI_CO[3])
                                                      0.117    14.931 r  rv64im72f_6sp/alu/multiplier_dword/prod_high_reg[59]_i_2/CO[3]
                         net (fo=1, routed)           0.001    14.932    rv64im72f_6sp/alu/multiplier_dword/prod_high_reg[59]_i_2_n_0
    SLICE_X8Y50          CARRY4 (Prop_carry4_CI_O[2])
                                                      0.239    15.171 r  rv64im72f_6sp/alu/multiplier_dword/prod_high_reg[63]_i_3/O[2]
                         net (fo=1, routed)           0.313    15.485    rv64im72f_6sp/alu/multiplier_dword/prod_corrected0[126]
    SLICE_X10Y50         LUT3 (Prop_lut3_I0_O)        0.301    15.786 r  rv64im72f_6sp/alu/multiplier_dword/prod_high[62]_i_1/O
                         net (fo=1, routed)           0.000    15.786    rv64im72f_6sp/alu/multiplier_dword/prod_high[62]_i_1_n_0
    SLICE_X10Y50         FDCE                                         r  rv64im72f_6sp/alu/multiplier_dword/prod_high_reg[62]/D
  -------------------------------------------------------------------    -------------------

                         (clock sys_clk_pin rise edge)
                                                     10.000    10.000 r  
    R4                                                0.000    10.000 r  clk (IN)
                         net (fo=0)                   0.000    10.000    clk
    R4                   IBUF (Prop_ibuf_I_O)         1.405    11.405 r  clk_IBUF_inst/O
                         net (fo=1, routed)           2.004    13.409    clk_IBUF
    BUFGCTRL_X0Y0        BUFG (Prop_bufg_I_O)         0.091    13.500 r  clk_IBUF_BUFG_inst/O
                         net (fo=3410, routed)        1.820    15.320    rv64im72f_6sp/alu/multiplier_dword/clk_IBUF_BUFG
    SLICE_X10Y50         FDCE                                         r  rv64im72f_6sp/alu/multiplier_dword/prod_high_reg[62]/C
                         clock pessimism              0.201    15.521    
                         clock uncertainty           -0.035    15.486    
    SLICE_X10Y50         FDCE (Setup_fdce_C_D)        0.079    15.565    rv64im72f_6sp/alu/multiplier_dword/prod_high_reg[62]
  -------------------------------------------------------------------
                         required time                         15.565    
                         arrival time                         -15.786    
  -------------------------------------------------------------------
                         slack                                 -0.221    

Slack (VIOLATED) :        -0.208ns  (required time - arrival time)
  Source:                 rv64im72f_6sp/mem_wb_register/WB_rd_reg[4]/C
                            (rising edge-triggered cell FDRE clocked by sys_clk_pin  {rise@0.000ns fall@5.000ns period=10.000ns})
  Destination:            rv64im72f_6sp/alu/divider_dword/remainder_quotient_reg[58]/D
                            (rising edge-triggered cell FDCE clocked by sys_clk_pin  {rise@0.000ns fall@5.000ns period=10.000ns})
  Path Group:             sys_clk_pin
  Path Type:              Setup (Max at Slow Process Corner)
  Requirement:            10.000ns  (sys_clk_pin rise@10.000ns - sys_clk_pin rise@0.000ns)
  Data Path Delay:        10.177ns  (logic 3.579ns (35.167%)  route 6.598ns (64.833%))
  Logic Levels:           21  (CARRY4=15 LUT1=1 LUT4=1 LUT6=4)
  Clock Path Skew:        -0.025ns (DCD - SCD + CPR)
    Destination Clock Delay (DCD):    5.487ns = ( 15.487 - 10.000 ) 
    Source Clock Delay      (SCD):    5.794ns
    Clock Pessimism Removal (CPR):    0.282ns
  Clock Uncertainty:      0.035ns  ((TSJ^2 + TIJ^2)^1/2 + DJ) / 2 + PE
    Total System Jitter     (TSJ):    0.071ns
    Total Input Jitter      (TIJ):    0.000ns
    Discrete Jitter          (DJ):    0.000ns
    Phase Error              (PE):    0.000ns

    Location             Delay type                Incr(ns)  Path(ns)    Netlist Resource(s)
  -------------------------------------------------------------------    -------------------
                         (clock sys_clk_pin rise edge)
                                                      0.000     0.000 r  
    R4                                                0.000     0.000 r  clk (IN)
                         net (fo=0)                   0.000     0.000    clk
    R4                   IBUF (Prop_ibuf_I_O)         1.475     1.475 r  clk_IBUF_inst/O
                         net (fo=1, routed)           2.114     3.589    clk_IBUF
    BUFGCTRL_X0Y0        BUFG (Prop_bufg_I_O)         0.096     3.685 r  clk_IBUF_BUFG_inst/O
                         net (fo=3410, routed)        2.109     5.794    rv64im72f_6sp/mem_wb_register/clk_IBUF_BUFG
    SLICE_X40Y13         FDRE                                         r  rv64im72f_6sp/mem_wb_register/WB_rd_reg[4]/C
  -------------------------------------------------------------------    -------------------
    SLICE_X40Y13         FDRE (Prop_fdre_C_Q)         0.518     6.312 r  rv64im72f_6sp/mem_wb_register/WB_rd_reg[4]/Q
                         net (fo=184, routed)         0.853     7.165    rv64im72f_6sp/mem_wb_register/WB_rd_reg[4]_0[4]
    SLICE_X40Y13         LUT6 (Prop_lut6_I1_O)        0.124     7.289 f  rv64im72f_6sp/mem_wb_register/dividend_reg[31]_i_12/O
                         net (fo=3, routed)           0.605     7.894    rv64im72f_6sp/id_ex_register/dividend_reg[31]_i_5_0
    SLICE_X41Y11         LUT4 (Prop_lut4_I1_O)        0.124     8.018 f  rv64im72f_6sp/id_ex_register/dividend_reg[31]_i_7/O
                         net (fo=2, routed)           0.482     8.500    rv64im72f_6sp/forward_unit/dividend_reg_reg[63]_1
    SLICE_X40Y10         LUT6 (Prop_lut6_I5_O)        0.124     8.624 r  rv64im72f_6sp/forward_unit/dividend_reg[31]_i_5/O
                         net (fo=70, routed)          0.997     9.622    rv64im72f_6sp/id_ex_register/alu_forward_source_select_a[0]
    SLICE_X34Y10         LUT6 (Prop_lut6_I4_O)        0.124     9.746 f  rv64im72f_6sp/id_ex_register/dividend_reg[2]_i_1/O
                         net (fo=44, routed)          3.072    12.818    rv64im72f_6sp/id_ex_register/MEM_non_load_forward_data_reg[2]
    SLICE_X14Y19         LUT1 (Prop_lut1_I0_O)        0.124    12.942 r  rv64im72f_6sp/id_ex_register/remainder_quotient[3]_i_5__0/O
                         net (fo=1, routed)           0.000    12.942    rv64im72f_6sp/id_ex_register/remainder_quotient[3]_i_5__0_n_0
    SLICE_X14Y19         CARRY4 (Prop_carry4_S[2]_CO[3])
                                                      0.380    13.322 r  rv64im72f_6sp/id_ex_register/remainder_quotient_reg[3]_i_2__0/CO[3]
                         net (fo=1, routed)           0.000    13.322    rv64im72f_6sp/id_ex_register/remainder_quotient_reg[3]_i_2__0_n_0
    SLICE_X14Y20         CARRY4 (Prop_carry4_CI_CO[3])
                                                      0.117    13.439 r  rv64im72f_6sp/id_ex_register/remainder_quotient_reg[7]_i_2__0/CO[3]
                         net (fo=1, routed)           0.000    13.439    rv64im72f_6sp/id_ex_register/remainder_quotient_reg[7]_i_2__0_n_0
    SLICE_X14Y21         CARRY4 (Prop_carry4_CI_CO[3])
                                                      0.117    13.556 r  rv64im72f_6sp/id_ex_register/remainder_quotient_reg[11]_i_2__0/CO[3]
                         net (fo=1, routed)           0.000    13.556    rv64im72f_6sp/id_ex_register/remainder_quotient_reg[11]_i_2__0_n_0
    SLICE_X14Y22         CARRY4 (Prop_carry4_CI_CO[3])
                                                      0.117    13.673 r  rv64im72f_6sp/id_ex_register/remainder_quotient_reg[15]_i_2__0/CO[3]
                         net (fo=1, routed)           0.000    13.673    rv64im72f_6sp/id_ex_register/remainder_quotient_reg[15]_i_2__0_n_0
    SLICE_X14Y23         CARRY4 (Prop_carry4_CI_CO[3])
                                                      0.117    13.790 r  rv64im72f_6sp/id_ex_register/remainder_quotient_reg[19]_i_2__0/CO[3]
                         net (fo=1, routed)           0.000    13.790    rv64im72f_6sp/id_ex_register/remainder_quotient_reg[19]_i_2__0_n_0
    SLICE_X14Y24         CARRY4 (Prop_carry4_CI_CO[3])
                                                      0.117    13.907 r  rv64im72f_6sp/id_ex_register/remainder_quotient_reg[23]_i_2__0/CO[3]
                         net (fo=1, routed)           0.009    13.916    rv64im72f_6sp/id_ex_register/remainder_quotient_reg[23]_i_2__0_n_0
    SLICE_X14Y25         CARRY4 (Prop_carry4_CI_CO[3])
                                                      0.117    14.033 r  rv64im72f_6sp/id_ex_register/remainder_quotient_reg[27]_i_2__0/CO[3]
                         net (fo=1, routed)           0.000    14.033    rv64im72f_6sp/id_ex_register/remainder_quotient_reg[27]_i_2__0_n_0
    SLICE_X14Y26         CARRY4 (Prop_carry4_CI_CO[3])
                                                      0.117    14.150 r  rv64im72f_6sp/id_ex_register/remainder_quotient_reg[31]_i_2__0/CO[3]
                         net (fo=1, routed)           0.000    14.150    rv64im72f_6sp/id_ex_register/remainder_quotient_reg[31]_i_2__0_n_0
    SLICE_X14Y27         CARRY4 (Prop_carry4_CI_CO[3])
                                                      0.117    14.267 r  rv64im72f_6sp/id_ex_register/remainder_quotient_reg[35]_i_2__0/CO[3]
                         net (fo=1, routed)           0.000    14.267    rv64im72f_6sp/id_ex_register/remainder_quotient_reg[35]_i_2__0_n_0
    SLICE_X14Y28         CARRY4 (Prop_carry4_CI_CO[3])
                                                      0.117    14.384 r  rv64im72f_6sp/id_ex_register/remainder_quotient_reg[39]_i_2__0/CO[3]
                         net (fo=1, routed)           0.000    14.384    rv64im72f_6sp/id_ex_register/remainder_quotient_reg[39]_i_2__0_n_0
    SLICE_X14Y29         CARRY4 (Prop_carry4_CI_CO[3])
                                                      0.117    14.501 r  rv64im72f_6sp/id_ex_register/remainder_quotient_reg[43]_i_2__0/CO[3]
                         net (fo=1, routed)           0.000    14.501    rv64im72f_6sp/id_ex_register/remainder_quotient_reg[43]_i_2__0_n_0
    SLICE_X14Y30         CARRY4 (Prop_carry4_CI_CO[3])
                                                      0.117    14.618 r  rv64im72f_6sp/id_ex_register/remainder_quotient_reg[47]_i_2__0/CO[3]
                         net (fo=1, routed)           0.000    14.618    rv64im72f_6sp/id_ex_register/remainder_quotient_reg[47]_i_2__0_n_0
    SLICE_X14Y31         CARRY4 (Prop_carry4_CI_CO[3])
                                                      0.117    14.735 r  rv64im72f_6sp/id_ex_register/remainder_quotient_reg[51]_i_2__0/CO[3]
                         net (fo=1, routed)           0.000    14.735    rv64im72f_6sp/id_ex_register/remainder_quotient_reg[51]_i_2__0_n_0
    SLICE_X14Y32         CARRY4 (Prop_carry4_CI_CO[3])
                                                      0.117    14.852 r  rv64im72f_6sp/id_ex_register/remainder_quotient_reg[55]_i_2__0/CO[3]
                         net (fo=1, routed)           0.000    14.852    rv64im72f_6sp/id_ex_register/remainder_quotient_reg[55]_i_2__0_n_0
    SLICE_X14Y33         CARRY4 (Prop_carry4_CI_O[2])
                                                      0.239    15.091 r  rv64im72f_6sp/id_ex_register/remainder_quotient_reg[59]_i_2__0/O[2]
                         net (fo=1, routed)           0.579    15.670    rv64im72f_6sp/id_ex_register/alu/divider_dword/p_3_in[58]
    SLICE_X19Y34         LUT6 (Prop_lut6_I4_O)        0.301    15.971 r  rv64im72f_6sp/id_ex_register/remainder_quotient[58]_i_1__0/O
                         net (fo=1, routed)           0.000    15.971    rv64im72f_6sp/alu/divider_dword/remainder_quotient_reg[63]_0[58]
    SLICE_X19Y34         FDCE                                         r  rv64im72f_6sp/alu/divider_dword/remainder_quotient_reg[58]/D
  -------------------------------------------------------------------    -------------------

                         (clock sys_clk_pin rise edge)
                                                     10.000    10.000 r  
    R4                                                0.000    10.000 r  clk (IN)
                         net (fo=0)                   0.000    10.000    clk
    R4                   IBUF (Prop_ibuf_I_O)         1.405    11.405 r  clk_IBUF_inst/O
                         net (fo=1, routed)           2.004    13.409    clk_IBUF
    BUFGCTRL_X0Y0        BUFG (Prop_bufg_I_O)         0.091    13.500 r  clk_IBUF_BUFG_inst/O
                         net (fo=3410, routed)        1.988    15.487    rv64im72f_6sp/alu/divider_dword/clk_IBUF_BUFG
    SLICE_X19Y34         FDCE                                         r  rv64im72f_6sp/alu/divider_dword/remainder_quotient_reg[58]/C
                         clock pessimism              0.282    15.769    
                         clock uncertainty           -0.035    15.734    
    SLICE_X19Y34         FDCE (Setup_fdce_C_D)        0.029    15.763    rv64im72f_6sp/alu/divider_dword/remainder_quotient_reg[58]
  -------------------------------------------------------------------
                         required time                         15.763    
                         arrival time                         -15.971    
  -------------------------------------------------------------------
                         slack                                 -0.208    

Slack (VIOLATED) :        -0.171ns  (required time - arrival time)
  Source:                 rv64im72f_6sp/mem_wb_register/WB_rd_reg[4]/C
                            (rising edge-triggered cell FDRE clocked by sys_clk_pin  {rise@0.000ns fall@5.000ns period=10.000ns})
  Destination:            rv64im72f_6sp/ex_ex2_register/EX2_alu_result_reg[26]/D
                            (rising edge-triggered cell FDRE clocked by sys_clk_pin  {rise@0.000ns fall@5.000ns period=10.000ns})
  Path Group:             sys_clk_pin
  Path Type:              Setup (Max at Slow Process Corner)
  Requirement:            10.000ns  (sys_clk_pin rise@10.000ns - sys_clk_pin rise@0.000ns)
  Data Path Delay:        10.138ns  (logic 1.758ns (17.341%)  route 8.380ns (82.659%))
  Logic Levels:           10  (LUT3=1 LUT4=1 LUT5=2 LUT6=6)
  Clock Path Skew:        -0.027ns (DCD - SCD + CPR)
    Destination Clock Delay (DCD):    5.485ns = ( 15.485 - 10.000 ) 
    Source Clock Delay      (SCD):    5.794ns
    Clock Pessimism Removal (CPR):    0.282ns
  Clock Uncertainty:      0.035ns  ((TSJ^2 + TIJ^2)^1/2 + DJ) / 2 + PE
    Total System Jitter     (TSJ):    0.071ns
    Total Input Jitter      (TIJ):    0.000ns
    Discrete Jitter          (DJ):    0.000ns
    Phase Error              (PE):    0.000ns

    Location             Delay type                Incr(ns)  Path(ns)    Netlist Resource(s)
  -------------------------------------------------------------------    -------------------
                         (clock sys_clk_pin rise edge)
                                                      0.000     0.000 r  
    R4                                                0.000     0.000 r  clk (IN)
                         net (fo=0)                   0.000     0.000    clk
    R4                   IBUF (Prop_ibuf_I_O)         1.475     1.475 r  clk_IBUF_inst/O
                         net (fo=1, routed)           2.114     3.589    clk_IBUF
    BUFGCTRL_X0Y0        BUFG (Prop_bufg_I_O)         0.096     3.685 r  clk_IBUF_BUFG_inst/O
                         net (fo=3410, routed)        2.109     5.794    rv64im72f_6sp/mem_wb_register/clk_IBUF_BUFG
    SLICE_X40Y13         FDRE                                         r  rv64im72f_6sp/mem_wb_register/WB_rd_reg[4]/C
  -------------------------------------------------------------------    -------------------
    SLICE_X40Y13         FDRE (Prop_fdre_C_Q)         0.518     6.312 r  rv64im72f_6sp/mem_wb_register/WB_rd_reg[4]/Q
                         net (fo=184, routed)         0.853     7.165    rv64im72f_6sp/mem_wb_register/WB_rd_reg[4]_0[4]
    SLICE_X40Y13         LUT6 (Prop_lut6_I1_O)        0.124     7.289 f  rv64im72f_6sp/mem_wb_register/dividend_reg[31]_i_12/O
                         net (fo=3, routed)           0.605     7.894    rv64im72f_6sp/id_ex_register/dividend_reg[31]_i_5_0
    SLICE_X41Y11         LUT4 (Prop_lut4_I1_O)        0.124     8.018 f  rv64im72f_6sp/id_ex_register/dividend_reg[31]_i_7/O
                         net (fo=2, routed)           0.482     8.500    rv64im72f_6sp/forward_unit/dividend_reg_reg[63]_1
    SLICE_X40Y10         LUT6 (Prop_lut6_I5_O)        0.124     8.624 r  rv64im72f_6sp/forward_unit/dividend_reg[31]_i_5/O
                         net (fo=70, routed)          1.085     9.709    rv64im72f_6sp/id_ex_register/alu_forward_source_select_a[0]
    SLICE_X36Y13         LUT6 (Prop_lut6_I4_O)        0.124     9.833 r  rv64im72f_6sp/id_ex_register/dividend_reg[6]_i_1/O
                         net (fo=43, routed)          1.148    10.981    rv64im72f_6sp/id_ex_register/MEM_non_load_forward_data_reg[6]
    SLICE_X32Y10         LUT6 (Prop_lut6_I2_O)        0.124    11.105 r  rv64im72f_6sp/id_ex_register/EX2_alu_result[25]_i_19/O
                         net (fo=3, routed)           0.958    12.063    rv64im72f_6sp/id_ex_register/EX2_alu_result[25]_i_19_n_0
    SLICE_X36Y16         LUT5 (Prop_lut5_I0_O)        0.124    12.187 r  rv64im72f_6sp/id_ex_register/EX2_alu_result[29]_i_18/O
                         net (fo=2, routed)           0.609    12.796    rv64im72f_6sp/id_ex_register/EX2_alu_result[29]_i_18_n_0
    SLICE_X39Y21         LUT3 (Prop_lut3_I2_O)        0.124    12.920 r  rv64im72f_6sp/id_ex_register/EX2_alu_result[27]_i_14/O
                         net (fo=2, routed)           1.014    13.934    rv64im72f_6sp/id_ex_register/EX2_alu_result[27]_i_14_n_0
    SLICE_X35Y31         LUT6 (Prop_lut6_I5_O)        0.124    14.058 r  rv64im72f_6sp/id_ex_register/EX2_alu_result[26]_i_8/O
                         net (fo=1, routed)           0.312    14.370    rv64im72f_6sp/id_ex_register/EX2_alu_result[26]_i_8_n_0
    SLICE_X30Y31         LUT6 (Prop_lut6_I0_O)        0.124    14.494 r  rv64im72f_6sp/id_ex_register/EX2_alu_result[26]_i_4/O
                         net (fo=2, routed)           1.314    15.808    rv64im72f_6sp/id_ex_register/alu/alu_dword_result[26]
    SLICE_X19Y17         LUT5 (Prop_lut5_I3_O)        0.124    15.932 r  rv64im72f_6sp/id_ex_register/EX2_alu_result[26]_i_1/O
                         net (fo=1, routed)           0.000    15.932    rv64im72f_6sp/ex_ex2_register/EX2_alu_result_reg[63]_1[26]
    SLICE_X19Y17         FDRE                                         r  rv64im72f_6sp/ex_ex2_register/EX2_alu_result_reg[26]/D
  -------------------------------------------------------------------    -------------------

                         (clock sys_clk_pin rise edge)
                                                     10.000    10.000 r  
    R4                                                0.000    10.000 r  clk (IN)
                         net (fo=0)                   0.000    10.000    clk
    R4                   IBUF (Prop_ibuf_I_O)         1.405    11.405 r  clk_IBUF_inst/O
                         net (fo=1, routed)           2.004    13.409    clk_IBUF
    BUFGCTRL_X0Y0        BUFG (Prop_bufg_I_O)         0.091    13.500 r  clk_IBUF_BUFG_inst/O
                         net (fo=3410, routed)        1.986    15.485    rv64im72f_6sp/ex_ex2_register/clk_IBUF_BUFG
    SLICE_X19Y17         FDRE                                         r  rv64im72f_6sp/ex_ex2_register/EX2_alu_result_reg[26]/C
                         clock pessimism              0.282    15.767    
                         clock uncertainty           -0.035    15.732    
    SLICE_X19Y17         FDRE (Setup_fdre_C_D)        0.029    15.761    rv64im72f_6sp/ex_ex2_register/EX2_alu_result_reg[26]
  -------------------------------------------------------------------
                         required time                         15.761    
                         arrival time                         -15.932    
  -------------------------------------------------------------------
                         slack                                 -0.171    





Min Delay Paths
--------------------------------------------------------------------------------------
Slack (MET) :             0.119ns  (arrival time - required time)
  Source:                 rv64im72f_6sp/ex_mem_register/MEM_raw_imm_reg[6]/C
                            (rising edge-triggered cell FDRE clocked by sys_clk_pin  {rise@0.000ns fall@5.000ns period=10.000ns})
  Destination:            rv64im72f_6sp/mem_wb_register/WB_raw_imm_reg[6]/D
                            (rising edge-triggered cell FDRE clocked by sys_clk_pin  {rise@0.000ns fall@5.000ns period=10.000ns})
  Path Group:             sys_clk_pin
  Path Type:              Hold (Min at Fast Process Corner)
  Requirement:            0.000ns  (sys_clk_pin rise@0.000ns - sys_clk_pin rise@0.000ns)
  Data Path Delay:        0.197ns  (logic 0.141ns (71.611%)  route 0.056ns (28.389%))
  Logic Levels:           0  
  Clock Path Skew:        0.000ns (DCD - SCD - CPR)
    Destination Clock Delay (DCD):    2.197ns
    Source Clock Delay      (SCD):    1.671ns
    Clock Pessimism Removal (CPR):    0.526ns

    Location             Delay type                Incr(ns)  Path(ns)    Netlist Resource(s)
  -------------------------------------------------------------------    -------------------
                         (clock sys_clk_pin rise edge)
                                                      0.000     0.000 r  
    R4                                                0.000     0.000 r  clk (IN)
                         net (fo=0)                   0.000     0.000    clk
    R4                   IBUF (Prop_ibuf_I_O)         0.243     0.243 r  clk_IBUF_inst/O
                         net (fo=1, routed)           0.676     0.919    clk_IBUF
    BUFGCTRL_X0Y0        BUFG (Prop_bufg_I_O)         0.026     0.945 r  clk_IBUF_BUFG_inst/O
                         net (fo=3410, routed)        0.726     1.671    rv64im72f_6sp/ex_mem_register/clk_IBUF_BUFG
    SLICE_X45Y0          FDRE                                         r  rv64im72f_6sp/ex_mem_register/MEM_raw_imm_reg[6]/C
  -------------------------------------------------------------------    -------------------
    SLICE_X45Y0          FDRE (Prop_fdre_C_Q)         0.141     1.812 r  rv64im72f_6sp/ex_mem_register/MEM_raw_imm_reg[6]/Q
                         net (fo=1, routed)           0.056     1.868    rv64im72f_6sp/mem_wb_register/WB_raw_imm_reg[11]_1[6]
    SLICE_X45Y0          FDRE                                         r  rv64im72f_6sp/mem_wb_register/WB_raw_imm_reg[6]/D
  -------------------------------------------------------------------    -------------------

                         (clock sys_clk_pin rise edge)
                                                      0.000     0.000 r  
    R4                                                0.000     0.000 r  clk (IN)
                         net (fo=0)                   0.000     0.000    clk
    R4                   IBUF (Prop_ibuf_I_O)         0.431     0.431 r  clk_IBUF_inst/O
                         net (fo=1, routed)           0.734     1.165    clk_IBUF
    BUFGCTRL_X0Y0        BUFG (Prop_bufg_I_O)         0.029     1.194 r  clk_IBUF_BUFG_inst/O
                         net (fo=3410, routed)        1.004     2.197    rv64im72f_6sp/mem_wb_register/clk_IBUF_BUFG
    SLICE_X45Y0          FDRE                                         r  rv64im72f_6sp/mem_wb_register/WB_raw_imm_reg[6]/C
                         clock pessimism             -0.526     1.671    
    SLICE_X45Y0          FDRE (Hold_fdre_C_D)         0.078     1.749    rv64im72f_6sp/mem_wb_register/WB_raw_imm_reg[6]
  -------------------------------------------------------------------
                         required time                         -1.749    
                         arrival time                           1.868    
  -------------------------------------------------------------------
                         slack                                  0.119    

Slack (MET) :             0.121ns  (arrival time - required time)
  Source:                 rv64im72f_6sp/ex_mem_register/MEM_instruction_reg[30]/C
                            (rising edge-triggered cell FDRE clocked by sys_clk_pin  {rise@0.000ns fall@5.000ns period=10.000ns})
  Destination:            rv64im72f_6sp/mem_wb_register/WB_instruction_reg[30]/D
                            (rising edge-triggered cell FDRE clocked by sys_clk_pin  {rise@0.000ns fall@5.000ns period=10.000ns})
  Path Group:             sys_clk_pin
  Path Type:              Hold (Min at Fast Process Corner)
  Requirement:            0.000ns  (sys_clk_pin rise@0.000ns - sys_clk_pin rise@0.000ns)
  Data Path Delay:        0.197ns  (logic 0.141ns (71.611%)  route 0.056ns (28.389%))
  Logic Levels:           0  
  Clock Path Skew:        0.000ns (DCD - SCD - CPR)
    Destination Clock Delay (DCD):    2.197ns
    Source Clock Delay      (SCD):    1.671ns
    Clock Pessimism Removal (CPR):    0.526ns

    Location             Delay type                Incr(ns)  Path(ns)    Netlist Resource(s)
  -------------------------------------------------------------------    -------------------
                         (clock sys_clk_pin rise edge)
                                                      0.000     0.000 r  
    R4                                                0.000     0.000 r  clk (IN)
                         net (fo=0)                   0.000     0.000    clk
    R4                   IBUF (Prop_ibuf_I_O)         0.243     0.243 r  clk_IBUF_inst/O
                         net (fo=1, routed)           0.676     0.919    clk_IBUF
    BUFGCTRL_X0Y0        BUFG (Prop_bufg_I_O)         0.026     0.945 r  clk_IBUF_BUFG_inst/O
                         net (fo=3410, routed)        0.726     1.671    rv64im72f_6sp/ex_mem_register/clk_IBUF_BUFG
    SLICE_X45Y0          FDRE                                         r  rv64im72f_6sp/ex_mem_register/MEM_instruction_reg[30]/C
  -------------------------------------------------------------------    -------------------
    SLICE_X45Y0          FDRE (Prop_fdre_C_Q)         0.141     1.812 r  rv64im72f_6sp/ex_mem_register/MEM_instruction_reg[30]/Q
                         net (fo=1, routed)           0.056     1.868    rv64im72f_6sp/mem_wb_register/D[30]
    SLICE_X45Y0          FDRE                                         r  rv64im72f_6sp/mem_wb_register/WB_instruction_reg[30]/D
  -------------------------------------------------------------------    -------------------

                         (clock sys_clk_pin rise edge)
                                                      0.000     0.000 r  
    R4                                                0.000     0.000 r  clk (IN)
                         net (fo=0)                   0.000     0.000    clk
    R4                   IBUF (Prop_ibuf_I_O)         0.431     0.431 r  clk_IBUF_inst/O
                         net (fo=1, routed)           0.734     1.165    clk_IBUF
    BUFGCTRL_X0Y0        BUFG (Prop_bufg_I_O)         0.029     1.194 r  clk_IBUF_BUFG_inst/O
                         net (fo=3410, routed)        1.004     2.197    rv64im72f_6sp/mem_wb_register/clk_IBUF_BUFG
    SLICE_X45Y0          FDRE                                         r  rv64im72f_6sp/mem_wb_register/WB_instruction_reg[30]/C
                         clock pessimism             -0.526     1.671    
    SLICE_X45Y0          FDRE (Hold_fdre_C_D)         0.076     1.747    rv64im72f_6sp/mem_wb_register/WB_instruction_reg[30]
  -------------------------------------------------------------------
                         required time                         -1.747    
                         arrival time                           1.868    
  -------------------------------------------------------------------
                         slack                                  0.121    

Slack (MET) :             0.122ns  (arrival time - required time)
  Source:                 rv64im72f_6sp/io_id_register/ID_branch_estimation_reg/C
                            (rising edge-triggered cell FDRE clocked by sys_clk_pin  {rise@0.000ns fall@5.000ns period=10.000ns})
  Destination:            rv64im72f_6sp/id_ex_register/EX_branch_estimation_reg/D
                            (rising edge-triggered cell FDRE clocked by sys_clk_pin  {rise@0.000ns fall@5.000ns period=10.000ns})
  Path Group:             sys_clk_pin
  Path Type:              Hold (Min at Fast Process Corner)
  Requirement:            0.000ns  (sys_clk_pin rise@0.000ns - sys_clk_pin rise@0.000ns)
  Data Path Delay:        0.197ns  (logic 0.141ns (71.611%)  route 0.056ns (28.389%))
  Logic Levels:           0  
  Clock Path Skew:        0.000ns (DCD - SCD - CPR)
    Destination Clock Delay (DCD):    2.227ns
    Source Clock Delay      (SCD):    1.700ns
    Clock Pessimism Removal (CPR):    0.527ns

    Location             Delay type                Incr(ns)  Path(ns)    Netlist Resource(s)
  -------------------------------------------------------------------    -------------------
                         (clock sys_clk_pin rise edge)
                                                      0.000     0.000 r  
    R4                                                0.000     0.000 r  clk (IN)
                         net (fo=0)                   0.000     0.000    clk
    R4                   IBUF (Prop_ibuf_I_O)         0.243     0.243 r  clk_IBUF_inst/O
                         net (fo=1, routed)           0.676     0.919    clk_IBUF
    BUFGCTRL_X0Y0        BUFG (Prop_bufg_I_O)         0.026     0.945 r  clk_IBUF_BUFG_inst/O
                         net (fo=3410, routed)        0.755     1.700    rv64im72f_6sp/io_id_register/clk_IBUF_BUFG
    SLICE_X39Y0          FDRE                                         r  rv64im72f_6sp/io_id_register/ID_branch_estimation_reg/C
  -------------------------------------------------------------------    -------------------
    SLICE_X39Y0          FDRE (Prop_fdre_C_Q)         0.141     1.841 r  rv64im72f_6sp/io_id_register/ID_branch_estimation_reg/Q
                         net (fo=1, routed)           0.056     1.897    rv64im72f_6sp/id_ex_register/ID_branch_estimation
    SLICE_X39Y0          FDRE                                         r  rv64im72f_6sp/id_ex_register/EX_branch_estimation_reg/D
  -------------------------------------------------------------------    -------------------

                         (clock sys_clk_pin rise edge)
                                                      0.000     0.000 r  
    R4                                                0.000     0.000 r  clk (IN)
                         net (fo=0)                   0.000     0.000    clk
    R4                   IBUF (Prop_ibuf_I_O)         0.431     0.431 r  clk_IBUF_inst/O
                         net (fo=1, routed)           0.734     1.165    clk_IBUF
    BUFGCTRL_X0Y0        BUFG (Prop_bufg_I_O)         0.029     1.194 r  clk_IBUF_BUFG_inst/O
                         net (fo=3410, routed)        1.034     2.227    rv64im72f_6sp/id_ex_register/clk_IBUF_BUFG
    SLICE_X39Y0          FDRE                                         r  rv64im72f_6sp/id_ex_register/EX_branch_estimation_reg/C
                         clock pessimism             -0.527     1.700    
    SLICE_X39Y0          FDRE (Hold_fdre_C_D)         0.075     1.775    rv64im72f_6sp/id_ex_register/EX_branch_estimation_reg
  -------------------------------------------------------------------
                         required time                         -1.775    
                         arrival time                           1.897    
  -------------------------------------------------------------------
                         slack                                  0.122    

Slack (MET) :             0.122ns  (arrival time - required time)
  Source:                 rv64im72f_6sp/ex_mem_register/MEM_instruction_reg[22]/C
                            (rising edge-triggered cell FDRE clocked by sys_clk_pin  {rise@0.000ns fall@5.000ns period=10.000ns})
  Destination:            rv64im72f_6sp/mem_wb_register/WB_instruction_reg[22]/D
                            (rising edge-triggered cell FDRE clocked by sys_clk_pin  {rise@0.000ns fall@5.000ns period=10.000ns})
  Path Group:             sys_clk_pin
  Path Type:              Hold (Min at Fast Process Corner)
  Requirement:            0.000ns  (sys_clk_pin rise@0.000ns - sys_clk_pin rise@0.000ns)
  Data Path Delay:        0.197ns  (logic 0.141ns (71.611%)  route 0.056ns (28.389%))
  Logic Levels:           0  
  Clock Path Skew:        0.000ns (DCD - SCD - CPR)
    Destination Clock Delay (DCD):    2.197ns
    Source Clock Delay      (SCD):    1.671ns
    Clock Pessimism Removal (CPR):    0.526ns

    Location             Delay type                Incr(ns)  Path(ns)    Netlist Resource(s)
  -------------------------------------------------------------------    -------------------
                         (clock sys_clk_pin rise edge)
                                                      0.000     0.000 r  
    R4                                                0.000     0.000 r  clk (IN)
                         net (fo=0)                   0.000     0.000    clk
    R4                   IBUF (Prop_ibuf_I_O)         0.243     0.243 r  clk_IBUF_inst/O
                         net (fo=1, routed)           0.676     0.919    clk_IBUF
    BUFGCTRL_X0Y0        BUFG (Prop_bufg_I_O)         0.026     0.945 r  clk_IBUF_BUFG_inst/O
                         net (fo=3410, routed)        0.726     1.671    rv64im72f_6sp/ex_mem_register/clk_IBUF_BUFG
    SLICE_X45Y0          FDRE                                         r  rv64im72f_6sp/ex_mem_register/MEM_instruction_reg[22]/C
  -------------------------------------------------------------------    -------------------
    SLICE_X45Y0          FDRE (Prop_fdre_C_Q)         0.141     1.812 r  rv64im72f_6sp/ex_mem_register/MEM_instruction_reg[22]/Q
                         net (fo=1, routed)           0.056     1.868    rv64im72f_6sp/mem_wb_register/D[22]
    SLICE_X45Y0          FDRE                                         r  rv64im72f_6sp/mem_wb_register/WB_instruction_reg[22]/D
  -------------------------------------------------------------------    -------------------

                         (clock sys_clk_pin rise edge)
                                                      0.000     0.000 r  
    R4                                                0.000     0.000 r  clk (IN)
                         net (fo=0)                   0.000     0.000    clk
    R4                   IBUF (Prop_ibuf_I_O)         0.431     0.431 r  clk_IBUF_inst/O
                         net (fo=1, routed)           0.734     1.165    clk_IBUF
    BUFGCTRL_X0Y0        BUFG (Prop_bufg_I_O)         0.029     1.194 r  clk_IBUF_BUFG_inst/O
                         net (fo=3410, routed)        1.004     2.197    rv64im72f_6sp/mem_wb_register/clk_IBUF_BUFG
    SLICE_X45Y0          FDRE                                         r  rv64im72f_6sp/mem_wb_register/WB_instruction_reg[22]/C
                         clock pessimism             -0.526     1.671    
    SLICE_X45Y0          FDRE (Hold_fdre_C_D)         0.075     1.746    rv64im72f_6sp/mem_wb_register/WB_instruction_reg[22]
  -------------------------------------------------------------------
                         required time                         -1.746    
                         arrival time                           1.868    
  -------------------------------------------------------------------
                         slack                                  0.122    

Slack (MET) :             0.124ns  (arrival time - required time)
  Source:                 rv64im72f_6sp/ex_mem_register/MEM_instruction_reg[8]/C
                            (rising edge-triggered cell FDRE clocked by sys_clk_pin  {rise@0.000ns fall@5.000ns period=10.000ns})
  Destination:            rv64im72f_6sp/mem_wb_register/WB_instruction_reg[8]/D
                            (rising edge-triggered cell FDRE clocked by sys_clk_pin  {rise@0.000ns fall@5.000ns period=10.000ns})
  Path Group:             sys_clk_pin
  Path Type:              Hold (Min at Fast Process Corner)
  Requirement:            0.000ns  (sys_clk_pin rise@0.000ns - sys_clk_pin rise@0.000ns)
  Data Path Delay:        0.200ns  (logic 0.141ns (70.589%)  route 0.059ns (29.411%))
  Logic Levels:           0  
  Clock Path Skew:        0.000ns (DCD - SCD - CPR)
    Destination Clock Delay (DCD):    2.234ns
    Source Clock Delay      (SCD):    1.706ns
    Clock Pessimism Removal (CPR):    0.528ns

    Location             Delay type                Incr(ns)  Path(ns)    Netlist Resource(s)
  -------------------------------------------------------------------    -------------------
                         (clock sys_clk_pin rise edge)
                                                      0.000     0.000 r  
    R4                                                0.000     0.000 r  clk (IN)
                         net (fo=0)                   0.000     0.000    clk
    R4                   IBUF (Prop_ibuf_I_O)         0.243     0.243 r  clk_IBUF_inst/O
                         net (fo=1, routed)           0.676     0.919    clk_IBUF
    BUFGCTRL_X0Y0        BUFG (Prop_bufg_I_O)         0.026     0.945 r  clk_IBUF_BUFG_inst/O
                         net (fo=3410, routed)        0.761     1.706    rv64im72f_6sp/ex_mem_register/clk_IBUF_BUFG
    SLICE_X24Y2          FDRE                                         r  rv64im72f_6sp/ex_mem_register/MEM_instruction_reg[8]/C
  -------------------------------------------------------------------    -------------------
    SLICE_X24Y2          FDRE (Prop_fdre_C_Q)         0.141     1.847 r  rv64im72f_6sp/ex_mem_register/MEM_instruction_reg[8]/Q
                         net (fo=1, routed)           0.059     1.906    rv64im72f_6sp/mem_wb_register/D[8]
    SLICE_X24Y2          FDRE                                         r  rv64im72f_6sp/mem_wb_register/WB_instruction_reg[8]/D
  -------------------------------------------------------------------    -------------------

                         (clock sys_clk_pin rise edge)
                                                      0.000     0.000 r  
    R4                                                0.000     0.000 r  clk (IN)
                         net (fo=0)                   0.000     0.000    clk
    R4                   IBUF (Prop_ibuf_I_O)         0.431     0.431 r  clk_IBUF_inst/O
                         net (fo=1, routed)           0.734     1.165    clk_IBUF
    BUFGCTRL_X0Y0        BUFG (Prop_bufg_I_O)         0.029     1.194 r  clk_IBUF_BUFG_inst/O
                         net (fo=3410, routed)        1.041     2.234    rv64im72f_6sp/mem_wb_register/clk_IBUF_BUFG
    SLICE_X24Y2          FDRE                                         r  rv64im72f_6sp/mem_wb_register/WB_instruction_reg[8]/C
                         clock pessimism             -0.528     1.706    
    SLICE_X24Y2          FDRE (Hold_fdre_C_D)         0.076     1.782    rv64im72f_6sp/mem_wb_register/WB_instruction_reg[8]
  -------------------------------------------------------------------
                         required time                         -1.782    
                         arrival time                           1.906    
  -------------------------------------------------------------------
                         slack                                  0.124    

Slack (MET) :             0.124ns  (arrival time - required time)
  Source:                 rv64im72f_6sp/ex_mem_register/MEM_instruction_reg[17]/C
                            (rising edge-triggered cell FDRE clocked by sys_clk_pin  {rise@0.000ns fall@5.000ns period=10.000ns})
  Destination:            rv64im72f_6sp/mem_wb_register/WB_instruction_reg[17]/D
                            (rising edge-triggered cell FDRE clocked by sys_clk_pin  {rise@0.000ns fall@5.000ns period=10.000ns})
  Path Group:             sys_clk_pin
  Path Type:              Hold (Min at Fast Process Corner)
  Requirement:            0.000ns  (sys_clk_pin rise@0.000ns - sys_clk_pin rise@0.000ns)
  Data Path Delay:        0.200ns  (logic 0.141ns (70.589%)  route 0.059ns (29.411%))
  Logic Levels:           0  
  Clock Path Skew:        0.000ns (DCD - SCD - CPR)
    Destination Clock Delay (DCD):    2.227ns
    Source Clock Delay      (SCD):    1.700ns
    Clock Pessimism Removal (CPR):    0.527ns

    Location             Delay type                Incr(ns)  Path(ns)    Netlist Resource(s)
  -------------------------------------------------------------------    -------------------
                         (clock sys_clk_pin rise edge)
                                                      0.000     0.000 r  
    R4                                                0.000     0.000 r  clk (IN)
                         net (fo=0)                   0.000     0.000    clk
    R4                   IBUF (Prop_ibuf_I_O)         0.243     0.243 r  clk_IBUF_inst/O
                         net (fo=1, routed)           0.676     0.919    clk_IBUF
    BUFGCTRL_X0Y0        BUFG (Prop_bufg_I_O)         0.026     0.945 r  clk_IBUF_BUFG_inst/O
                         net (fo=3410, routed)        0.755     1.700    rv64im72f_6sp/ex_mem_register/clk_IBUF_BUFG
    SLICE_X38Y0          FDRE                                         r  rv64im72f_6sp/ex_mem_register/MEM_instruction_reg[17]/C
  -------------------------------------------------------------------    -------------------
    SLICE_X38Y0          FDRE (Prop_fdre_C_Q)         0.141     1.841 r  rv64im72f_6sp/ex_mem_register/MEM_instruction_reg[17]/Q
                         net (fo=1, routed)           0.059     1.900    rv64im72f_6sp/mem_wb_register/D[17]
    SLICE_X38Y0          FDRE                                         r  rv64im72f_6sp/mem_wb_register/WB_instruction_reg[17]/D
  -------------------------------------------------------------------    -------------------

                         (clock sys_clk_pin rise edge)
                                                      0.000     0.000 r  
    R4                                                0.000     0.000 r  clk (IN)
                         net (fo=0)                   0.000     0.000    clk
    R4                   IBUF (Prop_ibuf_I_O)         0.431     0.431 r  clk_IBUF_inst/O
                         net (fo=1, routed)           0.734     1.165    clk_IBUF
    BUFGCTRL_X0Y0        BUFG (Prop_bufg_I_O)         0.029     1.194 r  clk_IBUF_BUFG_inst/O
                         net (fo=3410, routed)        1.034     2.227    rv64im72f_6sp/mem_wb_register/clk_IBUF_BUFG
    SLICE_X38Y0          FDRE                                         r  rv64im72f_6sp/mem_wb_register/WB_instruction_reg[17]/C
                         clock pessimism             -0.527     1.700    
    SLICE_X38Y0          FDRE (Hold_fdre_C_D)         0.076     1.776    rv64im72f_6sp/mem_wb_register/WB_instruction_reg[17]
  -------------------------------------------------------------------
                         required time                         -1.776    
                         arrival time                           1.900    
  -------------------------------------------------------------------
                         slack                                  0.124    

Slack (MET) :             0.125ns  (arrival time - required time)
  Source:                 rv64im72f_6sp/ex_mem_register/MEM_instruction_reg[19]/C
                            (rising edge-triggered cell FDRE clocked by sys_clk_pin  {rise@0.000ns fall@5.000ns period=10.000ns})
  Destination:            rv64im72f_6sp/mem_wb_register/WB_instruction_reg[19]/D
                            (rising edge-triggered cell FDRE clocked by sys_clk_pin  {rise@0.000ns fall@5.000ns period=10.000ns})
  Path Group:             sys_clk_pin
  Path Type:              Hold (Min at Fast Process Corner)
  Requirement:            0.000ns  (sys_clk_pin rise@0.000ns - sys_clk_pin rise@0.000ns)
  Data Path Delay:        0.203ns  (logic 0.141ns (69.572%)  route 0.062ns (30.428%))
  Logic Levels:           0  
  Clock Path Skew:        0.000ns (DCD - SCD - CPR)
    Destination Clock Delay (DCD):    2.227ns
    Source Clock Delay      (SCD):    1.700ns
    Clock Pessimism Removal (CPR):    0.527ns

    Location             Delay type                Incr(ns)  Path(ns)    Netlist Resource(s)
  -------------------------------------------------------------------    -------------------
                         (clock sys_clk_pin rise edge)
                                                      0.000     0.000 r  
    R4                                                0.000     0.000 r  clk (IN)
                         net (fo=0)                   0.000     0.000    clk
    R4                   IBUF (Prop_ibuf_I_O)         0.243     0.243 r  clk_IBUF_inst/O
                         net (fo=1, routed)           0.676     0.919    clk_IBUF
    BUFGCTRL_X0Y0        BUFG (Prop_bufg_I_O)         0.026     0.945 r  clk_IBUF_BUFG_inst/O
                         net (fo=3410, routed)        0.755     1.700    rv64im72f_6sp/ex_mem_register/clk_IBUF_BUFG
    SLICE_X38Y0          FDRE                                         r  rv64im72f_6sp/ex_mem_register/MEM_instruction_reg[19]/C
  -------------------------------------------------------------------    -------------------
    SLICE_X38Y0          FDRE (Prop_fdre_C_Q)         0.141     1.841 r  rv64im72f_6sp/ex_mem_register/MEM_instruction_reg[19]/Q
                         net (fo=1, routed)           0.062     1.903    rv64im72f_6sp/mem_wb_register/D[19]
    SLICE_X38Y0          FDRE                                         r  rv64im72f_6sp/mem_wb_register/WB_instruction_reg[19]/D
  -------------------------------------------------------------------    -------------------

                         (clock sys_clk_pin rise edge)
                                                      0.000     0.000 r  
    R4                                                0.000     0.000 r  clk (IN)
                         net (fo=0)                   0.000     0.000    clk
    R4                   IBUF (Prop_ibuf_I_O)         0.431     0.431 r  clk_IBUF_inst/O
                         net (fo=1, routed)           0.734     1.165    clk_IBUF
    BUFGCTRL_X0Y0        BUFG (Prop_bufg_I_O)         0.029     1.194 r  clk_IBUF_BUFG_inst/O
                         net (fo=3410, routed)        1.034     2.227    rv64im72f_6sp/mem_wb_register/clk_IBUF_BUFG
    SLICE_X38Y0          FDRE                                         r  rv64im72f_6sp/mem_wb_register/WB_instruction_reg[19]/C
                         clock pessimism             -0.527     1.700    
    SLICE_X38Y0          FDRE (Hold_fdre_C_D)         0.078     1.778    rv64im72f_6sp/mem_wb_register/WB_instruction_reg[19]
  -------------------------------------------------------------------
                         required time                         -1.778    
                         arrival time                           1.903    
  -------------------------------------------------------------------
                         slack                                  0.125    

Slack (MET) :             0.125ns  (arrival time - required time)
  Source:                 rv64im72f_6sp/ex_mem_register/MEM_instruction_reg[9]/C
                            (rising edge-triggered cell FDRE clocked by sys_clk_pin  {rise@0.000ns fall@5.000ns period=10.000ns})
  Destination:            rv64im72f_6sp/mem_wb_register/WB_instruction_reg[9]/D
                            (rising edge-triggered cell FDRE clocked by sys_clk_pin  {rise@0.000ns fall@5.000ns period=10.000ns})
  Path Group:             sys_clk_pin
  Path Type:              Hold (Min at Fast Process Corner)
  Requirement:            0.000ns  (sys_clk_pin rise@0.000ns - sys_clk_pin rise@0.000ns)
  Data Path Delay:        0.203ns  (logic 0.141ns (69.572%)  route 0.062ns (30.428%))
  Logic Levels:           0  
  Clock Path Skew:        0.000ns (DCD - SCD - CPR)
    Destination Clock Delay (DCD):    2.234ns
    Source Clock Delay      (SCD):    1.706ns
    Clock Pessimism Removal (CPR):    0.528ns

    Location             Delay type                Incr(ns)  Path(ns)    Netlist Resource(s)
  -------------------------------------------------------------------    -------------------
                         (clock sys_clk_pin rise edge)
                                                      0.000     0.000 r  
    R4                                                0.000     0.000 r  clk (IN)
                         net (fo=0)                   0.000     0.000    clk
    R4                   IBUF (Prop_ibuf_I_O)         0.243     0.243 r  clk_IBUF_inst/O
                         net (fo=1, routed)           0.676     0.919    clk_IBUF
    BUFGCTRL_X0Y0        BUFG (Prop_bufg_I_O)         0.026     0.945 r  clk_IBUF_BUFG_inst/O
                         net (fo=3410, routed)        0.761     1.706    rv64im72f_6sp/ex_mem_register/clk_IBUF_BUFG
    SLICE_X24Y2          FDRE                                         r  rv64im72f_6sp/ex_mem_register/MEM_instruction_reg[9]/C
  -------------------------------------------------------------------    -------------------
    SLICE_X24Y2          FDRE (Prop_fdre_C_Q)         0.141     1.847 r  rv64im72f_6sp/ex_mem_register/MEM_instruction_reg[9]/Q
                         net (fo=1, routed)           0.062     1.909    rv64im72f_6sp/mem_wb_register/D[9]
    SLICE_X24Y2          FDRE                                         r  rv64im72f_6sp/mem_wb_register/WB_instruction_reg[9]/D
  -------------------------------------------------------------------    -------------------

                         (clock sys_clk_pin rise edge)
                                                      0.000     0.000 r  
    R4                                                0.000     0.000 r  clk (IN)
                         net (fo=0)                   0.000     0.000    clk
    R4                   IBUF (Prop_ibuf_I_O)         0.431     0.431 r  clk_IBUF_inst/O
                         net (fo=1, routed)           0.734     1.165    clk_IBUF
    BUFGCTRL_X0Y0        BUFG (Prop_bufg_I_O)         0.029     1.194 r  clk_IBUF_BUFG_inst/O
                         net (fo=3410, routed)        1.041     2.234    rv64im72f_6sp/mem_wb_register/clk_IBUF_BUFG
    SLICE_X24Y2          FDRE                                         r  rv64im72f_6sp/mem_wb_register/WB_instruction_reg[9]/C
                         clock pessimism             -0.528     1.706    
    SLICE_X24Y2          FDRE (Hold_fdre_C_D)         0.078     1.784    rv64im72f_6sp/mem_wb_register/WB_instruction_reg[9]
  -------------------------------------------------------------------
                         required time                         -1.784    
                         arrival time                           1.909    
  -------------------------------------------------------------------
                         slack                                  0.125    

Slack (MET) :             0.126ns  (arrival time - required time)
  Source:                 rv64im72f_6sp/ex_mem_register/MEM_instruction_reg[23]/C
                            (rising edge-triggered cell FDRE clocked by sys_clk_pin  {rise@0.000ns fall@5.000ns period=10.000ns})
  Destination:            rv64im72f_6sp/mem_wb_register/WB_instruction_reg[23]/D
                            (rising edge-triggered cell FDRE clocked by sys_clk_pin  {rise@0.000ns fall@5.000ns period=10.000ns})
  Path Group:             sys_clk_pin
  Path Type:              Hold (Min at Fast Process Corner)
  Requirement:            0.000ns  (sys_clk_pin rise@0.000ns - sys_clk_pin rise@0.000ns)
  Data Path Delay:        0.197ns  (logic 0.141ns (71.611%)  route 0.056ns (28.389%))
  Logic Levels:           0  
  Clock Path Skew:        0.000ns (DCD - SCD - CPR)
    Destination Clock Delay (DCD):    2.227ns
    Source Clock Delay      (SCD):    1.700ns
    Clock Pessimism Removal (CPR):    0.527ns

    Location             Delay type                Incr(ns)  Path(ns)    Netlist Resource(s)
  -------------------------------------------------------------------    -------------------
                         (clock sys_clk_pin rise edge)
                                                      0.000     0.000 r  
    R4                                                0.000     0.000 r  clk (IN)
                         net (fo=0)                   0.000     0.000    clk
    R4                   IBUF (Prop_ibuf_I_O)         0.243     0.243 r  clk_IBUF_inst/O
                         net (fo=1, routed)           0.676     0.919    clk_IBUF
    BUFGCTRL_X0Y0        BUFG (Prop_bufg_I_O)         0.026     0.945 r  clk_IBUF_BUFG_inst/O
                         net (fo=3410, routed)        0.755     1.700    rv64im72f_6sp/ex_mem_register/clk_IBUF_BUFG
    SLICE_X41Y0          FDRE                                         r  rv64im72f_6sp/ex_mem_register/MEM_instruction_reg[23]/C
  -------------------------------------------------------------------    -------------------
    SLICE_X41Y0          FDRE (Prop_fdre_C_Q)         0.141     1.841 r  rv64im72f_6sp/ex_mem_register/MEM_instruction_reg[23]/Q
                         net (fo=1, routed)           0.056     1.897    rv64im72f_6sp/mem_wb_register/D[23]
    SLICE_X41Y0          FDRE                                         r  rv64im72f_6sp/mem_wb_register/WB_instruction_reg[23]/D
  -------------------------------------------------------------------    -------------------

                         (clock sys_clk_pin rise edge)
                                                      0.000     0.000 r  
    R4                                                0.000     0.000 r  clk (IN)
                         net (fo=0)                   0.000     0.000    clk
    R4                   IBUF (Prop_ibuf_I_O)         0.431     0.431 r  clk_IBUF_inst/O
                         net (fo=1, routed)           0.734     1.165    clk_IBUF
    BUFGCTRL_X0Y0        BUFG (Prop_bufg_I_O)         0.029     1.194 r  clk_IBUF_BUFG_inst/O
                         net (fo=3410, routed)        1.034     2.227    rv64im72f_6sp/mem_wb_register/clk_IBUF_BUFG
    SLICE_X41Y0          FDRE                                         r  rv64im72f_6sp/mem_wb_register/WB_instruction_reg[23]/C
                         clock pessimism             -0.527     1.700    
    SLICE_X41Y0          FDRE (Hold_fdre_C_D)         0.071     1.771    rv64im72f_6sp/mem_wb_register/WB_instruction_reg[23]
  -------------------------------------------------------------------
                         required time                         -1.771    
                         arrival time                           1.897    
  -------------------------------------------------------------------
                         slack                                  0.126    

Slack (MET) :             0.126ns  (arrival time - required time)
  Source:                 rv64im72f_6sp/ex_mem_register/MEM_instruction_reg[24]/C
                            (rising edge-triggered cell FDRE clocked by sys_clk_pin  {rise@0.000ns fall@5.000ns period=10.000ns})
  Destination:            rv64im72f_6sp/mem_wb_register/WB_instruction_reg[24]/D
                            (rising edge-triggered cell FDRE clocked by sys_clk_pin  {rise@0.000ns fall@5.000ns period=10.000ns})
  Path Group:             sys_clk_pin
  Path Type:              Hold (Min at Fast Process Corner)
  Requirement:            0.000ns  (sys_clk_pin rise@0.000ns - sys_clk_pin rise@0.000ns)
  Data Path Delay:        0.197ns  (logic 0.141ns (71.611%)  route 0.056ns (28.389%))
  Logic Levels:           0  
  Clock Path Skew:        0.000ns (DCD - SCD - CPR)
    Destination Clock Delay (DCD):    2.197ns
    Source Clock Delay      (SCD):    1.671ns
    Clock Pessimism Removal (CPR):    0.526ns

    Location             Delay type                Incr(ns)  Path(ns)    Netlist Resource(s)
  -------------------------------------------------------------------    -------------------
                         (clock sys_clk_pin rise edge)
                                                      0.000     0.000 r  
    R4                                                0.000     0.000 r  clk (IN)
                         net (fo=0)                   0.000     0.000    clk
    R4                   IBUF (Prop_ibuf_I_O)         0.243     0.243 r  clk_IBUF_inst/O
                         net (fo=1, routed)           0.676     0.919    clk_IBUF
    BUFGCTRL_X0Y0        BUFG (Prop_bufg_I_O)         0.026     0.945 r  clk_IBUF_BUFG_inst/O
                         net (fo=3410, routed)        0.726     1.671    rv64im72f_6sp/ex_mem_register/clk_IBUF_BUFG
    SLICE_X45Y0          FDRE                                         r  rv64im72f_6sp/ex_mem_register/MEM_instruction_reg[24]/C
  -------------------------------------------------------------------    -------------------
    SLICE_X45Y0          FDRE (Prop_fdre_C_Q)         0.141     1.812 r  rv64im72f_6sp/ex_mem_register/MEM_instruction_reg[24]/Q
                         net (fo=1, routed)           0.056     1.868    rv64im72f_6sp/mem_wb_register/D[24]
    SLICE_X45Y0          FDRE                                         r  rv64im72f_6sp/mem_wb_register/WB_instruction_reg[24]/D
  -------------------------------------------------------------------    -------------------

                         (clock sys_clk_pin rise edge)
                                                      0.000     0.000 r  
    R4                                                0.000     0.000 r  clk (IN)
                         net (fo=0)                   0.000     0.000    clk
    R4                   IBUF (Prop_ibuf_I_O)         0.431     0.431 r  clk_IBUF_inst/O
                         net (fo=1, routed)           0.734     1.165    clk_IBUF
    BUFGCTRL_X0Y0        BUFG (Prop_bufg_I_O)         0.029     1.194 r  clk_IBUF_BUFG_inst/O
                         net (fo=3410, routed)        1.004     2.197    rv64im72f_6sp/mem_wb_register/clk_IBUF_BUFG
    SLICE_X45Y0          FDRE                                         r  rv64im72f_6sp/mem_wb_register/WB_instruction_reg[24]/C
                         clock pessimism             -0.526     1.671    
    SLICE_X45Y0          FDRE (Hold_fdre_C_D)         0.071     1.742    rv64im72f_6sp/mem_wb_register/WB_instruction_reg[24]
  -------------------------------------------------------------------
                         required time                         -1.742    
                         arrival time                           1.868    
  -------------------------------------------------------------------
                         slack                                  0.126    





Pulse Width Checks
--------------------------------------------------------------------------------------
Clock Name:         sys_clk_pin
Waveform(ns):       { 0.000 5.000 }
Period(ns):         10.000
Sources:            { clk }

Check Type        Corner  Lib Pin             Reference Pin  Required(ns)  Actual(ns)  Slack(ns)  Location       Pin
Min Period        n/a     RAMB36E1/CLKARDCLK  n/a            2.576         10.000      7.424      RAMB36_X2Y3    rv64im72f_6sp/instruction_memory/instruction_reg_0/CLKARDCLK
Min Period        n/a     RAMB36E1/CLKARDCLK  n/a            2.576         10.000      7.424      RAMB36_X1Y1    rv64im72f_6sp/instruction_memory/instruction_reg_1/CLKARDCLK
Min Period        n/a     RAMB36E1/CLKARDCLK  n/a            2.576         10.000      7.424      RAMB36_X1Y0    rv64im72f_6sp/instruction_memory/instruction_reg_2/CLKARDCLK
Min Period        n/a     RAMB36E1/CLKARDCLK  n/a            2.576         10.000      7.424      RAMB36_X2Y2    rv64im72f_6sp/instruction_memory/instruction_reg_3/CLKARDCLK
Min Period        n/a     RAMB36E1/CLKARDCLK  n/a            2.576         10.000      7.424      RAMB36_X2Y1    rv64im72f_6sp/instruction_memory/instruction_reg_4/CLKARDCLK
Min Period        n/a     RAMB36E1/CLKARDCLK  n/a            2.576         10.000      7.424      RAMB36_X1Y2    rv64im72f_6sp/instruction_memory/instruction_reg_5/CLKARDCLK
Min Period        n/a     RAMB36E1/CLKARDCLK  n/a            2.576         10.000      7.424      RAMB36_X2Y0    rv64im72f_6sp/instruction_memory/instruction_reg_6/CLKARDCLK
Min Period        n/a     RAMB36E1/CLKARDCLK  n/a            2.576         10.000      7.424      RAMB36_X1Y3    rv64im72f_6sp/instruction_memory/instruction_reg_7/CLKARDCLK
Min Period        n/a     BUFG/I              n/a            2.155         10.000      7.845      BUFGCTRL_X0Y0  clk_IBUF_BUFG_inst/I
Min Period        n/a     DSP48E1/CLK         n/a            2.154         10.000      7.846      DSP48_X1Y18    rv64im72f_6sp/alu/multiplier_dword/mult_AHBH__0/CLK
Low Pulse Width   Slow    RAMD32/CLK          n/a            1.250         5.000       3.750      SLICE_X36Y10   rv64im72f_6sp/register_file/registers_reg_r1_0_31_0_5/RAMA/CLK
Low Pulse Width   Fast    RAMD32/CLK          n/a            1.250         5.000       3.750      SLICE_X36Y10   rv64im72f_6sp/register_file/registers_reg_r1_0_31_0_5/RAMA/CLK
Low Pulse Width   Slow    RAMD32/CLK          n/a            1.250         5.000       3.750      SLICE_X36Y10   rv64im72f_6sp/register_file/registers_reg_r1_0_31_0_5/RAMA_D1/CLK
Low Pulse Width   Fast    RAMD32/CLK          n/a            1.250         5.000       3.750      SLICE_X36Y10   rv64im72f_6sp/register_file/registers_reg_r1_0_31_0_5/RAMA_D1/CLK
Low Pulse Width   Slow    RAMD32/CLK          n/a            1.250         5.000       3.750      SLICE_X36Y10   rv64im72f_6sp/register_file/registers_reg_r1_0_31_0_5/RAMB/CLK
Low Pulse Width   Fast    RAMD32/CLK          n/a            1.250         5.000       3.750      SLICE_X36Y10   rv64im72f_6sp/register_file/registers_reg_r1_0_31_0_5/RAMB/CLK
Low Pulse Width   Slow    RAMD32/CLK          n/a            1.250         5.000       3.750      SLICE_X36Y10   rv64im72f_6sp/register_file/registers_reg_r1_0_31_0_5/RAMB_D1/CLK
Low Pulse Width   Fast    RAMD32/CLK          n/a            1.250         5.000       3.750      SLICE_X36Y10   rv64im72f_6sp/register_file/registers_reg_r1_0_31_0_5/RAMB_D1/CLK
Low Pulse Width   Slow    RAMD32/CLK          n/a            1.250         5.000       3.750      SLICE_X36Y10   rv64im72f_6sp/register_file/registers_reg_r1_0_31_0_5/RAMC/CLK
Low Pulse Width   Fast    RAMD32/CLK          n/a            1.250         5.000       3.750      SLICE_X36Y10   rv64im72f_6sp/register_file/registers_reg_r1_0_31_0_5/RAMC/CLK
High Pulse Width  Slow    RAMD32/CLK          n/a            1.250         5.000       3.750      SLICE_X36Y10   rv64im72f_6sp/register_file/registers_reg_r1_0_31_0_5/RAMA/CLK
High Pulse Width  Fast    RAMD32/CLK          n/a            1.250         5.000       3.750      SLICE_X36Y10   rv64im72f_6sp/register_file/registers_reg_r1_0_31_0_5/RAMA/CLK
High Pulse Width  Slow    RAMD32/CLK          n/a            1.250         5.000       3.750      SLICE_X36Y10   rv64im72f_6sp/register_file/registers_reg_r1_0_31_0_5/RAMA_D1/CLK
High Pulse Width  Fast    RAMD32/CLK          n/a            1.250         5.000       3.750      SLICE_X36Y10   rv64im72f_6sp/register_file/registers_reg_r1_0_31_0_5/RAMA_D1/CLK
High Pulse Width  Slow    RAMD32/CLK          n/a            1.250         5.000       3.750      SLICE_X36Y10   rv64im72f_6sp/register_file/registers_reg_r1_0_31_0_5/RAMB/CLK
High Pulse Width  Fast    RAMD32/CLK          n/a            1.250         5.000       3.750      SLICE_X36Y10   rv64im72f_6sp/register_file/registers_reg_r1_0_31_0_5/RAMB/CLK
High Pulse Width  Slow    RAMD32/CLK          n/a            1.250         5.000       3.750      SLICE_X36Y10   rv64im72f_6sp/register_file/registers_reg_r1_0_31_0_5/RAMB_D1/CLK
High Pulse Width  Fast    RAMD32/CLK          n/a            1.250         5.000       3.750      SLICE_X36Y10   rv64im72f_6sp/register_file/registers_reg_r1_0_31_0_5/RAMB_D1/CLK
High Pulse Width  Slow    RAMD32/CLK          n/a            1.250         5.000       3.750      SLICE_X36Y10   rv64im72f_6sp/register_file/registers_reg_r1_0_31_0_5/RAMC/CLK
High Pulse Width  Fast    RAMD32/CLK          n/a            1.250         5.000       3.750      SLICE_X36Y10   rv64im72f_6sp/register_file/registers_reg_r1_0_31_0_5/RAMC/CLK



---------------------------------------------------------------------------------------------------
Path Group:  **async_default**
From Clock:  sys_clk_pin
  To Clock:  sys_clk_pin

Setup :            0  Failing Endpoints,  Worst Slack        3.635ns,  Total Violation        0.000ns
Hold  :            0  Failing Endpoints,  Worst Slack        0.370ns,  Total Violation        0.000ns
---------------------------------------------------------------------------------------------------


Max Delay Paths
--------------------------------------------------------------------------------------
Slack (MET) :             3.635ns  (required time - arrival time)
  Source:                 reset_sync_reg[2]_replica_1/C
                            (rising edge-triggered cell FDPE clocked by sys_clk_pin  {rise@0.000ns fall@5.000ns period=10.000ns})
  Destination:            unified_uart_controller/btn_sync_reg[1]/CLR
                            (recovery check against rising-edge clock sys_clk_pin  {rise@0.000ns fall@5.000ns period=10.000ns})
  Path Group:             **async_default**
  Path Type:              Recovery (Max at Slow Process Corner)
  Requirement:            10.000ns  (sys_clk_pin rise@10.000ns - sys_clk_pin rise@0.000ns)
  Data Path Delay:        5.620ns  (logic 0.518ns (9.218%)  route 5.102ns (90.782%))
  Logic Levels:           0  
  Clock Path Skew:        -0.305ns (DCD - SCD + CPR)
    Destination Clock Delay (DCD):    5.307ns = ( 15.307 - 10.000 ) 
    Source Clock Delay      (SCD):    5.813ns
    Clock Pessimism Removal (CPR):    0.201ns
  Clock Uncertainty:      0.035ns  ((TSJ^2 + TIJ^2)^1/2 + DJ) / 2 + PE
    Total System Jitter     (TSJ):    0.071ns
    Total Input Jitter      (TIJ):    0.000ns
    Discrete Jitter          (DJ):    0.000ns
    Phase Error              (PE):    0.000ns

    Location             Delay type                Incr(ns)  Path(ns)    Netlist Resource(s)
  -------------------------------------------------------------------    -------------------
                         (clock sys_clk_pin rise edge)
                                                      0.000     0.000 r  
    R4                                                0.000     0.000 r  clk (IN)
                         net (fo=0)                   0.000     0.000    clk
    R4                   IBUF (Prop_ibuf_I_O)         1.475     1.475 r  clk_IBUF_inst/O
                         net (fo=1, routed)           2.114     3.589    clk_IBUF
    BUFGCTRL_X0Y0        BUFG (Prop_bufg_I_O)         0.096     3.685 r  clk_IBUF_BUFG_inst/O
                         net (fo=3410, routed)        2.128     5.813    clk_IBUF_BUFG
    SLICE_X20Y43         FDPE                                         r  reset_sync_reg[2]_replica_1/C
  -------------------------------------------------------------------    -------------------
    SLICE_X20Y43         FDPE (Prop_fdpe_C_Q)         0.518     6.331 f  reset_sync_reg[2]_replica_1/Q
                         net (fo=111, routed)         5.102    11.433    unified_uart_controller/internal_reset_repN_1_alias
    SLICE_X17Y80         FDCE                                         f  unified_uart_controller/btn_sync_reg[1]/CLR
  -------------------------------------------------------------------    -------------------

                         (clock sys_clk_pin rise edge)
                                                     10.000    10.000 r  
    R4                                                0.000    10.000 r  clk (IN)
                         net (fo=0)                   0.000    10.000    clk
    R4                   IBUF (Prop_ibuf_I_O)         1.405    11.405 r  clk_IBUF_inst/O
                         net (fo=1, routed)           2.004    13.409    clk_IBUF
    BUFGCTRL_X0Y0        BUFG (Prop_bufg_I_O)         0.091    13.500 r  clk_IBUF_BUFG_inst/O
                         net (fo=3410, routed)        1.807    15.307    unified_uart_controller/clk_IBUF_BUFG
    SLICE_X17Y80         FDCE                                         r  unified_uart_controller/btn_sync_reg[1]/C
                         clock pessimism              0.201    15.508    
                         clock uncertainty           -0.035    15.473    
    SLICE_X17Y80         FDCE (Recov_fdce_C_CLR)     -0.405    15.068    unified_uart_controller/btn_sync_reg[1]
  -------------------------------------------------------------------
                         required time                         15.068    
                         arrival time                         -11.433    
  -------------------------------------------------------------------
                         slack                                  3.635    

Slack (MET) :             3.635ns  (required time - arrival time)
  Source:                 reset_sync_reg[2]_replica_1/C
                            (rising edge-triggered cell FDPE clocked by sys_clk_pin  {rise@0.000ns fall@5.000ns period=10.000ns})
  Destination:            unified_uart_controller/btn_sync_reg[2]/CLR
                            (recovery check against rising-edge clock sys_clk_pin  {rise@0.000ns fall@5.000ns period=10.000ns})
  Path Group:             **async_default**
  Path Type:              Recovery (Max at Slow Process Corner)
  Requirement:            10.000ns  (sys_clk_pin rise@10.000ns - sys_clk_pin rise@0.000ns)
  Data Path Delay:        5.620ns  (logic 0.518ns (9.218%)  route 5.102ns (90.782%))
  Logic Levels:           0  
  Clock Path Skew:        -0.305ns (DCD - SCD + CPR)
    Destination Clock Delay (DCD):    5.307ns = ( 15.307 - 10.000 ) 
    Source Clock Delay      (SCD):    5.813ns
    Clock Pessimism Removal (CPR):    0.201ns
  Clock Uncertainty:      0.035ns  ((TSJ^2 + TIJ^2)^1/2 + DJ) / 2 + PE
    Total System Jitter     (TSJ):    0.071ns
    Total Input Jitter      (TIJ):    0.000ns
    Discrete Jitter          (DJ):    0.000ns
    Phase Error              (PE):    0.000ns

    Location             Delay type                Incr(ns)  Path(ns)    Netlist Resource(s)
  -------------------------------------------------------------------    -------------------
                         (clock sys_clk_pin rise edge)
                                                      0.000     0.000 r  
    R4                                                0.000     0.000 r  clk (IN)
                         net (fo=0)                   0.000     0.000    clk
    R4                   IBUF (Prop_ibuf_I_O)         1.475     1.475 r  clk_IBUF_inst/O
                         net (fo=1, routed)           2.114     3.589    clk_IBUF
    BUFGCTRL_X0Y0        BUFG (Prop_bufg_I_O)         0.096     3.685 r  clk_IBUF_BUFG_inst/O
                         net (fo=3410, routed)        2.128     5.813    clk_IBUF_BUFG
    SLICE_X20Y43         FDPE                                         r  reset_sync_reg[2]_replica_1/C
  -------------------------------------------------------------------    -------------------
    SLICE_X20Y43         FDPE (Prop_fdpe_C_Q)         0.518     6.331 f  reset_sync_reg[2]_replica_1/Q
                         net (fo=111, routed)         5.102    11.433    unified_uart_controller/internal_reset_repN_1_alias
    SLICE_X17Y80         FDCE                                         f  unified_uart_controller/btn_sync_reg[2]/CLR
  -------------------------------------------------------------------    -------------------

                         (clock sys_clk_pin rise edge)
                                                     10.000    10.000 r  
    R4                                                0.000    10.000 r  clk (IN)
                         net (fo=0)                   0.000    10.000    clk
    R4                   IBUF (Prop_ibuf_I_O)         1.405    11.405 r  clk_IBUF_inst/O
                         net (fo=1, routed)           2.004    13.409    clk_IBUF
    BUFGCTRL_X0Y0        BUFG (Prop_bufg_I_O)         0.091    13.500 r  clk_IBUF_BUFG_inst/O
                         net (fo=3410, routed)        1.807    15.307    unified_uart_controller/clk_IBUF_BUFG
    SLICE_X17Y80         FDCE                                         r  unified_uart_controller/btn_sync_reg[2]/C
                         clock pessimism              0.201    15.508    
                         clock uncertainty           -0.035    15.473    
    SLICE_X17Y80         FDCE (Recov_fdce_C_CLR)     -0.405    15.068    unified_uart_controller/btn_sync_reg[2]
  -------------------------------------------------------------------
                         required time                         15.068    
                         arrival time                         -11.433    
  -------------------------------------------------------------------
                         slack                                  3.635    

Slack (MET) :             3.635ns  (required time - arrival time)
  Source:                 reset_sync_reg[2]_replica_1/C
                            (rising edge-triggered cell FDPE clocked by sys_clk_pin  {rise@0.000ns fall@5.000ns period=10.000ns})
  Destination:            unified_uart_controller/debounce_counter_reg[15]/CLR
                            (recovery check against rising-edge clock sys_clk_pin  {rise@0.000ns fall@5.000ns period=10.000ns})
  Path Group:             **async_default**
  Path Type:              Recovery (Max at Slow Process Corner)
  Requirement:            10.000ns  (sys_clk_pin rise@10.000ns - sys_clk_pin rise@0.000ns)
  Data Path Delay:        5.620ns  (logic 0.518ns (9.218%)  route 5.102ns (90.782%))
  Logic Levels:           0  
  Clock Path Skew:        -0.305ns (DCD - SCD + CPR)
    Destination Clock Delay (DCD):    5.307ns = ( 15.307 - 10.000 ) 
    Source Clock Delay      (SCD):    5.813ns
    Clock Pessimism Removal (CPR):    0.201ns
  Clock Uncertainty:      0.035ns  ((TSJ^2 + TIJ^2)^1/2 + DJ) / 2 + PE
    Total System Jitter     (TSJ):    0.071ns
    Total Input Jitter      (TIJ):    0.000ns
    Discrete Jitter          (DJ):    0.000ns
    Phase Error              (PE):    0.000ns

    Location             Delay type                Incr(ns)  Path(ns)    Netlist Resource(s)
  -------------------------------------------------------------------    -------------------
                         (clock sys_clk_pin rise edge)
                                                      0.000     0.000 r  
    R4                                                0.000     0.000 r  clk (IN)
                         net (fo=0)                   0.000     0.000    clk
    R4                   IBUF (Prop_ibuf_I_O)         1.475     1.475 r  clk_IBUF_inst/O
                         net (fo=1, routed)           2.114     3.589    clk_IBUF
    BUFGCTRL_X0Y0        BUFG (Prop_bufg_I_O)         0.096     3.685 r  clk_IBUF_BUFG_inst/O
                         net (fo=3410, routed)        2.128     5.813    clk_IBUF_BUFG
    SLICE_X20Y43         FDPE                                         r  reset_sync_reg[2]_replica_1/C
  -------------------------------------------------------------------    -------------------
    SLICE_X20Y43         FDPE (Prop_fdpe_C_Q)         0.518     6.331 f  reset_sync_reg[2]_replica_1/Q
                         net (fo=111, routed)         5.102    11.433    unified_uart_controller/internal_reset_repN_1_alias
    SLICE_X17Y80         FDCE                                         f  unified_uart_controller/debounce_counter_reg[15]/CLR
  -------------------------------------------------------------------    -------------------

                         (clock sys_clk_pin rise edge)
                                                     10.000    10.000 r  
    R4                                                0.000    10.000 r  clk (IN)
                         net (fo=0)                   0.000    10.000    clk
    R4                   IBUF (Prop_ibuf_I_O)         1.405    11.405 r  clk_IBUF_inst/O
                         net (fo=1, routed)           2.004    13.409    clk_IBUF
    BUFGCTRL_X0Y0        BUFG (Prop_bufg_I_O)         0.091    13.500 r  clk_IBUF_BUFG_inst/O
                         net (fo=3410, routed)        1.807    15.307    unified_uart_controller/clk_IBUF_BUFG
    SLICE_X17Y80         FDCE                                         r  unified_uart_controller/debounce_counter_reg[15]/C
                         clock pessimism              0.201    15.508    
                         clock uncertainty           -0.035    15.473    
    SLICE_X17Y80         FDCE (Recov_fdce_C_CLR)     -0.405    15.068    unified_uart_controller/debounce_counter_reg[15]
  -------------------------------------------------------------------
                         required time                         15.068    
                         arrival time                         -11.433    
  -------------------------------------------------------------------
                         slack                                  3.635    

Slack (MET) :             3.635ns  (required time - arrival time)
  Source:                 reset_sync_reg[2]_replica_1/C
                            (rising edge-triggered cell FDPE clocked by sys_clk_pin  {rise@0.000ns fall@5.000ns period=10.000ns})
  Destination:            unified_uart_controller/debounce_counter_reg[16]/CLR
                            (recovery check against rising-edge clock sys_clk_pin  {rise@0.000ns fall@5.000ns period=10.000ns})
  Path Group:             **async_default**
  Path Type:              Recovery (Max at Slow Process Corner)
  Requirement:            10.000ns  (sys_clk_pin rise@10.000ns - sys_clk_pin rise@0.000ns)
  Data Path Delay:        5.620ns  (logic 0.518ns (9.218%)  route 5.102ns (90.782%))
  Logic Levels:           0  
  Clock Path Skew:        -0.305ns (DCD - SCD + CPR)
    Destination Clock Delay (DCD):    5.307ns = ( 15.307 - 10.000 ) 
    Source Clock Delay      (SCD):    5.813ns
    Clock Pessimism Removal (CPR):    0.201ns
  Clock Uncertainty:      0.035ns  ((TSJ^2 + TIJ^2)^1/2 + DJ) / 2 + PE
    Total System Jitter     (TSJ):    0.071ns
    Total Input Jitter      (TIJ):    0.000ns
    Discrete Jitter          (DJ):    0.000ns
    Phase Error              (PE):    0.000ns

    Location             Delay type                Incr(ns)  Path(ns)    Netlist Resource(s)
  -------------------------------------------------------------------    -------------------
                         (clock sys_clk_pin rise edge)
                                                      0.000     0.000 r  
    R4                                                0.000     0.000 r  clk (IN)
                         net (fo=0)                   0.000     0.000    clk
    R4                   IBUF (Prop_ibuf_I_O)         1.475     1.475 r  clk_IBUF_inst/O
                         net (fo=1, routed)           2.114     3.589    clk_IBUF
    BUFGCTRL_X0Y0        BUFG (Prop_bufg_I_O)         0.096     3.685 r  clk_IBUF_BUFG_inst/O
                         net (fo=3410, routed)        2.128     5.813    clk_IBUF_BUFG
    SLICE_X20Y43         FDPE                                         r  reset_sync_reg[2]_replica_1/C
  -------------------------------------------------------------------    -------------------
    SLICE_X20Y43         FDPE (Prop_fdpe_C_Q)         0.518     6.331 f  reset_sync_reg[2]_replica_1/Q
                         net (fo=111, routed)         5.102    11.433    unified_uart_controller/internal_reset_repN_1_alias
    SLICE_X17Y80         FDCE                                         f  unified_uart_controller/debounce_counter_reg[16]/CLR
  -------------------------------------------------------------------    -------------------

                         (clock sys_clk_pin rise edge)
                                                     10.000    10.000 r  
    R4                                                0.000    10.000 r  clk (IN)
                         net (fo=0)                   0.000    10.000    clk
    R4                   IBUF (Prop_ibuf_I_O)         1.405    11.405 r  clk_IBUF_inst/O
                         net (fo=1, routed)           2.004    13.409    clk_IBUF
    BUFGCTRL_X0Y0        BUFG (Prop_bufg_I_O)         0.091    13.500 r  clk_IBUF_BUFG_inst/O
                         net (fo=3410, routed)        1.807    15.307    unified_uart_controller/clk_IBUF_BUFG
    SLICE_X17Y80         FDCE                                         r  unified_uart_controller/debounce_counter_reg[16]/C
                         clock pessimism              0.201    15.508    
                         clock uncertainty           -0.035    15.473    
    SLICE_X17Y80         FDCE (Recov_fdce_C_CLR)     -0.405    15.068    unified_uart_controller/debounce_counter_reg[16]
  -------------------------------------------------------------------
                         required time                         15.068    
                         arrival time                         -11.433    
  -------------------------------------------------------------------
                         slack                                  3.635    

Slack (MET) :             3.721ns  (required time - arrival time)
  Source:                 reset_sync_reg[2]_replica_1/C
                            (rising edge-triggered cell FDPE clocked by sys_clk_pin  {rise@0.000ns fall@5.000ns period=10.000ns})
  Destination:            unified_uart_controller/btn_sync_reg[0]/CLR
                            (recovery check against rising-edge clock sys_clk_pin  {rise@0.000ns fall@5.000ns period=10.000ns})
  Path Group:             **async_default**
  Path Type:              Recovery (Max at Slow Process Corner)
  Requirement:            10.000ns  (sys_clk_pin rise@10.000ns - sys_clk_pin rise@0.000ns)
  Data Path Delay:        5.620ns  (logic 0.518ns (9.218%)  route 5.102ns (90.782%))
  Logic Levels:           0  
  Clock Path Skew:        -0.305ns (DCD - SCD + CPR)
    Destination Clock Delay (DCD):    5.307ns = ( 15.307 - 10.000 ) 
    Source Clock Delay      (SCD):    5.813ns
    Clock Pessimism Removal (CPR):    0.201ns
  Clock Uncertainty:      0.035ns  ((TSJ^2 + TIJ^2)^1/2 + DJ) / 2 + PE
    Total System Jitter     (TSJ):    0.071ns
    Total Input Jitter      (TIJ):    0.000ns
    Discrete Jitter          (DJ):    0.000ns
    Phase Error              (PE):    0.000ns

    Location             Delay type                Incr(ns)  Path(ns)    Netlist Resource(s)
  -------------------------------------------------------------------    -------------------
                         (clock sys_clk_pin rise edge)
                                                      0.000     0.000 r  
    R4                                                0.000     0.000 r  clk (IN)
                         net (fo=0)                   0.000     0.000    clk
    R4                   IBUF (Prop_ibuf_I_O)         1.475     1.475 r  clk_IBUF_inst/O
                         net (fo=1, routed)           2.114     3.589    clk_IBUF
    BUFGCTRL_X0Y0        BUFG (Prop_bufg_I_O)         0.096     3.685 r  clk_IBUF_BUFG_inst/O
                         net (fo=3410, routed)        2.128     5.813    clk_IBUF_BUFG
    SLICE_X20Y43         FDPE                                         r  reset_sync_reg[2]_replica_1/C
  -------------------------------------------------------------------    -------------------
    SLICE_X20Y43         FDPE (Prop_fdpe_C_Q)         0.518     6.331 f  reset_sync_reg[2]_replica_1/Q
                         net (fo=111, routed)         5.102    11.433    unified_uart_controller/internal_reset_repN_1_alias
    SLICE_X16Y80         FDCE                                         f  unified_uart_controller/btn_sync_reg[0]/CLR
  -------------------------------------------------------------------    -------------------

                         (clock sys_clk_pin rise edge)
                                                     10.000    10.000 r  
    R4                                                0.000    10.000 r  clk (IN)
                         net (fo=0)                   0.000    10.000    clk
    R4                   IBUF (Prop_ibuf_I_O)         1.405    11.405 r  clk_IBUF_inst/O
                         net (fo=1, routed)           2.004    13.409    clk_IBUF
    BUFGCTRL_X0Y0        BUFG (Prop_bufg_I_O)         0.091    13.500 r  clk_IBUF_BUFG_inst/O
                         net (fo=3410, routed)        1.807    15.307    unified_uart_controller/clk_IBUF_BUFG
    SLICE_X16Y80         FDCE                                         r  unified_uart_controller/btn_sync_reg[0]/C
                         clock pessimism              0.201    15.508    
                         clock uncertainty           -0.035    15.473    
    SLICE_X16Y80         FDCE (Recov_fdce_C_CLR)     -0.319    15.154    unified_uart_controller/btn_sync_reg[0]
  -------------------------------------------------------------------
                         required time                         15.154    
                         arrival time                         -11.433    
  -------------------------------------------------------------------
                         slack                                  3.721    

Slack (MET) :             3.874ns  (required time - arrival time)
  Source:                 reset_sync_reg[2]_replica_1/C
                            (rising edge-triggered cell FDPE clocked by sys_clk_pin  {rise@0.000ns fall@5.000ns period=10.000ns})
  Destination:            unified_uart_controller/debounce_counter_reg[10]/CLR
                            (recovery check against rising-edge clock sys_clk_pin  {rise@0.000ns fall@5.000ns period=10.000ns})
  Path Group:             **async_default**
  Path Type:              Recovery (Max at Slow Process Corner)
  Requirement:            10.000ns  (sys_clk_pin rise@10.000ns - sys_clk_pin rise@0.000ns)
  Data Path Delay:        5.381ns  (logic 0.518ns (9.627%)  route 4.863ns (90.373%))
  Logic Levels:           0  
  Clock Path Skew:        -0.305ns (DCD - SCD + CPR)
    Destination Clock Delay (DCD):    5.307ns = ( 15.307 - 10.000 ) 
    Source Clock Delay      (SCD):    5.813ns
    Clock Pessimism Removal (CPR):    0.201ns
  Clock Uncertainty:      0.035ns  ((TSJ^2 + TIJ^2)^1/2 + DJ) / 2 + PE
    Total System Jitter     (TSJ):    0.071ns
    Total Input Jitter      (TIJ):    0.000ns
    Discrete Jitter          (DJ):    0.000ns
    Phase Error              (PE):    0.000ns

    Location             Delay type                Incr(ns)  Path(ns)    Netlist Resource(s)
  -------------------------------------------------------------------    -------------------
                         (clock sys_clk_pin rise edge)
                                                      0.000     0.000 r  
    R4                                                0.000     0.000 r  clk (IN)
                         net (fo=0)                   0.000     0.000    clk
    R4                   IBUF (Prop_ibuf_I_O)         1.475     1.475 r  clk_IBUF_inst/O
                         net (fo=1, routed)           2.114     3.589    clk_IBUF
    BUFGCTRL_X0Y0        BUFG (Prop_bufg_I_O)         0.096     3.685 r  clk_IBUF_BUFG_inst/O
                         net (fo=3410, routed)        2.128     5.813    clk_IBUF_BUFG
    SLICE_X20Y43         FDPE                                         r  reset_sync_reg[2]_replica_1/C
  -------------------------------------------------------------------    -------------------
    SLICE_X20Y43         FDPE (Prop_fdpe_C_Q)         0.518     6.331 f  reset_sync_reg[2]_replica_1/Q
                         net (fo=111, routed)         4.863    11.194    unified_uart_controller/internal_reset_repN_1_alias
    SLICE_X17Y79         FDCE                                         f  unified_uart_controller/debounce_counter_reg[10]/CLR
  -------------------------------------------------------------------    -------------------

                         (clock sys_clk_pin rise edge)
                                                     10.000    10.000 r  
    R4                                                0.000    10.000 r  clk (IN)
                         net (fo=0)                   0.000    10.000    clk
    R4                   IBUF (Prop_ibuf_I_O)         1.405    11.405 r  clk_IBUF_inst/O
                         net (fo=1, routed)           2.004    13.409    clk_IBUF
    BUFGCTRL_X0Y0        BUFG (Prop_bufg_I_O)         0.091    13.500 r  clk_IBUF_BUFG_inst/O
                         net (fo=3410, routed)        1.807    15.307    unified_uart_controller/clk_IBUF_BUFG
    SLICE_X17Y79         FDCE                                         r  unified_uart_controller/debounce_counter_reg[10]/C
                         clock pessimism              0.201    15.508    
                         clock uncertainty           -0.035    15.473    
    SLICE_X17Y79         FDCE (Recov_fdce_C_CLR)     -0.405    15.068    unified_uart_controller/debounce_counter_reg[10]
  -------------------------------------------------------------------
                         required time                         15.068    
                         arrival time                         -11.194    
  -------------------------------------------------------------------
                         slack                                  3.874    

Slack (MET) :             3.874ns  (required time - arrival time)
  Source:                 reset_sync_reg[2]_replica_1/C
                            (rising edge-triggered cell FDPE clocked by sys_clk_pin  {rise@0.000ns fall@5.000ns period=10.000ns})
  Destination:            unified_uart_controller/debounce_counter_reg[11]/CLR
                            (recovery check against rising-edge clock sys_clk_pin  {rise@0.000ns fall@5.000ns period=10.000ns})
  Path Group:             **async_default**
  Path Type:              Recovery (Max at Slow Process Corner)
  Requirement:            10.000ns  (sys_clk_pin rise@10.000ns - sys_clk_pin rise@0.000ns)
  Data Path Delay:        5.381ns  (logic 0.518ns (9.627%)  route 4.863ns (90.373%))
  Logic Levels:           0  
  Clock Path Skew:        -0.305ns (DCD - SCD + CPR)
    Destination Clock Delay (DCD):    5.307ns = ( 15.307 - 10.000 ) 
    Source Clock Delay      (SCD):    5.813ns
    Clock Pessimism Removal (CPR):    0.201ns
  Clock Uncertainty:      0.035ns  ((TSJ^2 + TIJ^2)^1/2 + DJ) / 2 + PE
    Total System Jitter     (TSJ):    0.071ns
    Total Input Jitter      (TIJ):    0.000ns
    Discrete Jitter          (DJ):    0.000ns
    Phase Error              (PE):    0.000ns

    Location             Delay type                Incr(ns)  Path(ns)    Netlist Resource(s)
  -------------------------------------------------------------------    -------------------
                         (clock sys_clk_pin rise edge)
                                                      0.000     0.000 r  
    R4                                                0.000     0.000 r  clk (IN)
                         net (fo=0)                   0.000     0.000    clk
    R4                   IBUF (Prop_ibuf_I_O)         1.475     1.475 r  clk_IBUF_inst/O
                         net (fo=1, routed)           2.114     3.589    clk_IBUF
    BUFGCTRL_X0Y0        BUFG (Prop_bufg_I_O)         0.096     3.685 r  clk_IBUF_BUFG_inst/O
                         net (fo=3410, routed)        2.128     5.813    clk_IBUF_BUFG
    SLICE_X20Y43         FDPE                                         r  reset_sync_reg[2]_replica_1/C
  -------------------------------------------------------------------    -------------------
    SLICE_X20Y43         FDPE (Prop_fdpe_C_Q)         0.518     6.331 f  reset_sync_reg[2]_replica_1/Q
                         net (fo=111, routed)         4.863    11.194    unified_uart_controller/internal_reset_repN_1_alias
    SLICE_X17Y79         FDCE                                         f  unified_uart_controller/debounce_counter_reg[11]/CLR
  -------------------------------------------------------------------    -------------------

                         (clock sys_clk_pin rise edge)
                                                     10.000    10.000 r  
    R4                                                0.000    10.000 r  clk (IN)
                         net (fo=0)                   0.000    10.000    clk
    R4                   IBUF (Prop_ibuf_I_O)         1.405    11.405 r  clk_IBUF_inst/O
                         net (fo=1, routed)           2.004    13.409    clk_IBUF
    BUFGCTRL_X0Y0        BUFG (Prop_bufg_I_O)         0.091    13.500 r  clk_IBUF_BUFG_inst/O
                         net (fo=3410, routed)        1.807    15.307    unified_uart_controller/clk_IBUF_BUFG
    SLICE_X17Y79         FDCE                                         r  unified_uart_controller/debounce_counter_reg[11]/C
                         clock pessimism              0.201    15.508    
                         clock uncertainty           -0.035    15.473    
    SLICE_X17Y79         FDCE (Recov_fdce_C_CLR)     -0.405    15.068    unified_uart_controller/debounce_counter_reg[11]
  -------------------------------------------------------------------
                         required time                         15.068    
                         arrival time                         -11.194    
  -------------------------------------------------------------------
                         slack                                  3.874    

Slack (MET) :             3.874ns  (required time - arrival time)
  Source:                 reset_sync_reg[2]_replica_1/C
                            (rising edge-triggered cell FDPE clocked by sys_clk_pin  {rise@0.000ns fall@5.000ns period=10.000ns})
  Destination:            unified_uart_controller/debounce_counter_reg[7]/CLR
                            (recovery check against rising-edge clock sys_clk_pin  {rise@0.000ns fall@5.000ns period=10.000ns})
  Path Group:             **async_default**
  Path Type:              Recovery (Max at Slow Process Corner)
  Requirement:            10.000ns  (sys_clk_pin rise@10.000ns - sys_clk_pin rise@0.000ns)
  Data Path Delay:        5.381ns  (logic 0.518ns (9.627%)  route 4.863ns (90.373%))
  Logic Levels:           0  
  Clock Path Skew:        -0.305ns (DCD - SCD + CPR)
    Destination Clock Delay (DCD):    5.307ns = ( 15.307 - 10.000 ) 
    Source Clock Delay      (SCD):    5.813ns
    Clock Pessimism Removal (CPR):    0.201ns
  Clock Uncertainty:      0.035ns  ((TSJ^2 + TIJ^2)^1/2 + DJ) / 2 + PE
    Total System Jitter     (TSJ):    0.071ns
    Total Input Jitter      (TIJ):    0.000ns
    Discrete Jitter          (DJ):    0.000ns
    Phase Error              (PE):    0.000ns

    Location             Delay type                Incr(ns)  Path(ns)    Netlist Resource(s)
  -------------------------------------------------------------------    -------------------
                         (clock sys_clk_pin rise edge)
                                                      0.000     0.000 r  
    R4                                                0.000     0.000 r  clk (IN)
                         net (fo=0)                   0.000     0.000    clk
    R4                   IBUF (Prop_ibuf_I_O)         1.475     1.475 r  clk_IBUF_inst/O
                         net (fo=1, routed)           2.114     3.589    clk_IBUF
    BUFGCTRL_X0Y0        BUFG (Prop_bufg_I_O)         0.096     3.685 r  clk_IBUF_BUFG_inst/O
                         net (fo=3410, routed)        2.128     5.813    clk_IBUF_BUFG
    SLICE_X20Y43         FDPE                                         r  reset_sync_reg[2]_replica_1/C
  -------------------------------------------------------------------    -------------------
    SLICE_X20Y43         FDPE (Prop_fdpe_C_Q)         0.518     6.331 f  reset_sync_reg[2]_replica_1/Q
                         net (fo=111, routed)         4.863    11.194    unified_uart_controller/internal_reset_repN_1_alias
    SLICE_X17Y79         FDCE                                         f  unified_uart_controller/debounce_counter_reg[7]/CLR
  -------------------------------------------------------------------    -------------------

                         (clock sys_clk_pin rise edge)
                                                     10.000    10.000 r  
    R4                                                0.000    10.000 r  clk (IN)
                         net (fo=0)                   0.000    10.000    clk
    R4                   IBUF (Prop_ibuf_I_O)         1.405    11.405 r  clk_IBUF_inst/O
                         net (fo=1, routed)           2.004    13.409    clk_IBUF
    BUFGCTRL_X0Y0        BUFG (Prop_bufg_I_O)         0.091    13.500 r  clk_IBUF_BUFG_inst/O
                         net (fo=3410, routed)        1.807    15.307    unified_uart_controller/clk_IBUF_BUFG
    SLICE_X17Y79         FDCE                                         r  unified_uart_controller/debounce_counter_reg[7]/C
                         clock pessimism              0.201    15.508    
                         clock uncertainty           -0.035    15.473    
    SLICE_X17Y79         FDCE (Recov_fdce_C_CLR)     -0.405    15.068    unified_uart_controller/debounce_counter_reg[7]
  -------------------------------------------------------------------
                         required time                         15.068    
                         arrival time                         -11.194    
  -------------------------------------------------------------------
                         slack                                  3.874    

Slack (MET) :             3.884ns  (required time - arrival time)
  Source:                 reset_sync_reg[2]_replica_1/C
                            (rising edge-triggered cell FDPE clocked by sys_clk_pin  {rise@0.000ns fall@5.000ns period=10.000ns})
  Destination:            unified_uart_controller/btn_stable_reg/CLR
                            (recovery check against rising-edge clock sys_clk_pin  {rise@0.000ns fall@5.000ns period=10.000ns})
  Path Group:             **async_default**
  Path Type:              Recovery (Max at Slow Process Corner)
  Requirement:            10.000ns  (sys_clk_pin rise@10.000ns - sys_clk_pin rise@0.000ns)
  Data Path Delay:        5.372ns  (logic 0.518ns (9.643%)  route 4.854ns (90.357%))
  Logic Levels:           0  
  Clock Path Skew:        -0.304ns (DCD - SCD + CPR)
    Destination Clock Delay (DCD):    5.308ns = ( 15.308 - 10.000 ) 
    Source Clock Delay      (SCD):    5.813ns
    Clock Pessimism Removal (CPR):    0.201ns
  Clock Uncertainty:      0.035ns  ((TSJ^2 + TIJ^2)^1/2 + DJ) / 2 + PE
    Total System Jitter     (TSJ):    0.071ns
    Total Input Jitter      (TIJ):    0.000ns
    Discrete Jitter          (DJ):    0.000ns
    Phase Error              (PE):    0.000ns

    Location             Delay type                Incr(ns)  Path(ns)    Netlist Resource(s)
  -------------------------------------------------------------------    -------------------
                         (clock sys_clk_pin rise edge)
                                                      0.000     0.000 r  
    R4                                                0.000     0.000 r  clk (IN)
                         net (fo=0)                   0.000     0.000    clk
    R4                   IBUF (Prop_ibuf_I_O)         1.475     1.475 r  clk_IBUF_inst/O
                         net (fo=1, routed)           2.114     3.589    clk_IBUF
    BUFGCTRL_X0Y0        BUFG (Prop_bufg_I_O)         0.096     3.685 r  clk_IBUF_BUFG_inst/O
                         net (fo=3410, routed)        2.128     5.813    clk_IBUF_BUFG
    SLICE_X20Y43         FDPE                                         r  reset_sync_reg[2]_replica_1/C
  -------------------------------------------------------------------    -------------------
    SLICE_X20Y43         FDPE (Prop_fdpe_C_Q)         0.518     6.331 f  reset_sync_reg[2]_replica_1/Q
                         net (fo=111, routed)         4.854    11.185    unified_uart_controller/internal_reset_repN_1_alias
    SLICE_X17Y81         FDCE                                         f  unified_uart_controller/btn_stable_reg/CLR
  -------------------------------------------------------------------    -------------------

                         (clock sys_clk_pin rise edge)
                                                     10.000    10.000 r  
    R4                                                0.000    10.000 r  clk (IN)
                         net (fo=0)                   0.000    10.000    clk
    R4                   IBUF (Prop_ibuf_I_O)         1.405    11.405 r  clk_IBUF_inst/O
                         net (fo=1, routed)           2.004    13.409    clk_IBUF
    BUFGCTRL_X0Y0        BUFG (Prop_bufg_I_O)         0.091    13.500 r  clk_IBUF_BUFG_inst/O
                         net (fo=3410, routed)        1.808    15.308    unified_uart_controller/clk_IBUF_BUFG
    SLICE_X17Y81         FDCE                                         r  unified_uart_controller/btn_stable_reg/C
                         clock pessimism              0.201    15.509    
                         clock uncertainty           -0.035    15.474    
    SLICE_X17Y81         FDCE (Recov_fdce_C_CLR)     -0.405    15.069    unified_uart_controller/btn_stable_reg
  -------------------------------------------------------------------
                         required time                         15.069    
                         arrival time                         -11.185    
  -------------------------------------------------------------------
                         slack                                  3.884    

Slack (MET) :             3.884ns  (required time - arrival time)
  Source:                 reset_sync_reg[2]_replica_1/C
                            (rising edge-triggered cell FDPE clocked by sys_clk_pin  {rise@0.000ns fall@5.000ns period=10.000ns})
  Destination:            unified_uart_controller/debounce_counter_reg[17]/CLR
                            (recovery check against rising-edge clock sys_clk_pin  {rise@0.000ns fall@5.000ns period=10.000ns})
  Path Group:             **async_default**
  Path Type:              Recovery (Max at Slow Process Corner)
  Requirement:            10.000ns  (sys_clk_pin rise@10.000ns - sys_clk_pin rise@0.000ns)
  Data Path Delay:        5.372ns  (logic 0.518ns (9.643%)  route 4.854ns (90.357%))
  Logic Levels:           0  
  Clock Path Skew:        -0.304ns (DCD - SCD + CPR)
    Destination Clock Delay (DCD):    5.308ns = ( 15.308 - 10.000 ) 
    Source Clock Delay      (SCD):    5.813ns
    Clock Pessimism Removal (CPR):    0.201ns
  Clock Uncertainty:      0.035ns  ((TSJ^2 + TIJ^2)^1/2 + DJ) / 2 + PE
    Total System Jitter     (TSJ):    0.071ns
    Total Input Jitter      (TIJ):    0.000ns
    Discrete Jitter          (DJ):    0.000ns
    Phase Error              (PE):    0.000ns

    Location             Delay type                Incr(ns)  Path(ns)    Netlist Resource(s)
  -------------------------------------------------------------------    -------------------
                         (clock sys_clk_pin rise edge)
                                                      0.000     0.000 r  
    R4                                                0.000     0.000 r  clk (IN)
                         net (fo=0)                   0.000     0.000    clk
    R4                   IBUF (Prop_ibuf_I_O)         1.475     1.475 r  clk_IBUF_inst/O
                         net (fo=1, routed)           2.114     3.589    clk_IBUF
    BUFGCTRL_X0Y0        BUFG (Prop_bufg_I_O)         0.096     3.685 r  clk_IBUF_BUFG_inst/O
                         net (fo=3410, routed)        2.128     5.813    clk_IBUF_BUFG
    SLICE_X20Y43         FDPE                                         r  reset_sync_reg[2]_replica_1/C
  -------------------------------------------------------------------    -------------------
    SLICE_X20Y43         FDPE (Prop_fdpe_C_Q)         0.518     6.331 f  reset_sync_reg[2]_replica_1/Q
                         net (fo=111, routed)         4.854    11.185    unified_uart_controller/internal_reset_repN_1_alias
    SLICE_X17Y81         FDCE                                         f  unified_uart_controller/debounce_counter_reg[17]/CLR
  -------------------------------------------------------------------    -------------------

                         (clock sys_clk_pin rise edge)
                                                     10.000    10.000 r  
    R4                                                0.000    10.000 r  clk (IN)
                         net (fo=0)                   0.000    10.000    clk
    R4                   IBUF (Prop_ibuf_I_O)         1.405    11.405 r  clk_IBUF_inst/O
                         net (fo=1, routed)           2.004    13.409    clk_IBUF
    BUFGCTRL_X0Y0        BUFG (Prop_bufg_I_O)         0.091    13.500 r  clk_IBUF_BUFG_inst/O
                         net (fo=3410, routed)        1.808    15.308    unified_uart_controller/clk_IBUF_BUFG
    SLICE_X17Y81         FDCE                                         r  unified_uart_controller/debounce_counter_reg[17]/C
                         clock pessimism              0.201    15.509    
                         clock uncertainty           -0.035    15.474    
    SLICE_X17Y81         FDCE (Recov_fdce_C_CLR)     -0.405    15.069    unified_uart_controller/debounce_counter_reg[17]
  -------------------------------------------------------------------
                         required time                         15.069    
                         arrival time                         -11.185    
  -------------------------------------------------------------------
                         slack                                  3.884    





Min Delay Paths
--------------------------------------------------------------------------------------
Slack (MET) :             0.370ns  (arrival time - required time)
  Source:                 reset_sync_reg[2]_replica_7/C
                            (rising edge-triggered cell FDPE clocked by sys_clk_pin  {rise@0.000ns fall@5.000ns period=10.000ns})
  Destination:            rv64im72f_6sp/alu/divider_dword/div_overflow_flag_reg_rep/CLR
                            (removal check against rising-edge clock sys_clk_pin  {rise@0.000ns fall@5.000ns period=10.000ns})
  Path Group:             **async_default**
  Path Type:              Removal (Min at Fast Process Corner)
  Requirement:            0.000ns  (sys_clk_pin rise@0.000ns - sys_clk_pin rise@0.000ns)
  Data Path Delay:        0.339ns  (logic 0.141ns (41.573%)  route 0.198ns (58.427%))
  Logic Levels:           0  
  Clock Path Skew:        0.036ns (DCD - SCD - CPR)
    Destination Clock Delay (DCD):    2.229ns
    Source Clock Delay      (SCD):    1.704ns
    Clock Pessimism Removal (CPR):    0.489ns

    Location             Delay type                Incr(ns)  Path(ns)    Netlist Resource(s)
  -------------------------------------------------------------------    -------------------
                         (clock sys_clk_pin rise edge)
                                                      0.000     0.000 r  
    R4                                                0.000     0.000 r  clk (IN)
                         net (fo=0)                   0.000     0.000    clk
    R4                   IBUF (Prop_ibuf_I_O)         0.243     0.243 r  clk_IBUF_inst/O
                         net (fo=1, routed)           0.676     0.919    clk_IBUF
    BUFGCTRL_X0Y0        BUFG (Prop_bufg_I_O)         0.026     0.945 r  clk_IBUF_BUFG_inst/O
                         net (fo=3410, routed)        0.759     1.704    clk_IBUF_BUFG
    SLICE_X15Y18         FDPE                                         r  reset_sync_reg[2]_replica_7/C
  -------------------------------------------------------------------    -------------------
    SLICE_X15Y18         FDPE (Prop_fdpe_C_Q)         0.141     1.845 f  reset_sync_reg[2]_replica_7/Q
                         net (fo=114, routed)         0.198     2.043    rv64im72f_6sp/alu/divider_dword/internal_reset_repN_7_alias
    SLICE_X16Y17         FDCE                                         f  rv64im72f_6sp/alu/divider_dword/div_overflow_flag_reg_rep/CLR
  -------------------------------------------------------------------    -------------------

                         (clock sys_clk_pin rise edge)
                                                      0.000     0.000 r  
    R4                                                0.000     0.000 r  clk (IN)
                         net (fo=0)                   0.000     0.000    clk
    R4                   IBUF (Prop_ibuf_I_O)         0.431     0.431 r  clk_IBUF_inst/O
                         net (fo=1, routed)           0.734     1.165    clk_IBUF
    BUFGCTRL_X0Y0        BUFG (Prop_bufg_I_O)         0.029     1.194 r  clk_IBUF_BUFG_inst/O
                         net (fo=3410, routed)        1.036     2.229    rv64im72f_6sp/alu/divider_dword/clk_IBUF_BUFG
    SLICE_X16Y17         FDCE                                         r  rv64im72f_6sp/alu/divider_dword/div_overflow_flag_reg_rep/C
                         clock pessimism             -0.489     1.740    
    SLICE_X16Y17         FDCE (Remov_fdce_C_CLR)     -0.067     1.673    rv64im72f_6sp/alu/divider_dword/div_overflow_flag_reg_rep
  -------------------------------------------------------------------
                         required time                         -1.673    
                         arrival time                           2.043    
  -------------------------------------------------------------------
                         slack                                  0.370    

Slack (MET) :             0.380ns  (arrival time - required time)
  Source:                 reset_sync_reg[2]/C
                            (rising edge-triggered cell FDPE clocked by sys_clk_pin  {rise@0.000ns fall@5.000ns period=10.000ns})
  Destination:            rv64im72f_6sp/alu/divider_dword/remainder_reg_reg[13]/CLR
                            (removal check against rising-edge clock sys_clk_pin  {rise@0.000ns fall@5.000ns period=10.000ns})
  Path Group:             **async_default**
  Path Type:              Removal (Min at Fast Process Corner)
  Requirement:            0.000ns  (sys_clk_pin rise@0.000ns - sys_clk_pin rise@0.000ns)
  Data Path Delay:        0.327ns  (logic 0.141ns (43.062%)  route 0.186ns (56.938%))
  Logic Levels:           0  
  Clock Path Skew:        0.014ns (DCD - SCD - CPR)
    Destination Clock Delay (DCD):    2.226ns
    Source Clock Delay      (SCD):    1.700ns
    Clock Pessimism Removal (CPR):    0.512ns

    Location             Delay type                Incr(ns)  Path(ns)    Netlist Resource(s)
  -------------------------------------------------------------------    -------------------
                         (clock sys_clk_pin rise edge)
                                                      0.000     0.000 r  
    R4                                                0.000     0.000 r  clk (IN)
                         net (fo=0)                   0.000     0.000    clk
    R4                   IBUF (Prop_ibuf_I_O)         0.243     0.243 r  clk_IBUF_inst/O
                         net (fo=1, routed)           0.676     0.919    clk_IBUF
    BUFGCTRL_X0Y0        BUFG (Prop_bufg_I_O)         0.026     0.945 r  clk_IBUF_BUFG_inst/O
                         net (fo=3410, routed)        0.755     1.700    clk_IBUF_BUFG
    SLICE_X19Y20         FDPE                                         r  reset_sync_reg[2]/C
  -------------------------------------------------------------------    -------------------
    SLICE_X19Y20         FDPE (Prop_fdpe_C_Q)         0.141     1.841 f  reset_sync_reg[2]/Q
                         net (fo=142, routed)         0.186     2.027    rv64im72f_6sp/alu/divider_dword/Q[0]
    SLICE_X16Y20         FDCE                                         f  rv64im72f_6sp/alu/divider_dword/remainder_reg_reg[13]/CLR
  -------------------------------------------------------------------    -------------------

                         (clock sys_clk_pin rise edge)
                                                      0.000     0.000 r  
    R4                                                0.000     0.000 r  clk (IN)
                         net (fo=0)                   0.000     0.000    clk
    R4                   IBUF (Prop_ibuf_I_O)         0.431     0.431 r  clk_IBUF_inst/O
                         net (fo=1, routed)           0.734     1.165    clk_IBUF
    BUFGCTRL_X0Y0        BUFG (Prop_bufg_I_O)         0.029     1.194 r  clk_IBUF_BUFG_inst/O
                         net (fo=3410, routed)        1.033     2.226    rv64im72f_6sp/alu/divider_dword/clk_IBUF_BUFG
    SLICE_X16Y20         FDCE                                         r  rv64im72f_6sp/alu/divider_dword/remainder_reg_reg[13]/C
                         clock pessimism             -0.512     1.714    
    SLICE_X16Y20         FDCE (Remov_fdce_C_CLR)     -0.067     1.647    rv64im72f_6sp/alu/divider_dword/remainder_reg_reg[13]
  -------------------------------------------------------------------
                         required time                         -1.647    
                         arrival time                           2.027    
  -------------------------------------------------------------------
                         slack                                  0.380    

Slack (MET) :             0.380ns  (arrival time - required time)
  Source:                 reset_sync_reg[2]/C
                            (rising edge-triggered cell FDPE clocked by sys_clk_pin  {rise@0.000ns fall@5.000ns period=10.000ns})
  Destination:            rv64im72f_6sp/alu/divider_dword/remainder_reg_reg[14]/CLR
                            (removal check against rising-edge clock sys_clk_pin  {rise@0.000ns fall@5.000ns period=10.000ns})
  Path Group:             **async_default**
  Path Type:              Removal (Min at Fast Process Corner)
  Requirement:            0.000ns  (sys_clk_pin rise@0.000ns - sys_clk_pin rise@0.000ns)
  Data Path Delay:        0.327ns  (logic 0.141ns (43.062%)  route 0.186ns (56.938%))
  Logic Levels:           0  
  Clock Path Skew:        0.014ns (DCD - SCD - CPR)
    Destination Clock Delay (DCD):    2.226ns
    Source Clock Delay      (SCD):    1.700ns
    Clock Pessimism Removal (CPR):    0.512ns

    Location             Delay type                Incr(ns)  Path(ns)    Netlist Resource(s)
  -------------------------------------------------------------------    -------------------
                         (clock sys_clk_pin rise edge)
                                                      0.000     0.000 r  
    R4                                                0.000     0.000 r  clk (IN)
                         net (fo=0)                   0.000     0.000    clk
    R4                   IBUF (Prop_ibuf_I_O)         0.243     0.243 r  clk_IBUF_inst/O
                         net (fo=1, routed)           0.676     0.919    clk_IBUF
    BUFGCTRL_X0Y0        BUFG (Prop_bufg_I_O)         0.026     0.945 r  clk_IBUF_BUFG_inst/O
                         net (fo=3410, routed)        0.755     1.700    clk_IBUF_BUFG
    SLICE_X19Y20         FDPE                                         r  reset_sync_reg[2]/C
  -------------------------------------------------------------------    -------------------
    SLICE_X19Y20         FDPE (Prop_fdpe_C_Q)         0.141     1.841 f  reset_sync_reg[2]/Q
                         net (fo=142, routed)         0.186     2.027    rv64im72f_6sp/alu/divider_dword/Q[0]
    SLICE_X16Y20         FDCE                                         f  rv64im72f_6sp/alu/divider_dword/remainder_reg_reg[14]/CLR
  -------------------------------------------------------------------    -------------------

                         (clock sys_clk_pin rise edge)
                                                      0.000     0.000 r  
    R4                                                0.000     0.000 r  clk (IN)
                         net (fo=0)                   0.000     0.000    clk
    R4                   IBUF (Prop_ibuf_I_O)         0.431     0.431 r  clk_IBUF_inst/O
                         net (fo=1, routed)           0.734     1.165    clk_IBUF
    BUFGCTRL_X0Y0        BUFG (Prop_bufg_I_O)         0.029     1.194 r  clk_IBUF_BUFG_inst/O
                         net (fo=3410, routed)        1.033     2.226    rv64im72f_6sp/alu/divider_dword/clk_IBUF_BUFG
    SLICE_X16Y20         FDCE                                         r  rv64im72f_6sp/alu/divider_dword/remainder_reg_reg[14]/C
                         clock pessimism             -0.512     1.714    
    SLICE_X16Y20         FDCE (Remov_fdce_C_CLR)     -0.067     1.647    rv64im72f_6sp/alu/divider_dword/remainder_reg_reg[14]
  -------------------------------------------------------------------
                         required time                         -1.647    
                         arrival time                           2.027    
  -------------------------------------------------------------------
                         slack                                  0.380    

Slack (MET) :             0.380ns  (arrival time - required time)
  Source:                 reset_sync_reg[2]/C
                            (rising edge-triggered cell FDPE clocked by sys_clk_pin  {rise@0.000ns fall@5.000ns period=10.000ns})
  Destination:            rv64im72f_6sp/alu/divider_dword/remainder_reg_reg[5]/CLR
                            (removal check against rising-edge clock sys_clk_pin  {rise@0.000ns fall@5.000ns period=10.000ns})
  Path Group:             **async_default**
  Path Type:              Removal (Min at Fast Process Corner)
  Requirement:            0.000ns  (sys_clk_pin rise@0.000ns - sys_clk_pin rise@0.000ns)
  Data Path Delay:        0.327ns  (logic 0.141ns (43.062%)  route 0.186ns (56.938%))
  Logic Levels:           0  
  Clock Path Skew:        0.014ns (DCD - SCD - CPR)
    Destination Clock Delay (DCD):    2.226ns
    Source Clock Delay      (SCD):    1.700ns
    Clock Pessimism Removal (CPR):    0.512ns

    Location             Delay type                Incr(ns)  Path(ns)    Netlist Resource(s)
  -------------------------------------------------------------------    -------------------
                         (clock sys_clk_pin rise edge)
                                                      0.000     0.000 r  
    R4                                                0.000     0.000 r  clk (IN)
                         net (fo=0)                   0.000     0.000    clk
    R4                   IBUF (Prop_ibuf_I_O)         0.243     0.243 r  clk_IBUF_inst/O
                         net (fo=1, routed)           0.676     0.919    clk_IBUF
    BUFGCTRL_X0Y0        BUFG (Prop_bufg_I_O)         0.026     0.945 r  clk_IBUF_BUFG_inst/O
                         net (fo=3410, routed)        0.755     1.700    clk_IBUF_BUFG
    SLICE_X19Y20         FDPE                                         r  reset_sync_reg[2]/C
  -------------------------------------------------------------------    -------------------
    SLICE_X19Y20         FDPE (Prop_fdpe_C_Q)         0.141     1.841 f  reset_sync_reg[2]/Q
                         net (fo=142, routed)         0.186     2.027    rv64im72f_6sp/alu/divider_dword/Q[0]
    SLICE_X16Y20         FDCE                                         f  rv64im72f_6sp/alu/divider_dword/remainder_reg_reg[5]/CLR
  -------------------------------------------------------------------    -------------------

                         (clock sys_clk_pin rise edge)
                                                      0.000     0.000 r  
    R4                                                0.000     0.000 r  clk (IN)
                         net (fo=0)                   0.000     0.000    clk
    R4                   IBUF (Prop_ibuf_I_O)         0.431     0.431 r  clk_IBUF_inst/O
                         net (fo=1, routed)           0.734     1.165    clk_IBUF
    BUFGCTRL_X0Y0        BUFG (Prop_bufg_I_O)         0.029     1.194 r  clk_IBUF_BUFG_inst/O
                         net (fo=3410, routed)        1.033     2.226    rv64im72f_6sp/alu/divider_dword/clk_IBUF_BUFG
    SLICE_X16Y20         FDCE                                         r  rv64im72f_6sp/alu/divider_dword/remainder_reg_reg[5]/C
                         clock pessimism             -0.512     1.714    
    SLICE_X16Y20         FDCE (Remov_fdce_C_CLR)     -0.067     1.647    rv64im72f_6sp/alu/divider_dword/remainder_reg_reg[5]
  -------------------------------------------------------------------
                         required time                         -1.647    
                         arrival time                           2.027    
  -------------------------------------------------------------------
                         slack                                  0.380    

Slack (MET) :             0.381ns  (arrival time - required time)
  Source:                 reset_sync_reg[2]_replica_4/C
                            (rising edge-triggered cell FDPE clocked by sys_clk_pin  {rise@0.000ns fall@5.000ns period=10.000ns})
  Destination:            rv64im72f_6sp/alu/divider_dword/divisor_reg_reg[22]/CLR
                            (removal check against rising-edge clock sys_clk_pin  {rise@0.000ns fall@5.000ns period=10.000ns})
  Path Group:             **async_default**
  Path Type:              Removal (Min at Fast Process Corner)
  Requirement:            0.000ns  (sys_clk_pin rise@0.000ns - sys_clk_pin rise@0.000ns)
  Data Path Delay:        0.326ns  (logic 0.141ns (43.302%)  route 0.185ns (56.698%))
  Logic Levels:           0  
  Clock Path Skew:        0.012ns (DCD - SCD - CPR)
    Destination Clock Delay (DCD):    2.224ns
    Source Clock Delay      (SCD):    1.700ns
    Clock Pessimism Removal (CPR):    0.512ns

    Location             Delay type                Incr(ns)  Path(ns)    Netlist Resource(s)
  -------------------------------------------------------------------    -------------------
                         (clock sys_clk_pin rise edge)
                                                      0.000     0.000 r  
    R4                                                0.000     0.000 r  clk (IN)
                         net (fo=0)                   0.000     0.000    clk
    R4                   IBUF (Prop_ibuf_I_O)         0.243     0.243 r  clk_IBUF_inst/O
                         net (fo=1, routed)           0.676     0.919    clk_IBUF
    BUFGCTRL_X0Y0        BUFG (Prop_bufg_I_O)         0.026     0.945 r  clk_IBUF_BUFG_inst/O
                         net (fo=3410, routed)        0.755     1.700    clk_IBUF_BUFG
    SLICE_X23Y30         FDPE                                         r  reset_sync_reg[2]_replica_4/C
  -------------------------------------------------------------------    -------------------
    SLICE_X23Y30         FDPE (Prop_fdpe_C_Q)         0.141     1.841 f  reset_sync_reg[2]_replica_4/Q
                         net (fo=239, routed)         0.185     2.026    rv64im72f_6sp/alu/divider_dword/internal_reset_repN_4_alias
    SLICE_X22Y28         FDCE                                         f  rv64im72f_6sp/alu/divider_dword/divisor_reg_reg[22]/CLR
  -------------------------------------------------------------------    -------------------

                         (clock sys_clk_pin rise edge)
                                                      0.000     0.000 r  
    R4                                                0.000     0.000 r  clk (IN)
                         net (fo=0)                   0.000     0.000    clk
    R4                   IBUF (Prop_ibuf_I_O)         0.431     0.431 r  clk_IBUF_inst/O
                         net (fo=1, routed)           0.734     1.165    clk_IBUF
    BUFGCTRL_X0Y0        BUFG (Prop_bufg_I_O)         0.029     1.194 r  clk_IBUF_BUFG_inst/O
                         net (fo=3410, routed)        1.031     2.224    rv64im72f_6sp/alu/divider_dword/clk_IBUF_BUFG
    SLICE_X22Y28         FDCE                                         r  rv64im72f_6sp/alu/divider_dword/divisor_reg_reg[22]/C
                         clock pessimism             -0.512     1.712    
    SLICE_X22Y28         FDCE (Remov_fdce_C_CLR)     -0.067     1.645    rv64im72f_6sp/alu/divider_dword/divisor_reg_reg[22]
  -------------------------------------------------------------------
                         required time                         -1.645    
                         arrival time                           2.026    
  -------------------------------------------------------------------
                         slack                                  0.381    

Slack (MET) :             0.381ns  (arrival time - required time)
  Source:                 reset_sync_reg[2]_replica_4/C
                            (rising edge-triggered cell FDPE clocked by sys_clk_pin  {rise@0.000ns fall@5.000ns period=10.000ns})
  Destination:            rv64im72f_6sp/alu/divider_dword/divisor_reg_reg[28]/CLR
                            (removal check against rising-edge clock sys_clk_pin  {rise@0.000ns fall@5.000ns period=10.000ns})
  Path Group:             **async_default**
  Path Type:              Removal (Min at Fast Process Corner)
  Requirement:            0.000ns  (sys_clk_pin rise@0.000ns - sys_clk_pin rise@0.000ns)
  Data Path Delay:        0.326ns  (logic 0.141ns (43.302%)  route 0.185ns (56.698%))
  Logic Levels:           0  
  Clock Path Skew:        0.012ns (DCD - SCD - CPR)
    Destination Clock Delay (DCD):    2.224ns
    Source Clock Delay      (SCD):    1.700ns
    Clock Pessimism Removal (CPR):    0.512ns

    Location             Delay type                Incr(ns)  Path(ns)    Netlist Resource(s)
  -------------------------------------------------------------------    -------------------
                         (clock sys_clk_pin rise edge)
                                                      0.000     0.000 r  
    R4                                                0.000     0.000 r  clk (IN)
                         net (fo=0)                   0.000     0.000    clk
    R4                   IBUF (Prop_ibuf_I_O)         0.243     0.243 r  clk_IBUF_inst/O
                         net (fo=1, routed)           0.676     0.919    clk_IBUF
    BUFGCTRL_X0Y0        BUFG (Prop_bufg_I_O)         0.026     0.945 r  clk_IBUF_BUFG_inst/O
                         net (fo=3410, routed)        0.755     1.700    clk_IBUF_BUFG
    SLICE_X23Y30         FDPE                                         r  reset_sync_reg[2]_replica_4/C
  -------------------------------------------------------------------    -------------------
    SLICE_X23Y30         FDPE (Prop_fdpe_C_Q)         0.141     1.841 f  reset_sync_reg[2]_replica_4/Q
                         net (fo=239, routed)         0.185     2.026    rv64im72f_6sp/alu/divider_dword/internal_reset_repN_4_alias
    SLICE_X22Y28         FDCE                                         f  rv64im72f_6sp/alu/divider_dword/divisor_reg_reg[28]/CLR
  -------------------------------------------------------------------    -------------------

                         (clock sys_clk_pin rise edge)
                                                      0.000     0.000 r  
    R4                                                0.000     0.000 r  clk (IN)
                         net (fo=0)                   0.000     0.000    clk
    R4                   IBUF (Prop_ibuf_I_O)         0.431     0.431 r  clk_IBUF_inst/O
                         net (fo=1, routed)           0.734     1.165    clk_IBUF
    BUFGCTRL_X0Y0        BUFG (Prop_bufg_I_O)         0.029     1.194 r  clk_IBUF_BUFG_inst/O
                         net (fo=3410, routed)        1.031     2.224    rv64im72f_6sp/alu/divider_dword/clk_IBUF_BUFG
    SLICE_X22Y28         FDCE                                         r  rv64im72f_6sp/alu/divider_dword/divisor_reg_reg[28]/C
                         clock pessimism             -0.512     1.712    
    SLICE_X22Y28         FDCE (Remov_fdce_C_CLR)     -0.067     1.645    rv64im72f_6sp/alu/divider_dword/divisor_reg_reg[28]
  -------------------------------------------------------------------
                         required time                         -1.645    
                         arrival time                           2.026    
  -------------------------------------------------------------------
                         slack                                  0.381    

Slack (MET) :             0.381ns  (arrival time - required time)
  Source:                 reset_sync_reg[2]_replica_4/C
                            (rising edge-triggered cell FDPE clocked by sys_clk_pin  {rise@0.000ns fall@5.000ns period=10.000ns})
  Destination:            rv64im72f_6sp/alu/divider_dword/divisor_reg_reg[30]/CLR
                            (removal check against rising-edge clock sys_clk_pin  {rise@0.000ns fall@5.000ns period=10.000ns})
  Path Group:             **async_default**
  Path Type:              Removal (Min at Fast Process Corner)
  Requirement:            0.000ns  (sys_clk_pin rise@0.000ns - sys_clk_pin rise@0.000ns)
  Data Path Delay:        0.326ns  (logic 0.141ns (43.302%)  route 0.185ns (56.698%))
  Logic Levels:           0  
  Clock Path Skew:        0.012ns (DCD - SCD - CPR)
    Destination Clock Delay (DCD):    2.224ns
    Source Clock Delay      (SCD):    1.700ns
    Clock Pessimism Removal (CPR):    0.512ns

    Location             Delay type                Incr(ns)  Path(ns)    Netlist Resource(s)
  -------------------------------------------------------------------    -------------------
                         (clock sys_clk_pin rise edge)
                                                      0.000     0.000 r  
    R4                                                0.000     0.000 r  clk (IN)
                         net (fo=0)                   0.000     0.000    clk
    R4                   IBUF (Prop_ibuf_I_O)         0.243     0.243 r  clk_IBUF_inst/O
                         net (fo=1, routed)           0.676     0.919    clk_IBUF
    BUFGCTRL_X0Y0        BUFG (Prop_bufg_I_O)         0.026     0.945 r  clk_IBUF_BUFG_inst/O
                         net (fo=3410, routed)        0.755     1.700    clk_IBUF_BUFG
    SLICE_X23Y30         FDPE                                         r  reset_sync_reg[2]_replica_4/C
  -------------------------------------------------------------------    -------------------
    SLICE_X23Y30         FDPE (Prop_fdpe_C_Q)         0.141     1.841 f  reset_sync_reg[2]_replica_4/Q
                         net (fo=239, routed)         0.185     2.026    rv64im72f_6sp/alu/divider_dword/internal_reset_repN_4_alias
    SLICE_X22Y28         FDCE                                         f  rv64im72f_6sp/alu/divider_dword/divisor_reg_reg[30]/CLR
  -------------------------------------------------------------------    -------------------

                         (clock sys_clk_pin rise edge)
                                                      0.000     0.000 r  
    R4                                                0.000     0.000 r  clk (IN)
                         net (fo=0)                   0.000     0.000    clk
    R4                   IBUF (Prop_ibuf_I_O)         0.431     0.431 r  clk_IBUF_inst/O
                         net (fo=1, routed)           0.734     1.165    clk_IBUF
    BUFGCTRL_X0Y0        BUFG (Prop_bufg_I_O)         0.029     1.194 r  clk_IBUF_BUFG_inst/O
                         net (fo=3410, routed)        1.031     2.224    rv64im72f_6sp/alu/divider_dword/clk_IBUF_BUFG
    SLICE_X22Y28         FDCE                                         r  rv64im72f_6sp/alu/divider_dword/divisor_reg_reg[30]/C
                         clock pessimism             -0.512     1.712    
    SLICE_X22Y28         FDCE (Remov_fdce_C_CLR)     -0.067     1.645    rv64im72f_6sp/alu/divider_dword/divisor_reg_reg[30]
  -------------------------------------------------------------------
                         required time                         -1.645    
                         arrival time                           2.026    
  -------------------------------------------------------------------
                         slack                                  0.381    

Slack (MET) :             0.384ns  (arrival time - required time)
  Source:                 reset_sync_reg[2]_replica_1/C
                            (rising edge-triggered cell FDPE clocked by sys_clk_pin  {rise@0.000ns fall@5.000ns period=10.000ns})
  Destination:            rv64im72f_6sp/alu/multiplier_dword/prod_AHBH_s2_reg[13]/CLR
                            (removal check against rising-edge clock sys_clk_pin  {rise@0.000ns fall@5.000ns period=10.000ns})
  Path Group:             **async_default**
  Path Type:              Removal (Min at Fast Process Corner)
  Requirement:            0.000ns  (sys_clk_pin rise@0.000ns - sys_clk_pin rise@0.000ns)
  Data Path Delay:        0.357ns  (logic 0.164ns (45.994%)  route 0.193ns (54.006%))
  Logic Levels:           0  
  Clock Path Skew:        0.040ns (DCD - SCD - CPR)
    Destination Clock Delay (DCD):    2.237ns
    Source Clock Delay      (SCD):    1.708ns
    Clock Pessimism Removal (CPR):    0.489ns

    Location             Delay type                Incr(ns)  Path(ns)    Netlist Resource(s)
  -------------------------------------------------------------------    -------------------
                         (clock sys_clk_pin rise edge)
                                                      0.000     0.000 r  
    R4                                                0.000     0.000 r  clk (IN)
                         net (fo=0)                   0.000     0.000    clk
    R4                   IBUF (Prop_ibuf_I_O)         0.243     0.243 r  clk_IBUF_inst/O
                         net (fo=1, routed)           0.676     0.919    clk_IBUF
    BUFGCTRL_X0Y0        BUFG (Prop_bufg_I_O)         0.026     0.945 r  clk_IBUF_BUFG_inst/O
                         net (fo=3410, routed)        0.763     1.708    clk_IBUF_BUFG
    SLICE_X20Y43         FDPE                                         r  reset_sync_reg[2]_replica_1/C
  -------------------------------------------------------------------    -------------------
    SLICE_X20Y43         FDPE (Prop_fdpe_C_Q)         0.164     1.872 f  reset_sync_reg[2]_replica_1/Q
                         net (fo=111, routed)         0.193     2.064    rv64im72f_6sp/alu/multiplier_dword/internal_reset_repN_1_alias
    SLICE_X18Y43         FDCE                                         f  rv64im72f_6sp/alu/multiplier_dword/prod_AHBH_s2_reg[13]/CLR
  -------------------------------------------------------------------    -------------------

                         (clock sys_clk_pin rise edge)
                                                      0.000     0.000 r  
    R4                                                0.000     0.000 r  clk (IN)
                         net (fo=0)                   0.000     0.000    clk
    R4                   IBUF (Prop_ibuf_I_O)         0.431     0.431 r  clk_IBUF_inst/O
                         net (fo=1, routed)           0.734     1.165    clk_IBUF
    BUFGCTRL_X0Y0        BUFG (Prop_bufg_I_O)         0.029     1.194 r  clk_IBUF_BUFG_inst/O
                         net (fo=3410, routed)        1.044     2.237    rv64im72f_6sp/alu/multiplier_dword/clk_IBUF_BUFG
    SLICE_X18Y43         FDCE                                         r  rv64im72f_6sp/alu/multiplier_dword/prod_AHBH_s2_reg[13]/C
                         clock pessimism             -0.489     1.748    
    SLICE_X18Y43         FDCE (Remov_fdce_C_CLR)     -0.067     1.681    rv64im72f_6sp/alu/multiplier_dword/prod_AHBH_s2_reg[13]
  -------------------------------------------------------------------
                         required time                         -1.681    
                         arrival time                           2.064    
  -------------------------------------------------------------------
                         slack                                  0.384    

Slack (MET) :             0.384ns  (arrival time - required time)
  Source:                 reset_sync_reg[2]_replica_1/C
                            (rising edge-triggered cell FDPE clocked by sys_clk_pin  {rise@0.000ns fall@5.000ns period=10.000ns})
  Destination:            rv64im72f_6sp/alu/multiplier_dword/prod_AHBH_s2_reg[14]/CLR
                            (removal check against rising-edge clock sys_clk_pin  {rise@0.000ns fall@5.000ns period=10.000ns})
  Path Group:             **async_default**
  Path Type:              Removal (Min at Fast Process Corner)
  Requirement:            0.000ns  (sys_clk_pin rise@0.000ns - sys_clk_pin rise@0.000ns)
  Data Path Delay:        0.357ns  (logic 0.164ns (45.994%)  route 0.193ns (54.006%))
  Logic Levels:           0  
  Clock Path Skew:        0.040ns (DCD - SCD - CPR)
    Destination Clock Delay (DCD):    2.237ns
    Source Clock Delay      (SCD):    1.708ns
    Clock Pessimism Removal (CPR):    0.489ns

    Location             Delay type                Incr(ns)  Path(ns)    Netlist Resource(s)
  -------------------------------------------------------------------    -------------------
                         (clock sys_clk_pin rise edge)
                                                      0.000     0.000 r  
    R4                                                0.000     0.000 r  clk (IN)
                         net (fo=0)                   0.000     0.000    clk
    R4                   IBUF (Prop_ibuf_I_O)         0.243     0.243 r  clk_IBUF_inst/O
                         net (fo=1, routed)           0.676     0.919    clk_IBUF
    BUFGCTRL_X0Y0        BUFG (Prop_bufg_I_O)         0.026     0.945 r  clk_IBUF_BUFG_inst/O
                         net (fo=3410, routed)        0.763     1.708    clk_IBUF_BUFG
    SLICE_X20Y43         FDPE                                         r  reset_sync_reg[2]_replica_1/C
  -------------------------------------------------------------------    -------------------
    SLICE_X20Y43         FDPE (Prop_fdpe_C_Q)         0.164     1.872 f  reset_sync_reg[2]_replica_1/Q
                         net (fo=111, routed)         0.193     2.064    rv64im72f_6sp/alu/multiplier_dword/internal_reset_repN_1_alias
    SLICE_X18Y43         FDCE                                         f  rv64im72f_6sp/alu/multiplier_dword/prod_AHBH_s2_reg[14]/CLR
  -------------------------------------------------------------------    -------------------

                         (clock sys_clk_pin rise edge)
                                                      0.000     0.000 r  
    R4                                                0.000     0.000 r  clk (IN)
                         net (fo=0)                   0.000     0.000    clk
    R4                   IBUF (Prop_ibuf_I_O)         0.431     0.431 r  clk_IBUF_inst/O
                         net (fo=1, routed)           0.734     1.165    clk_IBUF
    BUFGCTRL_X0Y0        BUFG (Prop_bufg_I_O)         0.029     1.194 r  clk_IBUF_BUFG_inst/O
                         net (fo=3410, routed)        1.044     2.237    rv64im72f_6sp/alu/multiplier_dword/clk_IBUF_BUFG
    SLICE_X18Y43         FDCE                                         r  rv64im72f_6sp/alu/multiplier_dword/prod_AHBH_s2_reg[14]/C
                         clock pessimism             -0.489     1.748    
    SLICE_X18Y43         FDCE (Remov_fdce_C_CLR)     -0.067     1.681    rv64im72f_6sp/alu/multiplier_dword/prod_AHBH_s2_reg[14]
  -------------------------------------------------------------------
                         required time                         -1.681    
                         arrival time                           2.064    
  -------------------------------------------------------------------
                         slack                                  0.384    

Slack (MET) :             0.384ns  (arrival time - required time)
  Source:                 reset_sync_reg[2]_replica_1/C
                            (rising edge-triggered cell FDPE clocked by sys_clk_pin  {rise@0.000ns fall@5.000ns period=10.000ns})
  Destination:            rv64im72f_6sp/alu/multiplier_dword/prod_AHBH_s2_reg[15]/CLR
                            (removal check against rising-edge clock sys_clk_pin  {rise@0.000ns fall@5.000ns period=10.000ns})
  Path Group:             **async_default**
  Path Type:              Removal (Min at Fast Process Corner)
  Requirement:            0.000ns  (sys_clk_pin rise@0.000ns - sys_clk_pin rise@0.000ns)
  Data Path Delay:        0.357ns  (logic 0.164ns (45.994%)  route 0.193ns (54.006%))
  Logic Levels:           0  
  Clock Path Skew:        0.040ns (DCD - SCD - CPR)
    Destination Clock Delay (DCD):    2.237ns
    Source Clock Delay      (SCD):    1.708ns
    Clock Pessimism Removal (CPR):    0.489ns

    Location             Delay type                Incr(ns)  Path(ns)    Netlist Resource(s)
  -------------------------------------------------------------------    -------------------
                         (clock sys_clk_pin rise edge)
                                                      0.000     0.000 r  
    R4                                                0.000     0.000 r  clk (IN)
                         net (fo=0)                   0.000     0.000    clk
    R4                   IBUF (Prop_ibuf_I_O)         0.243     0.243 r  clk_IBUF_inst/O
                         net (fo=1, routed)           0.676     0.919    clk_IBUF
    BUFGCTRL_X0Y0        BUFG (Prop_bufg_I_O)         0.026     0.945 r  clk_IBUF_BUFG_inst/O
                         net (fo=3410, routed)        0.763     1.708    clk_IBUF_BUFG
    SLICE_X20Y43         FDPE                                         r  reset_sync_reg[2]_replica_1/C
  -------------------------------------------------------------------    -------------------
    SLICE_X20Y43         FDPE (Prop_fdpe_C_Q)         0.164     1.872 f  reset_sync_reg[2]_replica_1/Q
                         net (fo=111, routed)         0.193     2.064    rv64im72f_6sp/alu/multiplier_dword/internal_reset_repN_1_alias
    SLICE_X18Y43         FDCE                                         f  rv64im72f_6sp/alu/multiplier_dword/prod_AHBH_s2_reg[15]/CLR
  -------------------------------------------------------------------    -------------------

                         (clock sys_clk_pin rise edge)
                                                      0.000     0.000 r  
    R4                                                0.000     0.000 r  clk (IN)
                         net (fo=0)                   0.000     0.000    clk
    R4                   IBUF (Prop_ibuf_I_O)         0.431     0.431 r  clk_IBUF_inst/O
                         net (fo=1, routed)           0.734     1.165    clk_IBUF
    BUFGCTRL_X0Y0        BUFG (Prop_bufg_I_O)         0.029     1.194 r  clk_IBUF_BUFG_inst/O
                         net (fo=3410, routed)        1.044     2.237    rv64im72f_6sp/alu/multiplier_dword/clk_IBUF_BUFG
    SLICE_X18Y43         FDCE                                         r  rv64im72f_6sp/alu/multiplier_dword/prod_AHBH_s2_reg[15]/C
                         clock pessimism             -0.489     1.748    
    SLICE_X18Y43         FDCE (Remov_fdce_C_CLR)     -0.067     1.681    rv64im72f_6sp/alu/multiplier_dword/prod_AHBH_s2_reg[15]
  -------------------------------------------------------------------
                         required time                         -1.681    
                         arrival time                           2.064    
  -------------------------------------------------------------------
                         slack                                  0.384    





--------------------------------------------------------------------------------------
Path Group:  (none)
From Clock:  sys_clk_pin
  To Clock:  

Max Delay             9 Endpoints
Min Delay             9 Endpoints
--------------------------------------------------------------------------------------


Max Delay Paths
--------------------------------------------------------------------------------------
Slack:                    inf
  Source:                 cpu_clk_enable_reg/C
                            (rising edge-triggered cell FDCE clocked by sys_clk_pin  {rise@0.000ns fall@5.000ns period=10.000ns})
  Destination:            led[0]
                            (output port)
  Path Group:             (none)
  Path Type:              Max at Slow Process Corner
  Data Path Delay:        9.568ns  (logic 3.762ns (39.316%)  route 5.806ns (60.684%))
  Logic Levels:           2  (LUT1=1 OBUF=1)
  Clock Uncertainty:      0.025ns  ((TSJ^2 + TIJ^2)^1/2 + DJ) / 2 + PE
    Total System Jitter     (TSJ):    0.050ns
    Total Input Jitter      (TIJ):    0.000ns
    Discrete Jitter          (DJ):    0.000ns
    Phase Error              (PE):    0.000ns
  Timing Exception:       False Path

    Location             Delay type                Incr(ns)  Path(ns)    Netlist Resource(s)
  -------------------------------------------------------------------    -------------------
                         (clock sys_clk_pin rise edge)
                                                      0.000     0.000 r  
    R4                                                0.000     0.000 r  clk (IN)
                         net (fo=0)                   0.000     0.000    clk
    R4                   IBUF (Prop_ibuf_I_O)         1.475     1.475 r  clk_IBUF_inst/O
                         net (fo=1, routed)           2.114     3.589    clk_IBUF
    BUFGCTRL_X0Y0        BUFG (Prop_bufg_I_O)         0.096     3.685 r  clk_IBUF_BUFG_inst/O
                         net (fo=3410, routed)        2.117     5.802    clk_IBUF_BUFG
    SLICE_X17Y19         FDCE                                         r  cpu_clk_enable_reg/C
  -------------------------------------------------------------------    -------------------
    SLICE_X17Y19         FDCE (Prop_fdce_C_Q)         0.456     6.258 f  cpu_clk_enable_reg/Q
                         net (fo=233, routed)         1.736     7.994    cpu_clk_enable
    SLICE_X15Y8          LUT1 (Prop_lut1_I0_O)        0.150     8.144 r  led_OBUF[0]_inst_i_1/O
                         net (fo=1, routed)           4.071    12.214    led_OBUF[0]
    T14                  OBUF (Prop_obuf_I_O)         3.156    15.370 r  led_OBUF[0]_inst/O
                         net (fo=0)                   0.000    15.370    led[0]
    T14                                                               r  led[0] (OUT)
  -------------------------------------------------------------------    -------------------

Slack:                    inf
  Source:                 uart_tx/tx_reg/C
                            (rising edge-triggered cell FDPE clocked by sys_clk_pin  {rise@0.000ns fall@5.000ns period=10.000ns})
  Destination:            uart_tx_in
                            (output port)
  Path Group:             (none)
  Path Type:              Max at Slow Process Corner
  Data Path Delay:        9.266ns  (logic 4.024ns (43.431%)  route 5.242ns (56.569%))
  Logic Levels:           1  (OBUF=1)
  Clock Uncertainty:      0.025ns  ((TSJ^2 + TIJ^2)^1/2 + DJ) / 2 + PE
    Total System Jitter     (TSJ):    0.050ns
    Total Input Jitter      (TIJ):    0.000ns
    Discrete Jitter          (DJ):    0.000ns
    Phase Error              (PE):    0.000ns
  Timing Exception:       False Path

    Location             Delay type                Incr(ns)  Path(ns)    Netlist Resource(s)
  -------------------------------------------------------------------    -------------------
                         (clock sys_clk_pin rise edge)
                                                      0.000     0.000 r  
    R4                                                0.000     0.000 r  clk (IN)
                         net (fo=0)                   0.000     0.000    clk
    R4                   IBUF (Prop_ibuf_I_O)         1.475     1.475 r  clk_IBUF_inst/O
                         net (fo=1, routed)           2.114     3.589    clk_IBUF
    BUFGCTRL_X0Y0        BUFG (Prop_bufg_I_O)         0.096     3.685 r  clk_IBUF_BUFG_inst/O
                         net (fo=3410, routed)        2.124     5.809    uart_tx/clk_IBUF_BUFG
    SLICE_X25Y0          FDPE                                         r  uart_tx/tx_reg/C
  -------------------------------------------------------------------    -------------------
    SLICE_X25Y0          FDPE (Prop_fdpe_C_Q)         0.456     6.265 r  uart_tx/tx_reg/Q
                         net (fo=1, routed)           5.242    11.507    uart_tx_in_OBUF
    AA19                 OBUF (Prop_obuf_I_O)         3.568    15.075 r  uart_tx_in_OBUF_inst/O
                         net (fo=0)                   0.000    15.075    uart_tx_in
    AA19                                                              r  uart_tx_in (OUT)
  -------------------------------------------------------------------    -------------------

Slack:                    inf
  Source:                 rv64im72f_6sp/mem_wb_register/WB_instruction_reg[6]_lopt_replica/C
                            (rising edge-triggered cell FDRE clocked by sys_clk_pin  {rise@0.000ns fall@5.000ns period=10.000ns})
  Destination:            led[7]
                            (output port)
  Path Group:             (none)
  Path Type:              Max at Slow Process Corner
  Data Path Delay:        9.063ns  (logic 3.560ns (39.278%)  route 5.503ns (60.722%))
  Logic Levels:           1  (OBUF=1)
  Clock Uncertainty:      0.025ns  ((TSJ^2 + TIJ^2)^1/2 + DJ) / 2 + PE
    Total System Jitter     (TSJ):    0.050ns
    Total Input Jitter      (TIJ):    0.000ns
    Discrete Jitter          (DJ):    0.000ns
    Phase Error              (PE):    0.000ns
  Timing Exception:       False Path

    Location             Delay type                Incr(ns)  Path(ns)    Netlist Resource(s)
  -------------------------------------------------------------------    -------------------
                         (clock sys_clk_pin rise edge)
                                                      0.000     0.000 r  
    R4                                                0.000     0.000 r  clk (IN)
                         net (fo=0)                   0.000     0.000    clk
    R4                   IBUF (Prop_ibuf_I_O)         1.475     1.475 r  clk_IBUF_inst/O
                         net (fo=1, routed)           2.114     3.589    clk_IBUF
    BUFGCTRL_X0Y0        BUFG (Prop_bufg_I_O)         0.096     3.685 r  clk_IBUF_BUFG_inst/O
                         net (fo=3410, routed)        2.123     5.808    rv64im72f_6sp/mem_wb_register/clk_IBUF_BUFG
    SLICE_X26Y3          FDRE                                         r  rv64im72f_6sp/mem_wb_register/WB_instruction_reg[6]_lopt_replica/C
  -------------------------------------------------------------------    -------------------
    SLICE_X26Y3          FDRE (Prop_fdre_C_Q)         0.419     6.227 r  rv64im72f_6sp/mem_wb_register/WB_instruction_reg[6]_lopt_replica/Q
                         net (fo=1, routed)           5.503    11.730    lopt_6
    Y13                  OBUF (Prop_obuf_I_O)         3.141    14.871 r  led_OBUF[7]_inst/O
                         net (fo=0)                   0.000    14.871    led[7]
    Y13                                                               r  led[7] (OUT)
  -------------------------------------------------------------------    -------------------

Slack:                    inf
  Source:                 rv64im72f_6sp/mem_wb_register/WB_instruction_reg[3]_lopt_replica/C
                            (rising edge-triggered cell FDRE clocked by sys_clk_pin  {rise@0.000ns fall@5.000ns period=10.000ns})
  Destination:            led[4]
                            (output port)
  Path Group:             (none)
  Path Type:              Max at Slow Process Corner
  Data Path Delay:        8.136ns  (logic 3.522ns (43.291%)  route 4.614ns (56.709%))
  Logic Levels:           1  (OBUF=1)
  Clock Uncertainty:      0.025ns  ((TSJ^2 + TIJ^2)^1/2 + DJ) / 2 + PE
    Total System Jitter     (TSJ):    0.050ns
    Total Input Jitter      (TIJ):    0.000ns
    Discrete Jitter          (DJ):    0.000ns
    Phase Error              (PE):    0.000ns
  Timing Exception:       False Path

    Location             Delay type                Incr(ns)  Path(ns)    Netlist Resource(s)
  -------------------------------------------------------------------    -------------------
                         (clock sys_clk_pin rise edge)
                                                      0.000     0.000 r  
    R4                                                0.000     0.000 r  clk (IN)
                         net (fo=0)                   0.000     0.000    clk
    R4                   IBUF (Prop_ibuf_I_O)         1.475     1.475 r  clk_IBUF_inst/O
                         net (fo=1, routed)           2.114     3.589    clk_IBUF
    BUFGCTRL_X0Y0        BUFG (Prop_bufg_I_O)         0.096     3.685 r  clk_IBUF_BUFG_inst/O
                         net (fo=3410, routed)        2.122     5.807    rv64im72f_6sp/mem_wb_register/clk_IBUF_BUFG
    SLICE_X29Y2          FDRE                                         r  rv64im72f_6sp/mem_wb_register/WB_instruction_reg[3]_lopt_replica/C
  -------------------------------------------------------------------    -------------------
    SLICE_X29Y2          FDRE (Prop_fdre_C_Q)         0.419     6.226 r  rv64im72f_6sp/mem_wb_register/WB_instruction_reg[3]_lopt_replica/Q
                         net (fo=1, routed)           4.614    10.840    lopt_3
    V15                  OBUF (Prop_obuf_I_O)         3.103    13.943 r  led_OBUF[4]_inst/O
                         net (fo=0)                   0.000    13.943    led[4]
    V15                                                               r  led[4] (OUT)
  -------------------------------------------------------------------    -------------------

Slack:                    inf
  Source:                 rv64im72f_6sp/mem_wb_register/WB_instruction_reg[5]_lopt_replica/C
                            (rising edge-triggered cell FDRE clocked by sys_clk_pin  {rise@0.000ns fall@5.000ns period=10.000ns})
  Destination:            led[6]
                            (output port)
  Path Group:             (none)
  Path Type:              Max at Slow Process Corner
  Data Path Delay:        7.866ns  (logic 3.371ns (42.860%)  route 4.494ns (57.140%))
  Logic Levels:           1  (OBUF=1)
  Clock Uncertainty:      0.025ns  ((TSJ^2 + TIJ^2)^1/2 + DJ) / 2 + PE
    Total System Jitter     (TSJ):    0.050ns
    Total Input Jitter      (TIJ):    0.000ns
    Discrete Jitter          (DJ):    0.000ns
    Phase Error              (PE):    0.000ns
  Timing Exception:       False Path

    Location             Delay type                Incr(ns)  Path(ns)    Netlist Resource(s)
  -------------------------------------------------------------------    -------------------
                         (clock sys_clk_pin rise edge)
                                                      0.000     0.000 r  
    R4                                                0.000     0.000 r  clk (IN)
                         net (fo=0)                   0.000     0.000    clk
    R4                   IBUF (Prop_ibuf_I_O)         1.475     1.475 r  clk_IBUF_inst/O
                         net (fo=1, routed)           2.114     3.589    clk_IBUF
    BUFGCTRL_X0Y0        BUFG (Prop_bufg_I_O)         0.096     3.685 r  clk_IBUF_BUFG_inst/O
                         net (fo=3410, routed)        2.123     5.808    rv64im72f_6sp/mem_wb_register/clk_IBUF_BUFG
    SLICE_X24Y3          FDRE                                         r  rv64im72f_6sp/mem_wb_register/WB_instruction_reg[5]_lopt_replica/C
  -------------------------------------------------------------------    -------------------
    SLICE_X24Y3          FDRE (Prop_fdre_C_Q)         0.456     6.264 r  rv64im72f_6sp/mem_wb_register/WB_instruction_reg[5]_lopt_replica/Q
                         net (fo=1, routed)           4.494    10.758    lopt_5
    W15                  OBUF (Prop_obuf_I_O)         2.915    13.674 r  led_OBUF[6]_inst/O
                         net (fo=0)                   0.000    13.674    led[6]
    W15                                                               r  led[6] (OUT)
  -------------------------------------------------------------------    -------------------

Slack:                    inf
  Source:                 rv64im72f_6sp/mem_wb_register/WB_instruction_reg[4]_lopt_replica/C
                            (rising edge-triggered cell FDSE clocked by sys_clk_pin  {rise@0.000ns fall@5.000ns period=10.000ns})
  Destination:            led[5]
                            (output port)
  Path Group:             (none)
  Path Type:              Max at Slow Process Corner
  Data Path Delay:        7.614ns  (logic 3.439ns (45.162%)  route 4.175ns (54.838%))
  Logic Levels:           1  (OBUF=1)
  Clock Uncertainty:      0.025ns  ((TSJ^2 + TIJ^2)^1/2 + DJ) / 2 + PE
    Total System Jitter     (TSJ):    0.050ns
    Total Input Jitter      (TIJ):    0.000ns
    Discrete Jitter          (DJ):    0.000ns
    Phase Error              (PE):    0.000ns
  Timing Exception:       False Path

    Location             Delay type                Incr(ns)  Path(ns)    Netlist Resource(s)
  -------------------------------------------------------------------    -------------------
                         (clock sys_clk_pin rise edge)
                                                      0.000     0.000 r  
    R4                                                0.000     0.000 r  clk (IN)
                         net (fo=0)                   0.000     0.000    clk
    R4                   IBUF (Prop_ibuf_I_O)         1.475     1.475 r  clk_IBUF_inst/O
                         net (fo=1, routed)           2.114     3.589    clk_IBUF
    BUFGCTRL_X0Y0        BUFG (Prop_bufg_I_O)         0.096     3.685 r  clk_IBUF_BUFG_inst/O
                         net (fo=3410, routed)        2.127     5.812    rv64im72f_6sp/mem_wb_register/clk_IBUF_BUFG
    SLICE_X22Y6          FDSE                                         r  rv64im72f_6sp/mem_wb_register/WB_instruction_reg[4]_lopt_replica/C
  -------------------------------------------------------------------    -------------------
    SLICE_X22Y6          FDSE (Prop_fdse_C_Q)         0.518     6.330 r  rv64im72f_6sp/mem_wb_register/WB_instruction_reg[4]_lopt_replica/Q
                         net (fo=1, routed)           4.175    10.505    lopt_4
    W16                  OBUF (Prop_obuf_I_O)         2.921    13.426 r  led_OBUF[5]_inst/O
                         net (fo=0)                   0.000    13.426    led[5]
    W16                                                               r  led[5] (OUT)
  -------------------------------------------------------------------    -------------------

Slack:                    inf
  Source:                 rv64im72f_6sp/mem_wb_register/WB_instruction_reg[2]_lopt_replica/C
                            (rising edge-triggered cell FDRE clocked by sys_clk_pin  {rise@0.000ns fall@5.000ns period=10.000ns})
  Destination:            led[3]
                            (output port)
  Path Group:             (none)
  Path Type:              Max at Slow Process Corner
  Data Path Delay:        7.609ns  (logic 3.373ns (44.334%)  route 4.235ns (55.666%))
  Logic Levels:           1  (OBUF=1)
  Clock Uncertainty:      0.025ns  ((TSJ^2 + TIJ^2)^1/2 + DJ) / 2 + PE
    Total System Jitter     (TSJ):    0.050ns
    Total Input Jitter      (TIJ):    0.000ns
    Discrete Jitter          (DJ):    0.000ns
    Phase Error              (PE):    0.000ns
  Timing Exception:       False Path

    Location             Delay type                Incr(ns)  Path(ns)    Netlist Resource(s)
  -------------------------------------------------------------------    -------------------
                         (clock sys_clk_pin rise edge)
                                                      0.000     0.000 r  
    R4                                                0.000     0.000 r  clk (IN)
                         net (fo=0)                   0.000     0.000    clk
    R4                   IBUF (Prop_ibuf_I_O)         1.475     1.475 r  clk_IBUF_inst/O
                         net (fo=1, routed)           2.114     3.589    clk_IBUF
    BUFGCTRL_X0Y0        BUFG (Prop_bufg_I_O)         0.096     3.685 r  clk_IBUF_BUFG_inst/O
                         net (fo=3410, routed)        2.123     5.808    rv64im72f_6sp/mem_wb_register/clk_IBUF_BUFG
    SLICE_X24Y3          FDRE                                         r  rv64im72f_6sp/mem_wb_register/WB_instruction_reg[2]_lopt_replica/C
  -------------------------------------------------------------------    -------------------
    SLICE_X24Y3          FDRE (Prop_fdre_C_Q)         0.456     6.264 r  rv64im72f_6sp/mem_wb_register/WB_instruction_reg[2]_lopt_replica/Q
                         net (fo=1, routed)           4.235    10.500    lopt_2
    U16                  OBUF (Prop_obuf_I_O)         2.917    13.417 r  led_OBUF[3]_inst/O
                         net (fo=0)                   0.000    13.417    led[3]
    U16                                                               r  led[3] (OUT)
  -------------------------------------------------------------------    -------------------

Slack:                    inf
  Source:                 rv64im72f_6sp/mem_wb_register/WB_instruction_reg[0]_lopt_replica/C
                            (rising edge-triggered cell FDSE clocked by sys_clk_pin  {rise@0.000ns fall@5.000ns period=10.000ns})
  Destination:            led[1]
                            (output port)
  Path Group:             (none)
  Path Type:              Max at Slow Process Corner
  Data Path Delay:        7.592ns  (logic 3.467ns (45.668%)  route 4.125ns (54.332%))
  Logic Levels:           1  (OBUF=1)
  Clock Uncertainty:      0.025ns  ((TSJ^2 + TIJ^2)^1/2 + DJ) / 2 + PE
    Total System Jitter     (TSJ):    0.050ns
    Total Input Jitter      (TIJ):    0.000ns
    Discrete Jitter          (DJ):    0.000ns
    Phase Error              (PE):    0.000ns
  Timing Exception:       False Path

    Location             Delay type                Incr(ns)  Path(ns)    Netlist Resource(s)
  -------------------------------------------------------------------    -------------------
                         (clock sys_clk_pin rise edge)
                                                      0.000     0.000 r  
    R4                                                0.000     0.000 r  clk (IN)
                         net (fo=0)                   0.000     0.000    clk
    R4                   IBUF (Prop_ibuf_I_O)         1.475     1.475 r  clk_IBUF_inst/O
                         net (fo=1, routed)           2.114     3.589    clk_IBUF
    BUFGCTRL_X0Y0        BUFG (Prop_bufg_I_O)         0.096     3.685 r  clk_IBUF_BUFG_inst/O
                         net (fo=3410, routed)        2.127     5.812    rv64im72f_6sp/mem_wb_register/clk_IBUF_BUFG
    SLICE_X22Y6          FDSE                                         r  rv64im72f_6sp/mem_wb_register/WB_instruction_reg[0]_lopt_replica/C
  -------------------------------------------------------------------    -------------------
    SLICE_X22Y6          FDSE (Prop_fdse_C_Q)         0.518     6.330 r  rv64im72f_6sp/mem_wb_register/WB_instruction_reg[0]_lopt_replica/Q
                         net (fo=1, routed)           4.125    10.455    lopt
    T15                  OBUF (Prop_obuf_I_O)         2.949    13.404 r  led_OBUF[1]_inst/O
                         net (fo=0)                   0.000    13.404    led[1]
    T15                                                               r  led[1] (OUT)
  -------------------------------------------------------------------    -------------------

Slack:                    inf
  Source:                 rv64im72f_6sp/mem_wb_register/WB_instruction_reg[1]_lopt_replica/C
                            (rising edge-triggered cell FDSE clocked by sys_clk_pin  {rise@0.000ns fall@5.000ns period=10.000ns})
  Destination:            led[2]
                            (output port)
  Path Group:             (none)
  Path Type:              Max at Slow Process Corner
  Data Path Delay:        7.573ns  (logic 3.371ns (44.517%)  route 4.202ns (55.483%))
  Logic Levels:           1  (OBUF=1)
  Clock Uncertainty:      0.025ns  ((TSJ^2 + TIJ^2)^1/2 + DJ) / 2 + PE
    Total System Jitter     (TSJ):    0.050ns
    Total Input Jitter      (TIJ):    0.000ns
    Discrete Jitter          (DJ):    0.000ns
    Phase Error              (PE):    0.000ns
  Timing Exception:       False Path

    Location             Delay type                Incr(ns)  Path(ns)    Netlist Resource(s)
  -------------------------------------------------------------------    -------------------
                         (clock sys_clk_pin rise edge)
                                                      0.000     0.000 r  
    R4                                                0.000     0.000 r  clk (IN)
                         net (fo=0)                   0.000     0.000    clk
    R4                   IBUF (Prop_ibuf_I_O)         1.475     1.475 r  clk_IBUF_inst/O
                         net (fo=1, routed)           2.114     3.589    clk_IBUF
    BUFGCTRL_X0Y0        BUFG (Prop_bufg_I_O)         0.096     3.685 r  clk_IBUF_BUFG_inst/O
                         net (fo=3410, routed)        2.122     5.807    rv64im72f_6sp/mem_wb_register/clk_IBUF_BUFG
    SLICE_X26Y7          FDSE                                         r  rv64im72f_6sp/mem_wb_register/WB_instruction_reg[1]_lopt_replica/C
  -------------------------------------------------------------------    -------------------
    SLICE_X26Y7          FDSE (Prop_fdse_C_Q)         0.456     6.263 r  rv64im72f_6sp/mem_wb_register/WB_instruction_reg[1]_lopt_replica/Q
                         net (fo=1, routed)           4.202    10.465    lopt_1
    T16                  OBUF (Prop_obuf_I_O)         2.915    13.380 r  led_OBUF[2]_inst/O
                         net (fo=0)                   0.000    13.380    led[2]
    T16                                                               r  led[2] (OUT)
  -------------------------------------------------------------------    -------------------





Min Delay Paths
--------------------------------------------------------------------------------------
Slack:                    inf
  Source:                 rv64im72f_6sp/mem_wb_register/WB_instruction_reg[0]_lopt_replica/C
                            (rising edge-triggered cell FDSE clocked by sys_clk_pin  {rise@0.000ns fall@5.000ns period=10.000ns})
  Destination:            led[1]
                            (output port)
  Path Group:             (none)
  Path Type:              Min at Fast Process Corner
  Data Path Delay:        2.795ns  (logic 1.377ns (49.247%)  route 1.419ns (50.753%))
  Logic Levels:           1  (OBUF=1)
  Clock Uncertainty:      0.025ns  ((TSJ^2 + TIJ^2)^1/2 + DJ) / 2 + PE
    Total System Jitter     (TSJ):    0.050ns
    Total Input Jitter      (TIJ):    0.000ns
    Discrete Jitter          (DJ):    0.000ns
    Phase Error              (PE):    0.000ns
  Timing Exception:       False Path

    Location             Delay type                Incr(ns)  Path(ns)    Netlist Resource(s)
  -------------------------------------------------------------------    -------------------
                         (clock sys_clk_pin rise edge)
                                                      0.000     0.000 r  
    R4                                                0.000     0.000 r  clk (IN)
                         net (fo=0)                   0.000     0.000    clk
    R4                   IBUF (Prop_ibuf_I_O)         0.243     0.243 r  clk_IBUF_inst/O
                         net (fo=1, routed)           0.676     0.919    clk_IBUF
    BUFGCTRL_X0Y0        BUFG (Prop_bufg_I_O)         0.026     0.945 r  clk_IBUF_BUFG_inst/O
                         net (fo=3410, routed)        0.763     1.708    rv64im72f_6sp/mem_wb_register/clk_IBUF_BUFG
    SLICE_X22Y6          FDSE                                         r  rv64im72f_6sp/mem_wb_register/WB_instruction_reg[0]_lopt_replica/C
  -------------------------------------------------------------------    -------------------
    SLICE_X22Y6          FDSE (Prop_fdse_C_Q)         0.164     1.872 r  rv64im72f_6sp/mem_wb_register/WB_instruction_reg[0]_lopt_replica/Q
                         net (fo=1, routed)           1.419     3.291    lopt
    T15                  OBUF (Prop_obuf_I_O)         1.213     4.503 r  led_OBUF[1]_inst/O
                         net (fo=0)                   0.000     4.503    led[1]
    T15                                                               r  led[1] (OUT)
  -------------------------------------------------------------------    -------------------

Slack:                    inf
  Source:                 rv64im72f_6sp/mem_wb_register/WB_instruction_reg[1]_lopt_replica/C
                            (rising edge-triggered cell FDSE clocked by sys_clk_pin  {rise@0.000ns fall@5.000ns period=10.000ns})
  Destination:            led[2]
                            (output port)
  Path Group:             (none)
  Path Type:              Min at Fast Process Corner
  Data Path Delay:        2.819ns  (logic 1.320ns (46.833%)  route 1.499ns (53.167%))
  Logic Levels:           1  (OBUF=1)
  Clock Uncertainty:      0.025ns  ((TSJ^2 + TIJ^2)^1/2 + DJ) / 2 + PE
    Total System Jitter     (TSJ):    0.050ns
    Total Input Jitter      (TIJ):    0.000ns
    Discrete Jitter          (DJ):    0.000ns
    Phase Error              (PE):    0.000ns
  Timing Exception:       False Path

    Location             Delay type                Incr(ns)  Path(ns)    Netlist Resource(s)
  -------------------------------------------------------------------    -------------------
                         (clock sys_clk_pin rise edge)
                                                      0.000     0.000 r  
    R4                                                0.000     0.000 r  clk (IN)
                         net (fo=0)                   0.000     0.000    clk
    R4                   IBUF (Prop_ibuf_I_O)         0.243     0.243 r  clk_IBUF_inst/O
                         net (fo=1, routed)           0.676     0.919    clk_IBUF
    BUFGCTRL_X0Y0        BUFG (Prop_bufg_I_O)         0.026     0.945 r  clk_IBUF_BUFG_inst/O
                         net (fo=3410, routed)        0.759     1.704    rv64im72f_6sp/mem_wb_register/clk_IBUF_BUFG
    SLICE_X26Y7          FDSE                                         r  rv64im72f_6sp/mem_wb_register/WB_instruction_reg[1]_lopt_replica/C
  -------------------------------------------------------------------    -------------------
    SLICE_X26Y7          FDSE (Prop_fdse_C_Q)         0.141     1.845 r  rv64im72f_6sp/mem_wb_register/WB_instruction_reg[1]_lopt_replica/Q
                         net (fo=1, routed)           1.499     3.344    lopt_1
    T16                  OBUF (Prop_obuf_I_O)         1.179     4.523 r  led_OBUF[2]_inst/O
                         net (fo=0)                   0.000     4.523    led[2]
    T16                                                               r  led[2] (OUT)
  -------------------------------------------------------------------    -------------------

Slack:                    inf
  Source:                 rv64im72f_6sp/mem_wb_register/WB_instruction_reg[4]_lopt_replica/C
                            (rising edge-triggered cell FDSE clocked by sys_clk_pin  {rise@0.000ns fall@5.000ns period=10.000ns})
  Destination:            led[5]
                            (output port)
  Path Group:             (none)
  Path Type:              Min at Fast Process Corner
  Data Path Delay:        2.817ns  (logic 1.349ns (47.872%)  route 1.468ns (52.128%))
  Logic Levels:           1  (OBUF=1)
  Clock Uncertainty:      0.025ns  ((TSJ^2 + TIJ^2)^1/2 + DJ) / 2 + PE
    Total System Jitter     (TSJ):    0.050ns
    Total Input Jitter      (TIJ):    0.000ns
    Discrete Jitter          (DJ):    0.000ns
    Phase Error              (PE):    0.000ns
  Timing Exception:       False Path

    Location             Delay type                Incr(ns)  Path(ns)    Netlist Resource(s)
  -------------------------------------------------------------------    -------------------
                         (clock sys_clk_pin rise edge)
                                                      0.000     0.000 r  
    R4                                                0.000     0.000 r  clk (IN)
                         net (fo=0)                   0.000     0.000    clk
    R4                   IBUF (Prop_ibuf_I_O)         0.243     0.243 r  clk_IBUF_inst/O
                         net (fo=1, routed)           0.676     0.919    clk_IBUF
    BUFGCTRL_X0Y0        BUFG (Prop_bufg_I_O)         0.026     0.945 r  clk_IBUF_BUFG_inst/O
                         net (fo=3410, routed)        0.763     1.708    rv64im72f_6sp/mem_wb_register/clk_IBUF_BUFG
    SLICE_X22Y6          FDSE                                         r  rv64im72f_6sp/mem_wb_register/WB_instruction_reg[4]_lopt_replica/C
  -------------------------------------------------------------------    -------------------
    SLICE_X22Y6          FDSE (Prop_fdse_C_Q)         0.164     1.872 r  rv64im72f_6sp/mem_wb_register/WB_instruction_reg[4]_lopt_replica/Q
                         net (fo=1, routed)           1.468     3.340    lopt_4
    W16                  OBUF (Prop_obuf_I_O)         1.185     4.525 r  led_OBUF[5]_inst/O
                         net (fo=0)                   0.000     4.525    led[5]
    W16                                                               r  led[5] (OUT)
  -------------------------------------------------------------------    -------------------

Slack:                    inf
  Source:                 rv64im72f_6sp/mem_wb_register/WB_instruction_reg[2]_lopt_replica/C
                            (rising edge-triggered cell FDRE clocked by sys_clk_pin  {rise@0.000ns fall@5.000ns period=10.000ns})
  Destination:            led[3]
                            (output port)
  Path Group:             (none)
  Path Type:              Min at Fast Process Corner
  Data Path Delay:        2.848ns  (logic 1.322ns (46.429%)  route 1.525ns (53.571%))
  Logic Levels:           1  (OBUF=1)
  Clock Uncertainty:      0.025ns  ((TSJ^2 + TIJ^2)^1/2 + DJ) / 2 + PE
    Total System Jitter     (TSJ):    0.050ns
    Total Input Jitter      (TIJ):    0.000ns
    Discrete Jitter          (DJ):    0.000ns
    Phase Error              (PE):    0.000ns
  Timing Exception:       False Path

    Location             Delay type                Incr(ns)  Path(ns)    Netlist Resource(s)
  -------------------------------------------------------------------    -------------------
                         (clock sys_clk_pin rise edge)
                                                      0.000     0.000 r  
    R4                                                0.000     0.000 r  clk (IN)
                         net (fo=0)                   0.000     0.000    clk
    R4                   IBUF (Prop_ibuf_I_O)         0.243     0.243 r  clk_IBUF_inst/O
                         net (fo=1, routed)           0.676     0.919    clk_IBUF
    BUFGCTRL_X0Y0        BUFG (Prop_bufg_I_O)         0.026     0.945 r  clk_IBUF_BUFG_inst/O
                         net (fo=3410, routed)        0.760     1.705    rv64im72f_6sp/mem_wb_register/clk_IBUF_BUFG
    SLICE_X24Y3          FDRE                                         r  rv64im72f_6sp/mem_wb_register/WB_instruction_reg[2]_lopt_replica/C
  -------------------------------------------------------------------    -------------------
    SLICE_X24Y3          FDRE (Prop_fdre_C_Q)         0.141     1.846 r  rv64im72f_6sp/mem_wb_register/WB_instruction_reg[2]_lopt_replica/Q
                         net (fo=1, routed)           1.525     3.371    lopt_2
    U16                  OBUF (Prop_obuf_I_O)         1.181     4.553 r  led_OBUF[3]_inst/O
                         net (fo=0)                   0.000     4.553    led[3]
    U16                                                               r  led[3] (OUT)
  -------------------------------------------------------------------    -------------------

Slack:                    inf
  Source:                 rv64im72f_6sp/mem_wb_register/WB_instruction_reg[5]_lopt_replica/C
                            (rising edge-triggered cell FDRE clocked by sys_clk_pin  {rise@0.000ns fall@5.000ns period=10.000ns})
  Destination:            led[6]
                            (output port)
  Path Group:             (none)
  Path Type:              Min at Fast Process Corner
  Data Path Delay:        2.976ns  (logic 1.320ns (44.352%)  route 1.656ns (55.648%))
  Logic Levels:           1  (OBUF=1)
  Clock Uncertainty:      0.025ns  ((TSJ^2 + TIJ^2)^1/2 + DJ) / 2 + PE
    Total System Jitter     (TSJ):    0.050ns
    Total Input Jitter      (TIJ):    0.000ns
    Discrete Jitter          (DJ):    0.000ns
    Phase Error              (PE):    0.000ns
  Timing Exception:       False Path

    Location             Delay type                Incr(ns)  Path(ns)    Netlist Resource(s)
  -------------------------------------------------------------------    -------------------
                         (clock sys_clk_pin rise edge)
                                                      0.000     0.000 r  
    R4                                                0.000     0.000 r  clk (IN)
                         net (fo=0)                   0.000     0.000    clk
    R4                   IBUF (Prop_ibuf_I_O)         0.243     0.243 r  clk_IBUF_inst/O
                         net (fo=1, routed)           0.676     0.919    clk_IBUF
    BUFGCTRL_X0Y0        BUFG (Prop_bufg_I_O)         0.026     0.945 r  clk_IBUF_BUFG_inst/O
                         net (fo=3410, routed)        0.760     1.705    rv64im72f_6sp/mem_wb_register/clk_IBUF_BUFG
    SLICE_X24Y3          FDRE                                         r  rv64im72f_6sp/mem_wb_register/WB_instruction_reg[5]_lopt_replica/C
  -------------------------------------------------------------------    -------------------
    SLICE_X24Y3          FDRE (Prop_fdre_C_Q)         0.141     1.846 r  rv64im72f_6sp/mem_wb_register/WB_instruction_reg[5]_lopt_replica/Q
                         net (fo=1, routed)           1.656     3.502    lopt_5
    W15                  OBUF (Prop_obuf_I_O)         1.179     4.681 r  led_OBUF[6]_inst/O
                         net (fo=0)                   0.000     4.681    led[6]
    W15                                                               r  led[6] (OUT)
  -------------------------------------------------------------------    -------------------

Slack:                    inf
  Source:                 rv64im72f_6sp/mem_wb_register/WB_instruction_reg[3]_lopt_replica/C
                            (rising edge-triggered cell FDRE clocked by sys_clk_pin  {rise@0.000ns fall@5.000ns period=10.000ns})
  Destination:            led[4]
                            (output port)
  Path Group:             (none)
  Path Type:              Min at Fast Process Corner
  Data Path Delay:        3.070ns  (logic 1.376ns (44.822%)  route 1.694ns (55.178%))
  Logic Levels:           1  (OBUF=1)
  Clock Uncertainty:      0.025ns  ((TSJ^2 + TIJ^2)^1/2 + DJ) / 2 + PE
    Total System Jitter     (TSJ):    0.050ns
    Total Input Jitter      (TIJ):    0.000ns
    Discrete Jitter          (DJ):    0.000ns
    Phase Error              (PE):    0.000ns
  Timing Exception:       False Path

    Location             Delay type                Incr(ns)  Path(ns)    Netlist Resource(s)
  -------------------------------------------------------------------    -------------------
                         (clock sys_clk_pin rise edge)
                                                      0.000     0.000 r  
    R4                                                0.000     0.000 r  clk (IN)
                         net (fo=0)                   0.000     0.000    clk
    R4                   IBUF (Prop_ibuf_I_O)         0.243     0.243 r  clk_IBUF_inst/O
                         net (fo=1, routed)           0.676     0.919    clk_IBUF
    BUFGCTRL_X0Y0        BUFG (Prop_bufg_I_O)         0.026     0.945 r  clk_IBUF_BUFG_inst/O
                         net (fo=3410, routed)        0.761     1.706    rv64im72f_6sp/mem_wb_register/clk_IBUF_BUFG
    SLICE_X29Y2          FDRE                                         r  rv64im72f_6sp/mem_wb_register/WB_instruction_reg[3]_lopt_replica/C
  -------------------------------------------------------------------    -------------------
    SLICE_X29Y2          FDRE (Prop_fdre_C_Q)         0.128     1.834 r  rv64im72f_6sp/mem_wb_register/WB_instruction_reg[3]_lopt_replica/Q
                         net (fo=1, routed)           1.694     3.528    lopt_3
    V15                  OBUF (Prop_obuf_I_O)         1.248     4.776 r  led_OBUF[4]_inst/O
                         net (fo=0)                   0.000     4.776    led[4]
    V15                                                               r  led[4] (OUT)
  -------------------------------------------------------------------    -------------------

Slack:                    inf
  Source:                 uart_tx/tx_reg/C
                            (rising edge-triggered cell FDPE clocked by sys_clk_pin  {rise@0.000ns fall@5.000ns period=10.000ns})
  Destination:            uart_tx_in
                            (output port)
  Path Group:             (none)
  Path Type:              Min at Fast Process Corner
  Data Path Delay:        3.270ns  (logic 1.410ns (43.120%)  route 1.860ns (56.880%))
  Logic Levels:           1  (OBUF=1)
  Clock Uncertainty:      0.025ns  ((TSJ^2 + TIJ^2)^1/2 + DJ) / 2 + PE
    Total System Jitter     (TSJ):    0.050ns
    Total Input Jitter      (TIJ):    0.000ns
    Discrete Jitter          (DJ):    0.000ns
    Phase Error              (PE):    0.000ns
  Timing Exception:       False Path

    Location             Delay type                Incr(ns)  Path(ns)    Netlist Resource(s)
  -------------------------------------------------------------------    -------------------
                         (clock sys_clk_pin rise edge)
                                                      0.000     0.000 r  
    R4                                                0.000     0.000 r  clk (IN)
                         net (fo=0)                   0.000     0.000    clk
    R4                   IBUF (Prop_ibuf_I_O)         0.243     0.243 r  clk_IBUF_inst/O
                         net (fo=1, routed)           0.676     0.919    clk_IBUF
    BUFGCTRL_X0Y0        BUFG (Prop_bufg_I_O)         0.026     0.945 r  clk_IBUF_BUFG_inst/O
                         net (fo=3410, routed)        0.761     1.706    uart_tx/clk_IBUF_BUFG
    SLICE_X25Y0          FDPE                                         r  uart_tx/tx_reg/C
  -------------------------------------------------------------------    -------------------
    SLICE_X25Y0          FDPE (Prop_fdpe_C_Q)         0.141     1.847 r  uart_tx/tx_reg/Q
                         net (fo=1, routed)           1.860     3.707    uart_tx_in_OBUF
    AA19                 OBUF (Prop_obuf_I_O)         1.269     4.976 r  uart_tx_in_OBUF_inst/O
                         net (fo=0)                   0.000     4.976    uart_tx_in
    AA19                                                              r  uart_tx_in (OUT)
  -------------------------------------------------------------------    -------------------

Slack:                    inf
  Source:                 rv64im72f_6sp/mem_wb_register/WB_instruction_reg[6]_lopt_replica/C
                            (rising edge-triggered cell FDRE clocked by sys_clk_pin  {rise@0.000ns fall@5.000ns period=10.000ns})
  Destination:            led[7]
                            (output port)
  Path Group:             (none)
  Path Type:              Min at Fast Process Corner
  Data Path Delay:        3.517ns  (logic 1.413ns (40.176%)  route 2.104ns (59.824%))
  Logic Levels:           1  (OBUF=1)
  Clock Uncertainty:      0.025ns  ((TSJ^2 + TIJ^2)^1/2 + DJ) / 2 + PE
    Total System Jitter     (TSJ):    0.050ns
    Total Input Jitter      (TIJ):    0.000ns
    Discrete Jitter          (DJ):    0.000ns
    Phase Error              (PE):    0.000ns
  Timing Exception:       False Path

    Location             Delay type                Incr(ns)  Path(ns)    Netlist Resource(s)
  -------------------------------------------------------------------    -------------------
                         (clock sys_clk_pin rise edge)
                                                      0.000     0.000 r  
    R4                                                0.000     0.000 r  clk (IN)
                         net (fo=0)                   0.000     0.000    clk
    R4                   IBUF (Prop_ibuf_I_O)         0.243     0.243 r  clk_IBUF_inst/O
                         net (fo=1, routed)           0.676     0.919    clk_IBUF
    BUFGCTRL_X0Y0        BUFG (Prop_bufg_I_O)         0.026     0.945 r  clk_IBUF_BUFG_inst/O
                         net (fo=3410, routed)        0.760     1.705    rv64im72f_6sp/mem_wb_register/clk_IBUF_BUFG
    SLICE_X26Y3          FDRE                                         r  rv64im72f_6sp/mem_wb_register/WB_instruction_reg[6]_lopt_replica/C
  -------------------------------------------------------------------    -------------------
    SLICE_X26Y3          FDRE (Prop_fdre_C_Q)         0.128     1.833 r  rv64im72f_6sp/mem_wb_register/WB_instruction_reg[6]_lopt_replica/Q
                         net (fo=1, routed)           2.104     3.937    lopt_6
    Y13                  OBUF (Prop_obuf_I_O)         1.285     5.222 r  led_OBUF[7]_inst/O
                         net (fo=0)                   0.000     5.222    led[7]
    Y13                                                               r  led[7] (OUT)
  -------------------------------------------------------------------    -------------------

Slack:                    inf
  Source:                 cpu_clk_enable_reg/C
                            (rising edge-triggered cell FDCE clocked by sys_clk_pin  {rise@0.000ns fall@5.000ns period=10.000ns})
  Destination:            led[0]
                            (output port)
  Path Group:             (none)
  Path Type:              Min at Fast Process Corner
  Data Path Delay:        3.617ns  (logic 1.466ns (40.533%)  route 2.151ns (59.467%))
  Logic Levels:           2  (LUT1=1 OBUF=1)
  Clock Uncertainty:      0.025ns  ((TSJ^2 + TIJ^2)^1/2 + DJ) / 2 + PE
    Total System Jitter     (TSJ):    0.050ns
    Total Input Jitter      (TIJ):    0.000ns
    Discrete Jitter          (DJ):    0.000ns
    Phase Error              (PE):    0.000ns
  Timing Exception:       False Path

    Location             Delay type                Incr(ns)  Path(ns)    Netlist Resource(s)
  -------------------------------------------------------------------    -------------------
                         (clock sys_clk_pin rise edge)
                                                      0.000     0.000 r  
    R4                                                0.000     0.000 r  clk (IN)
                         net (fo=0)                   0.000     0.000    clk
    R4                   IBUF (Prop_ibuf_I_O)         0.243     0.243 r  clk_IBUF_inst/O
                         net (fo=1, routed)           0.676     0.919    clk_IBUF
    BUFGCTRL_X0Y0        BUFG (Prop_bufg_I_O)         0.026     0.945 r  clk_IBUF_BUFG_inst/O
                         net (fo=3410, routed)        0.756     1.701    clk_IBUF_BUFG
    SLICE_X17Y19         FDCE                                         r  cpu_clk_enable_reg/C
  -------------------------------------------------------------------    -------------------
    SLICE_X17Y19         FDCE (Prop_fdce_C_Q)         0.141     1.842 f  cpu_clk_enable_reg/Q
                         net (fo=233, routed)         0.710     2.551    cpu_clk_enable
    SLICE_X15Y8          LUT1 (Prop_lut1_I0_O)        0.046     2.597 r  led_OBUF[0]_inst_i_1/O
                         net (fo=1, routed)           1.442     4.039    led_OBUF[0]
    T14                  OBUF (Prop_obuf_I_O)         1.279     5.318 r  led_OBUF[0]_inst/O
                         net (fo=0)                   0.000     5.318    led[0]
    T14                                                               r  led[0] (OUT)
  -------------------------------------------------------------------    -------------------





--------------------------------------------------------------------------------------
Path Group:  (none)
From Clock:  
  To Clock:  sys_clk_pin

Max Delay            14 Endpoints
Min Delay            14 Endpoints
--------------------------------------------------------------------------------------


Max Delay Paths
--------------------------------------------------------------------------------------
Slack:                    inf
  Source:                 reset_n
                            (input port)
  Destination:            reset_sync_reg[2]_replica_7/PRE
                            (recovery check against rising-edge clock sys_clk_pin  {rise@0.000ns fall@5.000ns period=10.000ns})
  Path Group:             (none)
  Path Type:              Recovery (Max at Slow Process Corner)
  Data Path Delay:        11.597ns  (logic 1.093ns (9.423%)  route 10.505ns (90.577%))
  Logic Levels:           2  (IBUF=1 LUT1=1)
  Clock Path Skew:        5.484ns (DCD - SCD + CPR)
    Destination Clock Delay (DCD):    5.484ns
    Source Clock Delay      (SCD):    0.000ns
    Clock Pessimism Removal (CPR):    0.000ns
  Clock Uncertainty:      0.025ns  ((TSJ^2 + TIJ^2)^1/2 + DJ) / 2 + PE
    Total System Jitter     (TSJ):    0.050ns
    Total Input Jitter      (TIJ):    0.000ns
    Discrete Jitter          (DJ):    0.000ns
    Phase Error              (PE):    0.000ns
  Timing Exception:       False Path

    Location             Delay type                Incr(ns)  Path(ns)    Netlist Resource(s)
  -------------------------------------------------------------------    -------------------
    G4                                                0.000     0.000 r  reset_n (IN)
                         net (fo=0)                   0.000     0.000    reset_n
    G4                   IBUF (Prop_ibuf_I_O)         0.969     0.969 r  reset_n_IBUF_inst/O
                         net (fo=1, routed)           7.174     8.143    reset_n_IBUF
    SLICE_X41Y56         LUT1 (Prop_lut1_I0_O)        0.124     8.267 f  reset_sync[2]_i_1/O
                         net (fo=13, routed)          3.330    11.597    reset
    SLICE_X15Y18         FDPE                                         f  reset_sync_reg[2]_replica_7/PRE
  -------------------------------------------------------------------    -------------------

                         (clock sys_clk_pin rise edge)
                                                      0.000     0.000 r  
    R4                                                0.000     0.000 r  clk (IN)
                         net (fo=0)                   0.000     0.000    clk
    R4                   IBUF (Prop_ibuf_I_O)         1.405     1.405 r  clk_IBUF_inst/O
                         net (fo=1, routed)           2.004     3.409    clk_IBUF
    BUFGCTRL_X0Y0        BUFG (Prop_bufg_I_O)         0.091     3.500 r  clk_IBUF_BUFG_inst/O
                         net (fo=3410, routed)        1.985     5.484    clk_IBUF_BUFG
    SLICE_X15Y18         FDPE                                         r  reset_sync_reg[2]_replica_7/C

Slack:                    inf
  Source:                 reset_n
                            (input port)
  Destination:            reset_sync_reg[2]_replica_8/PRE
                            (recovery check against rising-edge clock sys_clk_pin  {rise@0.000ns fall@5.000ns period=10.000ns})
  Path Group:             (none)
  Path Type:              Recovery (Max at Slow Process Corner)
  Data Path Delay:        11.502ns  (logic 1.093ns (9.501%)  route 10.409ns (90.499%))
  Logic Levels:           2  (IBUF=1 LUT1=1)
  Clock Path Skew:        5.485ns (DCD - SCD + CPR)
    Destination Clock Delay (DCD):    5.485ns
    Source Clock Delay      (SCD):    0.000ns
    Clock Pessimism Removal (CPR):    0.000ns
  Clock Uncertainty:      0.025ns  ((TSJ^2 + TIJ^2)^1/2 + DJ) / 2 + PE
    Total System Jitter     (TSJ):    0.050ns
    Total Input Jitter      (TIJ):    0.000ns
    Discrete Jitter          (DJ):    0.000ns
    Phase Error              (PE):    0.000ns
  Timing Exception:       False Path

    Location             Delay type                Incr(ns)  Path(ns)    Netlist Resource(s)
  -------------------------------------------------------------------    -------------------
    G4                                                0.000     0.000 r  reset_n (IN)
                         net (fo=0)                   0.000     0.000    reset_n
    G4                   IBUF (Prop_ibuf_I_O)         0.969     0.969 r  reset_n_IBUF_inst/O
                         net (fo=1, routed)           7.174     8.143    reset_n_IBUF
    SLICE_X41Y56         LUT1 (Prop_lut1_I0_O)        0.124     8.267 f  reset_sync[2]_i_1/O
                         net (fo=13, routed)          3.234    11.502    reset
    SLICE_X20Y16         FDPE                                         f  reset_sync_reg[2]_replica_8/PRE
  -------------------------------------------------------------------    -------------------

                         (clock sys_clk_pin rise edge)
                                                      0.000     0.000 r  
    R4                                                0.000     0.000 r  clk (IN)
                         net (fo=0)                   0.000     0.000    clk
    R4                   IBUF (Prop_ibuf_I_O)         1.405     1.405 r  clk_IBUF_inst/O
                         net (fo=1, routed)           2.004     3.409    clk_IBUF
    BUFGCTRL_X0Y0        BUFG (Prop_bufg_I_O)         0.091     3.500 r  clk_IBUF_BUFG_inst/O
                         net (fo=3410, routed)        1.986     5.485    clk_IBUF_BUFG
    SLICE_X20Y16         FDPE                                         r  reset_sync_reg[2]_replica_8/C

Slack:                    inf
  Source:                 reset_n
                            (input port)
  Destination:            reset_sync_reg[2]_replica/PRE
                            (recovery check against rising-edge clock sys_clk_pin  {rise@0.000ns fall@5.000ns period=10.000ns})
  Path Group:             (none)
  Path Type:              Recovery (Max at Slow Process Corner)
  Data Path Delay:        11.013ns  (logic 1.093ns (9.923%)  route 9.920ns (90.077%))
  Logic Levels:           2  (IBUF=1 LUT1=1)
  Clock Path Skew:        5.474ns (DCD - SCD + CPR)
    Destination Clock Delay (DCD):    5.474ns
    Source Clock Delay      (SCD):    0.000ns
    Clock Pessimism Removal (CPR):    0.000ns
  Clock Uncertainty:      0.025ns  ((TSJ^2 + TIJ^2)^1/2 + DJ) / 2 + PE
    Total System Jitter     (TSJ):    0.050ns
    Total Input Jitter      (TIJ):    0.000ns
    Discrete Jitter          (DJ):    0.000ns
    Phase Error              (PE):    0.000ns
  Timing Exception:       False Path

    Location             Delay type                Incr(ns)  Path(ns)    Netlist Resource(s)
  -------------------------------------------------------------------    -------------------
    G4                                                0.000     0.000 r  reset_n (IN)
                         net (fo=0)                   0.000     0.000    reset_n
    G4                   IBUF (Prop_ibuf_I_O)         0.969     0.969 r  reset_n_IBUF_inst/O
                         net (fo=1, routed)           7.174     8.143    reset_n_IBUF
    SLICE_X41Y56         LUT1 (Prop_lut1_I0_O)        0.124     8.267 f  reset_sync[2]_i_1/O
                         net (fo=13, routed)          2.746    11.013    reset
    SLICE_X39Y11         FDPE                                         f  reset_sync_reg[2]_replica/PRE
  -------------------------------------------------------------------    -------------------

                         (clock sys_clk_pin rise edge)
                                                      0.000     0.000 r  
    R4                                                0.000     0.000 r  clk (IN)
                         net (fo=0)                   0.000     0.000    clk
    R4                   IBUF (Prop_ibuf_I_O)         1.405     1.405 r  clk_IBUF_inst/O
                         net (fo=1, routed)           2.004     3.409    clk_IBUF
    BUFGCTRL_X0Y0        BUFG (Prop_bufg_I_O)         0.091     3.500 r  clk_IBUF_BUFG_inst/O
                         net (fo=3410, routed)        1.975     5.474    clk_IBUF_BUFG
    SLICE_X39Y11         FDPE                                         r  reset_sync_reg[2]_replica/C

Slack:                    inf
  Source:                 reset_n
                            (input port)
  Destination:            reset_sync_reg[2]/PRE
                            (recovery check against rising-edge clock sys_clk_pin  {rise@0.000ns fall@5.000ns period=10.000ns})
  Path Group:             (none)
  Path Type:              Recovery (Max at Slow Process Corner)
  Data Path Delay:        10.874ns  (logic 1.093ns (10.049%)  route 9.781ns (89.951%))
  Logic Levels:           2  (IBUF=1 LUT1=1)
  Clock Path Skew:        5.482ns (DCD - SCD + CPR)
    Destination Clock Delay (DCD):    5.482ns
    Source Clock Delay      (SCD):    0.000ns
    Clock Pessimism Removal (CPR):    0.000ns
  Clock Uncertainty:      0.025ns  ((TSJ^2 + TIJ^2)^1/2 + DJ) / 2 + PE
    Total System Jitter     (TSJ):    0.050ns
    Total Input Jitter      (TIJ):    0.000ns
    Discrete Jitter          (DJ):    0.000ns
    Phase Error              (PE):    0.000ns
  Timing Exception:       False Path

    Location             Delay type                Incr(ns)  Path(ns)    Netlist Resource(s)
  -------------------------------------------------------------------    -------------------
    G4                                                0.000     0.000 r  reset_n (IN)
                         net (fo=0)                   0.000     0.000    reset_n
    G4                   IBUF (Prop_ibuf_I_O)         0.969     0.969 r  reset_n_IBUF_inst/O
                         net (fo=1, routed)           7.174     8.143    reset_n_IBUF
    SLICE_X41Y56         LUT1 (Prop_lut1_I0_O)        0.124     8.267 f  reset_sync[2]_i_1/O
                         net (fo=13, routed)          2.607    10.874    reset
    SLICE_X19Y20         FDPE                                         f  reset_sync_reg[2]/PRE
  -------------------------------------------------------------------    -------------------

                         (clock sys_clk_pin rise edge)
                                                      0.000     0.000 r  
    R4                                                0.000     0.000 r  clk (IN)
                         net (fo=0)                   0.000     0.000    clk
    R4                   IBUF (Prop_ibuf_I_O)         1.405     1.405 r  clk_IBUF_inst/O
                         net (fo=1, routed)           2.004     3.409    clk_IBUF
    BUFGCTRL_X0Y0        BUFG (Prop_bufg_I_O)         0.091     3.500 r  clk_IBUF_BUFG_inst/O
                         net (fo=3410, routed)        1.983     5.482    clk_IBUF_BUFG
    SLICE_X19Y20         FDPE                                         r  reset_sync_reg[2]/C

Slack:                    inf
  Source:                 reset_n
                            (input port)
  Destination:            reset_sync_reg[2]_replica_2/PRE
                            (recovery check against rising-edge clock sys_clk_pin  {rise@0.000ns fall@5.000ns period=10.000ns})
  Path Group:             (none)
  Path Type:              Recovery (Max at Slow Process Corner)
  Data Path Delay:        10.788ns  (logic 1.093ns (10.130%)  route 9.695ns (89.870%))
  Logic Levels:           2  (IBUF=1 LUT1=1)
  Clock Path Skew:        5.494ns (DCD - SCD + CPR)
    Destination Clock Delay (DCD):    5.494ns
    Source Clock Delay      (SCD):    0.000ns
    Clock Pessimism Removal (CPR):    0.000ns
  Clock Uncertainty:      0.025ns  ((TSJ^2 + TIJ^2)^1/2 + DJ) / 2 + PE
    Total System Jitter     (TSJ):    0.050ns
    Total Input Jitter      (TIJ):    0.000ns
    Discrete Jitter          (DJ):    0.000ns
    Phase Error              (PE):    0.000ns
  Timing Exception:       False Path

    Location             Delay type                Incr(ns)  Path(ns)    Netlist Resource(s)
  -------------------------------------------------------------------    -------------------
    G4                                                0.000     0.000 r  reset_n (IN)
                         net (fo=0)                   0.000     0.000    reset_n
    G4                   IBUF (Prop_ibuf_I_O)         0.969     0.969 r  reset_n_IBUF_inst/O
                         net (fo=1, routed)           7.174     8.143    reset_n_IBUF
    SLICE_X41Y56         LUT1 (Prop_lut1_I0_O)        0.124     8.267 f  reset_sync[2]_i_1/O
                         net (fo=13, routed)          2.520    10.788    reset
    SLICE_X15Y43         FDPE                                         f  reset_sync_reg[2]_replica_2/PRE
  -------------------------------------------------------------------    -------------------

                         (clock sys_clk_pin rise edge)
                                                      0.000     0.000 r  
    R4                                                0.000     0.000 r  clk (IN)
                         net (fo=0)                   0.000     0.000    clk
    R4                   IBUF (Prop_ibuf_I_O)         1.405     1.405 r  clk_IBUF_inst/O
                         net (fo=1, routed)           2.004     3.409    clk_IBUF
    BUFGCTRL_X0Y0        BUFG (Prop_bufg_I_O)         0.091     3.500 r  clk_IBUF_BUFG_inst/O
                         net (fo=3410, routed)        1.995     5.494    clk_IBUF_BUFG
    SLICE_X15Y43         FDPE                                         r  reset_sync_reg[2]_replica_2/C

Slack:                    inf
  Source:                 reset_n
                            (input port)
  Destination:            reset_sync_reg[2]_replica_4/PRE
                            (recovery check against rising-edge clock sys_clk_pin  {rise@0.000ns fall@5.000ns period=10.000ns})
  Path Group:             (none)
  Path Type:              Recovery (Max at Slow Process Corner)
  Data Path Delay:        10.546ns  (logic 1.093ns (10.362%)  route 9.453ns (89.638%))
  Logic Levels:           2  (IBUF=1 LUT1=1)
  Clock Path Skew:        5.480ns (DCD - SCD + CPR)
    Destination Clock Delay (DCD):    5.480ns
    Source Clock Delay      (SCD):    0.000ns
    Clock Pessimism Removal (CPR):    0.000ns
  Clock Uncertainty:      0.025ns  ((TSJ^2 + TIJ^2)^1/2 + DJ) / 2 + PE
    Total System Jitter     (TSJ):    0.050ns
    Total Input Jitter      (TIJ):    0.000ns
    Discrete Jitter          (DJ):    0.000ns
    Phase Error              (PE):    0.000ns
  Timing Exception:       False Path

    Location             Delay type                Incr(ns)  Path(ns)    Netlist Resource(s)
  -------------------------------------------------------------------    -------------------
    G4                                                0.000     0.000 r  reset_n (IN)
                         net (fo=0)                   0.000     0.000    reset_n
    G4                   IBUF (Prop_ibuf_I_O)         0.969     0.969 r  reset_n_IBUF_inst/O
                         net (fo=1, routed)           7.174     8.143    reset_n_IBUF
    SLICE_X41Y56         LUT1 (Prop_lut1_I0_O)        0.124     8.267 f  reset_sync[2]_i_1/O
                         net (fo=13, routed)          2.278    10.546    reset
    SLICE_X23Y30         FDPE                                         f  reset_sync_reg[2]_replica_4/PRE
  -------------------------------------------------------------------    -------------------

                         (clock sys_clk_pin rise edge)
                                                      0.000     0.000 r  
    R4                                                0.000     0.000 r  clk (IN)
                         net (fo=0)                   0.000     0.000    clk
    R4                   IBUF (Prop_ibuf_I_O)         1.405     1.405 r  clk_IBUF_inst/O
                         net (fo=1, routed)           2.004     3.409    clk_IBUF
    BUFGCTRL_X0Y0        BUFG (Prop_bufg_I_O)         0.091     3.500 r  clk_IBUF_BUFG_inst/O
                         net (fo=3410, routed)        1.981     5.480    clk_IBUF_BUFG
    SLICE_X23Y30         FDPE                                         r  reset_sync_reg[2]_replica_4/C

Slack:                    inf
  Source:                 reset_n
                            (input port)
  Destination:            reset_sync_reg[2]_replica_9/PRE
                            (recovery check against rising-edge clock sys_clk_pin  {rise@0.000ns fall@5.000ns period=10.000ns})
  Path Group:             (none)
  Path Type:              Recovery (Max at Slow Process Corner)
  Data Path Delay:        10.486ns  (logic 1.093ns (10.421%)  route 9.393ns (89.579%))
  Logic Levels:           2  (IBUF=1 LUT1=1)
  Clock Path Skew:        5.467ns (DCD - SCD + CPR)
    Destination Clock Delay (DCD):    5.467ns
    Source Clock Delay      (SCD):    0.000ns
    Clock Pessimism Removal (CPR):    0.000ns
  Clock Uncertainty:      0.025ns  ((TSJ^2 + TIJ^2)^1/2 + DJ) / 2 + PE
    Total System Jitter     (TSJ):    0.050ns
    Total Input Jitter      (TIJ):    0.000ns
    Discrete Jitter          (DJ):    0.000ns
    Phase Error              (PE):    0.000ns
  Timing Exception:       False Path

    Location             Delay type                Incr(ns)  Path(ns)    Netlist Resource(s)
  -------------------------------------------------------------------    -------------------
    G4                                                0.000     0.000 r  reset_n (IN)
                         net (fo=0)                   0.000     0.000    reset_n
    G4                   IBUF (Prop_ibuf_I_O)         0.969     0.969 r  reset_n_IBUF_inst/O
                         net (fo=1, routed)           7.174     8.143    reset_n_IBUF
    SLICE_X41Y56         LUT1 (Prop_lut1_I0_O)        0.124     8.267 f  reset_sync[2]_i_1/O
                         net (fo=13, routed)          2.219    10.486    reset
    SLICE_X39Y18         FDPE                                         f  reset_sync_reg[2]_replica_9/PRE
  -------------------------------------------------------------------    -------------------

                         (clock sys_clk_pin rise edge)
                                                      0.000     0.000 r  
    R4                                                0.000     0.000 r  clk (IN)
                         net (fo=0)                   0.000     0.000    clk
    R4                   IBUF (Prop_ibuf_I_O)         1.405     1.405 r  clk_IBUF_inst/O
                         net (fo=1, routed)           2.004     3.409    clk_IBUF
    BUFGCTRL_X0Y0        BUFG (Prop_bufg_I_O)         0.091     3.500 r  clk_IBUF_BUFG_inst/O
                         net (fo=3410, routed)        1.968     5.467    clk_IBUF_BUFG
    SLICE_X39Y18         FDPE                                         r  reset_sync_reg[2]_replica_9/C

Slack:                    inf
  Source:                 reset_n
                            (input port)
  Destination:            reset_sync_reg[2]_replica_1/PRE
                            (recovery check against rising-edge clock sys_clk_pin  {rise@0.000ns fall@5.000ns period=10.000ns})
  Path Group:             (none)
  Path Type:              Recovery (Max at Slow Process Corner)
  Data Path Delay:        10.340ns  (logic 1.093ns (10.568%)  route 9.247ns (89.432%))
  Logic Levels:           2  (IBUF=1 LUT1=1)
  Clock Path Skew:        5.492ns (DCD - SCD + CPR)
    Destination Clock Delay (DCD):    5.492ns
    Source Clock Delay      (SCD):    0.000ns
    Clock Pessimism Removal (CPR):    0.000ns
  Clock Uncertainty:      0.025ns  ((TSJ^2 + TIJ^2)^1/2 + DJ) / 2 + PE
    Total System Jitter     (TSJ):    0.050ns
    Total Input Jitter      (TIJ):    0.000ns
    Discrete Jitter          (DJ):    0.000ns
    Phase Error              (PE):    0.000ns
  Timing Exception:       False Path

    Location             Delay type                Incr(ns)  Path(ns)    Netlist Resource(s)
  -------------------------------------------------------------------    -------------------
    G4                                                0.000     0.000 r  reset_n (IN)
                         net (fo=0)                   0.000     0.000    reset_n
    G4                   IBUF (Prop_ibuf_I_O)         0.969     0.969 r  reset_n_IBUF_inst/O
                         net (fo=1, routed)           7.174     8.143    reset_n_IBUF
    SLICE_X41Y56         LUT1 (Prop_lut1_I0_O)        0.124     8.267 f  reset_sync[2]_i_1/O
                         net (fo=13, routed)          2.073    10.340    reset
    SLICE_X20Y43         FDPE                                         f  reset_sync_reg[2]_replica_1/PRE
  -------------------------------------------------------------------    -------------------

                         (clock sys_clk_pin rise edge)
                                                      0.000     0.000 r  
    R4                                                0.000     0.000 r  clk (IN)
                         net (fo=0)                   0.000     0.000    clk
    R4                   IBUF (Prop_ibuf_I_O)         1.405     1.405 r  clk_IBUF_inst/O
                         net (fo=1, routed)           2.004     3.409    clk_IBUF
    BUFGCTRL_X0Y0        BUFG (Prop_bufg_I_O)         0.091     3.500 r  clk_IBUF_BUFG_inst/O
                         net (fo=3410, routed)        1.993     5.492    clk_IBUF_BUFG
    SLICE_X20Y43         FDPE                                         r  reset_sync_reg[2]_replica_1/C

Slack:                    inf
  Source:                 reset_n
                            (input port)
  Destination:            reset_sync_reg[2]_replica_5/PRE
                            (recovery check against rising-edge clock sys_clk_pin  {rise@0.000ns fall@5.000ns period=10.000ns})
  Path Group:             (none)
  Path Type:              Recovery (Max at Slow Process Corner)
  Data Path Delay:        9.702ns  (logic 1.093ns (11.263%)  route 8.610ns (88.737%))
  Logic Levels:           2  (IBUF=1 LUT1=1)
  Clock Path Skew:        5.470ns (DCD - SCD + CPR)
    Destination Clock Delay (DCD):    5.470ns
    Source Clock Delay      (SCD):    0.000ns
    Clock Pessimism Removal (CPR):    0.000ns
  Clock Uncertainty:      0.025ns  ((TSJ^2 + TIJ^2)^1/2 + DJ) / 2 + PE
    Total System Jitter     (TSJ):    0.050ns
    Total Input Jitter      (TIJ):    0.000ns
    Discrete Jitter          (DJ):    0.000ns
    Phase Error              (PE):    0.000ns
  Timing Exception:       False Path

    Location             Delay type                Incr(ns)  Path(ns)    Netlist Resource(s)
  -------------------------------------------------------------------    -------------------
    G4                                                0.000     0.000 r  reset_n (IN)
                         net (fo=0)                   0.000     0.000    reset_n
    G4                   IBUF (Prop_ibuf_I_O)         0.969     0.969 r  reset_n_IBUF_inst/O
                         net (fo=1, routed)           7.174     8.143    reset_n_IBUF
    SLICE_X41Y56         LUT1 (Prop_lut1_I0_O)        0.124     8.267 f  reset_sync[2]_i_1/O
                         net (fo=13, routed)          1.435     9.702    reset
    SLICE_X40Y33         FDPE                                         f  reset_sync_reg[2]_replica_5/PRE
  -------------------------------------------------------------------    -------------------

                         (clock sys_clk_pin rise edge)
                                                      0.000     0.000 r  
    R4                                                0.000     0.000 r  clk (IN)
                         net (fo=0)                   0.000     0.000    clk
    R4                   IBUF (Prop_ibuf_I_O)         1.405     1.405 r  clk_IBUF_inst/O
                         net (fo=1, routed)           2.004     3.409    clk_IBUF
    BUFGCTRL_X0Y0        BUFG (Prop_bufg_I_O)         0.091     3.500 r  clk_IBUF_BUFG_inst/O
                         net (fo=3410, routed)        1.971     5.470    clk_IBUF_BUFG
    SLICE_X40Y33         FDPE                                         r  reset_sync_reg[2]_replica_5/C

Slack:                    inf
  Source:                 reset_n
                            (input port)
  Destination:            reset_sync_reg[2]_replica_6/PRE
                            (recovery check against rising-edge clock sys_clk_pin  {rise@0.000ns fall@5.000ns period=10.000ns})
  Path Group:             (none)
  Path Type:              Recovery (Max at Slow Process Corner)
  Data Path Delay:        9.680ns  (logic 1.093ns (11.290%)  route 8.587ns (88.710%))
  Logic Levels:           2  (IBUF=1 LUT1=1)
  Clock Path Skew:        5.476ns (DCD - SCD + CPR)
    Destination Clock Delay (DCD):    5.476ns
    Source Clock Delay      (SCD):    0.000ns
    Clock Pessimism Removal (CPR):    0.000ns
  Clock Uncertainty:      0.025ns  ((TSJ^2 + TIJ^2)^1/2 + DJ) / 2 + PE
    Total System Jitter     (TSJ):    0.050ns
    Total Input Jitter      (TIJ):    0.000ns
    Discrete Jitter          (DJ):    0.000ns
    Phase Error              (PE):    0.000ns
  Timing Exception:       False Path

    Location             Delay type                Incr(ns)  Path(ns)    Netlist Resource(s)
  -------------------------------------------------------------------    -------------------
    G4                                                0.000     0.000 r  reset_n (IN)
                         net (fo=0)                   0.000     0.000    reset_n
    G4                   IBUF (Prop_ibuf_I_O)         0.969     0.969 r  reset_n_IBUF_inst/O
                         net (fo=1, routed)           7.174     8.143    reset_n_IBUF
    SLICE_X41Y56         LUT1 (Prop_lut1_I0_O)        0.124     8.267 f  reset_sync[2]_i_1/O
                         net (fo=13, routed)          1.412     9.680    reset
    SLICE_X37Y36         FDPE                                         f  reset_sync_reg[2]_replica_6/PRE
  -------------------------------------------------------------------    -------------------

                         (clock sys_clk_pin rise edge)
                                                      0.000     0.000 r  
    R4                                                0.000     0.000 r  clk (IN)
                         net (fo=0)                   0.000     0.000    clk
    R4                   IBUF (Prop_ibuf_I_O)         1.405     1.405 r  clk_IBUF_inst/O
                         net (fo=1, routed)           2.004     3.409    clk_IBUF
    BUFGCTRL_X0Y0        BUFG (Prop_bufg_I_O)         0.091     3.500 r  clk_IBUF_BUFG_inst/O
                         net (fo=3410, routed)        1.977     5.476    clk_IBUF_BUFG
    SLICE_X37Y36         FDPE                                         r  reset_sync_reg[2]_replica_6/C





Min Delay Paths
--------------------------------------------------------------------------------------
Slack:                    inf
  Source:                 btn_up
                            (input port)
  Destination:            unified_uart_controller/btn_sync_reg[0]/D
                            (rising edge-triggered cell FDCE clocked by sys_clk_pin  {rise@0.000ns fall@5.000ns period=10.000ns})
  Path Group:             (none)
  Path Type:              Hold (Min at Fast Process Corner)
  Data Path Delay:        2.175ns  (logic 0.193ns (8.894%)  route 1.982ns (91.106%))
  Logic Levels:           1  (IBUF=1)
  Clock Path Skew:        2.152ns (DCD - SCD - CPR)
    Destination Clock Delay (DCD):    2.152ns
    Source Clock Delay      (SCD):    0.000ns
    Clock Pessimism Removal (CPR):    -0.000ns
  Timing Exception:       False Path

    Location             Delay type                Incr(ns)  Path(ns)    Netlist Resource(s)
  -------------------------------------------------------------------    -------------------
    F15                                               0.000     0.000 r  btn_up (IN)
                         net (fo=0)                   0.000     0.000    btn_up
    F15                  IBUF (Prop_ibuf_I_O)         0.193     0.193 r  btn_up_IBUF_inst/O
                         net (fo=1, routed)           1.982     2.175    unified_uart_controller/D[0]
    SLICE_X16Y80         FDCE                                         r  unified_uart_controller/btn_sync_reg[0]/D
  -------------------------------------------------------------------    -------------------

                         (clock sys_clk_pin rise edge)
                                                      0.000     0.000 r  
    R4                                                0.000     0.000 r  clk (IN)
                         net (fo=0)                   0.000     0.000    clk
    R4                   IBUF (Prop_ibuf_I_O)         0.431     0.431 r  clk_IBUF_inst/O
                         net (fo=1, routed)           0.734     1.165    clk_IBUF
    BUFGCTRL_X0Y0        BUFG (Prop_bufg_I_O)         0.029     1.194 r  clk_IBUF_BUFG_inst/O
                         net (fo=3410, routed)        0.959     2.152    unified_uart_controller/clk_IBUF_BUFG
    SLICE_X16Y80         FDCE                                         r  unified_uart_controller/btn_sync_reg[0]/C

Slack:                    inf
  Source:                 reset_n
                            (input port)
  Destination:            reset_sync_reg[2]_replica_3/PRE
                            (removal check against rising-edge clock sys_clk_pin  {rise@0.000ns fall@5.000ns period=10.000ns})
  Path Group:             (none)
  Path Type:              Removal (Min at Fast Process Corner)
  Data Path Delay:        3.830ns  (logic 0.171ns (4.463%)  route 3.659ns (95.537%))
  Logic Levels:           2  (IBUF=1 LUT1=1)
  Clock Path Skew:        2.221ns (DCD - SCD - CPR)
    Destination Clock Delay (DCD):    2.221ns
    Source Clock Delay      (SCD):    0.000ns
    Clock Pessimism Removal (CPR):    -0.000ns
  Timing Exception:       False Path

    Location             Delay type                Incr(ns)  Path(ns)    Netlist Resource(s)
  -------------------------------------------------------------------    -------------------
    G4                                                0.000     0.000 r  reset_n (IN)
                         net (fo=0)                   0.000     0.000    reset_n
    G4                   IBUF (Prop_ibuf_I_O)         0.126     0.126 r  reset_n_IBUF_inst/O
                         net (fo=1, routed)           3.139     3.265    reset_n_IBUF
    SLICE_X41Y56         LUT1 (Prop_lut1_I0_O)        0.045     3.310 f  reset_sync[2]_i_1/O
                         net (fo=13, routed)          0.519     3.830    reset
    SLICE_X40Y35         FDPE                                         f  reset_sync_reg[2]_replica_3/PRE
  -------------------------------------------------------------------    -------------------

                         (clock sys_clk_pin rise edge)
                                                      0.000     0.000 r  
    R4                                                0.000     0.000 r  clk (IN)
                         net (fo=0)                   0.000     0.000    clk
    R4                   IBUF (Prop_ibuf_I_O)         0.431     0.431 r  clk_IBUF_inst/O
                         net (fo=1, routed)           0.734     1.165    clk_IBUF
    BUFGCTRL_X0Y0        BUFG (Prop_bufg_I_O)         0.029     1.194 r  clk_IBUF_BUFG_inst/O
                         net (fo=3410, routed)        1.028     2.221    clk_IBUF_BUFG
    SLICE_X40Y35         FDPE                                         r  reset_sync_reg[2]_replica_3/C

Slack:                    inf
  Source:                 reset_n
                            (input port)
  Destination:            reset_sync_reg[0]/PRE
                            (removal check against rising-edge clock sys_clk_pin  {rise@0.000ns fall@5.000ns period=10.000ns})
  Path Group:             (none)
  Path Type:              Removal (Min at Fast Process Corner)
  Data Path Delay:        3.837ns  (logic 0.171ns (4.454%)  route 3.666ns (95.546%))
  Logic Levels:           2  (IBUF=1 LUT1=1)
  Clock Path Skew:        2.230ns (DCD - SCD - CPR)
    Destination Clock Delay (DCD):    2.230ns
    Source Clock Delay      (SCD):    0.000ns
    Clock Pessimism Removal (CPR):    -0.000ns
  Timing Exception:       False Path

    Location             Delay type                Incr(ns)  Path(ns)    Netlist Resource(s)
  -------------------------------------------------------------------    -------------------
    G4                                                0.000     0.000 r  reset_n (IN)
                         net (fo=0)                   0.000     0.000    reset_n
    G4                   IBUF (Prop_ibuf_I_O)         0.126     0.126 r  reset_n_IBUF_inst/O
                         net (fo=1, routed)           3.139     3.265    reset_n_IBUF
    SLICE_X41Y56         LUT1 (Prop_lut1_I0_O)        0.045     3.310 f  reset_sync[2]_i_1/O
                         net (fo=13, routed)          0.527     3.837    reset
    SLICE_X29Y38         FDPE                                         f  reset_sync_reg[0]/PRE
  -------------------------------------------------------------------    -------------------

                         (clock sys_clk_pin rise edge)
                                                      0.000     0.000 r  
    R4                                                0.000     0.000 r  clk (IN)
                         net (fo=0)                   0.000     0.000    clk
    R4                   IBUF (Prop_ibuf_I_O)         0.431     0.431 r  clk_IBUF_inst/O
                         net (fo=1, routed)           0.734     1.165    clk_IBUF
    BUFGCTRL_X0Y0        BUFG (Prop_bufg_I_O)         0.029     1.194 r  clk_IBUF_BUFG_inst/O
                         net (fo=3410, routed)        1.037     2.230    clk_IBUF_BUFG
    SLICE_X29Y38         FDPE                                         r  reset_sync_reg[0]/C

Slack:                    inf
  Source:                 reset_n
                            (input port)
  Destination:            reset_sync_reg[1]/PRE
                            (removal check against rising-edge clock sys_clk_pin  {rise@0.000ns fall@5.000ns period=10.000ns})
  Path Group:             (none)
  Path Type:              Removal (Min at Fast Process Corner)
  Data Path Delay:        3.837ns  (logic 0.171ns (4.454%)  route 3.666ns (95.546%))
  Logic Levels:           2  (IBUF=1 LUT1=1)
  Clock Path Skew:        2.230ns (DCD - SCD - CPR)
    Destination Clock Delay (DCD):    2.230ns
    Source Clock Delay      (SCD):    0.000ns
    Clock Pessimism Removal (CPR):    -0.000ns
  Timing Exception:       False Path

    Location             Delay type                Incr(ns)  Path(ns)    Netlist Resource(s)
  -------------------------------------------------------------------    -------------------
    G4                                                0.000     0.000 r  reset_n (IN)
                         net (fo=0)                   0.000     0.000    reset_n
    G4                   IBUF (Prop_ibuf_I_O)         0.126     0.126 r  reset_n_IBUF_inst/O
                         net (fo=1, routed)           3.139     3.265    reset_n_IBUF
    SLICE_X41Y56         LUT1 (Prop_lut1_I0_O)        0.045     3.310 f  reset_sync[2]_i_1/O
                         net (fo=13, routed)          0.527     3.837    reset
    SLICE_X29Y38         FDPE                                         f  reset_sync_reg[1]/PRE
  -------------------------------------------------------------------    -------------------

                         (clock sys_clk_pin rise edge)
                                                      0.000     0.000 r  
    R4                                                0.000     0.000 r  clk (IN)
                         net (fo=0)                   0.000     0.000    clk
    R4                   IBUF (Prop_ibuf_I_O)         0.431     0.431 r  clk_IBUF_inst/O
                         net (fo=1, routed)           0.734     1.165    clk_IBUF
    BUFGCTRL_X0Y0        BUFG (Prop_bufg_I_O)         0.029     1.194 r  clk_IBUF_BUFG_inst/O
                         net (fo=3410, routed)        1.037     2.230    clk_IBUF_BUFG
    SLICE_X29Y38         FDPE                                         r  reset_sync_reg[1]/C

Slack:                    inf
  Source:                 reset_n
                            (input port)
  Destination:            reset_sync_reg[2]_replica_6/PRE
                            (removal check against rising-edge clock sys_clk_pin  {rise@0.000ns fall@5.000ns period=10.000ns})
  Path Group:             (none)
  Path Type:              Removal (Min at Fast Process Corner)
  Data Path Delay:        3.877ns  (logic 0.171ns (4.408%)  route 3.706ns (95.592%))
  Logic Levels:           2  (IBUF=1 LUT1=1)
  Clock Path Skew:        2.223ns (DCD - SCD - CPR)
    Destination Clock Delay (DCD):    2.223ns
    Source Clock Delay      (SCD):    0.000ns
    Clock Pessimism Removal (CPR):    -0.000ns
  Timing Exception:       False Path

    Location             Delay type                Incr(ns)  Path(ns)    Netlist Resource(s)
  -------------------------------------------------------------------    -------------------
    G4                                                0.000     0.000 r  reset_n (IN)
                         net (fo=0)                   0.000     0.000    reset_n
    G4                   IBUF (Prop_ibuf_I_O)         0.126     0.126 r  reset_n_IBUF_inst/O
                         net (fo=1, routed)           3.139     3.265    reset_n_IBUF
    SLICE_X41Y56         LUT1 (Prop_lut1_I0_O)        0.045     3.310 f  reset_sync[2]_i_1/O
                         net (fo=13, routed)          0.566     3.877    reset
    SLICE_X37Y36         FDPE                                         f  reset_sync_reg[2]_replica_6/PRE
  -------------------------------------------------------------------    -------------------

                         (clock sys_clk_pin rise edge)
                                                      0.000     0.000 r  
    R4                                                0.000     0.000 r  clk (IN)
                         net (fo=0)                   0.000     0.000    clk
    R4                   IBUF (Prop_ibuf_I_O)         0.431     0.431 r  clk_IBUF_inst/O
                         net (fo=1, routed)           0.734     1.165    clk_IBUF
    BUFGCTRL_X0Y0        BUFG (Prop_bufg_I_O)         0.029     1.194 r  clk_IBUF_BUFG_inst/O
                         net (fo=3410, routed)        1.030     2.223    clk_IBUF_BUFG
    SLICE_X37Y36         FDPE                                         r  reset_sync_reg[2]_replica_6/C

Slack:                    inf
  Source:                 reset_n
                            (input port)
  Destination:            reset_sync_reg[2]_replica_5/PRE
                            (removal check against rising-edge clock sys_clk_pin  {rise@0.000ns fall@5.000ns period=10.000ns})
  Path Group:             (none)
  Path Type:              Removal (Min at Fast Process Corner)
  Data Path Delay:        3.900ns  (logic 0.171ns (4.383%)  route 3.729ns (95.617%))
  Logic Levels:           2  (IBUF=1 LUT1=1)
  Clock Path Skew:        2.219ns (DCD - SCD - CPR)
    Destination Clock Delay (DCD):    2.219ns
    Source Clock Delay      (SCD):    0.000ns
    Clock Pessimism Removal (CPR):    -0.000ns
  Timing Exception:       False Path

    Location             Delay type                Incr(ns)  Path(ns)    Netlist Resource(s)
  -------------------------------------------------------------------    -------------------
    G4                                                0.000     0.000 r  reset_n (IN)
                         net (fo=0)                   0.000     0.000    reset_n
    G4                   IBUF (Prop_ibuf_I_O)         0.126     0.126 r  reset_n_IBUF_inst/O
                         net (fo=1, routed)           3.139     3.265    reset_n_IBUF
    SLICE_X41Y56         LUT1 (Prop_lut1_I0_O)        0.045     3.310 f  reset_sync[2]_i_1/O
                         net (fo=13, routed)          0.589     3.900    reset
    SLICE_X40Y33         FDPE                                         f  reset_sync_reg[2]_replica_5/PRE
  -------------------------------------------------------------------    -------------------

                         (clock sys_clk_pin rise edge)
                                                      0.000     0.000 r  
    R4                                                0.000     0.000 r  clk (IN)
                         net (fo=0)                   0.000     0.000    clk
    R4                   IBUF (Prop_ibuf_I_O)         0.431     0.431 r  clk_IBUF_inst/O
                         net (fo=1, routed)           0.734     1.165    clk_IBUF
    BUFGCTRL_X0Y0        BUFG (Prop_bufg_I_O)         0.029     1.194 r  clk_IBUF_BUFG_inst/O
                         net (fo=3410, routed)        1.026     2.219    clk_IBUF_BUFG
    SLICE_X40Y33         FDPE                                         r  reset_sync_reg[2]_replica_5/C

Slack:                    inf
  Source:                 reset_n
                            (input port)
  Destination:            reset_sync_reg[2]_replica_1/PRE
                            (removal check against rising-edge clock sys_clk_pin  {rise@0.000ns fall@5.000ns period=10.000ns})
  Path Group:             (none)
  Path Type:              Removal (Min at Fast Process Corner)
  Data Path Delay:        4.203ns  (logic 0.171ns (4.066%)  route 4.032ns (95.934%))
  Logic Levels:           2  (IBUF=1 LUT1=1)
  Clock Path Skew:        2.236ns (DCD - SCD - CPR)
    Destination Clock Delay (DCD):    2.236ns
    Source Clock Delay      (SCD):    0.000ns
    Clock Pessimism Removal (CPR):    -0.000ns
  Timing Exception:       False Path

    Location             Delay type                Incr(ns)  Path(ns)    Netlist Resource(s)
  -------------------------------------------------------------------    -------------------
    G4                                                0.000     0.000 r  reset_n (IN)
                         net (fo=0)                   0.000     0.000    reset_n
    G4                   IBUF (Prop_ibuf_I_O)         0.126     0.126 r  reset_n_IBUF_inst/O
                         net (fo=1, routed)           3.139     3.265    reset_n_IBUF
    SLICE_X41Y56         LUT1 (Prop_lut1_I0_O)        0.045     3.310 f  reset_sync[2]_i_1/O
                         net (fo=13, routed)          0.893     4.203    reset
    SLICE_X20Y43         FDPE                                         f  reset_sync_reg[2]_replica_1/PRE
  -------------------------------------------------------------------    -------------------

                         (clock sys_clk_pin rise edge)
                                                      0.000     0.000 r  
    R4                                                0.000     0.000 r  clk (IN)
                         net (fo=0)                   0.000     0.000    clk
    R4                   IBUF (Prop_ibuf_I_O)         0.431     0.431 r  clk_IBUF_inst/O
                         net (fo=1, routed)           0.734     1.165    clk_IBUF
    BUFGCTRL_X0Y0        BUFG (Prop_bufg_I_O)         0.029     1.194 r  clk_IBUF_BUFG_inst/O
                         net (fo=3410, routed)        1.043     2.236    clk_IBUF_BUFG
    SLICE_X20Y43         FDPE                                         r  reset_sync_reg[2]_replica_1/C

Slack:                    inf
  Source:                 reset_n
                            (input port)
  Destination:            reset_sync_reg[2]_replica_9/PRE
                            (removal check against rising-edge clock sys_clk_pin  {rise@0.000ns fall@5.000ns period=10.000ns})
  Path Group:             (none)
  Path Type:              Removal (Min at Fast Process Corner)
  Data Path Delay:        4.231ns  (logic 0.171ns (4.039%)  route 4.060ns (95.961%))
  Logic Levels:           2  (IBUF=1 LUT1=1)
  Clock Path Skew:        2.217ns (DCD - SCD - CPR)
    Destination Clock Delay (DCD):    2.217ns
    Source Clock Delay      (SCD):    0.000ns
    Clock Pessimism Removal (CPR):    -0.000ns
  Timing Exception:       False Path

    Location             Delay type                Incr(ns)  Path(ns)    Netlist Resource(s)
  -------------------------------------------------------------------    -------------------
    G4                                                0.000     0.000 r  reset_n (IN)
                         net (fo=0)                   0.000     0.000    reset_n
    G4                   IBUF (Prop_ibuf_I_O)         0.126     0.126 r  reset_n_IBUF_inst/O
                         net (fo=1, routed)           3.139     3.265    reset_n_IBUF
    SLICE_X41Y56         LUT1 (Prop_lut1_I0_O)        0.045     3.310 f  reset_sync[2]_i_1/O
                         net (fo=13, routed)          0.921     4.231    reset
    SLICE_X39Y18         FDPE                                         f  reset_sync_reg[2]_replica_9/PRE
  -------------------------------------------------------------------    -------------------

                         (clock sys_clk_pin rise edge)
                                                      0.000     0.000 r  
    R4                                                0.000     0.000 r  clk (IN)
                         net (fo=0)                   0.000     0.000    clk
    R4                   IBUF (Prop_ibuf_I_O)         0.431     0.431 r  clk_IBUF_inst/O
                         net (fo=1, routed)           0.734     1.165    clk_IBUF
    BUFGCTRL_X0Y0        BUFG (Prop_bufg_I_O)         0.029     1.194 r  clk_IBUF_BUFG_inst/O
                         net (fo=3410, routed)        1.024     2.217    clk_IBUF_BUFG
    SLICE_X39Y18         FDPE                                         r  reset_sync_reg[2]_replica_9/C

Slack:                    inf
  Source:                 reset_n
                            (input port)
  Destination:            reset_sync_reg[2]_replica_4/PRE
                            (removal check against rising-edge clock sys_clk_pin  {rise@0.000ns fall@5.000ns period=10.000ns})
  Path Group:             (none)
  Path Type:              Removal (Min at Fast Process Corner)
  Data Path Delay:        4.301ns  (logic 0.171ns (3.974%)  route 4.130ns (96.026%))
  Logic Levels:           2  (IBUF=1 LUT1=1)
  Clock Path Skew:        2.226ns (DCD - SCD - CPR)
    Destination Clock Delay (DCD):    2.226ns
    Source Clock Delay      (SCD):    0.000ns
    Clock Pessimism Removal (CPR):    -0.000ns
  Timing Exception:       False Path

    Location             Delay type                Incr(ns)  Path(ns)    Netlist Resource(s)
  -------------------------------------------------------------------    -------------------
    G4                                                0.000     0.000 r  reset_n (IN)
                         net (fo=0)                   0.000     0.000    reset_n
    G4                   IBUF (Prop_ibuf_I_O)         0.126     0.126 r  reset_n_IBUF_inst/O
                         net (fo=1, routed)           3.139     3.265    reset_n_IBUF
    SLICE_X41Y56         LUT1 (Prop_lut1_I0_O)        0.045     3.310 f  reset_sync[2]_i_1/O
                         net (fo=13, routed)          0.990     4.301    reset
    SLICE_X23Y30         FDPE                                         f  reset_sync_reg[2]_replica_4/PRE
  -------------------------------------------------------------------    -------------------

                         (clock sys_clk_pin rise edge)
                                                      0.000     0.000 r  
    R4                                                0.000     0.000 r  clk (IN)
                         net (fo=0)                   0.000     0.000    clk
    R4                   IBUF (Prop_ibuf_I_O)         0.431     0.431 r  clk_IBUF_inst/O
                         net (fo=1, routed)           0.734     1.165    clk_IBUF
    BUFGCTRL_X0Y0        BUFG (Prop_bufg_I_O)         0.029     1.194 r  clk_IBUF_BUFG_inst/O
                         net (fo=3410, routed)        1.033     2.226    clk_IBUF_BUFG
    SLICE_X23Y30         FDPE                                         r  reset_sync_reg[2]_replica_4/C

Slack:                    inf
  Source:                 reset_n
                            (input port)
  Destination:            reset_sync_reg[2]_replica_2/PRE
                            (removal check against rising-edge clock sys_clk_pin  {rise@0.000ns fall@5.000ns period=10.000ns})
  Path Group:             (none)
  Path Type:              Removal (Min at Fast Process Corner)
  Data Path Delay:        4.383ns  (logic 0.171ns (3.899%)  route 4.212ns (96.101%))
  Logic Levels:           2  (IBUF=1 LUT1=1)
  Clock Path Skew:        2.238ns (DCD - SCD - CPR)
    Destination Clock Delay (DCD):    2.238ns
    Source Clock Delay      (SCD):    0.000ns
    Clock Pessimism Removal (CPR):    -0.000ns
  Timing Exception:       False Path

    Location             Delay type                Incr(ns)  Path(ns)    Netlist Resource(s)
  -------------------------------------------------------------------    -------------------
    G4                                                0.000     0.000 r  reset_n (IN)
                         net (fo=0)                   0.000     0.000    reset_n
    G4                   IBUF (Prop_ibuf_I_O)         0.126     0.126 r  reset_n_IBUF_inst/O
                         net (fo=1, routed)           3.139     3.265    reset_n_IBUF
    SLICE_X41Y56         LUT1 (Prop_lut1_I0_O)        0.045     3.310 f  reset_sync[2]_i_1/O
                         net (fo=13, routed)          1.072     4.383    reset
    SLICE_X15Y43         FDPE                                         f  reset_sync_reg[2]_replica_2/PRE
  -------------------------------------------------------------------    -------------------

                         (clock sys_clk_pin rise edge)
                                                      0.000     0.000 r  
    R4                                                0.000     0.000 r  clk (IN)
                         net (fo=0)                   0.000     0.000    clk
    R4                   IBUF (Prop_ibuf_I_O)         0.431     0.431 r  clk_IBUF_inst/O
                         net (fo=1, routed)           0.734     1.165    clk_IBUF
    BUFGCTRL_X0Y0        BUFG (Prop_bufg_I_O)         0.029     1.194 r  clk_IBUF_BUFG_inst/O
                         net (fo=3410, routed)        1.045     2.238    clk_IBUF_BUFG
    SLICE_X15Y43         FDPE                                         r  reset_sync_reg[2]_replica_2/C





--------------------------------------------------------------------------------------
Path Group:  (none)
From Clock:  
  To Clock:  sys_clk_pin

Max Delay            17 Endpoints
Min Delay            17 Endpoints
--------------------------------------------------------------------------------------


Max Delay Paths
--------------------------------------------------------------------------------------
Slack:                    inf
  Source:                 rv64im72f_6sp/alu/multiplier_word/mult_result__1/ACOUT[0]
                            (internal pin)
  Destination:            rv64im72f_6sp/alu/multiplier_word/mult_result__2/ACIN[0]
                            (rising edge-triggered cell DSP48E1 clocked by sys_clk_pin  {rise@0.000ns fall@5.000ns period=10.000ns})
  Path Group:             (none)
  Path Type:              Setup (Max at Slow Process Corner)
  Data Path Delay:        0.002ns  (logic 0.000ns (0.000%)  route 0.002ns (100.000%))
  Logic Levels:           0  
  Clock Uncertainty:      0.025ns  ((TSJ^2 + TIJ^2)^1/2 + DJ) / 2 + PE
    Total System Jitter     (TSJ):    0.050ns
    Total Input Jitter      (TIJ):    0.000ns
    Discrete Jitter          (DJ):    0.000ns
    Phase Error              (PE):    0.000ns

    Location             Delay type                Incr(ns)  Path(ns)    Netlist Resource(s)
  -------------------------------------------------------------------    -------------------
    DSP48_X0Y2           DSP48E1                      0.000     0.000 r  rv64im72f_6sp/alu/multiplier_word/mult_result__1/ACOUT[0]
                         net (fo=1, routed)           0.002     0.002    rv64im72f_6sp/alu/multiplier_word/mult_result__1_n_53
    DSP48_X0Y3           DSP48E1                                      r  rv64im72f_6sp/alu/multiplier_word/mult_result__2/ACIN[0]
  -------------------------------------------------------------------    -------------------

                         (clock sys_clk_pin rise edge)
                                                      0.000     0.000 r  
    R4                                                0.000     0.000 r  clk (IN)
                         net (fo=0)                   0.000     0.000    clk
    R4                   IBUF (Prop_ibuf_I_O)         1.405     1.405 r  clk_IBUF_inst/O
                         net (fo=1, routed)           2.004     3.409    clk_IBUF
    BUFGCTRL_X0Y0        BUFG (Prop_bufg_I_O)         0.091     3.500 r  clk_IBUF_BUFG_inst/O
                         net (fo=3410, routed)        2.083     5.583    rv64im72f_6sp/alu/multiplier_word/clk_IBUF_BUFG
    DSP48_X0Y3           DSP48E1                                      r  rv64im72f_6sp/alu/multiplier_word/mult_result__2/CLK

Slack:                    inf
  Source:                 rv64im72f_6sp/alu/multiplier_word/mult_result__1/ACOUT[10]
                            (internal pin)
  Destination:            rv64im72f_6sp/alu/multiplier_word/mult_result__2/ACIN[10]
                            (rising edge-triggered cell DSP48E1 clocked by sys_clk_pin  {rise@0.000ns fall@5.000ns period=10.000ns})
  Path Group:             (none)
  Path Type:              Setup (Max at Slow Process Corner)
  Data Path Delay:        0.002ns  (logic 0.000ns (0.000%)  route 0.002ns (100.000%))
  Logic Levels:           0  
  Clock Uncertainty:      0.025ns  ((TSJ^2 + TIJ^2)^1/2 + DJ) / 2 + PE
    Total System Jitter     (TSJ):    0.050ns
    Total Input Jitter      (TIJ):    0.000ns
    Discrete Jitter          (DJ):    0.000ns
    Phase Error              (PE):    0.000ns

    Location             Delay type                Incr(ns)  Path(ns)    Netlist Resource(s)
  -------------------------------------------------------------------    -------------------
    DSP48_X0Y2           DSP48E1                      0.000     0.000 r  rv64im72f_6sp/alu/multiplier_word/mult_result__1/ACOUT[10]
                         net (fo=1, routed)           0.002     0.002    rv64im72f_6sp/alu/multiplier_word/mult_result__1_n_43
    DSP48_X0Y3           DSP48E1                                      r  rv64im72f_6sp/alu/multiplier_word/mult_result__2/ACIN[10]
  -------------------------------------------------------------------    -------------------

                         (clock sys_clk_pin rise edge)
                                                      0.000     0.000 r  
    R4                                                0.000     0.000 r  clk (IN)
                         net (fo=0)                   0.000     0.000    clk
    R4                   IBUF (Prop_ibuf_I_O)         1.405     1.405 r  clk_IBUF_inst/O
                         net (fo=1, routed)           2.004     3.409    clk_IBUF
    BUFGCTRL_X0Y0        BUFG (Prop_bufg_I_O)         0.091     3.500 r  clk_IBUF_BUFG_inst/O
                         net (fo=3410, routed)        2.083     5.583    rv64im72f_6sp/alu/multiplier_word/clk_IBUF_BUFG
    DSP48_X0Y3           DSP48E1                                      r  rv64im72f_6sp/alu/multiplier_word/mult_result__2/CLK

Slack:                    inf
  Source:                 rv64im72f_6sp/alu/multiplier_word/mult_result__1/ACOUT[11]
                            (internal pin)
  Destination:            rv64im72f_6sp/alu/multiplier_word/mult_result__2/ACIN[11]
                            (rising edge-triggered cell DSP48E1 clocked by sys_clk_pin  {rise@0.000ns fall@5.000ns period=10.000ns})
  Path Group:             (none)
  Path Type:              Setup (Max at Slow Process Corner)
  Data Path Delay:        0.002ns  (logic 0.000ns (0.000%)  route 0.002ns (100.000%))
  Logic Levels:           0  
  Clock Uncertainty:      0.025ns  ((TSJ^2 + TIJ^2)^1/2 + DJ) / 2 + PE
    Total System Jitter     (TSJ):    0.050ns
    Total Input Jitter      (TIJ):    0.000ns
    Discrete Jitter          (DJ):    0.000ns
    Phase Error              (PE):    0.000ns

    Location             Delay type                Incr(ns)  Path(ns)    Netlist Resource(s)
  -------------------------------------------------------------------    -------------------
    DSP48_X0Y2           DSP48E1                      0.000     0.000 r  rv64im72f_6sp/alu/multiplier_word/mult_result__1/ACOUT[11]
                         net (fo=1, routed)           0.002     0.002    rv64im72f_6sp/alu/multiplier_word/mult_result__1_n_42
    DSP48_X0Y3           DSP48E1                                      r  rv64im72f_6sp/alu/multiplier_word/mult_result__2/ACIN[11]
  -------------------------------------------------------------------    -------------------

                         (clock sys_clk_pin rise edge)
                                                      0.000     0.000 r  
    R4                                                0.000     0.000 r  clk (IN)
                         net (fo=0)                   0.000     0.000    clk
    R4                   IBUF (Prop_ibuf_I_O)         1.405     1.405 r  clk_IBUF_inst/O
                         net (fo=1, routed)           2.004     3.409    clk_IBUF
    BUFGCTRL_X0Y0        BUFG (Prop_bufg_I_O)         0.091     3.500 r  clk_IBUF_BUFG_inst/O
                         net (fo=3410, routed)        2.083     5.583    rv64im72f_6sp/alu/multiplier_word/clk_IBUF_BUFG
    DSP48_X0Y3           DSP48E1                                      r  rv64im72f_6sp/alu/multiplier_word/mult_result__2/CLK

Slack:                    inf
  Source:                 rv64im72f_6sp/alu/multiplier_word/mult_result__1/ACOUT[12]
                            (internal pin)
  Destination:            rv64im72f_6sp/alu/multiplier_word/mult_result__2/ACIN[12]
                            (rising edge-triggered cell DSP48E1 clocked by sys_clk_pin  {rise@0.000ns fall@5.000ns period=10.000ns})
  Path Group:             (none)
  Path Type:              Setup (Max at Slow Process Corner)
  Data Path Delay:        0.002ns  (logic 0.000ns (0.000%)  route 0.002ns (100.000%))
  Logic Levels:           0  
  Clock Uncertainty:      0.025ns  ((TSJ^2 + TIJ^2)^1/2 + DJ) / 2 + PE
    Total System Jitter     (TSJ):    0.050ns
    Total Input Jitter      (TIJ):    0.000ns
    Discrete Jitter          (DJ):    0.000ns
    Phase Error              (PE):    0.000ns

    Location             Delay type                Incr(ns)  Path(ns)    Netlist Resource(s)
  -------------------------------------------------------------------    -------------------
    DSP48_X0Y2           DSP48E1                      0.000     0.000 r  rv64im72f_6sp/alu/multiplier_word/mult_result__1/ACOUT[12]
                         net (fo=1, routed)           0.002     0.002    rv64im72f_6sp/alu/multiplier_word/mult_result__1_n_41
    DSP48_X0Y3           DSP48E1                                      r  rv64im72f_6sp/alu/multiplier_word/mult_result__2/ACIN[12]
  -------------------------------------------------------------------    -------------------

                         (clock sys_clk_pin rise edge)
                                                      0.000     0.000 r  
    R4                                                0.000     0.000 r  clk (IN)
                         net (fo=0)                   0.000     0.000    clk
    R4                   IBUF (Prop_ibuf_I_O)         1.405     1.405 r  clk_IBUF_inst/O
                         net (fo=1, routed)           2.004     3.409    clk_IBUF
    BUFGCTRL_X0Y0        BUFG (Prop_bufg_I_O)         0.091     3.500 r  clk_IBUF_BUFG_inst/O
                         net (fo=3410, routed)        2.083     5.583    rv64im72f_6sp/alu/multiplier_word/clk_IBUF_BUFG
    DSP48_X0Y3           DSP48E1                                      r  rv64im72f_6sp/alu/multiplier_word/mult_result__2/CLK

Slack:                    inf
  Source:                 rv64im72f_6sp/alu/multiplier_word/mult_result__1/ACOUT[13]
                            (internal pin)
  Destination:            rv64im72f_6sp/alu/multiplier_word/mult_result__2/ACIN[13]
                            (rising edge-triggered cell DSP48E1 clocked by sys_clk_pin  {rise@0.000ns fall@5.000ns period=10.000ns})
  Path Group:             (none)
  Path Type:              Setup (Max at Slow Process Corner)
  Data Path Delay:        0.002ns  (logic 0.000ns (0.000%)  route 0.002ns (100.000%))
  Logic Levels:           0  
  Clock Uncertainty:      0.025ns  ((TSJ^2 + TIJ^2)^1/2 + DJ) / 2 + PE
    Total System Jitter     (TSJ):    0.050ns
    Total Input Jitter      (TIJ):    0.000ns
    Discrete Jitter          (DJ):    0.000ns
    Phase Error              (PE):    0.000ns

    Location             Delay type                Incr(ns)  Path(ns)    Netlist Resource(s)
  -------------------------------------------------------------------    -------------------
    DSP48_X0Y2           DSP48E1                      0.000     0.000 r  rv64im72f_6sp/alu/multiplier_word/mult_result__1/ACOUT[13]
                         net (fo=1, routed)           0.002     0.002    rv64im72f_6sp/alu/multiplier_word/mult_result__1_n_40
    DSP48_X0Y3           DSP48E1                                      r  rv64im72f_6sp/alu/multiplier_word/mult_result__2/ACIN[13]
  -------------------------------------------------------------------    -------------------

                         (clock sys_clk_pin rise edge)
                                                      0.000     0.000 r  
    R4                                                0.000     0.000 r  clk (IN)
                         net (fo=0)                   0.000     0.000    clk
    R4                   IBUF (Prop_ibuf_I_O)         1.405     1.405 r  clk_IBUF_inst/O
                         net (fo=1, routed)           2.004     3.409    clk_IBUF
    BUFGCTRL_X0Y0        BUFG (Prop_bufg_I_O)         0.091     3.500 r  clk_IBUF_BUFG_inst/O
                         net (fo=3410, routed)        2.083     5.583    rv64im72f_6sp/alu/multiplier_word/clk_IBUF_BUFG
    DSP48_X0Y3           DSP48E1                                      r  rv64im72f_6sp/alu/multiplier_word/mult_result__2/CLK

Slack:                    inf
  Source:                 rv64im72f_6sp/alu/multiplier_word/mult_result__1/ACOUT[14]
                            (internal pin)
  Destination:            rv64im72f_6sp/alu/multiplier_word/mult_result__2/ACIN[14]
                            (rising edge-triggered cell DSP48E1 clocked by sys_clk_pin  {rise@0.000ns fall@5.000ns period=10.000ns})
  Path Group:             (none)
  Path Type:              Setup (Max at Slow Process Corner)
  Data Path Delay:        0.002ns  (logic 0.000ns (0.000%)  route 0.002ns (100.000%))
  Logic Levels:           0  
  Clock Uncertainty:      0.025ns  ((TSJ^2 + TIJ^2)^1/2 + DJ) / 2 + PE
    Total System Jitter     (TSJ):    0.050ns
    Total Input Jitter      (TIJ):    0.000ns
    Discrete Jitter          (DJ):    0.000ns
    Phase Error              (PE):    0.000ns

    Location             Delay type                Incr(ns)  Path(ns)    Netlist Resource(s)
  -------------------------------------------------------------------    -------------------
    DSP48_X0Y2           DSP48E1                      0.000     0.000 r  rv64im72f_6sp/alu/multiplier_word/mult_result__1/ACOUT[14]
                         net (fo=1, routed)           0.002     0.002    rv64im72f_6sp/alu/multiplier_word/mult_result__1_n_39
    DSP48_X0Y3           DSP48E1                                      r  rv64im72f_6sp/alu/multiplier_word/mult_result__2/ACIN[14]
  -------------------------------------------------------------------    -------------------

                         (clock sys_clk_pin rise edge)
                                                      0.000     0.000 r  
    R4                                                0.000     0.000 r  clk (IN)
                         net (fo=0)                   0.000     0.000    clk
    R4                   IBUF (Prop_ibuf_I_O)         1.405     1.405 r  clk_IBUF_inst/O
                         net (fo=1, routed)           2.004     3.409    clk_IBUF
    BUFGCTRL_X0Y0        BUFG (Prop_bufg_I_O)         0.091     3.500 r  clk_IBUF_BUFG_inst/O
                         net (fo=3410, routed)        2.083     5.583    rv64im72f_6sp/alu/multiplier_word/clk_IBUF_BUFG
    DSP48_X0Y3           DSP48E1                                      r  rv64im72f_6sp/alu/multiplier_word/mult_result__2/CLK

Slack:                    inf
  Source:                 rv64im72f_6sp/alu/multiplier_word/mult_result__1/ACOUT[15]
                            (internal pin)
  Destination:            rv64im72f_6sp/alu/multiplier_word/mult_result__2/ACIN[15]
                            (rising edge-triggered cell DSP48E1 clocked by sys_clk_pin  {rise@0.000ns fall@5.000ns period=10.000ns})
  Path Group:             (none)
  Path Type:              Setup (Max at Slow Process Corner)
  Data Path Delay:        0.002ns  (logic 0.000ns (0.000%)  route 0.002ns (100.000%))
  Logic Levels:           0  
  Clock Uncertainty:      0.025ns  ((TSJ^2 + TIJ^2)^1/2 + DJ) / 2 + PE
    Total System Jitter     (TSJ):    0.050ns
    Total Input Jitter      (TIJ):    0.000ns
    Discrete Jitter          (DJ):    0.000ns
    Phase Error              (PE):    0.000ns

    Location             Delay type                Incr(ns)  Path(ns)    Netlist Resource(s)
  -------------------------------------------------------------------    -------------------
    DSP48_X0Y2           DSP48E1                      0.000     0.000 r  rv64im72f_6sp/alu/multiplier_word/mult_result__1/ACOUT[15]
                         net (fo=1, routed)           0.002     0.002    rv64im72f_6sp/alu/multiplier_word/mult_result__1_n_38
    DSP48_X0Y3           DSP48E1                                      r  rv64im72f_6sp/alu/multiplier_word/mult_result__2/ACIN[15]
  -------------------------------------------------------------------    -------------------

                         (clock sys_clk_pin rise edge)
                                                      0.000     0.000 r  
    R4                                                0.000     0.000 r  clk (IN)
                         net (fo=0)                   0.000     0.000    clk
    R4                   IBUF (Prop_ibuf_I_O)         1.405     1.405 r  clk_IBUF_inst/O
                         net (fo=1, routed)           2.004     3.409    clk_IBUF
    BUFGCTRL_X0Y0        BUFG (Prop_bufg_I_O)         0.091     3.500 r  clk_IBUF_BUFG_inst/O
                         net (fo=3410, routed)        2.083     5.583    rv64im72f_6sp/alu/multiplier_word/clk_IBUF_BUFG
    DSP48_X0Y3           DSP48E1                                      r  rv64im72f_6sp/alu/multiplier_word/mult_result__2/CLK

Slack:                    inf
  Source:                 rv64im72f_6sp/alu/multiplier_word/mult_result__1/ACOUT[16]
                            (internal pin)
  Destination:            rv64im72f_6sp/alu/multiplier_word/mult_result__2/ACIN[16]
                            (rising edge-triggered cell DSP48E1 clocked by sys_clk_pin  {rise@0.000ns fall@5.000ns period=10.000ns})
  Path Group:             (none)
  Path Type:              Setup (Max at Slow Process Corner)
  Data Path Delay:        0.002ns  (logic 0.000ns (0.000%)  route 0.002ns (100.000%))
  Logic Levels:           0  
  Clock Uncertainty:      0.025ns  ((TSJ^2 + TIJ^2)^1/2 + DJ) / 2 + PE
    Total System Jitter     (TSJ):    0.050ns
    Total Input Jitter      (TIJ):    0.000ns
    Discrete Jitter          (DJ):    0.000ns
    Phase Error              (PE):    0.000ns

    Location             Delay type                Incr(ns)  Path(ns)    Netlist Resource(s)
  -------------------------------------------------------------------    -------------------
    DSP48_X0Y2           DSP48E1                      0.000     0.000 r  rv64im72f_6sp/alu/multiplier_word/mult_result__1/ACOUT[16]
                         net (fo=1, routed)           0.002     0.002    rv64im72f_6sp/alu/multiplier_word/mult_result__1_n_37
    DSP48_X0Y3           DSP48E1                                      r  rv64im72f_6sp/alu/multiplier_word/mult_result__2/ACIN[16]
  -------------------------------------------------------------------    -------------------

                         (clock sys_clk_pin rise edge)
                                                      0.000     0.000 r  
    R4                                                0.000     0.000 r  clk (IN)
                         net (fo=0)                   0.000     0.000    clk
    R4                   IBUF (Prop_ibuf_I_O)         1.405     1.405 r  clk_IBUF_inst/O
                         net (fo=1, routed)           2.004     3.409    clk_IBUF
    BUFGCTRL_X0Y0        BUFG (Prop_bufg_I_O)         0.091     3.500 r  clk_IBUF_BUFG_inst/O
                         net (fo=3410, routed)        2.083     5.583    rv64im72f_6sp/alu/multiplier_word/clk_IBUF_BUFG
    DSP48_X0Y3           DSP48E1                                      r  rv64im72f_6sp/alu/multiplier_word/mult_result__2/CLK

Slack:                    inf
  Source:                 rv64im72f_6sp/alu/multiplier_word/mult_result__1/ACOUT[1]
                            (internal pin)
  Destination:            rv64im72f_6sp/alu/multiplier_word/mult_result__2/ACIN[1]
                            (rising edge-triggered cell DSP48E1 clocked by sys_clk_pin  {rise@0.000ns fall@5.000ns period=10.000ns})
  Path Group:             (none)
  Path Type:              Setup (Max at Slow Process Corner)
  Data Path Delay:        0.002ns  (logic 0.000ns (0.000%)  route 0.002ns (100.000%))
  Logic Levels:           0  
  Clock Uncertainty:      0.025ns  ((TSJ^2 + TIJ^2)^1/2 + DJ) / 2 + PE
    Total System Jitter     (TSJ):    0.050ns
    Total Input Jitter      (TIJ):    0.000ns
    Discrete Jitter          (DJ):    0.000ns
    Phase Error              (PE):    0.000ns

    Location             Delay type                Incr(ns)  Path(ns)    Netlist Resource(s)
  -------------------------------------------------------------------    -------------------
    DSP48_X0Y2           DSP48E1                      0.000     0.000 r  rv64im72f_6sp/alu/multiplier_word/mult_result__1/ACOUT[1]
                         net (fo=1, routed)           0.002     0.002    rv64im72f_6sp/alu/multiplier_word/mult_result__1_n_52
    DSP48_X0Y3           DSP48E1                                      r  rv64im72f_6sp/alu/multiplier_word/mult_result__2/ACIN[1]
  -------------------------------------------------------------------    -------------------

                         (clock sys_clk_pin rise edge)
                                                      0.000     0.000 r  
    R4                                                0.000     0.000 r  clk (IN)
                         net (fo=0)                   0.000     0.000    clk
    R4                   IBUF (Prop_ibuf_I_O)         1.405     1.405 r  clk_IBUF_inst/O
                         net (fo=1, routed)           2.004     3.409    clk_IBUF
    BUFGCTRL_X0Y0        BUFG (Prop_bufg_I_O)         0.091     3.500 r  clk_IBUF_BUFG_inst/O
                         net (fo=3410, routed)        2.083     5.583    rv64im72f_6sp/alu/multiplier_word/clk_IBUF_BUFG
    DSP48_X0Y3           DSP48E1                                      r  rv64im72f_6sp/alu/multiplier_word/mult_result__2/CLK

Slack:                    inf
  Source:                 rv64im72f_6sp/alu/multiplier_word/mult_result__1/ACOUT[2]
                            (internal pin)
  Destination:            rv64im72f_6sp/alu/multiplier_word/mult_result__2/ACIN[2]
                            (rising edge-triggered cell DSP48E1 clocked by sys_clk_pin  {rise@0.000ns fall@5.000ns period=10.000ns})
  Path Group:             (none)
  Path Type:              Setup (Max at Slow Process Corner)
  Data Path Delay:        0.002ns  (logic 0.000ns (0.000%)  route 0.002ns (100.000%))
  Logic Levels:           0  
  Clock Uncertainty:      0.025ns  ((TSJ^2 + TIJ^2)^1/2 + DJ) / 2 + PE
    Total System Jitter     (TSJ):    0.050ns
    Total Input Jitter      (TIJ):    0.000ns
    Discrete Jitter          (DJ):    0.000ns
    Phase Error              (PE):    0.000ns

    Location             Delay type                Incr(ns)  Path(ns)    Netlist Resource(s)
  -------------------------------------------------------------------    -------------------
    DSP48_X0Y2           DSP48E1                      0.000     0.000 r  rv64im72f_6sp/alu/multiplier_word/mult_result__1/ACOUT[2]
                         net (fo=1, routed)           0.002     0.002    rv64im72f_6sp/alu/multiplier_word/mult_result__1_n_51
    DSP48_X0Y3           DSP48E1                                      r  rv64im72f_6sp/alu/multiplier_word/mult_result__2/ACIN[2]
  -------------------------------------------------------------------    -------------------

                         (clock sys_clk_pin rise edge)
                                                      0.000     0.000 r  
    R4                                                0.000     0.000 r  clk (IN)
                         net (fo=0)                   0.000     0.000    clk
    R4                   IBUF (Prop_ibuf_I_O)         1.405     1.405 r  clk_IBUF_inst/O
                         net (fo=1, routed)           2.004     3.409    clk_IBUF
    BUFGCTRL_X0Y0        BUFG (Prop_bufg_I_O)         0.091     3.500 r  clk_IBUF_BUFG_inst/O
                         net (fo=3410, routed)        2.083     5.583    rv64im72f_6sp/alu/multiplier_word/clk_IBUF_BUFG
    DSP48_X0Y3           DSP48E1                                      r  rv64im72f_6sp/alu/multiplier_word/mult_result__2/CLK





Min Delay Paths
--------------------------------------------------------------------------------------
Slack:                    inf
  Source:                 rv64im72f_6sp/alu/multiplier_word/mult_result__1/ACOUT[0]
                            (internal pin)
  Destination:            rv64im72f_6sp/alu/multiplier_word/mult_result__2/ACIN[0]
                            (rising edge-triggered cell DSP48E1 clocked by sys_clk_pin  {rise@0.000ns fall@5.000ns period=10.000ns})
  Path Group:             (none)
  Path Type:              Hold (Min at Slow Process Corner)
  Data Path Delay:        0.002ns  (logic 0.000ns (0.000%)  route 0.002ns (100.000%))
  Logic Levels:           0  
  Clock Uncertainty:      0.025ns  ((TSJ^2 + TIJ^2)^1/2 + DJ) / 2 + PE
    Total System Jitter     (TSJ):    0.050ns
    Total Input Jitter      (TIJ):    0.000ns
    Discrete Jitter          (DJ):    0.000ns
    Phase Error              (PE):    0.000ns

    Location             Delay type                Incr(ns)  Path(ns)    Netlist Resource(s)
  -------------------------------------------------------------------    -------------------
    DSP48_X0Y2           DSP48E1                      0.000     0.000 r  rv64im72f_6sp/alu/multiplier_word/mult_result__1/ACOUT[0]
                         net (fo=1, routed)           0.002     0.002    rv64im72f_6sp/alu/multiplier_word/mult_result__1_n_53
    DSP48_X0Y3           DSP48E1                                      r  rv64im72f_6sp/alu/multiplier_word/mult_result__2/ACIN[0]
  -------------------------------------------------------------------    -------------------

                         (clock sys_clk_pin rise edge)
                                                      0.000     0.000 r  
    R4                                                0.000     0.000 r  clk (IN)
                         net (fo=0)                   0.000     0.000    clk
    R4                   IBUF (Prop_ibuf_I_O)         1.475     1.475 r  clk_IBUF_inst/O
                         net (fo=1, routed)           2.114     3.589    clk_IBUF
    BUFGCTRL_X0Y0        BUFG (Prop_bufg_I_O)         0.096     3.685 r  clk_IBUF_BUFG_inst/O
                         net (fo=3410, routed)        2.220     5.905    rv64im72f_6sp/alu/multiplier_word/clk_IBUF_BUFG
    DSP48_X0Y3           DSP48E1                                      r  rv64im72f_6sp/alu/multiplier_word/mult_result__2/CLK

Slack:                    inf
  Source:                 rv64im72f_6sp/alu/multiplier_word/mult_result__1/ACOUT[10]
                            (internal pin)
  Destination:            rv64im72f_6sp/alu/multiplier_word/mult_result__2/ACIN[10]
                            (rising edge-triggered cell DSP48E1 clocked by sys_clk_pin  {rise@0.000ns fall@5.000ns period=10.000ns})
  Path Group:             (none)
  Path Type:              Hold (Min at Slow Process Corner)
  Data Path Delay:        0.002ns  (logic 0.000ns (0.000%)  route 0.002ns (100.000%))
  Logic Levels:           0  
  Clock Uncertainty:      0.025ns  ((TSJ^2 + TIJ^2)^1/2 + DJ) / 2 + PE
    Total System Jitter     (TSJ):    0.050ns
    Total Input Jitter      (TIJ):    0.000ns
    Discrete Jitter          (DJ):    0.000ns
    Phase Error              (PE):    0.000ns

    Location             Delay type                Incr(ns)  Path(ns)    Netlist Resource(s)
  -------------------------------------------------------------------    -------------------
    DSP48_X0Y2           DSP48E1                      0.000     0.000 r  rv64im72f_6sp/alu/multiplier_word/mult_result__1/ACOUT[10]
                         net (fo=1, routed)           0.002     0.002    rv64im72f_6sp/alu/multiplier_word/mult_result__1_n_43
    DSP48_X0Y3           DSP48E1                                      r  rv64im72f_6sp/alu/multiplier_word/mult_result__2/ACIN[10]
  -------------------------------------------------------------------    -------------------

                         (clock sys_clk_pin rise edge)
                                                      0.000     0.000 r  
    R4                                                0.000     0.000 r  clk (IN)
                         net (fo=0)                   0.000     0.000    clk
    R4                   IBUF (Prop_ibuf_I_O)         1.475     1.475 r  clk_IBUF_inst/O
                         net (fo=1, routed)           2.114     3.589    clk_IBUF
    BUFGCTRL_X0Y0        BUFG (Prop_bufg_I_O)         0.096     3.685 r  clk_IBUF_BUFG_inst/O
                         net (fo=3410, routed)        2.220     5.905    rv64im72f_6sp/alu/multiplier_word/clk_IBUF_BUFG
    DSP48_X0Y3           DSP48E1                                      r  rv64im72f_6sp/alu/multiplier_word/mult_result__2/CLK

Slack:                    inf
  Source:                 rv64im72f_6sp/alu/multiplier_word/mult_result__1/ACOUT[11]
                            (internal pin)
  Destination:            rv64im72f_6sp/alu/multiplier_word/mult_result__2/ACIN[11]
                            (rising edge-triggered cell DSP48E1 clocked by sys_clk_pin  {rise@0.000ns fall@5.000ns period=10.000ns})
  Path Group:             (none)
  Path Type:              Hold (Min at Slow Process Corner)
  Data Path Delay:        0.002ns  (logic 0.000ns (0.000%)  route 0.002ns (100.000%))
  Logic Levels:           0  
  Clock Uncertainty:      0.025ns  ((TSJ^2 + TIJ^2)^1/2 + DJ) / 2 + PE
    Total System Jitter     (TSJ):    0.050ns
    Total Input Jitter      (TIJ):    0.000ns
    Discrete Jitter          (DJ):    0.000ns
    Phase Error              (PE):    0.000ns

    Location             Delay type                Incr(ns)  Path(ns)    Netlist Resource(s)
  -------------------------------------------------------------------    -------------------
    DSP48_X0Y2           DSP48E1                      0.000     0.000 r  rv64im72f_6sp/alu/multiplier_word/mult_result__1/ACOUT[11]
                         net (fo=1, routed)           0.002     0.002    rv64im72f_6sp/alu/multiplier_word/mult_result__1_n_42
    DSP48_X0Y3           DSP48E1                                      r  rv64im72f_6sp/alu/multiplier_word/mult_result__2/ACIN[11]
  -------------------------------------------------------------------    -------------------

                         (clock sys_clk_pin rise edge)
                                                      0.000     0.000 r  
    R4                                                0.000     0.000 r  clk (IN)
                         net (fo=0)                   0.000     0.000    clk
    R4                   IBUF (Prop_ibuf_I_O)         1.475     1.475 r  clk_IBUF_inst/O
                         net (fo=1, routed)           2.114     3.589    clk_IBUF
    BUFGCTRL_X0Y0        BUFG (Prop_bufg_I_O)         0.096     3.685 r  clk_IBUF_BUFG_inst/O
                         net (fo=3410, routed)        2.220     5.905    rv64im72f_6sp/alu/multiplier_word/clk_IBUF_BUFG
    DSP48_X0Y3           DSP48E1                                      r  rv64im72f_6sp/alu/multiplier_word/mult_result__2/CLK

Slack:                    inf
  Source:                 rv64im72f_6sp/alu/multiplier_word/mult_result__1/ACOUT[12]
                            (internal pin)
  Destination:            rv64im72f_6sp/alu/multiplier_word/mult_result__2/ACIN[12]
                            (rising edge-triggered cell DSP48E1 clocked by sys_clk_pin  {rise@0.000ns fall@5.000ns period=10.000ns})
  Path Group:             (none)
  Path Type:              Hold (Min at Slow Process Corner)
  Data Path Delay:        0.002ns  (logic 0.000ns (0.000%)  route 0.002ns (100.000%))
  Logic Levels:           0  
  Clock Uncertainty:      0.025ns  ((TSJ^2 + TIJ^2)^1/2 + DJ) / 2 + PE
    Total System Jitter     (TSJ):    0.050ns
    Total Input Jitter      (TIJ):    0.000ns
    Discrete Jitter          (DJ):    0.000ns
    Phase Error              (PE):    0.000ns

    Location             Delay type                Incr(ns)  Path(ns)    Netlist Resource(s)
  -------------------------------------------------------------------    -------------------
    DSP48_X0Y2           DSP48E1                      0.000     0.000 r  rv64im72f_6sp/alu/multiplier_word/mult_result__1/ACOUT[12]
                         net (fo=1, routed)           0.002     0.002    rv64im72f_6sp/alu/multiplier_word/mult_result__1_n_41
    DSP48_X0Y3           DSP48E1                                      r  rv64im72f_6sp/alu/multiplier_word/mult_result__2/ACIN[12]
  -------------------------------------------------------------------    -------------------

                         (clock sys_clk_pin rise edge)
                                                      0.000     0.000 r  
    R4                                                0.000     0.000 r  clk (IN)
                         net (fo=0)                   0.000     0.000    clk
    R4                   IBUF (Prop_ibuf_I_O)         1.475     1.475 r  clk_IBUF_inst/O
                         net (fo=1, routed)           2.114     3.589    clk_IBUF
    BUFGCTRL_X0Y0        BUFG (Prop_bufg_I_O)         0.096     3.685 r  clk_IBUF_BUFG_inst/O
                         net (fo=3410, routed)        2.220     5.905    rv64im72f_6sp/alu/multiplier_word/clk_IBUF_BUFG
    DSP48_X0Y3           DSP48E1                                      r  rv64im72f_6sp/alu/multiplier_word/mult_result__2/CLK

Slack:                    inf
  Source:                 rv64im72f_6sp/alu/multiplier_word/mult_result__1/ACOUT[13]
                            (internal pin)
  Destination:            rv64im72f_6sp/alu/multiplier_word/mult_result__2/ACIN[13]
                            (rising edge-triggered cell DSP48E1 clocked by sys_clk_pin  {rise@0.000ns fall@5.000ns period=10.000ns})
  Path Group:             (none)
  Path Type:              Hold (Min at Slow Process Corner)
  Data Path Delay:        0.002ns  (logic 0.000ns (0.000%)  route 0.002ns (100.000%))
  Logic Levels:           0  
  Clock Uncertainty:      0.025ns  ((TSJ^2 + TIJ^2)^1/2 + DJ) / 2 + PE
    Total System Jitter     (TSJ):    0.050ns
    Total Input Jitter      (TIJ):    0.000ns
    Discrete Jitter          (DJ):    0.000ns
    Phase Error              (PE):    0.000ns

    Location             Delay type                Incr(ns)  Path(ns)    Netlist Resource(s)
  -------------------------------------------------------------------    -------------------
    DSP48_X0Y2           DSP48E1                      0.000     0.000 r  rv64im72f_6sp/alu/multiplier_word/mult_result__1/ACOUT[13]
                         net (fo=1, routed)           0.002     0.002    rv64im72f_6sp/alu/multiplier_word/mult_result__1_n_40
    DSP48_X0Y3           DSP48E1                                      r  rv64im72f_6sp/alu/multiplier_word/mult_result__2/ACIN[13]
  -------------------------------------------------------------------    -------------------

                         (clock sys_clk_pin rise edge)
                                                      0.000     0.000 r  
    R4                                                0.000     0.000 r  clk (IN)
                         net (fo=0)                   0.000     0.000    clk
    R4                   IBUF (Prop_ibuf_I_O)         1.475     1.475 r  clk_IBUF_inst/O
                         net (fo=1, routed)           2.114     3.589    clk_IBUF
    BUFGCTRL_X0Y0        BUFG (Prop_bufg_I_O)         0.096     3.685 r  clk_IBUF_BUFG_inst/O
                         net (fo=3410, routed)        2.220     5.905    rv64im72f_6sp/alu/multiplier_word/clk_IBUF_BUFG
    DSP48_X0Y3           DSP48E1                                      r  rv64im72f_6sp/alu/multiplier_word/mult_result__2/CLK

Slack:                    inf
  Source:                 rv64im72f_6sp/alu/multiplier_word/mult_result__1/ACOUT[14]
                            (internal pin)
  Destination:            rv64im72f_6sp/alu/multiplier_word/mult_result__2/ACIN[14]
                            (rising edge-triggered cell DSP48E1 clocked by sys_clk_pin  {rise@0.000ns fall@5.000ns period=10.000ns})
  Path Group:             (none)
  Path Type:              Hold (Min at Slow Process Corner)
  Data Path Delay:        0.002ns  (logic 0.000ns (0.000%)  route 0.002ns (100.000%))
  Logic Levels:           0  
  Clock Uncertainty:      0.025ns  ((TSJ^2 + TIJ^2)^1/2 + DJ) / 2 + PE
    Total System Jitter     (TSJ):    0.050ns
    Total Input Jitter      (TIJ):    0.000ns
    Discrete Jitter          (DJ):    0.000ns
    Phase Error              (PE):    0.000ns

    Location             Delay type                Incr(ns)  Path(ns)    Netlist Resource(s)
  -------------------------------------------------------------------    -------------------
    DSP48_X0Y2           DSP48E1                      0.000     0.000 r  rv64im72f_6sp/alu/multiplier_word/mult_result__1/ACOUT[14]
                         net (fo=1, routed)           0.002     0.002    rv64im72f_6sp/alu/multiplier_word/mult_result__1_n_39
    DSP48_X0Y3           DSP48E1                                      r  rv64im72f_6sp/alu/multiplier_word/mult_result__2/ACIN[14]
  -------------------------------------------------------------------    -------------------

                         (clock sys_clk_pin rise edge)
                                                      0.000     0.000 r  
    R4                                                0.000     0.000 r  clk (IN)
                         net (fo=0)                   0.000     0.000    clk
    R4                   IBUF (Prop_ibuf_I_O)         1.475     1.475 r  clk_IBUF_inst/O
                         net (fo=1, routed)           2.114     3.589    clk_IBUF
    BUFGCTRL_X0Y0        BUFG (Prop_bufg_I_O)         0.096     3.685 r  clk_IBUF_BUFG_inst/O
                         net (fo=3410, routed)        2.220     5.905    rv64im72f_6sp/alu/multiplier_word/clk_IBUF_BUFG
    DSP48_X0Y3           DSP48E1                                      r  rv64im72f_6sp/alu/multiplier_word/mult_result__2/CLK

Slack:                    inf
  Source:                 rv64im72f_6sp/alu/multiplier_word/mult_result__1/ACOUT[15]
                            (internal pin)
  Destination:            rv64im72f_6sp/alu/multiplier_word/mult_result__2/ACIN[15]
                            (rising edge-triggered cell DSP48E1 clocked by sys_clk_pin  {rise@0.000ns fall@5.000ns period=10.000ns})
  Path Group:             (none)
  Path Type:              Hold (Min at Slow Process Corner)
  Data Path Delay:        0.002ns  (logic 0.000ns (0.000%)  route 0.002ns (100.000%))
  Logic Levels:           0  
  Clock Uncertainty:      0.025ns  ((TSJ^2 + TIJ^2)^1/2 + DJ) / 2 + PE
    Total System Jitter     (TSJ):    0.050ns
    Total Input Jitter      (TIJ):    0.000ns
    Discrete Jitter          (DJ):    0.000ns
    Phase Error              (PE):    0.000ns

    Location             Delay type                Incr(ns)  Path(ns)    Netlist Resource(s)
  -------------------------------------------------------------------    -------------------
    DSP48_X0Y2           DSP48E1                      0.000     0.000 r  rv64im72f_6sp/alu/multiplier_word/mult_result__1/ACOUT[15]
                         net (fo=1, routed)           0.002     0.002    rv64im72f_6sp/alu/multiplier_word/mult_result__1_n_38
    DSP48_X0Y3           DSP48E1                                      r  rv64im72f_6sp/alu/multiplier_word/mult_result__2/ACIN[15]
  -------------------------------------------------------------------    -------------------

                         (clock sys_clk_pin rise edge)
                                                      0.000     0.000 r  
    R4                                                0.000     0.000 r  clk (IN)
                         net (fo=0)                   0.000     0.000    clk
    R4                   IBUF (Prop_ibuf_I_O)         1.475     1.475 r  clk_IBUF_inst/O
                         net (fo=1, routed)           2.114     3.589    clk_IBUF
    BUFGCTRL_X0Y0        BUFG (Prop_bufg_I_O)         0.096     3.685 r  clk_IBUF_BUFG_inst/O
                         net (fo=3410, routed)        2.220     5.905    rv64im72f_6sp/alu/multiplier_word/clk_IBUF_BUFG
    DSP48_X0Y3           DSP48E1                                      r  rv64im72f_6sp/alu/multiplier_word/mult_result__2/CLK

Slack:                    inf
  Source:                 rv64im72f_6sp/alu/multiplier_word/mult_result__1/ACOUT[16]
                            (internal pin)
  Destination:            rv64im72f_6sp/alu/multiplier_word/mult_result__2/ACIN[16]
                            (rising edge-triggered cell DSP48E1 clocked by sys_clk_pin  {rise@0.000ns fall@5.000ns period=10.000ns})
  Path Group:             (none)
  Path Type:              Hold (Min at Slow Process Corner)
  Data Path Delay:        0.002ns  (logic 0.000ns (0.000%)  route 0.002ns (100.000%))
  Logic Levels:           0  
  Clock Uncertainty:      0.025ns  ((TSJ^2 + TIJ^2)^1/2 + DJ) / 2 + PE
    Total System Jitter     (TSJ):    0.050ns
    Total Input Jitter      (TIJ):    0.000ns
    Discrete Jitter          (DJ):    0.000ns
    Phase Error              (PE):    0.000ns

    Location             Delay type                Incr(ns)  Path(ns)    Netlist Resource(s)
  -------------------------------------------------------------------    -------------------
    DSP48_X0Y2           DSP48E1                      0.000     0.000 r  rv64im72f_6sp/alu/multiplier_word/mult_result__1/ACOUT[16]
                         net (fo=1, routed)           0.002     0.002    rv64im72f_6sp/alu/multiplier_word/mult_result__1_n_37
    DSP48_X0Y3           DSP48E1                                      r  rv64im72f_6sp/alu/multiplier_word/mult_result__2/ACIN[16]
  -------------------------------------------------------------------    -------------------

                         (clock sys_clk_pin rise edge)
                                                      0.000     0.000 r  
    R4                                                0.000     0.000 r  clk (IN)
                         net (fo=0)                   0.000     0.000    clk
    R4                   IBUF (Prop_ibuf_I_O)         1.475     1.475 r  clk_IBUF_inst/O
                         net (fo=1, routed)           2.114     3.589    clk_IBUF
    BUFGCTRL_X0Y0        BUFG (Prop_bufg_I_O)         0.096     3.685 r  clk_IBUF_BUFG_inst/O
                         net (fo=3410, routed)        2.220     5.905    rv64im72f_6sp/alu/multiplier_word/clk_IBUF_BUFG
    DSP48_X0Y3           DSP48E1                                      r  rv64im72f_6sp/alu/multiplier_word/mult_result__2/CLK

Slack:                    inf
  Source:                 rv64im72f_6sp/alu/multiplier_word/mult_result__1/ACOUT[1]
                            (internal pin)
  Destination:            rv64im72f_6sp/alu/multiplier_word/mult_result__2/ACIN[1]
                            (rising edge-triggered cell DSP48E1 clocked by sys_clk_pin  {rise@0.000ns fall@5.000ns period=10.000ns})
  Path Group:             (none)
  Path Type:              Hold (Min at Slow Process Corner)
  Data Path Delay:        0.002ns  (logic 0.000ns (0.000%)  route 0.002ns (100.000%))
  Logic Levels:           0  
  Clock Uncertainty:      0.025ns  ((TSJ^2 + TIJ^2)^1/2 + DJ) / 2 + PE
    Total System Jitter     (TSJ):    0.050ns
    Total Input Jitter      (TIJ):    0.000ns
    Discrete Jitter          (DJ):    0.000ns
    Phase Error              (PE):    0.000ns

    Location             Delay type                Incr(ns)  Path(ns)    Netlist Resource(s)
  -------------------------------------------------------------------    -------------------
    DSP48_X0Y2           DSP48E1                      0.000     0.000 r  rv64im72f_6sp/alu/multiplier_word/mult_result__1/ACOUT[1]
                         net (fo=1, routed)           0.002     0.002    rv64im72f_6sp/alu/multiplier_word/mult_result__1_n_52
    DSP48_X0Y3           DSP48E1                                      r  rv64im72f_6sp/alu/multiplier_word/mult_result__2/ACIN[1]
  -------------------------------------------------------------------    -------------------

                         (clock sys_clk_pin rise edge)
                                                      0.000     0.000 r  
    R4                                                0.000     0.000 r  clk (IN)
                         net (fo=0)                   0.000     0.000    clk
    R4                   IBUF (Prop_ibuf_I_O)         1.475     1.475 r  clk_IBUF_inst/O
                         net (fo=1, routed)           2.114     3.589    clk_IBUF
    BUFGCTRL_X0Y0        BUFG (Prop_bufg_I_O)         0.096     3.685 r  clk_IBUF_BUFG_inst/O
                         net (fo=3410, routed)        2.220     5.905    rv64im72f_6sp/alu/multiplier_word/clk_IBUF_BUFG
    DSP48_X0Y3           DSP48E1                                      r  rv64im72f_6sp/alu/multiplier_word/mult_result__2/CLK

Slack:                    inf
  Source:                 rv64im72f_6sp/alu/multiplier_word/mult_result__1/ACOUT[2]
                            (internal pin)
  Destination:            rv64im72f_6sp/alu/multiplier_word/mult_result__2/ACIN[2]
                            (rising edge-triggered cell DSP48E1 clocked by sys_clk_pin  {rise@0.000ns fall@5.000ns period=10.000ns})
  Path Group:             (none)
  Path Type:              Hold (Min at Slow Process Corner)
  Data Path Delay:        0.002ns  (logic 0.000ns (0.000%)  route 0.002ns (100.000%))
  Logic Levels:           0  
  Clock Uncertainty:      0.025ns  ((TSJ^2 + TIJ^2)^1/2 + DJ) / 2 + PE
    Total System Jitter     (TSJ):    0.050ns
    Total Input Jitter      (TIJ):    0.000ns
    Discrete Jitter          (DJ):    0.000ns
    Phase Error              (PE):    0.000ns

    Location             Delay type                Incr(ns)  Path(ns)    Netlist Resource(s)
  -------------------------------------------------------------------    -------------------
    DSP48_X0Y2           DSP48E1                      0.000     0.000 r  rv64im72f_6sp/alu/multiplier_word/mult_result__1/ACOUT[2]
                         net (fo=1, routed)           0.002     0.002    rv64im72f_6sp/alu/multiplier_word/mult_result__1_n_51
    DSP48_X0Y3           DSP48E1                                      r  rv64im72f_6sp/alu/multiplier_word/mult_result__2/ACIN[2]
  -------------------------------------------------------------------    -------------------

                         (clock sys_clk_pin rise edge)
                                                      0.000     0.000 r  
    R4                                                0.000     0.000 r  clk (IN)
                         net (fo=0)                   0.000     0.000    clk
    R4                   IBUF (Prop_ibuf_I_O)         1.475     1.475 r  clk_IBUF_inst/O
                         net (fo=1, routed)           2.114     3.589    clk_IBUF
    BUFGCTRL_X0Y0        BUFG (Prop_bufg_I_O)         0.096     3.685 r  clk_IBUF_BUFG_inst/O
                         net (fo=3410, routed)        2.220     5.905    rv64im72f_6sp/alu/multiplier_word/clk_IBUF_BUFG
    DSP48_X0Y3           DSP48E1                                      r  rv64im72f_6sp/alu/multiplier_word/mult_result__2/CLK





