dut,ref,workload,kind,aapg_status,compared,value_divergences,control_events,dut_inserted,dut_dropped,ended,first_value,first_control
RV32IM_6SP,RV32IM_5SP,dhrystone_rv32im_1000it,workload,,416599,0,0,0,0,stop-marker,[],[]
RV32IM_6SP,RV32IM_5SP,coremark_rv32im_10it,workload,,2810357,0,0,0,0,stop-marker,[],[]
RV32IM_6SP,RV32IM_5SP,matmult-int,workload,,3114896,0,0,0,0,stop-marker,[],[]
RV32IM_6SP,RV32IM_5SP,edn,workload,,3607944,0,0,0,0,stop-marker,[],[]
RV32IM_6SP,RV32IM_5SP,crc32,workload,,4207978,0,0,0,0,stop-marker,[],[]
RV32IM_6SP,RV32IM_5SP,md5sum,workload,,2556217,0,0,0,0,stop-marker,[],[]
RV32IM_6SP,RV32IM_5SP,aha-mont64,workload,,5128063,0,0,0,0,stop-marker,[],[]
RV32IM_6SP,RV32IM_5SP,nsichneu,workload,,2012536,0,0,0,0,stop-marker,[],[]
RV32IM_6SP,RV32IM_5SP,nettle-aes,workload,,4532299,0,0,0,0,stop-marker,[],[]
RV32IM_6SP,RV32IM_5SP,nettle-sha256,workload,,4630458,0,0,0,0,stop-marker,[],[]
RV32IM_6SP,RV32IM_5SP,sglib-combined,workload,,2913444,0,0,0,0,stop-marker,[],[]
RV32IM_6SP,RV32IM_5SP,qrduino,workload,,3705294,0,0,0,0,stop-marker,[],[]
RV32IM_6SP,RV32IM_5SP,tarfind,workload,,1095009,0,0,0,0,stop-marker,[],[]
RV32IM_6SP,RV32IM_5SP,rv32im_s001,aapg,MISMATCH,43195,0,0,0,0,both,[],[]
RV32IM_6SP,RV32IM_5SP,rv32im_s002,aapg,MATCH,44372,0,0,0,0,both,[],[]
RV32IM_6SP,RV32IM_5SP,rv32im_s003,aapg,MATCH,43583,0,0,0,0,both,[],[]
RV32IM_6SP,RV32IM_5SP,rv32im_s004,aapg,MATCH,43813,0,0,0,0,both,[],[]
RV32IM_6SP,RV32IM_5SP,rv32im_s005,aapg,MISMATCH,43548,0,0,0,0,both,[],[]
RV32IM_6SP,RV32IM_5SP,rv32im_s006,aapg,MISMATCH,43354,0,0,0,0,both,[],[]
RV32IM_6SP,RV32IM_5SP,rv32im_s007,aapg,MATCH,43728,0,0,0,0,both,[],[]
RV32IM_6SP,RV32IM_5SP,rv32im_s008,aapg,MISMATCH,43964,0,0,0,0,both,[],[]
RV32IM_6SP,RV32IM_5SP,rv32im_s009,aapg,MISMATCH,43315,0,0,0,0,both,[],[]
RV32IM_6SP,RV32IM_5SP,rv32im_s010,aapg,MISMATCH,43375,0,0,0,0,both,[],[]
RV32IM_6SP,RV32IM_5SP,rv32im_s011,aapg,MISMATCH,44167,0,0,0,0,both,[],[]
RV32IM_6SP,RV32IM_5SP,rv32im_s012,aapg,MISMATCH,43517,0,0,0,0,both,[],[]
RV32IM_6SP,RV32IM_5SP,rv32im_s013,aapg,MISMATCH,44265,0,0,0,0,both,[],[]
RV32IM_6SP,RV32IM_5SP,rv32im_s014,aapg,MATCH,43992,0,0,0,0,both,[],[]
RV32IM_6SP,RV32IM_5SP,picojpeg,workload,,4320998,0,0,0,0,stop-marker,[],[]
RV32IM_6SP,RV32IM_5SP,rv32im_s015,aapg,MATCH,43772,0,0,0,0,both,[],[]
RV32IM_6SP,RV32IM_5SP,rv32im_s016,aapg,MISMATCH,43980,0,0,0,0,both,[],[]
RV32IM_6SP,RV32IM_5SP,rv32im_s017,aapg,MISMATCH,43802,0,0,0,0,both,[],[]
RV32IM_6SP,RV32IM_5SP,rv32im_s018,aapg,MISMATCH,43605,0,0,0,0,both,[],[]
RV32IM_6SP,RV32IM_5SP,rv32im_s019,aapg,MATCH,43562,0,0,0,0,both,[],[]
RV32IM_6SP,RV32IM_5SP,rv32im_s020,aapg,MISMATCH,43893,0,0,0,0,both,[],[]
RV32IM_7SP,RV32IM_5SP,dhrystone_rv32im_1000it,workload,,416599,0,0,0,0,stop-marker,[],[]
RV32IM_6SP,RV32IM_5SP,statemate,workload,,3314760,0,0,0,0,stop-marker,[],[]
RV32IM_6SP,RV32IM_5SP,ud,workload,,2929207,0,0,0,0,stop-marker,[],[]
RV32IM_7SP,RV32IM_5SP,coremark_rv32im_10it,workload,,2810355,0,1,4,2,stop-marker,[],"[{""n"": 10951, ""ref"": [""3d84:80e1a623"", ""3d88:00008067"", ""204:00090513"", ""208:390010ef"", ""1598:fe010113"", ""159c:01312623""], ""dut"": [""3d8c:80c1a503"", ""3d90:8101a283"", ""3d94:40550533"", ""3d98:00008067"", ""204:00090513"", ""208:390010ef""], ""dropped"": 2, ""inserted"": 4, ""dut_cycle"": 18868}]"
RV32IM_7SP,RV32IM_5SP,aha-mont64,workload,,5128063,0,0,0,0,stop-marker,[],[]
RV32IM_7SP,RV32IM_5SP,crc32,workload,,4207978,0,0,0,0,stop-marker,[],[]
RV32IM_7SP,RV32IM_5SP,edn,workload,,3607944,0,0,0,0,stop-marker,[],[]
RV32IM_6SP,RV32IM_5SP,xgboost,workload,,6498363,0,0,0,0,stop-marker,[],[]
RV32IM_7SP,RV32IM_5SP,md5sum,workload,,2556217,0,0,0,0,stop-marker,[],[]
RV32IM_7SP,RV32IM_5SP,matmult-int,workload,,3114896,0,0,0,0,stop-marker,[],[]
RV32IM_7SP,RV32IM_5SP,nsichneu,workload,,2012536,0,0,0,0,stop-marker,[],[]
RV32IM_7SP,RV32IM_5SP,nettle-aes,workload,,4532299,0,0,0,0,stop-marker,[],[]
RV32IM_7SP,RV32IM_5SP,nettle-sha256,workload,,4630458,0,0,0,0,stop-marker,[],[]
RV32IM_7SP,RV32IM_5SP,picojpeg,workload,,4320998,0,0,0,0,stop-marker,[],[]
RV32IM_7SP,RV32IM_5SP,sglib-combined,workload,,2913444,0,0,0,0,stop-marker,[],[]
RV32IM_7SP,RV32IM_5SP,qrduino,workload,,3705294,0,0,0,0,stop-marker,[],[]
RV32IM_7SP,RV32IM_5SP,tarfind,workload,,1095009,0,0,0,0,stop-marker,[],[]
RV32IM_7SP,RV32IM_5SP,rv32im_s001,aapg,TIMEOUT,35898,0,1,0,0,dut,[],"[{""n"": 35898, ""ref"": [""526c:00a00913"", ""5270:00410e83"", ""5274:0cc15403"", ""5278:024211b3"", ""527c:02fc2db3"", ""5280:48122b97""], ""dut"": [""5268:fc9ff06f"", ""5230:56c104a3"", ""5234:038c1ab3"", ""5238:41ffd7b3"", ""523c:c5110f83"", ""5240:0263c533""], ""dropped"": null, ""inserted"": null, ""dut_cycle"": 77480}]"
RV32IM_7SP,RV32IM_5SP,rv32im_s002,aapg,MATCH,44372,0,3,6,0,both,[],"[{""n"": 32046, ""ref"": [""17a8:00a00a93"", ""17ac:5c031937"", ""17b0:0da15e03"", ""17b4:5a014a03"", ""17b8:03399733"", ""17bc:0377ae33""], ""dut"": [""179c:00000097"", ""17a0:f8408093"", ""17a8:00a00a93"", ""17ac:5c031937"", ""17b0:0da15e03"", ""17b4:5a014a03""], ""dropped"": 0, ""inserted"": 2, ""dut_cycle"": 62312}]"
RV32IM_7SP,RV32IM_5SP,rv32im_s003,aapg,MATCH,43583,0,2,4,0,both,[],"[{""n"": 32786, ""ref"": [""2208:00a00a13"", ""220c:000061b3"", ""2210:03ce79b3"", ""2214:75b26937"", ""2218:028abb33"", ""221c:5d811023""], ""dut"": [""21fc:00000097"", ""2200:fb408093"", ""2208:00a00a13"", ""220c:000061b3"", ""2210:03ce79b3"", ""2214:75b26937""], ""dropped"": 0, ""inserted"": 2, ""dut_cycle"": 63680}]"
RV32IM_7SP,RV32IM_5SP,rv32im_s004,aapg,TIMEOUT,36603,0,1,0,0,dut,[],"[{""n"": 36603, ""ref"": [""601c:00a00993"", ""6020:d0f12823"", ""6024:009271b3"", ""6028:03fcc733"", ""602c:739cc813"", ""6030:40f18cb3""], ""dut"": [""6018:f71ff06f"", ""5f88:e5015183"", ""5f8c:0fffb117"", ""5f90:87410113"", ""5f94:00003337"", ""5f98:02030313""], ""dropped"": null, ""inserted"": null, ""dut_cycle"": 79220}]"
RV32IM_7SP,RV32IM_5SP,rv32im_s005,aapg,TIMEOUT,41766,0,4,6,0,dut,[],"[{""n"": 32150, ""ref"": [""1a74:00a00d93"", ""1a78:01d88eb3"", ""1a7c:3a7a1e97"", ""1a80:72f10123"", ""1a84:0387b433"", ""1a88:03def433""], ""dut"": [""1a68:00000097"", ""1a6c:fc008093"", ""1a74:00a00d93"", ""1a78:01d88eb3"", ""1a7c:3a7a1e97"", ""1a80:72f10123""], ""dropped"": 0, ""inserted"": 2, ""dut_cycle"": 62603}]"
RV32IM_7SP,RV32IM_5SP,rv32im_s006,aapg,TIMEOUT,40768,0,1,0,0,dut,[],"[{""n"": 40768, ""ref"": [""9c34:00a00f93"", ""9c38:02fa7a33"", ""9c3c:15512a23"", ""9c40:d9415783"", ""9c44:027b1033"", ""9c48:4007d033""], ""dut"": [""9c30:fb5ff06f"", ""9be4:003eaa33"", ""9be8:66ca0013"", ""9bec:c5978a13"", ""9bf0:00078a33"", ""9bf4:4087da93""], ""dropped"": null, ""inserted"": null, ""dut_cycle"": 89760}]"
RV32IM_7SP,RV32IM_5SP,rv32im_s007,aapg,TIMEOUT,33770,0,1,0,0,dut,[],"[{""n"": 33770, ""ref"": [""3278:00a00e13"", ""327c:41712c23"", ""3280:36a11983"", ""3284:80412223"", ""3288:00f77fb3"", ""328c:03771033""], ""dut"": [""3274:f9dff06f"", ""3210:037559b3"", ""3214:00e73733"", ""3218:7c0102a3"", ""321c:98faa713"", ""3220:0e610423""], ""dropped"": null, ""inserted"": null, ""dut_cycle"": 68728}]"
RV32IM_7SP,RV32IM_5SP,rv32im_s008,aapg,TIMEOUT,34440,0,1,0,0,dut,[],"[{""n"": 34440, ""ref"": [""3b5c:00a00e13"", ""3b60:04a10983"", ""3b64:028468b3"", ""3b68:df411623"", ""3b6c:08210a03"", ""3b70:412a5413""], ""dut"": [""3b58:fc9ff06f"", ""3b20:01d89893"", ""3b24:00c01a13"", ""3b28:408a5893"", ""3b2c:03f658b3"", ""3b30:03836533""], ""dropped"": null, ""inserted"": null, ""dut_cycle"": 71548}]"
RV32IM_7SP,RV32IM_5SP,rv32im_s009,aapg,TIMEOUT,37848,0,1,0,0,dut,[],"[{""n"": 37848, ""ref"": [""7284:00a00d93"", ""7288:0d012783"", ""728c:c6b1e793"", ""7290:024c67b3"", ""7294:c2510383"", ""7298:01da1833""], ""dut"": [""7280:fa1ff06f"", ""7220:e6014683"", ""7224:01fad533"", ""7228:94310623"", ""722c:00f648b3"", ""7230:002b9713""], ""dropped"": null, ""inserted"": null, ""dut_cycle"": 85403}]"
RV32IM_7SP,RV32IM_5SP,rv32im_s010,aapg,TIMEOUT,31565,0,1,0,0,dut,[],"[{""n"": 31565, ""ref"": [""11a8:00a00e93"", ""11ac:02441a33"", ""11b0:e8f8ae13"", ""11b4:cc411e03"", ""11b8:03643ab3"", ""11bc:004b9b33""], ""dut"": [""11a4:fa1ff06f"", ""1144:02c15983"", ""1148:73412603"", ""114c:00f644b3"", ""1150:405c54b3"", ""1154:0ffff117""], ""dropped"": null, ""inserted"": null, ""dut_cycle"": 59939}]"
RV32IM_7SP,RV32IM_5SP,rv32im_s011,aapg,TIMEOUT,33559,0,1,0,0,dut,[],"[{""n"": 33559, ""ref"": [""3064:00a00b13"", ""3068:0301cbb3"", ""306c:03084bb3"", ""3070:02384833"", ""3074:032fd4b3"", ""3078:035a5db3""], ""dut"": [""3060:fb1ff06f"", ""3010:c1114403"", ""3014:efa11c83"", ""3018:5e2bcdb7"", ""301c:29c84f93"", ""3020:037e26b3""], ""dropped"": null, ""inserted"": null, ""dut_cycle"": 67555}]"
RV32IM_7SP,RV32IM_5SP,rv32im_s012,aapg,MISMATCH,43517,0,1,2,0,both,[],"[{""n"": 34054, ""ref"": [""395c:00a00d93"", ""3960:7c011c03"", ""3964:7d411e83"", ""3968:16711023"", ""396c:51011323"", ""3970:030b8ab3""], ""dut"": [""3950:00000097"", ""3954:f7c08093"", ""395c:00a00d93"", ""3960:7c011c03"", ""3964:7d411e83"", ""3968:16711023""], ""dropped"": 0, ""inserted"": 2, ""dut_cycle"": 70178}]"
RV32IM_7SP,RV32IM_5SP,rv32im_s013,aapg,TIMEOUT,35224,0,1,0,0,dut,[],"[{""n"": 35224, ""ref"": [""46a0:00a00a93"", ""46a4:ff812d83"", ""46a8:1a76f497"", ""46ac:024debb3"", ""46b0:404208b3"", ""46b4:02ea77b3""], ""dut"": [""469c:fb1ff06f"", ""464c:0007d213"", ""4650:03b4d533"", ""4654:0371e233"", ""4658:0e5dfd93"", ""465c:0fffc117""], ""dropped"": null, ""inserted"": null, ""dut_cycle"": 75233}]"
RV32IM_7SP,RV32IM_5SP,statemate,workload,,3314760,0,0,0,0,stop-marker,[],[]
RV32IM_7SP,RV32IM_5SP,rv32im_s014,aapg,TIMEOUT,36002,0,1,0,0,dut,[],"[{""n"": 36002, ""ref"": [""5464:00a00b93"", ""5468:77910d03"", ""546c:0281b7b3"", ""5470:cf410d03"", ""5474:02470d33"", ""5478:000fcfb3""], ""dut"": [""5460:f8dff06f"", ""53ec:00e26733"", ""53f0:02ed09b3"", ""53f4:02471d33"", ""53f8:1cbc1737"", ""53fc:41a758b3""], ""dropped"": null, ""inserted"": null, ""dut_cycle"": 77316}]"
RV32IM_7SP,RV32IM_5SP,rv32im_s015,aapg,TIMEOUT,37378,0,1,0,0,dut,[],"[{""n"": 37378, ""ref"": [""665c:00a00893"", ""6660:72011a03"", ""6664:00475e33"", ""6668:36e02213"", ""666c:1f410703"", ""6670:04615c03""], ""dut"": [""6658:f99ff06f"", ""65f0:52a15483"", ""65f4:023a6cb3"", ""65f8:0fffa117"", ""65fc:20810113"", ""6600:00003337""], ""dropped"": null, ""inserted"": null, ""dut_cycle"": 82894}]"
RV32IM_7SP,RV32IM_5SP,rv32im_s017,aapg,TIMEOUT,40606,0,2,2,0,dut,[],"[{""n"": 34927, ""ref"": [""46c0:00a00c93"", ""46c4:034ffa33"", ""46c8:034e6db3"", ""46cc:c10105a3"", ""46d0:b65f8e13"", ""46d4:03885bb3""], ""dut"": [""46b4:00000097"", ""46b8:fc008093"", ""46c0:00a00c93"", ""46c4:034ffa33"", ""46c8:034e6db3"", ""46cc:c10105a3""], ""dropped"": 0, ""inserted"": 2, ""dut_cycle"": 73056}]"
RV32IM_7SP,RV32IM_5SP,rv32im_s016,aapg,TIMEOUT,37141,0,2,2,0,dut,[],"[{""n"": 30968, ""ref"": [""864:00a00f93"", ""868:bdf00b13"", ""86c:42012003"", ""870:1ca15003"", ""874:41648233"", ""878:a6a11003""], ""dut"": [""858:00000097"", ""85c:f8c08093"", ""864:00a00f93"", ""868:bdf00b13"", ""86c:42012003"", ""870:1ca15003""], ""dropped"": 0, ""inserted"": 2, ""dut_cycle"": 56864}]"
RV32IM_7SP,RV32IM_5SP,rv32im_s018,aapg,TIMEOUT,36257,0,1,0,0,dut,[],"[{""n"": 36257, ""ref"": [""5bc4:00a00d13"", ""5bc8:03fe3a33"", ""5bcc:37412f83"", ""5bd0:9df11923"", ""5bd4:00823c33"", ""5bd8:d5876413""], ""dut"": [""5bc0:f75ff06f"", ""5b34:01cffc33"", ""5b38:0fffb117"", ""5b3c:cc810113"", ""5b40:00002337"", ""5b44:0e030313""], ""dropped"": null, ""inserted"": null, ""dut_cycle"": 79074}]"
RV32IM_7SP,RV32IM_5SP,rv32im_s019,aapg,MATCH,43562,0,2,4,0,both,[],"[{""n"": 33859, ""ref"": [""3770:00a00993"", ""3774:221d2737"", ""3778:05212e23"", ""377c:19012883"", ""3780:1d412b83"", ""3784:01de0bb3""], ""dut"": [""3764:00000097"", ""3768:f8008093"", ""3770:00a00993"", ""3774:221d2737"", ""3778:05212e23"", ""377c:19012883""], ""dropped"": 0, ""inserted"": 2, ""dut_cycle"": 68595}]"
RV32IM_7SP,RV32IM_5SP,rv32im_s020,aapg,MISMATCH,43893,0,0,0,0,both,[],[]
RV32IM_6SP,RV32IM_5SP,depthconv,workload,,19194192,0,0,0,0,stop-marker,[],[]
RV32IM_7SP_BRAM,RV32IM_5SP,aha-mont64,workload,,11036,0,1,0,0,dut,[],"[{""n"": 11036, ""ref"": [""1e8:b0202673"", ""1fc:10000717"", ""200:e2c70713"", ""204:00072783"", ""208:00472703"", ""20c:40f507b3""], ""dut"": [""1d0:00008067"", ""28c:5f0000ef"", ""87c:00100593"", ""880:1d800513"", ""884:d35ff06f"", ""5b8:f7010113""], ""dropped"": null, ""inserted"": null, ""dut_cycle"": 15059}]"
RV32IM_7SP_BRAM,RV32IM_5SP,crc32,workload,,24737,0,1,0,0,dut,[],"[{""n"": 24737, ""ref"": [""1d8:b0202673"", ""1ec:10000717"", ""1f0:e3c70713"", ""1f4:00072783"", ""1f8:00472703"", ""1fc:40f507b3""], ""dut"": [""1c0:00008067"", ""27c:148000ef"", ""3c4:00100593"", ""3c8:0aa00513"", ""3cc:f7dff06f"", ""348:fe010113""], ""dropped"": null, ""inserted"": null, ""dut_cycle"": 40299}]"
RV32IM_7SP_BRAM,RV32IM_5SP,depthconv,workload,,12925,0,1,0,0,dut,[],"[{""n"": 12925, ""ref"": [""1d8:b0202673"", ""1ec:10000717"", ""1f0:15470713"", ""1f4:00072783"", ""1f8:00472703"", ""1fc:40f507b3""], ""dut"": [""1c0:00008067"", ""27c:350000ef"", ""5cc:ff010113"", ""5d0:66700513"", ""5d4:00112623"", ""5d8:fb5ff0ef""], ""dropped"": null, ""inserted"": null, ""dut_cycle"": 26351}]"
RV32IM_7SP_BRAM,RV32IM_5SP,edn,workload,,45733,0,1,0,0,dut,[],"[{""n"": 45733, ""ref"": [""1e8:b0202673"", ""1fc:10000717"", ""200:46c70713"", ""204:00072783"", ""208:00472703"", ""20c:40f507b3""], ""dut"": [""1d0:00008067"", ""28c:718000ef"", ""9a4:ff010113"", ""9a8:05100513"", ""9ac:00100593"", ""9b0:00112623""], ""dropped"": null, ""inserted"": null, ""dut_cycle"": 86800}]"
RV32IM_7SP_BRAM,RV32IM_5SP,matmult-int,workload,,98461,0,1,0,0,dut,[],"[{""n"": 98461, ""ref"": [""1dc:b0202673"", ""1f0:10002717"", ""1f4:d7870713"", ""1f8:00072783"", ""1fc:00472703"", ""200:40f507b3""], ""dut"": [""1c4:00008067"", ""280:16c000ef"", ""3ec:ff010113"", ""3f0:02700513"", ""3f4:00100593"", ""3f8:00112623""], ""dropped"": null, ""inserted"": null, ""dut_cycle"": 211182}]"
RV32IM_7SP_BRAM,RV32IM_5SP,md5sum,workload,,41353,0,1,0,0,dut,[],"[{""n"": 41353, ""ref"": [""1e8:b0202673"", ""1fc:10001717"", ""200:a3470713"", ""204:00072783"", ""208:00472703"", ""20c:40f507b3""], ""dut"": [""1d0:00008067"", ""28c:458000ef"", ""6e4:00100593"", ""6e8:04200513"", ""6ec:f15ff06f"", ""600:fd010113""], ""dropped"": null, ""inserted"": null, ""dut_cycle"": 70862}]"
RV32IM_7SP_BRAM,RV32IM_5SP,dhrystone_rv32im_1000it,workload,,416599,0,0,0,0,stop-marker,[],[]
RV32IM_7SP_BRAM,RV32IM_5SP,nettle-sha256,workload,,8512,0,1,0,0,dut,[],"[{""n"": 8512, ""ref"": [""1e8:b0202673"", ""1fc:10000717"", ""200:ea470713"", ""204:00072783"", ""208:00472703"", ""20c:40f507b3""], ""dut"": [""1d0:00008067"", ""28c:1d1010ef"", ""1c5c:ff010113"", ""1c60:23200513"", ""1c64:00100593"", ""1c68:00112623""], ""dropped"": null, ""inserted"": null, ""dut_cycle"": 9645}]"
RV32IM_7SP_BRAM,RV32IM_5SP,nsichneu,workload,,1843,0,1,0,0,dut,[],"[{""n"": 1843, ""ref"": [""1e8:b0202673"", ""1fc:10000717"", ""200:e6c70713"", ""204:00072783"", ""208:00472703"", ""20c:40f507b3""], ""dut"": [""1d0:00008067"", ""28c:191040ef"", ""4c1c:ff010113"", ""4c20:4d000513"", ""4c24:00100593"", ""4c28:00112623""], ""dropped"": null, ""inserted"": null, ""dut_cycle"": 3369}]"
RV32IM_7SP_BRAM,RV32IM_5SP,nettle-aes,workload,,60778,0,1,0,0,dut,[],"[{""n"": 60778, ""ref"": [""1e8:b0202673"", ""1fc:10000717"", ""200:43470713"", ""204:00072783"", ""208:00472703"", ""20c:40f507b3""], ""dut"": [""1d0:00008067"", ""28c:629000ef"", ""10b4:ff010113"", ""10b8:04c00513"", ""10bc:00100593"", ""10c0:00112623""], ""dropped"": null, ""inserted"": null, ""dut_cycle"": 74843}]"
RV32IM_7SP_BRAM,RV32IM_5SP,qrduino,workload,,624526,0,1,0,0,dut,[],"[{""n"": 624526, ""ref"": [""1e8:b0202673"", ""1fc:10002717"", ""200:e2c70713"", ""204:00072783"", ""208:00472703"", ""20c:40f507b3""], ""dut"": [""1d0:00008067"", ""28c:188020ef"", ""2414:ff010113"", ""2418:00500513"", ""241c:00100593"", ""2420:00112623""], ""dropped"": null, ""inserted"": null, ""dut_cycle"": 1110951}]"
RV32IM_7SP_BRAM,RV32IM_5SP,picojpeg,workload,,722282,0,1,0,0,dut,[],"[{""n"": 722282, ""ref"": [""1e8:b0202673"", ""1fc:10000717"", ""200:73c70713"", ""204:00072783"", ""208:00472703"", ""20c:40f507b3""], ""dut"": [""1d0:00008067"", ""28c:52d020ef"", ""2fb8:ff010113"", ""2fbc:00500513"", ""2fc0:00100593"", ""2fc4:00112623""], ""dropped"": null, ""inserted"": null, ""dut_cycle"": 1269601}]"
RV32IM_7SP_BRAM,RV32IM_5SP,statemate,workload,,1351,0,1,0,0,dut,[],"[{""n"": 1351, ""ref"": [""284:b0202673"", ""298:10000717"", ""29c:dd070713"", ""2a0:00072783"", ""2a4:00472703"", ""2a8:40f507b3""], ""dut"": [""26c:00008067"", ""328:768010ef"", ""1a90:00001537"", ""1a94:ff010113"", ""1a98:d0250513"", ""1a9c:00100593""], ""dropped"": null, ""inserted"": null, ""dut_cycle"": 2365}]"
RV32IM_7SP_BRAM,RV32IM_5SP,tarfind,workload,,32253,0,1,0,0,dut,[],"[{""n"": 32253, ""ref"": [""1d8:b0202673"", ""1ec:10002717"", ""1f0:16470713"", ""1f4:00072783"", ""1f8:00472703"", ""1fc:40f507b3""], ""dut"": [""1c0:00008067"", ""27c:290000ef"", ""50c:00100593"", ""510:02e00513"", ""514:e55ff06f"", ""368:fc010113""], ""dropped"": null, ""inserted"": null, ""dut_cycle"": 91608}]"
RV32IM_7SP_BRAM,RV32IM_5SP,ud,workload,,3535,0,1,0,0,dut,[],"[{""n"": 3535, ""ref"": [""1d8:b0202673"", ""1ec:10000717"", ""1f0:51c70713"", ""1f4:00072783"", ""1f8:00472703"", ""1fc:40f507b3""], ""dut"": [""1c0:00008067"", ""27c:390000ef"", ""60c:00100593"", ""610:6f900513"", ""614:f01ff06f"", ""514:fe010113""], ""dropped"": null, ""inserted"": null, ""dut_cycle"": 8231}]"
RV32IM_7SP_BRAM,RV32IM_5SP,sglib-combined,workload,,99597,0,1,0,0,dut,[],"[{""n"": 99597, ""ref"": [""1e8:b0202673"", ""1fc:10002717"", ""200:00c70713"", ""204:00072783"", ""208:00472703"", ""20c:40f507b3""], ""dut"": [""1d0:00008067"", ""28c:679000ef"", ""1104:00100593"", ""1108:01f00513"", ""110c:9f1ff06f"", ""afc:b6010113""], ""dropped"": null, ""inserted"": null, ""dut_cycle"": 231498}]"
RV32IM_7SP_BRAM,RV32IM_5SP,rv32im_s001,aapg,TIMEOUT,35898,0,1,0,0,dut,[],"[{""n"": 35898, ""ref"": [""526c:00a00913"", ""5270:00410e83"", ""5274:0cc15403"", ""5278:024211b3"", ""527c:02fc2db3"", ""5280:48122b97""], ""dut"": [""5268:fc9ff06f"", ""5230:56c104a3"", ""5234:038c1ab3"", ""5238:41ffd7b3"", ""523c:c5110f83"", ""5240:0263c533""], ""dropped"": null, ""inserted"": null, ""dut_cycle"": 84448}]"
RV32IM_7SP_BRAM,RV32IM_5SP,rv32im_s002,aapg,MATCH,44371,0,3,6,0,dut,[],"[{""n"": 32046, ""ref"": [""17a8:00a00a93"", ""17ac:5c031937"", ""17b0:0da15e03"", ""17b4:5a014a03"", ""17b8:03399733"", ""17bc:0377ae33""], ""dut"": [""179c:00000097"", ""17a0:f8408093"", ""17a8:00a00a93"", ""17ac:5c031937"", ""17b0:0da15e03"", ""17b4:5a014a03""], ""dropped"": 0, ""inserted"": 2, ""dut_cycle"": 67964}]"
RV32IM_7SP_BRAM,RV32IM_5SP,rv32im_s003,aapg,MATCH,43582,0,2,4,0,dut,[],"[{""n"": 32786, ""ref"": [""2208:00a00a13"", ""220c:000061b3"", ""2210:03ce79b3"", ""2214:75b26937"", ""2218:028abb33"", ""221c:5d811023""], ""dut"": [""21fc:00000097"", ""2200:fb408093"", ""2208:00a00a13"", ""220c:000061b3"", ""2210:03ce79b3"", ""2214:75b26937""], ""dropped"": 0, ""inserted"": 2, ""dut_cycle"": 69377}]"
RV32IM_7SP_BRAM,RV32IM_5SP,rv32im_s004,aapg,TIMEOUT,36603,0,1,0,0,dut,[],"[{""n"": 36603, ""ref"": [""601c:00a00993"", ""6020:d0f12823"", ""6024:009271b3"", ""6028:03fcc733"", ""602c:739cc813"", ""6030:40f18cb3""], ""dut"": [""6018:f71ff06f"", ""5f88:e5015183"", ""5f8c:0fffb117"", ""5f90:87410113"", ""5f94:00003337"", ""5f98:02030313""], ""dropped"": null, ""inserted"": null, ""dut_cycle"": 86776}]"
RV32IM_7SP_BRAM,RV32IM_5SP,rv32im_s005,aapg,TIMEOUT,41766,0,4,6,0,dut,[],"[{""n"": 32150, ""ref"": [""1a74:00a00d93"", ""1a78:01d88eb3"", ""1a7c:3a7a1e97"", ""1a80:72f10123"", ""1a84:0387b433"", ""1a88:03def433""], ""dut"": [""1a68:00000097"", ""1a6c:fc008093"", ""1a74:00a00d93"", ""1a78:01d88eb3"", ""1a7c:3a7a1e97"", ""1a80:72f10123""], ""dropped"": 0, ""inserted"": 2, ""dut_cycle"": 68336}]"
RV32IM_7SP_BRAM,RV32IM_5SP,rv32im_s006,aapg,TIMEOUT,40768,0,1,0,0,dut,[],"[{""n"": 40768, ""ref"": [""9c34:00a00f93"", ""9c38:02fa7a33"", ""9c3c:15512a23"", ""9c40:d9415783"", ""9c44:027b1033"", ""9c48:4007d033""], ""dut"": [""9c30:fb5ff06f"", ""9be4:003eaa33"", ""9be8:66ca0013"", ""9bec:c5978a13"", ""9bf0:00078a33"", ""9bf4:4087da93""], ""dropped"": null, ""inserted"": null, ""dut_cycle"": 97723}]"
RV32IM_7SP_BRAM,RV32IM_5SP,rv32im_s007,aapg,TIMEOUT,33770,0,1,0,0,dut,[],"[{""n"": 33770, ""ref"": [""3278:00a00e13"", ""327c:41712c23"", ""3280:36a11983"", ""3284:80412223"", ""3288:00f77fb3"", ""328c:03771033""], ""dut"": [""3274:f9dff06f"", ""3210:037559b3"", ""3214:00e73733"", ""3218:7c0102a3"", ""321c:98faa713"", ""3220:0e610423""], ""dropped"": null, ""inserted"": null, ""dut_cycle"": 75039}]"
RV32IM_7SP_BRAM,RV32IM_5SP,rv32im_s008,aapg,TIMEOUT,34440,0,1,0,0,dut,[],"[{""n"": 34440, ""ref"": [""3b5c:00a00e13"", ""3b60:04a10983"", ""3b64:028468b3"", ""3b68:df411623"", ""3b6c:08210a03"", ""3b70:412a5413""], ""dut"": [""3b58:fc9ff06f"", ""3b20:01d89893"", ""3b24:00c01a13"", ""3b28:408a5893"", ""3b2c:03f658b3"", ""3b30:03836533""], ""dropped"": null, ""inserted"": null, ""dut_cycle"": 77793}]"
RV32IM_7SP_BRAM,RV32IM_5SP,rv32im_s009,aapg,TIMEOUT,37848,0,1,0,0,dut,[],"[{""n"": 37848, ""ref"": [""7284:00a00d93"", ""7288:0d012783"", ""728c:c6b1e793"", ""7290:024c67b3"", ""7294:c2510383"", ""7298:01da1833""], ""dut"": [""7280:fa1ff06f"", ""7220:e6014683"", ""7224:01fad533"", ""7228:94310623"", ""722c:00f648b3"", ""7230:002b9713""], ""dropped"": null, ""inserted"": null, ""dut_cycle"": 92915}]"
RV32IM_7SP_BRAM,RV32IM_5SP,rv32im_s010,aapg,TIMEOUT,31565,0,1,0,0,dut,[],"[{""n"": 31565, ""ref"": [""11a8:00a00e93"", ""11ac:02441a33"", ""11b0:e8f8ae13"", ""11b4:cc411e03"", ""11b8:03643ab3"", ""11bc:004b9b33""], ""dut"": [""11a4:fa1ff06f"", ""1144:02c15983"", ""1148:73412603"", ""114c:00f644b3"", ""1150:405c54b3"", ""1154:0ffff117""], ""dropped"": null, ""inserted"": null, ""dut_cycle"": 65300}]"
RV32IM_7SP_BRAM,RV32IM_5SP,rv32im_s011,aapg,TIMEOUT,33559,0,1,0,0,dut,[],"[{""n"": 33559, ""ref"": [""3064:00a00b13"", ""3068:0301cbb3"", ""306c:03084bb3"", ""3070:02384833"", ""3074:032fd4b3"", ""3078:035a5db3""], ""dut"": [""3060:fb1ff06f"", ""3010:c1114403"", ""3014:efa11c83"", ""3018:5e2bcdb7"", ""301c:29c84f93"", ""3020:037e26b3""], ""dropped"": null, ""inserted"": null, ""dut_cycle"": 73399}]"
RV32IM_7SP_BRAM,RV32IM_5SP,rv32im_s012,aapg,MISMATCH,43516,0,1,2,0,dut,[],"[{""n"": 34054, ""ref"": [""395c:00a00d93"", ""3960:7c011c03"", ""3964:7d411e83"", ""3968:16711023"", ""396c:51011323"", ""3970:030b8ab3""], ""dut"": [""3950:00000097"", ""3954:f7c08093"", ""395c:00a00d93"", ""3960:7c011c03"", ""3964:7d411e83"", ""3968:16711023""], ""dropped"": 0, ""inserted"": 2, ""dut_cycle"": 76485}]"
RV32IM_7SP_BRAM,RV32IM_5SP,rv32im_s013,aapg,TIMEOUT,35224,0,1,0,0,dut,[],"[{""n"": 35224, ""ref"": [""46a0:00a00a93"", ""46a4:ff812d83"", ""46a8:1a76f497"", ""46ac:024debb3"", ""46b0:404208b3"", ""46b4:02ea77b3""], ""dut"": [""469c:fb1ff06f"", ""464c:0007d213"", ""4650:03b4d533"", ""4654:0371e233"", ""4658:0e5dfd93"", ""465c:0fffc117""], ""dropped"": null, ""inserted"": null, ""dut_cycle"": 81968}]"
RV32IM_7SP_BRAM,RV32IM_5SP,rv32im_s014,aapg,TIMEOUT,36002,0,1,0,0,dut,[],"[{""n"": 36002, ""ref"": [""5464:00a00b93"", ""5468:77910d03"", ""546c:0281b7b3"", ""5470:cf410d03"", ""5474:02470d33"", ""5478:000fcfb3""], ""dut"": [""5460:f8dff06f"", ""53ec:00e26733"", ""53f0:02ed09b3"", ""53f4:02471d33"", ""53f8:1cbc1737"", ""53fc:41a758b3""], ""dropped"": null, ""inserted"": null, ""dut_cycle"": 84203}]"
RV32IM_7SP_BRAM,RV32IM_5SP,rv32im_s015,aapg,TIMEOUT,37378,0,1,0,0,dut,[],"[{""n"": 37378, ""ref"": [""665c:00a00893"", ""6660:72011a03"", ""6664:00475e33"", ""6668:36e02213"", ""666c:1f410703"", ""6670:04615c03""], ""dut"": [""6658:f99ff06f"", ""65f0:52a15483"", ""65f4:023a6cb3"", ""65f8:0fffa117"", ""65fc:20810113"", ""6600:00003337""], ""dropped"": null, ""inserted"": null, ""dut_cycle"": 90431}]"
RV32IM_7SP_BRAM,RV32IM_5SP,rv32im_s016,aapg,TIMEOUT,37141,0,2,2,0,dut,[],"[{""n"": 30968, ""ref"": [""864:00a00f93"", ""868:bdf00b13"", ""86c:42012003"", ""870:1ca15003"", ""874:41648233"", ""878:a6a11003""], ""dut"": [""858:00000097"", ""85c:f8c08093"", ""864:00a00f93"", ""868:bdf00b13"", ""86c:42012003"", ""870:1ca15003""], ""dropped"": 0, ""inserted"": 2, ""dut_cycle"": 62034}]"
RV32IM_7SP_BRAM,RV32IM_5SP,rv32im_s017,aapg,TIMEOUT,40606,0,2,2,0,dut,[],"[{""n"": 34927, ""ref"": [""46c0:00a00c93"", ""46c4:034ffa33"", ""46c8:034e6db3"", ""46cc:c10105a3"", ""46d0:b65f8e13"", ""46d4:03885bb3""], ""dut"": [""46b4:00000097"", ""46b8:fc008093"", ""46c0:00a00c93"", ""46c4:034ffa33"", ""46c8:034e6db3"", ""46cc:c10105a3""], ""dropped"": 0, ""inserted"": 2, ""dut_cycle"": 79531}]"
RV32IM_7SP_BRAM,RV32IM_5SP,rv32im_s018,aapg,TIMEOUT,36257,0,1,0,0,dut,[],"[{""n"": 36257, ""ref"": [""5bc4:00a00d13"", ""5bc8:03fe3a33"", ""5bcc:37412f83"", ""5bd0:9df11923"", ""5bd4:00823c33"", ""5bd8:d5876413""], ""dut"": [""5bc0:f75ff06f"", ""5b34:01cffc33"", ""5b38:0fffb117"", ""5b3c:cc810113"", ""5b40:00002337"", ""5b44:0e030313""], ""dropped"": null, ""inserted"": null, ""dut_cycle"": 86387}]"
RV32IM_7SP_BRAM,RV32IM_5SP,rv32im_s019,aapg,TIMEOUT,39076,0,3,4,0,dut,[],"[{""n"": 33859, ""ref"": [""3770:00a00993"", ""3774:221d2737"", ""3778:05212e23"", ""377c:19012883"", ""3780:1d412b83"", ""3784:01de0bb3""], ""dut"": [""3764:00000097"", ""3768:f8008093"", ""3770:00a00993"", ""3774:221d2737"", ""3778:05212e23"", ""377c:19012883""], ""dropped"": 0, ""inserted"": 2, ""dut_cycle"": 75011}]"
RV32IM_7SP_BRAM,RV32IM_5SP,rv32im_s020,aapg,MISMATCH,43892,0,1,2,0,dut,[],"[{""n"": 33514, ""ref"": [""2e40:00a00c13"", ""2e44:03183933"", ""2e48:03a1ebb3"", ""2e4c:1ee29937"", ""2e50:25027193"", ""2e54:008b4d33""], ""dut"": [""2e34:00000097"", ""2e38:f6008093"", ""2e40:00a00c13"", ""2e44:03183933"", ""2e48:03a1ebb3"", ""2e4c:1ee29937""], ""dropped"": 0, ""inserted"": 2, ""dut_cycle"": 72067}]"
RV32IM_7SP,RV32IM_5SP,ud,workload,,2929207,0,0,0,0,stop-marker,[],[]
RV32IM_7SP_BRAM_Opt,RV32IM_5SP,dhrystone_rv32im_1000it,workload,,416599,0,0,0,0,stop-marker,[],[]
RV32IM_7SP_BRAM_Opt,RV32IM_5SP,aha-mont64,workload,,11036,0,1,0,0,dut,[],"[{""n"": 11036, ""ref"": [""1e8:b0202673"", ""1fc:10000717"", ""200:e2c70713"", ""204:00072783"", ""208:00472703"", ""20c:40f507b3""], ""dut"": [""1d0:00008067"", ""28c:5f0000ef"", ""87c:00100593"", ""880:1d800513"", ""884:d35ff06f"", ""5b8:f7010113""], ""dropped"": null, ""inserted"": null, ""dut_cycle"": 15095}]"
RV32IM_7SP_BRAM_Opt,RV32IM_5SP,crc32,workload,,24737,0,1,0,0,dut,[],"[{""n"": 24737, ""ref"": [""1d8:b0202673"", ""1ec:10000717"", ""1f0:e3c70713"", ""1f4:00072783"", ""1f8:00472703"", ""1fc:40f507b3""], ""dut"": [""1c0:00008067"", ""27c:148000ef"", ""3c4:00100593"", ""3c8:0aa00513"", ""3cc:f7dff06f"", ""348:fe010113""], ""dropped"": null, ""inserted"": null, ""dut_cycle"": 42379}]"
RV32IM_7SP_BRAM_Opt,RV32IM_5SP,depthconv,workload,,12925,0,1,0,0,dut,[],"[{""n"": 12925, ""ref"": [""1d8:b0202673"", ""1ec:10000717"", ""1f0:15470713"", ""1f4:00072783"", ""1f8:00472703"", ""1fc:40f507b3""], ""dut"": [""1c0:00008067"", ""27c:350000ef"", ""5cc:ff010113"", ""5d0:66700513"", ""5d4:00112623"", ""5d8:fb5ff0ef""], ""dropped"": null, ""inserted"": null, ""dut_cycle"": 27700}]"
RV32IM_7SP_BRAM_Opt,RV32IM_5SP,edn,workload,,45733,0,1,0,0,dut,[],"[{""n"": 45733, ""ref"": [""1e8:b0202673"", ""1fc:10000717"", ""200:46c70713"", ""204:00072783"", ""208:00472703"", ""20c:40f507b3""], ""dut"": [""1d0:00008067"", ""28c:718000ef"", ""9a4:ff010113"", ""9a8:05100513"", ""9ac:00100593"", ""9b0:00112623""], ""dropped"": null, ""inserted"": null, ""dut_cycle"": 87117}]"
RV32IM_7SP_BRAM_Opt,RV32IM_5SP,matmult-int,workload,,98461,0,1,0,0,dut,[],"[{""n"": 98461, ""ref"": [""1dc:b0202673"", ""1f0:10002717"", ""1f4:d7870713"", ""1f8:00072783"", ""1fc:00472703"", ""200:40f507b3""], ""dut"": [""1c4:00008067"", ""280:16c000ef"", ""3ec:ff010113"", ""3f0:02700513"", ""3f4:00100593"", ""3f8:00112623""], ""dropped"": null, ""inserted"": null, ""dut_cycle"": 214818}]"
RV32IM_7SP_BRAM_Opt,RV32IM_5SP,md5sum,workload,,41353,0,1,0,0,dut,[],"[{""n"": 41353, ""ref"": [""1e8:b0202673"", ""1fc:10001717"", ""200:a3470713"", ""204:00072783"", ""208:00472703"", ""20c:40f507b3""], ""dut"": [""1d0:00008067"", ""28c:458000ef"", ""6e4:00100593"", ""6e8:04200513"", ""6ec:f15ff06f"", ""600:fd010113""], ""dropped"": null, ""inserted"": null, ""dut_cycle"": 73999}]"
RV32IM_7SP_BRAM_Opt,RV32IM_5SP,nettle-aes,workload,,60778,0,1,0,0,dut,[],"[{""n"": 60778, ""ref"": [""1e8:b0202673"", ""1fc:10000717"", ""200:43470713"", ""204:00072783"", ""208:00472703"", ""20c:40f507b3""], ""dut"": [""1d0:00008067"", ""28c:629000ef"", ""10b4:ff010113"", ""10b8:04c00513"", ""10bc:00100593"", ""10c0:00112623""], ""dropped"": null, ""inserted"": null, ""dut_cycle"": 75887}]"
RV32IM_7SP_BRAM_Opt,RV32IM_5SP,nettle-sha256,workload,,8512,0,1,0,0,dut,[],"[{""n"": 8512, ""ref"": [""1e8:b0202673"", ""1fc:10000717"", ""200:ea470713"", ""204:00072783"", ""208:00472703"", ""20c:40f507b3""], ""dut"": [""1d0:00008067"", ""28c:1d1010ef"", ""1c5c:ff010113"", ""1c60:23200513"", ""1c64:00100593"", ""1c68:00112623""], ""dropped"": null, ""inserted"": null, ""dut_cycle"": 9744}]"
RV32IM_7SP_BRAM_Opt,RV32IM_5SP,nsichneu,workload,,1843,0,1,0,0,dut,[],"[{""n"": 1843, ""ref"": [""1e8:b0202673"", ""1fc:10000717"", ""200:e6c70713"", ""204:00072783"", ""208:00472703"", ""20c:40f507b3""], ""dut"": [""1d0:00008067"", ""28c:191040ef"", ""4c1c:ff010113"", ""4c20:4d000513"", ""4c24:00100593"", ""4c28:00112623""], ""dropped"": null, ""inserted"": null, ""dut_cycle"": 3413}]"
RV32IM_7SP_BRAM,RV32IM_5SP,coremark_rv32im_10it,workload,,2810355,0,1,4,2,stop-marker,[],"[{""n"": 10951, ""ref"": [""3d84:80e1a623"", ""3d88:00008067"", ""204:00090513"", ""208:390010ef"", ""1598:fe010113"", ""159c:01312623""], ""dut"": [""3d8c:80c1a503"", ""3d90:8101a283"", ""3d94:40550533"", ""3d98:00008067"", ""204:00090513"", ""208:390010ef""], ""dropped"": 2, ""inserted"": 4, ""dut_cycle"": 20276}]"
RV32IM_7SP_BRAM_Opt,RV32IM_5SP,picojpeg,workload,,722282,0,1,0,0,dut,[],"[{""n"": 722282, ""ref"": [""1e8:b0202673"", ""1fc:10000717"", ""200:73c70713"", ""204:00072783"", ""208:00472703"", ""20c:40f507b3""], ""dut"": [""1d0:00008067"", ""28c:52d020ef"", ""2fb8:ff010113"", ""2fbc:00500513"", ""2fc0:00100593"", ""2fc4:00112623""], ""dropped"": null, ""inserted"": null, ""dut_cycle"": 1329607}]"
RV32IM_7SP_BRAM_Opt,RV32IM_5SP,qrduino,workload,,624526,0,1,0,0,dut,[],"[{""n"": 624526, ""ref"": [""1e8:b0202673"", ""1fc:10002717"", ""200:e2c70713"", ""204:00072783"", ""208:00472703"", ""20c:40f507b3""], ""dut"": [""1d0:00008067"", ""28c:188020ef"", ""2414:ff010113"", ""2418:00500513"", ""241c:00100593"", ""2420:00112623""], ""dropped"": null, ""inserted"": null, ""dut_cycle"": 1144050}]"
RV32IM_7SP_BRAM_Opt,RV32IM_5SP,statemate,workload,,1351,0,1,0,0,dut,[],"[{""n"": 1351, ""ref"": [""284:b0202673"", ""298:10000717"", ""29c:dd070713"", ""2a0:00072783"", ""2a4:00472703"", ""2a8:40f507b3""], ""dut"": [""26c:00008067"", ""328:768010ef"", ""1a90:00001537"", ""1a94:ff010113"", ""1a98:d0250513"", ""1a9c:00100593""], ""dropped"": null, ""inserted"": null, ""dut_cycle"": 2476}]"
RV32IM_7SP_BRAM_Opt,RV32IM_5SP,tarfind,workload,,32253,0,1,0,0,dut,[],"[{""n"": 32253, ""ref"": [""1d8:b0202673"", ""1ec:10002717"", ""1f0:16470713"", ""1f4:00072783"", ""1f8:00472703"", ""1fc:40f507b3""], ""dut"": [""1c0:00008067"", ""27c:290000ef"", ""50c:00100593"", ""510:02e00513"", ""514:e55ff06f"", ""368:fc010113""], ""dropped"": null, ""inserted"": null, ""dut_cycle"": 95755}]"
RV32IM_7SP_BRAM_Opt,RV32IM_5SP,ud,workload,,3535,0,1,0,0,dut,[],"[{""n"": 3535, ""ref"": [""1d8:b0202673"", ""1ec:10000717"", ""1f0:51c70713"", ""1f4:00072783"", ""1f8:00472703"", ""1fc:40f507b3""], ""dut"": [""1c0:00008067"", ""27c:390000ef"", ""60c:00100593"", ""610:6f900513"", ""614:f01ff06f"", ""514:fe010113""], ""dropped"": null, ""inserted"": null, ""dut_cycle"": 8774}]"
RV32IM_7SP_BRAM_Opt,RV32IM_5SP,sglib-combined,workload,,99597,0,1,0,0,dut,[],"[{""n"": 99597, ""ref"": [""1e8:b0202673"", ""1fc:10002717"", ""200:00c70713"", ""204:00072783"", ""208:00472703"", ""20c:40f507b3""], ""dut"": [""1d0:00008067"", ""28c:679000ef"", ""1104:00100593"", ""1108:01f00513"", ""110c:9f1ff06f"", ""afc:b6010113""], ""dropped"": null, ""inserted"": null, ""dut_cycle"": 241488}]"
RV32IM_7SP_BRAM_Opt,RV32IM_5SP,rv32im_s001,aapg,TIMEOUT,35898,0,1,0,0,dut,[],"[{""n"": 35898, ""ref"": [""526c:00a00913"", ""5270:00410e83"", ""5274:0cc15403"", ""5278:024211b3"", ""527c:02fc2db3"", ""5280:48122b97""], ""dut"": [""5268:fc9ff06f"", ""5230:56c104a3"", ""5234:038c1ab3"", ""5238:41ffd7b3"", ""523c:c5110f83"", ""5240:0263c533""], ""dropped"": null, ""inserted"": null, ""dut_cycle"": 88013}]"
RV32IM_7SP_BRAM_Opt,RV32IM_5SP,rv32im_s002,aapg,MATCH,44371,0,3,6,0,dut,[],"[{""n"": 32046, ""ref"": [""17a8:00a00a93"", ""17ac:5c031937"", ""17b0:0da15e03"", ""17b4:5a014a03"", ""17b8:03399733"", ""17bc:0377ae33""], ""dut"": [""179c:00000097"", ""17a0:f8408093"", ""17a8:00a00a93"", ""17ac:5c031937"", ""17b0:0da15e03"", ""17b4:5a014a03""], ""dropped"": 0, ""inserted"": 2, ""dut_cycle"": 72616}]"
RV32IM_7SP_BRAM_Opt,RV32IM_5SP,rv32im_s003,aapg,MATCH,43582,0,2,4,0,dut,[],"[{""n"": 32786, ""ref"": [""2208:00a00a13"", ""220c:000061b3"", ""2210:03ce79b3"", ""2214:75b26937"", ""2218:028abb33"", ""221c:5d811023""], ""dut"": [""21fc:00000097"", ""2200:fb408093"", ""2208:00a00a13"", ""220c:000061b3"", ""2210:03ce79b3"", ""2214:75b26937""], ""dropped"": 0, ""inserted"": 2, ""dut_cycle"": 74076}]"
RV32IM_7SP_BRAM_Opt,RV32IM_5SP,rv32im_s004,aapg,TIMEOUT,36603,0,1,0,0,dut,[],"[{""n"": 36603, ""ref"": [""601c:00a00993"", ""6020:d0f12823"", ""6024:009271b3"", ""6028:03fcc733"", ""602c:739cc813"", ""6030:40f18cb3""], ""dut"": [""6018:f71ff06f"", ""5f88:e5015183"", ""5f8c:0fffb117"", ""5f90:87410113"", ""5f94:00003337"", ""5f98:02030313""], ""dropped"": null, ""inserted"": null, ""dut_cycle"": 89847}]"
RV32IM_7SP_BRAM_Opt,RV32IM_5SP,rv32im_s005,aapg,TIMEOUT,41766,0,4,6,0,dut,[],"[{""n"": 32150, ""ref"": [""1a74:00a00d93"", ""1a78:01d88eb3"", ""1a7c:3a7a1e97"", ""1a80:72f10123"", ""1a84:0387b433"", ""1a88:03def433""], ""dut"": [""1a68:00000097"", ""1a6c:fc008093"", ""1a74:00a00d93"", ""1a78:01d88eb3"", ""1a7c:3a7a1e97"", ""1a80:72f10123""], ""dropped"": 0, ""inserted"": 2, ""dut_cycle"": 72934}]"
RV32IM_7SP_BRAM_Opt,RV32IM_5SP,rv32im_s006,aapg,TIMEOUT,40768,0,1,0,0,dut,[],"[{""n"": 40768, ""ref"": [""9c34:00a00f93"", ""9c38:02fa7a33"", ""9c3c:15512a23"", ""9c40:d9415783"", ""9c44:027b1033"", ""9c48:4007d033""], ""dut"": [""9c30:fb5ff06f"", ""9be4:003eaa33"", ""9be8:66ca0013"", ""9bec:c5978a13"", ""9bf0:00078a33"", ""9bf4:4087da93""], ""dropped"": null, ""inserted"": null, ""dut_cycle"": 100678}]"
RV32IM_7SP_BRAM_Opt,RV32IM_5SP,rv32im_s007,aapg,TIMEOUT,33770,0,1,0,0,dut,[],"[{""n"": 33770, ""ref"": [""3278:00a00e13"", ""327c:41712c23"", ""3280:36a11983"", ""3284:80412223"", ""3288:00f77fb3"", ""328c:03771033""], ""dut"": [""3274:f9dff06f"", ""3210:037559b3"", ""3214:00e73733"", ""3218:7c0102a3"", ""321c:98faa713"", ""3220:0e610423""], ""dropped"": null, ""inserted"": null, ""dut_cycle"": 79172}]"
RV32IM_7SP_BRAM_Opt,RV32IM_5SP,rv32im_s008,aapg,TIMEOUT,34440,0,1,0,0,dut,[],"[{""n"": 34440, ""ref"": [""3b5c:00a00e13"", ""3b60:04a10983"", ""3b64:028468b3"", ""3b68:df411623"", ""3b6c:08210a03"", ""3b70:412a5413""], ""dut"": [""3b58:fc9ff06f"", ""3b20:01d89893"", ""3b24:00c01a13"", ""3b28:408a5893"", ""3b2c:03f658b3"", ""3b30:03836533""], ""dropped"": null, ""inserted"": null, ""dut_cycle"": 81999}]"
RV32IM_7SP_BRAM_Opt,RV32IM_5SP,rv32im_s009,aapg,TIMEOUT,37848,0,1,0,0,dut,[],"[{""n"": 37848, ""ref"": [""7284:00a00d93"", ""7288:0d012783"", ""728c:c6b1e793"", ""7290:024c67b3"", ""7294:c2510383"", ""7298:01da1833""], ""dut"": [""7280:fa1ff06f"", ""7220:e6014683"", ""7224:01fad533"", ""7228:94310623"", ""722c:00f648b3"", ""7230:002b9713""], ""dropped"": null, ""inserted"": null, ""dut_cycle"": 96100}]"
RV32IM_7SP_BRAM_Opt,RV32IM_5SP,rv32im_s010,aapg,TIMEOUT,31565,0,1,0,0,dut,[],"[{""n"": 31565, ""ref"": [""11a8:00a00e93"", ""11ac:02441a33"", ""11b0:e8f8ae13"", ""11b4:cc411e03"", ""11b8:03643ab3"", ""11bc:004b9b33""], ""dut"": [""11a4:fa1ff06f"", ""1144:02c15983"", ""1148:73412603"", ""114c:00f644b3"", ""1150:405c54b3"", ""1154:0ffff117""], ""dropped"": null, ""inserted"": null, ""dut_cycle"": 70238}]"
RV32IM_7SP_BRAM_Opt,RV32IM_5SP,rv32im_s011,aapg,TIMEOUT,33559,0,1,0,0,dut,[],"[{""n"": 33559, ""ref"": [""3064:00a00b13"", ""3068:0301cbb3"", ""306c:03084bb3"", ""3070:02384833"", ""3074:032fd4b3"", ""3078:035a5db3""], ""dut"": [""3060:fb1ff06f"", ""3010:c1114403"", ""3014:efa11c83"", ""3018:5e2bcdb7"", ""301c:29c84f93"", ""3020:037e26b3""], ""dropped"": null, ""inserted"": null, ""dut_cycle"": 77963}]"
RV32IM_7SP_BRAM_Opt,RV32IM_5SP,rv32im_s012,aapg,MISMATCH,43516,0,1,2,0,dut,[],"[{""n"": 34054, ""ref"": [""395c:00a00d93"", ""3960:7c011c03"", ""3964:7d411e83"", ""3968:16711023"", ""396c:51011323"", ""3970:030b8ab3""], ""dut"": [""3950:00000097"", ""3954:f7c08093"", ""395c:00a00d93"", ""3960:7c011c03"", ""3964:7d411e83"", ""3968:16711023""], ""dropped"": 0, ""inserted"": 2, ""dut_cycle"": 80642}]"
RV32IM_7SP_BRAM_Opt,RV32IM_5SP,rv32im_s013,aapg,TIMEOUT,35224,0,1,0,0,dut,[],"[{""n"": 35224, ""ref"": [""46a0:00a00a93"", ""46a4:ff812d83"", ""46a8:1a76f497"", ""46ac:024debb3"", ""46b0:404208b3"", ""46b4:02ea77b3""], ""dut"": [""469c:fb1ff06f"", ""464c:0007d213"", ""4650:03b4d533"", ""4654:0371e233"", ""4658:0e5dfd93"", ""465c:0fffc117""], ""dropped"": null, ""inserted"": null, ""dut_cycle"": 85776}]"
RV32IM_7SP_BRAM_Opt,RV32IM_5SP,rv32im_s014,aapg,TIMEOUT,36002,0,1,0,0,dut,[],"[{""n"": 36002, ""ref"": [""5464:00a00b93"", ""5468:77910d03"", ""546c:0281b7b3"", ""5470:cf410d03"", ""5474:02470d33"", ""5478:000fcfb3""], ""dut"": [""5460:f8dff06f"", ""53ec:00e26733"", ""53f0:02ed09b3"", ""53f4:02471d33"", ""53f8:1cbc1737"", ""53fc:41a758b3""], ""dropped"": null, ""inserted"": null, ""dut_cycle"": 87905}]"
RV32IM_7SP_BRAM_Opt,RV32IM_5SP,rv32im_s015,aapg,TIMEOUT,37378,0,1,0,0,dut,[],"[{""n"": 37378, ""ref"": [""665c:00a00893"", ""6660:72011a03"", ""6664:00475e33"", ""6668:36e02213"", ""666c:1f410703"", ""6670:04615c03""], ""dut"": [""6658:f99ff06f"", ""65f0:52a15483"", ""65f4:023a6cb3"", ""65f8:0fffa117"", ""65fc:20810113"", ""6600:00003337""], ""dropped"": null, ""inserted"": null, ""dut_cycle"": 93579}]"
RV32IM_7SP_BRAM_Opt,RV32IM_5SP,rv32im_s016,aapg,TIMEOUT,37141,0,2,2,0,dut,[],"[{""n"": 30968, ""ref"": [""864:00a00f93"", ""868:bdf00b13"", ""86c:42012003"", ""870:1ca15003"", ""874:41648233"", ""878:a6a11003""], ""dut"": [""858:00000097"", ""85c:f8c08093"", ""864:00a00f93"", ""868:bdf00b13"", ""86c:42012003"", ""870:1ca15003""], ""dropped"": 0, ""inserted"": 2, ""dut_cycle"": 67119}]"
RV32IM_7SP_BRAM_Opt,RV32IM_5SP,rv32im_s017,aapg,TIMEOUT,40606,0,2,2,0,dut,[],"[{""n"": 34927, ""ref"": [""46c0:00a00c93"", ""46c4:034ffa33"", ""46c8:034e6db3"", ""46cc:c10105a3"", ""46d0:b65f8e13"", ""46d4:03885bb3""], ""dut"": [""46b4:00000097"", ""46b8:fc008093"", ""46c0:00a00c93"", ""46c4:034ffa33"", ""46c8:034e6db3"", ""46cc:c10105a3""], ""dropped"": 0, ""inserted"": 2, ""dut_cycle"": 83585}]"
RV32IM_7SP_BRAM_Opt,RV32IM_5SP,rv32im_s018,aapg,TIMEOUT,36257,0,1,0,0,dut,[],"[{""n"": 36257, ""ref"": [""5bc4:00a00d13"", ""5bc8:03fe3a33"", ""5bcc:37412f83"", ""5bd0:9df11923"", ""5bd4:00823c33"", ""5bd8:d5876413""], ""dut"": [""5bc0:f75ff06f"", ""5b34:01cffc33"", ""5b38:0fffb117"", ""5b3c:cc810113"", ""5b40:00002337"", ""5b44:0e030313""], ""dropped"": null, ""inserted"": null, ""dut_cycle"": 89668}]"
RV32IM_7SP_BRAM_Opt,RV32IM_5SP,rv32im_s019,aapg,TIMEOUT,39076,0,3,4,0,dut,[],"[{""n"": 33859, ""ref"": [""3770:00a00993"", ""3774:221d2737"", ""3778:05212e23"", ""377c:19012883"", ""3780:1d412b83"", ""3784:01de0bb3""], ""dut"": [""3764:00000097"", ""3768:f8008093"", ""3770:00a00993"", ""3774:221d2737"", ""3778:05212e23"", ""377c:19012883""], ""dropped"": 0, ""inserted"": 2, ""dut_cycle"": 79018}]"
RV32IM_7SP_BRAM_Opt,RV32IM_5SP,rv32im_s020,aapg,MISMATCH,43892,0,1,2,0,dut,[],"[{""n"": 33514, ""ref"": [""2e40:00a00c13"", ""2e44:03183933"", ""2e48:03a1ebb3"", ""2e4c:1ee29937"", ""2e50:25027193"", ""2e54:008b4d33""], ""dut"": [""2e34:00000097"", ""2e38:f6008093"", ""2e40:00a00c13"", ""2e44:03183933"", ""2e48:03a1ebb3"", ""2e4c:1ee29937""], ""dropped"": 0, ""inserted"": 2, ""dut_cycle"": 76572}]"
RV32IM_7SP_BRAM,RV32IM_5SP,xgboost,workload,,3249217,0,1,0,0,dut,[],"[{""n"": 3249217, ""ref"": [""1dc:b0202673"", ""1f0:10000717"", ""1f4:e3870713"", ""1f8:00072783"", ""1fc:00472703"", ""200:40f507b3""], ""dut"": [""1c4:00008067"", ""280:0d8000ef"", ""358:00100513"", ""35c:f49ff06f"", ""2a4:fd010113"", ""2a8:02812423""], ""dropped"": null, ""inserted"": null, ""dut_cycle"": 5428042}]"
RV32IM_7SP_BRAM_Opt,RV32IM_5SP,coremark_rv32im_10it,workload,,2810355,0,1,1,2,stop-marker,[],"[{""n"": 10951, ""ref"": [""3d84:80e1a623"", ""3d88:00008067"", ""204:00090513"", ""208:390010ef"", ""1598:fe010113"", ""159c:01312623""], ""dut"": [""3d7c:00008067"", ""204:00090513"", ""208:390010ef"", ""1598:fe010113"", ""159c:01312623"", ""15a0:01c52983""], ""dropped"": 2, ""inserted"": 1, ""dut_cycle"": 20592}]"
RV32IM_8SP_withoutOpt,RV32IM_5SP,aha-mont64,workload,,11036,0,1,0,0,dut,[],"[{""n"": 11036, ""ref"": [""1e8:b0202673"", ""1fc:10000717"", ""200:e2c70713"", ""204:00072783"", ""208:00472703"", ""20c:40f507b3""], ""dut"": [""1d0:00008067"", ""28c:5f0000ef"", ""87c:00100593"", ""880:1d800513"", ""884:d35ff06f"", ""5b8:f7010113""], ""dropped"": null, ""inserted"": null, ""dut_cycle"": 17090}]"
RV32IM_8SP_withoutOpt,RV32IM_5SP,crc32,workload,,24737,0,1,0,0,dut,[],"[{""n"": 24737, ""ref"": [""1d8:b0202673"", ""1ec:10000717"", ""1f0:e3c70713"", ""1f4:00072783"", ""1f8:00472703"", ""1fc:40f507b3""], ""dut"": [""1c0:00008067"", ""27c:148000ef"", ""3c4:00100593"", ""3c8:0aa00513"", ""3cc:f7dff06f"", ""348:fe010113""], ""dropped"": null, ""inserted"": null, ""dut_cycle"": 52646}]"
RV32IM_8SP_withoutOpt,RV32IM_5SP,depthconv,workload,,12925,0,1,0,0,dut,[],"[{""n"": 12925, ""ref"": [""1d8:b0202673"", ""1ec:10000717"", ""1f0:15470713"", ""1f4:00072783"", ""1f8:00472703"", ""1fc:40f507b3""], ""dut"": [""1c0:00008067"", ""27c:350000ef"", ""5cc:ff010113"", ""5d0:66700513"", ""5d4:00112623"", ""5d8:fb5ff0ef""], ""dropped"": null, ""inserted"": null, ""dut_cycle"": 31165}]"
RV32IM_8SP_withoutOpt,RV32IM_5SP,edn,workload,,45733,0,1,0,0,dut,[],"[{""n"": 45733, ""ref"": [""1e8:b0202673"", ""1fc:10000717"", ""200:46c70713"", ""204:00072783"", ""208:00472703"", ""20c:40f507b3""], ""dut"": [""1d0:00008067"", ""28c:718000ef"", ""9a4:ff010113"", ""9a8:05100513"", ""9ac:00100593"", ""9b0:00112623""], ""dropped"": null, ""inserted"": null, ""dut_cycle"": 97141}]"
RV32IM_8SP_withoutOpt,RV32IM_5SP,matmult-int,workload,,98461,0,1,0,0,dut,[],"[{""n"": 98461, ""ref"": [""1dc:b0202673"", ""1f0:10002717"", ""1f4:d7870713"", ""1f8:00072783"", ""1fc:00472703"", ""200:40f507b3""], ""dut"": [""1c4:00008067"", ""280:16c000ef"", ""3ec:ff010113"", ""3f0:02700513"", ""3f4:00100593"", ""3f8:00112623""], ""dropped"": null, ""inserted"": null, ""dut_cycle"": 227914}]"
RV32IM_8SP_withoutOpt,RV32IM_5SP,md5sum,workload,,41353,0,1,0,0,dut,[],"[{""n"": 41353, ""ref"": [""1e8:b0202673"", ""1fc:10001717"", ""200:a3470713"", ""204:00072783"", ""208:00472703"", ""20c:40f507b3""], ""dut"": [""1d0:00008067"", ""28c:458000ef"", ""6e4:00100593"", ""6e8:04200513"", ""6ec:f15ff06f"", ""600:fd010113""], ""dropped"": null, ""inserted"": null, ""dut_cycle"": 85224}]"
RV32IM_8SP_withoutOpt,RV32IM_5SP,nettle-aes,workload,,60778,0,1,0,0,dut,[],"[{""n"": 60778, ""ref"": [""1e8:b0202673"", ""1fc:10000717"", ""200:43470713"", ""204:00072783"", ""208:00472703"", ""20c:40f507b3""], ""dut"": [""1d0:00008067"", ""28c:629000ef"", ""10b4:ff010113"", ""10b8:04c00513"", ""10bc:00100593"", ""10c0:00112623""], ""dropped"": null, ""inserted"": null, ""dut_cycle"": 84997}]"
RV32IM_8SP_withoutOpt,RV32IM_5SP,nettle-sha256,workload,,8512,0,1,0,0,dut,[],"[{""n"": 8512, ""ref"": [""1e8:b0202673"", ""1fc:10000717"", ""200:ea470713"", ""204:00072783"", ""208:00472703"", ""20c:40f507b3""], ""dut"": [""1d0:00008067"", ""28c:1d1010ef"", ""1c5c:ff010113"", ""1c60:23200513"", ""1c64:00100593"", ""1c68:00112623""], ""dropped"": null, ""inserted"": null, ""dut_cycle"": 13201}]"
RV32IM_8SP_withoutOpt,RV32IM_5SP,nsichneu,workload,,1843,0,1,0,0,dut,[],"[{""n"": 1843, ""ref"": [""1e8:b0202673"", ""1fc:10000717"", ""200:e6c70713"", ""204:00072783"", ""208:00472703"", ""20c:40f507b3""], ""dut"": [""1d0:00008067"", ""28c:191040ef"", ""4c1c:ff010113"", ""4c20:4d000513"", ""4c24:00100593"", ""4c28:00112623""], ""dropped"": null, ""inserted"": null, ""dut_cycle"": 4200}]"
RV32IM_8SP_withoutOpt,RV32IM_5SP,dhrystone_rv32im_1000it,workload,,416599,0,0,0,0,stop-marker,[],[]
RV32IM_8SP_withoutOpt,RV32IM_5SP,qrduino,workload,,624526,0,1,0,0,dut,[],"[{""n"": 624526, ""ref"": [""1e8:b0202673"", ""1fc:10002717"", ""200:e2c70713"", ""204:00072783"", ""208:00472703"", ""20c:40f507b3""], ""dut"": [""1d0:00008067"", ""28c:188020ef"", ""2414:ff010113"", ""2418:00500513"", ""241c:00100593"", ""2420:00112623""], ""dropped"": null, ""inserted"": null, ""dut_cycle"": 1445642}]"
RV32IM_8SP_withoutOpt,RV32IM_5SP,picojpeg,workload,,722282,0,1,0,0,dut,[],"[{""n"": 722282, ""ref"": [""1e8:b0202673"", ""1fc:10000717"", ""200:73c70713"", ""204:00072783"", ""208:00472703"", ""20c:40f507b3""], ""dut"": [""1d0:00008067"", ""28c:52d020ef"", ""2fb8:ff010113"", ""2fbc:00500513"", ""2fc0:00100593"", ""2fc4:00112623""], ""dropped"": null, ""inserted"": null, ""dut_cycle"": 1539032}]"
RV32IM_8SP_withoutOpt,RV32IM_5SP,statemate,workload,,1351,0,1,0,0,dut,[],"[{""n"": 1351, ""ref"": [""284:b0202673"", ""298:10000717"", ""29c:dd070713"", ""2a0:00072783"", ""2a4:00472703"", ""2a8:40f507b3""], ""dut"": [""26c:00008067"", ""328:768010ef"", ""1a90:00001537"", ""1a94:ff010113"", ""1a98:d0250513"", ""1a9c:00100593""], ""dropped"": null, ""inserted"": null, ""dut_cycle"": 2992}]"
RV32IM_8SP_withoutOpt,RV32IM_5SP,tarfind,workload,,32253,0,1,0,0,dut,[],"[{""n"": 32253, ""ref"": [""1d8:b0202673"", ""1ec:10002717"", ""1f0:16470713"", ""1f4:00072783"", ""1f8:00472703"", ""1fc:40f507b3""], ""dut"": [""1c0:00008067"", ""27c:290000ef"", ""50c:00100593"", ""510:02e00513"", ""514:e55ff06f"", ""368:fc010113""], ""dropped"": null, ""inserted"": null, ""dut_cycle"": 103004}]"
RV32IM_8SP_withoutOpt,RV32IM_5SP,ud,workload,,3535,0,1,0,0,dut,[],"[{""n"": 3535, ""ref"": [""1d8:b0202673"", ""1ec:10000717"", ""1f0:51c70713"", ""1f4:00072783"", ""1f8:00472703"", ""1fc:40f507b3""], ""dut"": [""1c0:00008067"", ""27c:390000ef"", ""60c:00100593"", ""610:6f900513"", ""614:f01ff06f"", ""514:fe010113""], ""dropped"": null, ""inserted"": null, ""dut_cycle"": 9088}]"
RV32IM_8SP_withoutOpt,RV32IM_5SP,sglib-combined,workload,,99597,0,1,0,0,dut,[],"[{""n"": 99597, ""ref"": [""1e8:b0202673"", ""1fc:10002717"", ""200:00c70713"", ""204:00072783"", ""208:00472703"", ""20c:40f507b3""], ""dut"": [""1d0:00008067"", ""28c:679000ef"", ""1104:00100593"", ""1108:01f00513"", ""110c:9f1ff06f"", ""afc:b6010113""], ""dropped"": null, ""inserted"": null, ""dut_cycle"": 275039}]"
RV32IM_8SP_withoutOpt,RV32IM_5SP,rv32im_s001,aapg,TIMEOUT,35898,0,1,0,0,dut,[],"[{""n"": 35898, ""ref"": [""526c:00a00913"", ""5270:00410e83"", ""5274:0cc15403"", ""5278:024211b3"", ""527c:02fc2db3"", ""5280:48122b97""], ""dut"": [""5268:fc9ff06f"", ""5230:56c104a3"", ""5234:038c1ab3"", ""5238:41ffd7b3"", ""523c:c5110f83"", ""5240:0263c533""], ""dropped"": null, ""inserted"": null, ""dut_cycle"": 95548}]"
RV32IM_8SP_withoutOpt,RV32IM_5SP,rv32im_s002,aapg,MATCH,44371,0,3,6,0,dut,[],"[{""n"": 32046, ""ref"": [""17a8:00a00a93"", ""17ac:5c031937"", ""17b0:0da15e03"", ""17b4:5a014a03"", ""17b8:03399733"", ""17bc:0377ae33""], ""dut"": [""179c:00000097"", ""17a0:f8408093"", ""17a8:00a00a93"", ""17ac:5c031937"", ""17b0:0da15e03"", ""17b4:5a014a03""], ""dropped"": 0, ""inserted"": 2, ""dut_cycle"": 78467}]"
RV32IM_8SP_withoutOpt,RV32IM_5SP,rv32im_s003,aapg,MATCH,43582,0,2,3,0,dut,[],"[{""n"": 32786, ""ref"": [""2208:00a00a13"", ""220c:000061b3"", ""2210:03ce79b3"", ""2214:75b26937"", ""2218:028abb33"", ""221c:5d811023""], ""dut"": [""2200:fb408093"", ""2208:00a00a13"", ""220c:000061b3"", ""2210:03ce79b3"", ""2214:75b26937"", ""2218:028abb33""], ""dropped"": 0, ""inserted"": 1, ""dut_cycle"": 80010}]"
RV32IM_8SP_withoutOpt,RV32IM_5SP,rv32im_s004,aapg,TIMEOUT,36603,0,1,0,0,dut,[],"[{""n"": 36603, ""ref"": [""601c:00a00993"", ""6020:d0f12823"", ""6024:009271b3"", ""6028:03fcc733"", ""602c:739cc813"", ""6030:40f18cb3""], ""dut"": [""6018:f71ff06f"", ""5f88:e5015183"", ""5f8c:0fffb117"", ""5f90:87410113"", ""5f94:00003337"", ""5f98:02030313""], ""dropped"": null, ""inserted"": null, ""dut_cycle"": 98121}]"
RV32IM_8SP_withoutOpt,RV32IM_5SP,rv32im_s005,aapg,TIMEOUT,41766,0,5,6,0,dut,[],"[{""n"": 32150, ""ref"": [""1a74:00a00d93"", ""1a78:01d88eb3"", ""1a7c:3a7a1e97"", ""1a80:72f10123"", ""1a84:0387b433"", ""1a88:03def433""], ""dut"": [""1a6c:fc008093"", ""1a74:00a00d93"", ""1a78:01d88eb3"", ""1a7c:3a7a1e97"", ""1a80:72f10123"", ""1a84:0387b433""], ""dropped"": 0, ""inserted"": 1, ""dut_cycle"": 78820}]"
RV32IM_8SP_withoutOpt,RV32IM_5SP,rv32im_s006,aapg,TIMEOUT,40768,0,1,0,0,dut,[],"[{""n"": 40768, ""ref"": [""9c34:00a00f93"", ""9c38:02fa7a33"", ""9c3c:15512a23"", ""9c40:d9415783"", ""9c44:027b1033"", ""9c48:4007d033""], ""dut"": [""9c30:fb5ff06f"", ""9be4:003eaa33"", ""9be8:66ca0013"", ""9bec:c5978a13"", ""9bf0:00078a33"", ""9bf4:4087da93""], ""dropped"": null, ""inserted"": null, ""dut_cycle"": 109558}]"
RV32IM_8SP_withoutOpt,RV32IM_5SP,rv32im_s007,aapg,TIMEOUT,35149,0,2,1,0,dut,[],"[{""n"": 33771, ""ref"": [""327c:41712c23"", ""3280:36a11983"", ""3284:80412223"", ""3288:00f77fb3"", ""328c:03771033"", ""3290:020d0d33""], ""dut"": [""3278:00a00e13"", ""327c:41712c23"", ""3280:36a11983"", ""3284:80412223"", ""3288:00f77fb3"", ""328c:03771033""], ""dropped"": 0, ""inserted"": 1, ""dut_cycle"": 85902}]"
RV32IM_8SP_withoutOpt,RV32IM_5SP,rv32im_s008,aapg,TIMEOUT,34440,0,1,0,0,dut,[],"[{""n"": 34440, ""ref"": [""3b5c:00a00e13"", ""3b60:04a10983"", ""3b64:028468b3"", ""3b68:df411623"", ""3b6c:08210a03"", ""3b70:412a5413""], ""dut"": [""3b58:fc9ff06f"", ""3b20:01d89893"", ""3b24:00c01a13"", ""3b28:408a5893"", ""3b2c:03f658b3"", ""3b30:03836533""], ""dropped"": null, ""inserted"": null, ""dut_cycle"": 88738}]"
RV32IM_8SP_withoutOpt,RV32IM_5SP,rv32im_s009,aapg,TIMEOUT,37848,0,1,0,0,dut,[],"[{""n"": 37848, ""ref"": [""7284:00a00d93"", ""7288:0d012783"", ""728c:c6b1e793"", ""7290:024c67b3"", ""7294:c2510383"", ""7298:01da1833""], ""dut"": [""7280:fa1ff06f"", ""7220:e6014683"", ""7224:01fad533"", ""7228:94310623"", ""722c:00f648b3"", ""7230:002b9713""], ""dropped"": null, ""inserted"": null, ""dut_cycle"": 104407}]"
RV32IM_8SP_withoutOpt,RV32IM_5SP,rv32im_s010,aapg,TIMEOUT,35356,0,2,1,0,dut,[],"[{""n"": 31566, ""ref"": [""11ac:02441a33"", ""11b0:e8f8ae13"", ""11b4:cc411e03"", ""11b8:03643ab3"", ""11bc:004b9b33"", ""11c0:02f487b3""], ""dut"": [""11a8:00a00e93"", ""11ac:02441a33"", ""11b0:e8f8ae13"", ""11b4:cc411e03"", ""11b8:03643ab3"", ""11bc:004b9b33""], ""dropped"": 0, ""inserted"": 1, ""dut_cycle"": 75702}]"
RV32IM_8SP_withoutOpt,RV32IM_5SP,rv32im_s011,aapg,TIMEOUT,33559,0,1,0,0,dut,[],"[{""n"": 33559, ""ref"": [""3064:00a00b13"", ""3068:0301cbb3"", ""306c:03084bb3"", ""3070:02384833"", ""3074:032fd4b3"", ""3078:035a5db3""], ""dut"": [""3060:fb1ff06f"", ""3010:c1114403"", ""3014:efa11c83"", ""3018:5e2bcdb7"", ""301c:29c84f93"", ""3020:037e26b3""], ""dropped"": null, ""inserted"": null, ""dut_cycle"": 84016}]"
RV32IM_8SP_withoutOpt,RV32IM_5SP,rv32im_s012,aapg,MISMATCH,43516,0,1,1,0,dut,[],"[{""n"": 34054, ""ref"": [""395c:00a00d93"", ""3960:7c011c03"", ""3964:7d411e83"", ""3968:16711023"", ""396c:51011323"", ""3970:030b8ab3""], ""dut"": [""3954:f7c08093"", ""395c:00a00d93"", ""3960:7c011c03"", ""3964:7d411e83"", ""3968:16711023"", ""396c:51011323""], ""dropped"": 0, ""inserted"": 1, ""dut_cycle"": 87424}]"
RV32IM_8SP_withoutOpt,RV32IM_5SP,rv32im_s013,aapg,TIMEOUT,35224,0,1,0,0,dut,[],"[{""n"": 35224, ""ref"": [""46a0:00a00a93"", ""46a4:ff812d83"", ""46a8:1a76f497"", ""46ac:024debb3"", ""46b0:404208b3"", ""46b4:02ea77b3""], ""dut"": [""469c:fb1ff06f"", ""464c:0007d213"", ""4650:03b4d533"", ""4654:0371e233"", ""4658:0e5dfd93"", ""465c:0fffc117""], ""dropped"": null, ""inserted"": null, ""dut_cycle"": 93063}]"
RV32IM_8SP_withoutOpt,RV32IM_5SP,rv32im_s014,aapg,TIMEOUT,36002,0,1,0,0,dut,[],"[{""n"": 36002, ""ref"": [""5464:00a00b93"", ""5468:77910d03"", ""546c:0281b7b3"", ""5470:cf410d03"", ""5474:02470d33"", ""5478:000fcfb3""], ""dut"": [""5460:f8dff06f"", ""53ec:00e26733"", ""53f0:02ed09b3"", ""53f4:02471d33"", ""53f8:1cbc1737"", ""53fc:41a758b3""], ""dropped"": null, ""inserted"": null, ""dut_cycle"": 95446}]"
RV32IM_8SP_withoutOpt,RV32IM_5SP,rv32im_s015,aapg,TIMEOUT,37378,0,1,0,0,dut,[],"[{""n"": 37378, ""ref"": [""665c:00a00893"", ""6660:72011a03"", ""6664:00475e33"", ""6668:36e02213"", ""666c:1f410703"", ""6670:04615c03""], ""dut"": [""6658:f99ff06f"", ""65f0:52a15483"", ""65f4:023a6cb3"", ""65f8:0fffa117"", ""65fc:20810113"", ""6600:00003337""], ""dropped"": null, ""inserted"": null, ""dut_cycle"": 101948}]"
RV32IM_8SP_withoutOpt,RV32IM_5SP,rv32im_s016,aapg,TIMEOUT,37141,0,2,2,0,dut,[],"[{""n"": 30968, ""ref"": [""864:00a00f93"", ""868:bdf00b13"", ""86c:42012003"", ""870:1ca15003"", ""874:41648233"", ""878:a6a11003""], ""dut"": [""858:00000097"", ""85c:f8c08093"", ""864:00a00f93"", ""868:bdf00b13"", ""86c:42012003"", ""870:1ca15003""], ""dropped"": 0, ""inserted"": 2, ""dut_cycle"": 72325}]"
RV32IM_8SP_withoutOpt,RV32IM_5SP,rv32im_s017,aapg,TIMEOUT,40606,0,2,1,0,dut,[],"[{""n"": 34927, ""ref"": [""46c0:00a00c93"", ""46c4:034ffa33"", ""46c8:034e6db3"", ""46cc:c10105a3"", ""46d0:b65f8e13"", ""46d4:03885bb3""], ""dut"": [""46b8:fc008093"", ""46c0:00a00c93"", ""46c4:034ffa33"", ""46c8:034e6db3"", ""46cc:c10105a3"", ""46d0:b65f8e13""], ""dropped"": 0, ""inserted"": 1, ""dut_cycle"": 90570}]"
RV32IM_8SP_withoutOpt,RV32IM_5SP,rv32im_s018,aapg,TIMEOUT,36257,0,1,0,0,dut,[],"[{""n"": 36257, ""ref"": [""5bc4:00a00d13"", ""5bc8:03fe3a33"", ""5bcc:37412f83"", ""5bd0:9df11923"", ""5bd4:00823c33"", ""5bd8:d5876413""], ""dut"": [""5bc0:f75ff06f"", ""5b34:01cffc33"", ""5b38:0fffb117"", ""5b3c:cc810113"", ""5b40:00002337"", ""5b44:0e030313""], ""dropped"": null, ""inserted"": null, ""dut_cycle"": 97486}]"
RV32IM_8SP_withoutOpt,RV32IM_5SP,rv32im_s019,aapg,TIMEOUT,39076,0,3,4,0,dut,[],"[{""n"": 33859, ""ref"": [""3770:00a00993"", ""3774:221d2737"", ""3778:05212e23"", ""377c:19012883"", ""3780:1d412b83"", ""3784:01de0bb3""], ""dut"": [""3764:00000097"", ""3768:f8008093"", ""3770:00a00993"", ""3774:221d2737"", ""3778:05212e23"", ""377c:19012883""], ""dropped"": 0, ""inserted"": 2, ""dut_cycle"": 85844}]"
RV32IM_8SP_withoutOpt,RV32IM_5SP,rv32im_s020,aapg,MISMATCH,43892,0,1,2,0,dut,[],"[{""n"": 33514, ""ref"": [""2e40:00a00c13"", ""2e44:03183933"", ""2e48:03a1ebb3"", ""2e4c:1ee29937"", ""2e50:25027193"", ""2e54:008b4d33""], ""dut"": [""2e34:00000097"", ""2e38:f6008093"", ""2e40:00a00c13"", ""2e44:03183933"", ""2e48:03a1ebb3"", ""2e4c:1ee29937""], ""dropped"": 0, ""inserted"": 2, ""dut_cycle"": 82872}]"
RV32IM_7SP,RV32IM_5SP,xgboost,workload,,6498363,0,0,0,0,stop-marker,[],[]
RV32IM_8SP,RV32IM_5SP,dhrystone_rv32im_1000it,workload,,416599,0,0,0,0,stop-marker,[],[]
RV32IM_8SP,RV32IM_5SP,aha-mont64,workload,,11036,0,1,0,0,dut,[],"[{""n"": 11036, ""ref"": [""1e8:b0202673"", ""1fc:10000717"", ""200:e2c70713"", ""204:00072783"", ""208:00472703"", ""20c:40f507b3""], ""dut"": [""1d0:00008067"", ""28c:5f0000ef"", ""87c:00100593"", ""880:1d800513"", ""884:d35ff06f"", ""5b8:f7010113""], ""dropped"": null, ""inserted"": null, ""dut_cycle"": 17126}]"
RV32IM_7SP_BRAM_Opt,RV32IM_5SP,xgboost,workload,,3249217,0,1,0,0,dut,[],"[{""n"": 3249217, ""ref"": [""1dc:b0202673"", ""1f0:10000717"", ""1f4:e3870713"", ""1f8:00072783"", ""1fc:00472703"", ""200:40f507b3""], ""dut"": [""1c4:00008067"", ""280:0d8000ef"", ""358:00100513"", ""35c:f49ff06f"", ""2a4:fd010113"", ""2a8:02812423""], ""dropped"": null, ""inserted"": null, ""dut_cycle"": 5508556}]"
RV32IM_8SP,RV32IM_5SP,crc32,workload,,24737,0,1,0,0,dut,[],"[{""n"": 24737, ""ref"": [""1d8:b0202673"", ""1ec:10000717"", ""1f0:e3c70713"", ""1f4:00072783"", ""1f8:00472703"", ""1fc:40f507b3""], ""dut"": [""1c0:00008067"", ""27c:148000ef"", ""3c4:00100593"", ""3c8:0aa00513"", ""3cc:f7dff06f"", ""348:fe010113""], ""dropped"": null, ""inserted"": null, ""dut_cycle"": 54726}]"
RV32IM_8SP,RV32IM_5SP,depthconv,workload,,12925,0,1,0,0,dut,[],"[{""n"": 12925, ""ref"": [""1d8:b0202673"", ""1ec:10000717"", ""1f0:15470713"", ""1f4:00072783"", ""1f8:00472703"", ""1fc:40f507b3""], ""dut"": [""1c0:00008067"", ""27c:350000ef"", ""5cc:ff010113"", ""5d0:66700513"", ""5d4:00112623"", ""5d8:fb5ff0ef""], ""dropped"": null, ""inserted"": null, ""dut_cycle"": 32514}]"
RV32IM_8SP,RV32IM_5SP,edn,workload,,45733,0,1,0,0,dut,[],"[{""n"": 45733, ""ref"": [""1e8:b0202673"", ""1fc:10000717"", ""200:46c70713"", ""204:00072783"", ""208:00472703"", ""20c:40f507b3""], ""dut"": [""1d0:00008067"", ""28c:718000ef"", ""9a4:ff010113"", ""9a8:05100513"", ""9ac:00100593"", ""9b0:00112623""], ""dropped"": null, ""inserted"": null, ""dut_cycle"": 97298}]"
RV32IM_8SP_withoutOpt,RV32IM_5SP,coremark_rv32im_10it,workload,,2810355,0,1,1,2,stop-marker,[],"[{""n"": 10951, ""ref"": [""3d84:80e1a623"", ""3d88:00008067"", ""204:00090513"", ""208:390010ef"", ""1598:fe010113"", ""159c:01312623""], ""dut"": [""3d7c:00008067"", ""204:00090513"", ""208:390010ef"", ""1598:fe010113"", ""159c:01312623"", ""15a0:01c52983""], ""dropped"": 2, ""inserted"": 1, ""dut_cycle"": 24628}]"
RV32IM_8SP,RV32IM_5SP,md5sum,workload,,41353,0,1,0,0,dut,[],"[{""n"": 41353, ""ref"": [""1e8:b0202673"", ""1fc:10001717"", ""200:a3470713"", ""204:00072783"", ""208:00472703"", ""20c:40f507b3""], ""dut"": [""1d0:00008067"", ""28c:458000ef"", ""6e4:00100593"", ""6e8:04200513"", ""6ec:f15ff06f"", ""600:fd010113""], ""dropped"": null, ""inserted"": null, ""dut_cycle"": 88361}]"
RV32IM_8SP,RV32IM_5SP,nettle-sha256,workload,,8512,0,1,0,0,dut,[],"[{""n"": 8512, ""ref"": [""1e8:b0202673"", ""1fc:10000717"", ""200:ea470713"", ""204:00072783"", ""208:00472703"", ""20c:40f507b3""], ""dut"": [""1d0:00008067"", ""28c:1d1010ef"", ""1c5c:ff010113"", ""1c60:23200513"", ""1c64:00100593"", ""1c68:00112623""], ""dropped"": null, ""inserted"": null, ""dut_cycle"": 13300}]"
RV32IM_8SP,RV32IM_5SP,nsichneu,workload,,1843,0,1,0,0,dut,[],"[{""n"": 1843, ""ref"": [""1e8:b0202673"", ""1fc:10000717"", ""200:e6c70713"", ""204:00072783"", ""208:00472703"", ""20c:40f507b3""], ""dut"": [""1d0:00008067"", ""28c:191040ef"", ""4c1c:ff010113"", ""4c20:4d000513"", ""4c24:00100593"", ""4c28:00112623""], ""dropped"": null, ""inserted"": null, ""dut_cycle"": 4244}]"
RV32IM_8SP,RV32IM_5SP,matmult-int,workload,,98461,0,1,0,0,dut,[],"[{""n"": 98461, ""ref"": [""1dc:b0202673"", ""1f0:10002717"", ""1f4:d7870713"", ""1f8:00072783"", ""1fc:00472703"", ""200:40f507b3""], ""dut"": [""1c4:00008067"", ""280:16c000ef"", ""3ec:ff010113"", ""3f0:02700513"", ""3f4:00100593"", ""3f8:00112623""], ""dropped"": null, ""inserted"": null, ""dut_cycle"": 231550}]"
RV32IM_8SP,RV32IM_5SP,nettle-aes,workload,,60778,0,1,0,0,dut,[],"[{""n"": 60778, ""ref"": [""1e8:b0202673"", ""1fc:10000717"", ""200:43470713"", ""204:00072783"", ""208:00472703"", ""20c:40f507b3""], ""dut"": [""1d0:00008067"", ""28c:629000ef"", ""10b4:ff010113"", ""10b8:04c00513"", ""10bc:00100593"", ""10c0:00112623""], ""dropped"": null, ""inserted"": null, ""dut_cycle"": 86041}]"
RV32IM_8SP,RV32IM_5SP,sglib-combined,workload,,99597,0,1,0,0,dut,[],"[{""n"": 99597, ""ref"": [""1e8:b0202673"", ""1fc:10002717"", ""200:00c70713"", ""204:00072783"", ""208:00472703"", ""20c:40f507b3""], ""dut"": [""1d0:00008067"", ""28c:679000ef"", ""1104:00100593"", ""1108:01f00513"", ""110c:9f1ff06f"", ""afc:b6010113""], ""dropped"": null, ""inserted"": null, ""dut_cycle"": 285062}]"
RV32IM_8SP,RV32IM_5SP,statemate,workload,,1351,0,1,0,0,dut,[],"[{""n"": 1351, ""ref"": [""284:b0202673"", ""298:10000717"", ""29c:dd070713"", ""2a0:00072783"", ""2a4:00472703"", ""2a8:40f507b3""], ""dut"": [""26c:00008067"", ""328:768010ef"", ""1a90:00001537"", ""1a94:ff010113"", ""1a98:d0250513"", ""1a9c:00100593""], ""dropped"": null, ""inserted"": null, ""dut_cycle"": 3103}]"
RV32IM_8SP,RV32IM_5SP,tarfind,workload,,32253,0,1,0,0,dut,[],"[{""n"": 32253, ""ref"": [""1d8:b0202673"", ""1ec:10002717"", ""1f0:16470713"", ""1f4:00072783"", ""1f8:00472703"", ""1fc:40f507b3""], ""dut"": [""1c0:00008067"", ""27c:290000ef"", ""50c:00100593"", ""510:02e00513"", ""514:e55ff06f"", ""368:fc010113""], ""dropped"": null, ""inserted"": null, ""dut_cycle"": 107151}]"
RV32IM_8SP,RV32IM_5SP,ud,workload,,3535,0,1,0,0,dut,[],"[{""n"": 3535, ""ref"": [""1d8:b0202673"", ""1ec:10000717"", ""1f0:51c70713"", ""1f4:00072783"", ""1f8:00472703"", ""1fc:40f507b3""], ""dut"": [""1c0:00008067"", ""27c:390000ef"", ""60c:00100593"", ""610:6f900513"", ""614:f01ff06f"", ""514:fe010113""], ""dropped"": null, ""inserted"": null, ""dut_cycle"": 9631}]"
RV32IM_8SP,RV32IM_5SP,qrduino,workload,,624526,0,1,0,0,dut,[],"[{""n"": 624526, ""ref"": [""1e8:b0202673"", ""1fc:10002717"", ""200:e2c70713"", ""204:00072783"", ""208:00472703"", ""20c:40f507b3""], ""dut"": [""1d0:00008067"", ""28c:188020ef"", ""2414:ff010113"", ""2418:00500513"", ""241c:00100593"", ""2420:00112623""], ""dropped"": null, ""inserted"": null, ""dut_cycle"": 1478751}]"
RV32IM_8SP,RV32IM_5SP,rv32im_s001,aapg,TIMEOUT,35898,0,1,0,0,dut,[],"[{""n"": 35898, ""ref"": [""526c:00a00913"", ""5270:00410e83"", ""5274:0cc15403"", ""5278:024211b3"", ""527c:02fc2db3"", ""5280:48122b97""], ""dut"": [""5268:fc9ff06f"", ""5230:56c104a3"", ""5234:038c1ab3"", ""5238:41ffd7b3"", ""523c:c5110f83"", ""5240:0263c533""], ""dropped"": null, ""inserted"": null, ""dut_cycle"": 99239}]"
RV32IM_8SP,RV32IM_5SP,rv32im_s002,aapg,MATCH,44371,0,3,6,0,dut,[],"[{""n"": 32046, ""ref"": [""17a8:00a00a93"", ""17ac:5c031937"", ""17b0:0da15e03"", ""17b4:5a014a03"", ""17b8:03399733"", ""17bc:0377ae33""], ""dut"": [""179c:00000097"", ""17a0:f8408093"", ""17a8:00a00a93"", ""17ac:5c031937"", ""17b0:0da15e03"", ""17b4:5a014a03""], ""dropped"": 0, ""inserted"": 2, ""dut_cycle"": 83124}]"
RV32IM_8SP,RV32IM_5SP,rv32im_s003,aapg,MATCH,43582,0,2,3,0,dut,[],"[{""n"": 32786, ""ref"": [""2208:00a00a13"", ""220c:000061b3"", ""2210:03ce79b3"", ""2214:75b26937"", ""2218:028abb33"", ""221c:5d811023""], ""dut"": [""2200:fb408093"", ""2208:00a00a13"", ""220c:000061b3"", ""2210:03ce79b3"", ""2214:75b26937"", ""2218:028abb33""], ""dropped"": 0, ""inserted"": 1, ""dut_cycle"": 84751}]"
RV32IM_8SP,RV32IM_5SP,picojpeg,workload,,722282,0,1,0,0,dut,[],"[{""n"": 722282, ""ref"": [""1e8:b0202673"", ""1fc:10000717"", ""200:73c70713"", ""204:00072783"", ""208:00472703"", ""20c:40f507b3""], ""dut"": [""1d0:00008067"", ""28c:52d020ef"", ""2fb8:ff010113"", ""2fbc:00500513"", ""2fc0:00100593"", ""2fc4:00112623""], ""dropped"": null, ""inserted"": null, ""dut_cycle"": 1599038}]"
RV32IM_8SP,RV32IM_5SP,rv32im_s004,aapg,TIMEOUT,36603,0,1,0,0,dut,[],"[{""n"": 36603, ""ref"": [""601c:00a00993"", ""6020:d0f12823"", ""6024:009271b3"", ""6028:03fcc733"", ""602c:739cc813"", ""6030:40f18cb3""], ""dut"": [""6018:f71ff06f"", ""5f88:e5015183"", ""5f8c:0fffb117"", ""5f90:87410113"", ""5f94:00003337"", ""5f98:02030313""], ""dropped"": null, ""inserted"": null, ""dut_cycle"": 101360}]"
RV32IM_8SP,RV32IM_5SP,rv32im_s005,aapg,TIMEOUT,41766,0,5,6,0,dut,[],"[{""n"": 32150, ""ref"": [""1a74:00a00d93"", ""1a78:01d88eb3"", ""1a7c:3a7a1e97"", ""1a80:72f10123"", ""1a84:0387b433"", ""1a88:03def433""], ""dut"": [""1a6c:fc008093"", ""1a74:00a00d93"", ""1a78:01d88eb3"", ""1a7c:3a7a1e97"", ""1a80:72f10123"", ""1a84:0387b433""], ""dropped"": 0, ""inserted"": 1, ""dut_cycle"": 83460}]"
RV32IM_8SP,RV32IM_5SP,rv32im_s006,aapg,TIMEOUT,40768,0,1,0,0,dut,[],"[{""n"": 40768, ""ref"": [""9c34:00a00f93"", ""9c38:02fa7a33"", ""9c3c:15512a23"", ""9c40:d9415783"", ""9c44:027b1033"", ""9c48:4007d033""], ""dut"": [""9c30:fb5ff06f"", ""9be4:003eaa33"", ""9be8:66ca0013"", ""9bec:c5978a13"", ""9bf0:00078a33"", ""9bf4:4087da93""], ""dropped"": null, ""inserted"": null, ""dut_cycle"": 112718}]"
RV32IM_8SP,RV32IM_5SP,rv32im_s007,aapg,TIMEOUT,35149,0,2,1,0,dut,[],"[{""n"": 33771, ""ref"": [""327c:41712c23"", ""3280:36a11983"", ""3284:80412223"", ""3288:00f77fb3"", ""328c:03771033"", ""3290:020d0d33""], ""dut"": [""3278:00a00e13"", ""327c:41712c23"", ""3280:36a11983"", ""3284:80412223"", ""3288:00f77fb3"", ""328c:03771033""], ""dropped"": 0, ""inserted"": 1, ""dut_cycle"": 90035}]"
RV32IM_8SP,RV32IM_5SP,rv32im_s008,aapg,TIMEOUT,34440,0,1,0,0,dut,[],"[{""n"": 34440, ""ref"": [""3b5c:00a00e13"", ""3b60:04a10983"", ""3b64:028468b3"", ""3b68:df411623"", ""3b6c:08210a03"", ""3b70:412a5413""], ""dut"": [""3b58:fc9ff06f"", ""3b20:01d89893"", ""3b24:00c01a13"", ""3b28:408a5893"", ""3b2c:03f658b3"", ""3b30:03836533""], ""dropped"": null, ""inserted"": null, ""dut_cycle"": 92964}]"
RV32IM_8SP,RV32IM_5SP,rv32im_s009,aapg,TIMEOUT,37848,0,1,0,0,dut,[],"[{""n"": 37848, ""ref"": [""7284:00a00d93"", ""7288:0d012783"", ""728c:c6b1e793"", ""7290:024c67b3"", ""7294:c2510383"", ""7298:01da1833""], ""dut"": [""7280:fa1ff06f"", ""7220:e6014683"", ""7224:01fad533"", ""7228:94310623"", ""722c:00f648b3"", ""7230:002b9713""], ""dropped"": null, ""inserted"": null, ""dut_cycle"": 107701}]"
RV32IM_8SP,RV32IM_5SP,rv32im_s010,aapg,TIMEOUT,35356,0,2,1,0,dut,[],"[{""n"": 31566, ""ref"": [""11ac:02441a33"", ""11b0:e8f8ae13"", ""11b4:cc411e03"", ""11b8:03643ab3"", ""11bc:004b9b33"", ""11c0:02f487b3""], ""dut"": [""11a8:00a00e93"", ""11ac:02441a33"", ""11b0:e8f8ae13"", ""11b4:cc411e03"", ""11b8:03643ab3"", ""11bc:004b9b33""], ""dropped"": 0, ""inserted"": 1, ""dut_cycle"": 80645}]"
RV32IM_8SP,RV32IM_5SP,rv32im_s011,aapg,TIMEOUT,33559,0,1,0,0,dut,[],"[{""n"": 33559, ""ref"": [""3064:00a00b13"", ""3068:0301cbb3"", ""306c:03084bb3"", ""3070:02384833"", ""3074:032fd4b3"", ""3078:035a5db3""], ""dut"": [""3060:fb1ff06f"", ""3010:c1114403"", ""3014:efa11c83"", ""3018:5e2bcdb7"", ""301c:29c84f93"", ""3020:037e26b3""], ""dropped"": null, ""inserted"": null, ""dut_cycle"": 88753}]"
RV32IM_8SP,RV32IM_5SP,rv32im_s012,aapg,MISMATCH,43516,0,1,1,0,dut,[],"[{""n"": 34054, ""ref"": [""395c:00a00d93"", ""3960:7c011c03"", ""3964:7d411e83"", ""3968:16711023"", ""396c:51011323"", ""3970:030b8ab3""], ""dut"": [""3954:f7c08093"", ""395c:00a00d93"", ""3960:7c011c03"", ""3964:7d411e83"", ""3968:16711023"", ""396c:51011323""], ""dropped"": 0, ""inserted"": 1, ""dut_cycle"": 91623}]"
RV32IM_8SP,RV32IM_5SP,rv32im_s014,aapg,TIMEOUT,36002,0,1,0,0,dut,[],"[{""n"": 36002, ""ref"": [""5464:00a00b93"", ""5468:77910d03"", ""546c:0281b7b3"", ""5470:cf410d03"", ""5474:02470d33"", ""5478:000fcfb3""], ""dut"": [""5460:f8dff06f"", ""53ec:00e26733"", ""53f0:02ed09b3"", ""53f4:02471d33"", ""53f8:1cbc1737"", ""53fc:41a758b3""], ""dropped"": null, ""inserted"": null, ""dut_cycle"": 99235}]"
RV32IM_8SP,RV32IM_5SP,rv32im_s013,aapg,TIMEOUT,35224,0,1,0,0,dut,[],"[{""n"": 35224, ""ref"": [""46a0:00a00a93"", ""46a4:ff812d83"", ""46a8:1a76f497"", ""46ac:024debb3"", ""46b0:404208b3"", ""46b4:02ea77b3""], ""dut"": [""469c:fb1ff06f"", ""464c:0007d213"", ""4650:03b4d533"", ""4654:0371e233"", ""4658:0e5dfd93"", ""465c:0fffc117""], ""dropped"": null, ""inserted"": null, ""dut_cycle"": 96918}]"
RV32IM_8SP,RV32IM_5SP,rv32im_s015,aapg,TIMEOUT,37378,0,1,0,0,dut,[],"[{""n"": 37378, ""ref"": [""665c:00a00893"", ""6660:72011a03"", ""6664:00475e33"", ""6668:36e02213"", ""666c:1f410703"", ""6670:04615c03""], ""dut"": [""6658:f99ff06f"", ""65f0:52a15483"", ""65f4:023a6cb3"", ""65f8:0fffa117"", ""65fc:20810113"", ""6600:00003337""], ""dropped"": null, ""inserted"": null, ""dut_cycle"": 105126}]"
RV32IM_8SP,RV32IM_5SP,rv32im_s016,aapg,TIMEOUT,37141,0,2,2,0,dut,[],"[{""n"": 30968, ""ref"": [""864:00a00f93"", ""868:bdf00b13"", ""86c:42012003"", ""870:1ca15003"", ""874:41648233"", ""878:a6a11003""], ""dut"": [""858:00000097"", ""85c:f8c08093"", ""864:00a00f93"", ""868:bdf00b13"", ""86c:42012003"", ""870:1ca15003""], ""dropped"": 0, ""inserted"": 2, ""dut_cycle"": 77410}]"
RV32IM_8SP,RV32IM_5SP,rv32im_s017,aapg,TIMEOUT,40606,0,2,1,0,dut,[],"[{""n"": 34927, ""ref"": [""46c0:00a00c93"", ""46c4:034ffa33"", ""46c8:034e6db3"", ""46cc:c10105a3"", ""46d0:b65f8e13"", ""46d4:03885bb3""], ""dut"": [""46b8:fc008093"", ""46c0:00a00c93"", ""46c4:034ffa33"", ""46c8:034e6db3"", ""46cc:c10105a3"", ""46d0:b65f8e13""], ""dropped"": 0, ""inserted"": 1, ""dut_cycle"": 94654}]"
RV32IM_8SP,RV32IM_5SP,rv32im_s018,aapg,TIMEOUT,36257,0,1,0,0,dut,[],"[{""n"": 36257, ""ref"": [""5bc4:00a00d13"", ""5bc8:03fe3a33"", ""5bcc:37412f83"", ""5bd0:9df11923"", ""5bd4:00823c33"", ""5bd8:d5876413""], ""dut"": [""5bc0:f75ff06f"", ""5b34:01cffc33"", ""5b38:0fffb117"", ""5b3c:cc810113"", ""5b40:00002337"", ""5b44:0e030313""], ""dropped"": null, ""inserted"": null, ""dut_cycle"": 101041}]"
RV32IM_8SP,RV32IM_5SP,rv32im_s019,aapg,TIMEOUT,39076,0,3,4,0,dut,[],"[{""n"": 33859, ""ref"": [""3770:00a00993"", ""3774:221d2737"", ""3778:05212e23"", ""377c:19012883"", ""3780:1d412b83"", ""3784:01de0bb3""], ""dut"": [""3764:00000097"", ""3768:f8008093"", ""3770:00a00993"", ""3774:221d2737"", ""3778:05212e23"", ""377c:19012883""], ""dropped"": 0, ""inserted"": 2, ""dut_cycle"": 89925}]"
RV32IM_8SP,RV32IM_5SP,rv32im_s020,aapg,MISMATCH,43892,0,1,2,0,dut,[],"[{""n"": 33514, ""ref"": [""2e40:00a00c13"", ""2e44:03183933"", ""2e48:03a1ebb3"", ""2e4c:1ee29937"", ""2e50:25027193"", ""2e54:008b4d33""], ""dut"": [""2e34:00000097"", ""2e38:f6008093"", ""2e40:00a00c13"", ""2e44:03183933"", ""2e48:03a1ebb3"", ""2e4c:1ee29937""], ""dropped"": 0, ""inserted"": 2, ""dut_cycle"": 87414}]"
RV64IM_6SP,RV64IM_5SP,dhrystone_rv64im_1000it,workload,,392910,0,0,0,0,stop-marker,[],[]
RV32IM_8SP,RV32IM_5SP,coremark_rv32im_10it,workload,,2810355,0,1,1,2,stop-marker,[],"[{""n"": 10951, ""ref"": [""3d84:80e1a623"", ""3d88:00008067"", ""204:00090513"", ""208:390010ef"", ""1598:fe010113"", ""159c:01312623""], ""dut"": [""3d7c:00008067"", ""204:00090513"", ""208:390010ef"", ""1598:fe010113"", ""159c:01312623"", ""15a0:01c52983""], ""dropped"": 2, ""inserted"": 1, ""dut_cycle"": 24949}]"
RV32IM_8SP_withoutOpt,RV32IM_5SP,xgboost,workload,,3249217,0,1,0,0,dut,[],"[{""n"": 3249217, ""ref"": [""1dc:b0202673"", ""1f0:10000717"", ""1f4:e3870713"", ""1f8:00072783"", ""1fc:00472703"", ""200:40f507b3""], ""dut"": [""1c4:00008067"", ""280:0d8000ef"", ""358:00100513"", ""35c:f49ff06f"", ""2a4:fd010113"", ""2a8:02812423""], ""dropped"": null, ""inserted"": null, ""dut_cycle"": 7595455}]"
RV64IM_6SP,RV64IM_5SP,aha-mont64,workload,,2129623,0,0,0,0,stop-marker,[],[]
RV32IM_8SP,RV32IM_5SP,xgboost,workload,,3249217,0,1,0,0,dut,[],"[{""n"": 3249217, ""ref"": [""1dc:b0202673"", ""1f0:10000717"", ""1f4:e3870713"", ""1f8:00072783"", ""1fc:00472703"", ""200:40f507b3""], ""dut"": [""1c4:00008067"", ""280:0d8000ef"", ""358:00100513"", ""35c:f49ff06f"", ""2a4:fd010113"", ""2a8:02812423""], ""dropped"": null, ""inserted"": null, ""dut_cycle"": 7675969}]"
RV32IM_7SP,RV32IM_5SP,depthconv,workload,,19194192,0,0,0,0,stop-marker,[],[]
RV64IM_6SP,RV64IM_5SP,coremark_rv64im_10it,workload,,3329458,0,0,0,0,stop-marker,[],[]
RV64IM_6SP,RV64IM_5SP,crc32,workload,,4208436,0,0,0,0,stop-marker,[],[]
RV64IM_6SP,RV64IM_5SP,matmult-int,workload,,3114756,0,0,0,0,stop-marker,[],[]
RV64IM_6SP,RV64IM_5SP,md5sum,workload,,2585768,0,0,0,0,stop-marker,[],[]
RV64IM_6SP,RV64IM_5SP,edn,workload,,3594532,0,0,0,0,stop-marker,[],[]
RV64IM_6SP,RV64IM_5SP,nsichneu,workload,,2325632,0,0,0,0,stop-marker,[],[]
RV64IM_6SP,RV64IM_5SP,nettle-aes,workload,,4934900,0,0,0,0,stop-marker,[],[]
RV64IM_6SP,RV64IM_5SP,qrduino,workload,,3796002,0,0,0,0,stop-marker,[],[]
RV64IM_6SP,RV64IM_5SP,nettle-sha256,workload,,4569520,0,0,0,0,stop-marker,[],[]
RV64IM_6SP,RV64IM_5SP,picojpeg,workload,,4336762,0,0,0,0,stop-marker,[],[]
RV64IM_6SP,RV64IM_5SP,tarfind,workload,,1076829,0,0,0,0,stop-marker,[],[]
RV64IM_6SP,RV64IM_5SP,rv64im_s001,aapg,MATCH,25504,0,0,0,0,both,[],[]
RV64IM_6SP,RV64IM_5SP,rv64im_s002,aapg,MATCH,25645,0,0,0,0,both,[],[]
RV64IM_6SP,RV64IM_5SP,rv64im_s003,aapg,MATCH,24681,0,0,0,0,both,[],[]
RV64IM_6SP,RV64IM_5SP,rv64im_s004,aapg,MATCH,25479,0,0,0,0,both,[],[]
RV64IM_6SP,RV64IM_5SP,rv64im_s005,aapg,MATCH,25190,0,0,0,0,both,[],[]
RV64IM_6SP,RV64IM_5SP,rv64im_s006,aapg,MATCH,25417,0,0,0,0,both,[],[]
RV64IM_6SP,RV64IM_5SP,rv64im_s007,aapg,MATCH,25176,0,0,0,0,both,[],[]
RV64IM_6SP,RV64IM_5SP,rv64im_s008,aapg,MATCH,25355,0,0,0,0,both,[],[]
RV64IM_6SP,RV64IM_5SP,sglib-combined,workload,,2989578,0,0,0,0,stop-marker,[],[]
RV64IM_6SP,RV64IM_5SP,rv64im_s009,aapg,MATCH,24792,0,0,0,0,both,[],[]
RV64IM_6SP,RV64IM_5SP,rv64im_s010,aapg,MATCH,25356,0,0,0,0,both,[],[]
RV64IM_6SP,RV64IM_5SP,rv64im_s011,aapg,MATCH,24819,0,0,0,0,both,[],[]
RV64IM_6SP,RV64IM_5SP,rv64im_s012,aapg,MATCH,24903,0,0,0,0,both,[],[]
RV64IM_6SP,RV64IM_5SP,rv64im_s013,aapg,MATCH,26085,0,0,0,0,both,[],[]
RV64IM_6SP,RV64IM_5SP,rv64im_s014,aapg,MISMATCH,24682,0,0,0,0,both,[],[]
RV64IM_6SP,RV64IM_5SP,rv64im_s016,aapg,MATCH,24708,0,0,0,0,both,[],[]
RV64IM_6SP,RV64IM_5SP,rv64im_s015,aapg,MATCH,24735,0,0,0,0,both,[],[]
RV64IM_6SP,RV64IM_5SP,rv64im_s017,aapg,MATCH,25144,0,0,0,0,both,[],[]
RV64IM_6SP,RV64IM_5SP,rv64im_s018,aapg,MATCH,24871,0,0,0,0,both,[],[]
RV64IM_6SP,RV64IM_5SP,rv64im_s019,aapg,MATCH,25861,0,0,0,0,both,[],[]
RV64IM_6SP,RV64IM_5SP,rv64im_s020,aapg,MATCH,25461,0,0,0,0,both,[],[]
RV64IM_7SP,RV64IM_5SP,dhrystone_rv64im_1000it,workload,,392910,0,0,0,0,stop-marker,[],[]
RV64IM_6SP,RV64IM_5SP,statemate,workload,,3301288,0,0,0,0,stop-marker,[],[]
RV64IM_7SP,RV64IM_5SP,aha-mont64,workload,,2129623,0,0,0,0,stop-marker,[],[]
RV64IM_6SP,RV64IM_5SP,ud,workload,,3129183,0,0,0,0,stop-marker,[],[]
RV64IM_7SP,RV64IM_5SP,coremark_rv64im_10it,workload,,3329456,0,12,15,2,stop-marker,[],"[{""n"": 38, ""ref"": [""f58:81010113"", ""f5c:7e113423"", ""f60:7e813023"", ""f64:7c913c23"", ""f68:7d213823"", ""f6c:7d313423""], ""dut"": [""78:00251503"", ""f58:81010113"", ""f5c:7e113423"", ""f60:7e813023"", ""f64:7c913c23"", ""f68:7d213823""], ""dropped"": 0, ""inserted"": 1, ""dut_cycle"": 71}]"
RV64IM_7SP,RV64IM_5SP,crc32,workload,,4208436,0,0,0,0,stop-marker,[],[]
RV64IM_7SP,RV64IM_5SP,edn,workload,,3594532,0,0,0,0,stop-marker,[],[]
RV64IM_7SP,RV64IM_5SP,matmult-int,workload,,3114756,0,0,0,0,stop-marker,[],[]
RV64IM_6SP,RV64IM_5SP,xgboost,workload,,6497791,0,0,0,0,stop-marker,[],[]
RV64IM_7SP,RV64IM_5SP,md5sum,workload,,2585768,0,0,0,0,stop-marker,[],[]
RV64IM_7SP,RV64IM_5SP,nsichneu,workload,,2325632,0,0,0,0,stop-marker,[],[]
RV64IM_7SP,RV64IM_5SP,nettle-sha256,workload,,4569520,0,0,0,0,stop-marker,[],[]
RV64IM_7SP,RV64IM_5SP,nettle-aes,workload,,4934900,0,0,0,0,stop-marker,[],[]
RV64IM_6SP,RV64IM_5SP,depthconv,workload,,18152192,0,0,0,0,stop-marker,[],[]
RV64IM_7SP,RV64IM_5SP,picojpeg,workload,,4336762,0,0,0,0,stop-marker,[],[]
RV64IM_7SP,RV64IM_5SP,qrduino,workload,,3796002,12,0,0,0,stop-marker,"[{""n"": 4269, ""pc"": ""0x240c"", ""insn"": ""0007c803"", ""ref"": ""(16, 19)"", ""dut"": ""(16, 0)"", ""ref_cycle"": 6392, ""dut_cycle"": 8516}]",[]
RV64IM_7SP,RV64IM_5SP,tarfind,workload,,1076829,0,0,0,0,stop-marker,[],[]
RV64IM_7SP,RV64IM_5SP,rv64im_s001,aapg,TIMEOUT,21661,0,1,0,0,dut,[],"[{""n"": 21661, ""ref"": [""6390:00a00913"", ""6394:016ada93"", ""6398:00742eb3"", ""639c:41d10ba3"", ""63a0:01ff9abb"", ""63a4:77b11d23""], ""dut"": [""638c:f39ff06f"", ""62c4:18813a83"", ""62c8:015a941b"", ""62cc:0e227293"", ""62d0:22412023"", ""62d4:512b869b""], ""dropped"": null, ""inserted"": null, ""dut_cycle"": 61412}]"
RV64IM_7SP,RV64IM_5SP,rv64im_s002,aapg,TIMEOUT,22820,0,2,2,0,dut,[],"[{""n"": 15708, ""ref"": [""a18:00a00a93"", ""a1c:8e015483"", ""a20:410c5893"", ""a24:40e4d233"", ""a28:02eb09b3"", ""a2c:030e89bb""], ""dut"": [""a0c:00000097"", ""a10:f2c08093"", ""a18:00a00a93"", ""a1c:8e015483"", ""a20:410c5893"", ""a24:40e4d233""], ""dropped"": 0, ""inserted"": 2, ""dut_cycle"": 30258}]"
RV64IM_7SP,RV64IM_5SP,rv64im_s003,aapg,MATCH,24681,0,2,4,0,both,[],"[{""n"": 18859, ""ref"": [""3a60:00a00a13"", ""3a64:9fb14803"", ""3a68:03ce843b"", ""3a6c:00841cbb"", ""3a70:03cee43b"", ""3a74:ee714e03""], ""dut"": [""3a54:00000097"", ""3a58:f9808093"", ""3a60:00a00a13"", ""3a64:9fb14803"", ""3a68:03ce843b"", ""3a6c:00841cbb""], ""dropped"": 0, ""inserted"": 2, ""dut_cycle"": 48268}]"
RV64IM_7SP,RV64IM_5SP,rv64im_s004,aapg,MATCH,25479,0,1,2,0,both,[],"[{""n"": 15945, ""ref"": [""ec8:00a00993"", ""ecc:5fb5c417"", ""ed0:023b843b"", ""ed4:02494b3b"", ""ed8:02e70933"", ""edc:0231d433""], ""dut"": [""ebc:00000097"", ""ec0:fac08093"", ""ec8:00a00993"", ""ecc:5fb5c417"", ""ed0:023b843b"", ""ed4:02494b3b""], ""dropped"": 0, ""inserted"": 2, ""dut_cycle"": 32365}]"
RV64IM_7SP,RV64IM_5SP,rv64im_s005,aapg,TIMEOUT,20499,0,2,2,0,dut,[],"[{""n"": 20383, ""ref"": [""4ec0:00a00d93"", ""4ec4:029af1bb"", ""4ec8:cb942c13"", ""4ecc:09416d03"", ""4ed0:00f79cbb"", ""4ed4:03947233""], ""dut"": [""4eb4:00000097"", ""4eb8:f7c08093"", ""4ec0:00a00d93"", ""4ec4:029af1bb"", ""4ec8:cb942c13"", ""4ecc:09416d03""], ""dropped"": 0, ""inserted"": 2, ""dut_cycle"": 62057}]"
RV64IM_7SP,RV64IM_5SP,rv64im_s006,aapg,MATCH,25417,0,0,0,0,both,[],[]
RV64IM_7SP,RV64IM_5SP,rv64im_s007,aapg,TIMEOUT,15909,0,1,0,0,dut,[],"[{""n"": 15909, ""ref"": [""cc4:00a00e13"", ""cc8:86600993"", ""ccc:034077bb"", ""cd0:037d083b"", ""cd4:708c5017"", ""cd8:00406233""], ""dut"": [""cc0:f8dff06f"", ""c4c:02eb32b3"", ""c50:10000117"", ""c54:bb010113"", ""c58:00001337"", ""c5c:6283031b""], ""dropped"": null, ""inserted"": null, ""dut_cycle"": 31231}]"
RV64IM_7SP,RV64IM_5SP,rv64im_s008,aapg,MATCH,25355,0,1,2,0,both,[],"[{""n"": 20098, ""ref"": [""4dfc:00a00e13"", ""4e00:03826033"", ""4e04:010c5893"", ""4e08:038c4b3b"", ""4e0c:01874c33"", ""4e10:d0413023""], ""dut"": [""4df0:00000097"", ""4df4:f9808093"", ""4dfc:00a00e13"", ""4e00:03826033"", ""4e04:010c5893"", ""4e08:038c4b3b""], ""dropped"": 0, ""inserted"": 2, ""dut_cycle"": 54768}]"
RV64IM_7SP,RV64IM_5SP,rv64im_s009,aapg,MATCH,24792,0,1,2,0,both,[],"[{""n"": 20499, ""ref"": [""55e0:00a00d93"", ""55e4:024d61bb"", ""55e8:0304bb33"", ""55ec:03ad03b3"", ""55f0:00125d13"", ""55f4:03a24433""], ""dut"": [""55d4:00000097"", ""55d8:f6c08093"", ""55e0:00a00d93"", ""55e4:024d61bb"", ""55e8:0304bb33"", ""55ec:03ad03b3""], ""dropped"": 0, ""inserted"": 2, ""dut_cycle"": 56897}]"
RV64IM_7SP,RV64IM_5SP,rv64im_s010,aapg,TIMEOUT,18839,0,1,0,0,dut,[],"[{""n"": 18839, ""ref"": [""3290:00a00e93"", ""3294:036af4b3"", ""3298:b5a10b83"", ""329c:023d3433"", ""32a0:415b023b"", ""32a4:75012023""], ""dut"": [""328c:f9dff06f"", ""3228:41c887b3"", ""322c:15a166b7"", ""3230:01a57d33"", ""3234:000d5a93"", ""3238:76813483""], ""dropped"": null, ""inserted"": null, ""dut_cycle"": 49099}]"
RV64IM_7SP,RV64IM_5SP,rv64im_s011,aapg,MATCH,24819,0,2,4,0,both,[],"[{""n"": 16347, ""ref"": [""1200:00a00b13"", ""1204:031df83b"", ""1208:030accb3"", ""120c:027be4b3"", ""1210:01484033"", ""1214:014a2833""], ""dut"": [""11f4:00000097"", ""11f8:f8c08093"", ""1200:00a00b13"", ""1204:031df83b"", ""1208:030accb3"", ""120c:027be4b3""], ""dropped"": 0, ""inserted"": 2, ""dut_cycle"": 35329}]"
RV64IM_7SP,RV64IM_5SP,rv64im_s012,aapg,TIMEOUT,20991,0,1,0,0,dut,[],"[{""n"": 20991, ""ref"": [""5ca8:00a00d93"", ""5cac:02f84b33"", ""5cb0:03d4473b"", ""5cb4:008a2a33"", ""5cb8:03da523b"", ""5cbc:034a7033""], ""dut"": [""5ca4:f49ff06f"", ""5bec:11d11923"", ""5bf0:bdd6869b"", ""5bf4:42425e93"", ""5bf8:f3d13023"", ""5bfc:00ca5593""], ""dropped"": null, ""inserted"": null, ""dut_cycle"": 60210}]"
RV64IM_7SP,RV64IM_5SP,rv64im_s013,aapg,MATCH,26085,0,0,0,0,both,[],[]
RV64IM_7SP,RV64IM_5SP,rv64im_s014,aapg,TIMEOUT,16325,0,1,0,0,dut,[],"[{""n"": 16325, ""ref"": [""1394:00a00b93"", ""1398:01075213"", ""139c:29a10ca3"", ""13a0:07416d03"", ""13a4:025d5a13"", ""13a8:73416d83""], ""dut"": [""1390:f5dff06f"", ""12ec:b9e10203"", ""12f0:031fe233"", ""12f4:1332081b"", ""12f8:03fa7d3b"", ""12fc:6c211203""], ""dropped"": null, ""inserted"": null, ""dut_cycle"": 33275}]"
RV64IM_7SP,RV64IM_5SP,rv64im_s015,aapg,MATCH,24735,0,2,4,0,both,[],"[{""n"": 16246, ""ref"": [""13f8:00a00893"", ""13fc:03d1beb3"", ""1400:41dfd7bb"", ""1404:03697a3b"", ""1408:41e14c83"", ""140c:01a38ebb""], ""dut"": [""13ec:00000097"", ""13f0:f9008093"", ""13f8:00a00893"", ""13fc:03d1beb3"", ""1400:41dfd7bb"", ""1404:03697a3b""], ""dropped"": 0, ""inserted"": 2, ""dut_cycle"": 33013}]"
RV64IM_7SP,RV64IM_5SP,rv64im_s016,aapg,TIMEOUT,22869,0,2,2,0,dut,[],"[{""n"": 15563, ""ref"": [""7b4:00a00f93"", ""7b8:41a9de3b"", ""7bc:03be893b"", ""7c0:037c703b"", ""7c4:abb10823"", ""7c8:03beedbb""], ""dut"": [""7a8:00000097"", ""7ac:fc008093"", ""7b4:00a00f93"", ""7b8:41a9de3b"", ""7bc:03be893b"", ""7c0:037c703b""], ""dropped"": 0, ""inserted"": 2, ""dut_cycle"": 28941}]"
RV64IM_7SP,RV64IM_5SP,rv64im_s017,aapg,TIMEOUT,16189,0,1,0,0,dut,[],"[{""n"": 16189, ""ref"": [""135c:00a00c93"", ""1360:00e70dbb"", ""1364:40aa519b"", ""1368:f0011d23"", ""136c:007dfd33"", ""1370:41ad51b3""], ""dut"": [""1358:f51ff06f"", ""12a8:029b78bb"", ""12ac:411d5d3b"", ""12b0:0ffff117"", ""12b4:55010113"", ""12b8:00001337""], ""dropped"": null, ""inserted"": null, ""dut_cycle"": 32837}]"
RV64IM_7SP,RV64IM_5SP,rv64im_s018,aapg,MATCH,24871,0,0,0,0,both,[],[]
RV64IM_7SP,RV64IM_5SP,rv64im_s019,aapg,MATCH,25861,0,1,2,0,both,[],"[{""n"": 18589, ""ref"": [""2d30:00a00993"", ""2d34:10012203"", ""2d38:0247073b"", ""2d3c:403adb93"", ""2d40:03f8823b"", ""2d44:00a9521b""], ""dut"": [""2d24:00000097"", ""2d28:f6408093"", ""2d30:00a00993"", ""2d34:10012203"", ""2d38:0247073b"", ""2d3c:403adb93""], ""dropped"": 0, ""inserted"": 2, ""dut_cycle"": 48882}]"
RV64IM_7SP,RV64IM_5SP,rv64im_s020,aapg,TIMEOUT,24730,0,4,6,0,dut,[],"[{""n"": 18887, ""ref"": [""3be0:00a00c13"", ""3be4:00049b13"", ""3be8:029ca4b3"", ""3bec:a20100a3"", ""3bf0:03149813"", ""3bf4:5b511423""], ""dut"": [""3bd4:00000097"", ""3bd8:f7008093"", ""3be0:00a00c13"", ""3be4:00049b13"", ""3be8:029ca4b3"", ""3bec:a20100a3""], ""dropped"": 0, ""inserted"": 2, ""dut_cycle"": 48846}]"
RV64IM_7SP,RV64IM_5SP,sglib-combined,workload,,2989578,0,0,0,0,stop-marker,[],[]
RV64IM_7SP_BRAM,RV64IM_5SP,dhrystone_rv64im_1000it,workload,,392910,0,0,0,0,stop-marker,[],[]
RV64IM_7SP,RV64IM_5SP,statemate,workload,,3301288,0,0,0,0,stop-marker,[],[]
RV64IM_7SP,RV64IM_5SP,ud,workload,,3129183,0,0,0,0,stop-marker,[],[]
RV64IM_7SP_BRAM,RV64IM_5SP,aha-mont64,workload,,2129623,0,0,0,0,stop-marker,[],[]
RV64IM_7SP_BRAM,RV64IM_5SP,coremark_rv64im_10it,workload,,3329456,0,1,4,2,stop-marker,[],"[{""n"": 11188, ""ref"": [""3ae0:80f1a823"", ""3ae4:00008067"", ""1104:00090513"", ""1108:c0dff0ef"", ""d14:fd010113"", ""d18:01413023""], ""dut"": [""3ae8:8101a503"", ""3aec:8141a783"", ""3af0:40f5053b"", ""3af4:00008067"", ""1104:00090513"", ""1108:c0dff0ef""], ""dropped"": 2, ""inserted"": 4, ""dut_cycle"": 20560}]"
RV64IM_7SP_BRAM,RV64IM_5SP,crc32,workload,,4208436,0,0,0,0,stop-marker,[],[]
RV64IM_7SP,RV64IM_5SP,xgboost,workload,,6497791,0,0,0,0,stop-marker,[],[]
RV64IM_7SP_BRAM,RV64IM_5SP,edn,workload,,3594532,0,0,0,0,stop-marker,[],[]
RV64IM_7SP_BRAM,RV64IM_5SP,matmult-int,workload,,3114756,0,0,0,0,stop-marker,[],[]
RV64IM_7SP_BRAM,RV64IM_5SP,md5sum,workload,,2585768,0,0,0,0,stop-marker,[],[]
RV64IM_7SP_BRAM,RV64IM_5SP,nsichneu,workload,,2325632,0,0,0,0,stop-marker,[],[]
RV64IM_7SP,RV64IM_5SP,depthconv,workload,,18152192,0,0,0,0,stop-marker,[],[]
RV64IM_7SP_BRAM,RV64IM_5SP,nettle-sha256,workload,,4569520,0,0,0,0,stop-marker,[],[]
RV64IM_7SP_BRAM,RV64IM_5SP,nettle-aes,workload,,4934900,0,0,0,0,stop-marker,[],[]
RV64IM_7SP_BRAM,RV64IM_5SP,tarfind,workload,,1076829,0,0,0,0,stop-marker,[],[]
RV64IM_7SP_BRAM,RV64IM_5SP,picojpeg,workload,,4336762,0,0,0,0,stop-marker,[],[]
RV64IM_7SP_BRAM,RV64IM_5SP,qrduino,workload,,3796002,0,0,0,0,stop-marker,[],[]
RV64IM_7SP_BRAM,RV64IM_5SP,rv64im_s001,aapg,TIMEOUT,21661,0,1,0,0,dut,[],"[{""n"": 21661, ""ref"": [""6390:00a00913"", ""6394:016ada93"", ""6398:00742eb3"", ""639c:41d10ba3"", ""63a0:01ff9abb"", ""63a4:77b11d23""], ""dut"": [""638c:f39ff06f"", ""62c4:18813a83"", ""62c8:015a941b"", ""62cc:0e227293"", ""62d0:22412023"", ""62d4:512b869b""], ""dropped"": null, ""inserted"": null, ""dut_cycle"": 66455}]"
RV64IM_7SP_BRAM,RV64IM_5SP,rv64im_s002,aapg,TIMEOUT,22820,0,2,2,0,dut,[],"[{""n"": 15708, ""ref"": [""a18:00a00a93"", ""a1c:8e015483"", ""a20:410c5893"", ""a24:40e4d233"", ""a28:02eb09b3"", ""a2c:030e89bb""], ""dut"": [""a0c:00000097"", ""a10:f2c08093"", ""a18:00a00a93"", ""a1c:8e015483"", ""a20:410c5893"", ""a24:40e4d233""], ""dropped"": 0, ""inserted"": 2, ""dut_cycle"": 33082}]"
RV64IM_7SP_BRAM,RV64IM_5SP,rv64im_s003,aapg,MATCH,24680,0,2,4,0,dut,[],"[{""n"": 18859, ""ref"": [""3a60:00a00a13"", ""3a64:9fb14803"", ""3a68:03ce843b"", ""3a6c:00841cbb"", ""3a70:03cee43b"", ""3a74:ee714e03""], ""dut"": [""3a54:00000097"", ""3a58:f9808093"", ""3a60:00a00a13"", ""3a64:9fb14803"", ""3a68:03ce843b"", ""3a6c:00841cbb""], ""dropped"": 0, ""inserted"": 2, ""dut_cycle"": 52697}]"
RV64IM_7SP_BRAM,RV64IM_5SP,rv64im_s004,aapg,MATCH,25478,0,1,2,0,dut,[],"[{""n"": 15945, ""ref"": [""ec8:00a00993"", ""ecc:5fb5c417"", ""ed0:023b843b"", ""ed4:02494b3b"", ""ed8:02e70933"", ""edc:0231d433""], ""dut"": [""ebc:00000097"", ""ec0:fac08093"", ""ec8:00a00993"", ""ecc:5fb5c417"", ""ed0:023b843b"", ""ed4:02494b3b""], ""dropped"": 0, ""inserted"": 2, ""dut_cycle"": 35242}]"
RV64IM_7SP_BRAM,RV64IM_5SP,rv64im_s005,aapg,TIMEOUT,20499,0,2,2,0,dut,[],"[{""n"": 20383, ""ref"": [""4ec0:00a00d93"", ""4ec4:029af1bb"", ""4ec8:cb942c13"", ""4ecc:09416d03"", ""4ed0:00f79cbb"", ""4ed4:03947233""], ""dut"": [""4eb4:00000097"", ""4eb8:f7c08093"", ""4ec0:00a00d93"", ""4ec4:029af1bb"", ""4ec8:cb942c13"", ""4ecc:09416d03""], ""dropped"": 0, ""inserted"": 2, ""dut_cycle"": 67831}]"
RV64IM_7SP_BRAM,RV64IM_5SP,rv64im_s006,aapg,MATCH,25416,0,0,0,0,dut,[],[]
RV64IM_7SP_BRAM,RV64IM_5SP,rv64im_s007,aapg,TIMEOUT,15909,0,1,0,0,dut,[],"[{""n"": 15909, ""ref"": [""cc4:00a00e13"", ""cc8:86600993"", ""ccc:034077bb"", ""cd0:037d083b"", ""cd4:708c5017"", ""cd8:00406233""], ""dut"": [""cc0:f8dff06f"", ""c4c:02eb32b3"", ""c50:10000117"", ""c54:bb010113"", ""c58:00001337"", ""c5c:6283031b""], ""dropped"": null, ""inserted"": null, ""dut_cycle"": 33940}]"
RV64IM_7SP_BRAM,RV64IM_5SP,rv64im_s008,aapg,MATCH,25354,0,1,2,0,dut,[],"[{""n"": 20098, ""ref"": [""4dfc:00a00e13"", ""4e00:03826033"", ""4e04:010c5893"", ""4e08:038c4b3b"", ""4e0c:01874c33"", ""4e10:d0413023""], ""dut"": [""4df0:00000097"", ""4df4:f9808093"", ""4dfc:00a00e13"", ""4e00:03826033"", ""4e04:010c5893"", ""4e08:038c4b3b""], ""dropped"": 0, ""inserted"": 2, ""dut_cycle"": 59293}]"
RV64IM_7SP_BRAM,RV64IM_5SP,rv64im_s009,aapg,MATCH,24791,0,1,2,0,dut,[],"[{""n"": 20499, ""ref"": [""55e0:00a00d93"", ""55e4:024d61bb"", ""55e8:0304bb33"", ""55ec:03ad03b3"", ""55f0:00125d13"", ""55f4:03a24433""], ""dut"": [""55d4:00000097"", ""55d8:f6c08093"", ""55e0:00a00d93"", ""55e4:024d61bb"", ""55e8:0304bb33"", ""55ec:03ad03b3""], ""dropped"": 0, ""inserted"": 2, ""dut_cycle"": 62209}]"
RV64IM_7SP_BRAM,RV64IM_5SP,rv64im_s010,aapg,TIMEOUT,18839,0,1,0,0,dut,[],"[{""n"": 18839, ""ref"": [""3290:00a00e93"", ""3294:036af4b3"", ""3298:b5a10b83"", ""329c:023d3433"", ""32a0:415b023b"", ""32a4:75012023""], ""dut"": [""328c:f9dff06f"", ""3228:41c887b3"", ""322c:15a166b7"", ""3230:01a57d33"", ""3234:000d5a93"", ""3238:76813483""], ""dropped"": null, ""inserted"": null, ""dut_cycle"": 53320}]"
RV64IM_7SP_BRAM,RV64IM_5SP,rv64im_s011,aapg,MATCH,24818,0,2,4,0,dut,[],"[{""n"": 16347, ""ref"": [""1200:00a00b13"", ""1204:031df83b"", ""1208:030accb3"", ""120c:027be4b3"", ""1210:01484033"", ""1214:014a2833""], ""dut"": [""11f4:00000097"", ""11f8:f8c08093"", ""1200:00a00b13"", ""1204:031df83b"", ""1208:030accb3"", ""120c:027be4b3""], ""dropped"": 0, ""inserted"": 2, ""dut_cycle"": 38205}]"
RV64IM_7SP_BRAM,RV64IM_5SP,rv64im_s012,aapg,TIMEOUT,20991,0,1,0,0,dut,[],"[{""n"": 20991, ""ref"": [""5ca8:00a00d93"", ""5cac:02f84b33"", ""5cb0:03d4473b"", ""5cb4:008a2a33"", ""5cb8:03da523b"", ""5cbc:034a7033""], ""dut"": [""5ca4:f49ff06f"", ""5bec:11d11923"", ""5bf0:bdd6869b"", ""5bf4:42425e93"", ""5bf8:f3d13023"", ""5bfc:00ca5593""], ""dropped"": null, ""inserted"": null, ""dut_cycle"": 65030}]"
RV64IM_7SP_BRAM,RV64IM_5SP,rv64im_s013,aapg,MATCH,26084,0,0,0,0,dut,[],[]
RV64IM_7SP_BRAM,RV64IM_5SP,rv64im_s014,aapg,TIMEOUT,16325,0,1,0,0,dut,[],"[{""n"": 16325, ""ref"": [""1394:00a00b93"", ""1398:01075213"", ""139c:29a10ca3"", ""13a0:07416d03"", ""13a4:025d5a13"", ""13a8:73416d83""], ""dut"": [""1390:f5dff06f"", ""12ec:b9e10203"", ""12f0:031fe233"", ""12f4:1332081b"", ""12f8:03fa7d3b"", ""12fc:6c211203""], ""dropped"": null, ""inserted"": null, ""dut_cycle"": 36249}]"
RV64IM_7SP_BRAM,RV64IM_5SP,rv64im_s015,aapg,MATCH,24734,0,2,4,0,dut,[],"[{""n"": 16246, ""ref"": [""13f8:00a00893"", ""13fc:03d1beb3"", ""1400:41dfd7bb"", ""1404:03697a3b"", ""1408:41e14c83"", ""140c:01a38ebb""], ""dut"": [""13ec:00000097"", ""13f0:f9008093"", ""13f8:00a00893"", ""13fc:03d1beb3"", ""1400:41dfd7bb"", ""1404:03697a3b""], ""dropped"": 0, ""inserted"": 2, ""dut_cycle"": 36131}]"
RV64IM_7SP_BRAM,RV64IM_5SP,rv64im_s016,aapg,TIMEOUT,22869,0,2,2,0,dut,[],"[{""n"": 15563, ""ref"": [""7b4:00a00f93"", ""7b8:41a9de3b"", ""7bc:03be893b"", ""7c0:037c703b"", ""7c4:abb10823"", ""7c8:03beedbb""], ""dut"": [""7a8:00000097"", ""7ac:fc008093"", ""7b4:00a00f93"", ""7b8:41a9de3b"", ""7bc:03be893b"", ""7c0:037c703b""], ""dropped"": 0, ""inserted"": 2, ""dut_cycle"": 31552}]"
RV64IM_7SP_BRAM,RV64IM_5SP,rv64im_s017,aapg,TIMEOUT,16189,0,1,0,0,dut,[],"[{""n"": 16189, ""ref"": [""135c:00a00c93"", ""1360:00e70dbb"", ""1364:40aa519b"", ""1368:f0011d23"", ""136c:007dfd33"", ""1370:41ad51b3""], ""dut"": [""1358:f51ff06f"", ""12a8:029b78bb"", ""12ac:411d5d3b"", ""12b0:0ffff117"", ""12b4:55010113"", ""12b8:00001337""], ""dropped"": null, ""inserted"": null, ""dut_cycle"": 35917}]"
RV64IM_7SP_BRAM,RV64IM_5SP,rv64im_s018,aapg,MATCH,24870,0,0,0,0,dut,[],[]
RV64IM_7SP_BRAM,RV64IM_5SP,rv64im_s019,aapg,MATCH,25860,0,1,2,0,dut,[],"[{""n"": 18589, ""ref"": [""2d30:00a00993"", ""2d34:10012203"", ""2d38:0247073b"", ""2d3c:403adb93"", ""2d40:03f8823b"", ""2d44:00a9521b""], ""dut"": [""2d24:00000097"", ""2d28:f6408093"", ""2d30:00a00993"", ""2d34:10012203"", ""2d38:0247073b"", ""2d3c:403adb93""], ""dropped"": 0, ""inserted"": 2, ""dut_cycle"": 53041}]"
RV64IM_7SP_BRAM,RV64IM_5SP,rv64im_s020,aapg,TIMEOUT,24730,0,4,6,0,dut,[],"[{""n"": 18887, ""ref"": [""3be0:00a00c13"", ""3be4:00049b13"", ""3be8:029ca4b3"", ""3bec:a20100a3"", ""3bf0:03149813"", ""3bf4:5b511423""], ""dut"": [""3bd4:00000097"", ""3bd8:f7008093"", ""3be0:00a00c13"", ""3be4:00049b13"", ""3be8:029ca4b3"", ""3bec:a20100a3""], ""dropped"": 0, ""inserted"": 2, ""dut_cycle"": 52985}]"
RV64IM_7SP_BRAM,RV64IM_5SP,sglib-combined,workload,,2989578,0,0,0,0,stop-marker,[],[]
RV64IM_7SP_BRAM_Opt,RV64IM_5SP,dhrystone_rv64im_1000it,workload,,392910,0,0,0,0,stop-marker,[],[]
RV64IM_7SP_BRAM,RV64IM_5SP,statemate,workload,,3301288,0,0,0,0,stop-marker,[],[]
RV64IM_7SP_BRAM,RV64IM_5SP,ud,workload,,3129183,0,0,0,0,stop-marker,[],[]
RV64IM_7SP_BRAM_Opt,RV64IM_5SP,aha-mont64,workload,,2129609,0,1,1,14,stop-marker,[],"[{""n"": 4628, ""ref"": [""1c8:b02027f3"", ""1dc:10000697"", ""1e0:e4c6b683"", ""1e4:40d70733"", ""1e8:10000697"", ""1ec:e4e6b823""], ""dut"": [""1b0:00008067"", ""22c:28c000ef"", ""4b8:00100593"", ""4bc:1d800513"", ""4c0:e61ff06f"", ""320:f9010113""], ""dropped"": 14, ""inserted"": 1, ""dut_cycle"": 7778}]"
RV64IM_7SP_BRAM_Opt,RV64IM_5SP,coremark_rv64im_10it,workload,,3329456,0,1,1,2,stop-marker,[],"[{""n"": 11188, ""ref"": [""3ae0:80f1a823"", ""3ae4:00008067"", ""1104:00090513"", ""1108:c0dff0ef"", ""d14:fd010113"", ""d18:01413023""], ""dut"": [""3ad8:00008067"", ""1104:00090513"", ""1108:c0dff0ef"", ""d14:fd010113"", ""d18:01413023"", ""d1c:02c52a03""], ""dropped"": 2, ""inserted"": 1, ""dut_cycle"": 20921}]"
RV64IM_7SP_BRAM_Opt,RV64IM_5SP,crc32,workload,,4208422,0,1,1,14,stop-marker,[],"[{""n"": 24701, ""ref"": [""1cc:b02027f3"", ""1e0:10000697"", ""1e4:e486b683"", ""1e8:40d70733"", ""1ec:10000697"", ""1f0:e4e6b623""], ""dut"": [""1b4:00008067"", ""230:154000ef"", ""384:00100593"", ""388:0aa00513"", ""38c:f7dff06f"", ""308:fd010113""], ""dropped"": 14, ""inserted"": 1, ""dut_cycle"": 42288}]"
RV64IM_7SP_BRAM_Opt,RV64IM_5SP,edn,workload,,3594518,0,1,1,14,stop-marker,[],"[{""n"": 45135, ""ref"": [""1d8:b02027f3"", ""1ec:10000697"", ""1f0:79c6b683"", ""1f4:40d70733"", ""1f8:10000697"", ""1fc:7ae6b023""], ""dut"": [""1c0:00008067"", ""23c:720000ef"", ""95c:ff010113"", ""960:05100513"", ""964:00100593"", ""968:00113423""], ""dropped"": 14, ""inserted"": 1, ""dut_cycle"": 85741}]"
RV64IM_7SP_BRAM,RV64IM_5SP,xgboost,workload,,6497791,0,0,0,0,stop-marker,[],[]
RV64IM_7SP_BRAM_Opt,RV64IM_5SP,matmult-int,workload,,3114742,0,1,1,14,stop-marker,[],"[{""n"": 98415, ""ref"": [""1cc:b02027f3"", ""1e0:10004697"", ""1e4:cc86b683"", ""1e8:40d70733"", ""1ec:10004697"", ""1f0:cce6b623""], ""dut"": [""1b4:00008067"", ""230:164000ef"", ""394:ff010113"", ""398:02700513"", ""39c:00100593"", ""3a0:00113423""], ""dropped"": 14, ""inserted"": 1, ""dut_cycle"": 214715}]"
RV64IM_7SP_BRAM_Opt,RV64IM_5SP,md5sum,workload,,2585754,0,1,1,14,stop-marker,[],"[{""n"": 40230, ""ref"": [""1d8:b02027f3"", ""1ec:10001697"", ""1f0:a446b683"", ""1f4:40d70733"", ""1f8:10001697"", ""1fc:a4e6b423""], ""dut"": [""1c0:00008067"", ""23c:460000ef"", ""69c:00100593"", ""6a0:04200513"", ""6a4:f15ff06f"", ""5b8:fc010113""], ""dropped"": 14, ""inserted"": 1, ""dut_cycle"": 70262}]"
RV64IM_7SP_BRAM_Opt,RV64IM_5SP,nsichneu,workload,,2325618,0,1,1,14,stop-marker,[],"[{""n"": 2039, ""ref"": [""1d8:b02027f3"", ""1ec:10000697"", ""1f0:eb46b683"", ""1f4:40d70733"", ""1f8:10000697"", ""1fc:eae6bc23""], ""dut"": [""1c0:00008067"", ""23c:321050ef"", ""5d5c:ff010113"", ""5d60:4d000513"", ""5d64:00100593"", ""5d68:00113423""], ""dropped"": 14, ""inserted"": 1, ""dut_cycle"": 3544}]"
RV64IM_7SP_BRAM,RV64IM_5SP,depthconv,workload,,18152192,0,0,0,0,stop-marker,[],[]
RV64IM_7SP_BRAM_Opt,RV64IM_5SP,nettle-aes,workload,,4934886,0,1,1,14,stop-marker,[],"[{""n"": 65079, ""ref"": [""1d8:b02027f3"", ""1ec:10000697"", ""1f0:44c6b683"", ""1f4:40d70733"", ""1f8:10000697"", ""1fc:44e6b823""], ""dut"": [""1c0:00008067"", ""23c:6c5000ef"", ""1100:ff010113"", ""1104:04c00513"", ""1108:00100593"", ""110c:00113423""], ""dropped"": 14, ""inserted"": 1, ""dut_cycle"": 76579}]"
RV64IM_7SP_BRAM_Opt,RV64IM_5SP,nettle-sha256,workload,,4569506,0,1,1,14,stop-marker,[],"[{""n"": 8286, ""ref"": [""1d8:b02027f3"", ""1ec:10000697"", ""1f0:eb46b683"", ""1f4:40d70733"", ""1f8:10000697"", ""1fc:eae6bc23""], ""dut"": [""1c0:00008067"", ""23c:1d1010ef"", ""1c0c:ff010113"", ""1c10:23200513"", ""1c14:00100593"", ""1c18:00113423""], ""dropped"": 14, ""inserted"": 1, ""dut_cycle"": 9278}]"
RV64IM_7SP_BRAM_Opt,RV64IM_5SP,tarfind,workload,,1076815,0,1,1,14,stop-marker,[],"[{""n"": 27428, ""ref"": [""1c8:b02027f3"", ""1dc:10002697"", ""1e0:1746b683"", ""1e4:40d70733"", ""1e8:10002697"", ""1ec:16e6bc23""], ""dut"": [""1b0:00008067"", ""22c:298000ef"", ""4c4:00100593"", ""4c8:02e00513"", ""4cc:e4dff06f"", ""318:f9010113""], ""dropped"": 14, ""inserted"": 1, ""dut_cycle"": 82952}]"
RV64IM_7SP_BRAM_Opt,RV64IM_5SP,qrduino,workload,,3795988,0,1,1,14,stop-marker,[],"[{""n"": 636194, ""ref"": [""1d8:b02027f3"", ""1ec:10002697"", ""1f0:e3c6b683"", ""1f4:40d70733"", ""1f8:10002697"", ""1fc:e4e6b023""], ""dut"": [""1c0:00008067"", ""23c:320020ef"", ""255c:ff010113"", ""2560:00500513"", ""2564:00100593"", ""2568:00113423""], ""dropped"": 14, ""inserted"": 1, ""dut_cycle"": 1172570}]"
RV64IM_7SP_BRAM_Opt,RV64IM_5SP,picojpeg,workload,,4336748,0,1,1,14,stop-marker,[],"[{""n"": 723892, ""ref"": [""1d8:b02027f3"", ""1ec:10000697"", ""1f0:7546b683"", ""1f4:40d70733"", ""1f8:10000697"", ""1fc:74e6bc23""], ""dut"": [""1c0:00008067"", ""23c:551020ef"", ""2f8c:ff010113"", ""2f90:00500513"", ""2f94:00100593"", ""2f98:00113423""], ""dropped"": 14, ""inserted"": 1, ""dut_cycle"": 1328983}]"
RV64IM_7SP_BRAM_Opt,RV64IM_5SP,rv64im_s001,aapg,TIMEOUT,21661,0,1,0,0,dut,[],"[{""n"": 21661, ""ref"": [""6390:00a00913"", ""6394:016ada93"", ""6398:00742eb3"", ""639c:41d10ba3"", ""63a0:01ff9abb"", ""63a4:77b11d23""], ""dut"": [""638c:f39ff06f"", ""62c4:18813a83"", ""62c8:015a941b"", ""62cc:0e227293"", ""62d0:22412023"", ""62d4:512b869b""], ""dropped"": null, ""inserted"": null, ""dut_cycle"": 66950}]"
RV64IM_7SP_BRAM_Opt,RV64IM_5SP,rv64im_s002,aapg,TIMEOUT,22820,0,2,2,0,dut,[],"[{""n"": 15708, ""ref"": [""a18:00a00a93"", ""a1c:8e015483"", ""a20:410c5893"", ""a24:40e4d233"", ""a28:02eb09b3"", ""a2c:030e89bb""], ""dut"": [""a0c:00000097"", ""a10:f2c08093"", ""a18:00a00a93"", ""a1c:8e015483"", ""a20:410c5893"", ""a24:40e4d233""], ""dropped"": 0, ""inserted"": 2, ""dut_cycle"": 35390}]"
RV64IM_7SP_BRAM_Opt,RV64IM_5SP,rv64im_s003,aapg,MATCH,24680,0,2,4,0,dut,[],"[{""n"": 18859, ""ref"": [""3a60:00a00a13"", ""3a64:9fb14803"", ""3a68:03ce843b"", ""3a6c:00841cbb"", ""3a70:03cee43b"", ""3a74:ee714e03""], ""dut"": [""3a54:00000097"", ""3a58:f9808093"", ""3a60:00a00a13"", ""3a64:9fb14803"", ""3a68:03ce843b"", ""3a6c:00841cbb""], ""dropped"": 0, ""inserted"": 2, ""dut_cycle"": 53607}]"
RV64IM_7SP_BRAM_Opt,RV64IM_5SP,rv64im_s004,aapg,MATCH,25478,0,1,2,0,dut,[],"[{""n"": 15945, ""ref"": [""ec8:00a00993"", ""ecc:5fb5c417"", ""ed0:023b843b"", ""ed4:02494b3b"", ""ed8:02e70933"", ""edc:0231d433""], ""dut"": [""ebc:00000097"", ""ec0:fac08093"", ""ec8:00a00993"", ""ecc:5fb5c417"", ""ed0:023b843b"", ""ed4:02494b3b""], ""dropped"": 0, ""inserted"": 2, ""dut_cycle"": 37522}]"
RV64IM_7SP_BRAM_Opt,RV64IM_5SP,rv64im_s005,aapg,TIMEOUT,20499,0,2,2,0,dut,[],"[{""n"": 20383, ""ref"": [""4ec0:00a00d93"", ""4ec4:029af1bb"", ""4ec8:cb942c13"", ""4ecc:09416d03"", ""4ed0:00f79cbb"", ""4ed4:03947233""], ""dut"": [""4eb4:00000097"", ""4eb8:f7c08093"", ""4ec0:00a00d93"", ""4ec4:029af1bb"", ""4ec8:cb942c13"", ""4ecc:09416d03""], ""dropped"": 0, ""inserted"": 2, ""dut_cycle"": 67468}]"
RV64IM_7SP_BRAM_Opt,RV64IM_5SP,rv64im_s006,aapg,MATCH,25416,0,0,0,0,dut,[],[]
RV64IM_7SP_BRAM_Opt,RV64IM_5SP,rv64im_s007,aapg,TIMEOUT,15909,0,1,0,0,dut,[],"[{""n"": 15909, ""ref"": [""cc4:00a00e13"", ""cc8:86600993"", ""ccc:034077bb"", ""cd0:037d083b"", ""cd4:708c5017"", ""cd8:00406233""], ""dut"": [""cc0:f8dff06f"", ""c4c:02eb32b3"", ""c50:10000117"", ""c54:bb010113"", ""c58:00001337"", ""c5c:6283031b""], ""dropped"": null, ""inserted"": null, ""dut_cycle"": 36380}]"
RV64IM_7SP_BRAM_Opt,RV64IM_5SP,rv64im_s008,aapg,MATCH,25354,0,1,2,0,dut,[],"[{""n"": 20098, ""ref"": [""4dfc:00a00e13"", ""4e00:03826033"", ""4e04:010c5893"", ""4e08:038c4b3b"", ""4e0c:01874c33"", ""4e10:d0413023""], ""dut"": [""4df0:00000097"", ""4df4:f9808093"", ""4dfc:00a00e13"", ""4e00:03826033"", ""4e04:010c5893"", ""4e08:038c4b3b""], ""dropped"": 0, ""inserted"": 2, ""dut_cycle"": 60195}]"
RV64IM_7SP_BRAM_Opt,RV64IM_5SP,rv64im_s009,aapg,MATCH,24791,0,1,2,0,dut,[],"[{""n"": 20499, ""ref"": [""55e0:00a00d93"", ""55e4:024d61bb"", ""55e8:0304bb33"", ""55ec:03ad03b3"", ""55f0:00125d13"", ""55f4:03a24433""], ""dut"": [""55d4:00000097"", ""55d8:f6c08093"", ""55e0:00a00d93"", ""55e4:024d61bb"", ""55e8:0304bb33"", ""55ec:03ad03b3""], ""dropped"": 0, ""inserted"": 2, ""dut_cycle"": 62337}]"
RV64IM_7SP_BRAM_Opt,RV64IM_5SP,rv64im_s010,aapg,TIMEOUT,18839,0,1,0,0,dut,[],"[{""n"": 18839, ""ref"": [""3290:00a00e93"", ""3294:036af4b3"", ""3298:b5a10b83"", ""329c:023d3433"", ""32a0:415b023b"", ""32a4:75012023""], ""dut"": [""328c:f9dff06f"", ""3228:41c887b3"", ""322c:15a166b7"", ""3230:01a57d33"", ""3234:000d5a93"", ""3238:76813483""], ""dropped"": null, ""inserted"": null, ""dut_cycle"": 54406}]"
RV64IM_7SP_BRAM_Opt,RV64IM_5SP,rv64im_s011,aapg,MATCH,24818,0,2,4,0,dut,[],"[{""n"": 16347, ""ref"": [""1200:00a00b13"", ""1204:031df83b"", ""1208:030accb3"", ""120c:027be4b3"", ""1210:01484033"", ""1214:014a2833""], ""dut"": [""11f4:00000097"", ""11f8:f8c08093"", ""1200:00a00b13"", ""1204:031df83b"", ""1208:030accb3"", ""120c:027be4b3""], ""dropped"": 0, ""inserted"": 2, ""dut_cycle"": 40492}]"
RV64IM_7SP_BRAM_Opt,RV64IM_5SP,rv64im_s012,aapg,TIMEOUT,20991,0,1,0,0,dut,[],"[{""n"": 20991, ""ref"": [""5ca8:00a00d93"", ""5cac:02f84b33"", ""5cb0:03d4473b"", ""5cb4:008a2a33"", ""5cb8:03da523b"", ""5cbc:034a7033""], ""dut"": [""5ca4:f49ff06f"", ""5bec:11d11923"", ""5bf0:bdd6869b"", ""5bf4:42425e93"", ""5bf8:f3d13023"", ""5bfc:00ca5593""], ""dropped"": null, ""inserted"": null, ""dut_cycle"": 65684}]"
RV64IM_7SP_BRAM_Opt,RV64IM_5SP,rv64im_s013,aapg,MATCH,26084,0,0,0,0,dut,[],[]
RV64IM_7SP_BRAM_Opt,RV64IM_5SP,rv64im_s014,aapg,TIMEOUT,16325,0,1,0,0,dut,[],"[{""n"": 16325, ""ref"": [""1394:00a00b93"", ""1398:01075213"", ""139c:29a10ca3"", ""13a0:07416d03"", ""13a4:025d5a13"", ""13a8:73416d83""], ""dut"": [""1390:f5dff06f"", ""12ec:b9e10203"", ""12f0:031fe233"", ""12f4:1332081b"", ""12f8:03fa7d3b"", ""12fc:6c211203""], ""dropped"": null, ""inserted"": null, ""dut_cycle"": 38457}]"
RV64IM_7SP_BRAM_Opt,RV64IM_5SP,rv64im_s015,aapg,MATCH,24734,0,2,4,0,dut,[],"[{""n"": 16246, ""ref"": [""13f8:00a00893"", ""13fc:03d1beb3"", ""1400:41dfd7bb"", ""1404:03697a3b"", ""1408:41e14c83"", ""140c:01a38ebb""], ""dut"": [""13ec:00000097"", ""13f0:f9008093"", ""13f8:00a00893"", ""13fc:03d1beb3"", ""1400:41dfd7bb"", ""1404:03697a3b""], ""dropped"": 0, ""inserted"": 2, ""dut_cycle"": 38191}]"
RV64IM_7SP_BRAM_Opt,RV64IM_5SP,sglib-combined,workload,,2989564,0,1,1,14,stop-marker,[],"[{""n"": 97781, ""ref"": [""1d8:b02027f3"", ""1ec:10002697"", ""1f0:06c6b683"", ""1f4:40d70733"", ""1f8:10002697"", ""1fc:06e6b823""], ""dut"": [""1c0:00008067"", ""23c:6c5000ef"", ""1100:00100593"", ""1104:01f00513"", ""1108:9b1ff06f"", ""ab8:8f010113""], ""dropped"": 14, ""inserted"": 1, ""dut_cycle"": 232501}]"
RV64IM_7SP_BRAM_Opt,RV64IM_5SP,rv64im_s016,aapg,TIMEOUT,22869,0,2,2,0,dut,[],"[{""n"": 15563, ""ref"": [""7b4:00a00f93"", ""7b8:41a9de3b"", ""7bc:03be893b"", ""7c0:037c703b"", ""7c4:abb10823"", ""7c8:03beedbb""], ""dut"": [""7a8:00000097"", ""7ac:fc008093"", ""7b4:00a00f93"", ""7b8:41a9de3b"", ""7bc:03be893b"", ""7c0:037c703b""], ""dropped"": 0, ""inserted"": 2, ""dut_cycle"": 34072}]"
RV64IM_7SP_BRAM_Opt,RV64IM_5SP,rv64im_s017,aapg,TIMEOUT,16189,0,1,0,0,dut,[],"[{""n"": 16189, ""ref"": [""135c:00a00c93"", ""1360:00e70dbb"", ""1364:40aa519b"", ""1368:f0011d23"", ""136c:007dfd33"", ""1370:41ad51b3""], ""dut"": [""1358:f51ff06f"", ""12a8:029b78bb"", ""12ac:411d5d3b"", ""12b0:0ffff117"", ""12b4:55010113"", ""12b8:00001337""], ""dropped"": null, ""inserted"": null, ""dut_cycle"": 38010}]"
RV64IM_7SP_BRAM_Opt,RV64IM_5SP,rv64im_s018,aapg,MATCH,24870,0,0,0,0,dut,[],[]
RV64IM_7SP_BRAM_Opt,RV64IM_5SP,rv64im_s019,aapg,MATCH,25860,0,1,2,0,dut,[],"[{""n"": 18589, ""ref"": [""2d30:00a00993"", ""2d34:10012203"", ""2d38:0247073b"", ""2d3c:403adb93"", ""2d40:03f8823b"", ""2d44:00a9521b""], ""dut"": [""2d24:00000097"", ""2d28:f6408093"", ""2d30:00a00993"", ""2d34:10012203"", ""2d38:0247073b"", ""2d3c:403adb93""], ""dropped"": 0, ""inserted"": 2, ""dut_cycle"": 54169}]"
RV64IM_7SP_BRAM_Opt,RV64IM_5SP,rv64im_s020,aapg,TIMEOUT,24730,0,4,6,0,dut,[],"[{""n"": 18887, ""ref"": [""3be0:00a00c13"", ""3be4:00049b13"", ""3be8:029ca4b3"", ""3bec:a20100a3"", ""3bf0:03149813"", ""3bf4:5b511423""], ""dut"": [""3bd4:00000097"", ""3bd8:f7008093"", ""3be0:00a00c13"", ""3be4:00049b13"", ""3be8:029ca4b3"", ""3bec:a20100a3""], ""dropped"": 0, ""inserted"": 2, ""dut_cycle"": 54183}]"
RV64IM_8SP_withoutOpt,RV64IM_5SP,dhrystone_rv64im_1000it,workload,,392910,0,0,0,0,stop-marker,[],[]
RV64IM_7SP_BRAM_Opt,RV64IM_5SP,statemate,workload,,3301274,0,1,1,14,stop-marker,[],"[{""n"": 1215, ""ref"": [""274:b02027f3"", ""288:10000697"", ""28c:de06b683"", ""290:40d70733"", ""294:10000697"", ""298:dee6b223""], ""dut"": [""25c:00008067"", ""2d8:768010ef"", ""1a40:00001537"", ""1a44:ff010113"", ""1a48:d0250513"", ""1a4c:00100593""], ""dropped"": 14, ""inserted"": 1, ""dut_cycle"": 2137}]"
RV64IM_7SP_BRAM_Opt,RV64IM_5SP,ud,workload,,3129169,0,1,1,14,stop-marker,[],"[{""n"": 3607, ""ref"": [""1c8:b02027f3"", ""1dc:10001697"", ""1e0:c0c6b683"", ""1e4:40d70733"", ""1e8:10001697"", ""1ec:c0e6b823""], ""dut"": [""1b0:00008067"", ""22c:3f4000ef"", ""620:00100593"", ""624:6f900513"", ""628:efdff06f"", ""524:fd010113""], ""dropped"": 14, ""inserted"": 1, ""dut_cycle"": 9510}]"
RV64IM_8SP_withoutOpt,RV64IM_5SP,aha-mont64,workload,,2129609,0,1,1,14,stop-marker,[],"[{""n"": 4628, ""ref"": [""1c8:b02027f3"", ""1dc:10000697"", ""1e0:e4c6b683"", ""1e4:40d70733"", ""1e8:10000697"", ""1ec:e4e6b823""], ""dut"": [""1b0:00008067"", ""22c:28c000ef"", ""4b8:00100593"", ""4bc:1d800513"", ""4c0:e61ff06f"", ""320:f9010113""], ""dropped"": 14, ""inserted"": 1, ""dut_cycle"": 9272}]"
RV64IM_8SP_withoutOpt,RV64IM_5SP,coremark_rv64im_10it,workload,,3329456,0,1,1,2,stop-marker,[],"[{""n"": 11188, ""ref"": [""3ae0:80f1a823"", ""3ae4:00008067"", ""1104:00090513"", ""1108:c0dff0ef"", ""d14:fd010113"", ""d18:01413023""], ""dut"": [""3ad8:00008067"", ""1104:00090513"", ""1108:c0dff0ef"", ""d14:fd010113"", ""d18:01413023"", ""d1c:02c52a03""], ""dropped"": 2, ""inserted"": 1, ""dut_cycle"": 25411}]"
RV64IM_8SP_withoutOpt,RV64IM_5SP,crc32,workload,,4208422,0,1,1,14,stop-marker,[],"[{""n"": 24701, ""ref"": [""1cc:b02027f3"", ""1e0:10000697"", ""1e4:e486b683"", ""1e8:40d70733"", ""1ec:10000697"", ""1f0:e4e6b623""], ""dut"": [""1b4:00008067"", ""230:154000ef"", ""384:00100593"", ""388:0aa00513"", ""38c:f7dff06f"", ""308:fd010113""], ""dropped"": 14, ""inserted"": 1, ""dut_cycle"": 52555}]"
RV64IM_8SP_withoutOpt,RV64IM_5SP,edn,workload,,3594518,0,1,1,14,stop-marker,[],"[{""n"": 45135, ""ref"": [""1d8:b02027f3"", ""1ec:10000697"", ""1f0:79c6b683"", ""1f4:40d70733"", ""1f8:10000697"", ""1fc:7ae6b023""], ""dut"": [""1c0:00008067"", ""23c:720000ef"", ""95c:ff010113"", ""960:05100513"", ""964:00100593"", ""968:00113423""], ""dropped"": 14, ""inserted"": 1, ""dut_cycle"": 95805}]"
RV64IM_7SP_BRAM_Opt,RV64IM_5SP,xgboost,workload,,6497777,0,1,1,14,stop-marker,[],"[{""n"": 3248921, ""ref"": [""1cc:b02027f3"", ""1e0:10000697"", ""1e4:e486b683"", ""1e8:40d70733"", ""1ec:10000697"", ""1f0:e4e6b623""], ""dut"": [""1b4:00008067"", ""230:0d8000ef"", ""308:00100513"", ""30c:f49ff06f"", ""254:fb010113"", ""258:04813023""], ""dropped"": 14, ""inserted"": 1, ""dut_cycle"": 5508827}]"
RV64IM_8SP_withoutOpt,RV64IM_5SP,matmult-int,workload,,3114742,0,1,1,14,stop-marker,[],"[{""n"": 98415, ""ref"": [""1cc:b02027f3"", ""1e0:10004697"", ""1e4:cc86b683"", ""1e8:40d70733"", ""1ec:10004697"", ""1f0:cce6b623""], ""dut"": [""1b4:00008067"", ""230:164000ef"", ""394:ff010113"", ""398:02700513"", ""39c:00100593"", ""3a0:00113423""], ""dropped"": 14, ""inserted"": 1, ""dut_cycle"": 227808}]"
RV64IM_8SP_withoutOpt,RV64IM_5SP,md5sum,workload,,2585754,0,1,1,14,stop-marker,[],"[{""n"": 40230, ""ref"": [""1d8:b02027f3"", ""1ec:10001697"", ""1f0:a446b683"", ""1f4:40d70733"", ""1f8:10001697"", ""1fc:a4e6b423""], ""dut"": [""1c0:00008067"", ""23c:460000ef"", ""69c:00100593"", ""6a0:04200513"", ""6a4:f15ff06f"", ""5b8:fc010113""], ""dropped"": 14, ""inserted"": 1, ""dut_cycle"": 82519}]"
RV64IM_8SP_withoutOpt,RV64IM_5SP,nsichneu,workload,,2325618,0,1,1,14,stop-marker,[],"[{""n"": 2039, ""ref"": [""1d8:b02027f3"", ""1ec:10000697"", ""1f0:eb46b683"", ""1f4:40d70733"", ""1f8:10000697"", ""1fc:eae6bc23""], ""dut"": [""1c0:00008067"", ""23c:321050ef"", ""5d5c:ff010113"", ""5d60:4d000513"", ""5d64:00100593"", ""5d68:00113423""], ""dropped"": 14, ""inserted"": 1, ""dut_cycle"": 4579}]"
RV64IM_7SP_BRAM_Opt,RV64IM_5SP,depthconv,workload,,18152178,0,1,1,14,stop-marker,[],"[{""n"": 11706, ""ref"": [""1c8:b02027f3"", ""1dc:10000697"", ""1e0:16c6b683"", ""1e4:40d70733"", ""1e8:10000697"", ""1ec:16e6b823""], ""dut"": [""1b0:00008067"", ""22c:340000ef"", ""56c:ff010113"", ""570:66700513"", ""574:00113423"", ""578:fb5ff0ef""], ""dropped"": 14, ""inserted"": 1, ""dut_cycle"": 25658}]"
RV64IM_8SP_withoutOpt,RV64IM_5SP,nettle-sha256,workload,,4569506,0,1,1,14,stop-marker,[],"[{""n"": 8286, ""ref"": [""1d8:b02027f3"", ""1ec:10000697"", ""1f0:eb46b683"", ""1f4:40d70733"", ""1f8:10000697"", ""1fc:eae6bc23""], ""dut"": [""1c0:00008067"", ""23c:1d1010ef"", ""1c0c:ff010113"", ""1c10:23200513"", ""1c14:00100593"", ""1c18:00113423""], ""dropped"": 14, ""inserted"": 1, ""dut_cycle"": 12809}]"
RV64IM_8SP_withoutOpt,RV64IM_5SP,nettle-aes,workload,,4934886,0,1,1,14,stop-marker,[],"[{""n"": 65079, ""ref"": [""1d8:b02027f3"", ""1ec:10000697"", ""1f0:44c6b683"", ""1f4:40d70733"", ""1f8:10000697"", ""1fc:44e6b823""], ""dut"": [""1c0:00008067"", ""23c:6c5000ef"", ""1100:ff010113"", ""1104:04c00513"", ""1108:00100593"", ""110c:00113423""], ""dropped"": 14, ""inserted"": 1, ""dut_cycle"": 86906}]"
RV64IM_8SP_withoutOpt,RV64IM_5SP,tarfind,workload,,1076815,0,1,1,14,stop-marker,[],"[{""n"": 27428, ""ref"": [""1c8:b02027f3"", ""1dc:10002697"", ""1e0:1746b683"", ""1e4:40d70733"", ""1e8:10002697"", ""1ec:16e6bc23""], ""dut"": [""1b0:00008067"", ""22c:298000ef"", ""4c4:00100593"", ""4c8:02e00513"", ""4cc:e4dff06f"", ""318:f9010113""], ""dropped"": 14, ""inserted"": 1, ""dut_cycle"": 90906}]"
RV64IM_8SP_withoutOpt,RV64IM_5SP,qrduino,workload,,3795988,0,1,1,14,stop-marker,[],"[{""n"": 636194, ""ref"": [""1d8:b02027f3"", ""1ec:10002697"", ""1f0:e3c6b683"", ""1f4:40d70733"", ""1f8:10002697"", ""1fc:e4e6b023""], ""dut"": [""1c0:00008067"", ""23c:320020ef"", ""255c:ff010113"", ""2560:00500513"", ""2564:00100593"", ""2568:00113423""], ""dropped"": 14, ""inserted"": 1, ""dut_cycle"": 1479742}]"
RV64IM_8SP_withoutOpt,RV64IM_5SP,picojpeg,workload,,4336748,0,1,1,14,stop-marker,[],"[{""n"": 723892, ""ref"": [""1d8:b02027f3"", ""1ec:10000697"", ""1f0:7546b683"", ""1f4:40d70733"", ""1f8:10000697"", ""1fc:74e6bc23""], ""dut"": [""1c0:00008067"", ""23c:551020ef"", ""2f8c:ff010113"", ""2f90:00500513"", ""2f94:00100593"", ""2f98:00113423""], ""dropped"": 14, ""inserted"": 1, ""dut_cycle"": 1538014}]"
RV64IM_8SP_withoutOpt,RV64IM_5SP,rv64im_s001,aapg,TIMEOUT,21661,0,1,0,0,dut,[],"[{""n"": 21661, ""ref"": [""6390:00a00913"", ""6394:016ada93"", ""6398:00742eb3"", ""639c:41d10ba3"", ""63a0:01ff9abb"", ""63a4:77b11d23""], ""dut"": [""638c:f39ff06f"", ""62c4:18813a83"", ""62c8:015a941b"", ""62cc:0e227293"", ""62d0:22412023"", ""62d4:512b869b""], ""dropped"": null, ""inserted"": null, ""dut_cycle"": 72747}]"
RV64IM_8SP_withoutOpt,RV64IM_5SP,rv64im_s002,aapg,MATCH,25644,0,2,3,0,dut,[],"[{""n"": 15708, ""ref"": [""a18:00a00a93"", ""a1c:8e015483"", ""a20:410c5893"", ""a24:40e4d233"", ""a28:02eb09b3"", ""a2c:030e89bb""], ""dut"": [""a0c:00000097"", ""a10:f2c08093"", ""a18:00a00a93"", ""a1c:8e015483"", ""a20:410c5893"", ""a24:40e4d233""], ""dropped"": 0, ""inserted"": 2, ""dut_cycle"": 38349}]"
RV64IM_8SP_withoutOpt,RV64IM_5SP,rv64im_s003,aapg,MATCH,24680,0,2,4,0,dut,[],"[{""n"": 18859, ""ref"": [""3a60:00a00a13"", ""3a64:9fb14803"", ""3a68:03ce843b"", ""3a6c:00841cbb"", ""3a70:03cee43b"", ""3a74:ee714e03""], ""dut"": [""3a54:00000097"", ""3a58:f9808093"", ""3a60:00a00a13"", ""3a64:9fb14803"", ""3a68:03ce843b"", ""3a6c:00841cbb""], ""dropped"": 0, ""inserted"": 2, ""dut_cycle"": 58379}]"
RV64IM_8SP_withoutOpt,RV64IM_5SP,rv64im_s004,aapg,MATCH,25478,0,1,2,0,dut,[],"[{""n"": 15945, ""ref"": [""ec8:00a00993"", ""ecc:5fb5c417"", ""ed0:023b843b"", ""ed4:02494b3b"", ""ed8:02e70933"", ""edc:0231d433""], ""dut"": [""ebc:00000097"", ""ec0:fac08093"", ""ec8:00a00993"", ""ecc:5fb5c417"", ""ed0:023b843b"", ""ed4:02494b3b""], ""dropped"": 0, ""inserted"": 2, ""dut_cycle"": 40453}]"
RV64IM_8SP_withoutOpt,RV64IM_5SP,rv64im_s005,aapg,TIMEOUT,20499,0,2,2,0,dut,[],"[{""n"": 20383, ""ref"": [""4ec0:00a00d93"", ""4ec4:029af1bb"", ""4ec8:cb942c13"", ""4ecc:09416d03"", ""4ed0:00f79cbb"", ""4ed4:03947233""], ""dut"": [""4eb4:00000097"", ""4eb8:f7c08093"", ""4ec0:00a00d93"", ""4ec4:029af1bb"", ""4ec8:cb942c13"", ""4ecc:09416d03""], ""dropped"": 0, ""inserted"": 2, ""dut_cycle"": 73752}]"
RV64IM_8SP_withoutOpt,RV64IM_5SP,rv64im_s006,aapg,MATCH,25416,0,0,0,0,dut,[],[]
RV64IM_8SP_withoutOpt,RV64IM_5SP,rv64im_s007,aapg,TIMEOUT,15909,0,1,0,0,dut,[],"[{""n"": 15909, ""ref"": [""cc4:00a00e13"", ""cc8:86600993"", ""ccc:034077bb"", ""cd0:037d083b"", ""cd4:708c5017"", ""cd8:00406233""], ""dut"": [""cc0:f8dff06f"", ""c4c:02eb32b3"", ""c50:10000117"", ""c54:bb010113"", ""c58:00001337"", ""c5c:6283031b""], ""dropped"": null, ""inserted"": null, ""dut_cycle"": 39195}]"
RV64IM_8SP_withoutOpt,RV64IM_5SP,rv64im_s008,aapg,MATCH,25354,0,1,2,0,dut,[],"[{""n"": 20098, ""ref"": [""4dfc:00a00e13"", ""4e00:03826033"", ""4e04:010c5893"", ""4e08:038c4b3b"", ""4e0c:01874c33"", ""4e10:d0413023""], ""dut"": [""4df0:00000097"", ""4df4:f9808093"", ""4dfc:00a00e13"", ""4e00:03826033"", ""4e04:010c5893"", ""4e08:038c4b3b""], ""dropped"": 0, ""inserted"": 2, ""dut_cycle"": 65267}]"
RV64IM_8SP_withoutOpt,RV64IM_5SP,rv64im_s009,aapg,MATCH,24791,0,1,2,0,dut,[],"[{""n"": 20499, ""ref"": [""55e0:00a00d93"", ""55e4:024d61bb"", ""55e8:0304bb33"", ""55ec:03ad03b3"", ""55f0:00125d13"", ""55f4:03a24433""], ""dut"": [""55d4:00000097"", ""55d8:f6c08093"", ""55e0:00a00d93"", ""55e4:024d61bb"", ""55e8:0304bb33"", ""55ec:03ad03b3""], ""dropped"": 0, ""inserted"": 2, ""dut_cycle"": 67989}]"
RV64IM_8SP_withoutOpt,RV64IM_5SP,rv64im_s010,aapg,TIMEOUT,18839,0,1,0,0,dut,[],"[{""n"": 18839, ""ref"": [""3290:00a00e93"", ""3294:036af4b3"", ""3298:b5a10b83"", ""329c:023d3433"", ""32a0:415b023b"", ""32a4:75012023""], ""dut"": [""328c:f9dff06f"", ""3228:41c887b3"", ""322c:15a166b7"", ""3230:01a57d33"", ""3234:000d5a93"", ""3238:76813483""], ""dropped"": null, ""inserted"": null, ""dut_cycle"": 58942}]"
RV64IM_8SP_withoutOpt,RV64IM_5SP,rv64im_s011,aapg,MATCH,24818,0,2,4,0,dut,[],"[{""n"": 16347, ""ref"": [""1200:00a00b13"", ""1204:031df83b"", ""1208:030accb3"", ""120c:027be4b3"", ""1210:01484033"", ""1214:014a2833""], ""dut"": [""11f4:00000097"", ""11f8:f8c08093"", ""1200:00a00b13"", ""1204:031df83b"", ""1208:030accb3"", ""120c:027be4b3""], ""dropped"": 0, ""inserted"": 2, ""dut_cycle"": 43514}]"
RV64IM_8SP_withoutOpt,RV64IM_5SP,rv64im_s012,aapg,TIMEOUT,23514,0,2,1,0,dut,[],"[{""n"": 20992, ""ref"": [""5cac:02f84b33"", ""5cb0:03d4473b"", ""5cb4:008a2a33"", ""5cb8:03da523b"", ""5cbc:034a7033"", ""5cc0:009a571b""], ""dut"": [""5ca8:00a00d93"", ""5cac:02f84b33"", ""5cb0:03d4473b"", ""5cb4:008a2a33"", ""5cb8:03da523b"", ""5cbc:034a7033""], ""dropped"": 0, ""inserted"": 1, ""dut_cycle"": 71215}]"
RV64IM_8SP_withoutOpt,RV64IM_5SP,rv64im_s013,aapg,MATCH,26084,0,0,0,0,dut,[],[]
RV64IM_8SP_withoutOpt,RV64IM_5SP,rv64im_s014,aapg,TIMEOUT,16325,0,1,0,0,dut,[],"[{""n"": 16325, ""ref"": [""1394:00a00b93"", ""1398:01075213"", ""139c:29a10ca3"", ""13a0:07416d03"", ""13a4:025d5a13"", ""13a8:73416d83""], ""dut"": [""1390:f5dff06f"", ""12ec:b9e10203"", ""12f0:031fe233"", ""12f4:1332081b"", ""12f8:03fa7d3b"", ""12fc:6c211203""], ""dropped"": null, ""inserted"": null, ""dut_cycle"": 41500}]"
RV64IM_8SP_withoutOpt,RV64IM_5SP,rv64im_s015,aapg,MATCH,24734,0,2,3,0,dut,[],"[{""n"": 16246, ""ref"": [""13f8:00a00893"", ""13fc:03d1beb3"", ""1400:41dfd7bb"", ""1404:03697a3b"", ""1408:41e14c83"", ""140c:01a38ebb""], ""dut"": [""13ec:00000097"", ""13f0:f9008093"", ""13f8:00a00893"", ""13fc:03d1beb3"", ""1400:41dfd7bb"", ""1404:03697a3b""], ""dropped"": 0, ""inserted"": 2, ""dut_cycle"": 41431}]"
RV64IM_8SP_withoutOpt,RV64IM_5SP,rv64im_s016,aapg,TIMEOUT,22869,0,2,2,0,dut,[],"[{""n"": 15563, ""ref"": [""7b4:00a00f93"", ""7b8:41a9de3b"", ""7bc:03be893b"", ""7c0:037c703b"", ""7c4:abb10823"", ""7c8:03beedbb""], ""dut"": [""7a8:00000097"", ""7ac:fc008093"", ""7b4:00a00f93"", ""7b8:41a9de3b"", ""7bc:03be893b"", ""7c0:037c703b""], ""dropped"": 0, ""inserted"": 2, ""dut_cycle"": 36718}]"
RV64IM_8SP_withoutOpt,RV64IM_5SP,rv64im_s017,aapg,TIMEOUT,16189,0,1,0,0,dut,[],"[{""n"": 16189, ""ref"": [""135c:00a00c93"", ""1360:00e70dbb"", ""1364:40aa519b"", ""1368:f0011d23"", ""136c:007dfd33"", ""1370:41ad51b3""], ""dut"": [""1358:f51ff06f"", ""12a8:029b78bb"", ""12ac:411d5d3b"", ""12b0:0ffff117"", ""12b4:55010113"", ""12b8:00001337""], ""dropped"": null, ""inserted"": null, ""dut_cycle"": 41227}]"
RV64IM_8SP_withoutOpt,RV64IM_5SP,rv64im_s018,aapg,MATCH,24870,0,0,0,0,dut,[],[]
RV64IM_8SP_withoutOpt,RV64IM_5SP,rv64im_s019,aapg,MATCH,25860,0,1,2,0,dut,[],"[{""n"": 18589, ""ref"": [""2d30:00a00993"", ""2d34:10012203"", ""2d38:0247073b"", ""2d3c:403adb93"", ""2d40:03f8823b"", ""2d44:00a9521b""], ""dut"": [""2d24:00000097"", ""2d28:f6408093"", ""2d30:00a00993"", ""2d34:10012203"", ""2d38:0247073b"", ""2d3c:403adb93""], ""dropped"": 0, ""inserted"": 2, ""dut_cycle"": 58845}]"
RV64IM_8SP_withoutOpt,RV64IM_5SP,rv64im_s020,aapg,TIMEOUT,24730,0,4,6,0,dut,[],"[{""n"": 18887, ""ref"": [""3be0:00a00c13"", ""3be4:00049b13"", ""3be8:029ca4b3"", ""3bec:a20100a3"", ""3bf0:03149813"", ""3bf4:5b511423""], ""dut"": [""3bd4:00000097"", ""3bd8:f7008093"", ""3be0:00a00c13"", ""3be4:00049b13"", ""3be8:029ca4b3"", ""3bec:a20100a3""], ""dropped"": 0, ""inserted"": 2, ""dut_cycle"": 58865}]"
RV64IM_8SP_withoutOpt,RV64IM_5SP,sglib-combined,workload,,2989564,0,1,1,14,stop-marker,[],"[{""n"": 97781, ""ref"": [""1d8:b02027f3"", ""1ec:10002697"", ""1f0:06c6b683"", ""1f4:40d70733"", ""1f8:10002697"", ""1fc:06e6b823""], ""dut"": [""1c0:00008067"", ""23c:6c5000ef"", ""1100:00100593"", ""1104:01f00513"", ""1108:9b1ff06f"", ""ab8:8f010113""], ""dropped"": 14, ""inserted"": 1, ""dut_cycle"": 268968}]"
RV64IM_8SP,RV64IM_5SP,dhrystone_rv64im_1000it,workload,,392910,0,0,0,0,stop-marker,[],[]
RV64IM_8SP_withoutOpt,RV64IM_5SP,statemate,workload,,3301274,0,1,1,14,stop-marker,[],"[{""n"": 1215, ""ref"": [""274:b02027f3"", ""288:10000697"", ""28c:de06b683"", ""290:40d70733"", ""294:10000697"", ""298:dee6b223""], ""dut"": [""25c:00008067"", ""2d8:768010ef"", ""1a40:00001537"", ""1a44:ff010113"", ""1a48:d0250513"", ""1a4c:00100593""], ""dropped"": 14, ""inserted"": 1, ""dut_cycle"": 2663}]"
RV64IM_8SP_withoutOpt,RV64IM_5SP,ud,workload,,3129169,0,1,1,14,stop-marker,[],"[{""n"": 3607, ""ref"": [""1c8:b02027f3"", ""1dc:10001697"", ""1e0:c0c6b683"", ""1e4:40d70733"", ""1e8:10001697"", ""1ec:c0e6b823""], ""dut"": [""1b0:00008067"", ""22c:3f4000ef"", ""620:00100593"", ""624:6f900513"", ""628:efdff06f"", ""524:fd010113""], ""dropped"": 14, ""inserted"": 1, ""dut_cycle"": 9811}]"
RV64IM_8SP,RV64IM_5SP,aha-mont64,workload,,2129609,0,1,1,14,stop-marker,[],"[{""n"": 4628, ""ref"": [""1c8:b02027f3"", ""1dc:10000697"", ""1e0:e4c6b683"", ""1e4:40d70733"", ""1e8:10000697"", ""1ec:e4e6b823""], ""dut"": [""1b0:00008067"", ""22c:28c000ef"", ""4b8:00100593"", ""4bc:1d800513"", ""4c0:e61ff06f"", ""320:f9010113""], ""dropped"": 14, ""inserted"": 1, ""dut_cycle"": 9377}]"
RV64IM_8SP,RV64IM_5SP,coremark_rv64im_10it,workload,,3329456,0,1,1,2,stop-marker,[],"[{""n"": 11188, ""ref"": [""3ae0:80f1a823"", ""3ae4:00008067"", ""1104:00090513"", ""1108:c0dff0ef"", ""d14:fd010113"", ""d18:01413023""], ""dut"": [""3ad8:00008067"", ""1104:00090513"", ""1108:c0dff0ef"", ""d14:fd010113"", ""d18:01413023"", ""d1c:02c52a03""], ""dropped"": 2, ""inserted"": 1, ""dut_cycle"": 25777}]"
RV64IM_8SP,RV64IM_5SP,crc32,workload,,4208422,0,1,1,14,stop-marker,[],"[{""n"": 24701, ""ref"": [""1cc:b02027f3"", ""1e0:10000697"", ""1e4:e486b683"", ""1e8:40d70733"", ""1ec:10000697"", ""1f0:e4e6b623""], ""dut"": [""1b4:00008067"", ""230:154000ef"", ""384:00100593"", ""388:0aa00513"", ""38c:f7dff06f"", ""308:fd010113""], ""dropped"": 14, ""inserted"": 1, ""dut_cycle"": 54626}]"
RV64IM_8SP,RV64IM_5SP,edn,workload,,3594518,0,1,1,14,stop-marker,[],"[{""n"": 45135, ""ref"": [""1d8:b02027f3"", ""1ec:10000697"", ""1f0:79c6b683"", ""1f4:40d70733"", ""1f8:10000697"", ""1fc:7ae6b023""], ""dut"": [""1c0:00008067"", ""23c:720000ef"", ""95c:ff010113"", ""960:05100513"", ""964:00100593"", ""968:00113423""], ""dropped"": 14, ""inserted"": 1, ""dut_cycle"": 95853}]"
RV64IM_8SP,RV64IM_5SP,matmult-int,workload,,3114742,0,1,1,14,stop-marker,[],"[{""n"": 98415, ""ref"": [""1cc:b02027f3"", ""1e0:10004697"", ""1e4:cc86b683"", ""1e8:40d70733"", ""1ec:10004697"", ""1f0:cce6b623""], ""dut"": [""1b4:00008067"", ""230:164000ef"", ""394:ff010113"", ""398:02700513"", ""39c:00100593"", ""3a0:00113423""], ""dropped"": 14, ""inserted"": 1, ""dut_cycle"": 231435}]"
RV64IM_8SP_withoutOpt,RV64IM_5SP,xgboost,workload,,6497777,0,1,1,14,stop-marker,[],"[{""n"": 3248921, ""ref"": [""1cc:b02027f3"", ""1e0:10000697"", ""1e4:e486b683"", ""1e8:40d70733"", ""1ec:10000697"", ""1f0:e4e6b623""], ""dut"": [""1b4:00008067"", ""230:0d8000ef"", ""308:00100513"", ""30c:f49ff06f"", ""254:fb010113"", ""258:04813023""], ""dropped"": 14, ""inserted"": 1, ""dut_cycle"": 7493062}]"
RV64IM_8SP,RV64IM_5SP,md5sum,workload,,2585754,0,1,1,14,stop-marker,[],"[{""n"": 40230, ""ref"": [""1d8:b02027f3"", ""1ec:10001697"", ""1f0:a446b683"", ""1f4:40d70733"", ""1f8:10001697"", ""1fc:a4e6b423""], ""dut"": [""1c0:00008067"", ""23c:460000ef"", ""69c:00100593"", ""6a0:04200513"", ""6a4:f15ff06f"", ""5b8:fc010113""], ""dropped"": 14, ""inserted"": 1, ""dut_cycle"": 85260}]"
RV64IM_8SP,RV64IM_5SP,nsichneu,workload,,2325618,0,1,1,14,stop-marker,[],"[{""n"": 2039, ""ref"": [""1d8:b02027f3"", ""1ec:10000697"", ""1f0:eb46b683"", ""1f4:40d70733"", ""1f8:10000697"", ""1fc:eae6bc23""], ""dut"": [""1c0:00008067"", ""23c:321050ef"", ""5d5c:ff010113"", ""5d60:4d000513"", ""5d64:00100593"", ""5d68:00113423""], ""dropped"": 14, ""inserted"": 1, ""dut_cycle"": 4613}]"
RV64IM_8SP_withoutOpt,RV64IM_5SP,depthconv,workload,,18152178,0,1,1,14,stop-marker,[],"[{""n"": 11706, ""ref"": [""1c8:b02027f3"", ""1dc:10000697"", ""1e0:16c6b683"", ""1e4:40d70733"", ""1e8:10000697"", ""1ec:16e6b823""], ""dut"": [""1b0:00008067"", ""22c:340000ef"", ""56c:ff010113"", ""570:66700513"", ""574:00113423"", ""578:fb5ff0ef""], ""dropped"": 14, ""inserted"": 1, ""dut_cycle"": 29369}]"
RV64IM_8SP,RV64IM_5SP,nettle-aes,workload,,4934886,0,1,1,14,stop-marker,[],"[{""n"": 65079, ""ref"": [""1d8:b02027f3"", ""1ec:10000697"", ""1f0:44c6b683"", ""1f4:40d70733"", ""1f8:10000697"", ""1fc:44e6b823""], ""dut"": [""1c0:00008067"", ""23c:6c5000ef"", ""1100:ff010113"", ""1104:04c00513"", ""1108:00100593"", ""110c:00113423""], ""dropped"": 14, ""inserted"": 1, ""dut_cycle"": 87750}]"
RV64IM_8SP,RV64IM_5SP,nettle-sha256,workload,,4569506,0,1,1,14,stop-marker,[],"[{""n"": 8286, ""ref"": [""1d8:b02027f3"", ""1ec:10000697"", ""1f0:eb46b683"", ""1f4:40d70733"", ""1f8:10000697"", ""1fc:eae6bc23""], ""dut"": [""1c0:00008067"", ""23c:1d1010ef"", ""1c0c:ff010113"", ""1c10:23200513"", ""1c14:00100593"", ""1c18:00113423""], ""dropped"": 14, ""inserted"": 1, ""dut_cycle"": 12878}]"
RV64IM_8SP,RV64IM_5SP,tarfind,workload,,1076815,0,1,1,14,stop-marker,[],"[{""n"": 27428, ""ref"": [""1c8:b02027f3"", ""1dc:10002697"", ""1e0:1746b683"", ""1e4:40d70733"", ""1e8:10002697"", ""1ec:16e6bc23""], ""dut"": [""1b0:00008067"", ""22c:298000ef"", ""4c4:00100593"", ""4c8:02e00513"", ""4cc:e4dff06f"", ""318:f9010113""], ""dropped"": 14, ""inserted"": 1, ""dut_cycle"": 93920}]"
RV64IM_8SP,RV64IM_5SP,qrduino,workload,,3795988,0,1,1,14,stop-marker,[],"[{""n"": 636194, ""ref"": [""1d8:b02027f3"", ""1ec:10002697"", ""1f0:e3c6b683"", ""1f4:40d70733"", ""1f8:10002697"", ""1fc:e4e6b023""], ""dut"": [""1c0:00008067"", ""23c:320020ef"", ""255c:ff010113"", ""2560:00500513"", ""2564:00100593"", ""2568:00113423""], ""dropped"": 14, ""inserted"": 1, ""dut_cycle"": 1511940}]"
RV64IM_8SP,RV64IM_5SP,picojpeg,workload,,4336748,0,1,1,14,stop-marker,[],"[{""n"": 723892, ""ref"": [""1d8:b02027f3"", ""1ec:10000697"", ""1f0:7546b683"", ""1f4:40d70733"", ""1f8:10000697"", ""1fc:74e6bc23""], ""dut"": [""1c0:00008067"", ""23c:551020ef"", ""2f8c:ff010113"", ""2f90:00500513"", ""2f94:00100593"", ""2f98:00113423""], ""dropped"": 14, ""inserted"": 1, ""dut_cycle"": 1597714}]"
RV64IM_8SP,RV64IM_5SP,rv64im_s001,aapg,TIMEOUT,21661,0,1,0,0,dut,[],"[{""n"": 21661, ""ref"": [""6390:00a00913"", ""6394:016ada93"", ""6398:00742eb3"", ""639c:41d10ba3"", ""63a0:01ff9abb"", ""63a4:77b11d23""], ""dut"": [""638c:f39ff06f"", ""62c4:18813a83"", ""62c8:015a941b"", ""62cc:0e227293"", ""62d0:22412023"", ""62d4:512b869b""], ""dropped"": null, ""inserted"": null, ""dut_cycle"": 73383}]"
RV64IM_8SP,RV64IM_5SP,rv64im_s002,aapg,MATCH,25644,0,2,3,0,dut,[],"[{""n"": 15708, ""ref"": [""a18:00a00a93"", ""a1c:8e015483"", ""a20:410c5893"", ""a24:40e4d233"", ""a28:02eb09b3"", ""a2c:030e89bb""], ""dut"": [""a0c:00000097"", ""a10:f2c08093"", ""a18:00a00a93"", ""a1c:8e015483"", ""a20:410c5893"", ""a24:40e4d233""], ""dropped"": 0, ""inserted"": 2, ""dut_cycle"": 40588}]"
RV64IM_8SP,RV64IM_5SP,rv64im_s003,aapg,MATCH,24680,0,2,4,0,dut,[],"[{""n"": 18859, ""ref"": [""3a60:00a00a13"", ""3a64:9fb14803"", ""3a68:03ce843b"", ""3a6c:00841cbb"", ""3a70:03cee43b"", ""3a74:ee714e03""], ""dut"": [""3a54:00000097"", ""3a58:f9808093"", ""3a60:00a00a13"", ""3a64:9fb14803"", ""3a68:03ce843b"", ""3a6c:00841cbb""], ""dropped"": 0, ""inserted"": 2, ""dut_cycle"": 59474}]"
RV64IM_8SP,RV64IM_5SP,rv64im_s004,aapg,MATCH,25478,0,1,2,0,dut,[],"[{""n"": 15945, ""ref"": [""ec8:00a00993"", ""ecc:5fb5c417"", ""ed0:023b843b"", ""ed4:02494b3b"", ""ed8:02e70933"", ""edc:0231d433""], ""dut"": [""ebc:00000097"", ""ec0:fac08093"", ""ec8:00a00993"", ""ecc:5fb5c417"", ""ed0:023b843b"", ""ed4:02494b3b""], ""dropped"": 0, ""inserted"": 2, ""dut_cycle"": 42770}]"
RV64IM_8SP,RV64IM_5SP,rv64im_s005,aapg,TIMEOUT,20499,0,2,2,0,dut,[],"[{""n"": 20383, ""ref"": [""4ec0:00a00d93"", ""4ec4:029af1bb"", ""4ec8:cb942c13"", ""4ecc:09416d03"", ""4ed0:00f79cbb"", ""4ed4:03947233""], ""dut"": [""4eb4:00000097"", ""4eb8:f7c08093"", ""4ec0:00a00d93"", ""4ec4:029af1bb"", ""4ec8:cb942c13"", ""4ecc:09416d03""], ""dropped"": 0, ""inserted"": 2, ""dut_cycle"": 73601}]"
RV64IM_8SP,RV64IM_5SP,rv64im_s006,aapg,MATCH,25416,0,0,0,0,dut,[],[]
RV64IM_8SP,RV64IM_5SP,rv64im_s007,aapg,TIMEOUT,15909,0,1,0,0,dut,[],"[{""n"": 15909, ""ref"": [""cc4:00a00e13"", ""cc8:86600993"", ""ccc:034077bb"", ""cd0:037d083b"", ""cd4:708c5017"", ""cd8:00406233""], ""dut"": [""cc0:f8dff06f"", ""c4c:02eb32b3"", ""c50:10000117"", ""c54:bb010113"", ""c58:00001337"", ""c5c:6283031b""], ""dropped"": null, ""inserted"": null, ""dut_cycle"": 41635}]"
RV64IM_8SP,RV64IM_5SP,rv64im_s008,aapg,MATCH,25354,0,1,2,0,dut,[],"[{""n"": 20098, ""ref"": [""4dfc:00a00e13"", ""4e00:03826033"", ""4e04:010c5893"", ""4e08:038c4b3b"", ""4e0c:01874c33"", ""4e10:d0413023""], ""dut"": [""4df0:00000097"", ""4df4:f9808093"", ""4dfc:00a00e13"", ""4e00:03826033"", ""4e04:010c5893"", ""4e08:038c4b3b""], ""dropped"": 0, ""inserted"": 2, ""dut_cycle"": 66317}]"
RV64IM_8SP,RV64IM_5SP,rv64im_s009,aapg,MATCH,24791,0,1,2,0,dut,[],"[{""n"": 20499, ""ref"": [""55e0:00a00d93"", ""55e4:024d61bb"", ""55e8:0304bb33"", ""55ec:03ad03b3"", ""55f0:00125d13"", ""55f4:03a24433""], ""dut"": [""55d4:00000097"", ""55d8:f6c08093"", ""55e0:00a00d93"", ""55e4:024d61bb"", ""55e8:0304bb33"", ""55ec:03ad03b3""], ""dropped"": 0, ""inserted"": 2, ""dut_cycle"": 68509}]"
RV64IM_8SP,RV64IM_5SP,sglib-combined,workload,,2989564,0,1,1,14,stop-marker,[],"[{""n"": 97781, ""ref"": [""1d8:b02027f3"", ""1ec:10002697"", ""1f0:06c6b683"", ""1f4:40d70733"", ""1f8:10002697"", ""1fc:06e6b823""], ""dut"": [""1c0:00008067"", ""23c:6c5000ef"", ""1100:00100593"", ""1104:01f00513"", ""1108:9b1ff06f"", ""ab8:8f010113""], ""dropped"": 14, ""inserted"": 1, ""dut_cycle"": 277531}]"
RV64IM_8SP,RV64IM_5SP,rv64im_s010,aapg,TIMEOUT,18839,0,1,0,0,dut,[],"[{""n"": 18839, ""ref"": [""3290:00a00e93"", ""3294:036af4b3"", ""3298:b5a10b83"", ""329c:023d3433"", ""32a0:415b023b"", ""32a4:75012023""], ""dut"": [""328c:f9dff06f"", ""3228:41c887b3"", ""322c:15a166b7"", ""3230:01a57d33"", ""3234:000d5a93"", ""3238:76813483""], ""dropped"": null, ""inserted"": null, ""dut_cycle"": 60198}]"
RV64IM_8SP,RV64IM_5SP,rv64im_s011,aapg,MATCH,24818,0,2,4,0,dut,[],"[{""n"": 16347, ""ref"": [""1200:00a00b13"", ""1204:031df83b"", ""1208:030accb3"", ""120c:027be4b3"", ""1210:01484033"", ""1214:014a2833""], ""dut"": [""11f4:00000097"", ""11f8:f8c08093"", ""1200:00a00b13"", ""1204:031df83b"", ""1208:030accb3"", ""120c:027be4b3""], ""dropped"": 0, ""inserted"": 2, ""dut_cycle"": 45806}]"
RV64IM_8SP,RV64IM_5SP,rv64im_s012,aapg,TIMEOUT,23514,0,2,1,0,dut,[],"[{""n"": 20992, ""ref"": [""5cac:02f84b33"", ""5cb0:03d4473b"", ""5cb4:008a2a33"", ""5cb8:03da523b"", ""5cbc:034a7033"", ""5cc0:009a571b""], ""dut"": [""5ca8:00a00d93"", ""5cac:02f84b33"", ""5cb0:03d4473b"", ""5cb4:008a2a33"", ""5cb8:03da523b"", ""5cbc:034a7033""], ""dropped"": 0, ""inserted"": 1, ""dut_cycle"": 72101}]"
RV64IM_8SP,RV64IM_5SP,rv64im_s014,aapg,TIMEOUT,16325,0,1,0,0,dut,[],"[{""n"": 16325, ""ref"": [""1394:00a00b93"", ""1398:01075213"", ""139c:29a10ca3"", ""13a0:07416d03"", ""13a4:025d5a13"", ""13a8:73416d83""], ""dut"": [""1390:f5dff06f"", ""12ec:b9e10203"", ""12f0:031fe233"", ""12f4:1332081b"", ""12f8:03fa7d3b"", ""12fc:6c211203""], ""dropped"": null, ""inserted"": null, ""dut_cycle"": 43782}]"
RV64IM_8SP,RV64IM_5SP,rv64im_s013,aapg,MATCH,26084,0,0,0,0,dut,[],[]
RV64IM_8SP,RV64IM_5SP,rv64im_s016,aapg,TIMEOUT,22869,0,2,2,0,dut,[],"[{""n"": 15563, ""ref"": [""7b4:00a00f93"", ""7b8:41a9de3b"", ""7bc:03be893b"", ""7c0:037c703b"", ""7c4:abb10823"", ""7c8:03beedbb""], ""dut"": [""7a8:00000097"", ""7ac:fc008093"", ""7b4:00a00f93"", ""7b8:41a9de3b"", ""7bc:03be893b"", ""7c0:037c703b""], ""dropped"": 0, ""inserted"": 2, ""dut_cycle"": 39238}]"
RV64IM_8SP,RV64IM_5SP,rv64im_s015,aapg,MATCH,24734,0,2,3,0,dut,[],"[{""n"": 16246, ""ref"": [""13f8:00a00893"", ""13fc:03d1beb3"", ""1400:41dfd7bb"", ""1404:03697a3b"", ""1408:41e14c83"", ""140c:01a38ebb""], ""dut"": [""13ec:00000097"", ""13f0:f9008093"", ""13f8:00a00893"", ""13fc:03d1beb3"", ""1400:41dfd7bb"", ""1404:03697a3b""], ""dropped"": 0, ""inserted"": 2, ""dut_cycle"": 43501}]"
RV64IM_8SP,RV64IM_5SP,rv64im_s017,aapg,TIMEOUT,16189,0,1,0,0,dut,[],"[{""n"": 16189, ""ref"": [""135c:00a00c93"", ""1360:00e70dbb"", ""1364:40aa519b"", ""1368:f0011d23"", ""136c:007dfd33"", ""1370:41ad51b3""], ""dut"": [""1358:f51ff06f"", ""12a8:029b78bb"", ""12ac:411d5d3b"", ""12b0:0ffff117"", ""12b4:55010113"", ""12b8:00001337""], ""dropped"": null, ""inserted"": null, ""dut_cycle"": 43325}]"
RV64IM_8SP,RV64IM_5SP,rv64im_s018,aapg,MATCH,24870,0,0,0,0,dut,[],[]
RV64IM_8SP,RV64IM_5SP,rv64im_s020,aapg,TIMEOUT,24730,0,4,6,0,dut,[],"[{""n"": 18887, ""ref"": [""3be0:00a00c13"", ""3be4:00049b13"", ""3be8:029ca4b3"", ""3bec:a20100a3"", ""3bf0:03149813"", ""3bf4:5b511423""], ""dut"": [""3bd4:00000097"", ""3bd8:f7008093"", ""3be0:00a00c13"", ""3be4:00049b13"", ""3be8:029ca4b3"", ""3bec:a20100a3""], ""dropped"": 0, ""inserted"": 2, ""dut_cycle"": 60078}]"
RV64IM_8SP,RV64IM_5SP,rv64im_s019,aapg,MATCH,25860,0,1,2,0,dut,[],"[{""n"": 18589, ""ref"": [""2d30:00a00993"", ""2d34:10012203"", ""2d38:0247073b"", ""2d3c:403adb93"", ""2d40:03f8823b"", ""2d44:00a9521b""], ""dut"": [""2d24:00000097"", ""2d28:f6408093"", ""2d30:00a00993"", ""2d34:10012203"", ""2d38:0247073b"", ""2d3c:403adb93""], ""dropped"": 0, ""inserted"": 2, ""dut_cycle"": 60020}]"
RV64IM_8SP,RV64IM_5SP,statemate,workload,,3301274,0,1,1,14,stop-marker,[],"[{""n"": 1215, ""ref"": [""274:b02027f3"", ""288:10000697"", ""28c:de06b683"", ""290:40d70733"", ""294:10000697"", ""298:dee6b223""], ""dut"": [""25c:00008067"", ""2d8:768010ef"", ""1a40:00001537"", ""1a44:ff010113"", ""1a48:d0250513"", ""1a4c:00100593""], ""dropped"": 14, ""inserted"": 1, ""dut_cycle"": 2742}]"
RV64IM_8SP,RV64IM_5SP,ud,workload,,3129169,0,1,1,14,stop-marker,[],"[{""n"": 3607, ""ref"": [""1c8:b02027f3"", ""1dc:10001697"", ""1e0:c0c6b683"", ""1e4:40d70733"", ""1e8:10001697"", ""1ec:c0e6b823""], ""dut"": [""1b0:00008067"", ""22c:3f4000ef"", ""620:00100593"", ""624:6f900513"", ""628:efdff06f"", ""524:fd010113""], ""dropped"": 14, ""inserted"": 1, ""dut_cycle"": 10345}]"
RV64IM_8SP,RV64IM_5SP,xgboost,workload,,6497777,0,1,1,14,stop-marker,[],"[{""n"": 3248921, ""ref"": [""1cc:b02027f3"", ""1e0:10000697"", ""1e4:e486b683"", ""1e8:40d70733"", ""1ec:10000697"", ""1f0:e4e6b623""], ""dut"": [""1b4:00008067"", ""230:0d8000ef"", ""308:00100513"", ""30c:f49ff06f"", ""254:fb010113"", ""258:04813023""], ""dropped"": 14, ""inserted"": 1, ""dut_cycle"": 7573694}]"
RV64IM_8SP,RV64IM_5SP,depthconv,workload,,18152178,0,1,1,14,stop-marker,[],"[{""n"": 11706, ""ref"": [""1c8:b02027f3"", ""1dc:10000697"", ""1e0:16c6b683"", ""1e4:40d70733"", ""1e8:10000697"", ""1ec:16e6b823""], ""dut"": [""1b0:00008067"", ""22c:340000ef"", ""56c:ff010113"", ""570:66700513"", ""574:00113423"", ""578:fb5ff0ef""], ""dropped"": 14, ""inserted"": 1, ""dut_cycle"": 30484}]"
