RV32IM_7SP,dhrystone_1000it,0,2000000,capped
RV32IM_7SP,embench_aha-mont64,0,6867262,halted
RV32IM_7SP,coremark_10it,0,8000000,capped
RV32IM_7SP,embench_crc32,0,6666323,halted
RV32IM_7SP,embench_edn,0,6664931,halted
RV32IM_7SP,embench_huffbench_12KBstack,0,5543560,halted
RV32IM_7SP,embench_matmult-int,0,5188577,halted
RV32IM_7SP,embench_nettle-aes,0,5322209,halted
RV32IM_7SP,embench_md5sum,0,4154017,halted
RV32IM_7SP,embench_nsichneu,0,3590635,halted
RV32IM_7SP,embench_nettle-sha256,0,4952525,halted
RV32IM_7SP,embench_sglib-combined,0,6465401,halted
RV32IM_7SP,embench_statemate,0,4389460,halted
RV32IM_7SP,embench_picojpeg,0,7079313,halted
RV32IM_7SP,embench_slre_12KBstack,0,6270355,halted
RV32IM_7SP,embench_qrduino,0,6487955,halted
RV32IM_7SP,embench_tarfind,0,3152686,halted
RV32IM_7SP,mk_alu_independent_I,0,135533,halted
RV32IM_7SP,mk_alu_dependency_chain_I,0,135533,halted
RV32IM_7SP,mk_add_gap0_dep_I,0,135533,halted
RV32IM_7SP,mk_add_gap0_control_I,0,135533,halted
RV32IM_7SP,mk_add_gap1_dep_I,0,135533,halted
RV32IM_7SP,embench_wikisort_12KBstack,0,3572898,halted
RV32IM_7SP,mk_add_gap1_control_I,0,135533,halted
RV32IM_7SP,mk_add_gap2_dep_I,0,135533,halted
RV32IM_7SP,mk_add_gap3_control_I,0,135533,halted
RV32IM_7SP,mk_add_gap2_control_I,0,135533,halted
RV32IM_7SP,mk_add_gap3_dep_I,0,135533,halted
RV32IM_7SP,mk_add_gap4_dep_I,0,135533,halted
RV32IM_7SP,mk_xor_gap0_dep_I,0,135533,halted
RV32IM_7SP,mk_add_gap4_control_I,0,135533,halted
RV32IM_7SP,mk_xor_gap0_control_I,0,135533,halted
RV32IM_7SP,mk_xor_gap1_dep_I,0,135533,halted
RV32IM_7SP,mk_xor_gap1_control_I,0,135533,halted
RV32IM_7SP,mk_xor_gap2_dep_I,0,135533,halted
RV32IM_7SP,mk_xor_gap2_control_I,0,135533,halted
RV32IM_7SP,mk_xor_gap3_dep_I,0,135533,halted
RV32IM_7SP,mk_xor_gap4_dep_I,0,135533,halted
RV32IM_7SP,mk_xor_gap3_control_I,0,135533,halted
RV32IM_7SP,mk_xor_gap4_control_I,0,135533,halted
RV32IM_7SP,mk_load_gap0_dep_I,0,151917,halted
RV32IM_7SP,mk_load_gap0_control_I,0,135533,halted
RV32IM_7SP,mk_load_gap1_dep_I,0,135533,halted
RV32IM_7SP,mk_load_gap2_dep_I,0,135533,halted
RV32IM_7SP,mk_load_gap1_control_I,0,135533,halted
RV32IM_7SP,mk_load_gap2_control_I,0,135533,halted
RV32IM_7SP,mk_load_gap3_dep_I,0,135533,halted
RV32IM_7SP,mk_load_gap4_dep_I,0,135533,halted
RV32IM_7SP,mk_load_gap3_control_I,0,135533,halted
RV32IM_7SP,mk_load_gap4_control_I,0,135533,halted
RV32IM_7SP,mk_memory_load_0_I,0,135533,halted
RV32IM_7SP,embench_ud,0,6920438,halted
RV32IM_7SP,mk_memory_load_25_I,0,135533,halted
RV32IM_7SP,mk_memory_load_75_I,0,135533,halted
RV32IM_7SP,mk_memory_load_50_I,0,135533,halted
RV32IM_7SP,mk_memory_store_0_I,0,135533,halted
RV32IM_7SP,mk_memory_load_100_I,0,135533,halted
RV32IM_7SP,mk_memory_store_25_I,0,135533,halted
RV32IM_7SP,mk_memory_store_75_I,0,135533,halted
RV32IM_7SP,mk_memory_store_100_I,0,135533,halted
RV32IM_7SP,mk_memory_store_50_I,0,135533,halted
RV32IM_7SP,mk_memory_mixed_0_I,0,135533,halted
RV32IM_7SP,mk_memory_mixed_50_I,0,135533,halted
RV32IM_7SP,mk_memory_mixed_25_I,0,135533,halted
RV32IM_7SP,mk_memory_mixed_100_I,0,135533,halted
RV32IM_7SP,mk_memory_mixed_75_I,0,135533,halted
RV32IM_7SP,mk_copy_gap1_I,0,135533,halted
RV32IM_7SP,mk_copy_gap2_I,0,135533,halted
RV32IM_7SP,mk_copy_gap0_I,0,151917,halted
RV32IM_7SP,mk_store_load_same_I,0,135533,halted
RV32IM_7SP,mk_copy_gap4_I,0,135533,halted
RV32IM_7SP,mk_store_load_different_I,0,135533,halted
RV32IM_7SP,mk_branch_nt_gap0_I,0,140747,halted
RV32IM_7SP,mk_branch_taken_gap0_I,0,204209,halted
RV32IM_7SP,mk_branch_nt_gap8_I,0,673227,halted
RV32IM_7SP,mk_branch_alternate_gap0_I,0,337460,halted
RV32IM_7SP,mk_branch_alternate_gap8_I,0,869940,halted
RV32IM_7SP,mk_branch_ttnt_gap0_I,0,270772,halted
RV32IM_7SP,mk_branch_ttnt_gap8_I,0,803252,halted
RV32IM_7SP,mk_branch_taken_gap8_I,0,736689,halted
RV32IM_7SP,mk_jump_jal_I,0,299373,halted
RV32IM_7SP,mk_jump_jalr_I,0,299373,halted
RV32IM_7SP,mk_jump_sequential_I,0,168301,halted
RV32IM_7SP,mk_alu_dependency_chain_IM,0,135533,halted
RV32IM_7SP,mk_mixed_embedded_I,0,154975,halted
RV32IM_7SP,mk_alu_independent_IM,0,135533,halted
RV32IM_7SP,mk_add_gap0_dep_IM,0,135533,halted
RV32IM_7SP,mk_add_gap0_control_IM,0,135533,halted
RV32IM_7SP,mk_add_gap1_dep_IM,0,135533,halted
RV32IM_7SP,mk_add_gap1_control_IM,0,135533,halted
RV32IM_7SP,mk_add_gap2_control_IM,0,135533,halted
RV32IM_7SP,embench_xgboost,0,10751663,halted
RV32IM_7SP,mk_add_gap3_control_IM,0,135533,halted
RV32IM_7SP,mk_add_gap3_dep_IM,0,135533,halted
RV32IM_7SP,mk_add_gap4_dep_IM,0,135533,halted
RV32IM_7SP,mk_add_gap2_dep_IM,0,135533,halted
RV32IM_7SP,mk_xor_gap0_dep_IM,0,135533,halted
RV32IM_7SP,mk_add_gap4_control_IM,0,135533,halted
RV32IM_7SP,mk_xor_gap1_dep_IM,0,135533,halted
RV32IM_7SP,mk_xor_gap0_control_IM,0,135533,halted
RV32IM_7SP,mk_xor_gap1_control_IM,0,135533,halted
RV32IM_7SP,mk_xor_gap2_dep_IM,0,135533,halted
RV32IM_7SP,mk_xor_gap3_control_IM,0,135533,halted
RV32IM_7SP,mk_xor_gap2_control_IM,0,135533,halted
RV32IM_7SP,mk_xor_gap3_dep_IM,0,135533,halted
RV32IM_7SP,mk_xor_gap4_control_IM,0,135533,halted
RV32IM_7SP,mk_xor_gap4_dep_IM,0,135533,halted
RV32IM_7SP,mk_load_gap1_dep_IM,0,135533,halted
RV32IM_7SP,mk_load_gap0_control_IM,0,135533,halted
RV32IM_7SP,mk_load_gap0_dep_IM,0,151917,halted
RV32IM_7SP,mk_load_gap1_control_IM,0,135533,halted
RV32IM_7SP,mk_load_gap3_dep_IM,0,135533,halted
RV32IM_7SP,mk_load_gap2_dep_IM,0,135533,halted
RV32IM_7SP,mk_load_gap2_control_IM,0,135533,halted
RV32IM_7SP,mk_load_gap3_control_IM,0,135533,halted
RV32IM_7SP,mk_load_gap4_control_IM,0,135533,halted
RV32IM_7SP,mk_load_gap4_dep_IM,0,135533,halted
RV32IM_7SP,mk_memory_load_0_IM,0,135533,halted
RV32IM_7SP,mk_memory_load_25_IM,0,135533,halted
RV32IM_7SP,mk_memory_load_50_IM,0,135533,halted
RV32IM_7SP,mk_memory_store_0_IM,0,135533,halted
RV32IM_7SP,mk_memory_load_75_IM,0,135533,halted
RV32IM_7SP,mk_memory_load_100_IM,0,135533,halted
RV32IM_7SP,mk_memory_store_50_IM,0,135533,halted
RV32IM_7SP,mk_memory_store_100_IM,0,135533,halted
RV32IM_7SP,mk_memory_store_25_IM,0,135533,halted
RV32IM_7SP,mk_memory_store_75_IM,0,135533,halted
RV32IM_7SP,mk_memory_mixed_75_IM,0,135533,halted
RV32IM_7SP,mk_memory_mixed_0_IM,0,135533,halted
RV32IM_7SP,mk_memory_mixed_50_IM,0,135533,halted
RV32IM_7SP,mk_memory_mixed_100_IM,0,135533,halted
RV32IM_7SP,mk_memory_mixed_25_IM,0,135533,halted
RV32IM_7SP,mk_copy_gap1_IM,0,135533,halted
RV32IM_7SP,mk_store_load_same_IM,0,135533,halted
RV32IM_7SP,mk_copy_gap4_IM,0,135533,halted
RV32IM_7SP,mk_copy_gap2_IM,0,135533,halted
RV32IM_7SP,mk_store_load_different_IM,0,135533,halted
RV32IM_7SP,mk_copy_gap0_IM,0,151917,halted
RV32IM_7SP,mk_branch_nt_gap0_IM,0,140747,halted
RV32IM_7SP,mk_branch_taken_gap0_IM,0,204209,halted
RV32IM_7SP,mk_branch_nt_gap8_IM,0,673227,halted
RV32IM_7SP,mk_branch_alternate_gap0_IM,0,337460,halted
RV32IM_7SP,embench_depthconv,0,37945005,halted
RV32IM_7SP,mk_branch_ttnt_gap0_IM,0,270772,halted
RV32IM_7SP,mk_jump_sequential_IM,0,168301,halted
RV32IM_7SP,mk_jump_jal_IM,0,299373,halted
RV32IM_7SP,mk_branch_taken_gap8_IM,0,736689,halted
RV32IM_7SP,mk_branch_alternate_gap8_IM,0,869940,halted
RV32IM_7SP,mk_mul_every4_IM,0,266605,halted
RV32IM_7SP,mk_mul_every16_IM,0,168301,halted
RV32IM_7SP,mk_branch_ttnt_gap8_IM,0,803252,halted
RV32IM_7SP,mk_mul_every1_IM,0,659821,halted
RV32IM_7SP,mk_jump_jalr_IM,0,299373,halted
RV32IM_7SP,mk_div_every16_IM,0,430445,halted
RV32IM_7SP,mk_div_every4_IM,0,1315181,halted
RV32IM_7SP,mk_divu_every4_IM,0,1315181,halted
RV32IM_7SP,mk_divu_every16_IM,0,430445,halted
RV32IM_7SP,mk_mul_result_use_IM,0,201069,halted
RV32IM_7SP,mk_rem_every16_IM,0,430445,halted
RV32IM_7SP,mk_corner_mulh_IM,0,86381,halted
RV32IM_7SP,mk_rem_every4_IM,0,1315181,halted
RV32IM_7SP,mk_corner_mulhu_IM,0,86381,halted
RV32IM_7SP,mk_div_result_use_IM,0,725357,halted
RV32IM_7SP,mk_corner_mulhsu_IM,0,86381,halted
RV32IM_7SP,mk_corner_div_IM,0,192877,halted
RV32IM_7SP,mk_corner_rem_IM,0,192877,halted
RV32IM_7SP,mk_corner_remu_IM,0,336237,halted
RV32IM_7SP,mk_corner_divu_IM,0,336237,halted
RV32IM_7SP,mk_mixed_embedded_IM,0,220511,halted
RV32IM_7SP,aapg_rv32im_s002,4,103697,halted
RV32IM_7SP,aapg_rv32im_s003,4,100060,halted
RV32IM_7SP,mk_div_every1_IM,0,4854125,halted
RV32IM_7SP,mk_divu_every1_IM,0,4854125,halted
RV32IM_7SP,mk_rem_every1_IM,0,4854125,halted
RV32IM_7SP,aapg_rv32im_s004,17919,3000000,capped
RV32IM_7SP,aapg_rv32im_s005,45384,3000000,capped
RV32IM_7SP,aapg_rv32im_s008,22879,3000000,capped
RV32IM_7SP,aapg_rv32im_s006,20788,3000000,capped
RV32IM_7SP,aapg_rv32im_s007,15932,3000000,capped
RV32IM_7SP,aapg_rv32im_s012,3,101228,halted
RV32IM_7SP,aapg_rv32im_s001,28103,3000000,capped
RV32IM_7SP,aapg_rv32im_s009,4,3000000,capped
RV32IM_7SP,aapg_rv32im_s011,86250,3000000,capped
RV32IM_7SP,aapg_rv32im_s013,83567,3000000,capped
RV32IM_7SP,aapg_rv32im_s015,19192,3000000,capped
RV32IM_7SP,aapg_rv32im_s014,30766,3000000,capped
RV32IM_7SP,aapg_rv32im_s019,4,100158,halted
RV32IM_7SP,aapg_rv32im_s020,2,100070,halted
RV32IM_7SP,aapg_rv32im_s016,39477,3000000,capped
RV32IM_7SP,aapg_rv32im_s010,62556,3000000,capped
RV32IM_7SP,aapg_rv32im_s017,27692,3000000,capped
RV32IM_7SP_BRAM,dhrystone_1000it,0,2000000,capped
RV32IM_7SP,aapg_rv32im_s018,18487,3000000,capped
RV32IM_7SP_BRAM,embench_aha-mont64,0,6938753,halted
RV32IM_7SP_BRAM,embench_edn,0,6803660,halted
RV32IM_7SP_BRAM,embench_crc32,0,6842502,halted
RV32IM_7SP_BRAM,embench_matmult-int,0,5604146,halted
RV32IM_7SP_BRAM,embench_md5sum,0,4267465,halted
RV32IM_7SP_BRAM,coremark_10it,0,8000000,capped
RV32IM_7SP_BRAM,embench_huffbench_12KBstack,0,5743857,halted
RV32IM_7SP_BRAM,embench_nettle-aes,0,5452309,halted
RV32IM_7SP_BRAM,embench_nettle-sha256,0,5088820,halted
RV32IM_7SP_BRAM,embench_nsichneu,0,3594414,halted
RV32IM_7SP_BRAM,embench_picojpeg,0,7590510,halted
RV32IM_7SP_BRAM,embench_qrduino,0,6572601,halted
RV32IM_7SP_BRAM,embench_sglib-combined,0,6807593,halted
RV32IM_7SP_BRAM,embench_statemate,0,5238994,halted
RV32IM_7SP_BRAM,embench_wikisort_12KBstack,0,3826791,halted
RV32IM_7SP_BRAM,embench_slre_12KBstack,0,6615375,halted
RV32IM_7SP_BRAM,mk_alu_independent_I,0,135597,halted
RV32IM_7SP_BRAM,mk_alu_dependency_chain_I,0,135597,halted
RV32IM_7SP_BRAM,mk_add_gap0_dep_I,0,135597,halted
RV32IM_7SP_BRAM,mk_add_gap0_control_I,0,135597,halted
RV32IM_7SP_BRAM,mk_add_gap1_dep_I,0,135597,halted
RV32IM_7SP_BRAM,mk_add_gap1_control_I,0,135597,halted
RV32IM_7SP_BRAM,mk_add_gap2_dep_I,0,135597,halted
RV32IM_7SP_BRAM,mk_add_gap2_control_I,0,135597,halted
RV32IM_7SP_BRAM,mk_add_gap3_dep_I,0,135597,halted
RV32IM_7SP_BRAM,embench_tarfind,0,3360339,halted
RV32IM_7SP_BRAM,mk_add_gap4_dep_I,0,135597,halted
RV32IM_7SP_BRAM,mk_add_gap4_control_I,0,135597,halted
RV32IM_7SP_BRAM,mk_add_gap3_control_I,0,135597,halted
RV32IM_7SP_BRAM,mk_xor_gap0_dep_I,0,135597,halted
RV32IM_7SP_BRAM,mk_xor_gap1_dep_I,0,135597,halted
RV32IM_7SP_BRAM,mk_xor_gap0_control_I,0,135597,halted
RV32IM_7SP_BRAM,mk_xor_gap2_control_I,0,135597,halted
RV32IM_7SP_BRAM,mk_xor_gap1_control_I,0,135597,halted
RV32IM_7SP_BRAM,mk_xor_gap2_dep_I,0,135597,halted
RV32IM_7SP_BRAM,mk_xor_gap3_dep_I,0,135597,halted
RV32IM_7SP_BRAM,mk_xor_gap3_control_I,0,135597,halted
RV32IM_7SP_BRAM,mk_xor_gap4_control_I,0,135597,halted
RV32IM_7SP_BRAM,mk_xor_gap4_dep_I,0,135597,halted
RV32IM_7SP_BRAM,mk_load_gap0_control_I,0,135597,halted
RV32IM_7SP_BRAM,mk_load_gap0_dep_I,0,151981,halted
RV32IM_7SP_BRAM,mk_load_gap1_dep_I,0,135597,halted
RV32IM_7SP_BRAM,mk_load_gap1_control_I,0,135597,halted
RV32IM_7SP_BRAM,mk_load_gap2_dep_I,0,135597,halted
RV32IM_7SP_BRAM,mk_load_gap3_dep_I,0,135597,halted
RV32IM_7SP_BRAM,embench_ud,0,7076306,halted
RV32IM_7SP_BRAM,mk_load_gap2_control_I,0,135597,halted
RV32IM_7SP_BRAM,mk_load_gap4_dep_I,0,135597,halted
RV32IM_7SP_BRAM,mk_load_gap4_control_I,0,135597,halted
RV32IM_7SP_BRAM,mk_load_gap3_control_I,0,135597,halted
RV32IM_7SP_BRAM,mk_memory_load_0_I,0,135597,halted
RV32IM_7SP_BRAM,mk_memory_load_25_I,0,135597,halted
RV32IM_7SP_BRAM,mk_memory_load_50_I,0,135597,halted
RV32IM_7SP_BRAM,mk_memory_load_100_I,0,135597,halted
RV32IM_7SP_BRAM,mk_memory_store_0_I,0,135597,halted
RV32IM_7SP_BRAM,mk_memory_load_75_I,0,135597,halted
RV32IM_7SP_BRAM,mk_memory_store_25_I,0,168365,halted
RV32IM_7SP_BRAM,mk_memory_store_50_I,0,201133,halted
RV32IM_7SP_BRAM,mk_memory_store_100_I,0,266669,halted
RV32IM_7SP_BRAM,mk_memory_store_75_I,0,233901,halted
RV32IM_7SP_BRAM,mk_memory_mixed_0_I,0,135597,halted
RV32IM_7SP_BRAM,mk_memory_mixed_25_I,0,135597,halted
RV32IM_7SP_BRAM,mk_memory_mixed_75_I,0,168365,halted
RV32IM_7SP_BRAM,mk_memory_mixed_50_I,0,168365,halted
RV32IM_7SP_BRAM,mk_copy_gap0_I,0,168365,halted
RV32IM_7SP_BRAM,mk_memory_mixed_100_I,0,201133,halted
RV32IM_7SP_BRAM,mk_copy_gap1_I,0,151981,halted
RV32IM_7SP_BRAM,mk_copy_gap2_I,0,151981,halted
RV32IM_7SP_BRAM,mk_copy_gap4_I,0,151981,halted
RV32IM_7SP_BRAM,mk_branch_nt_gap0_I,0,140811,halted
RV32IM_7SP_BRAM,mk_store_load_same_I,0,151981,halted
RV32IM_7SP_BRAM,mk_store_load_different_I,0,151981,halted
RV32IM_7SP_BRAM,mk_branch_taken_gap0_I,0,204273,halted
RV32IM_7SP_BRAM,mk_branch_nt_gap8_I,0,673291,halted
RV32IM_7SP_BRAM,mk_branch_taken_gap8_I,0,736753,halted
RV32IM_7SP_BRAM,mk_branch_alternate_gap0_I,0,337524,halted
RV32IM_7SP_BRAM,mk_branch_ttnt_gap0_I,0,270836,halted
RV32IM_7SP_BRAM,embench_xgboost,0,10856656,halted
RV32IM_7SP_BRAM,mk_jump_jal_I,0,299437,halted
RV32IM_7SP_BRAM,mk_jump_jalr_I,0,299437,halted
RV32IM_7SP_BRAM,mk_branch_alternate_gap8_I,0,870004,halted
RV32IM_7SP_BRAM,mk_jump_sequential_I,0,168365,halted
RV32IM_7SP_BRAM,mk_alu_dependency_chain_IM,0,135597,halted
RV32IM_7SP_BRAM,mk_alu_independent_IM,0,135597,halted
RV32IM_7SP_BRAM,mk_mixed_embedded_I,0,171423,halted
RV32IM_7SP_BRAM,mk_add_gap0_control_IM,0,135597,halted
RV32IM_7SP_BRAM,mk_add_gap0_dep_IM,0,135597,halted
RV32IM_7SP_BRAM,mk_branch_ttnt_gap8_I,0,803316,halted
RV32IM_7SP_BRAM,mk_add_gap1_dep_IM,0,135597,halted
RV32IM_7SP_BRAM,mk_add_gap1_control_IM,0,135597,halted
RV32IM_7SP_BRAM,mk_add_gap2_dep_IM,0,135597,halted
RV32IM_7SP_BRAM,mk_add_gap3_dep_IM,0,135597,halted
RV32IM_7SP_BRAM,mk_add_gap2_control_IM,0,135597,halted
RV32IM_7SP_BRAM,mk_add_gap3_control_IM,0,135597,halted
RV32IM_7SP_BRAM,mk_add_gap4_dep_IM,0,135597,halted
RV32IM_7SP_BRAM,mk_xor_gap0_dep_IM,0,135597,halted
RV32IM_7SP_BRAM,mk_add_gap4_control_IM,0,135597,halted
RV32IM_7SP_BRAM,mk_xor_gap1_dep_IM,0,135597,halted
RV32IM_7SP_BRAM,mk_xor_gap0_control_IM,0,135597,halted
RV32IM_7SP_BRAM,mk_xor_gap1_control_IM,0,135597,halted
RV32IM_7SP_BRAM,mk_xor_gap2_control_IM,0,135597,halted
RV32IM_7SP_BRAM,mk_xor_gap3_control_IM,0,135597,halted
RV32IM_7SP_BRAM,mk_xor_gap2_dep_IM,0,135597,halted
RV32IM_7SP_BRAM,mk_xor_gap4_dep_IM,0,135597,halted
RV32IM_7SP_BRAM,mk_xor_gap3_dep_IM,0,135597,halted
RV32IM_7SP_BRAM,mk_load_gap0_control_IM,0,135597,halted
RV32IM_7SP_BRAM,mk_xor_gap4_control_IM,0,135597,halted
RV32IM_7SP_BRAM,mk_load_gap1_control_IM,0,135597,halted
RV32IM_7SP_BRAM,mk_load_gap1_dep_IM,0,135597,halted
RV32IM_7SP_BRAM,mk_load_gap0_dep_IM,0,151981,halted
RV32IM_7SP_BRAM,mk_load_gap2_control_IM,0,135597,halted
RV32IM_7SP_BRAM,mk_load_gap4_dep_IM,0,135597,halted
RV32IM_7SP_BRAM,mk_load_gap3_control_IM,0,135597,halted
RV32IM_7SP_BRAM,mk_load_gap2_dep_IM,0,135597,halted
RV32IM_7SP_BRAM,mk_load_gap3_dep_IM,0,135597,halted
RV32IM_7SP_BRAM,mk_load_gap4_control_IM,0,135597,halted
RV32IM_7SP_BRAM,mk_memory_load_25_IM,0,135597,halted
RV32IM_7SP_BRAM,mk_memory_load_50_IM,0,135597,halted
RV32IM_7SP_BRAM,mk_memory_load_75_IM,0,135597,halted
RV32IM_7SP_BRAM,mk_memory_load_100_IM,0,135597,halted
RV32IM_7SP_BRAM,mk_memory_load_0_IM,0,135597,halted
RV32IM_7SP_BRAM,mk_memory_store_0_IM,0,135597,halted
RV32IM_7SP_BRAM,mk_memory_store_25_IM,0,168365,halted
RV32IM_7SP_BRAM,mk_memory_store_50_IM,0,201133,halted
RV32IM_7SP_BRAM,mk_memory_mixed_0_IM,0,135597,halted
RV32IM_7SP_BRAM,mk_memory_store_75_IM,0,233901,halted
RV32IM_7SP_BRAM,mk_memory_store_100_IM,0,266669,halted
RV32IM_7SP_BRAM,mk_memory_mixed_50_IM,0,168365,halted
RV32IM_7SP_BRAM,mk_memory_mixed_25_IM,0,135597,halted
RV32IM_7SP_BRAM,mk_memory_mixed_75_IM,0,168365,halted
RV32IM_7SP_BRAM,mk_copy_gap1_IM,0,151981,halted
RV32IM_7SP_BRAM,mk_copy_gap0_IM,0,168365,halted
RV32IM_7SP_BRAM,mk_memory_mixed_100_IM,0,201133,halted
RV32IM_7SP_BRAM,mk_copy_gap4_IM,0,151981,halted
RV32IM_7SP_BRAM,mk_copy_gap2_IM,0,151981,halted
RV32IM_7SP_BRAM,mk_store_load_different_IM,0,151981,halted
RV32IM_7SP_BRAM,mk_store_load_same_IM,0,151981,halted
RV32IM_7SP_BRAM,mk_branch_taken_gap0_IM,0,204273,halted
RV32IM_7SP_BRAM,mk_branch_nt_gap0_IM,0,140811,halted
RV32IM_7SP_BRAM,mk_branch_nt_gap8_IM,0,673291,halted
RV32IM_7SP_BRAM,mk_branch_ttnt_gap0_IM,0,270836,halted
RV32IM_7SP_BRAM,mk_branch_taken_gap8_IM,0,736753,halted
RV32IM_7SP_BRAM,mk_branch_alternate_gap0_IM,0,337524,halted
RV32IM_7SP_BRAM,mk_jump_sequential_IM,0,168365,halted
RV32IM_7SP_BRAM,mk_branch_ttnt_gap8_IM,0,803316,halted
RV32IM_7SP_BRAM,mk_jump_jalr_IM,0,299437,halted
RV32IM_7SP_BRAM,mk_branch_alternate_gap8_IM,0,870004,halted
RV32IM_7SP_BRAM,mk_jump_jal_IM,0,299437,halted
RV32IM_7SP_BRAM,mk_mul_every1_IM,0,659885,halted
RV32IM_7SP_BRAM,mk_mul_every16_IM,0,168365,halted
RV32IM_7SP_BRAM,mk_mul_every4_IM,0,266669,halted
RV32IM_7SP_BRAM,mk_div_every4_IM,0,1315245,halted
RV32IM_7SP_BRAM,mk_div_every16_IM,0,430509,halted
RV32IM_7SP_BRAM,mk_divu_every16_IM,0,430509,halted
RV32IM_7SP_BRAM,mk_divu_every4_IM,0,1315245,halted
RV32IM_7SP_BRAM,mk_rem_every4_IM,0,1315245,halted
RV32IM_7SP_BRAM,embench_depthconv,0,39076849,halted
RV32IM_7SP_BRAM,mk_mul_result_use_IM,0,201133,halted
RV32IM_7SP_BRAM,mk_corner_mulh_IM,0,86445,halted
RV32IM_7SP_BRAM,mk_rem_every16_IM,0,430509,halted
RV32IM_7SP_BRAM,mk_corner_mulhu_IM,0,86445,halted
RV32IM_7SP_BRAM,mk_divu_every1_IM,0,4854189,halted
RV32IM_7SP_BRAM,mk_corner_mulhsu_IM,0,86445,halted
RV32IM_7SP_BRAM,mk_div_every1_IM,0,4854189,halted
RV32IM_7SP_BRAM,mk_corner_div_IM,0,192941,halted
RV32IM_7SP_BRAM,mk_div_result_use_IM,0,725421,halted
RV32IM_7SP_BRAM,mk_corner_divu_IM,0,336301,halted
RV32IM_7SP_BRAM,mk_corner_rem_IM,0,192941,halted
RV32IM_7SP_BRAM,mk_corner_remu_IM,0,336301,halted
RV32IM_7SP_BRAM,mk_mixed_embedded_IM,0,236959,halted
RV32IM_7SP_BRAM,aapg_rv32im_s002,4,112802,halted
RV32IM_7SP_BRAM,aapg_rv32im_s003,4,108482,halted
RV32IM_7SP_BRAM,mk_rem_every1_IM,0,4854189,halted
RV32IM_7SP_BRAM,aapg_rv32im_s001,27769,3000000,capped
RV32IM_7SP_BRAM,aapg_rv32im_s004,17656,3000000,capped
RV32IM_7SP_BRAM,aapg_rv32im_s005,43880,3000000,capped
RV32IM_7SP_BRAM,aapg_rv32im_s007,15727,3000000,capped
RV32IM_7SP_BRAM,aapg_rv32im_s012,3,110242,halted
RV32IM_7SP_BRAM,aapg_rv32im_s008,22653,3000000,capped
RV32IM_7SP_BRAM,aapg_rv32im_s011,83619,3000000,capped
RV32IM_7SP_BRAM,aapg_rv32im_s006,20017,3000000,capped
RV32IM_7SP_BRAM,aapg_rv32im_s010,51488,3000000,capped
RV32IM_7SP_BRAM,aapg_rv32im_s013,76792,3000000,capped
RV32IM_7SP_BRAM,aapg_rv32im_s014,29159,3000000,capped
RV32IM_7SP_BRAM,aapg_rv32im_s016,38853,3000000,capped
RV32IM_7SP_BRAM,aapg_rv32im_s017,27618,3000000,capped
RV32IM_7SP_BRAM,aapg_rv32im_s020,4,108304,halted
RV32IM_7SP_BRAM,aapg_rv32im_s009,4,3000000,capped
RV32IM_7SP_BRAM,aapg_rv32im_s018,18211,3000000,capped
RV32IM_7SP_BRAM_Opt,dhrystone_1000it,0,2000000,capped
RV32IM_7SP_BRAM,aapg_rv32im_s019,6,3000000,capped
RV32IM_7SP_BRAM,aapg_rv32im_s015,19142,3000000,capped
RV32IM_7SP_BRAM_Opt,coremark_10it,0,8000000,capped
RV32IM_7SP_BRAM_Opt,embench_aha-mont64,0,6941213,halted
RV32IM_7SP_BRAM_Opt,embench_crc32,0,7193654,halted
RV32IM_7SP_BRAM_Opt,embench_edn,0,6794971,halted
RV32IM_7SP_BRAM_Opt,embench_md5sum,0,4424711,halted
RV32IM_7SP_BRAM_Opt,embench_huffbench_12KBstack,0,5964296,halted
RV32IM_7SP_BRAM_Opt,embench_matmult-int,0,5608201,halted
RV32IM_7SP_BRAM_Opt,embench_nettle-sha256,0,5113712,halted
RV32IM_7SP_BRAM_Opt,embench_nsichneu,0,3596988,halted
RV32IM_7SP_BRAM_Opt,embench_qrduino,0,6760827,halted
RV32IM_7SP_BRAM_Opt,embench_picojpeg,0,7947461,halted
RV32IM_7SP_BRAM_Opt,embench_nettle-aes,0,5501529,halted
RV32IM_7SP_BRAM_Opt,embench_tarfind,0,3450523,halted
RV32IM_7SP_BRAM_Opt,embench_statemate,0,5332411,halted
RV32IM_7SP_BRAM_Opt,embench_sglib-combined,0,7059836,halted
RV32IM_7SP_BRAM_Opt,mk_alu_independent_I,0,135597,halted
RV32IM_7SP_BRAM_Opt,mk_alu_dependency_chain_I,0,135597,halted
RV32IM_7SP_BRAM_Opt,embench_slre_12KBstack,0,6941865,halted
RV32IM_7SP_BRAM_Opt,mk_add_gap0_control_I,0,135597,halted
RV32IM_7SP_BRAM_Opt,mk_add_gap0_dep_I,0,135597,halted
RV32IM_7SP_BRAM_Opt,mk_add_gap1_dep_I,0,135597,halted
RV32IM_7SP_BRAM_Opt,mk_add_gap1_control_I,0,135597,halted
RV32IM_7SP_BRAM_Opt,mk_add_gap2_dep_I,0,135597,halted
RV32IM_7SP_BRAM_Opt,embench_wikisort_12KBstack,0,4053156,halted
RV32IM_7SP_BRAM_Opt,mk_add_gap2_control_I,0,135597,halted
RV32IM_7SP_BRAM_Opt,mk_add_gap3_control_I,0,135597,halted
RV32IM_7SP_BRAM_Opt,mk_add_gap3_dep_I,0,135597,halted
RV32IM_7SP_BRAM_Opt,mk_xor_gap0_dep_I,0,135597,halted
RV32IM_7SP_BRAM_Opt,mk_add_gap4_control_I,0,135597,halted
RV32IM_7SP_BRAM_Opt,mk_add_gap4_dep_I,0,135597,halted
RV32IM_7SP_BRAM_Opt,mk_xor_gap1_dep_I,0,135597,halted
RV32IM_7SP_BRAM_Opt,mk_xor_gap0_control_I,0,135597,halted
RV32IM_7SP_BRAM_Opt,mk_xor_gap2_dep_I,0,135597,halted
RV32IM_7SP_BRAM_Opt,mk_xor_gap2_control_I,0,135597,halted
RV32IM_7SP_BRAM_Opt,mk_xor_gap1_control_I,0,135597,halted
RV32IM_7SP_BRAM_Opt,mk_xor_gap3_dep_I,0,135597,halted
RV32IM_7SP_BRAM_Opt,mk_xor_gap3_control_I,0,135597,halted
RV32IM_7SP_BRAM_Opt,mk_xor_gap4_dep_I,0,135597,halted
RV32IM_7SP_BRAM_Opt,mk_xor_gap4_control_I,0,135597,halted
RV32IM_7SP_BRAM_Opt,mk_load_gap0_dep_I,0,151981,halted
RV32IM_7SP_BRAM_Opt,mk_load_gap1_dep_I,0,135597,halted
RV32IM_7SP_BRAM_Opt,mk_load_gap0_control_I,0,135597,halted
RV32IM_7SP_BRAM_Opt,mk_load_gap1_control_I,0,135597,halted
RV32IM_7SP_BRAM_Opt,embench_ud,0,7212576,halted
RV32IM_7SP_BRAM_Opt,mk_load_gap2_dep_I,0,135597,halted
RV32IM_7SP_BRAM_Opt,mk_load_gap3_dep_I,0,135597,halted
RV32IM_7SP_BRAM_Opt,mk_load_gap2_control_I,0,135597,halted
RV32IM_7SP_BRAM_Opt,mk_load_gap3_control_I,0,135597,halted
RV32IM_7SP_BRAM_Opt,mk_load_gap4_control_I,0,135597,halted
RV32IM_7SP_BRAM_Opt,mk_load_gap4_dep_I,0,135597,halted
RV32IM_7SP_BRAM_Opt,mk_memory_load_0_I,0,135597,halted
RV32IM_7SP_BRAM_Opt,mk_memory_load_50_I,0,135597,halted
RV32IM_7SP_BRAM_Opt,mk_memory_load_25_I,0,135597,halted
RV32IM_7SP_BRAM_Opt,mk_memory_load_100_I,0,135597,halted
RV32IM_7SP_BRAM_Opt,mk_memory_load_75_I,0,135597,halted
RV32IM_7SP_BRAM_Opt,mk_memory_store_0_I,0,135597,halted
RV32IM_7SP_BRAM_Opt,mk_memory_store_25_I,0,168365,halted
RV32IM_7SP_BRAM_Opt,mk_memory_store_75_I,0,233901,halted
RV32IM_7SP_BRAM_Opt,mk_memory_store_50_I,0,201133,halted
RV32IM_7SP_BRAM_Opt,mk_memory_store_100_I,0,266669,halted
RV32IM_7SP_BRAM_Opt,mk_memory_mixed_0_I,0,135597,halted
RV32IM_7SP_BRAM_Opt,mk_memory_mixed_50_I,0,168365,halted
RV32IM_7SP_BRAM_Opt,mk_memory_mixed_75_I,0,168365,halted
RV32IM_7SP_BRAM_Opt,mk_memory_mixed_25_I,0,135597,halted
RV32IM_7SP_BRAM_Opt,mk_copy_gap0_I,0,168365,halted
RV32IM_7SP_BRAM_Opt,mk_copy_gap1_I,0,151981,halted
RV32IM_7SP_BRAM_Opt,mk_memory_mixed_100_I,0,201133,halted
RV32IM_7SP_BRAM_Opt,mk_copy_gap2_I,0,151981,halted
RV32IM_7SP_BRAM_Opt,mk_copy_gap4_I,0,151981,halted
RV32IM_7SP_BRAM_Opt,mk_branch_nt_gap0_I,0,140811,halted
RV32IM_7SP_BRAM_Opt,mk_store_load_same_I,0,151981,halted
RV32IM_7SP_BRAM_Opt,mk_store_load_different_I,0,151981,halted
RV32IM_7SP_BRAM_Opt,mk_branch_taken_gap0_I,0,204273,halted
RV32IM_7SP_BRAM_Opt,mk_branch_alternate_gap0_I,0,337524,halted
RV32IM_7SP_BRAM_Opt,mk_branch_taken_gap8_I,0,736753,halted
RV32IM_7SP_BRAM_Opt,mk_branch_nt_gap8_I,0,673291,halted
RV32IM_7SP_BRAM_Opt,mk_jump_sequential_I,0,168365,halted
RV32IM_7SP_BRAM_Opt,mk_branch_ttnt_gap0_I,0,270836,halted
RV32IM_7SP_BRAM_Opt,mk_branch_alternate_gap8_I,0,870004,halted
RV32IM_7SP_BRAM_Opt,mk_jump_jal_I,0,332205,halted
RV32IM_7SP_BRAM_Opt,mk_mixed_embedded_I,0,171423,halted
RV32IM_7SP_BRAM_Opt,mk_jump_jalr_I,0,332205,halted
RV32IM_7SP_BRAM_Opt,mk_alu_dependency_chain_IM,0,135597,halted
RV32IM_7SP_BRAM_Opt,mk_alu_independent_IM,0,135597,halted
RV32IM_7SP_BRAM_Opt,mk_add_gap0_control_IM,0,135597,halted
RV32IM_7SP_BRAM_Opt,mk_add_gap1_dep_IM,0,135597,halted
RV32IM_7SP_BRAM_Opt,mk_add_gap0_dep_IM,0,135597,halted
RV32IM_7SP_BRAM_Opt,mk_add_gap2_dep_IM,0,135597,halted
RV32IM_7SP_BRAM_Opt,mk_add_gap1_control_IM,0,135597,halted
RV32IM_7SP_BRAM_Opt,mk_add_gap2_control_IM,0,135597,halted
RV32IM_7SP_BRAM_Opt,mk_branch_ttnt_gap8_I,0,803316,halted
RV32IM_7SP_BRAM_Opt,mk_add_gap3_control_IM,0,135597,halted
RV32IM_7SP_BRAM_Opt,mk_add_gap3_dep_IM,0,135597,halted
RV32IM_7SP_BRAM_Opt,mk_add_gap4_control_IM,0,135597,halted
RV32IM_7SP_BRAM_Opt,mk_xor_gap0_dep_IM,0,135597,halted
RV32IM_7SP_BRAM_Opt,mk_add_gap4_dep_IM,0,135597,halted
RV32IM_7SP_BRAM_Opt,mk_xor_gap0_control_IM,0,135597,halted
RV32IM_7SP_BRAM_Opt,mk_xor_gap1_dep_IM,0,135597,halted
RV32IM_7SP_BRAM_Opt,mk_xor_gap2_dep_IM,0,135597,halted
RV32IM_7SP_BRAM_Opt,mk_xor_gap2_control_IM,0,135597,halted
RV32IM_7SP_BRAM_Opt,mk_xor_gap1_control_IM,0,135597,halted
RV32IM_7SP_BRAM_Opt,mk_xor_gap3_dep_IM,0,135597,halted
RV32IM_7SP_BRAM_Opt,mk_xor_gap4_dep_IM,0,135597,halted
RV32IM_7SP_BRAM_Opt,mk_xor_gap4_control_IM,0,135597,halted
RV32IM_7SP_BRAM_Opt,mk_xor_gap3_control_IM,0,135597,halted
RV32IM_7SP_BRAM_Opt,mk_load_gap1_dep_IM,0,135597,halted
RV32IM_7SP_BRAM_Opt,mk_load_gap1_control_IM,0,135597,halted
RV32IM_7SP_BRAM_Opt,mk_load_gap0_dep_IM,0,151981,halted
RV32IM_7SP_BRAM_Opt,mk_load_gap0_control_IM,0,135597,halted
RV32IM_7SP_BRAM_Opt,mk_load_gap2_control_IM,0,135597,halted
RV32IM_7SP_BRAM_Opt,mk_load_gap2_dep_IM,0,135597,halted
RV32IM_7SP_BRAM_Opt,mk_load_gap3_control_IM,0,135597,halted
RV32IM_7SP_BRAM_Opt,mk_memory_load_0_IM,0,135597,halted
RV32IM_7SP_BRAM_Opt,mk_load_gap4_dep_IM,0,135597,halted
RV32IM_7SP_BRAM_Opt,mk_load_gap4_control_IM,0,135597,halted
RV32IM_7SP_BRAM_Opt,mk_load_gap3_dep_IM,0,135597,halted
RV32IM_7SP_BRAM_Opt,mk_memory_load_25_IM,0,135597,halted
RV32IM_7SP_BRAM_Opt,mk_memory_load_50_IM,0,135597,halted
RV32IM_7SP_BRAM_Opt,mk_memory_load_100_IM,0,135597,halted
RV32IM_7SP_BRAM_Opt,mk_memory_load_75_IM,0,135597,halted
RV32IM_7SP_BRAM_Opt,mk_memory_store_0_IM,0,135597,halted
RV32IM_7SP_BRAM_Opt,mk_memory_store_25_IM,0,168365,halted
RV32IM_7SP_BRAM_Opt,mk_memory_store_50_IM,0,201133,halted
RV32IM_7SP_BRAM_Opt,mk_memory_mixed_0_IM,0,135597,halted
RV32IM_7SP_BRAM_Opt,mk_memory_store_100_IM,0,266669,halted
RV32IM_7SP_BRAM_Opt,mk_memory_mixed_25_IM,0,135597,halted
RV32IM_7SP_BRAM_Opt,mk_memory_store_75_IM,0,233901,halted
RV32IM_7SP_BRAM_Opt,mk_memory_mixed_75_IM,0,168365,halted
RV32IM_7SP_BRAM_Opt,mk_memory_mixed_50_IM,0,168365,halted
RV32IM_7SP_BRAM_Opt,embench_xgboost,0,11017716,halted
RV32IM_7SP_BRAM_Opt,mk_memory_mixed_100_IM,0,201133,halted
RV32IM_7SP_BRAM_Opt,mk_copy_gap0_IM,0,168365,halted
RV32IM_7SP_BRAM_Opt,mk_copy_gap2_IM,0,151981,halted
RV32IM_7SP_BRAM_Opt,mk_copy_gap4_IM,0,151981,halted
RV32IM_7SP_BRAM_Opt,mk_copy_gap1_IM,0,151981,halted
RV32IM_7SP_BRAM_Opt,mk_store_load_same_IM,0,151981,halted
RV32IM_7SP_BRAM_Opt,mk_store_load_different_IM,0,151981,halted
RV32IM_7SP_BRAM_Opt,mk_branch_nt_gap0_IM,0,140811,halted
RV32IM_7SP_BRAM_Opt,mk_branch_taken_gap0_IM,0,204273,halted
RV32IM_7SP_BRAM_Opt,mk_branch_nt_gap8_IM,0,673291,halted
RV32IM_7SP_BRAM_Opt,mk_branch_alternate_gap0_IM,0,337524,halted
RV32IM_7SP_BRAM_Opt,mk_branch_alternate_gap8_IM,0,870004,halted
RV32IM_7SP_BRAM_Opt,mk_branch_ttnt_gap0_IM,0,270836,halted
RV32IM_7SP_BRAM_Opt,mk_branch_taken_gap8_IM,0,736753,halted
RV32IM_7SP_BRAM_Opt,mk_jump_sequential_IM,0,168365,halted
RV32IM_7SP_BRAM_Opt,mk_jump_jal_IM,0,332205,halted
RV32IM_7SP_BRAM_Opt,mk_jump_jalr_IM,0,332205,halted
RV32IM_7SP_BRAM_Opt,mk_branch_ttnt_gap8_IM,0,803316,halted
RV32IM_7SP_BRAM_Opt,mk_mul_every4_IM,0,266669,halted
RV32IM_7SP_BRAM_Opt,mk_mul_every16_IM,0,168365,halted
RV32IM_7SP_BRAM_Opt,mk_mul_every1_IM,0,659885,halted
RV32IM_7SP_BRAM_Opt,mk_div_every16_IM,0,430509,halted
RV32IM_7SP_BRAM_Opt,mk_divu_every16_IM,0,430509,halted
RV32IM_7SP_BRAM_Opt,mk_div_every4_IM,0,1315245,halted
RV32IM_7SP_BRAM_Opt,mk_divu_every4_IM,0,1315245,halted
RV32IM_7SP_BRAM_Opt,mk_rem_every16_IM,0,430509,halted
RV32IM_7SP_BRAM_Opt,mk_mul_result_use_IM,0,201133,halted
RV32IM_7SP_BRAM_Opt,mk_divu_every1_IM,0,4854189,halted
RV32IM_7SP_BRAM_Opt,mk_rem_every4_IM,0,1315245,halted
RV32IM_7SP_BRAM_Opt,mk_div_result_use_IM,0,725421,halted
RV32IM_7SP_BRAM_Opt,mk_corner_mulh_IM,0,86445,halted
RV32IM_7SP_BRAM_Opt,mk_corner_mulhu_IM,0,86445,halted
RV32IM_7SP_BRAM_Opt,mk_corner_mulhsu_IM,0,86445,halted
RV32IM_7SP_BRAM_Opt,mk_div_every1_IM,0,4854189,halted
RV32IM_7SP_BRAM_Opt,mk_corner_rem_IM,0,192941,halted
RV32IM_7SP_BRAM_Opt,mk_corner_divu_IM,0,336301,halted
RV32IM_7SP_BRAM_Opt,mk_corner_div_IM,0,192941,halted
RV32IM_7SP_BRAM_Opt,mk_mixed_embedded_IM,0,236959,halted
RV32IM_7SP_BRAM_Opt,aapg_rv32im_s002,4,114675,halted
RV32IM_7SP_BRAM_Opt,mk_corner_remu_IM,0,336301,halted
RV32IM_7SP_BRAM_Opt,aapg_rv32im_s003,4,111067,halted
RV32IM_7SP_BRAM_Opt,embench_depthconv,0,40923780,halted
RV32IM_7SP_BRAM_Opt,mk_rem_every1_IM,0,4854189,halted
RV32IM_7SP_BRAM_Opt,aapg_rv32im_s001,27473,3000000,capped
RV32IM_7SP_BRAM_Opt,aapg_rv32im_s007,15621,3000000,capped
RV32IM_7SP_BRAM_Opt,aapg_rv32im_s005,43190,3000000,capped
RV32IM_7SP_BRAM_Opt,aapg_rv32im_s004,17532,3000000,capped
RV32IM_7SP_BRAM_Opt,aapg_rv32im_s006,20564,3000000,capped
RV32IM_7SP_BRAM_Opt,aapg_rv32im_s012,3,112278,halted
RV32IM_7SP_BRAM_Opt,aapg_rv32im_s008,22447,3000000,capped
RV32IM_7SP_BRAM_Opt,aapg_rv32im_s013,74725,3000000,capped
RV32IM_7SP_BRAM_Opt,aapg_rv32im_s009,4,3000000,capped
RV32IM_7SP_BRAM_Opt,aapg_rv32im_s011,81169,3000000,capped
RV32IM_7SP_BRAM_Opt,aapg_rv32im_s014,30335,3000000,capped
RV32IM_7SP_BRAM_Opt,aapg_rv32im_s010,61038,3000000,capped
RV32IM_7SP_BRAM_Opt,aapg_rv32im_s015,18997,3000000,capped
RV32IM_7SP_BRAM_Opt,aapg_rv32im_s020,4,111099,halted
RV32IM_7SP_BRAM_Opt,aapg_rv32im_s018,18077,3000000,capped
RV32IM_7SP_BRAM_Opt,aapg_rv32im_s017,27328,3000000,capped
RV32IM_7SP_BRAM_Opt,aapg_rv32im_s016,38298,3000000,capped
RV32IM_8SP_withoutOpt,dhrystone_1000it,0,2000000,capped
RV32IM_7SP_BRAM_Opt,aapg_rv32im_s019,6,3000000,capped
RV32IM_8SP_withoutOpt,coremark_10it,0,8000000,capped
RV32IM_8SP_withoutOpt,embench_aha-mont64,0,7867962,halted
RV32IM_8SP_withoutOpt,embench_edn,0,7615789,halted
RV32IM_8SP_withoutOpt,embench_crc32,0,8946010,halted
RV32IM_8SP_withoutOpt,embench_huffbench_12KBstack,0,7073113,halted
RV32IM_8SP_withoutOpt,embench_md5sum,0,5175309,halted
RV32IM_8SP_withoutOpt,embench_nettle-aes,0,6192786,halted
RV32IM_8SP_withoutOpt,embench_matmult-int,0,6003912,halted
RV32IM_8SP_withoutOpt,embench_nsichneu,0,4529314,halted
RV32IM_8SP_withoutOpt,embench_nettle-sha256,0,7036526,halted
RV32IM_8SP_withoutOpt,embench_qrduino,0,8570412,halted
RV32IM_8SP_withoutOpt,embench_picojpeg,0,9204127,halted
RV32IM_8SP_withoutOpt,embench_sglib-combined,0,8134543,halted
RV32IM_8SP_withoutOpt,embench_tarfind,0,3790586,halted
RV32IM_8SP_withoutOpt,embench_slre_12KBstack,0,7834363,halted
RV32IM_8SP_withoutOpt,mk_alu_independent_I,0,136689,halted
RV32IM_8SP_withoutOpt,mk_alu_dependency_chain_I,0,266737,halted
RV32IM_8SP_withoutOpt,embench_ud,0,7727125,halted
RV32IM_8SP_withoutOpt,mk_add_gap0_dep_I,0,153073,halted
RV32IM_8SP_withoutOpt,mk_add_gap1_dep_I,0,136689,halted
RV32IM_8SP_withoutOpt,mk_add_gap0_control_I,0,136689,halted
RV32IM_8SP_withoutOpt,embench_statemate,0,6984950,halted
RV32IM_8SP_withoutOpt,mk_add_gap2_dep_I,0,136689,halted
RV32IM_8SP_withoutOpt,mk_add_gap1_control_I,0,136689,halted
RV32IM_8SP_withoutOpt,mk_add_gap3_dep_I,0,136689,halted
RV32IM_8SP_withoutOpt,mk_add_gap3_control_I,0,136689,halted
RV32IM_8SP_withoutOpt,mk_add_gap2_control_I,0,136689,halted
RV32IM_8SP_withoutOpt,mk_add_gap4_dep_I,0,136689,halted
RV32IM_8SP_withoutOpt,mk_xor_gap0_dep_I,0,153073,halted
RV32IM_8SP_withoutOpt,embench_wikisort_12KBstack,0,4397945,halted
RV32IM_8SP_withoutOpt,mk_add_gap4_control_I,0,136689,halted
RV32IM_8SP_withoutOpt,mk_xor_gap0_control_I,0,136689,halted
RV32IM_8SP_withoutOpt,mk_xor_gap1_dep_I,0,136689,halted
RV32IM_8SP_withoutOpt,mk_xor_gap2_control_I,0,136689,halted
RV32IM_8SP_withoutOpt,mk_xor_gap3_dep_I,0,136689,halted
RV32IM_8SP_withoutOpt,mk_xor_gap1_control_I,0,136689,halted
RV32IM_8SP_withoutOpt,mk_xor_gap2_dep_I,0,136689,halted
RV32IM_8SP_withoutOpt,mk_xor_gap3_control_I,0,136689,halted
RV32IM_8SP_withoutOpt,mk_xor_gap4_dep_I,0,136689,halted
RV32IM_8SP_withoutOpt,mk_xor_gap4_control_I,0,136689,halted
RV32IM_8SP_withoutOpt,mk_load_gap0_dep_I,0,169457,halted
RV32IM_8SP_withoutOpt,mk_load_gap0_control_I,0,136689,halted
RV32IM_8SP_withoutOpt,mk_load_gap1_control_I,0,136689,halted
RV32IM_8SP_withoutOpt,mk_load_gap1_dep_I,0,153073,halted
RV32IM_8SP_withoutOpt,mk_load_gap2_dep_I,0,136689,halted
RV32IM_8SP_withoutOpt,mk_load_gap2_control_I,0,136689,halted
RV32IM_8SP_withoutOpt,mk_load_gap3_control_I,0,136689,halted
RV32IM_8SP_withoutOpt,mk_load_gap4_dep_I,0,136689,halted
RV32IM_8SP_withoutOpt,mk_load_gap3_dep_I,0,136689,halted
RV32IM_8SP_withoutOpt,mk_load_gap4_control_I,0,136689,halted
RV32IM_8SP_withoutOpt,mk_memory_load_25_I,0,136689,halted
RV32IM_8SP_withoutOpt,mk_memory_load_0_I,0,136689,halted
RV32IM_8SP_withoutOpt,mk_memory_load_100_I,0,136689,halted
RV32IM_8SP_withoutOpt,mk_memory_load_75_I,0,136689,halted
RV32IM_8SP_withoutOpt,mk_memory_load_50_I,0,136689,halted
RV32IM_8SP_withoutOpt,mk_memory_store_0_I,0,136689,halted
RV32IM_8SP_withoutOpt,mk_memory_store_50_I,0,202225,halted
RV32IM_8SP_withoutOpt,mk_memory_store_75_I,0,234993,halted
RV32IM_8SP_withoutOpt,mk_memory_store_100_I,0,267761,halted
RV32IM_8SP_withoutOpt,mk_memory_store_25_I,0,169457,halted
RV32IM_8SP_withoutOpt,mk_memory_mixed_25_I,0,136689,halted
RV32IM_8SP_withoutOpt,mk_memory_mixed_0_I,0,136689,halted
RV32IM_8SP_withoutOpt,mk_memory_mixed_50_I,0,169457,halted
RV32IM_8SP_withoutOpt,mk_copy_gap0_I,0,185841,halted
RV32IM_8SP_withoutOpt,mk_memory_mixed_75_I,0,169457,halted
RV32IM_8SP_withoutOpt,mk_copy_gap1_I,0,169457,halted
RV32IM_8SP_withoutOpt,mk_memory_mixed_100_I,0,202225,halted
RV32IM_8SP_withoutOpt,mk_copy_gap2_I,0,153073,halted
RV32IM_8SP_withoutOpt,mk_copy_gap4_I,0,153073,halted
RV32IM_8SP_withoutOpt,mk_store_load_same_I,0,153073,halted
RV32IM_8SP_withoutOpt,mk_branch_nt_gap0_I,0,142954,halted
RV32IM_8SP_withoutOpt,mk_store_load_different_I,0,153073,halted
RV32IM_8SP_withoutOpt,mk_branch_taken_gap0_I,0,205382,halted
RV32IM_8SP_withoutOpt,mk_branch_nt_gap8_I,0,675434,halted
RV32IM_8SP_withoutOpt,mk_branch_taken_gap8_I,0,737862,halted
RV32IM_8SP_withoutOpt,mk_branch_alternate_gap0_I,0,371978,halted
RV32IM_8SP_withoutOpt,mk_branch_ttnt_gap0_I,0,288586,halted
RV32IM_8SP_withoutOpt,mk_jump_sequential_I,0,169457,halted
RV32IM_8SP_withoutOpt,mk_branch_alternate_gap8_I,0,904458,halted
RV32IM_8SP_withoutOpt,mk_branch_ttnt_gap8_I,0,821066,halted
RV32IM_8SP_withoutOpt,mk_jump_jal_I,0,333297,halted
RV32IM_8SP_withoutOpt,mk_jump_jalr_I,0,366065,halted
RV32IM_8SP_withoutOpt,mk_mixed_embedded_I,0,206303,halted
RV32IM_8SP_withoutOpt,mk_add_gap0_dep_IM,0,153073,halted
RV32IM_8SP_withoutOpt,mk_alu_dependency_chain_IM,0,266737,halted
RV32IM_8SP_withoutOpt,mk_alu_independent_IM,0,136689,halted
RV32IM_8SP_withoutOpt,mk_add_gap1_dep_IM,0,136689,halted
RV32IM_8SP_withoutOpt,mk_add_gap0_control_IM,0,136689,halted
RV32IM_8SP_withoutOpt,mk_add_gap1_control_IM,0,136689,halted
RV32IM_8SP_withoutOpt,mk_add_gap2_dep_IM,0,136689,halted
RV32IM_8SP_withoutOpt,mk_add_gap2_control_IM,0,136689,halted
RV32IM_8SP_withoutOpt,mk_add_gap3_dep_IM,0,136689,halted
RV32IM_8SP_withoutOpt,mk_add_gap3_control_IM,0,136689,halted
RV32IM_8SP_withoutOpt,embench_xgboost,0,15191598,halted
RV32IM_8SP_withoutOpt,mk_add_gap4_dep_IM,0,136689,halted
RV32IM_8SP_withoutOpt,mk_add_gap4_control_IM,0,136689,halted
RV32IM_8SP_withoutOpt,mk_xor_gap0_dep_IM,0,153073,halted
RV32IM_8SP_withoutOpt,mk_xor_gap1_dep_IM,0,136689,halted
RV32IM_8SP_withoutOpt,mk_xor_gap0_control_IM,0,136689,halted
RV32IM_8SP_withoutOpt,mk_xor_gap2_dep_IM,0,136689,halted
RV32IM_8SP_withoutOpt,mk_xor_gap1_control_IM,0,136689,halted
RV32IM_8SP_withoutOpt,mk_xor_gap3_dep_IM,0,136689,halted
RV32IM_8SP_withoutOpt,mk_xor_gap3_control_IM,0,136689,halted
RV32IM_8SP_withoutOpt,mk_xor_gap4_control_IM,0,136689,halted
RV32IM_8SP_withoutOpt,mk_load_gap0_control_IM,0,136689,halted
RV32IM_8SP_withoutOpt,mk_xor_gap2_control_IM,0,136689,halted
RV32IM_8SP_withoutOpt,mk_load_gap1_dep_IM,0,153073,halted
RV32IM_8SP_withoutOpt,mk_load_gap0_dep_IM,0,169457,halted
RV32IM_8SP_withoutOpt,mk_xor_gap4_dep_IM,0,136689,halted
RV32IM_8SP_withoutOpt,mk_load_gap2_dep_IM,0,136689,halted
RV32IM_8SP_withoutOpt,mk_load_gap1_control_IM,0,136689,halted
RV32IM_8SP_withoutOpt,mk_load_gap3_dep_IM,0,136689,halted
RV32IM_8SP_withoutOpt,mk_load_gap2_control_IM,0,136689,halted
RV32IM_8SP_withoutOpt,mk_load_gap4_dep_IM,0,136689,halted
RV32IM_8SP_withoutOpt,mk_load_gap3_control_IM,0,136689,halted
RV32IM_8SP_withoutOpt,mk_memory_load_0_IM,0,136689,halted
RV32IM_8SP_withoutOpt,mk_memory_load_25_IM,0,136689,halted
RV32IM_8SP_withoutOpt,mk_load_gap4_control_IM,0,136689,halted
RV32IM_8SP_withoutOpt,mk_memory_load_50_IM,0,136689,halted
RV32IM_8SP_withoutOpt,mk_memory_store_25_IM,0,169457,halted
RV32IM_8SP_withoutOpt,mk_memory_load_75_IM,0,136689,halted
RV32IM_8SP_withoutOpt,mk_memory_store_50_IM,0,202225,halted
RV32IM_8SP_withoutOpt,mk_memory_load_100_IM,0,136689,halted
RV32IM_8SP_withoutOpt,mk_memory_store_0_IM,0,136689,halted
RV32IM_8SP_withoutOpt,mk_memory_store_75_IM,0,234993,halted
RV32IM_8SP_withoutOpt,mk_memory_mixed_0_IM,0,136689,halted
RV32IM_8SP_withoutOpt,mk_memory_mixed_25_IM,0,136689,halted
RV32IM_8SP_withoutOpt,mk_memory_mixed_50_IM,0,169457,halted
RV32IM_8SP_withoutOpt,mk_memory_mixed_75_IM,0,169457,halted
RV32IM_8SP_withoutOpt,mk_memory_mixed_100_IM,0,202225,halted
RV32IM_8SP_withoutOpt,mk_copy_gap1_IM,0,169457,halted
RV32IM_8SP_withoutOpt,mk_copy_gap0_IM,0,185841,halted
RV32IM_8SP_withoutOpt,mk_copy_gap2_IM,0,153073,halted
RV32IM_8SP_withoutOpt,mk_store_load_same_IM,0,153073,halted
RV32IM_8SP_withoutOpt,mk_copy_gap4_IM,0,153073,halted
RV32IM_8SP_withoutOpt,mk_memory_store_100_IM,0,267761,halted
RV32IM_8SP_withoutOpt,mk_store_load_different_IM,0,153073,halted
RV32IM_8SP_withoutOpt,mk_branch_nt_gap0_IM,0,142954,halted
RV32IM_8SP_withoutOpt,mk_branch_taken_gap0_IM,0,205382,halted
RV32IM_8SP_withoutOpt,mk_branch_alternate_gap0_IM,0,371978,halted
RV32IM_8SP_withoutOpt,mk_branch_ttnt_gap0_IM,0,288586,halted
RV32IM_8SP_withoutOpt,mk_branch_alternate_gap8_IM,0,904458,halted
RV32IM_8SP_withoutOpt,mk_jump_sequential_IM,0,169457,halted
RV32IM_8SP_withoutOpt,mk_branch_taken_gap8_IM,0,737862,halted
RV32IM_8SP_withoutOpt,mk_branch_ttnt_gap8_IM,0,821066,halted
RV32IM_8SP_withoutOpt,mk_branch_nt_gap8_IM,0,675434,halted
RV32IM_8SP_withoutOpt,mk_jump_jal_IM,0,333297,halted
RV32IM_8SP_withoutOpt,mk_mul_every16_IM,0,169457,halted
RV32IM_8SP_withoutOpt,mk_jump_jalr_IM,0,366065,halted
RV32IM_8SP_withoutOpt,mk_mul_every4_IM,0,267761,halted
RV32IM_8SP_withoutOpt,mk_div_every16_IM,0,431601,halted
RV32IM_8SP_withoutOpt,mk_mul_every1_IM,0,660977,halted
RV32IM_8SP_withoutOpt,mk_divu_every16_IM,0,431601,halted
RV32IM_8SP_withoutOpt,mk_div_every4_IM,0,1316337,halted
RV32IM_8SP_withoutOpt,mk_divu_every4_IM,0,1316337,halted
RV32IM_8SP_withoutOpt,mk_rem_every16_IM,0,431601,halted
RV32IM_8SP_withoutOpt,mk_mul_result_use_IM,0,218609,halted
RV32IM_8SP_withoutOpt,mk_div_result_use_IM,0,742897,halted
RV32IM_8SP_withoutOpt,mk_corner_mulh_IM,0,87537,halted
RV32IM_8SP_withoutOpt,mk_divu_every1_IM,0,4855281,halted
RV32IM_8SP_withoutOpt,mk_div_every1_IM,0,4855281,halted
RV32IM_8SP_withoutOpt,mk_corner_mulhu_IM,0,87537,halted
RV32IM_8SP_withoutOpt,mk_rem_every4_IM,0,1316337,halted
RV32IM_8SP_withoutOpt,mk_corner_mulhsu_IM,0,87537,halted
RV32IM_8SP_withoutOpt,mk_corner_div_IM,0,194033,halted
RV32IM_8SP_withoutOpt,mk_corner_divu_IM,0,337393,halted
RV32IM_8SP_withoutOpt,mk_corner_remu_IM,0,337393,halted
RV32IM_8SP_withoutOpt,mk_corner_rem_IM,0,194033,halted
RV32IM_8SP_withoutOpt,mk_mixed_embedded_IM,0,271839,halted
RV32IM_8SP_withoutOpt,aapg_rv32im_s002,4,125386,halted
RV32IM_8SP_withoutOpt,aapg_rv32im_s003,4,121017,halted
RV32IM_8SP_withoutOpt,mk_rem_every1_IM,0,4855281,halted
RV32IM_8SP_withoutOpt,aapg_rv32im_s004,16488,3000000,capped
RV32IM_8SP_withoutOpt,aapg_rv32im_s006,19532,3000000,capped
RV32IM_8SP_withoutOpt,aapg_rv32im_s005,40621,3000000,capped
RV32IM_8SP_withoutOpt,aapg_rv32im_s001,27146,3000000,capped
RV32IM_8SP_withoutOpt,embench_depthconv,0,46311564,halted
RV32IM_8SP_withoutOpt,aapg_rv32im_s008,22224,3000000,capped
RV32IM_8SP_withoutOpt,aapg_rv32im_s009,4,3000000,capped
RV32IM_8SP_withoutOpt,aapg_rv32im_s012,3,122571,halted
RV32IM_8SP_withoutOpt,aapg_rv32im_s011,72901,3000000,capped
RV32IM_8SP_withoutOpt,aapg_rv32im_s007,57011,3000000,capped
RV32IM_8SP_withoutOpt,aapg_rv32im_s010,49277,3000000,capped
RV32IM_8SP_withoutOpt,aapg_rv32im_s014,26895,3000000,capped
RV32IM_8SP_withoutOpt,aapg_rv32im_s013,69215,3000000,capped
RV32IM_8SP_withoutOpt,aapg_rv32im_s016,36283,3000000,capped
RV32IM_8SP_withoutOpt,aapg_rv32im_s020,4,120899,halted
RV32IM_8SP_withoutOpt,aapg_rv32im_s015,18227,3000000,capped
RV32IM_8SP_withoutOpt,aapg_rv32im_s017,26738,3000000,capped
RV32IM_8SP_withoutOpt,aapg_rv32im_s018,16974,3000000,capped
RV32IM_8SP,dhrystone_1000it,0,2000000,capped
RV32IM_8SP_withoutOpt,aapg_rv32im_s019,6,3000000,capped
RV32IM_8SP,embench_aha-mont64,0,7870419,halted
RV32IM_8SP,coremark_10it,0,8000000,capped
RV32IM_8SP,embench_edn,0,7593982,halted
RV32IM_8SP,embench_huffbench_12KBstack,0,7293592,halted
RV32IM_8SP,embench_crc32,0,9297171,halted
RV32IM_8SP,embench_md5sum,0,5332552,halted
RV32IM_8SP,embench_nettle-aes,0,6242004,halted
RV32IM_8SP,embench_matmult-int,0,6007967,halted
RV32IM_8SP,embench_nettle-sha256,0,7061415,halted
RV32IM_8SP,embench_nsichneu,0,4531884,halted
RV32IM_8SP,embench_sglib-combined,0,8387842,halted
RV32IM_8SP,embench_qrduino,0,8758709,halted
RV32IM_8SP,embench_slre_12KBstack,0,8160900,halted
RV32IM_8SP,embench_statemate,0,7078373,halted
RV32IM_8SP,embench_picojpeg,0,9561076,halted
RV32IM_8SP,mk_alu_independent_I,0,136689,halted
RV32IM_8SP,mk_alu_dependency_chain_I,0,266737,halted
RV32IM_8SP,embench_tarfind,0,3880768,halted
RV32IM_8SP,mk_add_gap0_dep_I,0,153073,halted
RV32IM_8SP,mk_add_gap0_control_I,0,136689,halted
RV32IM_8SP,mk_add_gap1_dep_I,0,136689,halted
RV32IM_8SP,mk_add_gap1_control_I,0,136689,halted
RV32IM_8SP,mk_add_gap2_dep_I,0,136689,halted
RV32IM_8SP,mk_add_gap2_control_I,0,136689,halted
RV32IM_8SP,mk_add_gap3_dep_I,0,136689,halted
RV32IM_8SP,mk_add_gap3_control_I,0,136689,halted
RV32IM_8SP,embench_wikisort_12KBstack,0,4624343,halted
RV32IM_8SP,mk_add_gap4_dep_I,0,136689,halted
RV32IM_8SP,mk_xor_gap0_dep_I,0,153073,halted
RV32IM_8SP,mk_add_gap4_control_I,0,136689,halted
RV32IM_8SP,mk_xor_gap1_dep_I,0,136689,halted
RV32IM_8SP,mk_xor_gap0_control_I,0,136689,halted
RV32IM_8SP,mk_xor_gap1_control_I,0,136689,halted
RV32IM_8SP,mk_xor_gap2_dep_I,0,136689,halted
RV32IM_8SP,mk_xor_gap2_control_I,0,136689,halted
RV32IM_8SP,mk_xor_gap3_dep_I,0,136689,halted
RV32IM_8SP,mk_xor_gap3_control_I,0,136689,halted
RV32IM_8SP,mk_xor_gap4_dep_I,0,136689,halted
RV32IM_8SP,mk_load_gap0_dep_I,0,169457,halted
RV32IM_8SP,mk_xor_gap4_control_I,0,136689,halted
RV32IM_8SP,embench_ud,0,7863400,halted
RV32IM_8SP,mk_load_gap0_control_I,0,136689,halted
RV32IM_8SP,mk_load_gap1_dep_I,0,153073,halted
RV32IM_8SP,mk_load_gap1_control_I,0,136689,halted
RV32IM_8SP,mk_load_gap2_control_I,0,136689,halted
RV32IM_8SP,mk_load_gap2_dep_I,0,136689,halted
RV32IM_8SP,mk_load_gap3_dep_I,0,136689,halted
RV32IM_8SP,mk_load_gap3_control_I,0,136689,halted
RV32IM_8SP,mk_memory_load_0_I,0,136689,halted
RV32IM_8SP,mk_load_gap4_dep_I,0,136689,halted
RV32IM_8SP,mk_load_gap4_control_I,0,136689,halted
RV32IM_8SP,mk_memory_load_25_I,0,136689,halted
RV32IM_8SP,mk_memory_load_100_I,0,136689,halted
RV32IM_8SP,mk_memory_load_50_I,0,136689,halted
RV32IM_8SP,mk_memory_load_75_I,0,136689,halted
RV32IM_8SP,mk_memory_store_0_I,0,136689,halted
RV32IM_8SP,mk_memory_store_50_I,0,202225,halted
RV32IM_8SP,mk_memory_store_25_I,0,169457,halted
RV32IM_8SP,mk_memory_store_100_I,0,267761,halted
RV32IM_8SP,mk_memory_mixed_0_I,0,136689,halted
RV32IM_8SP,mk_memory_store_75_I,0,234993,halted
RV32IM_8SP,mk_memory_mixed_25_I,0,136689,halted
RV32IM_8SP,mk_memory_mixed_50_I,0,169457,halted
RV32IM_8SP,mk_memory_mixed_100_I,0,202225,halted
RV32IM_8SP,mk_copy_gap1_I,0,169457,halted
RV32IM_8SP,mk_memory_mixed_75_I,0,169457,halted
RV32IM_8SP,mk_copy_gap0_I,0,185841,halted
RV32IM_8SP,mk_copy_gap2_I,0,153073,halted
RV32IM_8SP,mk_copy_gap4_I,0,153073,halted
RV32IM_8SP,mk_branch_nt_gap0_I,0,142954,halted
RV32IM_8SP,mk_store_load_different_I,0,153073,halted
RV32IM_8SP,mk_store_load_same_I,0,153073,halted
RV32IM_8SP,mk_branch_nt_gap8_I,0,675434,halted
RV32IM_8SP,mk_branch_alternate_gap0_I,0,371978,halted
RV32IM_8SP,mk_branch_taken_gap0_I,0,205382,halted
RV32IM_8SP,mk_branch_ttnt_gap0_I,0,288586,halted
RV32IM_8SP,mk_jump_sequential_I,0,169457,halted
RV32IM_8SP,mk_branch_ttnt_gap8_I,0,821066,halted
RV32IM_8SP,mk_branch_taken_gap8_I,0,737862,halted
RV32IM_8SP,mk_jump_jal_I,0,366065,halted
RV32IM_8SP,mk_branch_alternate_gap8_I,0,904458,halted
RV32IM_8SP,mk_jump_jalr_I,0,398833,halted
RV32IM_8SP,mk_mixed_embedded_I,0,206303,halted
RV32IM_8SP,mk_alu_independent_IM,0,136689,halted
RV32IM_8SP,mk_add_gap0_dep_IM,0,153073,halted
RV32IM_8SP,mk_add_gap0_control_IM,0,136689,halted
RV32IM_8SP,mk_add_gap1_dep_IM,0,136689,halted
RV32IM_8SP,mk_alu_dependency_chain_IM,0,266737,halted
RV32IM_8SP,mk_add_gap1_control_IM,0,136689,halted
RV32IM_8SP,mk_add_gap2_dep_IM,0,136689,halted
RV32IM_8SP,mk_add_gap2_control_IM,0,136689,halted
RV32IM_8SP,mk_add_gap3_dep_IM,0,136689,halted
RV32IM_8SP,mk_add_gap3_control_IM,0,136689,halted
RV32IM_8SP,mk_add_gap4_dep_IM,0,136689,halted
RV32IM_8SP,mk_add_gap4_control_IM,0,136689,halted
RV32IM_8SP,mk_xor_gap0_control_IM,0,136689,halted
RV32IM_8SP,mk_xor_gap0_dep_IM,0,153073,halted
RV32IM_8SP,mk_xor_gap1_control_IM,0,136689,halted
RV32IM_8SP,mk_xor_gap2_dep_IM,0,136689,halted
RV32IM_8SP,mk_xor_gap2_control_IM,0,136689,halted
RV32IM_8SP,mk_xor_gap1_dep_IM,0,136689,halted
RV32IM_8SP,mk_xor_gap3_dep_IM,0,136689,halted
RV32IM_8SP,mk_xor_gap3_control_IM,0,136689,halted
RV32IM_8SP,mk_xor_gap4_dep_IM,0,136689,halted
RV32IM_8SP,mk_load_gap0_dep_IM,0,169457,halted
RV32IM_8SP,mk_load_gap0_control_IM,0,136689,halted
RV32IM_8SP,mk_xor_gap4_control_IM,0,136689,halted
RV32IM_8SP,mk_load_gap1_dep_IM,0,153073,halted
RV32IM_8SP,embench_xgboost,0,15352664,halted
RV32IM_8SP,mk_load_gap1_control_IM,0,136689,halted
RV32IM_8SP,mk_load_gap2_dep_IM,0,136689,halted
RV32IM_8SP,mk_load_gap2_control_IM,0,136689,halted
RV32IM_8SP,mk_load_gap3_dep_IM,0,136689,halted
RV32IM_8SP,mk_load_gap3_control_IM,0,136689,halted
RV32IM_8SP,mk_load_gap4_dep_IM,0,136689,halted
RV32IM_8SP,mk_load_gap4_control_IM,0,136689,halted
RV32IM_8SP,mk_memory_load_50_IM,0,136689,halted
RV32IM_8SP,mk_memory_load_0_IM,0,136689,halted
RV32IM_8SP,mk_memory_load_25_IM,0,136689,halted
RV32IM_8SP,mk_memory_store_0_IM,0,136689,halted
RV32IM_8SP,mk_memory_load_75_IM,0,136689,halted
RV32IM_8SP,mk_memory_load_100_IM,0,136689,halted
RV32IM_8SP,mk_memory_store_25_IM,0,169457,halted
RV32IM_8SP,mk_memory_mixed_25_IM,0,136689,halted
RV32IM_8SP,mk_memory_store_75_IM,0,234993,halted
RV32IM_8SP,mk_memory_mixed_0_IM,0,136689,halted
RV32IM_8SP,mk_memory_mixed_50_IM,0,169457,halted
RV32IM_8SP,mk_memory_mixed_75_IM,0,169457,halted
RV32IM_8SP,mk_memory_store_50_IM,0,202225,halted
RV32IM_8SP,mk_memory_store_100_IM,0,267761,halted
RV32IM_8SP,mk_copy_gap0_IM,0,185841,halted
RV32IM_8SP,mk_copy_gap4_IM,0,153073,halted
RV32IM_8SP,mk_memory_mixed_100_IM,0,202225,halted
RV32IM_8SP,mk_copy_gap1_IM,0,169457,halted
RV32IM_8SP,mk_store_load_same_IM,0,153073,halted
RV32IM_8SP,mk_copy_gap2_IM,0,153073,halted
RV32IM_8SP,mk_branch_nt_gap0_IM,0,142954,halted
RV32IM_8SP,mk_store_load_different_IM,0,153073,halted
RV32IM_8SP,mk_branch_taken_gap0_IM,0,205382,halted
RV32IM_8SP,mk_branch_alternate_gap8_IM,0,904458,halted
RV32IM_8SP,mk_branch_alternate_gap0_IM,0,371978,halted
RV32IM_8SP,mk_branch_ttnt_gap0_IM,0,288586,halted
RV32IM_8SP,mk_jump_sequential_IM,0,169457,halted
RV32IM_8SP,mk_branch_taken_gap8_IM,0,737862,halted
RV32IM_8SP,mk_branch_ttnt_gap8_IM,0,821066,halted
RV32IM_8SP,mk_branch_nt_gap8_IM,0,675434,halted
RV32IM_8SP,mk_mul_every16_IM,0,169457,halted
RV32IM_8SP,mk_mul_every4_IM,0,267761,halted
RV32IM_8SP,mk_mul_every1_IM,0,660977,halted
RV32IM_8SP,mk_jump_jal_IM,0,366065,halted
RV32IM_8SP,mk_jump_jalr_IM,0,398833,halted
RV32IM_8SP,mk_div_every16_IM,0,431601,halted
RV32IM_8SP,mk_div_every4_IM,0,1316337,halted
RV32IM_8SP,mk_divu_every16_IM,0,431601,halted
RV32IM_8SP,mk_divu_every4_IM,0,1316337,halted
RV32IM_8SP,mk_div_every1_IM,0,4855281,halted
RV32IM_8SP,mk_rem_every16_IM,0,431601,halted
RV32IM_8SP,mk_mul_result_use_IM,0,218609,halted
RV32IM_8SP,mk_corner_mulh_IM,0,87537,halted
RV32IM_8SP,mk_divu_every1_IM,0,4855281,halted
RV32IM_8SP,mk_corner_mulhu_IM,0,87537,halted
RV32IM_8SP,mk_div_result_use_IM,0,742897,halted
RV32IM_8SP,mk_rem_every4_IM,0,1316337,halted
RV32IM_8SP,mk_corner_mulhsu_IM,0,87537,halted
RV32IM_8SP,mk_corner_div_IM,0,194033,halted
RV32IM_8SP,mk_corner_divu_IM,0,337393,halted
RV32IM_8SP,mk_corner_rem_IM,0,194033,halted
RV32IM_8SP,mk_rem_every1_IM,0,4855281,halted
RV32IM_8SP,mk_corner_remu_IM,0,337393,halted
RV32IM_8SP,mk_mixed_embedded_IM,0,271839,halted
RV32IM_8SP,aapg_rv32im_s003,4,123733,halted
RV32IM_8SP,aapg_rv32im_s002,4,127410,halted
RV32IM_8SP,aapg_rv32im_s001,26861,3000000,capped
RV32IM_8SP,aapg_rv32im_s005,40020,3000000,capped
RV32IM_8SP,aapg_rv32im_s004,16377,3000000,capped
RV32IM_8SP,aapg_rv32im_s007,55844,3000000,capped
RV32IM_8SP,embench_depthconv,0,48158503,halted
RV32IM_8SP,aapg_rv32im_s006,20052,3000000,capped
RV32IM_8SP,aapg_rv32im_s012,3,124988,halted
RV32IM_8SP,aapg_rv32im_s010,48388,3000000,capped
RV32IM_8SP,aapg_rv32im_s008,22024,3000000,capped
RV32IM_8SP,aapg_rv32im_s009,4,3000000,capped
RV32IM_8SP,aapg_rv32im_s016,35793,3000000,capped
RV32IM_8SP,aapg_rv32im_s014,27893,3000000,capped
RV32IM_8SP,aapg_rv32im_s015,18094,3000000,capped
RV32IM_8SP,aapg_rv32im_s020,4,123820,halted
RV32IM_8SP,aapg_rv32im_s011,71008,3000000,capped
RV32IM_8SP,aapg_rv32im_s017,26464,3000000,capped
RV32IM_8SP,aapg_rv32im_s013,67515,3000000,capped
RV32IM_8SP,aapg_rv32im_s018,16855,3000000,capped
RV64IM_7SP,dhrystone_1000it,0,2000000,capped
RV32IM_8SP,aapg_rv32im_s019,6,3000000,capped
RV64IM_7SP,embench_aha-mont64,0,3505978,halted
RV64IM_7SP,embench_edn,0,6649758,halted
RV64IM_7SP,embench_huffbench_12KBstack,0,5515244,halted
RV64IM_7SP,coremark_10it,0,9000000,capped
RV64IM_7SP,embench_crc32,0,6666738,halted
RV64IM_7SP,embench_matmult-int,0,5188400,halted
RV64IM_7SP,embench_md5sum,0,4185265,halted
RV64IM_7SP,embench_nsichneu,0,3903678,halted
RV64IM_7SP,embench_nettle-aes,0,5612434,halted
RV64IM_7SP,embench_qrduino,0,6712176,halted
RV64IM_7SP,embench_picojpeg,0,7089734,halted
RV64IM_7SP,embench_nettle-sha256,0,4866700,halted
RV64IM_7SP,embench_sglib-combined,0,6527853,halted
RV64IM_7SP,embench_tarfind,0,3129952,halted
RV64IM_7SP,embench_slre_12KBstack,0,6411051,halted
RV64IM_7SP,mk_alu_independent_I,0,135533,halted
RV64IM_7SP,mk_alu_dependency_chain_I,0,135533,halted
RV64IM_7SP,mk_add_gap0_dep_I,0,135533,halted
RV64IM_7SP,mk_add_gap0_control_I,0,135533,halted
RV64IM_7SP,mk_add_gap1_dep_I,0,135533,halted
RV64IM_7SP,embench_statemate,0,4375852,halted
RV64IM_7SP,mk_add_gap2_dep_I,0,135533,halted
RV64IM_7SP,embench_ud,0,8400907,halted
RV64IM_7SP,mk_add_gap1_control_I,0,135533,halted
RV64IM_7SP,mk_add_gap2_control_I,0,135533,halted
RV64IM_7SP,mk_add_gap3_control_I,0,135533,halted
RV64IM_7SP,mk_add_gap3_dep_I,0,135533,halted
RV64IM_7SP,mk_add_gap4_dep_I,0,135533,halted
RV64IM_7SP,mk_add_gap4_control_I,0,135533,halted
RV64IM_7SP,mk_xor_gap0_control_I,0,135533,halted
RV64IM_7SP,mk_xor_gap0_dep_I,0,135533,halted
RV64IM_7SP,embench_wikisort_12KBstack,0,3931645,halted
RV64IM_7SP,mk_xor_gap1_control_I,0,135533,halted
RV64IM_7SP,mk_xor_gap1_dep_I,0,135533,halted
RV64IM_7SP,mk_xor_gap2_dep_I,0,135533,halted
RV64IM_7SP,mk_xor_gap3_dep_I,0,135533,halted
RV64IM_7SP,mk_xor_gap2_control_I,0,135533,halted
RV64IM_7SP,mk_xor_gap4_dep_I,0,135533,halted
RV64IM_7SP,mk_xor_gap3_control_I,0,135533,halted
RV64IM_7SP,mk_addw_gap0_dep_I,0,135533,halted
RV64IM_7SP,mk_xor_gap4_control_I,0,135533,halted
RV64IM_7SP,mk_addw_gap1_dep_I,0,135533,halted
RV64IM_7SP,mk_addw_gap0_control_I,0,135533,halted
RV64IM_7SP,mk_addw_gap1_control_I,0,135533,halted
RV64IM_7SP,mk_addw_gap2_control_I,0,135533,halted
RV64IM_7SP,mk_addw_gap2_dep_I,0,135533,halted
RV64IM_7SP,mk_addw_gap3_dep_I,0,135533,halted
RV64IM_7SP,mk_addw_gap3_control_I,0,135533,halted
RV64IM_7SP,mk_addw_gap4_dep_I,0,135533,halted
RV64IM_7SP,mk_addw_gap4_control_I,0,135533,halted
RV64IM_7SP,mk_load_gap1_dep_I,0,135533,halted
RV64IM_7SP,mk_load_gap0_dep_I,0,151917,halted
RV64IM_7SP,mk_load_gap0_control_I,0,135533,halted
RV64IM_7SP,mk_load_gap1_control_I,0,135533,halted
RV64IM_7SP,mk_load_gap2_control_I,0,135533,halted
RV64IM_7SP,mk_load_gap2_dep_I,0,135533,halted
RV64IM_7SP,mk_load_gap3_control_I,0,135533,halted
RV64IM_7SP,mk_load_gap3_dep_I,0,135533,halted
RV64IM_7SP,mk_load_gap4_dep_I,0,135533,halted
RV64IM_7SP,mk_memory_load_0_I,0,135533,halted
RV64IM_7SP,mk_load_gap4_control_I,0,135533,halted
RV64IM_7SP,mk_memory_load_25_I,0,135533,halted
RV64IM_7SP,mk_memory_load_50_I,0,135533,halted
RV64IM_7SP,mk_memory_load_100_I,0,135533,halted
RV64IM_7SP,mk_memory_store_0_I,0,135533,halted
RV64IM_7SP,mk_memory_load_75_I,0,135533,halted
RV64IM_7SP,mk_memory_store_25_I,0,135533,halted
RV64IM_7SP,mk_memory_store_50_I,0,135533,halted
RV64IM_7SP,mk_memory_store_75_I,0,135533,halted
RV64IM_7SP,mk_memory_mixed_0_I,0,135533,halted
RV64IM_7SP,mk_memory_store_100_I,0,135533,halted
RV64IM_7SP,mk_memory_mixed_50_I,0,135533,halted
RV64IM_7SP,mk_memory_mixed_25_I,0,135533,halted
RV64IM_7SP,mk_memory_mixed_75_I,0,135533,halted
RV64IM_7SP,mk_copy_gap0_I,0,151917,halted
RV64IM_7SP,mk_copy_gap1_I,0,135533,halted
RV64IM_7SP,mk_memory_mixed_100_I,0,135533,halted
RV64IM_7SP,embench_xgboost,0,10752514,halted
RV64IM_7SP,mk_copy_gap4_I,0,135533,halted
RV64IM_7SP,mk_copy_gap2_I,0,135533,halted
RV64IM_7SP,mk_store_load_different_I,0,135533,halted
RV64IM_7SP,mk_store_load_same_I,0,135533,halted
RV64IM_7SP,mk_branch_taken_gap0_I,0,204209,halted
RV64IM_7SP,mk_branch_nt_gap0_I,0,140747,halted
RV64IM_7SP,mk_branch_alternate_gap0_I,0,337460,halted
RV64IM_7SP,mk_branch_ttnt_gap0_I,0,270772,halted
RV64IM_7SP,mk_branch_nt_gap8_I,0,673227,halted
RV64IM_7SP,mk_branch_taken_gap8_I,0,736689,halted
RV64IM_7SP,mk_jump_sequential_I,0,168301,halted
RV64IM_7SP,mk_branch_alternate_gap8_I,0,869940,halted
RV64IM_7SP,mk_jump_jal_I,0,299373,halted
RV64IM_7SP,mk_alu_dependency_chain_IM,0,135533,halted
RV64IM_7SP,mk_mixed_embedded_I,0,154975,halted
RV64IM_7SP,mk_branch_ttnt_gap8_I,0,803252,halted
RV64IM_7SP,mk_jump_jalr_I,0,299373,halted
RV64IM_7SP,mk_alu_independent_IM,0,135533,halted
RV64IM_7SP,mk_add_gap0_dep_IM,0,135533,halted
RV64IM_7SP,mk_add_gap2_dep_IM,0,135533,halted
RV64IM_7SP,mk_add_gap1_dep_IM,0,135533,halted
RV64IM_7SP,mk_add_gap1_control_IM,0,135533,halted
RV64IM_7SP,mk_add_gap0_control_IM,0,135533,halted
RV64IM_7SP,mk_add_gap2_control_IM,0,135533,halted
RV64IM_7SP,mk_add_gap3_dep_IM,0,135533,halted
RV64IM_7SP,mk_add_gap4_dep_IM,0,135533,halted
RV64IM_7SP,mk_add_gap4_control_IM,0,135533,halted
RV64IM_7SP,mk_add_gap3_control_IM,0,135533,halted
RV64IM_7SP,mk_xor_gap0_control_IM,0,135533,halted
RV64IM_7SP,mk_xor_gap0_dep_IM,0,135533,halted
RV64IM_7SP,mk_xor_gap1_dep_IM,0,135533,halted
RV64IM_7SP,mk_xor_gap1_control_IM,0,135533,halted
RV64IM_7SP,mk_xor_gap3_dep_IM,0,135533,halted
RV64IM_7SP,mk_xor_gap3_control_IM,0,135533,halted
RV64IM_7SP,mk_xor_gap2_dep_IM,0,135533,halted
RV64IM_7SP,mk_xor_gap4_dep_IM,0,135533,halted
RV64IM_7SP,mk_addw_gap0_dep_IM,0,135533,halted
RV64IM_7SP,mk_xor_gap2_control_IM,0,135533,halted
RV64IM_7SP,mk_addw_gap0_control_IM,0,135533,halted
RV64IM_7SP,mk_xor_gap4_control_IM,0,135533,halted
RV64IM_7SP,mk_addw_gap2_dep_IM,0,135533,halted
RV64IM_7SP,mk_addw_gap1_control_IM,0,135533,halted
RV64IM_7SP,mk_addw_gap1_dep_IM,0,135533,halted
RV64IM_7SP,mk_addw_gap3_dep_IM,0,135533,halted
RV64IM_7SP,mk_addw_gap3_control_IM,0,135533,halted
RV64IM_7SP,mk_addw_gap4_control_IM,0,135533,halted
RV64IM_7SP,mk_addw_gap2_control_IM,0,135533,halted
RV64IM_7SP,mk_addw_gap4_dep_IM,0,135533,halted
RV64IM_7SP,mk_load_gap1_dep_IM,0,135533,halted
RV64IM_7SP,mk_load_gap0_dep_IM,0,151917,halted
RV64IM_7SP,mk_load_gap2_dep_IM,0,135533,halted
RV64IM_7SP,mk_load_gap0_control_IM,0,135533,halted
RV64IM_7SP,mk_load_gap2_control_IM,0,135533,halted
RV64IM_7SP,mk_load_gap1_control_IM,0,135533,halted
RV64IM_7SP,mk_load_gap3_control_IM,0,135533,halted
RV64IM_7SP,mk_load_gap4_dep_IM,0,135533,halted
RV64IM_7SP,mk_memory_load_0_IM,0,135533,halted
RV64IM_7SP,mk_load_gap3_dep_IM,0,135533,halted
RV64IM_7SP,mk_load_gap4_control_IM,0,135533,halted
RV64IM_7SP,mk_memory_load_25_IM,0,135533,halted
RV64IM_7SP,mk_memory_load_50_IM,0,135533,halted
RV64IM_7SP,mk_memory_store_0_IM,0,135533,halted
RV64IM_7SP,mk_memory_load_100_IM,0,135533,halted
RV64IM_7SP,mk_memory_store_25_IM,0,135533,halted
RV64IM_7SP,mk_memory_store_75_IM,0,135533,halted
RV64IM_7SP,mk_memory_store_50_IM,0,135533,halted
RV64IM_7SP,mk_memory_load_75_IM,0,135533,halted
RV64IM_7SP,mk_memory_store_100_IM,0,135533,halted
RV64IM_7SP,mk_memory_mixed_0_IM,0,135533,halted
RV64IM_7SP,mk_memory_mixed_25_IM,0,135533,halted
RV64IM_7SP,mk_memory_mixed_100_IM,0,135533,halted
RV64IM_7SP,mk_copy_gap0_IM,0,151917,halted
RV64IM_7SP,mk_memory_mixed_50_IM,0,135533,halted
RV64IM_7SP,mk_memory_mixed_75_IM,0,135533,halted
RV64IM_7SP,mk_copy_gap4_IM,0,135533,halted
RV64IM_7SP,embench_depthconv,0,36877918,halted
RV64IM_7SP,mk_copy_gap1_IM,0,135533,halted
RV64IM_7SP,mk_store_load_same_IM,0,135533,halted
RV64IM_7SP,mk_copy_gap2_IM,0,135533,halted
RV64IM_7SP,mk_store_load_different_IM,0,135533,halted
RV64IM_7SP,mk_branch_nt_gap0_IM,0,140747,halted
RV64IM_7SP,mk_branch_taken_gap0_IM,0,204209,halted
RV64IM_7SP,mk_branch_alternate_gap0_IM,0,337460,halted
RV64IM_7SP,mk_branch_alternate_gap8_IM,0,869940,halted
RV64IM_7SP,mk_branch_ttnt_gap0_IM,0,270772,halted
RV64IM_7SP,mk_branch_taken_gap8_IM,0,736689,halted
RV64IM_7SP,mk_branch_nt_gap8_IM,0,673227,halted
RV64IM_7SP,mk_jump_sequential_IM,0,168301,halted
RV64IM_7SP,mk_branch_ttnt_gap8_IM,0,803252,halted
RV64IM_7SP,mk_jump_jal_IM,0,299373,halted
RV64IM_7SP,mk_jump_jalr_IM,0,299373,halted
RV64IM_7SP,mk_mul_every4_IM,0,266605,halted
RV64IM_7SP,mk_mul_every16_IM,0,168301,halted
RV64IM_7SP,mk_mul_every1_IM,0,659821,halted
RV64IM_7SP,mk_div_every16_IM,0,692589,halted
RV64IM_7SP,mk_divu_every16_IM,0,692589,halted
RV64IM_7SP,mk_div_every4_IM,0,2363757,halted
RV64IM_7SP,mk_divu_every4_IM,0,2363757,halted
RV64IM_7SP,mk_rem_every16_IM,0,692589,halted
RV64IM_7SP,mk_mulw_every4_IM,0,266605,halted
RV64IM_7SP,mk_mulw_every16_IM,0,168301,halted
RV64IM_7SP,mk_mulw_every1_IM,0,659821,halted
RV64IM_7SP,mk_rem_every4_IM,0,2363757,halted
RV64IM_7SP,mk_divw_every16_IM,0,430445,halted
RV64IM_7SP,mk_divw_every4_IM,0,1315181,halted
RV64IM_7SP,mk_div_every1_IM,0,9048429,halted
RV64IM_7SP,mk_divuw_every4_IM,0,1315181,halted
RV64IM_7SP,mk_divuw_every16_IM,0,430445,halted
RV64IM_7SP,mk_rem_every1_IM,0,9048429,halted
RV64IM_7SP,mk_divuw_every1_IM,0,4854125,halted
RV64IM_7SP,mk_remw_every16_IM,0,430445,halted
RV64IM_7SP,mk_remw_every4_IM,0,1315181,halted
RV64IM_7SP,mk_divu_every1_IM,0,9048429,halted
RV64IM_7SP,mk_corner_mulh_IM,0,86381,halted
RV64IM_7SP,mk_mul_result_use_IM,0,201069,halted
RV64IM_7SP,mk_corner_mulhu_IM,0,86381,halted
RV64IM_7SP,mk_corner_mulhsu_IM,0,86381,halted
RV64IM_7SP,mk_div_result_use_IM,0,1249645,halted
RV64IM_7SP,mk_corner_rem_IM,0,323949,halted
RV64IM_7SP,mk_corner_div_IM,0,323949,halted
RV64IM_7SP,mk_corner_divw_IM,0,192877,halted
RV64IM_7SP,mk_divw_every1_IM,0,4854125,halted
RV64IM_7SP,mk_corner_divu_IM,0,598381,halted
RV64IM_7SP,mk_corner_divuw_IM,0,336237,halted
RV64IM_7SP,mk_corner_remw_IM,0,192877,halted
RV64IM_7SP,mk_corner_remu_IM,0,598381,halted
RV64IM_7SP,mk_corner_remuw_IM,0,336237,halted
RV64IM_7SP,mk_mixed_embedded_IM,0,220511,halted
RV64IM_7SP,aapg_rv64im_s003,5,68990,halted
RV64IM_7SP,aapg_rv64im_s004,1,74224,halted
RV64IM_7SP,aapg_rv64im_s006,0,72142,halted
RV64IM_7SP,mk_remw_every1_IM,0,4854125,halted
RV64IM_7SP,aapg_rv64im_s009,1,68572,halted
RV64IM_7SP,aapg_rv64im_s008,1,69814,halted
RV64IM_7SP,aapg_rv64im_s011,3,72085,halted
RV64IM_7SP,aapg_rv64im_s002,6,3000000,capped
RV64IM_7SP,aapg_rv64im_s013,0,66869,halted
RV64IM_7SP,aapg_rv64im_s001,6,3000000,capped
RV64IM_7SP,aapg_rv64im_s012,24705,3000000,capped
RV64IM_7SP,aapg_rv64im_s010,39878,3000000,capped
RV64IM_7SP,aapg_rv64im_s015,4,69740,halted
RV64IM_7SP,aapg_rv64im_s018,0,71244,halted
RV64IM_7SP,aapg_rv64im_s005,5,3000000,capped
RV64IM_7SP,aapg_rv64im_s019,3,78421,halted
RV64IM_7SP,aapg_rv64im_s014,7326,3000000,capped
RV64IM_7SP,aapg_rv64im_s017,44958,3000000,capped
RV64IM_7SP,aapg_rv64im_s007,23194,3000000,capped
RV64IM_7SP,aapg_rv64im_s016,21762,3000000,capped
RV64IM_7SP_BRAM,dhrystone_1000it,0,2000000,capped
RV64IM_7SP,aapg_rv64im_s020,66581,3000000,capped
RV64IM_7SP_BRAM,embench_aha-mont64,0,3507011,halted
RV64IM_7SP_BRAM,embench_crc32,0,6842935,halted
RV64IM_7SP_BRAM,coremark_10it,0,9000000,capped
RV64IM_7SP_BRAM,embench_edn,0,6779644,halted
RV64IM_7SP_BRAM,embench_huffbench_12KBstack,0,5710012,halted
RV64IM_7SP_BRAM,embench_matmult-int,0,5603956,halted
RV64IM_7SP_BRAM,embench_md5sum,0,4279191,halted
RV64IM_7SP_BRAM,embench_nettle-sha256,0,4981060,halted
RV64IM_7SP_BRAM,embench_nsichneu,0,3907481,halted
RV64IM_7SP_BRAM,embench_nettle-aes,0,5673690,halted
RV64IM_7SP_BRAM,embench_picojpeg,0,7602049,halted
RV64IM_7SP_BRAM,embench_qrduino,0,6795785,halted
RV64IM_7SP_BRAM,embench_slre_12KBstack,0,6788816,halted
RV64IM_7SP_BRAM,embench_statemate,0,5192061,halted
RV64IM_7SP_BRAM,embench_sglib-combined,0,6867035,halted
RV64IM_7SP_BRAM,embench_tarfind,0,3281107,halted
RV64IM_7SP_BRAM,mk_alu_independent_I,0,135597,halted
RV64IM_7SP_BRAM,mk_alu_dependency_chain_I,0,135597,halted
RV64IM_7SP_BRAM,mk_add_gap0_control_I,0,135597,halted
RV64IM_7SP_BRAM,mk_add_gap0_dep_I,0,135597,halted
RV64IM_7SP_BRAM,mk_add_gap1_dep_I,0,135597,halted
RV64IM_7SP_BRAM,mk_add_gap1_control_I,0,135597,halted
RV64IM_7SP_BRAM,embench_wikisort_12KBstack,0,4218709,halted
RV64IM_7SP_BRAM,mk_add_gap2_dep_I,0,135597,halted
RV64IM_7SP_BRAM,mk_add_gap3_dep_I,0,135597,halted
RV64IM_7SP_BRAM,mk_add_gap3_control_I,0,135597,halted
RV64IM_7SP_BRAM,mk_add_gap2_control_I,0,135597,halted
RV64IM_7SP_BRAM,mk_add_gap4_dep_I,0,135597,halted
RV64IM_7SP_BRAM,mk_add_gap4_control_I,0,135597,halted
RV64IM_7SP_BRAM,mk_xor_gap0_dep_I,0,135597,halted
RV64IM_7SP_BRAM,mk_xor_gap0_control_I,0,135597,halted
RV64IM_7SP_BRAM,mk_xor_gap1_dep_I,0,135597,halted
RV64IM_7SP_BRAM,mk_xor_gap2_dep_I,0,135597,halted
RV64IM_7SP_BRAM,mk_xor_gap1_control_I,0,135597,halted
RV64IM_7SP_BRAM,mk_xor_gap2_control_I,0,135597,halted
RV64IM_7SP_BRAM,mk_xor_gap4_dep_I,0,135597,halted
RV64IM_7SP_BRAM,mk_xor_gap3_dep_I,0,135597,halted
RV64IM_7SP_BRAM,mk_xor_gap3_control_I,0,135597,halted
RV64IM_7SP_BRAM,mk_xor_gap4_control_I,0,135597,halted
RV64IM_7SP_BRAM,mk_addw_gap0_control_I,0,135597,halted
RV64IM_7SP_BRAM,mk_addw_gap1_dep_I,0,135597,halted
RV64IM_7SP_BRAM,mk_addw_gap0_dep_I,0,135597,halted
RV64IM_7SP_BRAM,mk_addw_gap2_dep_I,0,135597,halted
RV64IM_7SP_BRAM,mk_addw_gap1_control_I,0,135597,halted
RV64IM_7SP_BRAM,mk_addw_gap2_control_I,0,135597,halted
RV64IM_7SP_BRAM,mk_addw_gap3_dep_I,0,135597,halted
RV64IM_7SP_BRAM,mk_addw_gap4_dep_I,0,135597,halted
RV64IM_7SP_BRAM,mk_addw_gap3_control_I,0,135597,halted
RV64IM_7SP_BRAM,mk_addw_gap4_control_I,0,135597,halted
RV64IM_7SP_BRAM,mk_load_gap0_dep_I,0,151981,halted
RV64IM_7SP_BRAM,mk_load_gap0_control_I,0,135597,halted
RV64IM_7SP_BRAM,mk_load_gap1_dep_I,0,135597,halted
RV64IM_7SP_BRAM,mk_load_gap1_control_I,0,135597,halted
RV64IM_7SP_BRAM,mk_load_gap2_dep_I,0,135597,halted
RV64IM_7SP_BRAM,mk_load_gap2_control_I,0,135597,halted
RV64IM_7SP_BRAM,mk_load_gap3_control_I,0,135597,halted
RV64IM_7SP_BRAM,mk_load_gap3_dep_I,0,135597,halted
RV64IM_7SP_BRAM,mk_load_gap4_control_I,0,135597,halted
RV64IM_7SP_BRAM,mk_load_gap4_dep_I,0,135597,halted
RV64IM_7SP_BRAM,mk_memory_load_25_I,0,135597,halted
RV64IM_7SP_BRAM,embench_ud,0,8560412,halted
RV64IM_7SP_BRAM,mk_memory_load_75_I,0,135597,halted
RV64IM_7SP_BRAM,mk_memory_load_50_I,0,135597,halted
RV64IM_7SP_BRAM,mk_memory_store_0_I,0,135597,halted
RV64IM_7SP_BRAM,mk_memory_load_0_I,0,135597,halted
RV64IM_7SP_BRAM,mk_memory_load_100_I,0,135597,halted
RV64IM_7SP_BRAM,mk_memory_store_25_I,0,168365,halted
RV64IM_7SP_BRAM,mk_memory_store_50_I,0,201133,halted
RV64IM_7SP_BRAM,mk_memory_store_100_I,0,266669,halted
RV64IM_7SP_BRAM,mk_memory_store_75_I,0,233901,halted
RV64IM_7SP_BRAM,mk_memory_mixed_0_I,0,135597,halted
RV64IM_7SP_BRAM,mk_memory_mixed_25_I,0,135597,halted
RV64IM_7SP_BRAM,mk_memory_mixed_75_I,0,168365,halted
RV64IM_7SP_BRAM,mk_copy_gap0_I,0,168365,halted
RV64IM_7SP_BRAM,mk_memory_mixed_50_I,0,168365,halted
RV64IM_7SP_BRAM,mk_memory_mixed_100_I,0,201133,halted
RV64IM_7SP_BRAM,mk_copy_gap1_I,0,151981,halted
RV64IM_7SP_BRAM,mk_copy_gap4_I,0,151981,halted
RV64IM_7SP_BRAM,mk_store_load_different_I,0,151981,halted
RV64IM_7SP_BRAM,mk_store_load_same_I,0,151981,halted
RV64IM_7SP_BRAM,mk_copy_gap2_I,0,151981,halted
RV64IM_7SP_BRAM,embench_xgboost,0,10857046,halted
RV64IM_7SP_BRAM,mk_branch_nt_gap0_I,0,140811,halted
RV64IM_7SP_BRAM,mk_branch_taken_gap0_I,0,204273,halted
RV64IM_7SP_BRAM,mk_branch_nt_gap8_I,0,673291,halted
RV64IM_7SP_BRAM,mk_branch_alternate_gap0_I,0,337524,halted
RV64IM_7SP_BRAM,mk_jump_sequential_I,0,168365,halted
RV64IM_7SP_BRAM,mk_jump_jal_I,0,299437,halted
RV64IM_7SP_BRAM,mk_branch_alternate_gap8_I,0,870004,halted
RV64IM_7SP_BRAM,mk_branch_taken_gap8_I,0,736753,halted
RV64IM_7SP_BRAM,mk_branch_ttnt_gap0_I,0,270836,halted
RV64IM_7SP_BRAM,mk_alu_dependency_chain_IM,0,135597,halted
RV64IM_7SP_BRAM,mk_alu_independent_IM,0,135597,halted
RV64IM_7SP_BRAM,mk_jump_jalr_I,0,299437,halted
RV64IM_7SP_BRAM,mk_mixed_embedded_I,0,171423,halted
RV64IM_7SP_BRAM,mk_add_gap0_dep_IM,0,135597,halted
RV64IM_7SP_BRAM,mk_add_gap1_control_IM,0,135597,halted
RV64IM_7SP_BRAM,mk_add_gap0_control_IM,0,135597,halted
RV64IM_7SP_BRAM,mk_add_gap2_control_IM,0,135597,halted
RV64IM_7SP_BRAM,mk_add_gap3_dep_IM,0,135597,halted
RV64IM_7SP_BRAM,mk_branch_ttnt_gap8_I,0,803316,halted
RV64IM_7SP_BRAM,mk_add_gap1_dep_IM,0,135597,halted
RV64IM_7SP_BRAM,mk_add_gap2_dep_IM,0,135597,halted
RV64IM_7SP_BRAM,mk_add_gap4_dep_IM,0,135597,halted
RV64IM_7SP_BRAM,mk_xor_gap0_dep_IM,0,135597,halted
RV64IM_7SP_BRAM,mk_add_gap3_control_IM,0,135597,halted
RV64IM_7SP_BRAM,mk_add_gap4_control_IM,0,135597,halted
RV64IM_7SP_BRAM,mk_xor_gap0_control_IM,0,135597,halted
RV64IM_7SP_BRAM,mk_xor_gap1_dep_IM,0,135597,halted
RV64IM_7SP_BRAM,mk_xor_gap1_control_IM,0,135597,halted
RV64IM_7SP_BRAM,mk_xor_gap2_dep_IM,0,135597,halted
RV64IM_7SP_BRAM,mk_xor_gap2_control_IM,0,135597,halted
RV64IM_7SP_BRAM,mk_xor_gap3_control_IM,0,135597,halted
RV64IM_7SP_BRAM,mk_xor_gap3_dep_IM,0,135597,halted
RV64IM_7SP_BRAM,mk_xor_gap4_dep_IM,0,135597,halted
RV64IM_7SP_BRAM,mk_xor_gap4_control_IM,0,135597,halted
RV64IM_7SP_BRAM,mk_addw_gap0_control_IM,0,135597,halted
RV64IM_7SP_BRAM,mk_addw_gap0_dep_IM,0,135597,halted
RV64IM_7SP_BRAM,mk_addw_gap1_dep_IM,0,135597,halted
RV64IM_7SP_BRAM,mk_addw_gap2_control_IM,0,135597,halted
RV64IM_7SP_BRAM,mk_addw_gap2_dep_IM,0,135597,halted
RV64IM_7SP_BRAM,mk_addw_gap1_control_IM,0,135597,halted
RV64IM_7SP_BRAM,mk_addw_gap3_dep_IM,0,135597,halted
RV64IM_7SP_BRAM,mk_addw_gap3_control_IM,0,135597,halted
RV64IM_7SP_BRAM,mk_addw_gap4_control_IM,0,135597,halted
RV64IM_7SP_BRAM,mk_load_gap0_control_IM,0,135597,halted
RV64IM_7SP_BRAM,mk_load_gap0_dep_IM,0,151981,halted
RV64IM_7SP_BRAM,mk_addw_gap4_dep_IM,0,135597,halted
RV64IM_7SP_BRAM,mk_load_gap1_control_IM,0,135597,halted
RV64IM_7SP_BRAM,mk_load_gap1_dep_IM,0,135597,halted
RV64IM_7SP_BRAM,mk_load_gap2_control_IM,0,135597,halted
RV64IM_7SP_BRAM,mk_load_gap2_dep_IM,0,135597,halted
RV64IM_7SP_BRAM,mk_load_gap3_control_IM,0,135597,halted
RV64IM_7SP_BRAM,mk_load_gap4_control_IM,0,135597,halted
RV64IM_7SP_BRAM,mk_load_gap3_dep_IM,0,135597,halted
RV64IM_7SP_BRAM,mk_memory_load_0_IM,0,135597,halted
RV64IM_7SP_BRAM,mk_load_gap4_dep_IM,0,135597,halted
RV64IM_7SP_BRAM,mk_memory_load_50_IM,0,135597,halted
RV64IM_7SP_BRAM,mk_memory_load_25_IM,0,135597,halted
RV64IM_7SP_BRAM,mk_memory_load_100_IM,0,135597,halted
RV64IM_7SP_BRAM,mk_memory_store_0_IM,0,135597,halted
RV64IM_7SP_BRAM,mk_memory_load_75_IM,0,135597,halted
RV64IM_7SP_BRAM,mk_memory_store_25_IM,0,168365,halted
RV64IM_7SP_BRAM,mk_memory_store_50_IM,0,201133,halted
RV64IM_7SP_BRAM,mk_memory_store_75_IM,0,233901,halted
RV64IM_7SP_BRAM,mk_memory_store_100_IM,0,266669,halted
RV64IM_7SP_BRAM,mk_memory_mixed_25_IM,0,135597,halted
RV64IM_7SP_BRAM,mk_memory_mixed_0_IM,0,135597,halted
RV64IM_7SP_BRAM,mk_memory_mixed_50_IM,0,168365,halted
RV64IM_7SP_BRAM,mk_memory_mixed_75_IM,0,168365,halted
RV64IM_7SP_BRAM,mk_copy_gap0_IM,0,168365,halted
RV64IM_7SP_BRAM,mk_memory_mixed_100_IM,0,201133,halted
RV64IM_7SP_BRAM,mk_copy_gap1_IM,0,151981,halted
RV64IM_7SP_BRAM,mk_copy_gap4_IM,0,151981,halted
RV64IM_7SP_BRAM,mk_copy_gap2_IM,0,151981,halted
RV64IM_7SP_BRAM,mk_store_load_same_IM,0,151981,halted
RV64IM_7SP_BRAM,mk_store_load_different_IM,0,151981,halted
RV64IM_7SP_BRAM,mk_branch_nt_gap0_IM,0,140811,halted
RV64IM_7SP_BRAM,mk_branch_taken_gap0_IM,0,204273,halted
RV64IM_7SP_BRAM,mk_branch_nt_gap8_IM,0,673291,halted
RV64IM_7SP_BRAM,mk_branch_alternate_gap0_IM,0,337524,halted
RV64IM_7SP_BRAM,mk_jump_sequential_IM,0,168365,halted
RV64IM_7SP_BRAM,mk_branch_ttnt_gap0_IM,0,270836,halted
RV64IM_7SP_BRAM,mk_branch_alternate_gap8_IM,0,870004,halted
RV64IM_7SP_BRAM,mk_branch_ttnt_gap8_IM,0,803316,halted
RV64IM_7SP_BRAM,mk_branch_taken_gap8_IM,0,736753,halted
RV64IM_7SP_BRAM,mk_jump_jal_IM,0,299437,halted
RV64IM_7SP_BRAM,mk_mul_every4_IM,0,266669,halted
RV64IM_7SP_BRAM,mk_jump_jalr_IM,0,299437,halted
RV64IM_7SP_BRAM,mk_mul_every16_IM,0,168365,halted
RV64IM_7SP_BRAM,mk_mul_every1_IM,0,659885,halted
RV64IM_7SP_BRAM,mk_div_every16_IM,0,692653,halted
RV64IM_7SP_BRAM,embench_depthconv,0,38067063,halted
RV64IM_7SP_BRAM,mk_divu_every16_IM,0,692653,halted
RV64IM_7SP_BRAM,mk_div_every4_IM,0,2363821,halted
RV64IM_7SP_BRAM,mk_rem_every16_IM,0,692653,halted
RV64IM_7SP_BRAM,mk_rem_every4_IM,0,2363821,halted
RV64IM_7SP_BRAM,mk_mulw_every1_IM,0,659885,halted
RV64IM_7SP_BRAM,mk_divu_every4_IM,0,2363821,halted
RV64IM_7SP_BRAM,mk_mulw_every16_IM,0,168365,halted
RV64IM_7SP_BRAM,mk_mulw_every4_IM,0,266669,halted
RV64IM_7SP_BRAM,mk_divw_every16_IM,0,430509,halted
RV64IM_7SP_BRAM,mk_divw_every4_IM,0,1315245,halted
RV64IM_7SP_BRAM,mk_divuw_every4_IM,0,1315245,halted
RV64IM_7SP_BRAM,mk_div_every1_IM,0,9048493,halted
RV64IM_7SP_BRAM,mk_divuw_every16_IM,0,430509,halted
RV64IM_7SP_BRAM,mk_divu_every1_IM,0,9048493,halted
RV64IM_7SP_BRAM,mk_remw_every4_IM,0,1315245,halted
RV64IM_7SP_BRAM,mk_remw_every16_IM,0,430509,halted
RV64IM_7SP_BRAM,mk_mul_result_use_IM,0,201133,halted
RV64IM_7SP_BRAM,mk_corner_mulh_IM,0,86445,halted
RV64IM_7SP_BRAM,mk_divw_every1_IM,0,4854189,halted
RV64IM_7SP_BRAM,mk_corner_mulhu_IM,0,86445,halted
RV64IM_7SP_BRAM,mk_corner_mulhsu_IM,0,86445,halted
RV64IM_7SP_BRAM,mk_remw_every1_IM,0,4854189,halted
RV64IM_7SP_BRAM,mk_divuw_every1_IM,0,4854189,halted
RV64IM_7SP_BRAM,mk_corner_div_IM,0,324013,halted
RV64IM_7SP_BRAM,mk_div_result_use_IM,0,1249709,halted
RV64IM_7SP_BRAM,mk_corner_divu_IM,0,598445,halted
RV64IM_7SP_BRAM,mk_corner_rem_IM,0,324013,halted
RV64IM_7SP_BRAM,mk_corner_divw_IM,0,192941,halted
RV64IM_7SP_BRAM,mk_corner_remu_IM,0,598445,halted
RV64IM_7SP_BRAM,mk_corner_remw_IM,0,192941,halted
RV64IM_7SP_BRAM,mk_corner_divuw_IM,0,336301,halted
RV64IM_7SP_BRAM,mk_mixed_embedded_IM,0,236959,halted
RV64IM_7SP_BRAM,mk_corner_remuw_IM,0,336301,halted
RV64IM_7SP_BRAM,aapg_rv64im_s004,1,81008,halted
RV64IM_7SP_BRAM,aapg_rv64im_s003,5,74984,halted
RV64IM_7SP_BRAM,mk_rem_every1_IM,0,9048493,halted
RV64IM_7SP_BRAM,aapg_rv64im_s006,0,77286,halted
RV64IM_7SP_BRAM,aapg_rv64im_s008,1,75779,halted
RV64IM_7SP_BRAM,aapg_rv64im_s009,1,74647,halted
RV64IM_7SP_BRAM,aapg_rv64im_s011,3,77396,halted
RV64IM_7SP_BRAM,aapg_rv64im_s001,6,3000000,capped
RV64IM_7SP_BRAM,aapg_rv64im_s013,0,72412,halted
RV64IM_7SP_BRAM,aapg_rv64im_s002,6,3000000,capped
RV64IM_7SP_BRAM,aapg_rv64im_s015,4,75474,halted
RV64IM_7SP_BRAM,aapg_rv64im_s005,5,3000000,capped
RV64IM_7SP_BRAM,aapg_rv64im_s007,22302,3000000,capped
RV64IM_7SP_BRAM,aapg_rv64im_s010,39290,3000000,capped
RV64IM_7SP_BRAM,aapg_rv64im_s018,0,77390,halted
RV64IM_7SP_BRAM,aapg_rv64im_s019,3,84681,halted
RV64IM_7SP_BRAM,aapg_rv64im_s012,23294,3000000,capped
RV64IM_7SP_BRAM,aapg_rv64im_s014,6124,3000000,capped
RV64IM_7SP_BRAM,aapg_rv64im_s020,66452,3000000,capped
RV64IM_7SP_BRAM,aapg_rv64im_s016,20948,3000000,capped
RV64IM_7SP_BRAM,aapg_rv64im_s017,41748,3000000,capped
RV64IM_7SP_BRAM_Opt,dhrystone_1000it,0,2000000,capped
RV64IM_7SP_BRAM_Opt,embench_aha-mont64,0,3547268,halted
RV64IM_7SP_BRAM_Opt,coremark_10it,0,9000000,capped
RV64IM_7SP_BRAM_Opt,embench_huffbench_12KBstack,0,5929369,halted
RV64IM_7SP_BRAM_Opt,embench_edn,0,6770817,halted
RV64IM_7SP_BRAM_Opt,embench_crc32,0,7194056,halted
RV64IM_7SP_BRAM_Opt,embench_nettle-aes,0,5722679,halted
RV64IM_7SP_BRAM_Opt,embench_nettle-sha256,0,5001957,halted
RV64IM_7SP_BRAM_Opt,embench_md5sum,0,4436007,halted
RV64IM_7SP_BRAM_Opt,embench_matmult-int,0,5607972,halted
RV64IM_7SP_BRAM_Opt,embench_nsichneu,0,3910012,halted
RV64IM_7SP_BRAM_Opt,embench_qrduino,0,6983718,halted
RV64IM_7SP_BRAM_Opt,embench_sglib-combined,0,7107127,halted
RV64IM_7SP_BRAM_Opt,embench_slre_12KBstack,0,7096120,halted
RV64IM_7SP_BRAM_Opt,embench_picojpeg,0,7958660,halted
RV64IM_7SP_BRAM_Opt,embench_statemate,0,5285422,halted
RV64IM_7SP_BRAM_Opt,mk_alu_independent_I,0,135597,halted
RV64IM_7SP_BRAM_Opt,mk_alu_dependency_chain_I,0,135597,halted
RV64IM_7SP_BRAM_Opt,embench_wikisort_12KBstack,0,4442099,halted
RV64IM_7SP_BRAM_Opt,mk_add_gap0_dep_I,0,135597,halted
RV64IM_7SP_BRAM_Opt,mk_add_gap0_control_I,0,135597,halted
RV64IM_7SP_BRAM_Opt,mk_add_gap1_dep_I,0,135597,halted
RV64IM_7SP_BRAM_Opt,mk_add_gap1_control_I,0,135597,halted
RV64IM_7SP_BRAM_Opt,mk_add_gap2_dep_I,0,135597,halted
RV64IM_7SP_BRAM_Opt,mk_add_gap2_control_I,0,135597,halted
RV64IM_7SP_BRAM_Opt,mk_add_gap3_dep_I,0,135597,halted
RV64IM_7SP_BRAM_Opt,mk_add_gap3_control_I,0,135597,halted
RV64IM_7SP_BRAM_Opt,mk_add_gap4_dep_I,0,135597,halted
RV64IM_7SP_BRAM_Opt,embench_tarfind,0,3370127,halted
RV64IM_7SP_BRAM_Opt,mk_xor_gap0_dep_I,0,135597,halted
RV64IM_7SP_BRAM_Opt,mk_xor_gap0_control_I,0,135597,halted
RV64IM_7SP_BRAM_Opt,mk_xor_gap1_dep_I,0,135597,halted
RV64IM_7SP_BRAM_Opt,mk_xor_gap1_control_I,0,135597,halted
RV64IM_7SP_BRAM_Opt,mk_add_gap4_control_I,0,135597,halted
RV64IM_7SP_BRAM_Opt,mk_xor_gap2_control_I,0,135597,halted
RV64IM_7SP_BRAM_Opt,mk_xor_gap2_dep_I,0,135597,halted
RV64IM_7SP_BRAM_Opt,mk_xor_gap3_dep_I,0,135597,halted
RV64IM_7SP_BRAM_Opt,mk_xor_gap3_control_I,0,135597,halted
RV64IM_7SP_BRAM_Opt,mk_xor_gap4_dep_I,0,135597,halted
RV64IM_7SP_BRAM_Opt,mk_xor_gap4_control_I,0,135597,halted
RV64IM_7SP_BRAM_Opt,mk_addw_gap0_control_I,0,135597,halted
RV64IM_7SP_BRAM_Opt,mk_addw_gap0_dep_I,0,135597,halted
RV64IM_7SP_BRAM_Opt,mk_addw_gap1_dep_I,0,135597,halted
RV64IM_7SP_BRAM_Opt,embench_ud,0,8696648,halted
RV64IM_7SP_BRAM_Opt,mk_addw_gap2_dep_I,0,135597,halted
RV64IM_7SP_BRAM_Opt,mk_addw_gap1_control_I,0,135597,halted
RV64IM_7SP_BRAM_Opt,mk_addw_gap2_control_I,0,135597,halted
RV64IM_7SP_BRAM_Opt,mk_addw_gap4_control_I,0,135597,halted
RV64IM_7SP_BRAM_Opt,mk_addw_gap3_dep_I,0,135597,halted
RV64IM_7SP_BRAM_Opt,mk_addw_gap3_control_I,0,135597,halted
RV64IM_7SP_BRAM_Opt,mk_addw_gap4_dep_I,0,135597,halted
RV64IM_7SP_BRAM_Opt,mk_load_gap1_control_I,0,135597,halted
RV64IM_7SP_BRAM_Opt,mk_load_gap0_dep_I,0,151981,halted
RV64IM_7SP_BRAM_Opt,mk_load_gap1_dep_I,0,135597,halted
RV64IM_7SP_BRAM_Opt,mk_load_gap0_control_I,0,135597,halted
RV64IM_7SP_BRAM_Opt,mk_load_gap3_control_I,0,135597,halted
RV64IM_7SP_BRAM_Opt,mk_load_gap3_dep_I,0,135597,halted
RV64IM_7SP_BRAM_Opt,mk_load_gap2_control_I,0,135597,halted
RV64IM_7SP_BRAM_Opt,mk_load_gap4_dep_I,0,135597,halted
RV64IM_7SP_BRAM_Opt,mk_load_gap2_dep_I,0,135597,halted
RV64IM_7SP_BRAM_Opt,mk_load_gap4_control_I,0,135597,halted
RV64IM_7SP_BRAM_Opt,mk_memory_load_0_I,0,135597,halted
RV64IM_7SP_BRAM_Opt,mk_memory_load_50_I,0,135597,halted
RV64IM_7SP_BRAM_Opt,mk_memory_load_75_I,0,135597,halted
RV64IM_7SP_BRAM_Opt,mk_memory_load_25_I,0,135597,halted
RV64IM_7SP_BRAM_Opt,mk_memory_store_25_I,0,168365,halted
RV64IM_7SP_BRAM_Opt,mk_memory_store_0_I,0,135597,halted
RV64IM_7SP_BRAM_Opt,mk_memory_load_100_I,0,135597,halted
RV64IM_7SP_BRAM_Opt,mk_memory_store_75_I,0,233901,halted
RV64IM_7SP_BRAM_Opt,mk_memory_store_50_I,0,201133,halted
RV64IM_7SP_BRAM_Opt,mk_memory_mixed_0_I,0,135597,halted
RV64IM_7SP_BRAM_Opt,mk_memory_mixed_25_I,0,135597,halted
RV64IM_7SP_BRAM_Opt,mk_memory_mixed_75_I,0,168365,halted
RV64IM_7SP_BRAM_Opt,mk_memory_mixed_50_I,0,168365,halted
RV64IM_7SP_BRAM_Opt,mk_memory_store_100_I,0,266669,halted
RV64IM_7SP_BRAM_Opt,mk_copy_gap0_I,0,168365,halted
RV64IM_7SP_BRAM_Opt,mk_copy_gap1_I,0,151981,halted
RV64IM_7SP_BRAM_Opt,mk_memory_mixed_100_I,0,201133,halted
RV64IM_7SP_BRAM_Opt,mk_copy_gap2_I,0,151981,halted
RV64IM_7SP_BRAM_Opt,mk_store_load_same_I,0,151981,halted
RV64IM_7SP_BRAM_Opt,mk_copy_gap4_I,0,151981,halted
RV64IM_7SP_BRAM_Opt,mk_store_load_different_I,0,151981,halted
RV64IM_7SP_BRAM_Opt,mk_branch_nt_gap0_I,0,140811,halted
RV64IM_7SP_BRAM_Opt,mk_branch_taken_gap0_I,0,204273,halted
RV64IM_7SP_BRAM_Opt,mk_branch_alternate_gap0_I,0,337524,halted
RV64IM_7SP_BRAM_Opt,mk_branch_nt_gap8_I,0,673291,halted
RV64IM_7SP_BRAM_Opt,mk_branch_ttnt_gap0_I,0,270836,halted
RV64IM_7SP_BRAM_Opt,mk_branch_taken_gap8_I,0,736753,halted
RV64IM_7SP_BRAM_Opt,mk_jump_sequential_I,0,168365,halted
RV64IM_7SP_BRAM_Opt,mk_branch_ttnt_gap8_I,0,803316,halted
RV64IM_7SP_BRAM_Opt,mk_jump_jal_I,0,332205,halted
RV64IM_7SP_BRAM_Opt,mk_jump_jalr_I,0,332205,halted
RV64IM_7SP_BRAM_Opt,mk_mixed_embedded_I,0,171423,halted
RV64IM_7SP_BRAM_Opt,mk_alu_independent_IM,0,135597,halted
RV64IM_7SP_BRAM_Opt,mk_alu_dependency_chain_IM,0,135597,halted
RV64IM_7SP_BRAM_Opt,mk_branch_alternate_gap8_I,0,870004,halted
RV64IM_7SP_BRAM_Opt,mk_add_gap0_dep_IM,0,135597,halted
RV64IM_7SP_BRAM_Opt,mk_add_gap0_control_IM,0,135597,halted
RV64IM_7SP_BRAM_Opt,mk_add_gap1_dep_IM,0,135597,halted
RV64IM_7SP_BRAM_Opt,mk_add_gap2_control_IM,0,135597,halted
RV64IM_7SP_BRAM_Opt,mk_add_gap2_dep_IM,0,135597,halted
RV64IM_7SP_BRAM_Opt,mk_add_gap1_control_IM,0,135597,halted
RV64IM_7SP_BRAM_Opt,mk_add_gap3_dep_IM,0,135597,halted
RV64IM_7SP_BRAM_Opt,mk_add_gap3_control_IM,0,135597,halted
RV64IM_7SP_BRAM_Opt,mk_add_gap4_dep_IM,0,135597,halted
RV64IM_7SP_BRAM_Opt,mk_add_gap4_control_IM,0,135597,halted
RV64IM_7SP_BRAM_Opt,mk_xor_gap0_dep_IM,0,135597,halted
RV64IM_7SP_BRAM_Opt,mk_xor_gap0_control_IM,0,135597,halted
RV64IM_7SP_BRAM_Opt,mk_xor_gap1_control_IM,0,135597,halted
RV64IM_7SP_BRAM_Opt,mk_xor_gap1_dep_IM,0,135597,halted
RV64IM_7SP_BRAM_Opt,mk_xor_gap2_dep_IM,0,135597,halted
RV64IM_7SP_BRAM_Opt,mk_xor_gap3_control_IM,0,135597,halted
RV64IM_7SP_BRAM_Opt,mk_xor_gap3_dep_IM,0,135597,halted
RV64IM_7SP_BRAM_Opt,mk_xor_gap2_control_IM,0,135597,halted
RV64IM_7SP_BRAM_Opt,mk_addw_gap0_dep_IM,0,135597,halted
RV64IM_7SP_BRAM_Opt,mk_xor_gap4_dep_IM,0,135597,halted
RV64IM_7SP_BRAM_Opt,mk_addw_gap0_control_IM,0,135597,halted
RV64IM_7SP_BRAM_Opt,mk_xor_gap4_control_IM,0,135597,halted
RV64IM_7SP_BRAM_Opt,mk_addw_gap1_dep_IM,0,135597,halted
RV64IM_7SP_BRAM_Opt,mk_addw_gap1_control_IM,0,135597,halted
RV64IM_7SP_BRAM_Opt,embench_xgboost,0,11018327,halted
RV64IM_7SP_BRAM_Opt,mk_addw_gap3_dep_IM,0,135597,halted
RV64IM_7SP_BRAM_Opt,mk_addw_gap3_control_IM,0,135597,halted
RV64IM_7SP_BRAM_Opt,mk_addw_gap2_control_IM,0,135597,halted
RV64IM_7SP_BRAM_Opt,mk_addw_gap4_dep_IM,0,135597,halted
RV64IM_7SP_BRAM_Opt,mk_addw_gap2_dep_IM,0,135597,halted
RV64IM_7SP_BRAM_Opt,mk_addw_gap4_control_IM,0,135597,halted
RV64IM_7SP_BRAM_Opt,mk_load_gap0_dep_IM,0,151981,halted
RV64IM_7SP_BRAM_Opt,mk_load_gap1_dep_IM,0,135597,halted
RV64IM_7SP_BRAM_Opt,mk_load_gap2_dep_IM,0,135597,halted
RV64IM_7SP_BRAM_Opt,mk_load_gap0_control_IM,0,135597,halted
RV64IM_7SP_BRAM_Opt,mk_load_gap1_control_IM,0,135597,halted
RV64IM_7SP_BRAM_Opt,mk_load_gap3_control_IM,0,135597,halted
RV64IM_7SP_BRAM_Opt,mk_load_gap3_dep_IM,0,135597,halted
RV64IM_7SP_BRAM_Opt,mk_load_gap2_control_IM,0,135597,halted
RV64IM_7SP_BRAM_Opt,mk_load_gap4_dep_IM,0,135597,halted
RV64IM_7SP_BRAM_Opt,mk_memory_load_0_IM,0,135597,halted
RV64IM_7SP_BRAM_Opt,mk_load_gap4_control_IM,0,135597,halted
RV64IM_7SP_BRAM_Opt,mk_memory_load_25_IM,0,135597,halted
RV64IM_7SP_BRAM_Opt,mk_memory_load_50_IM,0,135597,halted
RV64IM_7SP_BRAM_Opt,mk_memory_load_75_IM,0,135597,halted
RV64IM_7SP_BRAM_Opt,mk_memory_load_100_IM,0,135597,halted
RV64IM_7SP_BRAM_Opt,mk_memory_store_0_IM,0,135597,halted
RV64IM_7SP_BRAM_Opt,mk_memory_store_50_IM,0,201133,halted
RV64IM_7SP_BRAM_Opt,mk_memory_store_25_IM,0,168365,halted
RV64IM_7SP_BRAM_Opt,mk_memory_mixed_0_IM,0,135597,halted
RV64IM_7SP_BRAM_Opt,mk_memory_store_75_IM,0,233901,halted
RV64IM_7SP_BRAM_Opt,mk_memory_mixed_50_IM,0,168365,halted
RV64IM_7SP_BRAM_Opt,mk_memory_mixed_25_IM,0,135597,halted
RV64IM_7SP_BRAM_Opt,mk_memory_store_100_IM,0,266669,halted
RV64IM_7SP_BRAM_Opt,mk_copy_gap0_IM,0,168365,halted
RV64IM_7SP_BRAM_Opt,mk_memory_mixed_75_IM,0,168365,halted
RV64IM_7SP_BRAM_Opt,mk_memory_mixed_100_IM,0,201133,halted
RV64IM_7SP_BRAM_Opt,mk_copy_gap1_IM,0,151981,halted
RV64IM_7SP_BRAM_Opt,mk_copy_gap2_IM,0,151981,halted
RV64IM_7SP_BRAM_Opt,mk_store_load_different_IM,0,151981,halted
RV64IM_7SP_BRAM_Opt,mk_store_load_same_IM,0,151981,halted
RV64IM_7SP_BRAM_Opt,mk_copy_gap4_IM,0,151981,halted
RV64IM_7SP_BRAM_Opt,mk_branch_nt_gap0_IM,0,140811,halted
RV64IM_7SP_BRAM_Opt,mk_branch_taken_gap0_IM,0,204273,halted
RV64IM_7SP_BRAM_Opt,mk_branch_nt_gap8_IM,0,673291,halted
RV64IM_7SP_BRAM_Opt,mk_branch_alternate_gap0_IM,0,337524,halted
RV64IM_7SP_BRAM_Opt,mk_branch_ttnt_gap0_IM,0,270836,halted
RV64IM_7SP_BRAM_Opt,mk_branch_alternate_gap8_IM,0,870004,halted
RV64IM_7SP_BRAM_Opt,mk_jump_sequential_IM,0,168365,halted
RV64IM_7SP_BRAM_Opt,mk_jump_jal_IM,0,332205,halted
RV64IM_7SP_BRAM_Opt,mk_mul_every4_IM,0,266669,halted
RV64IM_7SP_BRAM_Opt,mk_jump_jalr_IM,0,332205,halted
RV64IM_7SP_BRAM_Opt,mk_branch_ttnt_gap8_IM,0,803316,halted
RV64IM_7SP_BRAM_Opt,mk_branch_taken_gap8_IM,0,736753,halted
RV64IM_7SP_BRAM_Opt,mk_mul_every16_IM,0,168365,halted
RV64IM_7SP_BRAM_Opt,mk_mul_every1_IM,0,659885,halted
RV64IM_7SP_BRAM_Opt,mk_div_every16_IM,0,692653,halted
RV64IM_7SP_BRAM_Opt,mk_divu_every16_IM,0,692653,halted
RV64IM_7SP_BRAM_Opt,mk_div_every4_IM,0,2363821,halted
RV64IM_7SP_BRAM_Opt,mk_divu_every4_IM,0,2363821,halted
RV64IM_7SP_BRAM_Opt,mk_rem_every16_IM,0,692653,halted
RV64IM_7SP_BRAM_Opt,mk_rem_every4_IM,0,2363821,halted
RV64IM_7SP_BRAM_Opt,mk_mulw_every1_IM,0,659885,halted
RV64IM_7SP_BRAM_Opt,mk_mulw_every16_IM,0,168365,halted
RV64IM_7SP_BRAM_Opt,mk_mulw_every4_IM,0,266669,halted
RV64IM_7SP_BRAM_Opt,mk_div_every1_IM,0,9048493,halted
RV64IM_7SP_BRAM_Opt,mk_divw_every4_IM,0,1315245,halted
RV64IM_7SP_BRAM_Opt,mk_divw_every16_IM,0,430509,halted
RV64IM_7SP_BRAM_Opt,mk_divu_every1_IM,0,9048493,halted
RV64IM_7SP_BRAM_Opt,mk_divuw_every4_IM,0,1315245,halted
RV64IM_7SP_BRAM_Opt,mk_divuw_every1_IM,0,4854189,halted
RV64IM_7SP_BRAM_Opt,mk_divuw_every16_IM,0,430509,halted
RV64IM_7SP_BRAM_Opt,mk_remw_every16_IM,0,430509,halted
RV64IM_7SP_BRAM_Opt,embench_depthconv,0,39703944,halted
RV64IM_7SP_BRAM_Opt,mk_mul_result_use_IM,0,201133,halted
RV64IM_7SP_BRAM_Opt,mk_corner_mulh_IM,0,86445,halted
RV64IM_7SP_BRAM_Opt,mk_rem_every1_IM,0,9048493,halted
RV64IM_7SP_BRAM_Opt,mk_remw_every4_IM,0,1315245,halted
RV64IM_7SP_BRAM_Opt,mk_corner_mulhsu_IM,0,86445,halted
RV64IM_7SP_BRAM_Opt,mk_corner_mulhu_IM,0,86445,halted
RV64IM_7SP_BRAM_Opt,mk_corner_div_IM,0,324013,halted
RV64IM_7SP_BRAM_Opt,mk_corner_rem_IM,0,324013,halted
RV64IM_7SP_BRAM_Opt,mk_div_result_use_IM,0,1249709,halted
RV64IM_7SP_BRAM_Opt,mk_divw_every1_IM,0,4854189,halted
RV64IM_7SP_BRAM_Opt,mk_remw_every1_IM,0,4854189,halted
RV64IM_7SP_BRAM_Opt,mk_corner_remu_IM,0,598445,halted
RV64IM_7SP_BRAM_Opt,mk_corner_divw_IM,0,192941,halted
RV64IM_7SP_BRAM_Opt,mk_corner_divuw_IM,0,336301,halted
RV64IM_7SP_BRAM_Opt,mk_corner_divu_IM,0,598445,halted
RV64IM_7SP_BRAM_Opt,mk_corner_remw_IM,0,192941,halted
RV64IM_7SP_BRAM_Opt,aapg_rv64im_s003,5,74594,halted
RV64IM_7SP_BRAM_Opt,mk_mixed_embedded_IM,0,236959,halted
RV64IM_7SP_BRAM_Opt,mk_corner_remuw_IM,0,336301,halted
RV64IM_7SP_BRAM_Opt,aapg_rv64im_s006,0,77816,halted
RV64IM_7SP_BRAM_Opt,aapg_rv64im_s004,1,79889,halted
RV64IM_7SP_BRAM_Opt,aapg_rv64im_s008,1,75474,halted
RV64IM_7SP_BRAM_Opt,aapg_rv64im_s009,1,74255,halted
RV64IM_7SP_BRAM_Opt,aapg_rv64im_s011,3,77674,halted
RV64IM_7SP_BRAM_Opt,aapg_rv64im_s002,6,3000000,capped
RV64IM_7SP_BRAM_Opt,aapg_rv64im_s013,0,72532,halted
RV64IM_7SP_BRAM_Opt,aapg_rv64im_s001,6,3000000,capped
RV64IM_7SP_BRAM_Opt,aapg_rv64im_s005,5,3000000,capped
RV64IM_7SP_BRAM_Opt,aapg_rv64im_s015,4,75333,halted
RV64IM_7SP_BRAM_Opt,aapg_rv64im_s007,22974,3000000,capped
RV64IM_7SP_BRAM_Opt,aapg_rv64im_s018,0,76827,halted
RV64IM_7SP_BRAM_Opt,aapg_rv64im_s019,3,84105,halted
RV64IM_7SP_BRAM_Opt,aapg_rv64im_s010,38759,3000000,capped
RV64IM_7SP_BRAM_Opt,aapg_rv64im_s012,23106,3000000,capped
RV64IM_7SP_BRAM_Opt,aapg_rv64im_s014,7206,3000000,capped
RV64IM_8SP_withoutOpt,dhrystone_1000it,0,2000000,capped
RV64IM_7SP_BRAM_Opt,aapg_rv64im_s016,21561,3000000,capped
RV64IM_7SP_BRAM_Opt,aapg_rv64im_s017,41139,3000000,capped
RV64IM_7SP_BRAM_Opt,aapg_rv64im_s020,64976,3000000,capped
RV64IM_8SP_withoutOpt,embench_aha-mont64,0,4243167,halted
RV64IM_8SP_withoutOpt,coremark_10it,0,9000000,capped
RV64IM_8SP_withoutOpt,embench_crc32,0,8946575,halted
RV64IM_8SP_withoutOpt,embench_edn,0,7595069,halted
RV64IM_8SP_withoutOpt,embench_matmult-int,0,6003637,halted
RV64IM_8SP_withoutOpt,embench_huffbench_12KBstack,0,7020173,halted
RV64IM_8SP_withoutOpt,embench_md5sum,0,5255876,halted
RV64IM_8SP_withoutOpt,embench_nsichneu,0,5155513,halted
RV64IM_8SP_withoutOpt,embench_nettle-aes,0,6512967,halted
RV64IM_8SP_withoutOpt,embench_nettle-sha256,0,6973734,halted
RV64IM_8SP_withoutOpt,embench_picojpeg,0,9212916,halted
RV64IM_8SP_withoutOpt,embench_sglib-combined,0,8275098,halted
RV64IM_8SP_withoutOpt,embench_tarfind,0,3743421,halted
RV64IM_8SP_withoutOpt,embench_qrduino,0,8826792,halted
RV64IM_8SP_withoutOpt,embench_statemate,0,6977929,halted
RV64IM_8SP_withoutOpt,mk_alu_independent_I,0,136689,halted
RV64IM_8SP_withoutOpt,mk_alu_dependency_chain_I,0,266737,halted
RV64IM_8SP_withoutOpt,mk_add_gap0_dep_I,0,153073,halted
RV64IM_8SP_withoutOpt,mk_add_gap0_control_I,0,136689,halted
RV64IM_8SP_withoutOpt,embench_slre_12KBstack,0,7997497,halted
RV64IM_8SP_withoutOpt,mk_add_gap1_dep_I,0,136689,halted
RV64IM_8SP_withoutOpt,mk_add_gap1_control_I,0,136689,halted
RV64IM_8SP_withoutOpt,embench_wikisort_12KBstack,0,4860187,halted
RV64IM_8SP_withoutOpt,mk_add_gap2_dep_I,0,136689,halted
RV64IM_8SP_withoutOpt,mk_add_gap2_control_I,0,136689,halted
RV64IM_8SP_withoutOpt,mk_add_gap3_dep_I,0,136689,halted
RV64IM_8SP_withoutOpt,mk_add_gap3_control_I,0,136689,halted
RV64IM_8SP_withoutOpt,mk_add_gap4_dep_I,0,136689,halted
RV64IM_8SP_withoutOpt,embench_ud,0,9191553,halted
RV64IM_8SP_withoutOpt,mk_add_gap4_control_I,0,136689,halted
RV64IM_8SP_withoutOpt,mk_xor_gap0_dep_I,0,153073,halted
RV64IM_8SP_withoutOpt,mk_xor_gap0_control_I,0,136689,halted
RV64IM_8SP_withoutOpt,mk_xor_gap1_control_I,0,136689,halted
RV64IM_8SP_withoutOpt,mk_xor_gap2_dep_I,0,136689,halted
RV64IM_8SP_withoutOpt,mk_xor_gap1_dep_I,0,136689,halted
RV64IM_8SP_withoutOpt,mk_xor_gap2_control_I,0,136689,halted
RV64IM_8SP_withoutOpt,mk_xor_gap3_control_I,0,136689,halted
RV64IM_8SP_withoutOpt,mk_xor_gap3_dep_I,0,136689,halted
RV64IM_8SP_withoutOpt,mk_xor_gap4_control_I,0,136689,halted
RV64IM_8SP_withoutOpt,mk_addw_gap0_control_I,0,136689,halted
RV64IM_8SP_withoutOpt,mk_addw_gap0_dep_I,0,153073,halted
RV64IM_8SP_withoutOpt,mk_xor_gap4_dep_I,0,136689,halted
RV64IM_8SP_withoutOpt,mk_addw_gap1_control_I,0,136689,halted
RV64IM_8SP_withoutOpt,mk_addw_gap1_dep_I,0,136689,halted
RV64IM_8SP_withoutOpt,mk_addw_gap2_control_I,0,136689,halted
RV64IM_8SP_withoutOpt,mk_addw_gap3_control_I,0,136689,halted
RV64IM_8SP_withoutOpt,mk_addw_gap2_dep_I,0,136689,halted
RV64IM_8SP_withoutOpt,mk_addw_gap3_dep_I,0,136689,halted
RV64IM_8SP_withoutOpt,mk_load_gap0_dep_I,0,169457,halted
RV64IM_8SP_withoutOpt,mk_addw_gap4_control_I,0,136689,halted
RV64IM_8SP_withoutOpt,mk_addw_gap4_dep_I,0,136689,halted
RV64IM_8SP_withoutOpt,mk_load_gap1_dep_I,0,153073,halted
RV64IM_8SP_withoutOpt,mk_load_gap1_control_I,0,136689,halted
RV64IM_8SP_withoutOpt,mk_load_gap2_dep_I,0,136689,halted
RV64IM_8SP_withoutOpt,mk_load_gap0_control_I,0,136689,halted
RV64IM_8SP_withoutOpt,mk_load_gap3_dep_I,0,136689,halted
RV64IM_8SP_withoutOpt,mk_load_gap2_control_I,0,136689,halted
RV64IM_8SP_withoutOpt,mk_load_gap4_dep_I,0,136689,halted
RV64IM_8SP_withoutOpt,mk_load_gap3_control_I,0,136689,halted
RV64IM_8SP_withoutOpt,mk_load_gap4_control_I,0,136689,halted
RV64IM_8SP_withoutOpt,mk_memory_load_0_I,0,136689,halted
RV64IM_8SP_withoutOpt,mk_memory_load_25_I,0,136689,halted
RV64IM_8SP_withoutOpt,mk_memory_load_50_I,0,136689,halted
RV64IM_8SP_withoutOpt,mk_memory_load_100_I,0,136689,halted
RV64IM_8SP_withoutOpt,mk_memory_load_75_I,0,136689,halted
RV64IM_8SP_withoutOpt,mk_memory_store_0_I,0,136689,halted
RV64IM_8SP_withoutOpt,mk_memory_store_50_I,0,202225,halted
RV64IM_8SP_withoutOpt,mk_memory_store_75_I,0,234993,halted
RV64IM_8SP_withoutOpt,mk_memory_store_25_I,0,169457,halted
RV64IM_8SP_withoutOpt,mk_memory_mixed_0_I,0,136689,halted
RV64IM_8SP_withoutOpt,mk_memory_mixed_25_I,0,136689,halted
RV64IM_8SP_withoutOpt,mk_memory_mixed_50_I,0,169457,halted
RV64IM_8SP_withoutOpt,mk_memory_store_100_I,0,267761,halted
RV64IM_8SP_withoutOpt,mk_memory_mixed_75_I,0,169457,halted
RV64IM_8SP_withoutOpt,mk_copy_gap0_I,0,185841,halted
RV64IM_8SP_withoutOpt,mk_copy_gap2_I,0,153073,halted
RV64IM_8SP_withoutOpt,mk_copy_gap1_I,0,169457,halted
RV64IM_8SP_withoutOpt,mk_copy_gap4_I,0,153073,halted
RV64IM_8SP_withoutOpt,mk_memory_mixed_100_I,0,202225,halted
RV64IM_8SP_withoutOpt,mk_store_load_different_I,0,153073,halted
RV64IM_8SP_withoutOpt,mk_store_load_same_I,0,153073,halted
RV64IM_8SP_withoutOpt,mk_branch_nt_gap0_I,0,142954,halted
RV64IM_8SP_withoutOpt,mk_branch_taken_gap0_I,0,205382,halted
RV64IM_8SP_withoutOpt,mk_branch_nt_gap8_I,0,675434,halted
RV64IM_8SP_withoutOpt,mk_branch_alternate_gap0_I,0,371978,halted
RV64IM_8SP_withoutOpt,mk_branch_taken_gap8_I,0,737862,halted
RV64IM_8SP_withoutOpt,mk_branch_alternate_gap8_I,0,904458,halted
RV64IM_8SP_withoutOpt,mk_jump_sequential_I,0,169457,halted
RV64IM_8SP_withoutOpt,mk_branch_ttnt_gap0_I,0,288586,halted
RV64IM_8SP_withoutOpt,mk_branch_ttnt_gap8_I,0,821066,halted
RV64IM_8SP_withoutOpt,mk_jump_jalr_I,0,366065,halted
RV64IM_8SP_withoutOpt,mk_jump_jal_I,0,333297,halted
RV64IM_8SP_withoutOpt,mk_alu_independent_IM,0,136689,halted
RV64IM_8SP_withoutOpt,mk_alu_dependency_chain_IM,0,266737,halted
RV64IM_8SP_withoutOpt,mk_add_gap0_dep_IM,0,153073,halted
RV64IM_8SP_withoutOpt,mk_add_gap1_dep_IM,0,136689,halted
RV64IM_8SP_withoutOpt,mk_mixed_embedded_I,0,206303,halted
RV64IM_8SP_withoutOpt,mk_add_gap0_control_IM,0,136689,halted
RV64IM_8SP_withoutOpt,mk_add_gap1_control_IM,0,136689,halted
RV64IM_8SP_withoutOpt,mk_add_gap2_control_IM,0,136689,halted
RV64IM_8SP_withoutOpt,mk_add_gap2_dep_IM,0,136689,halted
RV64IM_8SP_withoutOpt,mk_add_gap3_dep_IM,0,136689,halted
RV64IM_8SP_withoutOpt,mk_add_gap3_control_IM,0,136689,halted
RV64IM_8SP_withoutOpt,mk_add_gap4_control_IM,0,136689,halted
RV64IM_8SP_withoutOpt,mk_xor_gap0_control_IM,0,136689,halted
RV64IM_8SP_withoutOpt,mk_xor_gap0_dep_IM,0,153073,halted
RV64IM_8SP_withoutOpt,mk_add_gap4_dep_IM,0,136689,halted
RV64IM_8SP_withoutOpt,mk_xor_gap1_dep_IM,0,136689,halted
RV64IM_8SP_withoutOpt,mk_xor_gap2_dep_IM,0,136689,halted
RV64IM_8SP_withoutOpt,mk_xor_gap1_control_IM,0,136689,halted
RV64IM_8SP_withoutOpt,mk_xor_gap3_dep_IM,0,136689,halted
RV64IM_8SP_withoutOpt,mk_xor_gap2_control_IM,0,136689,halted
RV64IM_8SP_withoutOpt,mk_xor_gap3_control_IM,0,136689,halted
RV64IM_8SP_withoutOpt,mk_xor_gap4_dep_IM,0,136689,halted
RV64IM_8SP_withoutOpt,mk_xor_gap4_control_IM,0,136689,halted
RV64IM_8SP_withoutOpt,mk_addw_gap0_control_IM,0,136689,halted
RV64IM_8SP_withoutOpt,mk_addw_gap0_dep_IM,0,153073,halted
RV64IM_8SP_withoutOpt,mk_addw_gap2_control_IM,0,136689,halted
RV64IM_8SP_withoutOpt,mk_addw_gap1_dep_IM,0,136689,halted
RV64IM_8SP_withoutOpt,mk_addw_gap1_control_IM,0,136689,halted
RV64IM_8SP_withoutOpt,mk_addw_gap2_dep_IM,0,136689,halted
RV64IM_8SP_withoutOpt,mk_addw_gap3_dep_IM,0,136689,halted
RV64IM_8SP_withoutOpt,mk_addw_gap4_dep_IM,0,136689,halted
RV64IM_8SP_withoutOpt,mk_addw_gap3_control_IM,0,136689,halted
RV64IM_8SP_withoutOpt,mk_load_gap0_dep_IM,0,169457,halted
RV64IM_8SP_withoutOpt,mk_addw_gap4_control_IM,0,136689,halted
RV64IM_8SP_withoutOpt,mk_load_gap0_control_IM,0,136689,halted
RV64IM_8SP_withoutOpt,mk_load_gap2_dep_IM,0,136689,halted
RV64IM_8SP_withoutOpt,mk_load_gap1_control_IM,0,136689,halted
RV64IM_8SP_withoutOpt,mk_load_gap2_control_IM,0,136689,halted
RV64IM_8SP_withoutOpt,mk_load_gap3_dep_IM,0,136689,halted
RV64IM_8SP_withoutOpt,mk_load_gap1_dep_IM,0,153073,halted
RV64IM_8SP_withoutOpt,mk_load_gap4_control_IM,0,136689,halted
RV64IM_8SP_withoutOpt,mk_load_gap3_control_IM,0,136689,halted
RV64IM_8SP_withoutOpt,mk_load_gap4_dep_IM,0,136689,halted
RV64IM_8SP_withoutOpt,embench_xgboost,0,14986877,halted
RV64IM_8SP_withoutOpt,mk_memory_load_0_IM,0,136689,halted
RV64IM_8SP_withoutOpt,mk_memory_load_100_IM,0,136689,halted
RV64IM_8SP_withoutOpt,mk_memory_load_75_IM,0,136689,halted
RV64IM_8SP_withoutOpt,mk_memory_store_0_IM,0,136689,halted
RV64IM_8SP_withoutOpt,mk_memory_load_25_IM,0,136689,halted
RV64IM_8SP_withoutOpt,mk_memory_load_50_IM,0,136689,halted
RV64IM_8SP_withoutOpt,mk_memory_store_50_IM,0,202225,halted
RV64IM_8SP_withoutOpt,mk_memory_mixed_0_IM,0,136689,halted
RV64IM_8SP_withoutOpt,mk_memory_store_25_IM,0,169457,halted
RV64IM_8SP_withoutOpt,mk_memory_mixed_25_IM,0,136689,halted
RV64IM_8SP_withoutOpt,mk_memory_mixed_50_IM,0,169457,halted
RV64IM_8SP_withoutOpt,mk_memory_store_75_IM,0,234993,halted
RV64IM_8SP_withoutOpt,mk_memory_mixed_75_IM,0,169457,halted
RV64IM_8SP_withoutOpt,mk_memory_store_100_IM,0,267761,halted
RV64IM_8SP_withoutOpt,mk_copy_gap0_IM,0,185841,halted
RV64IM_8SP_withoutOpt,mk_copy_gap2_IM,0,153073,halted
RV64IM_8SP_withoutOpt,mk_copy_gap4_IM,0,153073,halted
RV64IM_8SP_withoutOpt,mk_copy_gap1_IM,0,169457,halted
RV64IM_8SP_withoutOpt,mk_store_load_different_IM,0,153073,halted
RV64IM_8SP_withoutOpt,mk_branch_nt_gap0_IM,0,142954,halted
RV64IM_8SP_withoutOpt,mk_memory_mixed_100_IM,0,202225,halted
RV64IM_8SP_withoutOpt,mk_store_load_same_IM,0,153073,halted
RV64IM_8SP_withoutOpt,mk_branch_taken_gap0_IM,0,205382,halted
RV64IM_8SP_withoutOpt,mk_branch_alternate_gap0_IM,0,371978,halted
RV64IM_8SP_withoutOpt,mk_branch_ttnt_gap0_IM,0,288586,halted
RV64IM_8SP_withoutOpt,mk_branch_nt_gap8_IM,0,675434,halted
RV64IM_8SP_withoutOpt,mk_branch_alternate_gap8_IM,0,904458,halted
RV64IM_8SP_withoutOpt,mk_jump_sequential_IM,0,169457,halted
RV64IM_8SP_withoutOpt,mk_jump_jal_IM,0,333297,halted
RV64IM_8SP_withoutOpt,mk_branch_taken_gap8_IM,0,737862,halted
RV64IM_8SP_withoutOpt,mk_mul_every4_IM,0,267761,halted
RV64IM_8SP_withoutOpt,mk_jump_jalr_IM,0,366065,halted
RV64IM_8SP_withoutOpt,mk_mul_every1_IM,0,660977,halted
RV64IM_8SP_withoutOpt,mk_mul_every16_IM,0,169457,halted
RV64IM_8SP_withoutOpt,mk_branch_ttnt_gap8_IM,0,821066,halted
RV64IM_8SP_withoutOpt,mk_div_every16_IM,0,693745,halted
RV64IM_8SP_withoutOpt,mk_div_every4_IM,0,2364913,halted
RV64IM_8SP_withoutOpt,mk_divu_every16_IM,0,693745,halted
RV64IM_8SP_withoutOpt,embench_depthconv,0,45626285,halted
RV64IM_8SP_withoutOpt,mk_divu_every4_IM,0,2364913,halted
RV64IM_8SP_withoutOpt,mk_rem_every16_IM,0,693745,halted
RV64IM_8SP_withoutOpt,mk_mulw_every4_IM,0,267761,halted
RV64IM_8SP_withoutOpt,mk_mulw_every1_IM,0,660977,halted
RV64IM_8SP_withoutOpt,mk_mulw_every16_IM,0,169457,halted
RV64IM_8SP_withoutOpt,mk_divw_every4_IM,0,1316337,halted
RV64IM_8SP_withoutOpt,mk_rem_every4_IM,0,2364913,halted
RV64IM_8SP_withoutOpt,mk_div_every1_IM,0,9049585,halted
RV64IM_8SP_withoutOpt,mk_divw_every16_IM,0,431601,halted
RV64IM_8SP_withoutOpt,mk_divu_every1_IM,0,9049585,halted
RV64IM_8SP_withoutOpt,mk_divuw_every4_IM,0,1316337,halted
RV64IM_8SP_withoutOpt,mk_divuw_every16_IM,0,431601,halted
RV64IM_8SP_withoutOpt,mk_divw_every1_IM,0,4855281,halted
RV64IM_8SP_withoutOpt,mk_remw_every16_IM,0,431601,halted
RV64IM_8SP_withoutOpt,mk_mul_result_use_IM,0,218609,halted
RV64IM_8SP_withoutOpt,mk_rem_every1_IM,0,9049585,halted
RV64IM_8SP_withoutOpt,mk_corner_mulh_IM,0,87537,halted
RV64IM_8SP_withoutOpt,mk_corner_mulhsu_IM,0,87537,halted
RV64IM_8SP_withoutOpt,mk_corner_mulhu_IM,0,87537,halted
RV64IM_8SP_withoutOpt,mk_corner_div_IM,0,325105,halted
RV64IM_8SP_withoutOpt,mk_remw_every4_IM,0,1316337,halted
RV64IM_8SP_withoutOpt,mk_corner_rem_IM,0,325105,halted
RV64IM_8SP_withoutOpt,mk_corner_divu_IM,0,599537,halted
RV64IM_8SP_withoutOpt,mk_corner_divw_IM,0,194033,halted
RV64IM_8SP_withoutOpt,mk_divuw_every1_IM,0,4855281,halted
RV64IM_8SP_withoutOpt,mk_corner_divuw_IM,0,337393,halted
RV64IM_8SP_withoutOpt,mk_corner_remu_IM,0,599537,halted
RV64IM_8SP_withoutOpt,mk_div_result_use_IM,0,1267185,halted
RV64IM_8SP_withoutOpt,mk_corner_remw_IM,0,194033,halted
RV64IM_8SP_withoutOpt,mk_corner_remuw_IM,0,337393,halted
RV64IM_8SP_withoutOpt,aapg_rv64im_s002,4,91564,halted
RV64IM_8SP_withoutOpt,aapg_rv64im_s003,5,81742,halted
RV64IM_8SP_withoutOpt,aapg_rv64im_s004,1,87512,halted
RV64IM_8SP_withoutOpt,mk_mixed_embedded_IM,0,271839,halted
RV64IM_8SP_withoutOpt,mk_remw_every1_IM,0,4855281,halted
RV64IM_8SP_withoutOpt,aapg_rv64im_s006,0,84175,halted
RV64IM_8SP_withoutOpt,aapg_rv64im_s008,1,82539,halted
RV64IM_8SP_withoutOpt,aapg_rv64im_s009,1,81214,halted
RV64IM_8SP_withoutOpt,aapg_rv64im_s011,3,84295,halted
RV64IM_8SP_withoutOpt,aapg_rv64im_s013,0,79157,halted
RV64IM_8SP_withoutOpt,aapg_rv64im_s005,5,3000000,capped
RV64IM_8SP_withoutOpt,aapg_rv64im_s007,21149,3000000,capped
RV64IM_8SP_withoutOpt,aapg_rv64im_s015,4,82156,halted
RV64IM_8SP_withoutOpt,aapg_rv64im_s001,6,3000000,capped
RV64IM_8SP_withoutOpt,aapg_rv64im_s018,0,83978,halted
RV64IM_8SP_withoutOpt,aapg_rv64im_s012,24976,3000000,capped
RV64IM_8SP_withoutOpt,aapg_rv64im_s019,3,91680,halted
RV64IM_8SP_withoutOpt,aapg_rv64im_s010,37230,3000000,capped
RV64IM_8SP_withoutOpt,aapg_rv64im_s014,6026,3000000,capped
RV64IM_8SP_withoutOpt,aapg_rv64im_s017,35224,3000000,capped
RV64IM_8SP,dhrystone_1000it,0,2000000,capped
RV64IM_8SP_withoutOpt,aapg_rv64im_s016,20321,3000000,capped
RV64IM_8SP_withoutOpt,aapg_rv64im_s020,63416,3000000,capped
RV64IM_8SP,embench_aha-mont64,0,4283455,halted
RV64IM_8SP,coremark_10it,0,9000000,capped
RV64IM_8SP,embench_crc32,0,9297728,halted
RV64IM_8SP,embench_edn,0,7573154,halted
RV64IM_8SP,embench_huffbench_12KBstack,0,7239557,halted
RV64IM_8SP,embench_nettle-aes,0,6561982,halted
RV64IM_8SP,embench_matmult-int,0,6007683,halted
RV64IM_8SP,embench_md5sum,0,5412723,halted
RV64IM_8SP,embench_nettle-sha256,0,6994660,halted
RV64IM_8SP,embench_nsichneu,0,5158065,halted
RV64IM_8SP,embench_sglib-combined,0,8515222,halted
RV64IM_8SP,embench_picojpeg,0,9569554,halted
RV64IM_8SP,embench_slre_12KBstack,0,8324136,halted
RV64IM_8SP,embench_tarfind,0,3832464,halted
RV64IM_8SP,embench_statemate,0,7071318,halted
RV64IM_8SP,mk_alu_independent_I,0,136689,halted
RV64IM_8SP,mk_alu_dependency_chain_I,0,266737,halted
RV64IM_8SP,mk_add_gap0_dep_I,0,153073,halted
RV64IM_8SP,mk_add_gap0_control_I,0,136689,halted
RV64IM_8SP,embench_qrduino,0,9014783,halted
RV64IM_8SP,mk_add_gap1_dep_I,0,136689,halted
RV64IM_8SP,mk_add_gap1_control_I,0,136689,halted
RV64IM_8SP,mk_add_gap2_dep_I,0,136689,halted
RV64IM_8SP,mk_add_gap2_control_I,0,136689,halted
RV64IM_8SP,mk_add_gap3_dep_I,0,136689,halted
RV64IM_8SP,mk_add_gap4_dep_I,0,136689,halted
RV64IM_8SP,mk_add_gap3_control_I,0,136689,halted
RV64IM_8SP,embench_wikisort_12KBstack,0,5083603,halted
RV64IM_8SP,mk_add_gap4_control_I,0,136689,halted
RV64IM_8SP,mk_xor_gap0_dep_I,0,153073,halted
RV64IM_8SP,mk_xor_gap0_control_I,0,136689,halted
RV64IM_8SP,mk_xor_gap1_control_I,0,136689,halted
RV64IM_8SP,mk_xor_gap1_dep_I,0,136689,halted
RV64IM_8SP,mk_xor_gap2_control_I,0,136689,halted
RV64IM_8SP,mk_xor_gap2_dep_I,0,136689,halted
RV64IM_8SP,mk_xor_gap3_dep_I,0,136689,halted
RV64IM_8SP,mk_xor_gap3_control_I,0,136689,halted
RV64IM_8SP,mk_xor_gap4_dep_I,0,136689,halted
RV64IM_8SP,mk_xor_gap4_control_I,0,136689,halted
RV64IM_8SP,mk_addw_gap0_dep_I,0,153073,halted
RV64IM_8SP,mk_addw_gap1_dep_I,0,136689,halted
RV64IM_8SP,mk_addw_gap0_control_I,0,136689,halted
RV64IM_8SP,mk_addw_gap1_control_I,0,136689,halted
RV64IM_8SP,mk_addw_gap2_dep_I,0,136689,halted
RV64IM_8SP,mk_addw_gap2_control_I,0,136689,halted
RV64IM_8SP,mk_addw_gap3_control_I,0,136689,halted
RV64IM_8SP,mk_addw_gap3_dep_I,0,136689,halted
RV64IM_8SP,mk_addw_gap4_dep_I,0,136689,halted
RV64IM_8SP,mk_addw_gap4_control_I,0,136689,halted
RV64IM_8SP,mk_load_gap0_control_I,0,136689,halted
RV64IM_8SP,mk_load_gap1_dep_I,0,153073,halted
RV64IM_8SP,mk_load_gap0_dep_I,0,169457,halted
RV64IM_8SP,mk_load_gap2_dep_I,0,136689,halted
RV64IM_8SP,mk_load_gap1_control_I,0,136689,halted
RV64IM_8SP,mk_load_gap3_dep_I,0,136689,halted
RV64IM_8SP,mk_load_gap2_control_I,0,136689,halted
RV64IM_8SP,mk_load_gap3_control_I,0,136689,halted
RV64IM_8SP,mk_load_gap4_dep_I,0,136689,halted
RV64IM_8SP,mk_load_gap4_control_I,0,136689,halted
RV64IM_8SP,mk_memory_load_0_I,0,136689,halted
RV64IM_8SP,mk_memory_load_25_I,0,136689,halted
RV64IM_8SP,mk_memory_load_50_I,0,136689,halted
RV64IM_8SP,mk_memory_load_75_I,0,136689,halted
RV64IM_8SP,mk_memory_load_100_I,0,136689,halted
RV64IM_8SP,mk_memory_store_0_I,0,136689,halted
RV64IM_8SP,mk_memory_store_50_I,0,202225,halted
RV64IM_8SP,mk_memory_store_25_I,0,169457,halted
RV64IM_8SP,mk_memory_store_75_I,0,234993,halted
RV64IM_8SP,mk_memory_mixed_0_I,0,136689,halted
RV64IM_8SP,embench_ud,0,9327815,halted
RV64IM_8SP,mk_memory_mixed_25_I,0,136689,halted
RV64IM_8SP,mk_memory_store_100_I,0,267761,halted
RV64IM_8SP,mk_memory_mixed_75_I,0,169457,halted
RV64IM_8SP,mk_memory_mixed_100_I,0,202225,halted
RV64IM_8SP,mk_memory_mixed_50_I,0,169457,halted
RV64IM_8SP,mk_copy_gap1_I,0,169457,halted
RV64IM_8SP,mk_copy_gap2_I,0,153073,halted
RV64IM_8SP,mk_copy_gap0_I,0,185841,halted
RV64IM_8SP,mk_copy_gap4_I,0,153073,halted
RV64IM_8SP,mk_store_load_different_I,0,153073,halted
RV64IM_8SP,mk_store_load_same_I,0,153073,halted
RV64IM_8SP,mk_branch_nt_gap0_I,0,142954,halted
RV64IM_8SP,mk_branch_taken_gap0_I,0,205382,halted
RV64IM_8SP,mk_branch_nt_gap8_I,0,675434,halted
RV64IM_8SP,mk_branch_alternate_gap0_I,0,371978,halted
RV64IM_8SP,mk_branch_taken_gap8_I,0,737862,halted
RV64IM_8SP,mk_branch_alternate_gap8_I,0,904458,halted
RV64IM_8SP,mk_jump_sequential_I,0,169457,halted
RV64IM_8SP,mk_branch_ttnt_gap0_I,0,288586,halted
RV64IM_8SP,mk_jump_jalr_I,0,398833,halted
RV64IM_8SP,mk_mixed_embedded_I,0,206303,halted
RV64IM_8SP,mk_jump_jal_I,0,366065,halted
RV64IM_8SP,mk_branch_ttnt_gap8_I,0,821066,halted
RV64IM_8SP,mk_alu_independent_IM,0,136689,halted
RV64IM_8SP,mk_add_gap0_dep_IM,0,153073,halted
RV64IM_8SP,mk_add_gap0_control_IM,0,136689,halted
RV64IM_8SP,mk_alu_dependency_chain_IM,0,266737,halted
RV64IM_8SP,mk_add_gap1_dep_IM,0,136689,halted
RV64IM_8SP,mk_add_gap1_control_IM,0,136689,halted
RV64IM_8SP,mk_add_gap3_dep_IM,0,136689,halted
RV64IM_8SP,mk_add_gap2_control_IM,0,136689,halted
RV64IM_8SP,mk_add_gap3_control_IM,0,136689,halted
RV64IM_8SP,mk_add_gap2_dep_IM,0,136689,halted
RV64IM_8SP,mk_add_gap4_dep_IM,0,136689,halted
RV64IM_8SP,mk_xor_gap0_control_IM,0,136689,halted
RV64IM_8SP,mk_xor_gap0_dep_IM,0,153073,halted
RV64IM_8SP,mk_xor_gap1_dep_IM,0,136689,halted
RV64IM_8SP,mk_add_gap4_control_IM,0,136689,halted
RV64IM_8SP,mk_xor_gap1_control_IM,0,136689,halted
RV64IM_8SP,mk_xor_gap2_dep_IM,0,136689,halted
RV64IM_8SP,mk_xor_gap3_dep_IM,0,136689,halted
RV64IM_8SP,mk_xor_gap2_control_IM,0,136689,halted
RV64IM_8SP,mk_xor_gap3_control_IM,0,136689,halted
RV64IM_8SP,mk_xor_gap4_dep_IM,0,136689,halted
RV64IM_8SP,mk_addw_gap0_dep_IM,0,153073,halted
RV64IM_8SP,embench_xgboost,0,15148185,halted
RV64IM_8SP,mk_xor_gap4_control_IM,0,136689,halted
RV64IM_8SP,mk_addw_gap0_control_IM,0,136689,halted
RV64IM_8SP,mk_addw_gap1_dep_IM,0,136689,halted
RV64IM_8SP,mk_addw_gap1_control_IM,0,136689,halted
RV64IM_8SP,mk_addw_gap2_dep_IM,0,136689,halted
RV64IM_8SP,mk_addw_gap2_control_IM,0,136689,halted
RV64IM_8SP,mk_addw_gap3_control_IM,0,136689,halted
RV64IM_8SP,mk_addw_gap3_dep_IM,0,136689,halted
RV64IM_8SP,mk_addw_gap4_control_IM,0,136689,halted
RV64IM_8SP,mk_load_gap1_control_IM,0,136689,halted
RV64IM_8SP,mk_load_gap1_dep_IM,0,153073,halted
RV64IM_8SP,mk_addw_gap4_dep_IM,0,136689,halted
RV64IM_8SP,mk_load_gap0_dep_IM,0,169457,halted
RV64IM_8SP,mk_load_gap0_control_IM,0,136689,halted
RV64IM_8SP,mk_load_gap2_dep_IM,0,136689,halted
RV64IM_8SP,mk_load_gap2_control_IM,0,136689,halted
RV64IM_8SP,mk_load_gap3_dep_IM,0,136689,halted
RV64IM_8SP,mk_load_gap3_control_IM,0,136689,halted
RV64IM_8SP,mk_load_gap4_control_IM,0,136689,halted
RV64IM_8SP,mk_memory_load_25_IM,0,136689,halted
RV64IM_8SP,mk_load_gap4_dep_IM,0,136689,halted
RV64IM_8SP,mk_memory_load_75_IM,0,136689,halted
RV64IM_8SP,mk_memory_load_0_IM,0,136689,halted
RV64IM_8SP,mk_memory_load_50_IM,0,136689,halted
RV64IM_8SP,mk_memory_store_0_IM,0,136689,halted
RV64IM_8SP,mk_memory_store_25_IM,0,169457,halted
RV64IM_8SP,mk_memory_load_100_IM,0,136689,halted
RV64IM_8SP,mk_memory_store_50_IM,0,202225,halted
RV64IM_8SP,mk_memory_mixed_0_IM,0,136689,halted
RV64IM_8SP,mk_memory_store_100_IM,0,267761,halted
RV64IM_8SP,embench_depthconv,0,47263190,halted
RV64IM_8SP,mk_memory_mixed_25_IM,0,136689,halted
RV64IM_8SP,mk_memory_mixed_75_IM,0,169457,halted
RV64IM_8SP,mk_memory_store_75_IM,0,234993,halted
RV64IM_8SP,mk_memory_mixed_50_IM,0,169457,halted
RV64IM_8SP,mk_copy_gap0_IM,0,185841,halted
RV64IM_8SP,mk_copy_gap2_IM,0,153073,halted
RV64IM_8SP,mk_copy_gap1_IM,0,169457,halted
RV64IM_8SP,mk_copy_gap4_IM,0,153073,halted
RV64IM_8SP,mk_store_load_same_IM,0,153073,halted
RV64IM_8SP,mk_memory_mixed_100_IM,0,202225,halted
RV64IM_8SP,mk_branch_taken_gap0_IM,0,205382,halted
RV64IM_8SP,mk_store_load_different_IM,0,153073,halted
RV64IM_8SP,mk_branch_nt_gap0_IM,0,142954,halted
RV64IM_8SP,mk_branch_nt_gap8_IM,0,675434,halted
RV64IM_8SP,mk_branch_alternate_gap0_IM,0,371978,halted
RV64IM_8SP,mk_jump_sequential_IM,0,169457,halted
RV64IM_8SP,mk_branch_ttnt_gap0_IM,0,288586,halted
RV64IM_8SP,mk_branch_taken_gap8_IM,0,737862,halted
RV64IM_8SP,mk_jump_jal_IM,0,366065,halted
RV64IM_8SP,mk_branch_ttnt_gap8_IM,0,821066,halted
RV64IM_8SP,mk_branch_alternate_gap8_IM,0,904458,halted
RV64IM_8SP,mk_mul_every16_IM,0,169457,halted
RV64IM_8SP,mk_mul_every1_IM,0,660977,halted
RV64IM_8SP,mk_jump_jalr_IM,0,398833,halted
RV64IM_8SP,mk_mul_every4_IM,0,267761,halted
RV64IM_8SP,mk_divu_every16_IM,0,693745,halted
RV64IM_8SP,mk_div_every16_IM,0,693745,halted
RV64IM_8SP,mk_div_every4_IM,0,2364913,halted
RV64IM_8SP,mk_divu_every4_IM,0,2364913,halted
RV64IM_8SP,mk_rem_every16_IM,0,693745,halted
RV64IM_8SP,mk_mulw_every4_IM,0,267761,halted
RV64IM_8SP,mk_mulw_every16_IM,0,169457,halted
RV64IM_8SP,mk_mulw_every1_IM,0,660977,halted
RV64IM_8SP,mk_divw_every4_IM,0,1316337,halted
RV64IM_8SP,mk_divw_every16_IM,0,431601,halted
RV64IM_8SP,mk_rem_every4_IM,0,2364913,halted
RV64IM_8SP,mk_div_every1_IM,0,9049585,halted
RV64IM_8SP,mk_divu_every1_IM,0,9049585,halted
RV64IM_8SP,mk_divuw_every4_IM,0,1316337,halted
RV64IM_8SP,mk_divw_every1_IM,0,4855281,halted
RV64IM_8SP,mk_rem_every1_IM,0,9049585,halted
RV64IM_8SP,mk_divuw_every16_IM,0,431601,halted
RV64IM_8SP,mk_mul_result_use_IM,0,218609,halted
RV64IM_8SP,mk_remw_every16_IM,0,431601,halted
RV64IM_8SP,mk_corner_mulh_IM,0,87537,halted
RV64IM_8SP,mk_corner_mulhu_IM,0,87537,halted
RV64IM_8SP,mk_corner_mulhsu_IM,0,87537,halted
RV64IM_8SP,mk_remw_every4_IM,0,1316337,halted
RV64IM_8SP,mk_divuw_every1_IM,0,4855281,halted
RV64IM_8SP,mk_corner_div_IM,0,325105,halted
RV64IM_8SP,mk_corner_divu_IM,0,599537,halted
RV64IM_8SP,mk_corner_divw_IM,0,194033,halted
RV64IM_8SP,mk_corner_remu_IM,0,599537,halted
RV64IM_8SP,mk_corner_divuw_IM,0,337393,halted
RV64IM_8SP,mk_corner_remw_IM,0,194033,halted
RV64IM_8SP,mk_corner_rem_IM,0,325105,halted
RV64IM_8SP,mk_corner_remuw_IM,0,337393,halted
RV64IM_8SP,aapg_rv64im_s002,4,90118,halted
RV64IM_8SP,mk_div_result_use_IM,0,1267185,halted
RV64IM_8SP,mk_mixed_embedded_IM,0,271839,halted
RV64IM_8SP,aapg_rv64im_s003,5,81537,halted
RV64IM_8SP,mk_remw_every1_IM,0,4855281,halted
RV64IM_8SP,aapg_rv64im_s004,1,86943,halted
RV64IM_8SP,aapg_rv64im_s008,1,82493,halted
RV64IM_8SP,aapg_rv64im_s009,1,81219,halted
RV64IM_8SP,aapg_rv64im_s006,0,84856,halted
RV64IM_8SP,aapg_rv64im_s011,3,84618,halted
RV64IM_8SP,aapg_rv64im_s013,0,79462,halted
RV64IM_8SP,aapg_rv64im_s001,6,3000000,capped
RV64IM_8SP,aapg_rv64im_s015,4,82341,halted
RV64IM_8SP,aapg_rv64im_s005,5,3000000,capped
RV64IM_8SP,aapg_rv64im_s010,36749,3000000,capped
RV64IM_8SP,aapg_rv64im_s018,0,83824,halted
RV64IM_8SP,aapg_rv64im_s014,7073,3000000,capped
RV64IM_8SP,aapg_rv64im_s019,3,91351,halted
RV64IM_8SP,aapg_rv64im_s012,24759,3000000,capped
RV64IM_8SP,aapg_rv64im_s017,34785,3000000,capped
RV64IM_8SP,aapg_rv64im_s007,21753,3000000,capped
RV64IM_8SP,aapg_rv64im_s016,20898,3000000,capped
RV64IM_8SP,aapg_rv64im_s020,62063,3000000,capped
