100012b7
43c28293
3e950337
00030313
0062a023
100012b7
57428293
00000337
08a30313
0062a023
100012b7
68c28293
00004337
70030313
0062a023
100022b7
9c428293
00006337
50030313
0062a023
100022b7
c9828293
00de0337
00030313
0062a023
100022b7
ccc28293
00001337
d9f30313
0062a023
100022b7
df028293
b6685337
20630313
0062a023
100022b7
e7c28293
47000337
00030313
0062a023
100022b7
f4428293
00000337
00030313
0062a023
100022b7
fd828293
f6280337
00030313
0062a023
100022b7
00028293
00000337
0cb30313
0062a023
100022b7
3e828293
00000337
0ae30313
0062a023
100032b7
bb428293
00002337
20030313
0062a023
100032b7
4f028293
00000337
02630313
0062a023
100032b7
6e428293
1a2d5337
27430313
0062a023
100042b7
a0028293
00010337
e0030313
0062a023
000060b7
ad408093
10004137
d8010113
000001b7
23818193
00000237
00020213
000002b7
00028293
00003337
58030313
000003b7
00138393
00000437
00140413
000004b7
00148493
00000537
d4d50513
000005b7
00158593
00000637
00060613
000006b7
00068693
00000737
00070713
000007b7
58d78793
0ba90837
0a080813
000008b7
00c88893
3b484937
00090913
000009b7
00a98993
00000a37
000a0a13
3bebdab7
000a8a93
00000b37
5feb0b13
00003bb7
d7bb8b93
00000c37
076c0c13
00000cb7
388c8c93
00000d37
09fd0d13
00000db7
23dd8d93
00000e37
000e0e13
00000eb7
033e8e93
00000f37
000f0f13
00000fb7
000f8f93
00000013
00000013
00000013
00000013
00000013
00000013
00000013
00000013
2d90506f
00412083
00812103
00c12183
01012203
01412283
01812303
01c12383
02012403
02412483
02812503
02c12583
03012603
03412683
03812703
03c12783
04012803
04412883
04812903
04c12983
05012a03
05412a83
05812b03
05c12b83
06012c03
06412c83
06812d03
06c12d83
07012e03
07412e83
07812f03
07c12f83
11010113
30200073
f6010113
00112223
00312623
00412823
00512a23
00612c23
00712e23
02812023
02912223
02a12423
02b12623
02c12823
02d12a23
02e12c23
02f12e23
05012023
05112223
05212423
05312623
05412823
05512a23
05612c23
05712e23
07812023
07912223
07a12423
07b12623
07c12823
07d12a23
07e12c23
07f12e23
10002573
14102573
10502573
14202573
00000613
00c50863
00100613
00c50463
141025f3
00059603
00367613
00300293
00561663
00458593
00000463
00258593
14159073
00412083
00c12183
01012203
01412283
01812303
01c12383
02012403
02412483
02812503
02c12583
03012603
03412683
03812703
03c12783
04012803
04412883
04812903
04c12983
05012a03
05412a83
05812b03
05c12b83
06012c03
06412c83
06812d03
06c12d83
07012e03
07412e83
07812f03
07c12f83
0a010113
10200073
f6010113
00112223
00312623
00412823
00512a23
00612c23
00712e23
02812023
02912223
02a12423
02b12623
02c12823
02d12a23
02e12c23
02f12e23
05012023
05112223
05212423
05312623
05412823
05512a23
05612c23
05712e23
07812023
07912223
07a12423
07b12623
07c12823
07d12a23
07e12c23
07f12e23
30002573
34102573
30502573
34202573
00000613
00c50863
00100613
00c50463
341025f3
00059603
00367613
00300293
00561663
00458593
00000463
00258593
34159073
00412083
00c12183
01012203
01412283
01812303
01c12383
02012403
02412483
02812503
02c12583
03012603
03412683
03812703
03c12783
04012803
04412883
04812903
04c12983
05012a03
05412a83
05812b03
05c12b83
06012c03
06412c83
06812d03
06c12d83
07012e03
07412e83
07812f03
07c12f83
0a010113
30200073
00000033
00008067
00000013
00000013
00000033
00000297
eac28293
00000013
00000013
00000013
00000013
30529073
00000013
00000013
00000013
00000013
00000293
10000117
25c10113
00001337
1e830313
00610133
00a00993
f1a18d93
03d057b3
10000117
23c10113
00002337
a8830313
00610133
ac615783
19d11d23
67015183
71415e83
00bd9313
03e25eb3
02f1b2b3
10000117
20c10113
00002337
c9030313
00610133
2fa100a3
d4d14203
98d10c03
01e59db3
01d7e1b3
f1814f03
45b14783
4e412183
00c00f93
00198993
10000117
1d010113
00003337
8c830313
00610133
10000117
1bc10113
00002337
ce030313
00610133
ee215d03
0237ceb3
71c12b03
032067b3
41020e33
00feebb3
c70e8913
01f98463
f95ff06f
00a00993
00378233
00f1d7b3
a2411783
02ee3433
d6412183
003efd33
023eb7b3
03565733
03d7feb3
01d7ebb3
27478c93
0031edb3
f1c11e83
03ca4a33
e6714f83
3a815783
10000117
14010113
00002337
55030313
00610133
4bd10803
4091dc13
897de793
13f1a593
025f2c33
02c48633
418e8833
1b812183
00a00f93
10000117
10810113
00002337
d8030313
00610133
10000117
0f410113
00002337
79830313
00610133
018cd193
1c012783
03aa67b3
02445eb3
024753b3
01e14883
023e81b3
00000033
fbf990e3
00000033
014b3eb3
11411623
00f791b3
4e011223
af215703
028d3eb3
03d1d3b3
00a00993
dbc1fd13
03720ab3
72310ca3
4084d493
024f71b3
d8114b03
020497b3
1cc26413
10000117
07810113
00003337
f8030313
00610133
65012783
02f1e1b3
03d18833
13811123
03ab5eb3
02f1deb3
0031beb3
024da1b3
0295a1b3
00a00b93
019804b3
02e81833
591e0e93
9fae0793
02fe81b3
0203deb3
5bfaaa17
00000033
03798e63
00000033
00f1c7b3
02ea8d33
15812183
22f10923
97c1ce13
018c77b3
0037f3b3
00a00993
01d19e33
42610323
0037b433
3cd14183
9bd102a3
3db11323
03eaa1b3
03173ab3
02f79233
03dec7b3
90412a83
023eecb3
10000117
fc410113
00001337
6e030313
00610133
f6015783
72318193
01fad7b3
01d1ceb3
9ce11e83
00c00c13
00198993
10000117
f9410113
00002337
f3030313
00610133
64411483
0244e1b3
01d7fab3
61914a83
02e84e33
027fe7b3
03c41eb3
00000033
f98992e3
00000033
4197d193
2fe15e83
024ab7b3
01771193
03a3eeb3
7a415d03
03d7feb3
00a00993
4c012783
0098beb3
40fed233
ff77bf93
d6f11423
1ec10ca3
03dea2b3
020431b3
26415903
02f7feb3
0231a7b3
03d7c233
03a5aeb3
c2d14f03
0237db33
02c95033
02dfa7b3
10000117
ef410113
00002337
5f030313
00610133
02f7ab33
37412703
02ed97b3
00f7fe33
039827b3
00fed1b3
01724833
0500006f
023ec7b3
02949033
02fe91b3
01815003
0237ceb3
03dedeb3
7b011e83
01d7cbb3
3cf12623
003197b3
02a51333
18d1c793
02379533
36c12023
eed14c83
cdd12c23
01ed47b3
029281b3
eb41c213
02f7e4b3
48a7e593
10000117
e6c10113
00002337
86830313
00610133
65f14c83
14f12623
8dd12823
00000b13
02f1e1b3
c501b913
b0311123
3dc11483
039a2db3
003ebc33
028737b3
00000033
05698c63
00000033
d1de0e93
17c12d83
de01fa93
9d51a793
7db12a23
03d1ecb3
55a15c83
00a00993
02e3e933
03d7deb3
01f3e8b3
10000117
df410113
00003337
d9030313
00610133
9f412e83
8ca15e83
03267193
01dee8b3
2d6c8eb7
69412403
003eb533
cd211183
fc710ba3
01a27fb3
028b6033
000e9f13
14415183
6c28ba93
10000117
da810113
00003337
c0030313
00610133
10000117
d9410113
00002337
2e830313
00610133
02849eb3
20f10da3
03c3c7b3
40fed1b3
0231a7b3
83210c83
a63107a3
00000097
06408093
00008067
03d7dfb3
00f7e7b3
77b12a23
a6812183
6ffe3793
de412e03
03c4beb3
72310a03
031c0d33
028e6333
10000117
d3010113
00002337
ec030313
00610133
c4611823
b5c58193
023eb1b3
d3610123
036f4f33
62e11f03
2cd12c23
00c4e1b3
23712a23
b8f106a3
03d1e4b3
60310523
023e9bb3
0237b233
00900d93
10000117
ce010113
00003337
46030313
00610133
019e5193
01d7abb3
02f787b3
8a211483
03dec7b3
40b7d393
02fe83b3
00000033
fb3dd8e3
00000033
b1d11b23
01d7f233
87d44493
02378433
002ede93
3ae10183
02872ab3
00a00993
40fed6b3
01866d33
10000117
c7c10113
00002337
df830313
00610133
42811c83
01e042b3
46811783
00839a33
403edf33
32c14783
023e91b3
02cf77b3
10000117
c4810113
00001337
fb030313
00610133
8c612823
41ded733
02ac8533
02e368b3
02f79033
6f633893
03d7eeb3
00000813
10000117
c1410113
00002337
3f830313
00610133
87010383
39412783
1d9ef013
023edeb3
1dd11b23
02f7de33
019ed493
00000033
fb0988e3
00000033
03b404b3
03693433
03f8c7b3
0194de93
5a014183
81d12a23
02f1ce33
00a00993
c9978793
b9d11023
0374b333
14c12683
57412c23
2a310823
400ed193
b3910b03
02f79833
ff811783
a1012a83
037357b3
91110a03
6b215583
03a96fb3
02cab7b3
01d1bc33
00b00913
00a00993
10000117
b6c10113
00002337
7d030313
00610133
03d7e3b3
003e8cb3
80615803
031cb833
03cd4eb3
01deae33
039494b3
00000033
07299463
00000033
2271ce93
02f7ceb3
0237ee33
71811783
ef8103a3
2b714183
98210e03
00a00993
0264eeb3
40bbd393
03d781b3
3fd4e793
03deb333
023ecf33
10000117
af810113
00002337
86030313
00610133
bbb14583
c0136c93
01d1feb3
eac105a3
bb811c23
78a78813
db578b93
03d7a1b3
d9e11e23
3edc4e93
7dd10523
00900893
00a00993
03d1b7b3
0244a433
0231afb3
03d1ceb3
7d9a4493
79611783
e3778193
00000033
0538dc63
00000033
0237c1b3
02fe9eb3
e0012023
6aa14403
024d9eb3
8d812703
d9a15f83
00a00993
10000117
a6810113
00003337
5f030313
00610133
34214e83
3d010183
d4415303
00f1c1b3
41d781b3
006271b3
0237a333
025622b3
0237bbb3
02830b33
aa412023
03d7d733
57e10503
00f11523
bd7e8a93
18415783
0085e1b3
03d1f1b3
04411e83
0037c4b3
028d31b3
030d97b3
a1c78793
ea383193
00000097
06408093
00008067
fc812e03
037483b3
705bae93
ce127e93
02febcb3
3b514783
03d191b3
3c3104a3
8a7d8193
10000117
9c410113
00002337
5d830313
00610133
d0310c03
0d914183
60252513
10000117
9a410113
00002337
1b030313
00610133
ac012783
00f7a233
02f1e1b3
03d797b3
01d1fa33
031beeb3
10000117
97810113
00003337
6e030313
00610133
7fd108a3
54512023
02febeb3
02462d33
02f787b3
11bea193
00a00a13
10000117
94810113
00001337
1d830313
00610133
10000117
93410113
00002337
98830313
00610133
03a458b3
02f1b3b3
6c411523
413dde13
65d10a23
165f9037
df410e83
01498463
f9dff06f
00a00993
023eaeb3
01a8b1b3
30310023
e8211e83
035b1733
3ce3cc93
03d7b1b3
025ce1b3
f9211383
02f1fcb3
023eebb3
10000117
8cc10113
00003337
b0830313
00610133
af014b03
03985c33
03d7f7b3
37010e83
023edfb3
023ef033
d6910e83
10000117
89c10113
00002337
18830313
00610133
50d12223
65cea793
00ea9e93
a7812e83
2f811123
07910783
00c00f93
00198993
10000117
86810113
00002337
86030313
00610133
02fec1b3
03691eb3
f7a15c83
0231e1b3
b5412e83
dbde8413
002ed213
00000033
f9f990e3
00000033
02e70933
0231d1b3
0037c833
034be7b3
02fe97b3
28b10803
b8f12223
00a00993
06415c83
e0312423
03d1ceb3
03dedeb3
16e11a83
29812783
03d1a8b3
03de9833
62412303
00f79bb3
0c4109a3
85f12623
01d7d1b3
03135e33
c2e15803
50f11d23
02f7d7b3
00000d13
0ffff117
7c410113
00003337
f6830313
00610133
0ffff117
7b010113
00002337
61830313
00610133
d61cbe93
01d7c7b3
007a47b3
01ce31b3
81174793
81411e83
00fc1793
00000033
05a98c63
00000033
03bc37b3
19812623
b0a15b03
a8f10623
03d7ea33
51b77e37
c2311323
00a00993
0037beb3
03de8a33
77d11a23
9c811e83
01d7deb3
c6a11c83
023e9eb3
03cdd1b3
018747b3
03d1e1b3
00f78733
03ac17b3
034a51b3
02fef1b3
030921b3
4d456eb7
03deeeb3
00900f93
036a2eb3
03bbf8b3
db414403
027de933
45215e83
020e6eb3
cbc11d23
00000033
fbf9cae3
00000033
032e7433
02feb1b3
5c1eb193
00745813
0b411383
02f18eb3
14011e23
00a00993
3685be93
b0c7e213
ec214483
7c415783
1cc2f793
9e812b83
01d787b3
c33ea793
0ffff117
6a410113
00003337
99830313
00610133
a6710c83
0231a033
013ede13
02ac51b3
0262e1b3
5c2ed737
fe41c793
83611f83
39411503
00c00a13
00a00993
63804e93
40f1d7b3
0231f7b3
02379033
023197b3
01fb7eb3
03d1beb3
00000033
0749c263
00000033
7fe15e83
8df10183
01d1f433
35011783
aef104a3
01073bb3
73811183
00a00993
02597eb3
0ffff117
61810113
00003337
9d030313
00610133
61a105a3
02f7a1b3
02624eb3
0ffff117
5f810113
00002337
e2830313
00610133
40814b83
223c34b7
027268b3
02fe9d33
032ab8b3
3c312c23
472a3793
35010503
4c312c23
f0312e23
00318cb3
2aefb2b7
60312423
00900a13
02f1edb3
02f1aeb3
02f19db3
03d197b3
0237d233
3d010a83
408ed393
00000033
fb3a5ee3
00000033
39d10723
19011e83
03d1d3b3
86614a83
2b811403
1e3ece93
02724b33
00a00993
02fec1b3
0c214eb7
000d7633
74f10d23
02378eb3
9bc6ff93
00dfa6b3
00fec933
030e47b3
b6812d83
d4611a03
d2288a13
6ea15003
024321b3
03dec1b3
c6611923
039cffb3
00000c93
0ffff117
51c10113
00002337
12830313
00610133
03a254b3
03d7b1b3
03bc4eb3
02feeeb3
02fed3b3
03fc01b3
411ed193
00000033
09998663
00000033
3e415e83
b3d11123
03d7d7b3
c0914783
82e23b93
23615783
b4710fa3
00a00993
0ffff117
4c010113
00002337
a6030313
00610133
87e11e83
0ffff117
4a810113
00003337
a8030313
00610133
07d103a3
0231feb3
0ffff117
48c10113
00001337
6d830313
00610133
4cf10123
0306e1b3
0ffff117
47010113
00003337
73830313
00610133
9f211783
7d45bc13
ea014583
0237c1b3
a495b793
41e05a13
14e11403
008007b3
03d7b1b3
2887b413
00feb4b3
01a641b3
00900a93
00a00993
0ffff117
42410113
00002337
8c830313
00610133
03cd6eb3
00f7a7b3
a2411d83
03ad2eb3
02f7dfb3
02e02833
fe415183
00000033
033ade63
00000033
b1214e83
027a7c33
02027eb3
cc911c23
59412c03
03f05cb3
67310d83
00a00993
014d27b3
02f1c1b3
eea12023
023ec233
01debbb3
03d797b3
40c40c33
016401b3
66c11323
ba712c23
5792f1b7
b6e15783
7cf10da3
023ec1b3
03c267b3
01592a33
e9414183
00a00e13
0ffff117
38010113
00003337
d7030313
00610133
01544fb3
0237f233
037d21b3
47514203
e3502713
008b9e93
02fe9c33
00000033
fbc994e3
00000033
01d1e1b3
90815183
003ef8b3
45d12a23
03bb9933
40fedeb3
01e49193
00a00993
00f78f33
020601b3
00a11c23
029461b3
e6f10ea3
412cd793
01ac5d33
01dedeb3
cd47a413
4d710d23
4b580437
65a10223
4c415303
e8710723
037c57b3
1e368337
02fecb33
00c00a93
00198993
0ffff117
2d810113
00003337
b5030313
00610133
02378eb3
01d7ac33
03dea233
8b011183
f6f11b23
34011e03
41c8dfb3
00000033
fb3ad2e3
00000033
0031feb3
038d21b3
c7a15483
f9f47013
67615183
024e3eb3
02e4aeb3
00a00993
0ffff117
27c10113
00001337
c8030313
00610133
f1411b83
0e028813
003ebc33
0b412f03
a8311323
023187b3
026601b3
0313eeb3
01d7eab3
f0614703
179223b7
00fed933
3f7c8b93
0268d1b3
027611b3
a0d11423
06b7ae93
00900913
0ffff117
22010113
00002337
ec830313
00610133
0ffff117
20c10113
00001337
66030313
00610133
6cc12e83
dac12183
0d910783
0e710783
e6f10ba3
038b57b3
01d78fb3
00000033
f929c8e3
00000033
03d18833
67014e83
03b05eb3
408dd1b3
03d7ac33
004a5a13
02febb33
00a00993
c9812e83
41845513
03dedbb3
6d97b793
a7def893
16a10383
00695793
02ab1c33
01de9eb3
03d19a33
c7611e83
9f506193
01fca1b3
0237d1b3
023e8a33
02d727b3
0ffff117
17010113
00002337
72830313
00610133
7f510803
00a00d13
0ffff117
15410113
00002337
40030313
00610133
0ffff117
14010113
00003337
d3830313
00610133
0ffff117
12c10113
00002337
80030313
00610133
400bd4b3
a2312823
3d611a03
34114183
01d7e233
c09a8e93
0231bab3
01a98863
00000097
f7808093
00008067
00a00993
20710e83
031a1033
65f14e83
7137b793
03be0933
64f11d23
0237ceb3
29f14e83
e4f12223
a0815183
c2d7b493
346ac493
02feceb3
dd012c83
f4810783
fb110383
7d6bca13
03dec1b3
01d1a1b3
02fec1b3
0302b7b3
8be1a193
33e96393
7c114583
00900f93
00a00993
0ffff117
08010113
00003337
79830313
00610133
0ffff117
06c10113
00001337
39830313
00610133
0ffff117
05810113
00002337
1d030313
00610133
015e1ab3
da012203
408bd793
8fa10a23
55610e83
0237fd33
017884b3
00000033
053fd863
00000033
03c3ce33
01d1c433
e9b11223
f3e7b413
45010903
475ca797
f9211e23
00a00993
026445b3
24078793
44411c03
88614903
31710da3
030381b3
51210f03
23fc4193
8d812183
003ebeb3
02f1e7b3
03ad0e33
02fe81b3
02feaa33
d5d12a23
0037e4b3
01225433
00900c93
00a00993
03d7f933
01141933
7fbece13
01aa5fb3
0c78ae93
003e8d33
03094eb3
00000033
0999c063
00000033
c8412183
5daeb413
03deaa33
00d7d193
003193b3
11acf1b7
0037e733
00a00993
0ffff117
f6810113
00003337
85830313
00610133
cf212223
0ffff117
f5010113
00001337
81830313
00610133
d2510b83
5ca10e83
023197b3
48602837
e2d5c713
7b1d8193
00f1b1b3
02378f33
004bceb3
805ea193
01d7d7b3
63f11723
46312a23
74ad9eb7
028abeb3
01d1d233
00c00813
00198993
b7ceff93
023191b3
2e5a7193
024c51b3
0237b1b3
000b61b3
ff611e23
01098863
00000097
fc008093
00008067
00a00993
024068b3
2e764e97
01ded1b3
00de9193
7f606197
37ee8a93
038bc1b3
03dea7b3
1f812823
523ee513
008c71b3
0ffff117
e9810113
00001337
4e030313
00610133
fe012823
0231c1b3
35e26fb7
026f21b3
40f78833
41620e33
f4b7b393
0384aab3
02feceb3
0316ceb3
0ffff117
e5c10113
00002337
9c030313
00610133
6fc15183
a7d10e83
41f6d7b3
00900a13
00a00993
0ffff117
e3410113
00003337
8d030313
00610133
0ffff117
e2010113
00003337
fc030313
00610133
01d7b1b3
34f10123
4188d413
00a21193
6a94fe93
4178dd13
03d1ee33
00000033
073a5663
00000033
f8f10ea3
0378eeb3
cfd12623
02f1fdb3
ce0abe93
411b5d33
e5212e23
00a00993
caceb193
023ee4b3
ba214383
40d8d693
02f1ec33
0ffff117
db010113
00001337
2e030313
00610133
0f210183
d0b12223
87510f23
03d1ceb3
3ee12c23
71c15683
007cd793
50c10403
015c7833
03615783
01e3dd93
03d1d7b3
00900893
0ffff117
d6810113
00003337
64030313
00610133
0ffff117
d5410113
00002337
e5030313
00610133
03d793b3
03496cb3
7e910003
027ae3b3
0c411183
3b910e83
2c7dae93
00000033
f919c6e3
00000033
afd10ba3
02eb1eb3
023eceb3
e5611403
34012e83
010e1c33
7507be93
00a00993
0ffff117
cf810113
00001337
2b830313
00610133
5d410603
00f1eeb3
03a60533
029d7333
030733b3
4031ddb3
00379eb3
0ffff117
cc810113
00001337
a0030313
00610133
0fd12623
45d11523
02f1c7b3
74f12c23
3d9647b7
02f1c7b3
019d4eb3
0396a833
14d78c93
28f12c23
00900913
00a00993
0ffff117
c8410113
00002337
a9830313
00610133
0ffff117
c7010113
00001337
72030313
00610133
0ffff117
c5c10113
00001337
76830313
00610133
0237eeb3
3e011203
5a911223
d4c14e83
cbf11d23
00cadb13
37e10783
00000033
0529cc63
00000033
40f10ca3
5fd106a3
03d7a7b3
46812e83
023e97b3
dde11703
407d0a33
00a00993
003e8cb3
b3812303
0354a7b3
02f7f733
03c95eb3
01674833
038c96b3
67b12823
418f81b3
00824433
70c7cb13
03d7f7b3
023ef5b3
c1215a83
009a3833
37911923
01d1d3b3
00900b13
00a00993
0ffff117
bb410113
00002337
b8830313
00610133
0ffff117
ba010113
00001337
4d030313
00610133
3d412423
01d1aab3
06a3be37
790ebe93
74611f83
3bd10da3
02f7ceb3
00000033
053b5a63
00000033
e68107a3
03d7ee33
0a4eb897
0e911823
037831b3
01979e93
ea114783
00a00993
4ee18b93
0ffff117
b4010113
00001337
b0830313
00610133
a6412703
020817b3
3e410e83
027fcdb3
02f7eeb3
00feeeb3
01171eb3
0166d813
403181b3
03d1aab3
0ffff117
b0410113
00002337
97030313
00610133
35815203
01d7d033
03dea233
eacefe93
03212623
0ffff117
adc10113
00002337
9a030313
00610133
4ae10183
00b00a13
00a00993
0ffff117
abc10113
00001337
c1030313
00610133
02f1cd33
028ae233
14d47793
1c412c83
72412e23
03a277b3
ca812e83
00000033
05499c63
00000033
af214403
0c411e83
023e8433
e9a15183
015911b3
00021493
036b1b33
00a00993
001e9193
02f7aeb3
0ffff117
a5810113
00003337
2e030313
00610133
72415783
9eb10f23
e2710c83
40d3d793
01a28eb3
94b12e23
417e0ab3
039fe1b3
5d012e83
9c21ae93
02319f33
80f11423
0ffff117
a1410113
00003337
6f830313
00610133
9da10fa3
16da4793
01eed513
00c00813
00198993
0ffff117
9ec10113
00003337
d0830313
00610133
0ffff117
9d810113
00001337
24830313
00610133
38b1bd93
09d12623
16f11e23
01527eb3
00f7efb3
9cf10aa3
01de9733
01098463
f71ff06f
00a00993
023ec7b3
66f10a23
00f7f7b3
7561ee93
03d187b3
020b4ab3
00fec033
0ffff117
98010113
00003337
b4030313
00610133
f3d12c23
1aa191b7
e3411f23
00cde7b3
028d3533
32012783
41d7da33
b9714183
00feffb3
02c627b3
7bd106a3
ffd11623
e5012183
14b1bc93
465ef7b7
27712423
40f7d6b3
00b00b13
00198993
ff015e83
34f12423
40fedeb3
77ccc797
97812b83
03a207b3
03d7aeb3
00000033
fb698ae3
00000033
8cc11783
02f7dab3
d7415c03
0237bc33
7ceeec13
0237cdb3
1dd12423
00a00993
96f10023
a1414c83
031968b3
01d7aeb3
2617a793
99d11523
7a811403
1786b7b7
01892433
19d6b737
7c4eae93
fe2e7a93
a5411183
0ffff117
8a410113
00001337
63830313
00610133
c0d10783
03c666b3
87714183
ef9109a3
00a00913
03a751b3
006ed393
f9280793
01deb4b3
03bd1733
03503eb3
003eb1b3
01298463
fadff06f
00a00993
fe615783
0274f1b3
03d78eb3
4198d893
023eb7b3
017a9e93
0e1b6d13
0362eeb3
41d18533
03a05033
15eb3d37
0237deb3
a3d14783
0ffff117
82010113
00002337
21830313
00610133
d3d12223
f9d12823
aeb5e193
02ad42b3
0b514783
014b11b3
02a62433
036fc033
32215783
436100a3
7d018193
00b00a93
00a00993
0fffe117
7d810113
00001337
50030313
00610133
0fffe117
7c410113
00001337
08030313
00610133
0fffe117
7b010113
00003337
c7830313
00610133
73a11a23
61611803
c8426e93
2ea15e03
097e6793
032d0eb3
003bdd13
00000033
073ad463
00000033
03b20eb3
4897ec13
76311723
1c015e83
00f1f933
85c11783
c0e11c23
00a00993
bb815e83
032b87b3
8e311b23
53bdf337
0fffe117
74410113
00001337
cf830313
00610133
1fd10ea3
03ded7b3
1db14e03
1a310e23
d525f193
373de193
75a107a3
03bbd7b3
a4b14e83
4137d193
46e8b593
0031aeb3
0047d193
00c00b93
00a00993
0fffe117
6f410113
00002337
f9830313
00610133
18a7ae93
00feefb3
c0412b03
00378c33
70f10f23
031461b3
0237f433
00000033
0579c263
00000033
03cc2b33
5a011c23
f0114b03
00801233
034267b3
020d0c33
526347b7
00a00993
61012e83
0037beb3
02fe81b3
00f781b3
64c10323
3de407b7
0237b1b3
92912c23
0fffe117
67810113
00003337
be030313
00610133
bd412e23
9137e793
03c4e6b3
03d191b3
0fffe117
65410113
00002337
cd830313
00610133
6dd105a3
0fffe117
63c10113
00003337
91030313
00610133
07f14e83
01bed193
03904eb3
03de8e33
00c00b13
00198993
19c15e83
40c7d413
a3910183
ff110623
03cc87b3
a8710823
4037deb3
00000033
f73b58e3
00000033
023191b3
88011f23
0031d7b3
03cafeb3
03deb733
d9614183
f6c11e83
00a00993
d4dbc613
0fffe117
5c410113
00001337
75030313
00610133
e9c10603
d1c3ae13
0806e7b7
9dd11323
03d1bfb3
03ecf1b3
91110c03
e3012903
00c79793
0fffe117
58c10113
00001337
08830313
00610133
b1b101a3
8fbe3e93
6fbca693
a3f63793
020ac337
02f18833
03fa24b3
00c00893
00198993
0fffe117
55410113
00003337
62830313
00610133
0fffe117
54010113
00003337
67030313
00610133
01583fb3
03a97eb3
84c10803
78015903
0cc10e83
036e41b3
035251b3
00000033
f938dee3
00000033
5e2ab713
94f10a83
40a95e93
02fef4b3
03fb6933
e4912a23
02f1f7b3
00a00993
020e6fb3
03ce4b33
0fffe117
4dc10113
00002337
04030313
00610133
35114183
0fffe117
4c410113
00003337
38030313
00610133
a4712023
41d85793
6e114903
00f18bb3
0374b7b3
02fecdb3
6ec22e13
038347b3
c3815b03
7476f193
01d1d533
0fffe117
48410113
00001337
1b030313
00610133
0b010183
0315fdb3
07015783
0fffe117
46410113
00003337
7a830313
00610133
0fffe117
45010113
00003337
81030313
00610133
51214183
024b51b3
036df7b3
1eb427b7
51712223
023ec8b3
017fccb3
00000097
04808093
00008067
03d7deb3
a3615e83
03d7a1b3
f0a11783
8de14e83
41bcd813
030c2fb3
03d79433
0037feb3
038c0eb3
031361b3
01debe33
94015e83
83214183
0042a1b3
024408b3
0144cdb3
45914d03
0fffe117
3cc10113
00001337
5b030313
00610133
5c714e03
03fb57b3
03d7fa33
017f01b3
02f197b3
0231d7b3
0fffe117
3a010113
00002337
b9830313
00610133
cb911723
f5d12423
1d2104a3
007b4c93
023ebb33
02f19733
ded14803
00000097
05008093
00008067
03aa2cb3
0037ca33
a4f12e23
6e9a97b7
b89a0793
0d611d83
4061fa13
05412183
0fffe117
34410113
00002337
0b830313
00610133
cd412f03
03d7c7b3
03a2d6b3
039fa1b3
03ca41b3
0096c1b3
01d7d533
c9d12823
004807b3
d6f11b23
02622ab3
4037d1b3
c0910003
023e8eb3
3d012783
41d1d7b3
00c00b13
00198993
0fffe117
2e810113
00003337
24030313
00610133
0fffe117
2d410113
00003337
22030313
00610133
bc014183
13e14783
01a871b3
404ed793
01deb7b3
03cdedb3
00f7d1b3
00000033
f969cee3
00000033
cfeda213
88710523
90e11f83
87112223
84012a83
00fe8e33
01d19c33
00a00993
b3114b83
7f90c037
01decf33
405751b3
40f1d1b3
70d14e83
58f12e23
1a8e85b7
011c6233
03e2f333
0046ecb3
0fffe117
24c10113
00001337
82030313
00610133
a7011683
f5d14e83
03b4eab3
0021de93
003e8b33
0fffe117
22410113
00001337
96830313
00610133
4c615f83
00c00813
00a00993
0fffe117
20410113
00003337
5e030313
00610133
023eb1b3
ac412783
023eedb3
02f187b3
03d7e7b3
019afc33
13412a83
00000033
0309ce63
00000033
02fedfb3
03deb3b3
00379eb3
fef11f23
9ecbef93
03404ab3
020228b3
00a00993
cc811d23
73e15783
02f1c7b3
0231fdb3
ded14d03
02ac58b3
bfd12a23
86710883
03de8733
00a19893
0037f7b3
0fffe117
17c10113
00002337
f5030313
00610133
5a210e83
00bfe833
01d7fb33
03ca12b3
02f1e7b3
5fd11223
02fe9bb3
a7b03793
f411e393
027bfdb3
020be433
016277b3
02feae33
0480006f
c6110a03
28215003
031da1b3
0c010b83
02f191b3
027cbdb3
409c8eb3
d7e11183
01314703
02c2cbb3
51d10223
5299d1b7
37e14d03
036ba7b3
03d7b4b3
14cb37b7
66937793
01de9733
6cf17ab7
453e77b7
0fffe117
0e010113
00001337
f7030313
00610133
67814f03
cb910923
9af12423
02fee7b3
00b00913
00198993
03a077b3
8a615183
89d11623
411b5b33
029747b3
fafb4413
02f78c33
00000033
fb2986e3
00000033
5aac7a13
05015783
0308ad33
02f7b7b3
02feb7b3
03debcb3
411d0bb3
00a00993
011b8833
f0311d23
02feeeb3
00456cb3
0037f8b3
03d1f333
02f1ebb3
00f7fcb3
0fffe117
04c10113
00003337
ac830313
00610133
78b107a3
03de8a33
02950933
0fffe117
02c10113
00001337
94830313
00610133
10611b23
418b5713
415581b3
00712823
02fefeb3
023eb1b3
00c00e13
00198993
0fffe117
ff810113
00001337
20030313
00610133
0fffe117
fe410113
00003337
b4030313
00610133
62614c83
2f412d83
f0e109a3
e9b10ea3
b9d10223
7ccef893
008a31b3
01c98463
f81ff06f
00a00993
acb7e213
83811183
6fc07837
02f1dd33
3cf12e23
027ceeb3
c4815183
3293b613
03d1f7b3
30f3f513
0fffe117
f8010113
00003337
2c030313
00610133
4e015e83
00e1d193
ea114183
36f102a3
98f12e23
03decc33
1ab10323
d7d10623
3c2ca037
023e91b3
13d11923
41d78db3
010f7833
aad1e193
00900c13
00a00993
0fffe117
f2c10113
00003337
f5030313
00610133
0fffe117
f1810113
00002337
90830313
00610133
34114a03
027a3233
0354ea33
7ee15003
01de81b3
d5c15183
02002d33
00000033
0589c863
00000033
00f1c8b3
3896aa17
7b4102a3
03de91b3
017381b3
03de94b3
03d7acb3
00a00993
024b42b3
59d11323
34c8ec37
ebb14783
023e97b3
038531b3
00d7d913
b2f102a3
02c91733
02635d33
00d2f6b7
02f78833
40a7de93
02fe97b3
0fffe117
e8410113
00003337
ce030313
00610133
d3011183
ef011623
c6b78f13
00900a13
00a00993
f613ec93
0231a8b3
83b10c03
023e94b3
c8b14783
0dd12823
12f11b23
00000033
0549ca63
00000033
35310883
0a683193
00f1f7b3
02fe8e33
82015e83
2317bb13
ffd12623
00a00993
8a012783
0237a1b3
00b271b3
03e567b3
385eae93
00f7b2b3
03decdb3
50f14a83
03147733
80e108a3
ea514783
02f1d2b3
81e68013
00f1d833
332d8eb7
03015783
ab972793
00900813
0fffe117
dcc10113
00002337
73030313
00610133
c6311d23
60311223
d2514783
0237f7b3
efd10323
01fb5413
71d107a3
00000033
fb09c0e3
00000033
03543ab3
007ede93
417901b3
03f75fb3
01c92fb3
00f19033
01146033
00a00993
034f7eb3
0fffe117
d6c10113
00001337
70830313
00610133
73711623
039367b3
031b3eb3
3dd12423
6e94a493
03668d33
03d1be33
80dcae93
00f79233
02f19e33
023e86b3
95610d83
41b6da13
02fec1b3
02f1a7b3
02c58ab3
00c00b13
00198993
03b88833
0237b833
dbd1e793
02febd33
01c12223
03c3f7b3
01d7eeb3
00000033
fd69c0e3
00000033
03ce4db3
02f1cc33
ee9da213
e1d11923
0237c8b3
03d1c7b3
018e7eb3
00a00993
03646f33
2fb1f313
34a10783
03d7d533
65049937
9ef12c23
41ded333
1cc11783
51811323
0fffe117
ca410113
00003337
9e030313
00610133
b7a14e83
687aac13
03d7d233
0365a7b3
030388b3
0037b3b3
46388e13
00842433
00b00d93
00a00993
02318eb3
4b48f193
02000ab3
38812783
036fdbb3
418ed793
14211803
00000033
053dd663
00000033
a2b7be93
41de81b3
02fea7b3
69914a03
46414e83
0237a833
da914c83
00a00993
b6ddee93
5e312c23
00ca8433
599a7793
035261b3
f7310283
0231aeb3
010e9193
4187d293
f4c14e03
00781fb3
45215283
02f796b3
0fffe117
bec10113
00003337
e5830313
00610133
34910183
004dd793
62e10d23
41d7d1b3
00900d93
0fffe117
bc410113
00002337
2b830313
00610133
5a114403
03f94eb3
02f1d7b3
9a611883
020ccbb3
02771eb3
03def1b3
00000033
f93ddee3
00000033
1878c197
14710e83
a54ae893
03682eb3
77412223
8dd11023
30015783
00a00993
21772e93
0ce66513
78211183
023ed333
024de1b3
a9012823
025027b3
4073d233
019e9e93
0237d7b3
c2211183
0fffe117
b3c10113
00003337
76030313
00610133
3c611123
5c37be93
03dee1b3
8d615d83
40fe8b33
0111d213
0fffe117
b1010113
00001337
89030313
00610133
023ed1b3
02fe81b3
003e9433
28f12823
c2c10a03
0231deb3
a6611c03
00000097
04008093
00008067
023eaeb3
e2812883
035b0233
21d12a23
036a0433
0348beb3
40dcd213
70312a23
b562c793
adb11323
03d7d3b3
0031c1b3
40f18233
437ea793
003ec5b3
030db1b3
02feceb3
aba11583
73c10b83
3c1ec193
9cf10623
00d79693
0fffe117
a7c10113
00001337
fa030313
00610133
62a11783
85c14e83
00c00d93
00198993
93e15a83
df2eb493
cf777793
03d7eeb3
41af8eb3
01a3c833
41470cb3
00000033
f93ddce3
00000033
36311823
5c838e93
5f41c193
0237eb33
01d1feb3
d371c013
027bb3b3
00a00993
023187b3
0fffe117
a0c10113
00001337
80030313
00610133
26611783
0237eeb3
cf7ef793
02741bb3
0237f1b3
03c72293
4094d413
c1514e83
cb811323
40f65513
03d1c1b3
5ec12783
037f1533
0231feb3
95814783
02c3e8b3
00900813
0fffe117
9b410113
00002337
5f830313
00610133
93512823
7fd10f23
abc15d83
18614183
031d9eb3
01d7e7b3
11d14183
00000033
fb3852e3
00000033
ff53fa13
00f19033
42012e83
40f10023
02f7dab3
24311123
0237f933
00a00993
89d14003
f5610e23
02fe87b3
0231fe33
ec410703
0195c7b3
0037c1b3
66411f03
0fffe117
93810113
00003337
b8830313
00610133
42c12783
01a21eb3
c4412a03
11d11223
02f19333
0208beb3
002e9013
02bddeb3
01dee1b3
0fffe117
90010113
00002337
07030313
00610133
1c615c83
10611783
00f7ceb3
85a15703
02f7de33
0237e4b3
f6870e93
0380006f
01d7c1b3
8e815783
46011c83
02f7f7b3
003eda93
79011783
4ee51017
fb87f193
0df7be93
023ef7b3
0231fab3
02b268b3
006467b3
6baa9e37
416ede93
40f787b3
0d0647b7
00ce5e13
5ac12183
22611f83
02f1b7b3
6c012b03
1ef11123
00f7d433
00c00d13
00198993
0fffe117
86410113
00002337
f4830313
00610133
0fffe117
85010113
00001337
8d830313
00610133
b4d10e83
2c84b893
018bdc33
ca215383
3f415e83
6a812183
027b37b3
01a98463
f99ff06f
00a00993
64310823
02942eb3
029278b3
60811183
5ba15c03
55b1a193
023eadb3
de51ce93
00e93eb3
59411c83
2851b837
403e8033
00690633
85112223
4013d613
030053b3
5c314183
0fffd117
7d010113
00001337
11830313
00610133
b8411e83
a6012783
40318533
036827b3
00f12a23
03677db3
771dd7b7
00c00d13
00a00993
02f7afb3
02f7f7b3
e8811783
fdd12e23
01d1be33
40f7d7b3
1726f737
00000033
07a9c063
00000033
037388b3
02fed1b3
41ebae97
7a47ef93
023783b3
02feedb3
0388c7b3
00a00993
0166eeb3
0fffd117
74c10113
00003337
5b830313
00610133
d1012783
02319e33
00391d93
023eb1b3
0c910e83
03bb8433
7af78b13
01dede93
03de91b3
0068d1b3
0037f1b3
f25a8193
02845033
40aede93
53412303
66c15783
0fffd117
6f810113
00003337
af030313
00610133
bfc12e83
02fefc33
0231c1b3
03d7b8b3
07011123
8937cc13
02f7acb3
0500006f
02f1aab3
40ed5e93
02f7c7b3
75a5deb7
019c11b3
42a76e93
02f7b033
00786fb3
89c14883
01d1c633
a6f14783
02378333
3bcc2193
03d7d7b3
03d7e1b3
0425bc13
03d1e7b3
2a615783
db010183
01d7c7b3
68215d83
01d7deb3
00f7a1b3
026cc333
00900f93
00a00993
0fffd117
65c10113
00002337
60030313
00610133
0fffd117
64810113
00003337
81030313
00610133
019208b3
0237beb3
1ef101a3
4b211b23
01777cb3
37011003
d5712223
00000033
05f9cc63
00000033
4127d813
038bfcb3
10f11723
1d912823
ecf12223
0057d793
02f187b3
00a00993
72d11b23
025e5eb3
43412e83
030a71b3
0fffd117
5dc10113
00003337
ed830313
00610133
f8412783
c2c11383
03058f33
e4412883
02b4b3b3
58811003
2f615183
eed10183
02f7b4b3
037e04b3
0fffd117
5a010113
00001337
14030313
00610133
44815e83
0fffd117
58810113
00001337
9a830313
00610133
2e712e23
b1214783
00000b93
0fffd117
56810113
00002337
9a030313
00610133
0fffd117
55410113
00001337
f5030313
00610133
019847b3
0231f1b3
02f1deb3
a3812623
03d1adb3
84f10923
85e10e83
00000033
f77982e3
00000033
01d7b233
008b6233
ef512e23
02fe8933
03bc7eb3
96710703
41b95833
00a00993
0e012183
00378eb3
023eda33
92c15383
e4aa4193
027de7b3
0231c333
039da1b3
68810823
485ea193
026f8db3
8e6ee793
0231feb3
99d11323
00546bb3
0fffd117
4bc10113
00003337
da830313
00610133
0fc15403
02f1d3b3
00c00e93
00198993
0fffd117
49810113
00001337
d8030313
00610133
0fffd117
48410113
00002337
0b830313
00610133
463108a3
e5c15483
b7714c03
98073f93
01106233
00611803
40185a93
00000033
f7d9cce3
00000033
c3512823
5bb10783
007e0b33
316109a3
0307ec33
02407ab3
0c4541b7
00a00993
0231f7b3
85d104a3
59dd0eb7
0fffd117
41c10113
00002337
d4830313
00610133
5d411183
03d1be33
0107d693
3f812c83
015ce1b3
00f1c6b3
ec211183
02fee233
010cadb3
02dd67b3
036031b3
03fa15b3
039bb433
02e44eb3
00a00a93
0fffd117
3cc10113
00001337
ce030313
00610133
345a0d93
5da11003
02319d33
64010b03
03d19eb3
02f1a833
039d91b3
01598463
fa9ff06f
00a00993
03fce033
49b12c23
bf411183
03d7a733
e2712823
3c690e93
03d7d1b3
3fd12423
0fffd117
37010113
00003337
46830313
00610133
a5611e83
0237e533
b5d107a3
0185d713
0031b833
032511b3
313eaa13
0ea15e83
023eb1b3
036dc7b3
030533b3
28412c83
688626b7
e9015783
03d7eeb3
023ec633
0fffd117
31c10113
00003337
e6830313
00610133
03c207b3
03d1abb3
0358dab3
d2812783
c2c1ae93
03543933
01fdbbb3
00000097
04408093
00008067
ee412f83
1f610e83
49c12003
03debcb3
73615c83
e7b10183
023783b3
41fad233
00e302b3
ef314183
03d19eb3
03d7f1b3
01167033
0144f8b3
1bd11623
02cb2933
f0412203
023ef7b3
03de8f33
01239893
0fffd117
29010113
00003337
ca030313
00610133
39512023
034e07b3
0ee15403
59210e83
00c00f93
00198993
0fffd117
26410113
00003337
08030313
00610133
0c4b0193
029b68b3
c1d11623
69a11803
023e87b3
00f7e933
3a6e8a93
00000033
f93fdee3
00000033
02015183
10c72a13
d6215e83
63bae917
036d8db3
0378b033
038b4c33
00a00993
79a14c83
7bd11a23
01d1b7b3
22812d03
00fe8f33
72211783
41a901b3
2f767f93
41058eb3
03dedeb3
020877b3
acf5ba13
03d7d7b3
0fffd117
1d410113
00003337
aa830313
00610133
e9412e23
1ac10f23
014371b3
026caeb3
00000d13
0fffd117
1ac10113
00001337
8c830313
00610133
7a9104a3
f6b10c03
039a3a33
01d181b3
007f9233
a9810e23
1c8d4c17
00000033
f9a98ce3
00000033
b8cac793
52c18793
31d11523
40f18233
00fe9e93
dc015703
02fefeb3
00a00993
0fffd117
15010113
00001337
fa030313
00610133
39e11783
9ea14783
40860933
12e15e83
03d18933
02f1feb3
b7412e83
22012023
02f7b7b3
00adb7b3
fa311b23
03e5f1b3
90412c83
037a4e33
00f187b3
02c11603
7ed1ce93
00a00913
62710783
20611d03
16c10783
018cacb3
ca412f83
02f18033
0008c433
00000033
fb299ee3
00000033
0231a733
03afd1b3
01cccab3
fae15383
16810f83
50c12e83
023ec233
00a00993
030bbeb3
00f7e7b3
baf66213
0fffd117
0a010113
00003337
33830313
00610133
b2d11123
03186433
01835613
40b4dd33
009dc7b3
00f10183
0396dfb3
41d78ab3
eef12c23
0196da93
03bf07b3
02379ab3
e6812183
e2314903
00900893
c1a11403
023efeb3
404ed713
40f7dc33
8f1ef793
415a0833
029487b3
00000033
fb38d8e3
00000033
65a14e83
40318833
1a615003
6aa15e83
cbd12423
d1eea393
0037aeb3
00a00993
02fe8c33
023ee7b3
0fffd117
00010113
00002337
62030313
00610133
dce11e83
a6815183
0086d1b3
6cae8713
9bd12823
73e1b193
fd3eed13
01845533
e2312e23
02379eb3
01af71b3
6af12a23
83412783
0fffd117
fb810113
00002337
f6030313
00610133
eee12c23
03d79eb3
00c00b93
00198993
0fffd117
f9410113
00002337
33030313
00610133
95c15783
00ec4ab3
77b11c23
e2114783
0237b733
5bc94e93
03f817b3
00000033
f979c0e3
00000033
29112a23
0237cab3
02e967b3
02ee2833
003ebdb3
008feeb3
02080eb3
00a00993
a4811b03
88e12a23
00f1c533
03fac433
f447c193
035677b3
68012e03
03deb7b3
014b51b3
012a5793
0fffd117
f1010113
00001337
82830313
00610133
c2a10b03
4eaf0c37
036de7b3
67594b93
ead7b893
fa114c03
7f1f3513
00900a93
00a00993
0fffd117
ed810113
00001337
d5830313
00610133
b7b102a3
f9810a23
03fb5a33
01d1f033
016021b3
02f794b3
b8410383
00000033
0559c263
00000033
00ef9433
e171ce93
34710183
012a3fb3
40378733
bbb101a3
0237b1b3
00a00993
01e3de13
0a011e83
00610583
02987f33
a2412903
00d627b3
02cf71b3
f8def513
a7e11e23
7fa11183
00f7d1b3
03d1b1b3
008af633
41e10e83
494b4f13
84812e83
03de97b3
00a00a13
00a00993
0fffd117
e3010113
00002337
95830313
00610133
4007d193
6bf11023
b2312e23
83f78793
03149c33
6fd12e23
00b19493
00000033
03499e63
00000033
e29fba93
037cdb33
020243b3
88015e83
62f38eb7
03f3ab33
02f197b3
00a00993
0237a7b3
003797b3
025af233
8101a293
0237eeb3
036327b3
03decfb3
032a18b3
40f7deb3
58a14783
55d10ca3
26811783
03788433
018a5c33
a7210ea3
009742b3
00dc51b3
00900b13
00a00993
0fffd117
d8810113
00002337
51030313
00610133
5e710023
0f412223
7ec15483
eaf12423
02fed1b3
03f77c33
91412c23
00000033
053b5e63
00000033
02f7f1b3
19c10fa3
02796ab3
028c77b3
012713b3
028061b3
02319733
00a00993
0fffd117
d2c10113
00003337
21830313
00610133
36415c83
035dd233
03de81b3
f2f11023
003796b3
0231ffb3
0322a733
016a5193
53010c23
76ec0793
c1c12183
0fffd117
cec10113
00003337
25030313
00610133
dbd11323
41eb8833
023eb1b3
6e110e83
03bb21b3
9d412223
00b00c13
00a00993
11210e03
03d1eeb3
00f7a7b3
04b14183
024d6433
2a412d03
03592cb3
00000033
07899263
00000033
02f1a8b3
dad10a03
01b861b3
01d7bd33
0037c1b3
30911623
03cb6eb3
00a00993
6ac11903
01c767b3
4031d5b3
023ee1b3
0fffd117
c6010113
00001337
92830313
00610133
6fd14883
40c7d193
02f1d733
0237d433
c5d1ee93
37510703
0ff2f413
025b4633
ac012783
21a104a3
02fe8e33
03deaeb3
40685613
00000c13
0fffd117
c1410113
00001337
5d830313
00610133
f0410623
037dc033
032b67b3
003ee1b3
cce10a23
02f7c1b3
02febbb3
00000033
fb8986e3
00000033
f2311b23
4ef12223
c9d103a3
03414a83
02fedfb3
69abec93
0324b8b3
00a00993
0fffd117
bb810113
00003337
fe830313
00610133
37e14783
0237a533
0231b7b3
03d7aa33
01dee7b3
0fffd117
b9010113
00003337
9c030313
00610133
f9a11403
031baeb3
5b910703
01f1d713
12c15c03
b0f10183
0fffd117
b6410113
00001337
30030313
00610133
0ec14183
b5611e23
94e1f713
4bf10903
2f412e83
036fb633
00b00f93
00a00993
02f7ee33
79415e83
82e12623
008911b3
14211883
0231eeb3
2ba12c23
00000033
053fde63
00000033
59512223
032b68b3
d5c12a83
03b95733
0237e1b3
03296ab3
03889eb3
00a00993
01c53eb3
01d7bb33
0fffd117
ae010113
00003337
65030313
00610133
eab10623
11d107a3
02fe87b3
3cc15183
0237e6b3
0316a1b3
03ca57b3
82e10783
40f7d8b3
0fffd117
aa810113
00002337
b3030313
00610133
cdd11623
a9d11c23
01d7f7b3
02feef33
23b11823
02a867b3
00900f93
2291e413
01cbca33
02fe97b3
1fd10183
7bb7fe93
02f7fdb3
16015783
00000033
f93fdce3
00000033
e4c11183
00f7e733
9b514d83
e6810203
00f79cb3
08c14183
4f5e8e93
00a00993
dcc15b83
03d7ca33
c6814e83
027ca2b3
03dee6b3
c6a15c83
02e701b3
4fd14003
02f791b3
01519413
036d31b3
02fe9eb3
a1110903
39d10e23
f0615783
02ec1eb3
ef014783
00b00d13
00a00993
0fffd117
9e410113
00003337
22830313
00610133
0fffd117
9d010113
00003337
72030313
00610133
5fa15803
03073eb3
44011423
035dfbb3
038f9a33
41b903b3
10314e83
00000033
07a99463
00000033
23499bb7
40495193
03716d97
41fe5e33
48d14883
54910fa3
13f14783
00a00993
031e77b3
030c37b3
6e514e83
031a4eb3
c7912a23
14011d83
40f183b3
0fffd117
95810113
00003337
32030313
00610133
07b14183
017317b3
d2310b23
2c312c23
028d87b3
dbd11123
51e11c83
408657b7
0d412483
02f1dc33
00000b93
42510b03
007c6eb3
0afeac13
403e8ab3
5dc14183
07812d83
023787b3
00000033
fd7980e3
00000033
1703c793
03fdf1b3
0037d1b3
9e412483
44f12023
0158cd33
0308c7b3
00a00993
0237eeb3
0031d833
1bc43e93
0363eeb3
02f78cb3
4031dd33
03c4d833
01fd41b3
439eca93
00f181b3
69611783
24a11e83
96812e83
02f1b7b3
0011dd93
9601f813
00f7d7b3
00900f93
0fffd117
88810113
00003337
bb030313
00610133
03ded1b3
403e81b3
66c14e03
d1d11f23
009e9c93
7ae11723
74bd3c93
00000033
fb3fd6e3
00000033
64a807b7
19d12e23
0237a7b3
4107de93
41de8833
03d18c33
c3215183
00a00993
15610823
00629db3
031a5433
004eda13
0fffd117
81c10113
00001337
ab830313
00610133
f6011b03
03d18eb3
3dd12623
0fffc117
7fc10113
00002337
ff030313
00610133
52912223
01cb7fb3
40d6f193
02aa0ab3
f9c11d03
02f1c033
ef012e83
02ad44b3
3d415783
02402633
00f12023
41170eb3
02edf733
02ea07b3
03d181b3
c5478a13
034e5733
00000097
03c08093
00008067
008927b3
6147c393
c6711c23
33aa6a13
3fa15e83
bd3e8e93
032a53b3
23d10ca3
3632a7b7
632b47b7
8f614783
0237a7b3
00f1db33
02310623
014dcf33
023ea7b3
016811b3
03269233
ddb14d83
019a5eb7
3a812e83
026daeb3
2c312423
0286ce33
4017da13
40fe8eb3
02fed7b3
61914d83
03d1a733
034bdab3
a72c6c13
0600006f
4eb3a493
66812183
03ad27b3
034c2bb3
02971cb3
b3810803
0244da33
ff411203
408551b3
0fffc117
6f410113
00002337
90830313
00610133
2a311123
eda7ad93
02feaeb3
02feaeb3
003efa33
79015183
02fec7b3
ebe11903
4bd11923
02f7e933
02378eb3
01941793
ac114903
01559bb3
444dae93
00900c13
00a00993
0fffc117
69c10113
00003337
25830313
00610133
f5610ea3
403e8833
028e21b3
dc911e23
1cf59eb7
414ede93
03b978b3
00000033
0589c263
00000033
2b611223
023e8db3
409457b3
ee814783
011bdeb3
03defeb3
0b1d4b37
00a00993
a3815e83
60012183
0237b6b3
b0c7be93
03baca33
22815a83
03d1f933
b6312e23
3a614583
7c814703
41ded7b3
01d18433
030657b3
023eb1b3
412c5e33
005495b3
b6812823
00900e93
00a00993
0fffc117
5f410113
00001337
6f830313
00610133
0293bb33
aff10183
9ef12023
ab812783
2d1f3b37
029af3b3
02eb5b33
00000033
05d9c663
00000033
0328db33
01ce73b3
010ac1b3
00e75413
01145b13
038ff1b3
e1815d83
00a00993
2ca14d83
03d181b3
02906633
d3b14d03
7d215183
03d79fb3
023ea2b3
03d7c033
02f1f1b3
01112623
41855e93
20f11c23
029477b3
fe97cc13
03dea5b3
0037ceb3
50d1cc13
00900e93
00a00993
0237e433
35443d93
015d64b3
44fd1197
035ac4b3
034b11b3
024061b3
00000033
053edc63
00000033
00285d13
84e10ea3
017f97b3
027771b3
03f4bd33
02f1ce33
03704ab3
00a00993
8c615783
03d1e6b3
003eadb3
01982ab3
0237f233
02f1b1b3
03490833
03deed33
0355d6b3
eaac6193
03d1a7b3
016ba933
02e80d33
f6310b23
95e10183
99810203
83f30e93
0fffc117
4c010113
00003337
ea830313
00610133
02f7b033
027fbdb3
023efeb3
00f1f233
418457b3
0037f7b3
024da1b3
00000097
08008093
00008067
03d1feb3
03d1f933
07a12c23
00379933
01cd37b3
98f11b23
dfc12183
02fef433
0fffc117
46410113
00003337
33030313
00610133
74910e83
e70b3c93
03d1c1b3
0fffc117
44410113
00003337
12830313
00610133
91412883
0d412b83
92810523
02eadfb3
58415183
006ede93
03652eb3
029838b3
023edeb3
40f781b3
0fffc117
40810113
00003337
33830313
00610133
4c211b03
3a311223
0002d693
00900c93
00a00993
0fffc117
3e010113
00003337
7b030313
00610133
0fffc117
3cc10113
00001337
14830313
00610133
00f39893
003197b3
00fe87b3
01dec1b3
023791b3
2c310e23
00f11723
00000033
053cda63
00000033
035ba7b3
017b6db3
02f1f8b3
411207b3
011bb1b3
dc312023
00e4d033
00a00993
f9a15203
03bbcf33
0fffc117
36810113
00002337
40030313
00610133
4b215c83
8f015183
278bf1b7
029c7fb3
46c15003
03c487b3
03d1beb3
02471833
039e47b3
52012703
82214183
d3511823
03debd33
4e412203
64314183
0fffc117
31810113
00001337
2e030313
00610133
0fffc117
30410113
00001337
70830313
00610133
01696fb3
bd68c893
03c75e33
007971b3
a3d12a23
03fbeeb3
fcf80a93
0500006f
00404cb3
0031fcb3
03de8733
d3415c03
c6a11183
014a71b3
91b44193
0237a7b3
032cc1b3
dde56393
a507a413
03d1ceb3
028001b3
00abc1b3
0252df33
03d1aeb3
03dec7b3
00c741b3
023e8933
75710aa3
caf10623
40a65793
c4412c23
00c42f33
1091ee93
53514783
003e97b3
400ddeb3
d1e8b193
02fe88b3
cfa10c23
00000097
04c08093
00008067
a4814d83
c5dee793
03502eb3
dff10903
00febd33
400ed793
03290933
02dd97b3
012831b3
005e3233
02cc4cb3
49498eb7
024607b3
58314583
032e2933
00f7cc33
ce210783
03b93eb3
07f35537
0fffc117
1fc10113
00002337
19830313
00610133
da412603
0231c5b3
035a47b3
05314c83
0fffc117
1d810113
00002337
84030313
00610133
a2e14c03
00c00893
00198993
0fffc117
1b810113
00002337
fd030313
00610133
0fffc117
1a410113
00003337
69030313
00610133
02f1c7b3
8d3ace93
02feceb3
0043d1b3
02f7ecb3
03541d33
03d7e733
00000033
f519cee3
00000033
03fa1833
03ae5b33
3a910e83
030c87b3
40e25bb3
67210e23
004e9e13
00a00993
7703e893
02d2edb3
01f57833
aa310c23
408d5433
03ffb333
0056db13
5a0ece93
039bfa33
03d19d33
cfd10d23
29aa2eb7
020357b3
f4011d83
00a12423
026bb2b3
0237b633
00a00c13
79414783
0237ceb3
03a04eb3
01fe9793
027837b3
01e1de93
8ac12e83
00000033
09898263
00000033
3d0ef193
35412a03
410cd193
03d1a733
58078e93
012cc7b3
0298c1b3
00a00993
02a42bb3
0fffc117
0b410113
00003337
c0830313
00610133
18a11a83
03de85b3
0fffc117
09810113
00001337
f8030313
00610133
3cd14e83
02f79833
0031e7b3
0125a7b3
0fffc117
07410113
00002337
19830313
00610133
31215e83
22811783
d5c12e83
0bb10623
02f797b3
66514b03
0366e1b3
02f1d7b3
02318eb3
02fed7b3
00b00893
00a00993
65015783
daf10e83
03fb81b3
b0f11923
03d7e433
01d18eb3
02048eb3
00000033
07199663
00000033
017494b3
03d7dcb3
0c614b83
e1910f83
018a0eb3
00de5193
02eafdb3
00a00993
01d7b7b3
62a38013
03d79c33
443105a3
032cb1b3
8d412623
032577b3
6791ee93
dd011783
40fed3b3
015861b3
0fffc117
fbc10113
00001337
7e030313
00610133
27012e83
02cdc1b3
4a4102a3
ca611a03
03a70bb3
023797b3
00000b13
03d1f1b3
1461b193
013e9413
4ce9c937
02f1e7b3
035a4eb3
039e1eb3
00000033
07698463
00000033
0273beb3
02feb1b3
55e46193
03de9e33
ff9eaa93
03dede33
4bd12223
00a00993
40ad57b3
004b57b3
03891c33
40f1d7b3
e3b42393
020cceb3
02f1b1b3
0fffc117
f2810113
00003337
19030313
00610133
5b214283
03d7c733
0067d193
386ef193
01679193
67b7e493
00a74db3
02f18533
0fffc117
ef410113
00002337
43830313
00610133
b2e11183
40cb8433
00b00893
00198993
00191e93
01dec1b3
f8f12223
cef10e83
14d97813
00ee77b3
03de91b3
00000033
fb1982e3
00000033
8ac12203
ed011e83
07114b03
02feaeb3
7a6b1a37
02feaeb3
0231eeb3
00a00993
008c5bb3
41d1de33
01d7ccb3
4181d013
0237ffb3
3a412603
01a37033
01ffe1b3
015cd193
bf211703
02fe91b3
0fffc117
e5c10113
00002337
5e830313
00610133
05d10523
03ca87b3
01c061b3
03d1aeb3
0027de93
ab714903
00900e13
0fffc117
e2c10113
00001337
81030313
00610133
03a4e833
64012d83
01bd8033
020beeb3
00f1bcb3
751eb193
f9d11123
00000033
f9c9c2e3
00000033
02318c33
2d5b6e93
00febeb3
e3d12823
03de87b3
3ebe8793
14812a03
00a00993
40eb0eb3
029e2eb3
0fffc117
dc810113
00003337
d5030313
00610133
72314783
017de7b3
0231b7b3
10a7a813
0eeeb793
03759833
e0e11203
02f79733
017d71b3
02f10623
02868333
96593793
0fffc117
d8410113
00003337
86030313
00610133
42211a03
1b9f9bb7
00689193
00900813
00a00993
0fffc117
d5c10113
00002337
26030313
00610133
e1d10323
02feae33
0af12823
0398b433
55412183
41de8eb3
2b611b03
00000033
05385663
00000033
003e9233
d8310723
008cf933
17112023
01619e93
03c90e33
336c37b7
00a00993
84911323
03f281b3
02f1b7b3
00cbf3b3
40d25e93
03992eb3
00aedb13
b0011a83
be012183
02d821b3
02f1beb3
00949e93
01deae33
1e8667b7
0346deb3
03d79233
00f7eb33
00c00e93
00198993
0fffc117
cb410113
00001337
a2830313
00610133
ee312223
00f1c433
004ecb17
0031e433
05b14403
24e7abb7
4081dfb3
01d98463
fadff06f
00a00993
023787b3
608107a3
e0312a23
02f7a433
3fe15883
93c18413
5e310923
006541b3
00fef333
40465713
008f68b3
0fffc117
c4c10113
00002337
7d030313
00610133
97012f83
030cbf33
66f104a3
0fffc117
c2c10113
00001337
0b830313
00610133
2cf11d23
0fffc117
c1410113
00003337
23830313
00610133
0fe10803
6cd258b7
0c412683
ca012e83
00aabcb3
032394b3
009f73b3
0fffc117
be410113
00003337
65030313
00610133
fdd10c23
ae012a23
0fffc117
bc810113
00002337
f5030313
00610133
0fffc117
bb410113
00002337
b5830313
00610133
0fffc117
ba010113
00002337
91030313
00610133
59a10c03
00fec1b3
03021733
014e7ab3
03dedeb3
b4a14483
00922eb3
00000097
06c08093
00008067
03d784b3
2b546e93
036b31b3
55610e83
4d610383
03e15883
038afb33
eb812503
024bb7b3
dc414183
00f1c833
028537b3
5fd11823
0fffc117
b3010113
00003337
74830313
00610133
d3215783
00f1dab3
0283c7b3
0231dd33
00bb18b3
cb211783
0d811b23
00844fb3
1a882613
02f7c2b3
038a8933
00c00d93
00198993
0fffc117
ae810113
00002337
bb030313
00610133
034fc1b3
29a15e83
012b8ab3
69010783
d5638c13
a177a793
a3014183
00000033
f9b9cee3
00000033
74015c03
8ba11183
02476eb3
003e9eb3
03d7e7b3
10214e03
010c3433
00a00993
89e15183
0fffc117
a8810113
00003337
d6830313
00610133
22a14e83
95412283
02c818b3
41885e13
03de87b3
038211b3
02e86db3
00fee4b3
8bb84e93
015d61b3
025717b3
02fe97b3
40f7deb3
67eeb1b7
fc710a03
42412c23
00a00893
0fffc117
a3010113
00003337
18830313
00610133
0fffc117
a1c10113
00002337
1f830313
00610133
78914903
03d7ceb3
2e6c4793
34815183
02feae33
00985e93
02705833
00000033
05198a63
00000033
c0e15203
0231b7b3
0031da33
31b11c23
81cdfe93
023e8bb3
02826e33
00a00993
03d78533
98f8af13
b2c12303
7327b793
03c597b3
02f191b3
0355fa33
acc12183
009e9193
0283e4b3
5271c793
b4a7fe93
00905193
ff012e83
0fffc117
98810113
00001337
58030313
00610133
1a5103a3
57d11423
02f7a1b3
00c00a13
00a00993
03d1a233
20527bb7
8ea11783
00f79eb3
f7712823
02f1e7b3
03c3b7b3
00000033
0749ca63
00000033
410d0b33
408dd833
0237d1b3
02f7d1b3
0237c933
02feeeb3
5f229717
00a00993
0fffc117
91810113
00002337
c8030313
00610133
d0a11783
02f1a1b3
40d05813
6d615383
016271b3
0fffc117
8f010113
00002337
43030313
00610133
7ec11783
02ef5fb3
ab710383
40fe87b3
01d7f433
00f1ceb3
52f11723
017417b3
023eeb33
f7812283
02f7a2b3
405c81b3
00a00b13
0fffc117
8a810113
00001337
d6030313
00610133
fef11a23
01ae67b3
031201b3
02f7ba33
305fa193
3e47e893
40add793
00000033
09698263
00000033
008d6733
5f012803
02426933
b2de8493
4ac1e193
ac67f793
039badb3
00a00993
c7214783
1c214e83
0fffc117
84410113
00001337
ad030313
00610133
0e312023
01cfbd33
0fffc117
82810113
00002337
72830313
00610133
c7310e83
0037aeb3
ada10ca3
026a88b3
0fffc117
80410113
00002337
f8830313
00610133
7e415b03
024361b3
008bc1b3
76812a83
019d1193
0fffb117
7dc10113
00002337
72830313
00610133
f1c12c03
03072b33
1e611303
40fe84b3
00900e93
0fffb117
7b410113
00003337
f9030313
00610133
778ce413
008ad413
00819433
a1e11b03
5d714b03
4c812023
2471c193
00000033
f7d9c8e3
00000033
6f511323
034711b3
0231f7b3
02819bb3
024897b3
ddf11e23
79e26213
00a00993
02d971b3
48312023
0015de93
01b01313
00f55b13
02f78333
d2514b03
02a3f5b3
03d1feb3
0fffb117
73410113
00002337
7b030313
00610133
1bd10b23
0fffb117
71c10113
00001337
c0030313
00610133
02c15e03
031567b3
03d1d733
e6e10783
032ba1b3
402ed793
b8f11a23
00c00b13
00a00993
01b234b3
003eaeb3
02fe8cb3
85c11803
035e7a33
02fed1b3
0231bab3
00000033
0569ca63
00000033
01821193
9f1106a3
2685c197
e4010e83
00f1aa33
0078b7b3
0144e1b3
00a00993
032cc1b3
99fea793
01c79313
c0811c83
03b771b3
e6015f03
035d21b3
fd012183
143ec593
02fe97b3
0306bdb3
015b1833
0385c1b3
03de8333
010d37b3
0164acb3
0304eeb3
00c00b13
00a00993
0fffb117
65010113
00003337
55030313
00610133
8c412183
ad810903
02f1d8b3
05e80413
03ae4433
02802cb3
29811703
00000033
0369ce63
00000033
0231b1b3
01ca6fb3
21120193
023ec1b3
014261b3
9e312423
95314d03
00a00993
02f1aeb3
afd12823
03d1b7b3
f7a24193
07a11c83
f0914903
c8010a83
015051b3
88810783
0fffb117
5d010113
00001337
e5830313
00610133
28412783
0fffb117
5b810113
00003337
9d030313
00610133
98310783
3de15d03
60e11903
ec811683
42f11723
0fffb117
59010113
00002337
0d830313
00610133
61211623
7d57f413
00c00e93
00198993
0fffb117
56c10113
00003337
23030313
00610133
22c14783
eefb0413
0314ab33
b6f11f23
014d8833
0314e833
2dc15c03
00000033
f9d99ee3
00000033
406c5913
3a046417
41a1d713
02382c33
00386433
019271b3
36812783
00a00993
0343beb3
026b91b3
023ea033
02feceb3
9fd12423
03dec7b3
a2bb3813
67d11b23
5091ae93
03406533
02319eb3
63412e83
85f1cb13
039abeb3
02b374b3
cdd11923
01189cb3
00a00c93
003797b3
014de1b3
bac10e83
0031c1b3
01e7d193
003ea733
036008b3
00000033
09998063
00000033
5ee16d97
03d7f833
023191b3
00f7ceb3
038227b3
020001b3
ba310923
00a00993
88a11183
03d7feb3
8cb11623
0fffb117
47410113
00002337
56030313
00610133
7f615403
af7bcb93
6717ca93
00ae3db3
dfd11223
01de9eb3
16c15703
b6c14203
b0815b03
0fffb117
43c10113
00003337
bf830313
00610133
9a412703
46a15b83
10f10383
03d181b3
0fffb117
41810113
00001337
7d830313
00610133
6b814b03
01d1cbb3
cec15f83
df518493
5f411f23
02f78fb3
036d51b3
012737b3
00000097
06008093
00008067
009407b3
b2ecae93
42411883
024cfcb3
6ab10e83
02fe8833
023181b3
024c47b3
a1614483
02f7d7b3
0fffb117
3b010113
00001337
90030313
00610133
a8f10123
014f75b3
028f01b3
97411b23
35a14383
fbd11c23
00f7fc33
01555393
56812423
28a12e23
8437c513
03d19eb3
9e912223
01dedeb3
00a00893
0fffb117
36010113
00001337
f0830313
00610133
0fffb117
34c10113
00003337
53830313
00610133
03bb97b3
a7e82013
07a15183
27212c23
d0a10183
03f23cb3
19a11c83
00000033
fb1990e3
00000033
41cb57b3
02f7bfb3
0231a433
78215e83
cfb10c83
64f1eb93
03d7a4b3
00a00993
00f7fdb3
6a5987b7
1e3107a3
01a447b3
4d47be93
0541f193
403ed733
2d012303
8bd12623
5d53e893
003181b3
00e3eeb3
5e5eae93
03d12a23
ead11123
030d3333
bda11403
00900d13
0fffb117
2a810113
00003337
68030313
00610133
ca514183
02f1db33
0d619e97
f2010a23
11210a03
41d7deb3
03c95c33
00000033
fba9c4e3
00000033
036b43b3
b3012823
009cdb93
4b412e83
eab1ee93
9b812c83
af815183
00a00993
0b12c193
028f71b3
5857b793
85412d83
00c97db3
0031f1b3
0231ec33
3d611823
0306ce33
00f187b3
41235493
ea411803
02acb7b3
01739333
01b54eb3
0fffb117
21010113
00002337
77830313
00610133
00815b83
ce312623
00c00813
00198993
0fffb117
1ec10113
00001337
d4830313
00610133
0fffb117
1d810113
00002337
13030313
00610133
03cb01b3
ab010783
de012e83
00f1e933
023793b3
007b9733
ff211423
00000033
f93854e3
00000033
8af11f23
41c8d3b3
60412403
e54af793
40f18a33
02f7b1b3
ec611783
00a00993
07f5d5b7
80310783
02e65eb3
6ba11c03
031c5b33
036adfb3
01979293
402ed793
6ed10b23
00075eb3
0fffb117
15410113
00002337
9a830313
00610133
9c810e83
02f78cb3
02fea7b3
79612823
0231e8b3
03469333
01d1dcb3
00900b13
00a00993
0fffb117
11c10113
00001337
84830313
00610133
0fffb117
10810113
00001337
74830313
00610133
0fffb117
0f410113
00002337
7b030313
00610133
0e312623
4004d7b3
038c9e33
a9614e83
39015883
20414783
01d787b3
00000033
0769cc63
00000033
03afa7b3
02319433
03dea7b3
6ea11e83
ab212a23
e5b12423
6c9cd7b7
00a00993
0c215b03
749be193
14714783
011a0b33
0fffb117
08810113
00003337
60030313
00610133
b1d12a23
40eed193
0fffb117
06c10113
00003337
21030313
00610133
a2510183
411addb3
01d1ea33
30f10183
038e6433
0237e7b3
03eabeb3
00acd533
038607b3
023ed433
03d7f433
00c00813
00a00993
0fffb117
02410113
00001337
53830313
00610133
03de98b3
02788e33
38412d83
15fc1a17
023ef3b3
01d1bcb3
d431a193
00000033
0509ca63
00000033
b1febe93
03fa2d33
d3211223
403e87b3
02005733
003ec7b3
023eb7b3
00a00993
03debfb3
016cafb3
024601b3
fc010b23
0fffb117
fb810113
00001337
79830313
00610133
8b012803
d2312623
038fb1b3
03b871b3
023e9a33
846ecd93
50837a93
02de0633
0231b833
036df533
fcd11923
01e226b3
fb815e83
0a73eeb7
02f7acb3
0003b1b3
03bd31b3
02f78733
02f7d1b3
00f1f1b3
03c0006f
01bd04b3
06f10523
007e9913
39012183
03d7ecb3
4c610e03
03d7f433
0264a7b3
005be1b3
03b22eb3
03b427b3
023eff33
edd12823
1cc10d83
94f14183
fec11823
02ea5eb3
be815e83
01f067b3
a3510403
02a63eb3
63ce01b7
4a411183
02f1ba33
00a00d13
417ad713
027a3a33
03debfb3
03183933
d8cea393
03627eb3
410d81b3
01a98463
fc5ff06f
00a00993
03bc9eb3
9bd7a813
03d7c1b3
01cede93
00f1d7b3
407254b3
9c815e83
03594eb3
0087d913
02f1cc33
0354b4b3
07411e83
ee415e83
41d1d7b3
edb12e23
11910a83
40c807b3
d4d7e513
67c12883
2e36c1b7
af31cc13
02fea7b3
007f1cb3
03ded1b3
00900c13
0fffb117
e6010113
00003337
7b830313
00610133
0fffb117
e4c10113
00003337
01030313
00610133
02048eb3
e9e15203
47015783
23214783
0237b1b3
403ede33
31a15b83
00000033
f989c2e3
00000033
e66ab193
02891e33
03deb3b3
0dd10ca3
03def1b3
61a10883
41fc8eb3
00a00993
03dee1b3
035ded33
e6811e83
0231c833
66f100a3
88f12423
419f5eb3
0386e7b3
0d612223
cb511f23
6da11203
02f1c7b3
0b314483
5fefcb13
0fffb117
db810113
00003337
0a830313
00610133
35614383
0231b6b3
5b1e6793
03deeeb3
39d7c813
02f1e1b3
d2514d03
03de9733
d0e14403
28712423
00000097
05008093
00008067
031b4fb3
014e9193
c1810783
034448b3
01579b13
afc12783
0353e7b3
1b011303
003ebb33
02e891b3
0fffb117
d4810113
00003337
52830313
00610133
ba711123
01deb7b3
d7d10783
77012783
dbd10aa3
00cc6eb3
0fffb117
d1c10113
00002337
99030313
00610133
6bc12803
00f1e1b3
403781b3
0231f233
02318e33
0fffb117
cf410113
00003337
39030313
00610133
46c11383
03fc17b3
0031c7b3
00c00913
00a00993
03b4b1b3
4151d793
c5bc8793
7f411123
00c1de93
01844233
71d14e83
00000033
0529c063
00000033
02eb5e33
def1c793
0237eeb3
0037d033
01f82bb3
d7d11d23
8e4ab813
00a00993
9487ad93
0237eeb3
4ea451b7
02f1d1b3
032887b3
a3912023
00f785b3
fc714183
006fbc33
0fffb117
c6010113
00002337
ec830313
00610133
7fe12e23
f2412783
84311323
00e67633
0fffb117
c3c10113
00003337
d5830313
00610133
b4e15203
010fc1b3
acf11023
02a555b3
00900a93
00a00993
0fffb117
c1010113
00003337
3f830313
00610133
0fffb117
bfc10113
00001337
18830313
00610133
01610c03
0231aeb3
03ce37b3
81a12623
02f7c7b3
e7614183
3b484937
00000033
0559c463
00000033
448e6793
4e810da3
009f9213
b8c1fe93
65f11823
7ab10403
034a2eb3
00a00993
32612c23
a787b413
031241b3
144ee313
03a92eb3
3931e793
02f1beb3
0394d7b3
5ac11f23
02f7fbb3
02f7deb3
03d7f3b3
016733b3
03d1a633
3bebd7b7
2cf11023
b5d7fa93
00c00893
00198993
0fffb117
b5410113
00001337
b3830313
00610133
63710ba3
d927f793
00e951b3
03093eb3
65012183
f3e15783
0231f1b3
00000033
f919cce3
00000033
d8312423
417004b3
ff911423
6057cc93
0237f7b3
5ee15b83
2384e193
00a00993
0151ed93
00f1b4b3
0fffb117
af010113
00003337
58030313
00610133
e8c12223
6c814e83
0117df13
00000013
00000013
00000013
00000013
00000013
00000013
00000013
00000013
00000013
00000013
00000013
00000013
00000013
00000013
00000013
00000013
00000013
00000013
00000013
00000013
00000013
00000013
00000013
00000013
00000013
00000013
00000013
00000013
00000013
00000013
00000013
00000013
00000013
00198993
00000013
00000013
00000013
00000013
00000013
00000013
00000013
00000013
00000013
00000013
00000013
00000013
00000013
f93ddce3
00000013
00000013
00000013
00000013
00000013
00000013
00000013
00000013
00000013
00000013
00000013
00000013
00000013
00000013
00000013
00000013
00000013
00000013
00000013
00000013
00000013
00000013
00000013
00000013
00000013
00000013
00000013
00000013
00000013
00000013
00000013
00000013
00000013
00000013
00000013
00000013
00000013
00000013
00000013
00000013
00000013
00000013
00000013
00000013
0231f733
03faf397
038a2eb3
763100a3
023e91b3
401ed793
40f1deb3
0296d7b3
03deacb3
e0f7b193
01a69eb3
03d1c1b3
00000013
00000013
00000013
00000013
00000013
00000013
00000013
00000013
00000013
00000013
00000013
00000013
00000013
00000013
00000013
00000013
00000013
00000013
00000013
00000013
00000013
00000013
00000013
00000013
00000013
00000013
00000013
00000033
81c3ea93
035c4433
023187b3
1f411183
018f9913
031a4733
036737b3
00a00993
e44b7493
06010023
018b9c33
2b1e8793
4187d793
0fffb117
88c10113
00003337
f2830313
00610133
e5015183
0fffb117
87410113
00003337
02030313
00610133
37d12a23
73210783
00000013
00000013
00000013
00000013
00000013
00000013
00000013
00000013
00000013
00000013
00000013
00000013
00000013
00000013
00a00893
00000013
00000013
00000013
00000013
00000013
00000013
00000013
00000013
00000013
00000013
00000013
02ece1b3
01198463
7e90006f
100102b7
00028293
00100313
0062a023
739cc813
40f18cb3
527f71b7
0037fb33
02f1e1b3
d041c793
00fe91b3
0237fab3
33c12183
0237c3b3
0ca10783
e1492193
0231e1b3
023ef1b3
02ba41b3
966e8193
26814183
0117dd13
41c2d1b3
412fde93
415ed793
00a00d93
d70102a3
7e012a23
f6f11123
98412b83
5ac12e83
3647a793
83112a23
01b98863
00000097
fc008093
00008067
00a00993
e2feb193
ef5d4e93
0231a7b3
02f19cb3
03cc9cb3
0231b7b3
02091033
02318633
0fffa117
72c10113
00003337
1b830313
00610133
18810e83
d4814e83
00b1d193
0fffa117
70c10113
00003337
45030313
00610133
40712a23
0237b4b3
b70ea893
003794b3
66211003
03193033
b4211e83
b4f10ba3
03e29e33
010b1db3
3a7ca1b7
91011823
00379e93
00a00d93
0fffa117
6c010113
00002337
88030313
00610133
0fffa117
6ac10113
00001337
f0830313
00610133
031e71b3
73812e83
023ea1b3
dcee7213
bfc12b83
ca415483
7d9c0397
01b98863
00000097
f9008093
00008067
00a00993
c1710403
035fbe33
030757b3
023e91b3
6f012e83
01dede93
ad314903
0fffa117
64c10113
00002337
83830313
00610133
f3310783
01093bb3
97d11723
00fea7b3
01d1e1b3
036adb33
03d7c7b3
b0012183
0f514e83
64c10383
403b5b93
00e12a23
4091d793
02b741b3
019e77b3
02fe9a33
03bcd1b3
00b00a93
00a00993
0fffa117
5ec10113
00002337
21830313
00610133
00f7d4b3
03094bb3
1e7eb793
9ea15e83
403184b3
f5e15703
df812023
00000033
073ad063
00000033
0308bcb3
02e25bb3
00f18eb3
40cede93
5a3adc37
020428b3
03d7d1b3
00a00993
0fffa117
59010113
00003337
48030313
00610133
37a12c23
02f1b933
029db6b3
81910183
091df237
2d615703
011b47b3
f0110783
03451933
02fea2b3
00ccde93
03ded7b3
40db01b3
03dec1b3
0fffa117
54410113
00002337
8d830313
00610133
34312c23
96414883
03cb77b3
00c00a93
00198993
0fffa117
51c10113
00002337
0e030313
00610133
19215183
16f11923
88c12c83
37d14783
b1110ea3
7ecbae93
023efd33
01598463
f95ff06f
00a00993
16c12e03
50611183
0237b1b3
199101a3
0031b7b3
03d7aa33
020cc833
030846b3
035f78b3
03d1b633
03d1e233
01d782b3
02bb1ab3
02f7ea33
f78bec93
012e7533
023ea7b3
02379033
01639f33
02706733
0231b1b3
89d12c23
0037e7b3
037207b3
00c00d93
00198993
0fffa117
47810113
00003337
4d830313
00610133
222d6717
03d1ad33
bf210523
9d815e83
29d12623
028ca7b3
4113dc33
00000033
fbb992e3
00000033
f2010ca3
0007de93
ab212a23
01b3d393
35415e83
408b57b3
73a1ee13
00a00993
e9f10783
034af1b3
02feb8b3
00856a33
02e76a33
03d1d1b3
028cb8b3
8591a793
491108a3
03057333
0037eeb3
eb710c03
e9211f03
403ed813
0fffa117
3e410113
00002337
f1830313
00610133
dec14483
03f253b3
32815e83
00c00b13
00198993
0fffa117
3bc10113
00002337
1d030313
00610133
0088a7b3
023e8eb3
a2310aa3
22012183
1fa11183
4151db93
02fe9d33
00000033
f969c6e3
00000033
023eceb3
24110483
023787b3
b03104a3
028061b3
1f711e23
0237f833
00a00993
0fffa117
36010113
00003337
31830313
00610133
58612423
03bc5eb3
00fe9fb3
31aa3013
0231b7b3
03de8eb3
023eeeb3
12f11e23
2e6c8f13
0237adb3
d9eb0793
71c12a03
99a11723
02fe97b3
3f210783
028f5eb3
017ed693
00900e13
00a00993
41ded793
6f5ee793
03240d33
b1611183
9881fc13
414d5013
00fea1b3
00000033
053e5c63
00000033
70fbf7b7
0237a7b3
038747b3
019c31b3
61d73417
a934e793
4ea10883
00a00993
028937b3
02f7aeb3
01d791b3
03b58eb3
1da101a3
01f047b3
5ea11903
0fffa117
29c10113
00003337
30030313
00610133
ba411a83
003add93
00fea7b3
0054b7b3
fa311b23
15812183
0037f533
0037a7b3
020fb833
02fe8eb3
00c00f93
00a00993
0fffa117
25810113
00002337
5b030313
00610133
00fe9eb3
403ed733
31214783
01d193b3
2bf94b93
01dea833
5ca15b03
00000033
05f9c263
00000033
27810783
02f784b3
da412c23
0128d8b3
86f12823
003ec933
46706393
00a00993
036e27b3
c1811783
023e8eb3
0394d1b3
b347af13
43a15e83
03d78eb3
f6b14d83
03e777b3
7a9ecf93
efa8c793
f0c100a3
6a310623
e501a193
2eb7be13
de615d03
0031f933
00900d93
00a00993
011487b3
38f14183
0231a7b3
02e04cb3
45f14e83
037821b3
fb81a793
00000033
053dd063
00000033
016c01b3
b2a14383
02fe81b3
4ce12c23
ff012183
40f781b3
0274eeb3
00a00993
51910783
89a14f83
023181b3
f3012483
b1d10183
0037c7b3
0237d1b3
22410183
023ea1b3
40d407b3
e0412783
25e11e03
00319a93
7ff11f23
00c957b3
03de97b3
dfb66b93
00a00c93
00a00993
b7a15183
0231aeb3
8e015183
019e5913
41045b13
0bb11823
032497b3
00000033
05999463
00000033
41c1d793
02318eb3
03bfd4b3
64e78a13
01c8e7b3
0008de33
0da11723
00a00993
40f7e193
a3615783
83c1f793
02fe97b3
aa97be13
1346ee93
027b74b3
02da7d33
0373acb3
025207b3
0031feb3
e0210b03
80012423
029bf1b3
01d1d433
4181d193
00fee7b3
00000a93
0fffa117
08c10113
00001337
d1030313
00610133
012dc7b3
8a6df913
034207b3
000e64b3
94912e23
0057d193
02e234b3
00000033
fb598ae3
00000033
03dee1b3
99212023
63b2d437
00ba1e93
010207b3
9bc12b03
02fef3b3
00a00993
009a61b3
02bcbeb3
0fffa117
02810113
00002337
7f030313
00610133
e4610183
023eeeb3
0fffa117
00c10113
00002337
3b830313
00610133
3c310a23
448a46b7
02319433
73012e83
7c012783
01319f93
00592933
d4088693
03d1d7b3
03d787b3
ba710c03
75e1f193
c891f213
00c00d13
00a00993
019e1233
bfc12c03
03d7feb3
06510e83
010b2a33
03d7d7b3
3c312023
00000033
05a9ca63
00000033
029c6db3
3b35adb7
00619793
03d7d1b3
032957b3
0031f933
02f1dab3
00a00993
88a15183
705d4793
00aaf1b3
e6014203
5c54aa93
03e041b3
003e9a33
333df937
0b410383
035bf4b3
03d78f33
017a5333
45193eb7
60011b83
a0611e83
5c011937
03dedab3
00c00b93
00198993
027218b3
22e14c83
4eb10e83
008e1e93
31810e03
e9d107a3
02fe91b3
00000033
fb79cae3
00000033
6bd10723
03d7adb3
5c312623
03f4b1b3
69211483
01023ab3
05a14d83
00a00993
0b73eeb7
03dee2b3
00378933
6bd12423
03287eb3
418857b3
0278f6b3
029bddb3
feb14183
03fb31b3
0231a1b3
f6014283
58a15783
2a211e83
02feee33
0237c4b3
00df21b3
00000813
676c9217
02e90fb3
03fd17b3
83010e83
0031eeb3
018b3a33
003187b3
00000033
07098863
00000033
40f787b3
2d015b83
032221b3
98f10623
037497b3
027c27b3
32f10ca3
00a00993
e03101a3
56912023
45c11d03
01e477b3
0fffa117
e4010113
00002337
57030313
00610133
7af12a23
4097d193
a2a11b23
4e54eb93
0fffa117
e1c10113
00001337
2b030313
00610133
c0a11b23
02318933
cf27a193
020a41b3
975fa693
79d10423
034876b3
023e9eb3
5da11783
0fffa117
de410113
00002337
5b830313
00610133
0fffa117
dd010113
00003337
59830313
00610133
034aea33
020d1eb3
03a717b3
f6f12023
03c4ad33
02f1a233
000a1eb3
00000097
05408093
00008067
45c12b83
6d412e83
0231b7b3
41d18e33
028923b3
8b37ae93
3594ee97
f0f12c23
01b81793
0fffa117
d7010113
00001337
df830313
00610133
f9410783
0237d1b3
02f19eb3
40be58b3
01dea833
0231ee33
0fffa117
d4410113
00002337
5f830313
00610133
8f614483
f1514e03
d1c11783
a4810e23
00f1a7b3
a607ea13
2e311723
0021de93
72a10783
00c00a93
00198993
0fffa117
d0410113
00002337
a5030313
00610133
030b7eb3
65d10ca3
24312e23
0237eeb3
75615e83
4db11823
034cbeb3
00000033
f95994e3
00000033
009f87b3
cec4be93
023788b3
a5c10c23
91112623
5dc12783
036a73b3
00a00993
015cd4b3
16e11183
405f87b3
03526933
00f12823
01d7b7b3
01d7a7b3
01d1f633
0f30db37
02acc1b3
02f7ef33
514c87b7
00fe9a33
2e615803
02bc4cb3
f7caf793
0fffa117
c6810113
00002337
d1030313
00610133
d4812183
00c00813
00198993
0fffa117
c4810113
00002337
3d030313
00610133
f9b12e23
028494b3
89427793
d5412e23
00f7cab3
005b9d13
03dedb33
00000033
f93850e3
00000033
001b9013
f0815d03
01cc47b3
43314a83
01bd8eb3
003184b3
0237b033
00a00993
003ef933
8bc10183
03149fb3
01fad213
01675793
01defc33
03558eb3
64e10723
02c3b933
03cc7033
01736533
e7012e83
02f1aeb3
edd12a23
0031f4b3
8de10883
37b7f793
00a00e93
03f94c33
0231bb33
ee27f013
f8b14b83
008feb33
02438b33
03afa1b3
00000033
fbd996e3
00000033
01405433
411708b3
b92af193
0307ae33
031dacb3
0094b233
000df1b3
00a00993
90180b13
b0614f03
40378b33
0037ceb3
5981ce93
c6610b83
50010283
03666233
00958b33
02f1f333
fc412183
02f1b7b3
c4c14e83
72e10423
0fffa117
b2410113
00001337
1c830313
00610133
15615803
52f10183
01d7feb3
00c00c13
00198993
3b412883
0204d1b3
b6a14183
6e215703
015481b3
02e03eb3
9ca14783
01898863
00000097
fa408093
00008067
00a00993
00105b13
03ce2db3
5a610403
9e415703
03d1ddb3
02e86933
39d11a23
03d197b3
32914e83
03d7beb3
03595c33
02f1f7b3
008c07b3
02f1bbb3
6ddc2f13
ea810f23
41aede93
01a7d393
03d7dc33
02378eb3
59f521b7
c4712e23
31e11783
0031ceb3
00000b13
0fffa117
a6810113
00001337
8c030313
00610133
03d1e7b3
f4814883
01d7e833
01084c33
03a92c33
f7012a03
55810723
00000033
05698063
00000033
00402a33
5a812783
01284933
ecf12023
02f7a833
ae07c193
007de1b3
00a00993
76114783
0266c7b3
03d19f33
03d7d1b3
650bcc13
023197b3
010f3eb3
036f3eb3
0231eeb3
02fef1b3
30d10fa3
31014e83
41f3dbb3
d69eab93
0231aeb3
016637b3
02ef97b3
00b00b93
00a00993
0fffa117
9c010113
00002337
e2830313
00610133
016ed193
1a312623
036db1b3
f1c12203
029d11b3
b7706793
762c1e17
00000033
033bde63
00000033
ef812183
0237fc33
d7d10b03
03d1ceb3
019407b3
e3314d03
d0f10923
00a00993
02aa21b3
40fe86b3
02f1c633
026f9a33
54f10883
02f78f33
75152693
03de85b3
0153c793
03d181b3
03ba47b3
0f8f8793
28c82193
9fb14e83
031a7eb3
02fec1b3
02d5a433
00900a13
00a00993
77415803
ffc10e23
00011803
004851b3
41d1de13
023efeb3
bd812783
00000033
053a5463
00000033
0f3ee193
41ecdc13
011757b3
0323ffb3
028ac7b3
0a2f3797
0231a7b3
00a00993
0237b7b3
5a214883
02ac0433
00219f13
03b8ebb3
03fc6033
0237c733
0395e7b3
5281af93
4117de93
0187d793
be411d23
02378bb3
003191b3
2bc11783
00a88d33
c9811a03
00c00c93
00198993
00271813
b3714b83
89e15a03
407bda13
029267b3
016031b3
f1712023
00000033
fd9992e3
00000033
4f211783
020de733
0313c1b3
d864fd93
01ab57b3
71b107a3
417bd193
00a00993
0fffa117
83c10113
00002337
c8030313
00610133
1b410883
00c6feb3
80511623
02465eb3
ab812e83
f2812483
02738eb3
02f1ad33
6f910003
030337b3
100102b7
00028293
00200313
0062a023
48611283
00219b13
02a93d33
00900f93
00a00993
0fff9117
7dc10113
00003337
c6830313
00610133
02f1dd33
267cb793
01439793
12210c03
023ed1b3
02f7dcb3
e7c11323
00000033
03f9ce63
00000033
33812823
cb610ca3
00f7a1b3
0288fa33
02379e33
fa615d83
037b17b3
00a00993
0263c1b3
01546533
01b30b33
c1ee6393
03d1e4b3
feccb293
02110e83
007b97b3
02379eb3
3d418213
03a61233
032c34b3
19a8e3b7
8e710303
02b077b3
01df1793
01deb8b3
00a00c93
00a00993
03cdcab3
03aa7a33
023787b3
5657f813
014021b3
e6010e23
023eb7b3
00000033
07999663
00000033
028a91b3
cac15a83
00318d33
035054b3
7aa77eb7
01f25b13
023eeeb3
00a00993
0021d793
023e9eb3
cf51ee13
030b5533
02f1a6b3
0fff9117
6d810113
00001337
94030313
00610133
efe10783
02433eb3
4dc12403
5aa7a193
77633913
6f2eb793
eb611523
4031d1b3
03e43833
01d7d7b3
0fff9117
69c10113
00001337
b1830313
00610133
f7a15783
48c15e83
00c00c93
00a00993
037e33b3
02e8f833
02f7bb33
34e11c03
034771b3
f3810403
0231aeb3
00000033
0799c663
00000033
a814c193
8b7e7713
02074eb3
6f010e03
04812a03
03deb733
0237aeb3
00a00993
40fe8c33
7df12a23
03d797b3
fca11423
0fff9117
62010113
00001337
3b030313
00610133
403104a3
32312223
54610183
d2e103a3
c4311123
df415e83
7c87b1b7
63d12023
0231e533
02dcbf33
02cfc1b3
41cc5c13
403ed2b3
00900893
00a00993
0fff9117
5d010113
00003337
b6030313
00610133
04f10e83
03d7d7b3
02f1a7b3
4e311b23
00be5793
49910e83
53c12003
00000033
0538d063
00000033
19012e83
008c5013
017a47b3
02f19e33
01ce4833
023eb1b3
036c1db3
00a00993
024dfb33
01dec7b3
40f7de93
0237f7b3
27cf2a13
d3e1e793
014597b7
03bf37b3
35720793
0fff9117
55010113
00003337
3b030313
00610133
37c12c03
d4510403
f6110183
10b6f7b7
0244c033
0197df93
0fff9117
52410113
00003337
53830313
00610133
08114783
b7dec493
00c00d13
00198993
41d7d793
03423833
036fb1b3
034ca7b3
ec712223
697b8db7
02ee6eb3
00000033
fba996e3
00000033
12b14e83
01b833b3
03d19eb3
03048ab3
03422733
72310f23
10d14003
00a00993
d3d100a3
407cdc13
02d69eb3
4ba10183
0237c7b3
42110783
0031bcb3
011d3eb3
03731d33
01d1db33
12b368b7
00169c13
004f11b3
4f95b213
7f91f593
01185233
b9228793
00c00913
00198993
1f010f83
0037d033
02f7d8b3
36c10183
038877b3
0314b7b3
02f1b7b3
00000033
fb2996e3
00000033
01d1bdb3
ec4cb193
407cd193
02723eb3
2ba10b83
02980d33
41d78233
00a00993
40885793
18312823
5bc12e83
00771533
45814e83
82f10323
fda12e23
b7410183
0fff9117
40410113
00002337
7a030313
00610133
967101a3
41de81b3
008a37b3
8ac11423
007561b3
9ea10e83
f0a15183
32c11123
00475d33
00c00d13
00a00993
038cce33
01404eb3
015daab3
0298d1b3
fb412a03
00921eb3
02f18733
00000033
07a9cc63
00000033
03dee1b3
cb314783
023edeb3
037e41b3
0298c7b3
d0011183
03d7d1b3
00a00993
41b2dc33
d9414483
ba812c23
482ebd37
a2312e23
b6910783
40f1d7b3
0fff9117
36010113
00003337
70030313
00610133
9b610003
41addeb3
a25ee193
0fff9117
34010113
00002337
94830313
00610133
08211503
413ed313
de7ee693
65015183
06e10783
fa411e23
003e8b33
00b00893
00198993
0fff9117
30810113
00003337
77830313
00610133
0fff9117
2f410113
00001337
0e830313
00610133
0237b1b3
51914783
01debeb3
004261b3
03d1a3b3
67d10923
015d5d93
00000033
f7198ee3
00000033
64012e83
85c11783
029f9eb3
f8a15783
00de9713
525da793
b9811123
00a00993
14d6d6b7
4296b7b7
01a22033
4d611183
01cc77b3
0fff9117
28410113
00003337
78830313
00610133
8a611783
f3f10d83
0fff9117
26810113
00003337
14830313
00610133
b4f11d23
0fff9117
25010113
00002337
88030313
00610133
28312023
c2410e83
45ea8eb7
00f7ceb3
1feec793
010dd3b3
2f714783
0c07ff13
f5057793
0fff9117
21810113
00001337
c7030313
00610133
0fff9117
20410113
00003337
cd030313
00610133
01defeb3
023ebe33
31d11a23
03deafb3
00fed833
36f10fa3
02f1beb3
00000097
04c08093
00008067
25b10183
02378eb3
5aa15f83
00febd33
67812c23
01741193
fe411f23
40ce57b3
00f7bfb3
75b2e693
7aaec793
4027d793
01d18833
92434e93
00f7a2b3
add11d23
310b47b7
df412703
568567b7
c9b10583
fc07b193
9eec7393
0ba15783
0155d193
00900e93
00a00993
00981193
036d17b3
3ee88193
8d712023
5f588e17
019d77b3
028797b3
00000033
05d9c463
00000033
25211203
7c311423
f9012403
40f78733
034e38b3
0081b433
0c815d83
00a00993
63cc6f37
003eb3b3
30011003
1a611e83
2ce11283
4197da93
01fdd1b3
01e73333
87d12223
5d36f8b7
c7d102a3
01d1a7b3
78a60eb7
0fff9117
0e410113
00002337
9e030313
00610133
ef610b83
0031fcb3
b2110203
9dd11823
00900a13
0fff9117
0bc10113
00003337
53830313
00610133
0fff9117
0a810113
00001337
1f830313
00610133
73a11783
0fc12203
01ace7b3
dcf10fa3
017ed193
02970433
fc812883
00000033
f93a52e3
00000033
6ee94e37
ff015d83
01614183
0313bb33
249d7893
01c49ab3
0158a733
00a00993
bde11183
00c451b3
014ede93
b267b193
41d7d1b3
0fff9117
03810113
00003337
51030313
00610133
30215783
32311823
1f81e793
01ded4b3
00285e93
4c3eab13
01766fb3
57112423
0fff9117
00410113
00003337
4b030313
00610133
79610da3
40f1df33
00b7de13
40e55793
00900c93
0fff9117
fdc10113
00002337
77030313
00610133
00f7ceb3
4cd14e83
02fef1b3
02f1d7b3
a0e15183
77f10323
64815483
00000033
f999c8e3
00000033
94412183
032221b3
03bf9eb3
01d7f1b3
47c11183
03f73db3
023e9eb3
00a00993
008697b3
01855833
99b11c23
0fff9117
f7410113
00003337
d5030313
00610133
da311823
0031d633
dd27e693
d6e11883
bbfe8713
74312023
0085d793
ce114e83
35415783
d3d10e83
f7310883
51a10183
0fff9117
f3010113
00001337
d1030313
00610133
08311123
9a310e23
00900d93
0fff9117
f1010113
00001337
c2830313
00610133
444ec793
0237f4b3
01d19ab3
0358f833
023ec7b3
2ff12023
a18c8193
00000033
fb3dd0e3
00000033
27010e83
a2311523
023ef4b3
be211f83
034bbeb3
03a3e7b3
00fe9e33
00a00993
a0a11e83
0fff9117
eb010113
00003337
3d830313
00610133
39614e83
01d1bbb3
019702b3
00fe81b3
01d791b3
00f19eb3
c0012423
007961b3
00f1deb3
89015183
8c812903
81412e23
e9212e23
01d91793
00f1f7b3
018d91b3
0fff9117
e5c10113
00001337
cc830313
00610133
032414b3
03f02433
01749a33
42411e83
000e9e93
007e9d13
01d7c3b3
0440006f
0144a4b3
0031e7b3
009cdcb3
2e411823
007c8eb3
02f7c1b3
b5b10e23
c097fe93
40790a33
75e12223
05f4b3b7
be611e83
01e701b3
e6311e23
2fc12a23
e7010803
004f91b3
018cc1b3
29912223
00f1dbb3
0fff9117
dd810113
00002337
ee830313
00610133
aea11803
48910b83
9677cd13
017e9193
00900813
0fff9117
db010113
00001337
3e030313
00610133
0fff9117
d9c10113
00001337
da030313
00610133
03b00eb3
0231c1b3
81600e93
012fa4b3
035e7eb3
007dceb3
4a9102a3
00000033
f709cae3
00000033
02ea47b3
a3012183
6997b793
f0a11903
a2011003
3b412623
a0f10383
00a00993
0fff9117
d4010113
00003337
b8830313
00610133
69d12423
8deec793
0fff9117
d2410113
00002337
f0830313
00610133
79c11e83
9f72b193
00f1d7b3
003b48b7
89b7b193
0fff9117
cfc10113
00002337
4e030313
00610133
68012183
3cecbbb7
ca72e793
0fff9117
cdc10113
00001337
1f030313
00610133
1c314203
ab811703
00b92eb3
62410aa3
88dac793
07c15e83
0fff9117
cb010113
00003337
dd830313
00610133
dc611623
00c00a13
00198993
0fff9117
c9010113
00001337
83030313
00610133
5c814d83
d6012183
955ef193
41edd193
032e73b3
d3011703
037e21b3
01498863
00000097
f7c08093
00008067
00a00993
0ca1ec13
02378833
c2812483
035b57b3
024221b3
03f24ab3
023ed033
26d5cf37
0fff9117
c2c10113
00003337
ae030313
00610133
1e812183
403e8433
d31fb693
14fb8f93
2fa10603
41bd01b3
3fc12e83
40f7d1b3
e6411a03
00c55a93
db810183
4037dd33
307831b7
fe457a13
00f18eb3
00f79f33
00900b13
0fff9117
bd410113
00001337
15830313
00610133
01020db3
5f615203
0298c733
03dedeb3
3aadc037
0037d1b3
521eee93
00000033
fb69c8e3
00000033
00f1beb3
0037c1b3
68f10f23
e8f12623
418d5193
0323f833
031741b3
00a00993
01b021b3
bfa11b03
01e4feb3
fec11923
85310183
ebe11183
40f181b3
713eff93
ad412b83
001e9193
dcc12a23
48f10d23
74ba8eb7
41a12e23
01689e93
4041d613
40510203
00b00f93
00198993
03d1d7b3
023ee1b3
f0014383
035b9e33
56214883
007b7eb3
02f7b033
00000033
fbf984e3
00000033
02f78eb3
03a48eb3
a5910783
41b95cb3
3d6db7b7
0348beb3
fd906193
00a00993
3a8102a3
78c10ea3
24415f83
00f1c633
72326d37
92910a23
00f7d393
726103a3
00f7e7b3
76012783
407a57b3
f2f10f23
40fe8eb3
007711b3
41c956b3
4e2e8e93
25211023
00900a13
00f1bb33
ddb10183
03d1f033
03f46c33
03d781b3
02fecfb3
03100eb3
00000033
fb3a5ee3
00000033
01def1b3
8da14783
2f610523
0231c1b3
79a12423
02f1b7b3
61240b93
00a00993
b1012183
2c612823
404757b3
0fff9117
a4810113
00002337
0e030313
00610133
39111523
01642eb3
15a644b7
69e15783
01283b33
4a412423
403781b3
02610e83
01de91b3
6c812483
87c12183
003eb7b3
c75e2193
95df4893
00c00f93
00a00993
b0215e83
16d83917
97214d83
ff611b03
2ee10ba3
02378d33
4d71ac37
00000033
07f9c463
00000033
e5e15e83
036bcab3
023ef3b3
fe210a83
cb511d23
d9012423
41ebd793
00a00993
c5910603
01f8f7b3
01d7f1b3
e9d11823
1a312223
ccc14403
18418313
1b9e8793
00b20633
0fff9117
98810113
00002337
16030313
00610133
87c12903
01edd193
1ef10123
0fff9117
96810113
00003337
45030313
00610133
3d415e83
7aa2c893
62e11d83
88e10203
d4918e93
00c00c13
00198993
0fff9117
93810113
00001337
5b830313
00610133
a291a713
036e2db3
416cde93
029d11b3
13d103a3
739a8e93
031caeb3
00000033
f989c8e3
00000033
03b4b733
9fa90413
031dcb33
03620fb3
11811e83
02fe81b3
023ed7b3
00a00993
01dea033
d2312223
843fe713
0123a033
009061b3
42f12423
c99ee713
44f12423
2777cf93
cf811683
9172ae13
01762bb3
ea67c793
006c07b3
fa67c593
bab11a23
22215e83
00a00d93
0fff9117
89410113
00001337
c3830313
00610133
0ea10183
b5012783
5548ceb7
03ab11b3
7ef23e93
3eca3b93
02f1e1b3
01b98463
fadff06f
00a00993
91712023
003ef7b3
023ea1b3
5d814e83
40378ab3
9a412383
029e37b3
91711123
00dd1e93
8bb1f793
01deb1b3
00215203
01adfab3
0fff9117
82410113
00001337
72830313
00610133
af110123
41045c33
0ab28b93
01d19193
004b07b3
baf10c03
4067de93
3c71ae93
05612fb7
0523e193
00f1b1b3
00c00b13
00198993
0fff8117
7dc10113
00002337
83030313
00610133
0fff8117
7c810113
00001337
ad830313
00610133
03de81b3
03fc8c33
028a0ab3
03deb3b3
f4f14903
035d8233
79d10ba3
00000033
f969c4e3
00000033
9e411183
03dee1b3
60dee813
edc10d83
41d78833
41b25233
9a412703
00a00993
35c12903
6a690293
0fff8117
76410113
00002337
2f830313
00610133
b4410123
80f10c03
00d561b3
71014a03
3d210423
01de97b3
00bb5633
01d1aeb3
0fff8117
73010113
00001337
9b830313
00610133
c2410783
d5d14803
2ed8d1b7
b7714b03
7fd10323
10d14703
4c58c7b7
00c00c13
00198993
b5810783
50912c23
0231cbb3
023eb833
83510523
03542b33
5aa11c83
01898863
00000097
f9c08093
00008067
00a00993
25d89797
403ed7b3
02f1b1b3
03ca4b33
6cf11c23
014cd1b3
40f7d3b3
dae4b193
0fff8117
6a810113
00003337
48830313
00610133
99d11223
00fef933
003efb33
df310f83
b6412a03
01f79413
30d10623
73e15c03
84a15203
50310d23
9ad107a3
34012183
00f78233
bda86e93
01191f33
8af12c23
00b00a13
00198993
d1d10323
aec10e83
01ac5793
03bd3eb3
410701b3
029881b3
43011e83
00000033
fd4982e3
00000033
039013b3
d6c10b83
01bb94b3
8fc12703
1e914903
d4411123
409b4937
00a00993
00ccf7b3
ac411423
03478b93
41d18a33
f84b6793
0fff8117
5f010113
00002337
35030313
00610133
11910723
01f5fa33
3e97c493
63710423
00907eb3
e12ac193
00df5433
e8e15783
0fff8117
5bc10113
00001337
ed030313
00610133
44c15183
dc71bd13
00c2d513
0037b1b3
00900813
00a00993
0fff8117
59010113
00002337
fb830313
00610133
0031deb3
031d6eb3
cd412783
14c15783
4031deb3
84412623
02eaa1b3
00000033
0309ce63
00000033
020217b3
af812f83
014f9793
98b10003
032b13b3
22c12783
2bd4c193
00a00993
01d7ca33
41614783
eae3e793
ab811183
eb412e83
b0011b23
01a97433
40a1df13
1fc15e83
007b91b3
ccf14b83
0ea15783
02f11523
a9f7c693
cdc11883
0fff8117
4f810113
00001337
c8030313
00610133
1b211183
81156a13
00a00813
0fff8117
4d810113
00002337
25830313
00610133
03defcb3
01d7c1b3
7dd12e23
02f1db33
02fecc33
09512e23
57712823
00000033
07098a63
00000033
03d1cc33
01be77b3
6e3103a3
08fbdcb7
01fd5e33
00314783
03d1f8b3
00a00993
6f812b83
64312423
56136793
3e012b03
82615183
01034eb3
21c12e83
0fff8117
46010113
00002337
d5030313
00610133
1b415483
00fec8b3
0fff8117
44410113
00001337
a8030313
00610133
5e810b03
0fff8117
42c10113
00001337
79830313
00610133
d2714e83
006071b3
01def5b3
0fff8117
40c10113
00003337
88030313
00610133
e8510923
01d191b3
ee314203
2f4c0813
00c00893
00198993
0fff8117
3e010113
00002337
00830313
00610133
0fff8117
3cc10113
00001337
41830313
00610133
0fff8117
3b810113
00002337
47830313
00610133
77411c03
020c3233
038724b3
42812783
030b07b3
a5d12223
65b14a83
00000033
f7199ae3
00000033
03d1c7b3
0237d7b3
bbb1bd93
01a3b733
01e15183
6a4d24b7
02feda33
00a00993
0df14183
01be9513
f6015783
85412423
5d810f03
402eda13
0fff8117
34410113
00001337
e9030313
00610133
3c310223
fde100a3
dac12783
8aa7f193
33012a23
47414183
31e11903
635c81b7
4dd103a3
b6f10203
94220393
00a00d93
03d1d833
02f1b1b3
036d17b3
039414b3
1b211723
023ec7b3
015af1b3
01b98863
00000097
fb408093
00008067
00a00993
6b615e83
18811d23
f9012883
038447b3
028fb233
023efab3
03de8cb3
0121d713
e1812783
016d7fb3
00f197b3
97d11f23
9fc15003
338b2f13
a343b393
34c15e83
71b10183
015f57b3
cb842e13
006bf7b3
39d58793
62410623
31810a03
19a15583
00a00d13
0fff8117
26c10113
00002337
da030313
00610133
c1e11b83
add10fa3
035031b3
038fe7b3
00f1f933
0037ddb3
4fc20917
01a98863
00000097
f9c08093
00008067
00a00993
000951b3
f4815783
00f79a13
0ef12c23
0318dab3
0237c7b3
49610f23
0031c7b3
7c393793
13d12a23
15c1e193
00f786b3
003ec7b3
a6a70b13
58010783
01d7aeb3
18311623
0fff8117
1e410113
00003337
07830313
00610133
07a15783
79514003
52f5e613
0fff8117
1c410113
00001337
ba030313
00610133
ec412d83
65012823
88812e83
0fff8117
1a410113
00001337
ac030313
00610133
87e15703
00a00a93
00a00993
0fff8117
18410113
00003337
49830313
00610133
0fff8117
17010113
00001337
46030313
00610133
03892733
0374fd33
023ee833
ebd12a23
037d2c33
91811203
1e012d03
00000033
09599a63
00000033
f6310423
03b971b3
02872e33
02fe9eb3
02984eb3
03d7ce33
87412203
00a00993
01e79193
0fff8117
11010113
00001337
04030313
00610133
bba10c03
0fff8117
0f810113
00003337
8d030313
00610133
fbd12823
5b214783
b5415183
00f1b533
000b1e93
0031dd33
9bd14283
0064ad33
0fff8117
0c410113
00001337
a5030313
00610133
66f11023
00378833
46014183
91011e83
417606b3
42815883
0168f1b3
00b00893
00a00993
0fff8117
08c10113
00002337
db030313
00610133
96774c13
024771b3
aa911323
02f1ceb3
16e15003
39215e03
01fd6eb3
00000033
0738d463
00000033
03d7c733
0231e7b3
73d11123
38e14e83
01c12003
01c19813
03ded7b3
00a00993
23114e03
a8311723
b3b02193
c9b10fa3
00b7d793
9e3e8013
f7c12603
80514503
a6215183
0fff8117
00c10113
00003337
b8830313
00610133
8ec10183
63e07b37
01079e93
0fff8117
fec10113
00001337
8f830313
00610133
39d10e83
0098c1b3
003194b3
01d1f6b3
00529413
0fff8117
fc410113
00001337
3c030313
00610133
0fff8117
fb010113
00003337
7d830313
00610133
0fff8117
f9c10113
00002337
66830313
00610133
02f7d8b3
75812783
023e8eb3
023eceb3
0237beb3
07815883
032383b3
00000097
06c08093
00008067
02f1e7b3
03b21eb3
4031deb3
ed415903
a8412403
02ee07b3
01941b33
c3210023
0fff8117
f4010113
00002337
f8030313
00610133
7fc15e83
b1411183
41015183
0fff8117
f2010113
00002337
cf030313
00610133
cb810883
59bdc193
33812783
d4814603
fff1bb93
14311723
fb711423
0fff8117
ef010113
00002337
86030313
00610133
82d12a23
0fff8117
ed810113
00001337
30030313
00610133
1b611783
00c70c33
00ff1c13
0fff8117
eb810113
00001337
5b830313
00610133
51d11a23
25d54193
00c00f93
00198993
02476833
7dc14783
403e81b3
9a312823
03622933
032807b3
019bdc13
01f98463
fb1ff06f
00a00993
030397b3
b5210e83
01d1b933
6a318193
23d12823
034e0eb3
031e27b3
00929c13
02d711b7
0fff8117
e4810113
00002337
73030313
00610133
6a815183
01026433
0fff8117
e2c10113
00001337
bb030313
00610133
bfa12023
01d797b3
00cdc1b3
0fff8117
e0c10113
00001337
10830313
00610133
57310f03
6d114803
44311923
96f12623
01619793
eec12223
fc511a23
01defeb3
9f978193
3ec78e93
00900893
0fff8117
dcc10113
00001337
a6830313
00610133
02fe97b3
03096cb3
831e0793
0237c933
85e15003
403ed4b3
e1812a83
00000033
f938d2e3
00000033
00feee33
50782e93
01d78d33
0237eeb3
d4e11a03
00774db3
03d7a833
00a00993
00f18a33
0037f1b3
403e85b3
00a4cbb3
01aa9e93
3b318c13
0037beb3
01b727b3
00c79e93
0d2d9cb7
004de1b3
9f24c013
145aa213
12a133b7
bfd1ae93
01723eb3
01cc81b3
0fff8117
d2c10113
00002337
87830313
00610133
016d5f93
027c0733
02f1c1b3
41f4da33
02fe83b3
5d910923
02f7fcb3
00000097
05008093
00008067
a2f10e23
00f7feb3
40fedeb3
034208b3
02318db3
b1215783
400f83b3
00378f33
003ec7b3
418d5b33
0093b6b3
018c5f33
007b1e93
41ca5913
40f78033
00a667b3
000bdcb3
00447eb3
41d78eb3
4126d8b3
017c67b3
01dea8b3
8efab793
41edd193
00a00c13
01579193
03cd51b3
023ebfb3
00f791b3
0231c8b3
03deed33
6e659797
01898863
00000097
fc408093
00008067
00a00993
010e0eb3
6ed253b7
02e72833
03d7da33
023eb7b3
02f7ba33
03d7eeb3
01b31333
40f78033
007e5833
000d1e13
08c0dcb7
7e8cfe37
01d7da33
00aed193
f2357e93
2dfe7193
01d7acb3
52f4d337
01aa1833
00f1beb3
41d1d1b3
406007b3
40eed793
00a00f93
00a00993
0fff8117
bf410113
00001337
d0030313
00610133
0368c833
cc812c83
82215783
03574a33
03bca7b3
02e713b3
03991b33
00000033
05f99a63
00000033
0f514e83
69fbde97
00feb1b3
014251b3
c2412183
3021ce93
92714183
00a00993
403e8033
01f67eb3
a27eb193
00f1d293
012c61b3
c05b7893
8148e893
010431b3
41bed193
b3173e93
7ff4f037
015ed193
00c285b3
d2358b93
017d61b3
014f3cb3
518c7737
00900913
0fff8117
b5010113
00001337
56830313
00610133
00f1f8b3
6c87ba93
97412823
f7610403
93010c03
02ee63b3
85a10783
00000033
fb3952e3
00000033
74c12483
023ee833
a7cea893
02e3d8b3
020d41b3
029e71b3
027b3fb3
00a00993
014b01b3
01d7a533
40a48eb3
01d787b3
00fe9eb3
01663d33
00fed793
011bafb3
9b31fd13
00ea4833
41ded8b3
019c3233
5cb72f13
06f1ae93
403ed7b3
1ec78793
40fed1b3
00900c13
00a00993
e2f12623
0a2dab93
0037b1b3
1fe14783
154497b7
cf615a03
02319e33
00000033
0389ce63
00000033
f6215e83
00f1d3b3
80c11183
00097bb3
03b887b3
03fadb33
011fb933
00a00993
01d31193
0155ceb3
01979613
017f3233
01781193
00541193
e1db4793
01ee27b3
0071d193
4b7eb793
43fece93
00f7d1b3
5cc18193
00e7d613
00939793
0ec8f193
00f78eb3
00900a93
0fff8117
a1810113
00001337
f1830313
00610133
081cb913
43db9897
032c27b3
01b25eb3
038ce7b3
011d54b3
02fe9b33
00000033
fb3ad8e3
00000033
031b97b3
f4a15d03
2d6ebd13
ebc12783
03d7c3b3
03d7f1b3
036d9933
00a00993
00f19a33
453c9537
01b96eb3
964ee593
400f5eb3
9481e493
400757b3
0031d1b3
40f187b3
571f2337
00ddc7b3
003ebeb3
00f1e7b3
1e23b437
010f5db3
bddba193
74b1ae93
00a00893
01f02d33
032d6eb3
03044033
5cf10fa3
01d791b3
009e1d33
0231eeb3
01198863
00000097
fb808093
00008067
00a00993
0231afb3
030e04b3
0031cdb3
41d1dd33
3bd12a23
02fe91b3
8bd10f23
000cbeb3
01d18bb3
01a95293
01c888b3
24d1b193
006e6fb3
01989833
0037a1b3
78b408b7
000887b3
f4c1f013
01039e93
124b0193
00f35e93
4044e4b7
00ec87b3
418c5eb3
00900d13
0fff8117
8e010113
00003337
58830313
00610133
37a10703
02ebc033
6af14e83
02f78eb3
00ee9793
029b03b3
40f1d1b3
00000033
fba9c6e3
00000033
01dec8b3
eed14e83
93f46893
03deb3b3
14c12783
40378ab3
41f40eb3
00a00993
016e9393
5d0eab13
c211bb93
015ad7b3
02e67393
ffbde313
01d1b2b3
009473b3
00b04433
01d7f833
40d457b3
00f194b3
cc77be93
01ba21b3
60850593
00cdd193
e9184193
00900913
00a00993
0031ed33
02f7c7b3
03a4ea33
560da793
3bb1f7b7
4df7be93
f0e12c23
00000033
03395e63
00000033
02f7c833
0237d1b3
03a221b3
0343d833
017d71b3
689107a3
0037b733
00a00993
d73ca393
00efe033
00119d13
0ac6a793
00631eb3
d9a87593
c9244193
01241693
01d1a333
011211b3
40f187b3
8afee193
003ef1b3
0162f733
00cf3333
41d181b3
61ff0913
00900893
01225eb3
03d7a033
004f9eb3
81810a23
f2f12e23
03de87b3
17d10723
00000033
fd19c4e3
00000033
41de8833
03b81fb3
9d512e23
0037a033
8a012783
00d79e93
416751b3
00a00993
5b9d6837
017cd793
40d8db13
0fde97b7
eae78193
6ecde193
8cb7ce93
00eb77b3
41d1deb3
01dee7b3
00dcdf33
00319933
40f1dc33
00fec1b3
fb978013
01d79eb3
00f1f233
00c00c13
00a00993
0fff7117
71410113
00002337
a5030313
00610133
4eeba037
ad011183
03adaeb3
41d1dbb3
00e4c1b3
f8011783
02f191b3
00000033
0589c063
00000033
0278acb3
02eae1b3
01b20e33
7b31e193
020cbe33
01d1db33
a3412183
00a00993
4124d7b3
006457b3
01d18cb3
02b411b7
18debe93
09c4afb7
0037aeb3
017051b3
00319ab3
003e9933
41de8633
15f701b7
41cb5b93
01cc1793
012f1933
00fe81b3
15e1a813
020261b3
af2d8a13
26114783
3de15e83
032417b3
ea311523
03c271b3
00000097
04408093
00008067
60012183
03d1d3b3
9b412183
c9c12183
7e1867b7
cf910823
afd10123
003edd33
00f1c033
a257f793
003ee233
ef154e93
55464737
0061d813
976eb613
942b6a13
00fefb33
01deb1b3
b017c793
00ac45b3
5a47a793
012e5cb3
00de03b3
403181b3
00b00c93
00a00993
023e9c33
01ebd193
f0e15b03
023efeb3
6fd103a3
32f12c23
03d78b33
00000033
053cd463
00000033
31412a03
57412623
02f1eeb3
4a026813
0c93fe93
86312e23
036d9433
00a00993
6ae53593
06222813
0011d193
1341be93
418d8a33
01be0233
411df793
009e9e93
00db77b3
02b1f193
28716f37
01c69793
01d7e1b3
3fa8ee93
461bb837
0bb90193
01c8feb3
000b9b13
0301eb33
00f7c8b3
54f10f23
1ce11c03
f4f14783
00371b13
03c0006f
31b7ad93
0301abb3
567d7813
77611223
02f7c033
017a51b3
ab014b03
404457b3
ca6fe693
f44efa13
003edab3
8afeec13
00af07b3
41d1d933
40df5bb3
ce27c593
90e7c193
4081d413
0155beb3
003ed1b3
0128d793
d2218d93
00cdeb33
319f9337
00c00e93
00a00993
0fff7117
4d010113
00004337
80030313
00610133
0fff7117
4bc10113
00003337
6d030313
00610133
51511b23
03904933
01b931b3
038e74b3
10d1c493
00f78b33
edf10ea3
00000033
05d9ca63
00000033
3f98bb37
02f19e33
4107d833
31614b03
5527c013
00f87b33
035701b3
00a00993
003787b3
0172f633
0fe1a793
fe240793
00ba0533
00d621b3
d32bc793
01decdb3
3d878a37
e871f793
b82f7193
01769193
37c00e93
0171d193
406e0d33
01b51eb3
007057b3
00900b93
0fff7117
41810113
00003337
1e030313
00610133
0fff7117
40410113
00001337
19830313
00610133
01dea933
031d71b3
02f1d7b3
cbc12e83
e6911523
03d7a833
015c9733
00000033
f93bd4e3
00000033
19978913
09011f83
fed4e793
020a37b3
0031f933
41cedd13
55914e83
00a00993
1ce3c193
00378233
0031f7b3
40fed893
aa142f93
012c1793
48ad9b37
011071b3
01d1ceb3
00fecd33
0037c3b3
01d7f5b3
6aef0793
844e8793
41d1d1b3
405617b7
0bbf5737
023eb1b3
01deaab3
01cbd7b3
02feedb3
0378f233
03def433
f7811b03
0400006f
5f812a23
e5610203
a8510b03
26ba2793
03cc57b3
34412783
03d1eeb3
1747f7b7
405ed213
012cf3b3
0c5c0eb7
40a383b3
00378eb3
4031deb3
010cde93
daf1e713
af31e613
00fec7b3
41de8833
71778793
0037e7b3
6727bf93
01c3bbb3
00529533
00900a13
00a00993
59106e97
003edab3
02793eb3
023eb833
03d791b3
c7611183
b427e793
00000033
053a5663
00000033
40b1d413
03276433
88c15183
1b753eb7
4d08ae93
4c4bb197
e5812823
00a00993
640ffeb7
4f2e6013
36c74893
0168aeb3
4092d1b3
41ad8a33
0037deb3
01d7c8b3
003191b3
01d1ffb3
891b2e93
4008d933
1fadf6b7
46c06937
0155cab3
38ed8193
4e1e8293
00a00913
00a00993
0fff7117
24810113
00003337
e5830313
00610133
03be6db3
c6e18793
44412f83
4031de33
bf610323
00fef733
422eca37
00000033
05299263
00000033
0231a1b3
3be14383
c6f12823
47d1a713
4bd10923
ceec7893
09415a83
00a00993
0031fbb3
0037a7b3
00fee1b3
01deaeb3
0184a1b3
0bdf6eb7
6732b4b7
003ebeb3
00935eb3
5aa1b893
e8e1c793
0037a233
01d7b6b3
d5c1e193
012c8eb3
02d44793
00b25613
00000a93
0fff7117
1a410113
00001337
0c830313
00610133
0fff7117
19010113
00003337
b6030313
00610133
0fff7117
17c10113
00002337
41030313
00610133
032a6033
7e17cd13
030c9d33
d5215883
409387b3
03015783
19011783
00000033
05598463
00000033
56657717
edb12a23
01395e93
0288da33
92812403
f2a14783
031724b3
00a00993
01be6eb3
a0094713
a20e8193
00acf7b3
01bd2db3
00fefab3
018cd433
01d7ce33
0015d193
01d1feb3
2e440793
0097d413
4051d293
0031b7b3
7c9def93
3127ca13
0078d1b3
00000e93
0fff7117
0d810113
00001337
8c830313
00610133
0fff7117
0c410113
00002337
76830313
00610133
036deb33
017957b3
32c11003
004c5d33
f5022a13
3e815f83
62412623
00000033
05d98463
00000033
f96104a3
60910d23
030251b3
01621193
037427b3
d6c12b03
98611183
00a00993
0f31e193
b806bb13
01ec8eb3
106b7e37
0031eeb3
406e0ab3
01d1ebb3
fc61f193
00f1d533
01d7b033
003efeb3
01dec1b3
40395e13
41de87b3
003e91b3
5b3a6a93
0118c033
00c00c13
00198993
0fff7117
01c10113
00003337
ca030313
00610133
b9212423
9d412e83
a6fcc793
74815b83
05710b23
a1a7ce93
0194bbb3
00000033
fb89c4e3
00000033
02f78d33
01de88b3
03d7f4b3
007d4cb3
403e8eb3
014bd193
003ea1b3
00a00993
003ef633
01879793
4031deb3
40820c33
01cda1b3
01f8dc13
0108ea33
0005fc33
00f1aeb3
6c0db1b7
01dea1b3
77aeab13
003eb5b3
0096ceb3
e2150793
070a7e93
cf01a493
00b00c13
00a00993
1e312a23
004b8eb3
001e9e93
0304f7b3
023ed3b3
40b84793
dd215d03
00000033
053c5663
00000033
42a11883
0237f7b3
3a015e83
9d447e93
01fff4b3
0231deb3
00378eb3
00a00993
41ded8b3
fa21fc93
1c7ff7b7
008e1e13
01d7c433
003ecab3
00aa9e93
010aceb3
0037beb3
0151d793
00d4e733
00c4d1b3
4064d013
27c1bc13
018381b3
0031d1b3
fa323c13
00900e93
00a00993
012c9793
00215b03
00fa1a33
0f412b03
02f1ac33
f5010b23
00f7c3b3
00000033
05d9c663
00000033
4e196037
03a251b3
02fa7bb3
0071d793
27510783
ae415783
e7410783
00a00993
00091c33
01def6b3
01eaf7b3
0066a1b3
dfd04393
40d7d193
0027dd13
4145df33
8ac1a493
0a2ff013
01d1f7b3
e457a413
41bc5eb3
9a9e8193
12982c93
00fb5193
98f1fe93
00c00d13
00a00993
0fff7117
e4c10113
00001337
9d030313
00610133
00f791b3
03d7ebb3
3f510183
d2eca193
ccd10e83
03d1beb3
27412e23
00000033
05a9c263
00000033
46b10a03
034fd7b3
a944ca13
01d1e433
035c44b3
023194b3
02781233
00a00993
01de8ab3
0037f033
19b6db37
00af2bb3
0037b7b3
d7a7f193
01781593
8ee22793
b0b1fa13
752447b7
007a5533
010bce33
00fecfb3
a7c1a193
003ea333
0074d7b3
010a31b3
00000d93
0fff7117
da810113
00002337
d8030313
00610133
98414883
0294b4b3
00f181b3
0153ab33
0273dbb3
7e812e83
b8412823
00000033
fbb988e3
00000033
b3411323
9e010183
2a312223
028c44b3
0231b033
036d67b3
023797b3
00a00993
d3beeb93
007b21b3
00fed1b3
0147d193
416957b3
00a4d433
001a9793
245ea1b7
0037af33
007c1e13
404dd533
e517ee93
7b6c8a93
43ed8c13
d49d8e93
0a91a193
aff6c893
00b00c13
00a00993
0fff7117
d0010113
00003337
fe830313
00610133
03d18a33
40f781b3
5bc10183
03422bb3
e8811723
02f1a033
2ee12623
00000033
033c5e63
00000033
000b4d33
00425fb3
bd9109a3
007d63b3
1c3103a3
003eaeb3
cfd11b23
00a00993
01e738b3
3707e793
eac33e93
01a1f893
1ce4eeb7
41d781b3
01ded7b3
0037a7b3
01ffb2b3
74078193
9df7c793
eeff4793
015f88b3
108e0793
416351b3
418a57b3
f141b793
00c00b93
00198993
c973ad13
01fc7db3
e5eec013
0231fdb3
a13e8193
03d18e33
90f11b23
01798863
00000097
fb008093
00008067
00a00993
62f14183
40f18a33
0a8f0837
014078b3
03d7f833
9aad8e93
55d11b23
40135e93
3c7d3e13
01afcc33
2b21be93
56b34193
366e8613
404e07b3
00f1e7b3
412ede93
dc91f013
01d7d413
28d9e7b7
016b9f93
0167de93
00d721b3
e582b793
418ed793
00c00813
00198993
0fff7117
bc010113
00001337
9d830313
00610133
4f015c83
2d615e83
31018193
018dd8b3
53812183
023e9e33
032b97b3
01098463
fa9ff06f
00a00993
0037a7b3
0057d793
bdc10b23
03ab2c33
ee31cb13
dd412183
01deb7b3
01d1e1b3
43a1a193
24a7ce93
50f5c8b7
0829a1b7
2d0af6b7
c1353293
0156d793
01ded1b3
01246bb3
405a0333
6233df37
01a6cbb3
118ec293
424776b7
40f7d7b3
00f1beb3
00b00813
00a00993
0fff7117
b1c10113
00001337
37030313
00610133
0231cd33
035f8fb3
023ea933
034e18b3
3c611783
40afdb93
01d79c33
00000033
05385663
00000033
e3d12c23
55f18b93
01de91b3
795b7d93
f1b10e03
0288bcb3
023ec7b3
00a00993
00bbdeb3
7d0f0a13
0092dfb3
01b31533
01419693
0037eeb3
6c0ca837
19fb0eb7
2cbb04b7
41a7de93
01d7eeb3
00aa4433
87618e93
00bdaeb3
9a3ca493
42b7bf93
412e8f13
00a00b93
0fff7117
a7810113
00002337
b7830313
00610133
e6386193
f2a11783
02743433
02441fb3
22012783
02f7aa33
83143193
01798463
fa1ff06f
00a00993
007d31b3
8e411783
2fd4e413
027e01b3
01cd6fb3
0037d1b3
0237a1b3
009491b3
015fe1b3
01cc9433
5cf4c2b7
0031d7b3
0191d513
01afa1b3
00319333
1d7be7b7
01ad9d33
41d78cb3
66f8c7b7
01cdc3b3
01def1b3
00f1dbb3
5d7ef793
0071d613
00900893
00a00993
0fff7117
9d410113
00001337
85030313
00610133
023edb33
0037e7b3
00641213
02fed1b3
02f7d7b3
001bd193
a8e11a83
00000033
0538d463
00000033
0237eeb3
01aa3033
8ee10723
3fd12623
02379233
003197b3
0237abb3
00a00993
0145c6b3
11d88193
3c50a037
fc17fb93
00eed193
01270eb3
780a7837
41f1d193
006c3fb3
000a6eb3
014ac233
00d621b3
7f61f193
0031a233
01b21f93
0048b7b3
41ec8fb3
00c00d93
00198993
0fff7117
92c10113
00003337
81030313
00610133
02f7e7b3
f8c3e013
01ac9a93
02379fb3
07212623
05e7fe93
6a310323
00000033
fbb9c8e3
00000033
023181b3
38d7a193
0231c1b3
03610b03
03d7d1b3
25d10c23
01ae6eb3
00a00993
0031aeb3
00ac1eb3
25447193
00f1f7b3
01941e93
d0c4be13
40625f33
40d7df13
015581b3
00f7d033
432f64b7
00aa9693
d567e413
01deeeb3
28b1e193
01d197b3
0007d913
69f10783
00e71e93
417e07b3
077ec213
e3c12c23
027008b3
0141de93
0380006f
02f7ceb3
03c4d7b3
30b88797
3ef12423
03d1b033
4b37c193
02f797b3
08f0a1b7
386e8193
de3df793
406a8e33
00463733
afd7f493
06f25f37
214e7793
006247b3
0d6b51b7
415ed793
010f2733
41b357b3
472a6693
566aca93
01b3aeb3
f7f77213
00a00b93
0fff7117
80810113
00002337
e3030313
00610133
028f9b33
79815883
01fb1eb3
0358feb3
749e37b7
02f1eeb3
41d7d733
01798863
00000097
fa808093
00008067
00a00993
03de84b3
023ead33
02823eb3
60011e83
0031f433
0bc103a3
92615183
087b93b7
4021d213
01ff9193
c62ee513
018dd7b3
6415a7b7
40f18a33
96edb193
018b5ab3
3d06d7b7
badec193
00f19eb3
00cf5e93
01295733
fc378193
019d57b3
01d1b833
00a00813
00a00993
0fff6117
75c10113
00001337
db030313
00610133
1df12023
034a47b3
0037cd33
003eed33
035fad33
01bbceb3
48e15003
00000033
03099e63
00000033
6a711423
8fd10123
a5b14183
011a08b3
0237a7b3
f3d11d23
03c757b3
00a00993
017ffeb3
1338f793
05f991b7
8681e613
2838f737
41d1d393
01d7b7b3
abe7a793
01f04eb3
01d7a7b3
0957ad93
52a86193
6d4a61b7
017f2eb3
01a207b3
60018213
a157c693
00c00c13
00198993
01def233
00671793
5a24aa37
23c78793
00f7b7b3
70e11803
4154dbb3
00000033
fb89c8e3
00000033
05011b03
01aac1b3
51214183
97412e23
028a4433
81012a23
032a1eb3
00a00993
01ea27b3
006a4933
00f1a633
0175de93
eecce793
40645793
00a35eb3
407f01b3
01782533
01dec1b3
018da633
00ce9013
01ee6eb3
00f1e1b3
3b79e837
40f7d233
01d1a733
00a00e13
0fff6117
62410113
00001337
f8830313
00610133
0fff6117
61010113
00001337
89830313
00610133
5c415383
7b9a2193
53215e83
6db10c83
02f7a7b3
00318fb3
4f015783
01c98463
f99ff06f
00a00993
6c55c7b7
039ba7b3
00d41a93
63012183
01defeb3
47910ea3
023ecfb3
5c3ea493
abb1ad13
00fec433
004ede93
00d823b3
419fd4b3
4031d7b3
01d7f333
20a26fb7
403e87b3
0031c433
35cda1b7
6bcc8e93
00658c33
01c2de93
01deda33
52c9b1b7
00c00813
00198993
0fff6117
56c10113
00001337
e7830313
00610133
03d1a733
64e15e83
80fec193
012a97b3
02f7a1b3
40211183
40f781b3
00000033
fb09c4e3
00000033
b3015a03
0231eab3
01adde93
027cbeb3
5f610903
9e411c83
023ed3b3
00a00993
0a01be93
3b696793
414c87b3
014777b3
01ded533
01d1e1b3
e814c793
4016dd13
ef268893
10a1b613
404fd893
57a28793
0064e1b3
40bbd1b3
52bf3b93
00f195b3
0f67b793
0fff6117
4cc10113
00003337
42030313
00610133
03840bb3
2a415e83
0dd10c23
96f8ce93
02f7deb3
03de8233
afa15383
0500006f
17c12783
038957b3
02eb1bb3
028ae033
0a31be93
2cf10ea3
41f3ddb3
c6692213
c96df513
d8a7ae13
009fdb33
8f8e8193
ede66813
01d7fab3
24f7f193
01419513
40adb193
53e6d7b7
b6b7b813
01deb7b3
006a6633
f421c793
01b977b3
41d7d1b3
00900c93
0fff6117
43410113
00002337
33030313
00610133
0fff6117
42010113
00002337
40830313
00610133
00d7de93
63a14183
414ed193
009a11b3
0a015403
023efeb3
14b86e93
00000033
fb3cd0e3
00000033
40fed7b3
bd110b03
038e51b3
f3714183
aaf11e23
02724db3
400a58b3
00a00993
e2863e93
00f7e1b3
01279913
3faadab7
008df7b3
0037e433
009ab1b3
2a0497b7
01d1b1b3
01b718b3
3d9ef813
50fba537
00fe8f33
404f8cb3
a3a7fe93
019f4f33
400ed193
00a00d93
0fff6117
37c10113
00001337
91830313
00610133
035caeb3
0143da33
d2f11623
032d2eb3
02feb1b3
03c741b3
03deceb3
01b98863
00000097
fb008093
00008067
00a00993
0231cbb3
41de8eb3
63d102a3
003ea4b3
90c12c03
3f07a1b7
0314ceb3
00051493
2fa1a793
01d1bd33
0105a4b3
412f0eb3
01c41893
c847eb93
095e8793
edd5f793
0114ceb3
2157c193
01deadb3
00baf433
4166de93
015ede13
7cee8613
2efb0eb7
00a00c93
00a00993
eee12223
c5c97193
f8214183
0118b033
027e47b3
023191b3
00919713
00000033
03999e63
00000033
012e0833
01791793
09815e83
97415783
024b37b3
00545193
010e51b3
00a00993
01bfdd33
3bdc0eb7
01f21e93
3572cb13
fad7b793
58a1b893
40f78fb3
5d5275b7
00f1b333
01d1e1b3
4158deb3
01deb8b3
1069a337
01f75693
883e8393
0062dc93
47475937
00b00913
00198993
80412e83
02872eb3
02fecdb3
89d11d23
0bf12a23
023ef1b3
018cdc93
00000033
fb298ee3
00000033
882ea393
2aa10783
023ed7b3
70960037
95ec0713
19411183
03947033
00a00993
00bc8233
58a1c893
01deceb3
57dd0eb7
8f7f0e93
00fefeb3
0037d1b3
0037bab3
003181b3
23c7a693
db21a193
007dde93
01057033
48bca193
6f7ab1b7
3d0d8193
01681193
00c00d13
00198993
0fff6117
1a810113
00002337
b9030313
00610133
0fff6117
19410113
00003337
a0030313
00610133
00988033
0231b8b3
8fc12a83
01614183
39411003
52310f23
21615783
00000033
f9a9c8e3
00000033
50f12a23
2789beb7
b0f10823
01d7ffb3
85812783
bbc10c83
24f12023
00a00993
41d45793
43d78193
01decf33
01f264b3
01ba5433
b587af93
00feb7b3
15467913
01c4c793
43ddb713
00845913
3cd61837
40378733
000967b3
b1183793
41d1ddb3
017b4b33
00a00913
0fff6117
0f010113
00001337
96830313
00610133
0fff6117
0dc10113
00002337
0d030313
00610133
0fff6117
0c810113
00003337
cb030313
00610133
029c8d33
f4615003
b9214a83
03deeeb3
11e15b83
5a812c23
63411e83
00000033
f92992e3
00000033
7a012183
9a67eb93
1f114183
36523e93
035891b3
00f18e33
e4f11d23
00a00993
018501b3
65bb8eb7
4073d193
00f1f7b3
01a841b3
412ed813
00febeb3
008588b3
9451c593
3a004037
0037d313
01a2feb3
4005d713
40ad8fb3
01d79eb3
da41aa93
019b61b3
00a00b13
00a00993
0fff6117
02010113
00001337
0e030313
00610133
02f1da33
02904eb3
edc10623
0231a1b3
031ac7b3
03876833
03a97c33
00000033
05699663
00000033
d8012183
40fe8d33
02f787b3
d0910423
f3b12e23
d7011183
23a12223
00a00993
40da87b3
018b2f33
5cd43713
52ca2193
749e8e93
01d7b333
d4a7f193
00b1d913
409dde93
b4307193
419f07b3
01c255b3
eebf0e93
685e6793
019257b3
40475d33
f90f2b93
00900c13
0fff6117
f7c10113
00003337
2c030313
00610133
e28ae213
f1011e83
5e814a83
02077433
02fe8ab3
036d37b3
85112623
00000033
fb3c58e3
00000033
003797b3
03046cb3
a94102a3
02f1ed33
02f181b3
1c311023
035dc733
00a00993
01819893
01deddb3
41fe5eb3
011d77b3
01d181b3
00febeb3
01e41a33
a5378e13
01def333
41845eb3
6a25e193
01b31793
c52d4e93
76918b13
01deb933
23753793
41de81b3
00b00813
00a00993
0fff6117
ed410113
00003337
56030313
00610133
03d7ba33
032211b3
0a51ba13
03d1aeb3
0237e3b3
25bee893
0353f1b3
00000033
05385263
00000033
7af10423
d43102a3
62110a83
014c4733
009b37b3
039af7b3
097efa13
00a00993
01ed47b3
84718593
00fec1b3
00f1a833
22bbcab7
01debab3
d721a193
01a5d393
5cceb013
017b5033
007e9e93
4ce82a13
4086db33
6b518eb7
00fee6b3
61555db7
4cb5e913
00c00d13
00198993
0fff6117
e2c10113
00001337
05030313
00610133
4eb17cb7
029b1933
ca5eb193
02319cb3
dfa15203
039a5eb3
027c4233
00000033
f9a99ee3
00000033
8fc12183
03deceb3
02873833
26e10e83
023e8eb3
21114183
03d7c433
00a00993
9801bf13
40f1dcb3
009e2d33
09e7fe37
155f2537
000ab7b3
40eed193
0117d193
01fcbeb3
40d6deb3
019967b3
01b2ceb3
40ba5e93
008bee33
bc3d4193
49141037
01295933
00900b13
0fff6117
d8810113
00002337
ce030313
00610133
019c4ab3
da410783
023ec7b3
00995fb3
00d05813
6cfed7b7
933d2893
00000033
fb3b58e3
00000033
02fee733
e3011783
02319eb3
02378ab3
003ee7b3
0037beb3
51c12783
00a00993
1ff081b7
017d9793
00318cb3
019f9593
40f188b3
00cd01b3
3085bb13
99cf0013
01cd01b3
408a5eb3
40fe88b3
41d7d833
016417b3
41de8633
41ced793
006f3eb3
2577be93
00b00e93
00a00993
68a11783
03bb67b3
00980bb3
039f9db3
c5815183
c5414d83
03ac31b3
00000033
053edc63
00000033
00074b33
01179d93
03ad11b3
018d3bb3
d4f8f893
59112a23
02319833
00a00993
00379bb3
9cf7c793
015af033
9dfcba93
2d1efe13
003181b3
7d6eaa37
003e82b3
0c169437
ba9c0913
7c17ee93
40da58b3
01600cb3
003ef1b3
01ce5eb3
40318d33
00f1f7b3
00a00d93
0fff6117
c5010113
00003337
05030313
00610133
031027b3
64c11e03
41f7d193
0284d7b3
c1410623
02e8bc33
0237ffb3
00000033
03b98e63
00000033
9be10e83
c4f11023
fb584213
9c014783
40a85193
023eefb3
41cb07b3
00a00993
01f8b7b3
98e34c13
01b41533
003187b3
1cadc7b7
01cd9eb3
01dec433
4093d733
42277793
0111dc13
015d27b3
01168733
00fe8e33
018e65b3
41d1d933
d696ae93
4d60c7b7
00900b93
0fff6117
bac10113
00003337
8e030313
00610133
01577eb3
17d12823
038707b3
03defab3
bda10783
419dd793
62710e03
00000033
fb79c2e3
00000033
4a243e93
014e0193
0383deb3
01d78fb3
028db1b3
f0710183
02f1c833
00a00993
d3226c93
01c01d93
40f7d1b3
28cb7037
00205e93
8b977d13
01d79eb3
016061b3
41ab5d33
00f7bfb3
01fc87b3
40065e93
f3c5ca93
c741fa13
0168e233
76ce8793
0c7dccb7
00a00c13
0fff6117
b0810113
00003337
8a830313
00610133
0e311923
03f80eb3
035deeb3
d7a10183
023eb8b3
03d18ab3
027cfbb3
00000033
05898063
00000033
03d7bfb3
dec15783
08211783
3feec213
03140db3
e5d12623
66710783
00a00993
47b1c193
01dec433
40645193
426897b7
40378db3
01095433
1a132eb7
6d7bfe93
f4cea213
41f4d593
760cc7b7
e66f6513
82db8293
d9732193
01c021b3
418657b3
6d6e6e93
00900913
00a00993
0fff6117
a6010113
00002337
2a030313
00610133
0fff6117
a4c10113
00003337
9c830313
00610133
0fff6117
a3810113
00003337
f2030313
00610133
8e910f23
0e14d1b7
a2711523
c63107a3
25012783
03ac81b3
02e8c7b3
00000033
05395663
00000033
03d7c3b3
02f1c433
00719d13
71812f83
71c10883
03de8ab3
f517ae93
00a00993
004777b3
00c7de93
00b89d93
016281b3
4d75bd13
41775933
822efe93
0065ba33
00fedeb3
00f1d1b3
0008a7b3
403ed8b3
00e251b3
8f9ec193
415edf13
29293e93
01de84b3
00900d13
00a00993
0fff6117
99010113
00002337
8a830313
00610133
0ac12b03
d811f813
1262beb7
01bb7833
4ae11523
0237f7b3
039fb233
00000033
05a9c863
00000033
daf11623
a7c11c23
03cbe7b3
4168d7b3
acf100a3
14812483
2c812e83
00a00993
40378233
014a1b33
01f1de93
f47ee793
01b79e93
00f7c2b3
91fe3b93
28dece93
09e84f93
b021c613
41aed793
01c6e1b3
416e57b3
01bed293
088007b7
414751b3
00b337b3
00c00e93
00198993
0fff6117
8e810113
00001337
24030313
00610133
0fff6117
8d410113
00003337
40830313
00610133
407c07b3
0231cd93
fd712a23
00f1b1b3
32314703
b88bac93
023181b3
00000033
f93ed0e3
00000033
4ae18193
031187b3
56812183
03caf833
02f7fbb3
024a97b3
032b5733
00a00993
f9a1e813
007b6f33
40fedf33
f27fa913
41fc5a93
4047dd93
40c807b3
91eac193
d201a693
01dee7b3
0188b733
01d197b3
01d7c7b3
fb26f193
d7eb4013
00c751b3
01dec7b3
00c00b13
00a00993
0fff6117
82c10113
00003337
bf830313
00610133
03bae7b3
02f1feb3
88412a03
023efeb3
ab512623
00efa7b3
003797b3
00000033
0569c663
00000033
f37e2893
03994733
91c11883
59ebc797
6af12c23
5f710a23
03487033
00a00993
0037a7b3
41d18633
00fec7b3
40480a33
01d1e1b3
00885013
056a8c13
01d1f5b3
00fecd33
01cd31b3
7e078313
00f7e6b3
00795713
009bb1b3
003e94b3
72832db7
4f8eb193
00c00913
00198993
0fff5117
78410113
00002337
3c030313
00610133
0fff5117
77010113
00002337
d2030313
00610133
0fff5117
75c10113
00002337
b2030313
00610133
01249393
03641833
cbe11b83
03b701b3
60211703
1e010e83
03cc0eb3
00000033
f7395ee3
00000033
019b1793
023791b3
03543033
01a84ab3
0525ce97
02f1f033
e1110123
00a00993
0031f7b3
0048deb3
01b60033
40d90eb3
5d8ef193
41e95b93
09a7a793
40f78e33
012886b3
01f291b3
409f57b3
40a8db93
eb7eb193
4ed7b393
011c7d33
414c8e33
413e5f93
00c00c13
00198993
02e01433
4181db93
97d10ba3
03776e33
84012783
cfd11f23
e4e18813
00000033
fb89c8e3
00000033
43714e83
402a8493
73619b37
13c7f013
024b47b3
01007eb3
02902eb3
00a00993
3c3ebf13
29022eb7
00dae7b3
016bf1b3
e69cf893
ba9cb013
0102e033
fe91fb13
00f7beb3
0037b1b3
00ee9e93
4b5e8a93
9c5b2e93
3bb40793
016691b3
40fed7b3
9eb06f13
00900913
02f7e1b3
00f7aab3
0bc11183
02feee33
12d72e97
407adeb3
00fec833
00000033
fd29c4e3
00000033
f5110183
03d7b1b3
0393f7b3
0037c7b3
029c81b3
03deec33
fb412183
00a00993
9071e193
003ed833
41d181b3
018f2533
01691793
01fb4333
01deb933
0031e7b3
7001f213
01277ab3
00467eb3
25e33b37
00fea7b3
403787b3
0091d493
4f192193
00fbdf93
00c00c13
00198993
0fff5117
59010113
00003337
a1030313
00610133
01d1c1b3
03d1f7b3
029491b3
47d11623
41d1deb3
0af11523
023791b3
01898463
fa1ff06f
00a00993
b9412d83
122e7f93
028267b3
b6b23193
01523233
031c8e33
017fb833
00f79cb3
003ee1b3
40f7d3b3
4f0c8b37
1e474a13
b5e7ce93
00f7eeb3
ed8c8193
0031ceb3
5bbfb737
41d1d533
2f5b4893
00ae01b3
00ee9193
002e9793
7ec311b7
082777b7
00900c13
0fff5117
4f010113
00001337
58830313
00610133
0fff5117
4dc10113
00002337
5e030313
00610133
5fa15183
015891b3
012217b3
0ab10183
d2411703
029be7b3
7aa7c193
00000033
f93c52e3
00000033
02feaeb3
69538eb7
581eec93
e671ee93
0237f433
df710783
03927cb3
00a00993
41355793
01d1f533
011821b3
993af013
5c27e793
401f5513
f1d5ae93
019767b3
fda7fd13
35d7a513
41a1de93
01ab51b3
63eca537
015c87b3
bbce8c93
00537033
cde1ff93
00c00a93
00198993
0fff5117
43410113
00001337
e1030313
00610133
6a015903
e5d10da3
05a10f83
0318bcb3
028cc1b3
6bc11783
81510183
01598863
00000097
f9408093
00008067
00a00993
41dedc33
6e04b893
40748e33
03bd0db3
b6f12a23
3b712c23
70412b83
57e21a37
b6d00a13
4031d1b3
41dedeb3
00f75793
00f7edb3
00669193
40768d33
8321be13
8de23193
01cffeb3
3c9f7e93
0048a8b3
c962ae93
01eed393
06d90393
01d1a7b3
0fff5117
39010113
00003337
4e830313
00610133
00e471b3
a9c10e83
43210d23
c2912e23
027958b3
036b3eb3
030bed33
0440006f
d0811183
007bd793
e92c3e93
90312a23
01640c33
1f118d13
02e8ecb3
003e91b3
0105ec33
5196ec93
00779e93
00d69f13
403183b3
40f1d1b3
4051d593
00b3ceb3
41e5ddb3
40fed1b3
aecc3e93
f2c7b593
01ded833
01779e93
41237e93
014d34b3
00c00e13
00198993
0fff5117
2f410113
00001337
79030313
00610133
8c1ee193
516a3e93
2e9106a3
7e484793
29d4e797
00e8cb33
fdd12823
00000033
fb3e56e3
00000033
02ea5eb3
03dec7b3
03d7dc33
f797ee93
03644233
bf710323
5dc11403
00a00993
0162c7b3
015cb7b3
01bf98b3
40eddf13
c4db2e93
40f78e33
6caad7b7
00e26eb3
7ed13db7
1331cb13
70e557b7
010877b3
01dea1b3
01d1cfb3
014e9593
41d78633
00bdcdb3
00900d13
00a00993
02feb1b3
0248a1b3
a1a11403
003e9033
e6215b03
3c712023
02e4cab3
00000033
053d5a63
00000033
02efd833
ddc11a23
00179193
65f18893
c697b413
01f4de13
0231f433
00a00993
69c2f793
00f7d1b3
e561a813
1e243793
00900c33
006dceb3
0006ff33
01f71833
01dedb33
01d1b4b3
012c01b3
00f19ab3
9ada0e93
1ec12db7
1b37fe93
40fe84b3
6b874e93
00c00b13
00198993
0fff5117
1b810113
00001337
78030313
00610133
42c10883
57712e23
19212423
0031abb3
02ef97b3
028a6e33
635fc3b7
00000033
fb69c4e3
00000033
5da10e83
027a47b3
68811183
48c12903
0274deb3
419951b3
17c15783
00a00993
64fefe93
0031b033
4297fb13
008c1a13
017b77b3
004fc1b3
01851cb3
01acd593
00f61793
1c31b913
e656e793
20eeae93
017d68b3
00319f93
f431c793
416e0033
019e9f93
00b00e13
00a00993
0fff5117
11010113
00001337
f5830313
00610133
4e3ee393
03decab3
03a3e1b3
c0c15183
d8812e83
024aa933
00b7d193
00000033
05c99863
00000033
023187b3
32010183
029b84b3
3d58a493
0231deb3
029b0eb3
1c6e3cb7
00a00993
d4ca6013
96a78f13
01675eb3
017397b3
01deeb33
34263c37
1f8fbe93
6ffb97b7
0831b913
8a97a293
fceef813
003ea2b3
c281f193
007cf933
00f7b6b3
01949eb3
7c41cd13
00a00893
00a00993
0fff5117
06810113
00003337
9f830313
00610133
32f12423
03c07833
4efa3e93
47a2ae17
03ac91b3
02092eb3
4c514e83
00000033
05199063
00000033
0800c417
71412b03
02e07bb3
0231a7b3
ccf12c23
10e11b03
57611123
00a00993
017f27b3
4071dd93
010e4e33
40bcdeb3
00378bb3
0031c1b3
01de8eb3
a40f2d93
00f1d1b3
41d78833
23c62c93
41c8de93
00800eb3
00259e93
2eb54293
fe57b193
409801b3
00900813
0fff5117
fc410113
00003337
c9030313
00610133
034cc1b3
11ce8793
01de81b3
96e11d03
03896933
02f7a7b3
00fef7b3
00000033
f909cce3
00000033
0031c8b3
037027b3
0153cd33
68c12783
41d7d1b3
93b10703
0ff7ce93
00a00993
00004eb3
828ebe93
01de81b3
b407f793
00f7fbb3
00f79cb3
e2264813
3d97e637
014697b3
40a1d793
00f1b7b3
01ad77b3
008e1e13
004a0db3
41b1de93
0efd2193
00f7ee33
00000813
00fe81b3
0037c7b3
5a412b83
035b77b3
f8410e03
00378ab3
eef12e23
00000033
05098c63
00000033
020f91b3
018c07b3
0037b233
01deb7b3
17576793
03d18fb3
a7310203
00a00993
016b8833
bc7e8713
bc61e793
3c867f13
403ed1b3
01d1f033
01b40733
008231b3
9b593593
001ad737
5a6ec313
66842fb7
c081e193
01b85eb3
0094feb3
00bba7b3
92a27c13
00900913
00a00993
0fff5117
e8c10113
00002337
85830313
00610133
00cd5493
02feeeb3
48710e83
00601193
db812c23
038fccb3
40615183
00000033
0529c063
00000033
d1c12183
549b8893
0237ec33
94912423
4083d1b3
037267b3
40412e03
00a00993
01c97c33
8efd3813
01d1cdb3
00f1d933
5050b7b7
00c83eb3
7fefca13
1a068893
0037beb3
a5be8693
fc9abe93
01563b33
01de8933
00d4e433
41950933
487fae93
019deeb3
00c00c93
00a00993
02f1b1b3
031f9b33
fbb14783
032b21b3
01d1ed33
41de83b3
02f191b3
00000033
0599c263
00000033
037fcdb3
03d1dc33
a9511b23
03bff1b3
42f100a3
02f1adb3
03606eb3
00a00993
01eb2833
00f7f833
00cf1313
b401c913
6d7b8893
42ee4293
01a1d793
00b80eb3
9ee76193
dfeea193
00df11b3
00be1e93
00a057b3
8a37e693
404a0d33
01de91b3
003ee6b3
00000893
0fff5117
d5410113
00002337
08830313
00610133
0fff5117
d4010113
00002337
9c030313
00610133
00f181b3
2b199b37
fa63c193
03d7a933
0037e1b3
02feb3b3
034843b3
00000033
05198663
00000033
03594d33
f7a11423
00575713
bdc12783
00075013
01de8233
03be7a33
00a00993
08a07913
0037c5b3
98f87e93
00eb7ab3
003efeb3
405a5333
54c1ec13
400c86b3
00955f93
006bfd33
01c74eb3
a59bb193
cfabc313
00fefc33
6da1ee93
01979a13
00e19f93
00c00913
00a00993
0fff5117
c9810113
00003337
e3030313
00610133
1928ac13
024393b3
68812e83
00eb88b3
60012b83
003edcb3
22314b03
00000033
0529c663
00000033
69e10d83
2f7e0c13
15618f93
008f87b3
aaf11123
02f7d1b3
9d015183
00a00993
0094ae93
40d7dc13
0037c5b3
0ecbd937
409e5db3
1fef0eb7
ce766193
40030c33
1dc38a37
aed7be93
01def5b3
b8e78613
4031d333
41205833
4084d613
41795693
c95bb013
00a00913
e1a7e193
0237d1b3
13811183
02f7c1b3
01fb9d33
03d7f7b3
a1e14b03
01298463
fc5ff06f
00a00993
417801b3
00419493
0237deb3
019c81b3
031e0c33
028a57b3
00e3e1b3
009e1d13
0144a1b7
839d7793
01d1eeb3
40e7d793
40f1d1b3
315e8e93
003797b3
2e37c893
cd57fa93
307e8593
22974db7
9907b193
39dc77b7
0830cbb7
01d18bb3
01641a93
00c00913
00198993
0fff5117
b6410113
00001337
cc830313
00610133
4ef10da3
eb012183
03d7f733
010bdb93
02f791b3
01d100a3
62a7be93
00000033
fb3952e3
00000033
3c411483
1cd14783
b1b14803
030838b3
0037e1b3
51710783
003ec7b3
00a00993
07e8aa13
0158a1b3
3d2cf493
75720793
00f7b7b3
a6feae93
41860eb3
010b4db3
4391c793
00af3533
5d830f13
59515937
40f7d7b3
537ecc13
01a297b3
003ebd33
40a75193
00a00893
0fff5117
ac010113
00003337
aa830313
00610133
b04eb193
029c0eb3
023eb733
0237bab3
bfd11423
07415e83
035b3eb3
00000033
f9199ce3
00000033
66b14703
33415e83
79d11723
72011923
3ac14f83
64912e23
037487b3
00a00993
012bfeb3
01de9213
41deddb3
01e965b3
01d25293
415a5493
b58c0e93
00f1c7b3
41d7d233
00d6e5b3
4167dc13
00619f93
b28fca93
01bd71b3
406e5033
003e9a33
0037b1b3
00a00c13
0fff5117
a1c10113
00001337
53030313
00610133
035ffdb3
01cceb33
b471aa13
02f18cb3
41d7d433
50fd4e97
03d1fbb3
00000033
fb8994e3
00000033
0037c1b3
52714e83
fdd14903
40ad6413
86012423
64811783
8e812803
00a00993
32be8193
016afeb3
1ef1a693
f573b793
00f7beb3
0037b7b3
01d1d7b3
37c44e37
014aa7b3
2166c793
09e58193
00f79333
41dedeb3
6fc59ab7
01d78d33
75b1dbb7
00b75793
00c00893
00198993
0fff5117
97410113
00002337
bf030313
00610133
003eeeb3
41de8733
0231c033
045d81b7
02fea733
e2b14d83
024be933
00000033
f919cee3
00000033
63d12823
036a5933
b3114e83
02f7deb3
8e710183
0237bd33
2dc11783
00a00993
719e8793
f3503893
01a1d713
33978c13
e247c793
00af36b3
174f8313
2e0debb7
25fce8b7
ae85ac13
4037dab3
019017b3
01a79e93
00f1c4b3
7e2e52b7
01265eb3
01d19eb3
00a00f93
0fff5117
8d010113
00001337
1c830313
00610133
0fff5117
8bc10113
00002337
a3030313
00610133
0fff5117
8a810113
00001337
38830313
00610133
0fff5117
89410113
00003337
0b830313
00610133
46510c03
0237beb3
030871b3
01cd9eb3
39d12423
40ea5a33
b8411e83
00000033
05f98063
00000033
038971b3
c6e12223
7221be93
613161b7
30c14203
01dedeb3
00f01793
00a00993
01fd9cb3
005911b3
41d7d1b3
006ad1b3
01d7e7b3
00f797b3
40f7d033
003e81b3
00fee7b3
a8a7ec93
008d9693
00986033
00461933
005a65b3
01579193
00f797b3
00139793
00c00b93
00198993
0fff4117
7ec10113
00002337
b4830313
00610133
0fff4117
7d810113
00003337
5b030313
00610133
1a215e03
02f7b1b3
43892eb7
f6914883
71c12783
038d5033
00f1e1b3
01798463
f85ff06f
00a00993
0237c8b3
30c12183
0031dfb3
02f1deb3
7378ce93
03c26eb3
4071d713
94d5ce93
00cf41b3
01d1aeb3
0057d213
003ea7b3
40305f93
300232b7
f97e3793
415381b3
4057ad93
12b73593
172ef193
4dc53237
6f750d93
9dafb613
00cf8bb3
24a1a613
00b00e13
00a00993
73b12023
03fd5eb3
b8e103a3
014f9a93
cf978b13
00a4d913
125ca197
00000033
053e5463
00000033
3ae10e83
e3910183
89011183
01d1a4b3
011b5193
037b3733
b521ee93
00a00993
05a281b7
16d7ae93
5eb1aa13
66c30b37
003e81b3
01e25193
41dedbb3
8531b193
01a19a13
5b0ea193
011d07b3
403e8433
00ee1a33
003e91b3
003eba33
01f6e233
ba61af13
00c00d13
00198993
039267b3
40318eb3
4037dcb3
326ebc13
03cfdeb3
038c57b3
03d1dc33
01a98863
00000097
fc408093
00008067
00a00993
03d191b3
4031d833
03debdb3
034a01b3
03d7b433
a6a1ac13
b9d10a23
036b88b7
010a71b3
009747b3
00847eb3
0123f1b3
402f5b13
41f20a33
ae0f6613
d1f7ae93
41d1d1b3
418f8eb3
f1b7e193
01d7eab3
00e696b3
01d7c1b3
3a5c41b7
01ebdb93
00900a13
0fff4117
60c10113
00003337
00610133
0fff4117
5fc10113
00001337
46830313
00610133
0a810003
03d187b3
45c47193
003187b3
039ff933
4e811783
a2f101a3
00000033
f949c8e3
00000033
0237ad33
68310fa3
d7412003
2efb7e93
00415b03
023e81b3
1a410923
00a00993
d64cac13
01227eb3
014c4fb3
410c5e33
0114c5b3
404ed193
40af01b3
018bd1b3
3e96efb7
003e82b3
ef2eb513
13c69537
34a7a693
00f1b1b3
36333213
40fed1b3
f798c213
00c00b93
00198993
41afdeb3
a3010483
4008d3b3
019ed193
03aa0b33
03f861b3
01b19913
00000033
fb79c4e3
00000033
02f7a1b3
c63101a3
03944433
dc976913
3b211b23
1db35717
9f812e83
00a00993
386a3eb7
01e66fb3
009e5793
00f7eeb3
5a5e57b7
00c3a633
00fe9533
00f7a4b3
0af1f713
00a41193
01c5b1b3
0037f6b3
0216b937
408edd93
5127c313
d1246f13
a847e313
00900893
0fff4117
4c410113
00001337
05830313
00610133
0fff4117
4b010113
00003337
5f830313
00610133
0fff4117
49c10113
00001337
15830313
00610133
e5a11523
9dc11e83
5c012783
02fed233
0231feb3
029e7233
687ccb17
00000033
f738dae3
00000033
03de87b3
03d1ffb3
02378eb3
0c412803
010a2db3
02e02fb3
03d1beb3
00a00993
010e9913
8cb1f213
0031af33
4017d593
b47b2e93
8f87cc13
00fef1b3
1d93f913
000881b3
4031d1b3
00f1bf33
0031a433
746de713
579d3713
93090c13
4cbec213
4361e793
00a00c93
00a00993
0fff4117
3f410113
00001337
ea830313
00610133
0fff4117
3e010113
00002337
ba030313
00610133
409addb3
fe7e8013
03cc7eb3
0031aeb3
01f89eb3
403eda33
018af8b3
00000033
03999e63
00000033
0231f233
bf812a83
96812b03
03b921b3
01112823
c1714a83
57411783
00a00993
41545233
5ee7a193
8e56ae93
00fefab3
00f1a1b3
01d7e7b3
00fe81b3
7fd92793
01004933
48afce93
82f7f793
400f57b3
40fed533
40f7d1b3
43f1b793
e28ece93
e4418293
00a00a13
0fff4117
33c10113
00003337
5a830313
00610133
030ac1b3
f43109a3
038d0d33
e9012b03
6d4d5497
03a474b3
bf610003
01498463
fa1ff06f
00a00993
05c14783
f9510223
41aed493
0b58eb97
65c12783
4103de13
024e24b3
6df60793
0164aeb3
01d1aeb3
0056de93
014a5793
94b47c93
0144eeb3
65930db7
01d1d533
07ffa793
9e97e313
00fea1b3
974eee93
016a1313
d2432913
00e427b3
d6f1e193
00c00893
00198993
2b9cec93
370ed7b7
0237f7b3
06efce93
7611fb93
032d41b3
01c94b33
00000033
fb19cee3
00000033
5ee11483
5bc11183
027bd933
012e9f93
bd011783
40f1d213
038e2eb3
00a00993
00081613
01de8b33
efaef893
443ea237
0102cfb3
004cedb3
4237ce93
0037ee33
41eac737
01deb8b3
01be2d33
00aae8b3
00c1d893
5b51b793
00f1c1b3
00379793
01d1c933
00c00893
00198993
03d7aeb3
01faad33
028421b3
00ee7e33
758105a3
92310523
008e6eb3
01198463
fc5ff06f
00a00993
00319ab3
03f3d1b3
a84d6e93
00f1b7b3
c1610f83
030f81b3
02739eb3
00a881b3
41f85793
367a67b7
24ae8193
00fedbb3
0037e7b3
01d7a7b3
00b87eb3
0046fc33
8f8eee13
01d1aeb3
61ae8793
01aade93
016a88b3
01471f93
00f787b3
01de9a33
00900813
00a00993
0fff4117
17410113
00001337
68830313
00610133
0fff4117
16010113
00001337
48030313
00610133
034be1b3
00f78eb3
03d1adb3
63f10483
03fbe7b3
65812703
039d7033
00000033
05385263
00000033
03ca3eb3
02021bb3
0237ceb3
dcf10b23
02f1f233
00fea7b3
f1412223
00a00993
010a37b3
01deb233
dad67793
403e8eb3
003e94b3
ff47c193
6afa1337
be11ba13
01434bb3
000e1bb3
1647c513
a5f1fe93
01525393
94363213
0031f7b3
2d60c537
00feefb3
00c00f93
00198993
0031b833
ad610e83
3ee15c03
02e3eeb3
000951b3
90c14e83
f2f10c23
00000033
fb3fdee3
00000033
0231ceb3
019257b3
034491b3
0237e933
029c91b3
1d213eb7
02f7b7b3
00a00993
01d79833
01b41793
162ece93
409e01b3
30cef193
00f782b3
0f41deb7
3f29f7b7
41a48eb3
01d61e93
00bf4eb3
c60f8493
7051ec93
015ed793
0031eeb3
d217a393
00a821b3
00c00893
00198993
01c4d793
03deaab3
6f215183
03224b33
02f7ffb3
02744d33
02feafb3
00000033
fb19c6e3
00000033
02f197b3
d9a12823
33f04f97
018ad1b3
a4012223
03d7b933
b6c12183
00a00993
012ad7b3
016a2eb3
52fab813
11feca93
000ed193
4037d7b3
01ff21b3
01deaeb3
003ef7b3
5d10a1b7
0166b3b3
dc537e93
00000033
0040006f
00100f13
10003e97
7beea023
0000006f
00000000
762d6d6f
5b707269
6d6f6465
64655d0a
0a5b6765
203d206d
6c5d0a74
6e657261
5f696e73
6f74616c
74696f6e
74727563
31303030
73203d20
735f6e6f
0a726567
65203d20
745f7573
320a6375
78312c78
5f747261
73746f6d
6e646c65
705f6861
54727565
72203d20
655f7374
0a636f64
61646472
6172745f
3d20300a
65737320
756c745f
64656661
72616d5f
70726f67
203d2054
65786974
64656c65
7275650a
6f6e203d
67617469
350a5b69
20343039
6e737472
73612d69
6f6e2d64
75637469
69627574
69737472
0a72656c
696f6e5d
203d2030
5f737973
5f737973
0a72656c
203d2030
2e637372
5f727633
0a72656c
74726c20
32692e63
72656c5f
3d20300a
692e636f
72763332
65203d20
6d707574
6c5f7276
310a7265
64617461
3332692e
0a72656c
203d2030
32692e66
5f727633
203d2030
656e6365
5f727636
0a72656c
6f6d7075
34692e63
20300a72
7465203d
76363469
656c5f72
61203d20
2e646174
6c5f7276
300a7265
7a626120
3332692e
72656c5f
3d20300a
692e7a62
72763634
300a7265
61203d20
3332692e
6c5f7276
3d20300a
7a626220
72763634
72656c5f
62203d20
692e7a62
6c5f7276
300a7265
7a626320
3332692e
72656c5f
3d20300a
692e7a62
72763332
300a7265
73203d20
3332692e
6c5f7276
3d20300a
7a626520
72763634
72656c5f
65203d20
692e7a62
6c5f7276
300a7265
7a626620
3332692e
72656c5f
3d20300a
692e7a62
72763634
300a7265
66203d20
3634692e
6c5f7276
3d20300a
7a626d20
72763332
72656c5f
70203d20
692e7a62
6c5f7276
300a7265
7a627020
3634692e
72656c5f
3d20300a
692e7a62
72763332
300a7265
72203d20
3634692e
6c5f7276
3d20300a
7a627220
72763332
72656c5f
74203d20
692e7a62
6c5f7276
300a7265
7a627420
3634692e
72656c5f
3d20300a
6d203d20
72763332
6c5f7276
300a7265
3d20300a
36346d20
72763332
72656c5f
300a7265
61203d20
36346120
6c5f7276
72656c5f
3d20300a
66203d20
72763332
6c5f7276
300a7265
3d20300a
36346620
72763332
72656c5f
300a7265
64203d20
36346420
6c5f7276
72656c5f
3d20300a
6374726c
7276632e
0a72656c
203d2030
2e636f6d
5f727663
203d2030
70757465
5f727663
0a72656c
3d20300a
2e737020
7276632e
72656c5f
203d2030
64617461
5f727663
0a72656c
7461203d
2e666461
656c5f72
20300a72
2e636f6d
76333263
203d2030
70757465
5f727633
0a72656c
74726c20
32632e63
72656c5f
3d20300a
632e6664
72763332
3d20300a
61746120
72763634
72656c5f
6d707574
632e636f
300a7265
65203d20
3634632e
6c5f7276
203d2030
64617461
6f61742d
0a5b666c
64696e67
726f756e
65203d20
5d0a726e
747a203d
31300a72
72646e20
2031300a
0a727570
3d203130
300a726d
203d2031
31300a5b
6d203d20
63682d63
6272616e
6f6c5d0a
6f6e7472
77617264
6261636b
62616269
2d70726f
203d2030
6c697479
6c6f636b
2e350a62
65203d20
2d73697a
65637572
370a5b72
2d6f7074
73696f6e
5d0a7265
696f6e73
696f6e2d
63757273
6c65203d
656e6162
73650a72
2046616c
73696f6e
65637572
7468203d
2d646570
72656375
2031300a
6e2d6361
7273696f
3d20350a
6c6c7320
6573732d
5b616363
696f6e73
73656374
67696e5f
5d0a6265
61747572
7369676e
30783830
65203d20
30302c30
30393130
39353030
78383030
0a5b6373
302c7277
6374696f
722d7365
73656374
6e735d0a
203d2030
696f6e73
303a3078
78303130
20307833
6466662c
30783530
32352c20
6666660a
303a3078
722d6675
5b757365
6f6e735d
6e637469
6331203d
0a66756e
22616464
207b303a
78302c78
2078302c
5b737769
30227d0a
70726976
7463682d
65735d0a
2d6d6f64
63685f6d
73776974
203d2046
6f646573
0a6e756d
616c7365
74636865
5f737769
300a5b69
73203d20
68655d0a
2d636163
63616c6c
6e756d5f
300a6e75
73203d20
7465735f
6d5f6279
626c6f63
7065725f
31360a6e
6b203d20
6c6f636b
756d5f62
380a6e75
73203d20
636c6573
6d5f6379
300a5b64
203d2031
68655d0a
2d636163
63616c6c
6e756d5f
300a6e75
73203d20
7465735f
6d5f6279
626c6f63
7065725f
31360a6e
6b203d20
6c6f636b
756d5f62
380a6e75
73203d20
636c6573
6d5f6379
300a5b65
203d2031
74696f6e
78636570
65726174
2d67656e
0a656361
696f6e5d
30203d20
75736530
61757365
300a6563
20300a65
3031203d
65303220
63617573
65636175
3d20300a
203d2030
73653033
75736530
0a656361
300a6563
34203d20
3035203d
61757365
63617573
20300a65
3d20300a
65303620
73653037
65636175
0a656361
203d2030
38203d20
75736530
61757365
300a6563
20300a65
3039203d
65313020
63617573
65636175
3d20300a
203d2030
73653131
75736531
0a656361
300a6563
32203d20
3133203d
61757365
63617573
20300a65
3d20300a
65313420
612d6861
5b646174
735d0a72
7a617264
726f6220
61775f70
350a7761
3d20302e
6f62203d
725f7072
0a776177
20302e35
62203d20
5f70726f
6e756d5f
302e350a
5f6c6f6f
72656773
696e6420
6b626568
5b70726f
3d20330a
2d6d6163
6772616d
7072655f
726f5d0a
72616d5f
70726f67
6f203d20
6d616372
78302c78
61646420
0a706f73
302c7830
6f677261
745f7072
63726f20
6d5f6d61
64207830
3d206164
78300a70
2c78302c
72616e63
72655f62
63726f20
685f6d61
64207830
3d206164
78300a70
2c78302c
6272616e
6f73745f
6163726f
63685f6d
64642078
203d2061
2c78300a
302c7830
73653030
65636175
616e646f
203d2072
61757365
6d0a6563
2072616e
3031203d
65636175
646f6d0a
203d2072
73653032
6d0a6563
616e646f
3033203d
61757365
646f6d0a
2072616e
73653034
65636175
616e646f
203d2072
61757365
6d0a6563
2072616e
3035203d
65636175
646f6d0a
203d2072
73653036
6d0a6563
616e646f
3037203d
61757365
646f6d0a
2072616e
73653038
65636175
616e646f
203d2072
61757365
6d0a6563
2072616e
3039203d
65636175
646f6d0a
203d2072
73653130
6d0a6563
616e646f
3131203d
61757365
646f6d0a
2072616e
73653132
65636175
616e646f
203d2072
61757365
6d0a6563
2072616e
3133203d
65636175
646f6d0a
203d2072
73653134
6d0a5b73
616e646f
63686563
656c662d
5d0a7261
6b696e67
20313030
7465203d
745f7061
0a746573
6163726f
73735f6d
61202020
203d206c
702c2062
20202073
5f736967
6567696e
72653b20
6e617475
20202020
61646469
73702c20
73702c20
47425954
322a5245
6c692020
45533b20
74312c20
20202020
6666663b
30786666
47202020
20535245
20302a52
2074312c
54455328
45474259
74657374
7370290a
6c5f6d61
5f666169
3d206164
63726f20
2c78302c
64207830
000a3078
00000000
00000000
00000000
00000000
00000000
00000000
00000000
00000000
00000000
00000000
00000000
00000000
00000000
00000000
00000000
00000000
00000000
00000000
00000000
00000000
00000000
00000000
00000000
00000000
00000000
00000000
00000000
00000000
00000000
00000000
00000000
00000000
00000000
00000000
00000000
00000000
00000000
00000000
00000000
00000000
00000000
00000000
00000000
00000000
00000000
00000000
00000000
00000000
00000000
00000000
00000000
00000000
00000000
00000000
00000000
00000000
00000000
00000000
00000000
00000000
00000000
00000000
00000000
00000000
00000000
00000000
00000000
00000000
00000000
00000000
00000000
00000000
00000000
00000000
00000000
00000000
00000000
00000000
00000000
00000000
00000000
00000000
00000000
00000000
00000000
00000000
00000000
00000000
00000000
00000000
00000000
00000000
00000000
00000000
00000000
00000000
00000000
00000000
00000000
00000000
00000000
00000000
00000000
00000000
00000000
00000000
00000000
00000000
00000000
00000000
00000000
00000000
00000000
00000000
00000000
00000000
00000000
00000000
00000000
00000000
00000000
00000000
00000000
00000000
00000000
00000000
00000000
00000000
00000000
00000000
00000000
00000000
00000000
00000000
00000000
00000000
00000000
00000000
00000000
00000000
00000000
00000000
00000000
00000000
00000000
00000000
00000000
00000000
00000000
00000000
00000000
00000000
00000000
00000000
00000000
00000000
00000000
00000000
00000000
00000000
00000000
00000000
00000000
00000000
00000000
00000000
00000000
00000000
00000000
00000000
00000000
00000000
00000000
00000000
00000000
00000000
00000000
00000000
00000000
00000000
00000000
00000000
00000000
00000000
00000000
00000000
00000000
00000000
00000000
00000000
00000000
00000000
00000000
00000000
00000000
00000000
00000000
00000000
00000000
00000000
00000000
00000000
00000000
00000000
00000000
00000000
00000000
00000000
00000000
00000000
00000000
00000000
00000000
00000000
00000000
00000000
00000000
00000000
00000000
00000000
00000000
00000000
00000000
00000000
00000000
00000000
00000000
00000000
00000000
00000000
00000000
00000000
00000000
00000000
00000000
00000000
00000000
00000000
00000000
00000000
00000000
00000000
00000000
00000000
00000000
00000000
00000000
00000000
00000000
00000000
00000000
00000000
00000000
00000000
00000000
00000000
00000000
00000000
00000000
00000000
00000000
00000000
00000000
00000000
00000000
00000000
00000000
00000000
00000000
00000000
00000000
00000000
00000000
00000000
00000000
00000000
00000000
00000000
00000000
00000000
00000000
00000000
00000000
00000000
00000000
00000000
00000000
00000000
00000000
00000000
00000000
00000000
00000000
00000000
00000000
00000000
00000000
00000000
00000000
00000000
00000000
00000000
00000000
00000000
00000000
00000000
00000000
00000000
00000000
00000000
00000000
00000000
00000000
00000000
00000000
00000000
00000000
00000000
00000000
00000000
00000000
00000000
00000000
00000000
00000000
00000000
00000000
00000000
00000000
00000000
00000000
00000000
00000000
00000000
00000000
00000000
00000000
00000000
00000000
00000000
00000000
00000000
00000000
00000000
00000000
00000000
00000000
00000000
00000000
00000000
00000000
00000000
00000000
00000000
00000000
00000000
00000000
00000000
00000000
00000000
00000000
00000000
00000000
00000000
00000000
00000000
00000000
00000000
00000000
00000000
00000000
00000000
00000000
00000000
00000000
00000000
00000000
00000000
00000000
00000000
00000000
00000000
00000000
00000000
00000000
00000000
00000000
00000000
00000000
00000000
00000000
00000000
00000000
00000000
00000000
00000000
00000000
00000000
00000000
00000000
00000000
00000000
00000000
00000000
00000000
00000000
00000000
00000000
00000000
00000000
00000000
00000000
00000000
00000000
00000000
00000000
00000000
00000000
00000000
00000000
00000000
00000000
00000000
00000000
00000000
00000000
00000000
00000000
00000000
00000000
00000000
00000000
00000000
00000000
00000000
00000000
00000000
00000000
00000000
00000000
00000000
00000000
00000000
00000000
00000000
00000000
00000000
00000000
00000000
00000000
00000000
00000000
00000000
00000000
00000000
00000000
00000000
00000000
00000000
00000000
00000000
00000000
00000000
00000000
00000000
00000000
00000000
00000000
00000000
00000000
00000000
00000000
00000000
00000000
00000000
00000000
00000000
00000000
00000000
00000000
00000000
00000000
00000000
00000000
00000000
00000000
00000000
00000000
00000000
00000000
00000000
00000000
00000000
00000000
00000000
00000000
00000000
00000000
00000000
00000000
00000000
00000000
00000000
00000000
00000000
00000000
00000000
00000000
00000000
00000000
00000000
00000000
00000000
65cb5cc0
6b7224a0
14fedd8f
2c82e6aa
837d9ca6
53a5d534
a58f3026
54e30e90
7775504a
108e8225
8b64a263
53be2601
304be0c5
4c85ce11
ca377a75
20e8ce1c
0f47678b
0ea66736
3480650e
4587311b
f43664c7
2bad609c
1297ac7f
78461c35
1560f229
5d50fc50
2df17d5c
217a93ae
87c957aa
56ea57ac
a5e8a0fa
5056c2d0
c6b8eaed
3ec9adb4
444bda31
1474489e
012b19ee
65a1b9f2
5db25bbd
4dc3b403
814cf173
2a25cabc
676ef7d3
0e7c26af
c8b1ec29
06e16695
be8b122e
687e8aaf
614eb0d3
33c2dabf
c832ce9d
31f40f44
249aa9b8
32bb3630
77c3c5f2
6a725967
3217084c
7dc95c73
c23b10ac
7eb29806
b2761d1d
508f0f04
9172dfed
12b8467a
d334fd46
782c88ed
7be7c6e1
19e79db5
77bdc216
5d2a184e
c50c6269
14be4200
19849c2f
15baa680
9f8300ea
32472684
464b896a
340797ab
6b724287
0fae789d
568e5835
2b8406e3
f4a6ecbd
7e6e663d
695e5171
22cc14c4
58701fe1
0c9ebbd3
a1d0952a
4489361d
b219dabc
11531983
1730bd51
6dc861d5
61e41002
3afad5b9
7bea3403
69bee28f
6050e63b
62ba75f6
c905fb48
409fe792
6d01128d
064d1907
80e31cc3
20e3697e
d151c211
5d02127e
e351e9e9
7d34def4
7a965ce8
52d734ed
31f3a3f2
27c0f869
df54e033
7ecff1f6
8c07fd3c
57121ea4
cad34f08
27776d15
d7617a34
0e37e9cf
3e41e2a8
14f76d8a
43223174
6fdbef8a
c08730b5
7cf0e4ee
b1964801
3df2c638
f2252cb3
5a10a666
3440123b
657e9bca
dcf5837d
76702ee4
6e42d648
08e89503
26e23ef4
23c11b2b
12e17ebd
41e90197
3f3bad82
1872a9e8
30c1365a
38e4d9ba
83766972
010b03ee
04ad5422
142253a3
9255cf2d
68bbe485
bd25df6d
6e444d58
39515153
4365ee66
1b74b2f0
3a0e6ed4
e5cbd1b0
01e80085
bb75634b
78720f22
f0b2b77a
41c6f120
87b4b5cf
502196eb
74cd961f
7fd8cd5a
de2d6de3
6fc063d7
ce86a5c6
2aa512d6
5793c3af
6106f184
b4dd4ca1
2d7ea871
c79e15fe
3f7a619c
7bf2890e
6e89999e
da84a22b
4253f87e
0f179f6c
0105d47a
f1d4a3c3
579feda3
a49426b9
2d65d50e
8e384157
34e5c7c3
f38fdbae
7f08c078
5ab3ef75
738d36bb
c787d71c
714b0d58
752d6f60
648d55f0
65f4c419
584685d1
4bf427f9
1a80a424
434bb73d
752efc41
0a4560cc
3fff86d4
f45c09f7
7baf0b02
de575fde
5caa00f0
bee0f1eb
33f24375
3ed9f87a
35573eeb
eb90b636
2aa41c00
a9e523fc
4cfd0ac5
3ae6566d
3dea3176
b6bac983
284a9e97
984214ad
326c7e18
ab49628a
0981ab75
e906de57
1458b817
5cf56ea5
52a36674
897d62e8
3f07d0e3
d27c52f2
7820ff1d
2e9f23a8
1cf31309
c40a3c0e
6a64a49b
4244cddc
7265c2a0
d1230c7b
567426fd
49aaebd5
3d8e6f4b
947e3a0a
7c40e13d
d009e16b
112f1239
5586d50d
4edcdccf
6659b355
0904ba73
46be2737
3d9c2b49
9ec2c244
2cae8873
b9158b2b
63131de3
56f9eb9a
5f634baf
440ff1ed
22f9fceb
e47981e5
66e79b9e
456fa55e
0d2a6d8e
6c2207bf
04f5d9fe
fc65d41c
19adeeeb
b01209d7
7c949e11
5459effa
7914dafb
446348d1
765cdeae
f9349bcd
13d89352
394f7441
0f621388
bae664ce
307fd8cf
8c2b7767
261537de
eba97011
6bfd973c
719f39e9
40a138dc
07b37425
2c5d9b50
c7e8b8f3
05ede54a
6bbd6d57
3862c2d5
07873b0b
07070e4a
a0c5c4cf
04c76cfc
d19dc4a3
32345108
1eb39844
22a3e3a8
b66abf34
682db9b0
adda50ed
697e77b8
9b45e943
2e57684e
a2527a1b
5e047f27
863389b8
3fdce7ef
3cf0ffa3
599b6a0f
22acc2a9
179afe3b
b0117734
24f68c42
ec80c202
31861323
f8a43ce3
2b6f560e
31c8b606
54f7fc5b
b7f39a13
7482fc5e
aeeb4fe8
295cce95
2323c76a
73549425
69fb7b45
55b0c47a
2c2eee47
4b636151
16837877
1fbe4416
c5dc4b33
4db2a3ae
63d6da51
6b80630f
9e783fce
667988d8
f4acc34a
662a3f07
c9cc9347
235b1818
85a82238
738b42e5
387ae7aa
3ae86f2f
fbbbeb79
4ae85cec
1f4ff757
5acb5ea6
7d60009a
3e6d78f2
e49b8d0b
4fac3ed9
3910de8d
36f4b8b9
2a082d14
061b7a1d
0d69b421
270fa172
7a5152f5
0bf130f4
cc7177b5
112260c9
e1755ab9
7d6f9d37
2e14c097
68ca7931
6462ffb8
2c92a3cf
030222ca
13116e10
ce58613a
2e0d01ac
4ffd7b04
12dc9005
379a6d55
3e0f5b42
078f9c54
06d75dcc
c9c90cf4
21fa5f83
36afa989
4ccbbe8f
9492e413
69aa5062
22090951
30758e51
e42a025e
629f30b4
2317b14b
3e573a89
6bd94bb6
104a18dc
ffe2360f
11a69d79
063142ff
22060321
7021a50a
1937570a
ff528732
35dead48
a38eeb86
09e5ffb4
bbb94184
44db7b37
e33de47b
67c2bf5e
0d3e9ec9
0c133586
92acc1c1
26a15822
f7497b09
69cf00f6
4969a393
58071522
05b1683b
34038aff
7cc1f390
64854eef
a2437e26
11838493
d80a11a9
6086c930
2558d615
675e7ac4
181f146d
71c17a00
78ca783e
40dec0a6
6137e847
3a6f7cb9
4a011c45
31394e6b
df4982bc
2608292e
309d609d
3a63e5c9
668b93a8
73f104a1
9df4f6eb
29bc871f
2c42b4be
238a1cb3
d85ff612
5989ea53
3493306c
3d16dc62
dc157750
5f4a0de9
e0067ce3
1f1e252e
588ee034
7d382c01
3cf0bb01
34da64de
eccf5a27
6bf45dec
3e3d8828
6a7e7bb4
1ac211be
42e483cf
30c5db00
5a91c019
82ac88d2
7c0e6e49
4bab8e02
5bf1594d
04450fb6
2716573b
b32218ac
6d61a55e
8707b9bd
7fff6ed1
2d142369
15fa025f
11c2933d
4d0d4ce0
efcfaded
4ee34271
1a97b504
4fee84fc
d1aa2832
7a6e91a3
720e4e31
4b947a0f
77ac91be
7829310d
44481f56
5eb76954
e7b73d09
07fa076f
7a9aef12
31202e6a
ffbf13b9
6caa80c3
05ad2e55
04bf67a2
33aff71c
2cb70452
07751696
1b167eea
3fd72dfd
228c7ce9
0211f79b
370701ec
14147094
0b81a833
cbbb6896
4eac2025
f4002e6c
79c232ab
7545b0a7
553521e6
f77560c8
5a776643
cfb44471
219288bd
e057ae4d
5b420a65
b26db544
3961c25c
e22b604c
5786ba11
4a98d057
054a3146
80bc7a2b
4cdae109
842a3642
5d37cf33
8f64c7ef
133416ee
127a1f75
7db95ea4
7557c758
15d940f9
fed796b0
00436cc0
6d019b15
592cda76
5d99f9bc
23ffcbdf
0f969d4a
5b8b5ed7
1fece891
5e28cf23
3fb81156
570fb530
cff8d19f
3448d1ea
4e4f565a
66e42e40
cf926fb0
74378d99
a782090c
7c21ffaf
12bd8d19
4c6b9bc2
8cda2833
09546b65
9f4d826f
43dd105e
bee4a84f
147a48f0
72098fb4
0e8cfdd6
553ba19e
5ea90978
55f801de
16154520
b77a2396
60cb6392
ef5a9cf4
1cfe82f6
173bc16a
03272349
106b3b55
362ed855
e9540318
3b6941ff
1618ca09
05f1f96f
66d99a5e
7b9c7b02
11d1c3f9
664004e4
680ed4ec
37efdab6
dc70128b
1f3568d0
97aa5ddd
66495df5
78c879b4
23d46ccc
c23b4985
4e732d58
35e7dda0
21474132
239153a6
0d43f9f8
decf7e60
10657329
632cbe1b
73e11111
8b3129df
5b381524
629dad3f
258a5d4a
a8bf8f37
07d3a425
9bcc60aa
1c8787ea
e038f8f5
2ae24f00
d971ab9c
634b50a9
584686a1
4973e6a3
de1e5bc8
589fea35
7235eb0c
45a76caa
4d5b8bdc
10c82045
016c3c80
18f60c47
93f4ebe2
45aee94d
00c0d3a6
171694bd
be09c5ee
2a051a11
e38df3ce
4e029d98
635566ed
5c1ec5c0
1f6fae6d
5b6632c1
de3b2863
0acf232f
7e231eee
54dfe7fe
b921d1ea
1a87e8d6
b306c8ec
5457d1d2
7343e388
33634e2d
6dc132f4
553622a8
2b99b7a8
3b80f89e
c8cbc294
1ae5d65e
5ad9e813
5b750554
ee003562
7024e975
067b6e71
7714f4fa
75e9aa72
26f06005
ab361555
2e1d940e
233c7496
058deca0
83901856
14ce3d61
e6841552
02a1acd2
0f0bd5c5
45e079c6
930d741a
6f5cabc9
60df82e9
0ad5ca1c
abf618ff
68ca4486
fc80d3c4
5d542e4b
77b2206d
4da3a511
f0ee5d9f
4bb7a3b6
93ccd003
5de02009
a019052c
078d9dae
a542d0ca
5a9c8897
6596ad3b
29b2b5c1
1561b316
04701929
f94c04d4
5a46ae41
eb6ee0e9
347a31ee
45ba8a11
1607b996
1c55da8e
6c36bdb6
bcc64757
002fd5bc
c07176e8
76b3cc1a
83071345
4b611940
628120fb
5ae969b1
12b9138d
4de7d524
ce29514f
48c28aa8
ae0ed108
49e0230c
a2c66e84
492a2c0c
95d2770b
79089df2
f163a438
671a5ce2
29b243a8
65149155
a8a3c475
0a191e75
8c7a9dd6
53124336
268259b4
33d85333
1c484bcf
09f6fee0
768ee6e6
6c8a31c7
2af832d9
33beab7b
63082bf1
1e121f2b
d56bf2ec
74d06454
d5ede580
6f8fb4f6
64a79fec
03c4e9fb
a7c13abb
639c3523
12b4fcb4
7c4209fe
0695d7b1
69b1db37
2c4fc54c
491be34e
e7e4fcc5
6cd789c7
74e2d906
53d97e1d
610999d8
1b35de42
f1a2a23e
42576a5a
e81945c4
209b7088
d044198a
4583bc67
d4332200
2099f0c5
9d88b01e
64aa66bf
e7608bcf
7f72d492
6e0b7b5b
31c979ea
163cbb39
52e40613
3a35e484
7d38b85c
eda64e07
49cbf942
cf2229a9
3e95e1a1
b0633829
2a9abd27
23d7a6e7
0fcca36c
840d5ead
10e41327
6c70c6b6
7894ff80
2084202a
2ed5d193
3435bb85
7e10a764
480f9bc4
23b01cdf
531e3bb1
7d5ac59c
c3f239fe
1d8e43ea
18a0b8eb
5b2a5efa
07732ba2
1725b5e0
420b8b71
7277628c
3e157c60
0e1403e4
77893979
757917b1
44098756
7bbe75d2
5db90567
3808ace1
7faf194b
75b57ddd
5d76faed
089d06de
dcb72b43
16a76bc9
57defc0b
17fabb38
d1a4cfbc
495aea5e
49058eb1
382b3a6d
6643e5c3
3baab001
701e0259
17f6cdae
7986ae55
2eac9f68
3fadf3ea
03a84e7d
ca06e0ab
2920cd12
b4ebf2bd
22a5f2de
c7280668
5c81b668
f593bfd5
2d9d5132
ef856979
7da83438
040ffac9
0f32dead
c837fff1
1221ad51
55c9cc2e
356ba076
1b6f2e2e
2a0ddb1b
a3131b25
597c53cd
6de4ec10
320c02a6
5f6869b6
2a65e4e5
36a2b7fe
0d6e058a
88d1ae8c
649d4905
a75f48bb
408efc3f
dad9c742
7df1016f
adbd9397
7e5cc19b
5817eea5
2c41876d
8f6ed1a2
495c8dc5
a0d865ad
28db48bf
a2adc392
20f8928e
5184cbeb
420c6cb0
9fd465df
4815d8b5
5292a2c9
790d3a59
9dda600d
053269c6
97b1b072
5daa0498
a6f40ff5
56dcd83b
670dc2cf
070636c8
84aa22e8
674a4d9f
4f838566
4e02c804
f0c6929a
66741eea
191ead52
0ec1f083
a3478930
0e53c2ba
a00a9997
4f7967aa
f6aef086
5fc53c9f
7d3a5bda
4b1cf346
acbb7f9d
125c8869
8458e4ff
42fcbd77
1a8f5c2e
6d2469a6
06b4660f
4ec53cc4
72ec23b1
3b608671
def3a8de
357df640
c5038bb8
3068338d
4caace84
675ffcd1
4a9df098
45dfe6bd
7caa0248
3c9ad226
00f4d35a
10bc0a9f
7e899cf1
6c2947e1
5b1878c7
075bbc93
8751d322
0f7455ed
5daeee3c
0bfe03e5
71342835
2c62e77a
6720a8ad
4130565a
70b7bdce
748e067f
c8130c9e
2483b969
eba31918
151f0161
fbf7e815
62a6682c
2492218a
0aa2afea
7028acfa
797633cd
c9522847
645a8905
4a009f52
6127c99c
360a079c
253b0ffa
be477b18
62cc28ec
c5085a34
5a3f8a81
73a0757b
65e44c73
3d2d9228
350842f9
5c524ba1
4b3c8c5c
535b76fa
5e2a0ed4
34e91a40
594e0547
c18bb70a
183b285b
7dc9088b
24f4fe49
4aba8ad5
715ed2c9
58c18b63
6b6815b0
61882173
714a924c
556b8414
492b405b
2cdb8529
65174e50
993edc91
094d6623
7d19fb37
5c303f7a
fd52bf43
5345ac5f
2250fb9d
4f9738ad
3eb3a8aa
3e304d28
fa6df7fa
7d564eaa
c23c0d7e
6aac8cab
80cc6720
326d3741
6f67ac1d
0841e666
71b44aea
580a4e48
64796578
72043d61
b0a9957f
09ccf008
f1130e04
47b59c11
c3b69081
210b3d2d
29c2a951
7afbe358
72605c69
52a8926d
08f9a084
7e130964
8a77162c
3702f716
499b5260
7acfe95f
1a2150e8
241d051c
8bffdf44
70e29c2c
269b381a
62370358
0dea4dae
0503b5a4
df022389
1fe5ba8b
0fce69f3
191c215a
aa9d753f
5a9bd052
2d251bf4
4bf8a31b
71708fff
4e70582e
f88f8dcc
75ac065e
8d1095ad
335c4349
a3c78070
1fd484b0
bd513de3
38bb8acb
e323a472
2475f61b
072f3e1b
09afc448
c4b4bc0c
05c6b92d
d2d18186
59cf60a6
8104ced2
52490d3f
ed6df9aa
57b328e1
9e616720
26aab50e
0a2f0259
30f06fc1
4289d7b7
2b4acddc
8e702bbd
338837d9
dd59f38c
366d1699
09c99524
1a3fbf7d
4b452231
4804d667
ce151903
505188e9
4dfb55b3
76a68307
fc09d2fc
6647812a
f92b56b3
358cae40
f6eafc6f
3027ba7f
db4c9c3d
268b7a90
82a245c8
25a3882e
533832fb
7fce8f5d
e12147e0
1d9aacd7
c273cc66
2d7b7cd2
12916e2c
04e58e1d
6c7f19a0
369a8a6f
74afeb9f
577f21f7
ea496233
5e471c60
9d2ab9da
45448077
ceaac7d6
5627d846
ea3051dd
31e32e75
f7570853
3db67dc3
a24fc667
3c7b8fd3
d1418fe4
653e53bc
d2f5af78
077d98fd
e697f00c
240eb718
5e74dfe4
7439a98d
fbb5e423
78ee0bcc
1865380a
7276c0df
f810f3ad
7ea21c7c
60493096
0779f497
1c38614e
65fc60fd
11e38c3c
275e236e
3ef2f218
49a365d5
5ca4a5a3
5ef9dbbf
bb80b82d
4f680609
62704218
367c9e3f
01480889
38d684e2
94a49298
45f11ce0
397b2c01
47cae0c1
356b34db
3a80c527
7ba6fbf2
6a76c9e3
dc0bd271
498fee3d
c7149d3e
141a675a
b744fa79
576845f3
403f2d1e
612bf0e9
bd4dbd72
33e64832
5445d047
06bf33aa
0af1a86f
62570a2b
120b5596
280f49c9
6ff44a49
32797665
577a2016
55591b17
fff4b62e
726e70a1
7ecf3ea4
11c1c3fc
7da95936
5d14b504
e5de7746
611e94d9
2b036720
5d4d3354
41c0b046
694d68f5
0db8724a
31ac37a2
425d7c0c
65d1fa81
84e55a97
2d7b2c11
778f3486
5f3c59a1
bc1e20c0
2c7ad64b
9a1f0b9c
0b574833
20ba6c78
77f8e115
5e401026
35debf66
642b122e
6bff53d5
836b07cf
2b32d446
5979b362
18e1ba1e
67bea938
0c4e7f15
9605911c
65382c53
ce82c2ff
49a53ad0
a05482d8
281cef4d
d484821f
68f1d25f
f8f61566
2206e732
5a3b8e39
7e53e6f6
4bdeeae8
6b249171
7daa20fa
1cd12e41
52ccb6a8
46ccd63f
32a95992
648cf58e
f78eca96
11c1d699
6090549f
74e27dd4
be8c2944
3ce22690
09a02653
77119dcc
82d4f4d6
13544685
036aee52
7b23c351
2533a2a3
79acda54
5c199087
3343a386
83610d18
6eb66aad
e97d3976
400e5cbc
9d6fffb3
22defbd2
2a7c9753
0652a66f
afb81349
1468eb1b
06a4a700
2c3c40cf
0adf9204
3e485c7d
d1df7217
43594e00
772e1157
6dc30186
989ef485
1770e6d8
e9dd1446
1e597a2e
8387fe53
6f7b9bbd
13d259ff
269e8f8e
489b7a98
7def3a5e
27ae7ef7
7bc0b5d4
76c6c93d
25dc758a
ec23980e
48a82e61
1742ca7c
76534e54
d3ccd7cb
7b75140a
137e122b
5c93e7b6
0fda525a
65e5a103
0902028f
27cb8a6b
65ec5d1a
5a63d3e5
f893bf03
00298a92
8c2121ce
7469bef8
51605006
59574fbd
57573c8e
481d1058
6998cef9
130e5ea5
64dc26b3
115fb0da
c15db0b7
6a8a3591
24ec68d1
65ec0d94
a9ca3935
4a2e1508
4ebd5230
4437aa6b
b892bd51
2db2360c
ea807778
503b59f8
5b4d291f
61e3354d
79de7e09
44bb6882
5f30f214
2df8b317
8ed72888
6c5abf68
b36cb1e9
4aa43e30
b0cf50dd
19e50935
667797ba
72922f74
02d6ef26
33b30d9f
dae8ba68
59690d22
e21f8b83
09361d68
27df97ea
5465956b
339f40da
36036a1c
7531549d
4a019496
1158f393
4b743504
fb89c6b4
3f31b300
41c0eea0
2f0fb67a
ad0211ba
52c90974
a0b5852c
7e7465af
cd522e89
7f41c490
b88464d5
7b81496f
6031c966
025f05c3
0879acae
2e47d30d
31950641
41e2f505
64745ce8
4503bc49
67dc6018
73e64523
e90e9923
158b26f2
f69d5d44
6a2ff296
20c800d5
32269621
52b058b1
2d3ac869
8aa09354
6c35f369
e8043b78
068398e2
38833f7d
0ed16414
494bf71c
7da7d077
6a8e1f43
1e420c40
9bdf6ad4
5a4badea
1ff85105
35d11bc8
384482dc
550c7125
6906e498
4bb18ef4
cc826824
693552a9
a0e56f87
4f10caf2
35745f19
2da16991
6a444923
0b8fe3d9
8b447b8e
5b1acab8
ccfac451
57881739
b6685206
0801fdd3
f896b64d
0915cf3c
67bbbae6
215e3b64
ef152ee8
389e9bc1
8f61216c
0b9bd110
aa706b92
0a484782
9d20c872
6749666f
10993373
6cce886f
a8900036
2555e41e
a2e78b94
6f4e25b7
740f524e
7bbd00ea
168b1c68
01ee7ef7
f8c50931
273a0607
ce3dcebe
3ee9af41
e08e36fd
16bacc08
a33e7a2f
045c5f80
71e82c27
2be84ec3
c581c21c
47d8b198
f703ff51
7c1e9474
ebe2137f
3f2ff8fa
b0dab042
22d006df
e50d8d3d
25a081f7
78ace2fc
2224fb6e
b1d283b3
63a9cd52
0d4c8af7
0bbe7aea
9847af75
29566e80
53b5bd47
3e01a2ed
49979215
0f851699
7e50f489
7f09f517
d5fe058c
72db7b8c
b0276b72
718c0f52
70e42f6f
28f7b530
3a8b6469
1c4303d7
fc51c2c6
278e8453
d4e7dc27
47a970f8
3fd17409
305e7f1c
c6d4f897
1b254642
fe5dad60
69304091
c9605f4a
5f9773a1
9a1a7bc0
3c6cdf7d
7be8df2a
64066479
ff0e65a9
7d89e777
aa6651bf
026fc058
ad0e0053
0911435c
d2eae0d4
6cd1d3a0
efa355eb
15de0285
10cc6461
1a103f65
b76869d5
4e5802e7
bd445fa1
54ce2459
1b59d837
5c90ad4e
4e4cf0c8
533e59cc
cc561255
263acbb9
ffe39970
7ef79200
c11b0108
674aaecb
8b8a380a
727d095a
95d6ca91
03125c71
71230ad0
547741f6
966f0ca8
732bad09
372b95bb
1da3184a
c85e77b2
37314b5a
337aca16
3edbd082
f628596c
7a3986d8
8c24194b
232a7f74
04525d48
7ec3e716
c68e2e10
486b49c1
0c631b7a
2d3204d2
36c231cb
321cad7f
40e27f57
34cbe211
3269a9eb
5dac135b
0cde4296
54ed5460
05b8b0a4
1bb12b90
7f9ac17b
12317a3d
efefe9d1
0670befa
182682ea
63bf26f0
a0d97651
7b4b0576
f52adc0d
625f2dac
9555b9a1
6715b82c
f2b4a81b
4481815f
ee9e649f
44e19040
cef77e70
414639b2
d8b6b82f
7f720d2f
e0015cac
30da257f
ebf0129b
0ea7c5c5
4d867174
5d23f0fd
82235f18
1f424d6d
021b9ca2
2b30e310
9c91da37
1c2b1c76
7342bfb4
2a04477a
c3efe4a8
3a84be64
7ef83241
1e4ead1a
416a6dda
523b2435
71224f15
7d24338d
6492fba2
535fa9e6
1aa4acf5
6883e9c8
720397ff
09415977
47127790
610d6c71
3a0b4ada
3d72977e
c4837398
1ebea38f
863153e7
6a1b3499
9e5db4da
33884bd9
b3333288
293b3941
31644de8
6564aa67
e37f8714
36143ffe
ead865f2
0a88107f
9d35596e
1a2ff9f0
123302ff
658ce5ce
33a9acaa
30fb5cb1
1a61b4dc
5c125403
286cd6b4
5d7cf1e3
fe6f32df
1cb365bf
eccea108
249f1c07
ea26df5f
76bb3a1e
258fca1b
22fd313a
b15fee27
259c6887
e58a29e0
25d35655
3c563367
333e19eb
35a8630d
676d6958
17057994
2411e228
2d6e3ad3
2d865de3
65e4b1e8
690d6d75
60dca012
714112b2
0b322ccc
58f205c0
b1fe5443
70266a2b
f05366ac
7b67d7fc
130929cb
08e5019e
606db7e3
1fad732e
d7de181e
2fca6f69
122b75b8
684a1e88
388e86be
29254066
b46d99f9
4396030c
5b22d9b9
3458f8a0
680f4d2a
13571e17
73296500
64ae66b1
71344ddb
494245d7
d733316e
22e352cd
1d9879c2
453095c2
82bcb233
6e9bd476
554f75c3
51beacfc
bdf939b0
62be4f6f
bd1bef5b
42c03fc2
413d1ab9
2ed19544
bc45eb18
59e9348a
6106f6af
7626177c
e617118d
2670c7ce
2abff19c
2887667e
67eeb566
729645c9
52c7bf4d
09dfef08
829241fe
36f1a14b
1160614d
6e19889f
f7ad910d
52f25983
cd572ac5
3fb4d0bd
b9be9fee
0a08eddf
f4638fac
35109933
ab208a20
123335fe
1ada5937
701ec89d
4b5fb8d3
41108374
3592d6fd
1a148c82
f1a845b9
76e5bf8c
829a81e0
4e1e8151
ae439f1e
1443fb5d
6ec4c807
157fe3b8
16e7a89d
16be4ac7
2866c239
6ae0d48e
3aa5c3f7
2cbd61bc
562fa978
290421b2
00ba9837
1ab1e359
3f2ff8c5
43ee586a
4db0ad25
0d25dfe8
0feb7e04
20bc3a20
776e0600
7bd850e2
502ba19a
15adb0f9
79977ac4
5e7bd34e
1170e8e3
187acbaf
f5455c02
17a35279
ad583763
370d1a98
a5b818fe
2e4fc860
69fee25d
109fdb9c
b7c2bbeb
318c1b4e
330edf91
55ed7018
66e12520
17b02bd5
086b3d2b
22292b23
29f1bdcc
2de42646
c353eba7
399d2f42
79d46864
64ff1157
6fee4f0d
51fc6906
2d16d70f
4e099a2b
22974597
57443ba1
03b6ab6b
0cd1fd2a
4c0fa05f
1df60f74
b6061d9b
32a5c46c
bf26a45a
2c1cda37
f462eaae
3324214e
03006929
364a3475
c586b6c0
4cfd2bc9
eab435cb
2733fffe
835dae5d
605ffba5
0494c855
0f972d4d
ff61de49
060cfe50
d488727e
2e90be10
63cd0a0a
2331f787
4eb7ea8e
755046f9
e623f018
51b1e306
70cdc612
3bf330e9
76b86943
53dc5e51
bdc9333b
47677220
1720df3a
1024a83b
a6008555
6cc87589
68f167ed
54c23bbb
e3d1c0d2
0c664b9d
6652023d
66b3986a
d4e4c508
789ac4cb
794342eb
5d7c4d23
909ca54f
67856758
045a3ec8
6c8a6bdc
1587f4d6
04aff309
70cc2c7f
420979ff
12bc32fb
6b7d8b2a
dc6fcb26
66e7cf6f
6365e032
52cee36b
1c46662f
1281cb20
31312725
298c042a
6278e3e1
2ac6ec95
cf351801
31952912
c43da7b6
2ee59616
24ffba46
1c6eb238
d1a923ae
444014f5
02e83f5d
2b067cf8
f119840d
30d7d54d
5c4907af
3fd15608
4b526b03
5d69baac
2248c2e5
4ac79353
f518942d
29ae6891
64710af8
62c8305b
c556203d
2330484f
756449a1
5c9785b8
da57c6a0
702d95ef
08064460
5bafbcae
067d4aa5
15754ce6
87833558
157a2d53
97fa3415
31adb92e
880d1530
5da1d578
05de4d21
24923a2a
710dc290
319365fa
32703fed
17009509
405e3ac0
1373b55d
21f4ba39
58ae1631
58ed5396
60094f86
ce3c0ad8
117d88a3
6d2162ac
2929c4cf
18e318bd
2f0b425f
103e75a7
6ea39144
2e49a44b
1f700908
d4d3b97a
2de131b0
af216477
0784fce9
fe12b890
300f0d92
3e453c3b
00483d49
ebd673bf
32aeb601
fba074f5
540a1145
72f6b594
1e33f15e
39187b95
1996a832
6ce3e4fa
6278b501
f57d709e
42301ce5
9020c9fa
01a7cc62
83cbf040
6b42ca30
2889b15e
07caa6a6
33e5507f
7a7fcce8
36a17f3d
42272e55
8e243bec
33d88e07
76cf5b1f
7b54b1e8
72bc1cd5
32268825
24298ef4
0fdf9cba
ab498ea8
1b77da69
da8073cd
3d373696
57d04f45
09250e76
c95bd2ed
4315484e
039d6f62
6bacc114
18f9937a
2cfafd26
029f9ab7
31d923fa
95d4c810
03b5e9cd
bbb06e0d
3310c6a5
89c144ed
7dea0c96
370ecbf4
03694567
77bdd167
1fec5e8b
79b1638b
3baa7d55
01aa7b3a
6865c3a9
52e96562
7b219f98
a1198c78
1838f597
3a531fa3
1f1355b7
f39ae235
7b3eba0e
cf07f864
3e78a221
276c00af
2c7154d8
abb13f53
0cd38040
e601414f
006718f0
830f8e41
4e143e83
47d6f6b3
338345d2
eee621b5
70e1e22c
d5389bed
7de70ff2
7843327d
3d62a31b
b39322d8
49f8c1d1
5f6d0fe6
6c920885
24916909
4a306ad8
4dbaaecb
1a989a1b
69dd0040
6e006e87
98be83c5
2004e338
7c82cf55
09bd7ccb
27a173d6
69efa1f5
55f2a34e
7579bf5a
97f3cb7e
637c0eea
88355a14
79fe9513
cf4a7495
4a8d2e9d
f3dc19cd
1cd1972e
9d8a3398
743fb12d
71f2c39a
405c2bd4
264b400e
59d4859a
fed5a732
00e080c9
caeb0ce4
49f533fd
5761d68d
2ef48153
43973565
2b18c18c
f16b03ef
6138d6c6
a1a02bea
57093308
f2fa1d90
44a48f36
16ae0474
32365961
574287c1
67d4ad98
7bd14cf9
11c87408
e86a7e0f
74131901
0b348053
595932b8
27e238ef
32ab47dc
48f643d9
7b5798bd
27af06d8
4208f92a
a61c8ba1
223a7b6a
3cc5e6c0
01b4fcd1
ee9bf039
0ba900a0
c6601783
5b245ff3
12182212
630d03d7
a58f0bc5
287eda51
cefd25e5
4243e4b2
40c4be6d
455ce66e
a2224cff
21accb47
973c095f
4573817e
c49f16da
1dafdc18
e63af8f1
150b4ab8
2ca42e5f
49e35cf0
448d9b4b
3067d9db
a65ed3e9
7e3adb9f
1c521cea
24f12894
ef77ebcd
1260b01c
1ac0537c
0e18bb09
7da45e85
1cc518d4
c08fc5ad
339d2259
7a1c3141
2efd752b
66f95e93
1d138ab8
1fd88a9d
5295f873
2f153645
2299efbf
3b477bb4
5b1ed7d0
69ba60ea
7fc55e07
7db20676
1e2dc83f
d92f0681
3c412c9b
d46ea9a1
24def27a
038cac70
1ba20704
d5ffb34b
1eebccb1
0d5a7d78
7ba9efb5
7772fb45
57fac77f
9f1d0bdf
049bb626
5912a412
64f42376
cb80ffe7
6b96d751
4d86231c
23f3868f
766af6af
769ad234
7a52990b
7cd34168
725b08a3
5873ff5b
998cc8c1
772bfa62
3e009e5e
06bf73ac
502fbea9
73144ca6
a70d87e2
72c005db
f05d0fae
49073f76
864d4aa4
5ac7f1a7
6710d43f
0eb203c3
13760db4
3ece3a37
fd349c25
1660bd1d
6b9e375a
1b72789f
3a43456a
3357f63c
572dc74b
172e2b4d
52770139
30d49164
467ccacf
26e2db1e
bf84a2e4
40935a64
485606cb
440bf517
53aaa51b
04330418
636a7ba4
53c308be
f486a6cf
3c91459e
e447e641
6bb49478
163250b1
485b34b7
fb787447
7998ffe3
56181885
320e249a
5c9dba84
44acf385
868e9adb
17d0914c
5d5b52b3
280e0bb1
21bca283
592bcaf0
07e7e585
6c0338fd
f7a83b7b
5edde521
0cee5214
47af171b
c616f57d
1ac787d3
d462205b
440b4e83
318b0a56
1f0a0149
996330f4
6dff1095
c6a65c87
389a1573
f9575234
4b7b0ac5
91be493e
6400ba9c
403fddda
04e8ddbd
cd3fb506
794054f8
5b30cedd
0f9b0c85
6707768c
7402c0b5
75796eaa
6c55ee61
1994eb78
5a98ef8e
ba2ee6cd
4e344684
15030054
3ab49df8
0f466207
27346422
5c6ea9c5
228d76c3
26b8c18f
458e1725
6f1f622e
25e54b48
5235a1bd
5ea3a1cc
fa2ba6d5
62d6dfcb
a3318da0
40d84c5d
57cf73db
210f5f7c
423e7573
0428486c
e7d53582
6e3a99da
d7f385fe
40133373
9cb2a42b
169fabc0
23c70e33
3501a9ec
6fc0e182
4744a07f
4d632402
201c3fc5
b0c76b88
74dbd821
b20b5e46
0c022b4d
e1a02638
7e9b5589
e2fdd909
7272f2ac
ecacde32
13685ca8
bd004486
77fef07c
9bf1ecd6
41c10d56
e73decff
2faa9f86
e77b0326
3b95416b
14c040cb
1532967f
2786635e
2abed530
ef27fc2d
08de2214
f40810b2
00537f1d
81dcbe1d
213084ac
1d598b05
5829784b
cd3545d7
59db5acf
26061f73
11ffe24b
90e15040
7f81de39
65346cc0
3296809d
5ba9f1aa
54cf7118
42edeb7f
4070c59f
f05ef293
1b7bef4e
44db0300
501857c9
c4474ba3
75be1597
9f295591
1b763f42
0d8d6e3d
3311a0b6
f709099e
5f34f84c
3e0aa955
6893d579
759907cb
510d1c82
a03fd6a3
623936a9
5ed4a3bc
5cc0a562
a88ad695
37ef2f66
2fd578cc
4460fe7b
903c3b42
2c64c4a9
4fad9756
664d2b13
400199bb
19a5a300
3107030f
73174f96
6c2cf70d
0088f995
c43f9277
4e610772
ebf12cc4
5186748a
f1887271
71f5bdfb
5d8f3a69
4c7ae6fa
70e33590
7cdf4db4
0176bdf7
5843800a
22606c21
7da04139
3c223e1f
45bc43a5
b5035c43
34ee5ad6
a4c2fb8f
6b596386
ceb00d03
66615821
d92cd7fc
636e63df
ebda2f9d
31babc2c
5722663b
10a42a6c
98806a39
6dbc29c3
644a33e6
27b36510
7c420c93
1ead2e4a
04fd8c74
0191ed35
69eefeba
751f6a88
4acbd52a
53de1bc9
a2f60806
6b2e57dc
27296ddc
4abe6f84
555148d8
4696e21e
bf8a3362
50be5688
729cf252
5d1a989a
539cdfcb
26af8466
35594518
445f38e4
840801fa
79f7b926
5df8a45c
6a419216
3d138899
4d4cb478
a611de26
4046f2cc
09f62733
65c6e132
5a549490
37350d21
67788808
761128d7
66027f18
1d1eb138
54634922
09df4e2f
da65321c
086a06ff
d2765296
0df4a368
2c37db63
2acc64ff
3b748f0f
4a4d1be0
78f70579
1718a03b
87fea30e
313eea30
39dfcaf0
23abdc20
9a898104
61f044a9
1196d521
687eda26
4da663ab
734c1b95
d0222c2b
113ad996
a9d77dae
1911a6c9
a0608bf3
581b9249
96dfaa5e
3380c10c
7d5fa0ce
5e14fc7a
040d2764
66c06b43
08473cfe
036f42e9
f827e8ae
5477e2a1
c1049e97
7ad6b0c8
c7f01977
2f193add
abeac127
60c07db2
a8598b34
6e9e3b6e
cef47fe8
6ed51b49
98931aa0
64638229
4d057e93
457fd19b
ebd1c4d1
13f1f08c
f51b6bc1
4781a245
9ff3f135
6d0b5fdd
7d974337
65732cf3
a128bd0a
10b340dc
47ccd9b9
06f3d606
361be395
48b3be14
155d5620
11c26906
792d1cab
7bfa8e0e
65c26488
6b6e90df
32d4a029
7a15aae0
0e307755
2c66cd0a
dc69b90b
134e6d12
06c91da3
16110a45
492f4e8f
1d4f2519
e8985029
17fa4a31
859b0420
4653698f
5c1907a8
27a4c64c
c2476a02
2b6b40b4
cccd0a2c
58b4aa2b
9c91c41e
71a77bcf
56440c55
6843fef6
fa715cfd
50704414
4b58f1f7
3a3267ed
81207ba4
55120cd0
20660c20
6e76c4ba
7d21221b
59767fec
b29ee82b
63865715
643eb48a
67150e23
824e4889
2f4c0c7f
72e803f8
2606fdaf
91ef3e94
154475d5
8549d093
1bf7af00
430072f9
72efa1ba
80000dfd
3eea89de
bc71942b
33dc34c5
526a99a2
1546ba0c
ab3ea8c9
0016d1dd
49a0588a
281a3779
c43d1ccd
2740dfec
01c5993b
1f744971
6114ad22
616a5692
6355ec36
79e8bcab
0811b704
54f6d76f
57e0a0e0
536c656a
6578cc6b
5b7b2bcc
6181d17a
59992319
55f93ad1
4744f9d7
c946cc75
73e7c17b
b649829e
1401aabe
7c815771
7fbb8e4a
04283746
7750c0a0
37fe8782
780ef509
5f8b536c
29a95f39
a54498e7
6bb51782
87900289
7c3f810f
72178194
3414fa23
e00e7dda
6c99a271
14d76bf8
3fdd16d8
11eb3349
2a0bb3e7
7df8feec
504b2530
b5f3f3f1
7cfa1faf
d50ca1aa
31417968
de482494
14ffb925
a57e35dc
14378258
cee1d90c
1468205a
aaf37749
05702b17
cbcba8da
0f8bf0c1
b96bfe06
42a7e12c
761b20b0
1a3e8c83
7230a040
7a4edae3
cef2cb12
2c3e9887
1c57d8ab
5d7f052b
355dd84d
015e36eb
4da90381
3ea09fe2
0aa6d6a7
644898df
259a9da1
53b66bc1
73b480fa
00fa68f3
1e8626a1
3fd4a73d
5df19297
09b6eea4
7cfd2bb4
64187512
88b0a743
5d84480e
e2a54ea1
00a48768
455a21ca
77522aca
4c46eb36
3858f5ff
4f73d221
419a1db6
a7c386fb
2d0a1998
dfc1c6d7
1564d298
7e24b8bc
14856029
6b219908
35c6da2e
22495067
0da27741
8dcaa200
65db97d9
870e8b73
3e3dcf91
89e5f7b4
498878b0
7911bd35
2c1fb565
260f616f
47422bb1
9460f148
65d84ee0
cd86b688
5a42542b
5f510358
52b60988
ef101bd6
7d9e847b
b14f4a4a
5e2ec03b
7993d1d6
4fe3c023
cea45375
495b3c9b
a19fad5a
6dafe12c
3165ec67
49488ea8
4e32c030
75897e1a
a9522447
7d7bc7ea
7268195c
1395732d
2ee4973f
7f5fdbc5
07c09370
05ef6629
1c8c5399
2857e078
c511e006
572d0815
01853720
1455e964
3fd7de26
0a8dc19c
aec38ab0
45e5d8e1
f9a07559
247a9596
b4d5c524
3d445d6e
077f251f
0704a314
59cc6cef
1ed7d3ac
2d709c37
3200b2f1
c3dff3fb
3efacd3a
c275366d
30be85a9
ce7597b2
1e4dfc6e
bfb34851
61c3f3e9
1b8b7d8d
56f5d5bd
2a488175
46976d47
8bd53358
7a549cd6
60cdd4ee
68e4a588
f989dea2
6c8b520c
de993163
3b0f5e72
14073a96
5b9743fb
ab5c63a8
5892410d
ab56afa0
501d3a8e
4ec2ec98
6fdc4fec
d0052030
2862d168
54a456a2
31a3bb1d
5e7b3640
700262c9
654f38f7
4ed39a41
1f95431f
399c964b
6305864f
76e85414
22f100b8
44e08fb8
64b902a2
542dc807
b3f43da8
23879f60
a7645f6a
71fe7f17
585e09bd
78157ddc
041187c9
70872f72
f3d80242
154bc1dd
1c68c0a4
5db3db46
3b3267f3
42fde6f4
f5e4c75b
04f1afdb
68552cef
5c444528
4934bd07
76fd7004
ea9500db
5e1b0beb
4df3abfa
0bce6991
768c36f8
7ce42eab
8104944f
5b2d9108
7e0055f2
7910dcb9
cf74fb4c
0dcd30ae
9119579f
40b132ef
9e8f2fc3
7efa50e2
68ca0583
702db67c
bca10794
14d20f33
9509a014
7bfade2b
679f6775
02b7a077
211df782
1c73a1c9
acce67fb
38e29168
fd218890
31aba81a
27100f16
5bd7f819
3570a1ad
2fce9e74
6e6b17df
60c4e5e0
c6f1f54b
773bfbdf
6d29b655
731ac15a
a585323d
386b1a44
a58f6cae
0d582ca5
cd76fc65
41ee9a82
2ac0d11c
49286731
99b0fb4e
75f7886f
b993b3c0
6be49ed1
a010ced3
3126d0d2
5c7bf53c
787cb86e
5b0df33c
17d42fd1
ed71969b
6baa5ae6
b9c6bbc7
12979922
9180dfc4
19eddd88
6158870b
155e1deb
740d89ef
529f4df2
ec20b0cb
48d7df2c
48a56697
1b8faa4d
975a2fb2
48979c6c
50125501
6f9e1cef
3c820a23
0a23f221
414708ba
57b69db8
179a6705
1c56561b
25cdbbff
4fee765e
fb793e17
134ce7bc
7ebfb160
678df561
63b9aba0
5fa30c33
726ef720
2411033d
e89c2d19
6b5aef68
abdd6187
09618cf6
acf803f0
794c91f1
ee22d6ba
4dff1723
54e52ad7
64ad4d32
cf7e6d93
5a712304
27d62a48
7b610c0d
0b559a12
42947e2c
7e1e342b
61880421
c51a3963
7b644160
b0e7c026
12c4f4fd
ce23d80c
40c6c319
10edea99
2d1971c5
75dafd9e
65de8a24
326e05b5
2bd6ea45
63e45887
23b4f072
62007a9d
2faebedd
0d334f8b
3e7caca2
46597d73
7db59440
426c3d3a
6a55db33
aa84faf2
77b50721
b6fa34a2
115196f3
17f318db
5000ef34
b75dcd00
1c6adc5d
8414a234
419bf5cd
b037ce25
06492fca
753f5f74
3cb02284
b0f08811
7f06ee6d
a9aff266
5d18a305
fcd12a4c
4bee824f
6f46094b
7e5ffc7c
9f7a3833
1538ba36
ad626fab
051c2079
05a85ad2
6d2fab13
ad2a225f
72bbadbe
9fe4ff46
4b2b00ba
6038df94
09293da3
2ec6fd00
3d7b9fe9
8d28c421
61ac0e02
4d284e2c
2c422bfb
d4665b25
40ee959b
9a09e488
52c5ee61
1e933152
21f3772d
e188110a
1bc197cc
fb28101f
4dcefecf
3f45f9ec
0a12c299
5dcc8e94
5f0708f8
88e1cbd8
6674c160
7a6e48b8
57c07e39
b6aecd8a
7b58e4d7
786bffbb
55922d29
b2d85759
1df8b9e4
b41e5e91
42992c9f
7b69f333
774b6c30
52ed1bd1
39cf7704
16d91b52
76ada763
f77c29d6
5ade169f
a7498032
5b6316b7
31e3d7d9
2087ed07
fc62427f
6782d82d
56acba72
5730a28a
d1054fc9
13774350
f4e01e0b
531696b6
100c354a
23d5e037
56a36134
08cf20d8
4cf4fdf0
713e8a0d
2f51c148
486dcaa2
85cfbf80
5707186a
74636ca4
1aa9d26e
ed544b17
1f2114c0
33a7b9cf
7bda8b6c
9cde687e
10603ca3
541fe367
1a2d5274
d9d86d2c
2e33d3b0
6a1ec5ca
74338e7a
bf492881
4f1ccc66
330263fc
21a91ea0
e3ae9ed9
5e4fe286
d9f26cbd
09a56250
76382812
4ff673a7
2bdbce13
329c5788
c8d7aaa4
5882d51c
de0da589
6b4a144d
b477e15a
7093acdd
912eac4d
1c4f9c24
2e801ea8
59c5d5de
b48c4111
284bc2ca
10830bb5
052eb08d
4835cd1f
55f6cd8f
64cd1780
50c13355
2a3b67d4
7940b312
d870e876
0359c779
16335239
730cb206
0131fad9
2734b3aa
4197fe56
72691248
3b08e491
67e8550c
c963bca5
290604c7
4d30c821
64961d7b
287569c4
68ad49b5
072d3e62
0a686b44
fac64f7c
7406c5ec
47aae360
686329f5
deac4880
1ba81935
98994214
6dbed7e7
96129dc1
03055fa5
d5a13375
2c872632
aafe56ee
16cec967
603107c6
0ecbf37b
6cddc400
1e5b319b
50b770aa
45382550
3068bf79
0367ec98
ad5174e9
03716b8c
18d29fbb
2373e6e8
824cf385
4edcfe01
a0b521ee
51433103
06799c03
0f88d088
c85f34c6
52a83b99
8c19d117
23bc2f11
ce85da10
42d06c10
afa3133b
0d4ca0b4
968c177a
776e47fb
b1d0a18c
5351c831
a21669c9
00e9663f
5504bacf
132201f0
abad2554
5562f2b3
8de94482
7244ef04
9f31dbc2
3c078e75
744817ca
321cd6cf
5b3a7484
342acbd0
b71cd03c
0a2f6bcc
dbaa86c2
4398137a
275ee41e
4fd7b5e2
6910d945
29f6bf1b
0ec9187f
0c3be1e7
f1b7fbaf
09699f34
39e450b7
03a31abf
de5bdc61
20df86e6
07732b4f
2fbc0bfd
c0b000c1
62a268a8
59773ebb
54e38a9a
49bbd01b
1fd1a26b
4b070d15
02336402
cb2d0b90
4e22ee6c
b010a5ba
60149f04
e782ef2f
7a8efbde
55477ba2
04519940
611c056f
46380024
3b6cb741
09dbaa23
97bef19c
1050477e
ebfe1dd1
599a54c7
a0b21185
48826e43
3c0e20f2
48659811
2e78801d
35ef0c18
24eae95b
38fdb3fc
77c34873
231ced8c
6092e2b6
4e183473
c2425740
46fca7c1
7f082724
2dfece64
ea6c992b
77ac76ad
663c4866
0f8b42b0
cb80b383
5c803ba7
89ee67a0
3abb6ec7
747844f5
4593bc5c
987ad5eb
6459e94e
33e1be3e
3dcbfe69
034fc473
3a6cb3cd
28fcd1f0
7cc8b443
17ccb716
285e54a0
8d1c5f43
4295adfe
934d384d
2013479f
9cd1bffc
3d74e2ae
5f5153d5
60a9e76a
a340fe08
5a67fb13
c07c9651
499cfbd0
85aa8e19
10c8a759
06537002
6f49f1d2
ab564246
2bf1c22a
92f733cb
0f391701
e16403b5
2ce04b18
4cb374cd
3aa04762
87980319
3a62934b
c06c98a5
4b9ff476
dcd78676
212886d1
4a29f1eb
6f00720b
3ed3d340
3c2a0173
d0fe1883
559351dc
4be85e07
16be0cc3
2155186f
70d452e4
751f6337
6656c0bc
c14ac1d3
7b5aca7c
92c975de
602019fc
f18dcb5a
437254f2
44e16f5e
3c45208a
33f3fc64
6f56b191
44899630
01d651d8
0aa2f65c
07148369
35e384ff
18be8062
8e8d8b41
1d610aa2
a4fc9603
167b084d
a6b1361c
48c82992
99a32f35
55b3a848
75d2ca64
1af6f879
e8ca573f
4897d96b
ee7a9a3a
49c6d2ba
4d458e19
31477e28
3b30ae8f
6830e878
9d4006d7
4244a13b
e4697c66
36604149
6ade2b91
487cb187
f78e1630
6189141f
08c2f80a
46a1a0c8
6d8ba512
40975b91
713ed502
2e8212f3
b39cbb4f
078e9e14
45329d61
0341d861
eb5456e7
74753467
5469fb81
7345dcf2
7ae7bb5c
45bc415b
8ef810b6
0cf8c8c6
5d10e809
4dd18f4d
8194a04e
29d85c31
b67a1b32
09ff4ee3
f930b14e
1f657e53
7494934c
00c31999
6fc71f2f
1c3343c2
597f0f74
1012456a
25ff24b8
2547859f
e94afead
544a189b
3f18ea4b
04b273fb
5310bfdb
7570b566
30bb410a
126165a2
bc4c8666
0d6e1442
091584f1
2f07dc93
d96af3c4
57b470cd
d5ec110c
1cb808b7
0a88e4e6
2b6bddc8
fe90eea9
40a7f79f
62b2de1b
70c713fc
df796761
5fe45358
5c7293b0
68f07193
814c4d6a
68c452de
4fbb98eb
269e2c32
6a877e19
438a99ed
4fff4f90
286c33ff
23829542
2f948786
8761e656
30c61d40
65de3b90
743ff392
426a959f
226c9e6d
571e0f4c
1d8eaa35
4771f397
6311a71f
c2615fb4
138984e1
555b40c2
6758a9df
0d66d2d6
0f8c5635
39727b49
5e6e7138
b63e2ed3
2a120aa2
76efb790
6a42624e
946d27df
42e252a3
1831e0cd
1234e207
94a32ef3
40bed8a6
a63ec7c9
43647232
97826696
0b50f19a
449cfa55
5f6b3480
b675798f
270cae9c
3ac9a281
5b6ae570
963d4c87
5e8540ee
8da8d5f7
3dec0421
72ca4a89
6f1ceb09
f959bc6a
20c6ec9e
70dcdc8a
7593db67
81c1a280
3a8ab726
b514e576
745e9924
5f6d31a4
469a6555
e816f9a3
66ecc656
8b7e9530
27c9e967
6b4247b2
785b78b8
57cfe325
5f171a7f
bc9b9d59
1e3684e3
58cdf580
0a24b75a
3b85843d
3f211f67
a1001870
6038ed88
c0ab7427
3bedcb6c
ecb23716
555372b8
d33392c2
61d1c7c0
093cbbc1
1e0e4d06
0b55d8d9
75891933
f8f090d8
6fd94912
363eaf39
42aad288
d8eacd5f
7995cfde
a707bbd3
3c765acc
16c5986a
63d7ea68
ba6192df
1c38a99d
228d32cf
7a9cc746
b09f7f77
2b22c62f
72784df5
721c4bc5
496bc79f
1b6627ff
fc132328
6d6279d7
7419471f
5c95933c
6b4c1979
35f926fe
54a71dde
423db878
7a972d44
4a99ece7
18bb07ef
4718eab5
08504c60
630fb00b
892ea305
081523d0
c98301da
0f26700b
8a48f97c
623916d8
164a382e
7e789b72
df7e3d19
3c953620
e970346a
148a0ed5
18d00669
495ea9dc
0ffbcec1
3cdbe502
ad6ed774
0cf4a1c4
6ad9c5ff
3e54439a
b90c9f20
5667e27a
67088a79
624cc1a7
1f0e5f0b
3542af90
20279327
7347de7d
5f5284fc
77acfe86
ae516d2b
18e9aa4e
d4400a0d
40855cc4
858862c5
7e1b94bc
0f8194cb
43ca6e31
1e1d105d
12eff51e
52e7a415
3807e3da
759dce12
481f46d7
ad97cd40
548e930a
0422d202
319bdc25
7a9b2bb1
61522611
cb8b172b
16a74b30
7de68162
030a53b2
8a42abb0
16f3ef37
c800c7d4
3e959391
18309c70
0aec8994
dcdfea35
1f6bae60
fcf737d5
274240ec
71d7b649
4ba1de25
c30d210d
1eaea60e
06353857
1ac4ebca
5264b790
6cbef559
3648a89d
60f69e88
18ecb306
57180954
fe36818d
01b0e7aa
3751a22d
073b9414
f02f0f2b
0b85c464
3861541d
433ad99a
71b68c1d
47894e9d
879bfe4a
189edcfb
0b9a7e15
1598b4d9
d794fca3
696102ae
de707ef6
562e0a05
f6793d72
53627327
a96d4ef3
01588e49
81e44666
5f405f57
7c416d62
3cd5ed2c
f2d1675e
2e16b41f
97ce9c60
2a278809
0d4897c5
13c041ba
bc16a42f
5eb2c15f
e768b255
1dfb4f63
913e51bb
6f2a26bb
6289bee3
4a1cab71
34bf01e6
58c68c67
862a2109
296f771f
7bde0382
2cb5e6fb
dd6cedeb
33be0ac1
f93f71cd
26fa6bef
7e3e7572
639994a0
148bceb1
39176d95
8084c797
251dc644
464124c9
03f19d32
a1d2dd1b
39adf050
66be8876
5f0db2be
680532c5
421725ce
94d8579a
26d9a72b
a55e720a
74ffda93
4eb36bd7
329d20a4
3ca504a4
03dde3b2
70691e7e
66d8940c
024af4e8
272697de
fa993d91
5a2180a5
130c4fd4
5bcd8336
ed7dd706
17328ba3
39e5ce44
634aa63b
8aa35db4
4a53e665
c769acfe
78a96614
e51f8f22
0d7acc2f
ff445201
6d0d8002
2d55827d
4730ec4f
c31c5795
750e7693
e8a1a6fd
1c5d59aa
4e645f4e
7c66430e
17532df8
170248c9
92f8515c
2fabd9b0
25bc9dd2
454e80cd
78e9ba82
015546a6
d821c8ad
73af7f11
0e35513d
30dde7db
27ac3644
3ca01f20
edaac2c0
37a78d8f
d06429ba
552984fc
dd3ef368
327225d3
dcf56d28
5bf585b3
0612f84e
7f77f1eb
7246883a
0d38401b
14aa8f59
3ddb43bd
fbf5e739
38ecaf00
7adea0e3
55905226
112c912f
56dbc16c
1b001ce8
50cf7625
626a3e2a
0e265610
c223f999
3f76bef9
8b1254d7
4b755752
e477c5fb
7cdf6a28
aefa822c
526806ac
75afbf3e
58ddfc10
11a26d18
1fecdb33
0c42a788
76a30903
2361eb21
0e6f8b8f
3014061e
4704ab1f
8cd5813d
2146fa62
82247f1a
70d23e10
4a4af00d
01851067
244c56ad
4e6671ea
8bd56097
195e20ed
2aa060fe
2e440aa0
11f3788d
4f57c59d
f543209e
7d6a3084
76081835
33c3b8ec
f13ee84b
7a65ece4
eb0d1deb
32cd102f
74652ea3
145e5885
2cb37ae2
1c5c97cb
80907244
4b2bd94e
44652609
42cc5b7e
eda75ee2
2d3036e9
5f561948
14109cf6
ded8ecfc
28df280b
3483dd6d
57466fa2
0819a1a8
2c6d0f3d
8aee7e25
644b5a85
c7fa1fb8
3a983e55
fcc9342b
1429c884
dc87d788
122ba70a
ca06bc2a
1fe2e3d0
4a2d41a0
4599e33b
542ced59
0719290b
984caaa0
06bb9b9f
63a0c9bd
3704b87f
b502b369
2efe64d4
ddc980bd
35a0d828
f5f97c8f
423f0871
6e6ed437
306b84d5
930906f7
0ead66fd
0a392657
6114016c
bdf133f0
262e6699
dac80950
6496b827
f9fc9683
0b105a00
972a4098
2e6f2138
4b5c6622
6a1ed4b3
c051d9ac
560f067f
5d8d7d0c
31067130
73bc6760
7b16d0e0
34dd888b
55f4342f
1643244e
189f535f
b07c2630
0bf69d81
8b2a54b0
54498825
42a844cb
1d9d8a6f
5eb5f85f
047e5ad3
80c03258
13dd01e6
b917217a
52c7479f
7aecb950
2c99bf75
643c0ee5
0f0fa771
3706dc92
4be409ab
38a646a3
695cca35
f6ad60bc
3bbbed8c
74d63ed0
528c7688
b64b3b82
220430b5
e3fd559b
5adf6511
9c05725a
32a79ff1
2df62521
14a6cb44
05900473
13dffd87
942ebe03
3d274333
e7e980a2
789ae89e
cbddbd1a
6a53927e
c25c8c95
3c562885
783f1050
0b70e98b
6b7d908d
0bf676b4
f18c2a2c
1d30f4ff
952507ca
4b50d147
721a76de
01ed4420
950aa7a8
6ae272b5
a69a482f
140fd7bd
b891e9fa
53bcd15d
e98a3cf1
378cae71
c6b00ec7
72b260b0
47ec01b4
6174079c
f9ff5ba1
17435b88
c41ae818
169bf0b9
6706f854
365ddc43
c3286ad6
66f9d29b
c0de06c4
7db03c88
c5a4dc1e
4a16f5c7
9dccd133
341b05eb
4a957519
192c3aa8
dfaeb0a3
6d22bdc9
da601041
2e69dc04
86c2c9e3
189b7b14
3c1c9bf4
65722fb7
789c8430
2bc03665
374540f8
50fb150a
eb9b51b7
4cc68e4a
18a3ccfd
7876ed06
605faf7f
47ee75e4
dcf9ae14
09da41d6
fdc754e7
2c1ae194
41b54839
533c8844
342e7790
08e96e9f
5c9ae291
157aa613
92c01b4d
4cc45274
16c06963
6c23b0a1
e8ce5511
57fc68d0
64dfc3d1
0d54e211
13a52930
233aa6bc
c2d27d25
10a5f33a
3be82003
3d2e64cc
dbb6c58a
76d1d5b5
77c0a944
66e04743
0adf9d7d
41bedad9
610746c3
5156bb24
a0d1a157
759fb9b4
3dbb4864
303d6f08
d0c492f8
4927da04
89a4f7f5
16ea6997
a19136e0
568084b3
ec846a8a
501c3984
dae32cf4
5a009786
d3cecaf5
35abc394
6f60b4df
2562e675
343a3078
002333c2
049fc89b
6d9d458f
b56be763
513b03e5
54db1368
26b050fb
8c3003dd
3ddc5f29
3969fa24
2cd769b3
c3ee1598
63b811ce
f33f5906
28930d50
d6faceca
5bfc3fdd
c7254cb6
56b3483d
8c7ac95f
61fc2236
c2db41fb
3370734d
abc07e72
20acb260
c2e3cd43
5f5cf7d5
d4e3d033
2a45edec
4909d115
240206ac
2bd99a47
70598f87
4fc2c715
780a4aff
49d145b6
131e05a0
faf0408e
522f82ea
5a3c69f4
109863fd
b14c3ca0
3b1e2027
025bcdfa
24abd693
fd9c9d07
399ce49b
f55ada14
27b38468
0e58881f
43d0b1ec
525069cd
40a612f3
0d49114b
48fad444
fac4bc7a
3d2cfce3
220b795c
480aa777
d44f36f2
227834e1
a586ff3b
4371b71e
271c87c1
119c91e2
51718933
49e62f80
213a2fa2
3cf99ec7
4beaa964
7a63347d
4b256ec2
3c694d24
30813037
7b370809
d0f52d88
41528aa8
4e9b28dc
163fa2c7
c29f7f96
5a2de687
bb077282
7d41255c
c344338f
4844e55f
50c845e0
348af031
b6f5224b
61a73850
b108ff45
79591f24
0cd3f09b
03e3d87c
e16c0929
09f553c2
d49ebf5a
0547a7ee
16c125d5
0f31f0e5
3d944df0
50e5c97e
364177c6
784f31a3
c81aeb06
5269aaef
7cb53570
54f478f2
949a6d4b
6b8d7918
3d0ec887
0672d553
799d5590
30d11363
4e59f022
6bbbb008
cc1fc6b1
118ec9c3
9169ad95
275acf16
c3e18ef5
6b541416
6507c14a
5b5ebf73
6e8229c3
6c50a906
1bef6cec
4526611f
abe49628
34cbb227
5e4d191f
2e25d8bc
3f541dd2
580f3962
e8ac08f8
0ec79e80
dc8cb108
7a2314ad
b0fea2aa
2bea81ae
fe5f1899
6447587d
6500fc09
39b102fe
4fb7b7f2
4f1cad91
3a65dc4a
3ac059d3
04bb243e
0b0b006e
ee7f0109
22356042
c6c1d890
12c9072e
ba7b006b
21710f2c
b068ff1f
725adfe3
acdb44a6
2ae0a1cb
16ebe90a
14cf055a
c23eef9a
48f20e6e
fffd4205
6aa7362f
00000000
00000000
00000000
00000000
00000000
00000000
00000000
00000000
00000000
00000000
00000000
00000000
00000000
00000000
00000000
00000000
00000000
00000000
00000000
00000000
00000000
00000000
00000000
00000000
00000000
00000000
00000000
00000000
00000000
00000000
00000000
00000000
00000000
00000000
00000000
00000000
00000000
00000000
00000000
00000000
00000000
00000000
00000000
00000000
00000000
00000000
00000000
00000000
00000000
00000000
00000000
00000000
00000000
00000000
00000000
00000000
00000000
00000000
00000000
00000000
00000000
00000000
00000000
00000000
00000000
00000000
00000000
00000000
00000000
00000000
00000000
00000000
00000000
00000000
00000000
00000000
00000000
00000000
00000000
00000000
00000000
00000000
00000000
00000000
00000000
00000000
00000000
00000000
00000000
00000000
00000000
00000000
00000000
00000000
00000000
00000000
00000000
00000000
00000000
00000000
00000000
00000000
00000000
00000000
00000000
00000000
00000000
00000000
00000000
00000000
00000000
00000000
00000000
00000000
00000000
00000000
00000000
00000000
00000000
00000000
00000000
00000000
00000000
00000000
00000000
00000000
00000000
00000000
00000000
00000000
00000000
00000000
00000000
00000000
00000000
00000000
00000000
00000000
00000000
00000000
00000000
00000000
00000000
00000000
00000000
00000000
00000000
00000000
00000000
00000000
00000000
00000000
00000000
00000000
00000000
00000000
00000000
00000000
00000000
00000000
00000000
00000000
00000000
00000000
00000000
00000000
00000000
00000000
00000000
00000000
00000000
00000000
00000000
00000000
00000000
00000000
00000000
00000000
00000000
00000000
00000000
00000000
00000000
00000000
00000000
00000000
00000000
00000000
00000000
00000000
00000000
00000000
00000000
00000000
00000000
00000000
00000000
00000000
00000000
00000000
00000000
00000000
00000000
00000000
00000000
00000000
00000000
00000000
00000000
00000000
00000000
00000000
00000000
00000000
00000000
00000000
00000000
00000000
00000000
00000000
00000000
00000000
00000000
00000000
00000000
00000000
00000000
00000000
00000000
00000000
00000000
00000000
00000000
00000000
00000000
00000000
00000000
00000000
00000000
00000000
00000000
00000000
00000000
00000000
00000000
00000000
00000000
00000000
00000000
00000000
00000000
00000000
00000000
00000000
00000000
00000000
00000000
00000000
00000000
00000000
00000000
00000000
00000000
00000000
00000000
00000000
00000000
00000000
00000000
00000000
00000000
00000000
00000000
00000000
00000000
00000000
00000000
00000000
00000000
00000000
00000000
00000000
00000000
00000000
00000000
00000000
00000000
00000000
00000000
00000000
00000000
00000000
00000000
00000000
00000000
00000000
00000000
00000000
00000000
00000000
00000000
00000000
00000000
00000000
00000000
00000000
00000000
00000000
00000000
00000000
00000000
00000000
00000000
00000000
00000000
00000000
00000000
00000000
00000000
00000000
00000000
00000000
00000000
00000000
00000000
00000000
00000000
00000000
00000000
00000000
00000000
00000000
00000000
00000000
00000000
00000000
00000000
00000000
00000000
00000000
00000000
00000000
00000000
00000000
00000000
00000000
00000000
00000000
00000000
00000000
00000000
00000000
00000000
00000000
00000000
00000000
00000000
00000000
00000000
00000000
00000000
00000000
00000000
00000000
00000000
00000000
00000000
00000000
00000000
00000000
00000000
00000000
00000000
00000000
00000000
00000000
00000000
00000000
00000000
00000000
00000000
00000000
00000000
00000000
00000000
00000000
00000000
00000000
00000000
00000000
00000000
00000000
00000000
00000000
00000000
00000000
00000000
00000000
00000000
00000000
00000000
00000000
00000000
00000000
00000000
00000000
00000000
00000000
00000000
00000000
00000000
00000000
00000000
00000000
00000000
00000000
00000000
00000000
00000000
00000000
00000000
00000000
00000000
00000000
00000000
00000000
00000000
00000000
00000000
00000000
00000000
00000000
00000000
00000000
00000000
00000000
00000000
00000000
00000000
00000000
00000000
00000000
00000000
00000000
00000000
00000000
00000000
00000000
00000000
00000000
00000000
00000000
00000000
00000000
00000000
00000000
00000000
00000000
00000000
00000000
00000000
00000000
00000000
00000000
00000000
00000000
00000000
00000000
00000000
00000000
00000000
00000000
00000000
00000000
00000000
00000000
00000000
00000000
00000000
00000000
00000000
00000000
00000000
00000000
00000000
00000000
00000000
00000000
00000000
00000000
00000000
00000000
00000000
00000000
00000000
00000000
00000000
00000000
00000000
00000000
00000000
00000000
00000000
00000000
00000000
00000000
00000000
00000000
00000000
00000000
00000000
00000000
