Copyright 1986-2022 Xilinx, Inc. All Rights Reserved. Copyright 2022-2025 Advanced Micro Devices, Inc. All Rights Reserved.
--------------------------------------------------------------------------------------------------------------------------------------------------------------------------------------------------------------------------------------------
| Tool Version : Vivado v.2025.2 (lin64) Build 6299465 Fri Nov 14 12:34:56 MST 2025
| Date         : Wed Sep  9 10:44:54 2026
| Host         : khwl-ThinkPad-X1-Carbon-Gen-13 running 64-bit Ubuntu 24.04.4 LTS
| Command      : report_timing_summary -max_paths 10 -routable_nets -report_unconstrained -file RV64I59F5SPSoCTOP_timing_summary_routed.rpt -pb RV64I59F5SPSoCTOP_timing_summary_routed.pb -rpx RV64I59F5SPSoCTOP_timing_summary_routed.rpx
| Design       : RV64I59F5SPSoCTOP
| Device       : 7a200t-sbg484
| Speed File   : -1  PRODUCTION 1.23 2018-06-13
| Design State : Routed
--------------------------------------------------------------------------------------------------------------------------------------------------------------------------------------------------------------------------------------------

Timing Summary Report

------------------------------------------------------------------------------------------------
| Timer Settings
| --------------
------------------------------------------------------------------------------------------------

  Enable Multi Corner Analysis               :  Yes
  Enable Pessimism Removal                   :  Yes
  Pessimism Removal Resolution               :  Nearest Common Node
  Enable Input Delay Default Clock           :  No
  Enable Preset / Clear Arcs                 :  No
  Disable Flight Delays                      :  No
  Ignore I/O Paths                           :  No
  Timing Early Launch at Borrowing Latches   :  No
  Borrow Time for Max Delay Exceptions       :  Yes
  Merge Timing Exceptions                    :  Yes
  Inter-SLR Compensation                     :  Conservative

  Corner  Analyze    Analyze    
  Name    Max Paths  Min Paths  
  ------  ---------  ---------  
  Slow    Yes        Yes        
  Fast    Yes        Yes        


------------------------------------------------------------------------------------------------
| Report Methodology
| ------------------
------------------------------------------------------------------------------------------------

Rule       Severity  Description                                                Violations  
---------  --------  ---------------------------------------------------------  ----------  
SYNTH-5    Warning   Mapped onto distributed RAM because of timing constraints  2048        
TIMING-16  Warning   Large setup violation                                      286         

Note: This report is based on the most recent report_methodology run and may not be up-to-date. Run report_methodology on the current design for the latest report.



check_timing report

Table of Contents
-----------------
1. checking no_clock (0)
2. checking constant_clock (0)
3. checking pulse_width_clock (0)
4. checking unconstrained_internal_endpoints (0)
5. checking no_input_delay (2)
6. checking no_output_delay (9)
7. checking multiple_clock (0)
8. checking generated_clocks (0)
9. checking loops (0)
10. checking partial_input_delay (0)
11. checking partial_output_delay (0)
12. checking latch_loops (0)

1. checking no_clock (0)
------------------------
 There are 0 register/latch pins with no clock.


2. checking constant_clock (0)
------------------------------
 There are 0 register/latch pins with constant_clock.


3. checking pulse_width_clock (0)
---------------------------------
 There are 0 register/latch pins which need pulse_width check


4. checking unconstrained_internal_endpoints (0)
------------------------------------------------
 There are 0 pins that are not constrained for maximum delay.

 There are 0 pins that are not constrained for maximum delay due to constant clock.


5. checking no_input_delay (2)
------------------------------
 There are 0 input ports with no input delay specified.

 There are 2 input ports with no input delay but user has a false path constraint. (MEDIUM)


6. checking no_output_delay (9)
-------------------------------
 There are 0 ports with no output delay specified.

 There are 9 ports with no output delay but user has a false path constraint (MEDIUM)

 There are 0 ports with no output delay but with a timing clock defined on it or propagating through it


7. checking multiple_clock (0)
------------------------------
 There are 0 register/latch pins with multiple clocks.


8. checking generated_clocks (0)
--------------------------------
 There are 0 generated clocks that are not connected to a clock source.


9. checking loops (0)
---------------------
 There are 0 combinational loops in the design.


10. checking partial_input_delay (0)
------------------------------------
 There are 0 input ports with partial input delay specified.


11. checking partial_output_delay (0)
-------------------------------------
 There are 0 ports with partial output delay specified.


12. checking latch_loops (0)
----------------------------
 There are 0 combinational latch loops in the design through latch input



------------------------------------------------------------------------------------------------
| Design Timing Summary
| ---------------------
------------------------------------------------------------------------------------------------

    WNS(ns)      TNS(ns)  TNS Failing Endpoints  TNS Total Endpoints      WHS(ns)      THS(ns)  THS Failing Endpoints  THS Total Endpoints     WPWS(ns)     TPWS(ns)  TPWS Failing Endpoints  TPWS Total Endpoints  
    -------      -------  ---------------------  -------------------      -------      -------  ---------------------  -------------------     --------     --------  ----------------------  --------------------  
     -1.398    -1047.073                   1424                92814        0.090        0.000                      0                92814        2.633        0.000                       0                 11624  


Timing constraints are not met.


------------------------------------------------------------------------------------------------
| Clock Summary
| -------------
------------------------------------------------------------------------------------------------

Clock                 Waveform(ns)       Period(ns)      Frequency(MHz)
-----                 ------------       ----------      --------------
clk                   {0.000 5.000}      10.000          100.000         
  clk_out1_clk_wiz_0  {0.000 12.500}     25.000          40.000          
  clkfbout_clk_wiz_0  {0.000 25.000}     50.000          20.000          


------------------------------------------------------------------------------------------------
| Intra Clock Table
| -----------------
------------------------------------------------------------------------------------------------

Clock                     WNS(ns)      TNS(ns)  TNS Failing Endpoints  TNS Total Endpoints      WHS(ns)      THS(ns)  THS Failing Endpoints  THS Total Endpoints     WPWS(ns)     TPWS(ns)  TPWS Failing Endpoints  TPWS Total Endpoints  
-----                     -------      -------  ---------------------  -------------------      -------      -------  ---------------------  -------------------     --------     --------  ----------------------  --------------------  
clk                                                                                                                                                                     3.000        0.000                       0                     1  
  clk_out1_clk_wiz_0       -1.398    -1047.073                   1424                89567        0.090        0.000                      0                89567       11.250        0.000                       0                 11620  
  clkfbout_clk_wiz_0                                                                                                                                                    2.633        0.000                       0                     3  


------------------------------------------------------------------------------------------------
| Inter Clock Table
| -----------------
------------------------------------------------------------------------------------------------

From Clock    To Clock          WNS(ns)      TNS(ns)  TNS Failing Endpoints  TNS Total Endpoints      WHS(ns)      THS(ns)  THS Failing Endpoints  THS Total Endpoints  
----------    --------          -------      -------  ---------------------  -------------------      -------      -------  ---------------------  -------------------  


------------------------------------------------------------------------------------------------
| Other Path Groups Table
| -----------------------
------------------------------------------------------------------------------------------------

Path Group          From Clock          To Clock                WNS(ns)      TNS(ns)  TNS Failing Endpoints  TNS Total Endpoints      WHS(ns)      THS(ns)  THS Failing Endpoints  THS Total Endpoints  
----------          ----------          --------                -------      -------  ---------------------  -------------------      -------      -------  ---------------------  -------------------  
**async_default**   clk_out1_clk_wiz_0  clk_out1_clk_wiz_0       10.286        0.000                      0                 3247        0.820        0.000                      0                 3247  


------------------------------------------------------------------------------------------------
| User Ignored Path Table
| -----------------------
------------------------------------------------------------------------------------------------

Path Group          From Clock          To Clock          
----------          ----------          --------          
(none)              clk_out1_clk_wiz_0                      
(none)                                  clk_out1_clk_wiz_0  


------------------------------------------------------------------------------------------------
| Unconstrained Path Table
| ------------------------
------------------------------------------------------------------------------------------------

Path Group          From Clock          To Clock          
----------          ----------          --------          
(none)                                  clk_out1_clk_wiz_0  


------------------------------------------------------------------------------------------------
| Timing Details
| --------------
------------------------------------------------------------------------------------------------


---------------------------------------------------------------------------------------------------
From Clock:  clk
  To Clock:  clk

Setup :           NA  Failing Endpoints,  Worst Slack           NA  ,  Total Violation           NA
Hold  :           NA  Failing Endpoints,  Worst Slack           NA  ,  Total Violation           NA
PW    :            0  Failing Endpoints,  Worst Slack        3.000ns,  Total Violation        0.000ns
---------------------------------------------------------------------------------------------------


Pulse Width Checks
--------------------------------------------------------------------------------------
Clock Name:         clk
Waveform(ns):       { 0.000 5.000 }
Period(ns):         10.000
Sources:            { clk }

Check Type        Corner  Lib Pin           Reference Pin  Required(ns)  Actual(ns)  Slack(ns)  Location        Pin
Min Period        n/a     PLLE2_ADV/CLKIN1  n/a            1.249         10.000      8.751      PLLE2_ADV_X1Y2  clk_gen/inst/plle2_adv_inst/CLKIN1
Max Period        n/a     PLLE2_ADV/CLKIN1  n/a            52.633        10.000      42.633     PLLE2_ADV_X1Y2  clk_gen/inst/plle2_adv_inst/CLKIN1
Low Pulse Width   Slow    PLLE2_ADV/CLKIN1  n/a            2.000         5.000       3.000      PLLE2_ADV_X1Y2  clk_gen/inst/plle2_adv_inst/CLKIN1
Low Pulse Width   Fast    PLLE2_ADV/CLKIN1  n/a            2.000         5.000       3.000      PLLE2_ADV_X1Y2  clk_gen/inst/plle2_adv_inst/CLKIN1
High Pulse Width  Slow    PLLE2_ADV/CLKIN1  n/a            2.000         5.000       3.000      PLLE2_ADV_X1Y2  clk_gen/inst/plle2_adv_inst/CLKIN1
High Pulse Width  Fast    PLLE2_ADV/CLKIN1  n/a            2.000         5.000       3.000      PLLE2_ADV_X1Y2  clk_gen/inst/plle2_adv_inst/CLKIN1



---------------------------------------------------------------------------------------------------
From Clock:  clk_out1_clk_wiz_0
  To Clock:  clk_out1_clk_wiz_0

Setup :         1424  Failing Endpoints,  Worst Slack       -1.398ns,  Total Violation    -1047.073ns
Hold  :            0  Failing Endpoints,  Worst Slack        0.090ns,  Total Violation        0.000ns
PW    :            0  Failing Endpoints,  Worst Slack       11.250ns,  Total Violation        0.000ns
---------------------------------------------------------------------------------------------------


Max Delay Paths
--------------------------------------------------------------------------------------
Slack (VIOLATED) :        -1.398ns  (required time - arrival time)
  Source:                 rv64i59f_5sp/ex_mem_register/MEM_alu_result_reg[7]_replica_6/C
                            (rising edge-triggered cell FDCE clocked by clk_out1_clk_wiz_0  {rise@0.000ns fall@12.500ns period=25.000ns})
  Destination:            rv64i59f_5sp/id_ex_register/EX_read_data1_reg[54]/D
                            (rising edge-triggered cell FDCE clocked by clk_out1_clk_wiz_0  {rise@0.000ns fall@12.500ns period=25.000ns})
  Path Group:             clk_out1_clk_wiz_0
  Path Type:              Setup (Max at Slow Process Corner)
  Requirement:            25.000ns  (clk_out1_clk_wiz_0 rise@25.000ns - clk_out1_clk_wiz_0 rise@0.000ns)
  Data Path Delay:        26.021ns  (logic 6.554ns (25.188%)  route 19.467ns (74.812%))
  Logic Levels:           36  (CARRY4=16 LUT2=1 LUT3=1 LUT4=1 LUT5=2 LUT6=13 MUXF7=1 MUXF8=1)
  Clock Path Skew:        -0.191ns (DCD - SCD + CPR)
    Destination Clock Delay (DCD):    -2.010ns = ( 22.990 - 25.000 ) 
    Source Clock Delay      (SCD):    -2.318ns
    Clock Pessimism Removal (CPR):    -0.499ns
  Clock Uncertainty:      0.173ns  ((TSJ^2 + DJ^2)^1/2) / 2 + PE
    Total System Jitter     (TSJ):    0.071ns
    Discrete Jitter          (DJ):    0.338ns
    Phase Error              (PE):    0.000ns

    Location             Delay type                Incr(ns)  Path(ns)    Netlist Resource(s)
  -------------------------------------------------------------------    -------------------
                         (clock clk_out1_clk_wiz_0 rise edge)
                                                      0.000     0.000 r  
    R4                                                0.000     0.000 r  clk (IN)
                         net (fo=0)                   0.000     0.000    clk_gen/inst/clk_in1
    R4                   IBUF (Prop_ibuf_I_O)         1.475     1.475 r  clk_gen/inst/clkin1_ibufg/O
                         net (fo=1, routed)           1.253     2.728    clk_gen/inst/clk_in1_clk_wiz_0
    PLLE2_ADV_X1Y2       PLLE2_ADV (Prop_plle2_adv_CLKIN1_CLKOUT0)
                                                     -8.953    -6.225 r  clk_gen/inst/plle2_adv_inst/CLKOUT0
                         net (fo=1, routed)           1.802    -4.422    clk_gen/inst/clk_out1_clk_wiz_0
    BUFGCTRL_X0Y0        BUFG (Prop_bufg_I_O)         0.096    -4.326 r  clk_gen/inst/clkout1_buf/O
                         net (fo=11618, routed)       2.008    -2.318    rv64i59f_5sp/ex_mem_register/clk_out1
    SLICE_X50Y25         FDCE                                         r  rv64i59f_5sp/ex_mem_register/MEM_alu_result_reg[7]_replica_6/C
  -------------------------------------------------------------------    -------------------
    SLICE_X50Y25         FDCE (Prop_fdce_C_Q)         0.456    -1.862 r  rv64i59f_5sp/ex_mem_register/MEM_alu_result_reg[7]_replica_6/Q
                         net (fo=203, routed)         1.036    -0.825    rv64i59f_5sp/ex_mem_register/MEM_alu_result_reg[63]_0[7]_repN_6
    SLICE_X51Y21         LUT5 (Prop_lut5_I4_O)        0.124    -0.701 r  rv64i59f_5sp/ex_mem_register/g47_b16__1/O
                         net (fo=1, routed)           3.468     2.767    rv64i59f_5sp/ex_mem_register/g47_b16__1_n_0
    SLICE_X115Y14        LUT3 (Prop_lut3_I1_O)        0.124     2.891 r  rv64i59f_5sp/ex_mem_register/WB_byte_enable_logic_register_file_write_data_reg[48]_i_38/O
                         net (fo=1, routed)           0.502     3.393    rv64i59f_5sp/ex_mem_register/WB_byte_enable_logic_register_file_write_data_reg[48]_i_38_n_0
    SLICE_X114Y14        LUT6 (Prop_lut6_I0_O)        0.124     3.517 r  rv64i59f_5sp/ex_mem_register/WB_byte_enable_logic_register_file_write_data[48]_i_27/O
                         net (fo=1, routed)           0.000     3.517    rv64i59f_5sp/ex_mem_register/WB_byte_enable_logic_register_file_write_data[48]_i_27_n_0
    SLICE_X114Y14        MUXF7 (Prop_muxf7_I1_O)      0.245     3.762 r  rv64i59f_5sp/ex_mem_register/WB_byte_enable_logic_register_file_write_data_reg[48]_i_12/O
                         net (fo=1, routed)           0.000     3.762    rv64i59f_5sp/ex_mem_register/WB_byte_enable_logic_register_file_write_data_reg[48]_i_12_n_0
    SLICE_X114Y14        MUXF8 (Prop_muxf8_I0_O)      0.104     3.866 r  rv64i59f_5sp/ex_mem_register/WB_byte_enable_logic_register_file_write_data_reg[48]_i_7/O
                         net (fo=1, routed)           3.543     7.409    rv64i59f_5sp/ex_mem_register/WB_byte_enable_logic_register_file_write_data_reg[48]_i_7_n_0
    SLICE_X19Y67         LUT6 (Prop_lut6_I3_O)        0.316     7.725 r  rv64i59f_5sp/ex_mem_register/WB_byte_enable_logic_register_file_write_data[48]_i_4/O
                         net (fo=2, routed)           0.301     8.026    rv64i59f_5sp/ex_mem_register/WB_byte_enable_logic_register_file_write_data[48]_i_4_n_0
    SLICE_X17Y67         LUT6 (Prop_lut6_I1_O)        0.124     8.150 r  rv64i59f_5sp/ex_mem_register/WB_byte_enable_logic_register_file_write_data[48]_i_3/O
                         net (fo=7, routed)           0.631     8.781    rv64i59f_5sp/ex_mem_register/data_memory_read_data_muxed[48]
    SLICE_X15Y66         LUT6 (Prop_lut6_I3_O)        0.124     8.905 r  rv64i59f_5sp/ex_mem_register/WB_byte_enable_logic_register_file_write_data[0]_i_5/O
                         net (fo=2, routed)           0.420     9.325    rv64i59f_5sp/ex_mem_register/WB_byte_enable_logic_register_file_write_data[0]_i_5_n_0
    SLICE_X13Y65         LUT6 (Prop_lut6_I4_O)        0.124     9.449 r  rv64i59f_5sp/ex_mem_register/WB_byte_enable_logic_register_file_write_data[0]_i_2/O
                         net (fo=2, routed)           0.690    10.138    rv64i59f_5sp/ex_mem_register/byte_enable_logic_register_file_write_data[0]
    SLICE_X19Y55         LUT6 (Prop_lut6_I5_O)        0.124    10.262 r  rv64i59f_5sp/ex_mem_register/i___0_carry_i_20/O
                         net (fo=3, routed)           0.855    11.118    rv64i59f_5sp/id_ex_register/MEM_forward_data_value[0]
    SLICE_X23Y46         LUT6 (Prop_lut6_I5_O)        0.124    11.242 r  rv64i59f_5sp/id_ex_register/i___0_carry_i_26/O
                         net (fo=132, routed)         1.358    12.599    rv64i59f_5sp/ex_mem_register/src_B[0]
    SLICE_X25Y24         LUT2 (Prop_lut2_I1_O)        0.124    12.723 r  rv64i59f_5sp/ex_mem_register/alu_zero0_carry_i_191/O
                         net (fo=1, routed)           0.000    12.723    rv64i59f_5sp/ex_mem_register/alu_zero0_carry_i_191_n_0
    SLICE_X25Y24         CARRY4 (Prop_carry4_S[0]_CO[3])
                                                      0.532    13.255 r  rv64i59f_5sp/ex_mem_register/alu_zero0_carry_i_121/CO[3]
                         net (fo=1, routed)           0.009    13.264    rv64i59f_5sp/id_ex_register/alu_zero0_carry_i_11_0[0]
    SLICE_X25Y25         CARRY4 (Prop_carry4_CI_CO[3])
                                                      0.114    13.378 r  rv64i59f_5sp/id_ex_register/alu_zero0_carry_i_54/CO[3]
                         net (fo=1, routed)           0.000    13.378    rv64i59f_5sp/id_ex_register/alu_zero0_carry_i_54_n_0
    SLICE_X25Y26         CARRY4 (Prop_carry4_CI_CO[3])
                                                      0.114    13.492 r  rv64i59f_5sp/id_ex_register/alu_zero0_carry_i_159/CO[3]
                         net (fo=1, routed)           0.000    13.492    rv64i59f_5sp/id_ex_register/alu_zero0_carry_i_159_n_0
    SLICE_X25Y27         CARRY4 (Prop_carry4_CI_CO[3])
                                                      0.114    13.606 r  rv64i59f_5sp/id_ex_register/alu_zero0_carry__0_i_94/CO[3]
                         net (fo=1, routed)           0.000    13.606    rv64i59f_5sp/id_ex_register/alu_zero0_carry__0_i_94_n_0
    SLICE_X25Y28         CARRY4 (Prop_carry4_CI_CO[3])
                                                      0.114    13.720 r  rv64i59f_5sp/id_ex_register/alu_zero0_carry__0_i_78/CO[3]
                         net (fo=1, routed)           0.000    13.720    rv64i59f_5sp/id_ex_register/alu_zero0_carry__0_i_78_n_0
    SLICE_X25Y29         CARRY4 (Prop_carry4_CI_CO[3])
                                                      0.114    13.834 r  rv64i59f_5sp/id_ex_register/alu_zero0_carry__0_i_64/CO[3]
                         net (fo=1, routed)           0.000    13.834    rv64i59f_5sp/id_ex_register/alu_zero0_carry__0_i_64_n_0
    SLICE_X25Y30         CARRY4 (Prop_carry4_CI_CO[3])
                                                      0.114    13.948 r  rv64i59f_5sp/id_ex_register/alu_zero0_carry__1_i_50/CO[3]
                         net (fo=1, routed)           0.000    13.948    rv64i59f_5sp/id_ex_register/alu_zero0_carry__1_i_50_n_0
    SLICE_X25Y31         CARRY4 (Prop_carry4_CI_CO[3])
                                                      0.114    14.062 r  rv64i59f_5sp/id_ex_register/alu_zero0_carry__1_i_39/CO[3]
                         net (fo=1, routed)           0.000    14.062    rv64i59f_5sp/id_ex_register/alu_zero0_carry__1_i_39_n_0
    SLICE_X25Y32         CARRY4 (Prop_carry4_CI_CO[3])
                                                      0.114    14.176 r  rv64i59f_5sp/id_ex_register/alu_zero0_carry__1_i_126/CO[3]
                         net (fo=1, routed)           0.000    14.176    rv64i59f_5sp/id_ex_register/alu_zero0_carry__1_i_126_n_0
    SLICE_X25Y33         CARRY4 (Prop_carry4_CI_CO[3])
                                                      0.114    14.290 r  rv64i59f_5sp/id_ex_register/alu_zero0_carry__2_i_181/CO[3]
                         net (fo=1, routed)           0.000    14.290    rv64i59f_5sp/id_ex_register/alu_zero0_carry__2_i_181_n_0
    SLICE_X25Y34         CARRY4 (Prop_carry4_CI_CO[3])
                                                      0.114    14.404 r  rv64i59f_5sp/id_ex_register/alu_zero0_carry__2_i_115/CO[3]
                         net (fo=1, routed)           0.000    14.404    rv64i59f_5sp/id_ex_register/alu_zero0_carry__2_i_115_n_0
    SLICE_X25Y35         CARRY4 (Prop_carry4_CI_CO[3])
                                                      0.114    14.518 r  rv64i59f_5sp/id_ex_register/alu_zero0_carry__2_i_153/CO[3]
                         net (fo=1, routed)           0.000    14.518    rv64i59f_5sp/id_ex_register/alu_zero0_carry__2_i_153_n_0
    SLICE_X25Y36         CARRY4 (Prop_carry4_CI_CO[3])
                                                      0.114    14.632 r  rv64i59f_5sp/id_ex_register/alu_zero0_carry__3_i_128/CO[3]
                         net (fo=1, routed)           0.000    14.632    rv64i59f_5sp/id_ex_register/alu_zero0_carry__3_i_128_n_0
    SLICE_X25Y37         CARRY4 (Prop_carry4_CI_O[1])
                                                      0.334    14.966 f  rv64i59f_5sp/id_ex_register/alu_zero0_carry__3_i_154/O[1]
                         net (fo=1, routed)           0.445    15.411    rv64i59f_5sp/id_ex_register/alu/alu_dword/data0[53]
    SLICE_X28Y38         LUT6 (Prop_lut6_I4_O)        0.303    15.714 f  rv64i59f_5sp/id_ex_register/alu_zero0_carry__3_i_116/O
                         net (fo=1, routed)           0.562    16.276    rv64i59f_5sp/id_ex_register/alu_zero0_carry__3_i_116_n_0
    SLICE_X28Y40         LUT6 (Prop_lut6_I5_O)        0.124    16.400 r  rv64i59f_5sp/id_ex_register/alu_zero0_carry__3_i_44/O
                         net (fo=1, routed)           0.506    16.905    rv64i59f_5sp/id_ex_register/alu_zero0_carry__3_i_44_n_0
    SLICE_X29Y33         LUT6 (Prop_lut6_I0_O)        0.124    17.029 r  rv64i59f_5sp/id_ex_register/alu_zero0_carry__3_i_11/O
                         net (fo=3, routed)           0.962    17.991    rv64i59f_5sp/id_ex_register/alu_zero0_carry__3_i_11_n_0
    SLICE_X24Y33         LUT6 (Prop_lut6_I0_O)        0.124    18.115 r  rv64i59f_5sp/id_ex_register/alu_zero0_carry__3_i_3_comp/O
                         net (fo=1, routed)           0.000    18.115    rv64i59f_5sp/alu/alu_dword/alu_zero0_carry__4_0[1]
    SLICE_X24Y33         CARRY4 (Prop_carry4_S[1]_CO[3])
                                                      0.550    18.665 r  rv64i59f_5sp/alu/alu_dword/alu_zero0_carry__3/CO[3]
                         net (fo=1, routed)           0.000    18.665    rv64i59f_5sp/alu/alu_dword/alu_zero0_carry__3_n_0
    SLICE_X24Y34         CARRY4 (Prop_carry4_CI_CO[1])
                                                      0.157    18.822 r  rv64i59f_5sp/alu/alu_dword/alu_zero0_carry__4/CO[1]
                         net (fo=1, routed)           0.688    19.510    rv64i59f_5sp/id_ex_register/prediction_counter[1]_i_3_0[0]
    SLICE_X20Y33         LUT6 (Prop_lut6_I5_O)        0.329    19.839 r  rv64i59f_5sp/id_ex_register/prediction_counter[1]_i_3_comp/O
                         net (fo=66, routed)          0.367    20.207    rv64i59f_5sp/id_ex_register/alu_zero
    SLICE_X20Y33         LUT6 (Prop_lut6_I4_O)        0.124    20.331 f  rv64i59f_5sp/id_ex_register/ID_pc[63]_i_7/O
                         net (fo=106, routed)         0.906    21.236    rv64i59f_5sp/id_ex_register/branch_prediction_miss
    SLICE_X23Y37         LUT4 (Prop_lut4_I2_O)        0.124    21.360 f  rv64i59f_5sp/id_ex_register/ID_pc[23]_i_2/O
                         net (fo=163, routed)         0.978    22.338    rv64i59f_5sp/if_id_register/IF_ID_flush
    SLICE_X23Y47         LUT5 (Prop_lut5_I4_O)        0.124    22.462 r  rv64i59f_5sp/if_id_register/EX_read_data1[54]_i_1/O
                         net (fo=1, routed)           1.241    23.703    rv64i59f_5sp/id_ex_register/EX_read_data1_reg[63]_0[54]
    SLICE_X40Y53         FDCE                                         r  rv64i59f_5sp/id_ex_register/EX_read_data1_reg[54]/D
  -------------------------------------------------------------------    -------------------

                         (clock clk_out1_clk_wiz_0 rise edge)
                                                     25.000    25.000 r  
    R4                                                0.000    25.000 r  clk (IN)
                         net (fo=0)                   0.000    25.000    clk_gen/inst/clk_in1
    R4                   IBUF (Prop_ibuf_I_O)         1.405    26.405 r  clk_gen/inst/clkin1_ibufg/O
                         net (fo=1, routed)           1.181    27.586    clk_gen/inst/clk_in1_clk_wiz_0
    PLLE2_ADV_X1Y2       PLLE2_ADV (Prop_plle2_adv_CLKIN1_CLKOUT0)
                                                     -8.206    19.380 r  clk_gen/inst/plle2_adv_inst/CLKOUT0
                         net (fo=1, routed)           1.718    21.098    clk_gen/inst/clk_out1_clk_wiz_0
    BUFGCTRL_X0Y0        BUFG (Prop_bufg_I_O)         0.091    21.189 r  clk_gen/inst/clkout1_buf/O
                         net (fo=11618, routed)       1.801    22.990    rv64i59f_5sp/id_ex_register/clk_out1
    SLICE_X40Y53         FDCE                                         r  rv64i59f_5sp/id_ex_register/EX_read_data1_reg[54]/C
                         clock pessimism             -0.499    22.491    
                         clock uncertainty           -0.173    22.318    
    SLICE_X40Y53         FDCE (Setup_fdce_C_D)       -0.013    22.305    rv64i59f_5sp/id_ex_register/EX_read_data1_reg[54]
  -------------------------------------------------------------------
                         required time                         22.305    
                         arrival time                         -23.703    
  -------------------------------------------------------------------
                         slack                                 -1.398    

Slack (VIOLATED) :        -1.341ns  (required time - arrival time)
  Source:                 rv64i59f_5sp/ex_mem_register/MEM_alu_result_reg[7]_replica_6/C
                            (rising edge-triggered cell FDCE clocked by clk_out1_clk_wiz_0  {rise@0.000ns fall@12.500ns period=25.000ns})
  Destination:            rv64i59f_5sp/program_counter/pc_reg[9]_rep__0/D
                            (rising edge-triggered cell FDCE clocked by clk_out1_clk_wiz_0  {rise@0.000ns fall@12.500ns period=25.000ns})
  Path Group:             clk_out1_clk_wiz_0
  Path Type:              Setup (Max at Slow Process Corner)
  Requirement:            25.000ns  (clk_out1_clk_wiz_0 rise@25.000ns - clk_out1_clk_wiz_0 rise@0.000ns)
  Data Path Delay:        26.270ns  (logic 7.855ns (29.902%)  route 18.415ns (70.098%))
  Logic Levels:           40  (CARRY4=19 LUT2=2 LUT3=1 LUT5=1 LUT6=15 MUXF7=1 MUXF8=1)
  Clock Path Skew:        0.070ns (DCD - SCD + CPR)
    Destination Clock Delay (DCD):    -1.829ns = ( 23.171 - 25.000 ) 
    Source Clock Delay      (SCD):    -2.318ns
    Clock Pessimism Removal (CPR):    -0.418ns
  Clock Uncertainty:      0.173ns  ((TSJ^2 + DJ^2)^1/2) / 2 + PE
    Total System Jitter     (TSJ):    0.071ns
    Discrete Jitter          (DJ):    0.338ns
    Phase Error              (PE):    0.000ns

    Location             Delay type                Incr(ns)  Path(ns)    Netlist Resource(s)
  -------------------------------------------------------------------    -------------------
                         (clock clk_out1_clk_wiz_0 rise edge)
                                                      0.000     0.000 r  
    R4                                                0.000     0.000 r  clk (IN)
                         net (fo=0)                   0.000     0.000    clk_gen/inst/clk_in1
    R4                   IBUF (Prop_ibuf_I_O)         1.475     1.475 r  clk_gen/inst/clkin1_ibufg/O
                         net (fo=1, routed)           1.253     2.728    clk_gen/inst/clk_in1_clk_wiz_0
    PLLE2_ADV_X1Y2       PLLE2_ADV (Prop_plle2_adv_CLKIN1_CLKOUT0)
                                                     -8.953    -6.225 r  clk_gen/inst/plle2_adv_inst/CLKOUT0
                         net (fo=1, routed)           1.802    -4.422    clk_gen/inst/clk_out1_clk_wiz_0
    BUFGCTRL_X0Y0        BUFG (Prop_bufg_I_O)         0.096    -4.326 r  clk_gen/inst/clkout1_buf/O
                         net (fo=11618, routed)       2.008    -2.318    rv64i59f_5sp/ex_mem_register/clk_out1
    SLICE_X50Y25         FDCE                                         r  rv64i59f_5sp/ex_mem_register/MEM_alu_result_reg[7]_replica_6/C
  -------------------------------------------------------------------    -------------------
    SLICE_X50Y25         FDCE (Prop_fdce_C_Q)         0.456    -1.862 r  rv64i59f_5sp/ex_mem_register/MEM_alu_result_reg[7]_replica_6/Q
                         net (fo=203, routed)         1.036    -0.825    rv64i59f_5sp/ex_mem_register/MEM_alu_result_reg[63]_0[7]_repN_6
    SLICE_X51Y21         LUT5 (Prop_lut5_I4_O)        0.124    -0.701 r  rv64i59f_5sp/ex_mem_register/g47_b16__1/O
                         net (fo=1, routed)           3.468     2.767    rv64i59f_5sp/ex_mem_register/g47_b16__1_n_0
    SLICE_X115Y14        LUT3 (Prop_lut3_I1_O)        0.124     2.891 r  rv64i59f_5sp/ex_mem_register/WB_byte_enable_logic_register_file_write_data_reg[48]_i_38/O
                         net (fo=1, routed)           0.502     3.393    rv64i59f_5sp/ex_mem_register/WB_byte_enable_logic_register_file_write_data_reg[48]_i_38_n_0
    SLICE_X114Y14        LUT6 (Prop_lut6_I0_O)        0.124     3.517 r  rv64i59f_5sp/ex_mem_register/WB_byte_enable_logic_register_file_write_data[48]_i_27/O
                         net (fo=1, routed)           0.000     3.517    rv64i59f_5sp/ex_mem_register/WB_byte_enable_logic_register_file_write_data[48]_i_27_n_0
    SLICE_X114Y14        MUXF7 (Prop_muxf7_I1_O)      0.245     3.762 r  rv64i59f_5sp/ex_mem_register/WB_byte_enable_logic_register_file_write_data_reg[48]_i_12/O
                         net (fo=1, routed)           0.000     3.762    rv64i59f_5sp/ex_mem_register/WB_byte_enable_logic_register_file_write_data_reg[48]_i_12_n_0
    SLICE_X114Y14        MUXF8 (Prop_muxf8_I0_O)      0.104     3.866 r  rv64i59f_5sp/ex_mem_register/WB_byte_enable_logic_register_file_write_data_reg[48]_i_7/O
                         net (fo=1, routed)           3.543     7.409    rv64i59f_5sp/ex_mem_register/WB_byte_enable_logic_register_file_write_data_reg[48]_i_7_n_0
    SLICE_X19Y67         LUT6 (Prop_lut6_I3_O)        0.316     7.725 r  rv64i59f_5sp/ex_mem_register/WB_byte_enable_logic_register_file_write_data[48]_i_4/O
                         net (fo=2, routed)           0.301     8.026    rv64i59f_5sp/ex_mem_register/WB_byte_enable_logic_register_file_write_data[48]_i_4_n_0
    SLICE_X17Y67         LUT6 (Prop_lut6_I1_O)        0.124     8.150 r  rv64i59f_5sp/ex_mem_register/WB_byte_enable_logic_register_file_write_data[48]_i_3/O
                         net (fo=7, routed)           0.631     8.781    rv64i59f_5sp/ex_mem_register/data_memory_read_data_muxed[48]
    SLICE_X15Y66         LUT6 (Prop_lut6_I3_O)        0.124     8.905 r  rv64i59f_5sp/ex_mem_register/WB_byte_enable_logic_register_file_write_data[0]_i_5/O
                         net (fo=2, routed)           0.420     9.325    rv64i59f_5sp/ex_mem_register/WB_byte_enable_logic_register_file_write_data[0]_i_5_n_0
    SLICE_X13Y65         LUT6 (Prop_lut6_I4_O)        0.124     9.449 r  rv64i59f_5sp/ex_mem_register/WB_byte_enable_logic_register_file_write_data[0]_i_2/O
                         net (fo=2, routed)           0.690    10.138    rv64i59f_5sp/ex_mem_register/byte_enable_logic_register_file_write_data[0]
    SLICE_X19Y55         LUT6 (Prop_lut6_I5_O)        0.124    10.262 r  rv64i59f_5sp/ex_mem_register/i___0_carry_i_20/O
                         net (fo=3, routed)           0.855    11.118    rv64i59f_5sp/id_ex_register/MEM_forward_data_value[0]
    SLICE_X23Y46         LUT6 (Prop_lut6_I5_O)        0.124    11.242 r  rv64i59f_5sp/id_ex_register/i___0_carry_i_26/O
                         net (fo=132, routed)         1.358    12.599    rv64i59f_5sp/ex_mem_register/src_B[0]
    SLICE_X25Y24         LUT2 (Prop_lut2_I1_O)        0.124    12.723 r  rv64i59f_5sp/ex_mem_register/alu_zero0_carry_i_191/O
                         net (fo=1, routed)           0.000    12.723    rv64i59f_5sp/ex_mem_register/alu_zero0_carry_i_191_n_0
    SLICE_X25Y24         CARRY4 (Prop_carry4_S[0]_CO[3])
                                                      0.532    13.255 r  rv64i59f_5sp/ex_mem_register/alu_zero0_carry_i_121/CO[3]
                         net (fo=1, routed)           0.009    13.264    rv64i59f_5sp/id_ex_register/alu_zero0_carry_i_11_0[0]
    SLICE_X25Y25         CARRY4 (Prop_carry4_CI_CO[3])
                                                      0.114    13.378 r  rv64i59f_5sp/id_ex_register/alu_zero0_carry_i_54/CO[3]
                         net (fo=1, routed)           0.000    13.378    rv64i59f_5sp/id_ex_register/alu_zero0_carry_i_54_n_0
    SLICE_X25Y26         CARRY4 (Prop_carry4_CI_CO[3])
                                                      0.114    13.492 r  rv64i59f_5sp/id_ex_register/alu_zero0_carry_i_159/CO[3]
                         net (fo=1, routed)           0.000    13.492    rv64i59f_5sp/id_ex_register/alu_zero0_carry_i_159_n_0
    SLICE_X25Y27         CARRY4 (Prop_carry4_CI_CO[3])
                                                      0.114    13.606 r  rv64i59f_5sp/id_ex_register/alu_zero0_carry__0_i_94/CO[3]
                         net (fo=1, routed)           0.000    13.606    rv64i59f_5sp/id_ex_register/alu_zero0_carry__0_i_94_n_0
    SLICE_X25Y28         CARRY4 (Prop_carry4_CI_CO[3])
                                                      0.114    13.720 r  rv64i59f_5sp/id_ex_register/alu_zero0_carry__0_i_78/CO[3]
                         net (fo=1, routed)           0.000    13.720    rv64i59f_5sp/id_ex_register/alu_zero0_carry__0_i_78_n_0
    SLICE_X25Y29         CARRY4 (Prop_carry4_CI_CO[3])
                                                      0.114    13.834 r  rv64i59f_5sp/id_ex_register/alu_zero0_carry__0_i_64/CO[3]
                         net (fo=1, routed)           0.000    13.834    rv64i59f_5sp/id_ex_register/alu_zero0_carry__0_i_64_n_0
    SLICE_X25Y30         CARRY4 (Prop_carry4_CI_CO[3])
                                                      0.114    13.948 r  rv64i59f_5sp/id_ex_register/alu_zero0_carry__1_i_50/CO[3]
                         net (fo=1, routed)           0.000    13.948    rv64i59f_5sp/id_ex_register/alu_zero0_carry__1_i_50_n_0
    SLICE_X25Y31         CARRY4 (Prop_carry4_CI_CO[3])
                                                      0.114    14.062 r  rv64i59f_5sp/id_ex_register/alu_zero0_carry__1_i_39/CO[3]
                         net (fo=1, routed)           0.000    14.062    rv64i59f_5sp/id_ex_register/alu_zero0_carry__1_i_39_n_0
    SLICE_X25Y32         CARRY4 (Prop_carry4_CI_CO[3])
                                                      0.114    14.176 r  rv64i59f_5sp/id_ex_register/alu_zero0_carry__1_i_126/CO[3]
                         net (fo=1, routed)           0.000    14.176    rv64i59f_5sp/id_ex_register/alu_zero0_carry__1_i_126_n_0
    SLICE_X25Y33         CARRY4 (Prop_carry4_CI_CO[3])
                                                      0.114    14.290 r  rv64i59f_5sp/id_ex_register/alu_zero0_carry__2_i_181/CO[3]
                         net (fo=1, routed)           0.000    14.290    rv64i59f_5sp/id_ex_register/alu_zero0_carry__2_i_181_n_0
    SLICE_X25Y34         CARRY4 (Prop_carry4_CI_CO[3])
                                                      0.114    14.404 r  rv64i59f_5sp/id_ex_register/alu_zero0_carry__2_i_115/CO[3]
                         net (fo=1, routed)           0.000    14.404    rv64i59f_5sp/id_ex_register/alu_zero0_carry__2_i_115_n_0
    SLICE_X25Y35         CARRY4 (Prop_carry4_CI_CO[3])
                                                      0.114    14.518 r  rv64i59f_5sp/id_ex_register/alu_zero0_carry__2_i_153/CO[3]
                         net (fo=1, routed)           0.000    14.518    rv64i59f_5sp/id_ex_register/alu_zero0_carry__2_i_153_n_0
    SLICE_X25Y36         CARRY4 (Prop_carry4_CI_CO[3])
                                                      0.114    14.632 r  rv64i59f_5sp/id_ex_register/alu_zero0_carry__3_i_128/CO[3]
                         net (fo=1, routed)           0.000    14.632    rv64i59f_5sp/id_ex_register/alu_zero0_carry__3_i_128_n_0
    SLICE_X25Y37         CARRY4 (Prop_carry4_CI_O[1])
                                                      0.334    14.966 f  rv64i59f_5sp/id_ex_register/alu_zero0_carry__3_i_154/O[1]
                         net (fo=1, routed)           0.445    15.411    rv64i59f_5sp/id_ex_register/alu/alu_dword/data0[53]
    SLICE_X28Y38         LUT6 (Prop_lut6_I4_O)        0.303    15.714 f  rv64i59f_5sp/id_ex_register/alu_zero0_carry__3_i_116/O
                         net (fo=1, routed)           0.562    16.276    rv64i59f_5sp/id_ex_register/alu_zero0_carry__3_i_116_n_0
    SLICE_X28Y40         LUT6 (Prop_lut6_I5_O)        0.124    16.400 r  rv64i59f_5sp/id_ex_register/alu_zero0_carry__3_i_44/O
                         net (fo=1, routed)           0.506    16.905    rv64i59f_5sp/id_ex_register/alu_zero0_carry__3_i_44_n_0
    SLICE_X29Y33         LUT6 (Prop_lut6_I0_O)        0.124    17.029 r  rv64i59f_5sp/id_ex_register/alu_zero0_carry__3_i_11/O
                         net (fo=3, routed)           0.962    17.991    rv64i59f_5sp/id_ex_register/alu_zero0_carry__3_i_11_n_0
    SLICE_X24Y33         LUT6 (Prop_lut6_I0_O)        0.124    18.115 r  rv64i59f_5sp/id_ex_register/alu_zero0_carry__3_i_3_comp/O
                         net (fo=1, routed)           0.000    18.115    rv64i59f_5sp/alu/alu_dword/alu_zero0_carry__4_0[1]
    SLICE_X24Y33         CARRY4 (Prop_carry4_S[1]_CO[3])
                                                      0.550    18.665 r  rv64i59f_5sp/alu/alu_dword/alu_zero0_carry__3/CO[3]
                         net (fo=1, routed)           0.000    18.665    rv64i59f_5sp/alu/alu_dword/alu_zero0_carry__3_n_0
    SLICE_X24Y34         CARRY4 (Prop_carry4_CI_CO[1])
                                                      0.157    18.822 r  rv64i59f_5sp/alu/alu_dword/alu_zero0_carry__4/CO[1]
                         net (fo=1, routed)           0.688    19.510    rv64i59f_5sp/id_ex_register/prediction_counter[1]_i_3_0[0]
    SLICE_X20Y33         LUT6 (Prop_lut6_I5_O)        0.329    19.839 r  rv64i59f_5sp/id_ex_register/prediction_counter[1]_i_3_comp/O
                         net (fo=66, routed)          0.437    20.277    rv64i59f_5sp/id_ex_register/alu_zero
    SLICE_X21Y33         LUT6 (Prop_lut6_I2_O)        0.124    20.401 r  rv64i59f_5sp/id_ex_register/pc[1]_i_8/O
                         net (fo=1, routed)           0.000    20.401    rv64i59f_5sp/id_ex_register/pc[1]_i_8_n_0
    SLICE_X21Y33         CARRY4 (Prop_carry4_S[1]_CO[3])
                                                      0.550    20.951 r  rv64i59f_5sp/id_ex_register/pc_reg[1]_i_5/CO[3]
                         net (fo=1, routed)           0.000    20.951    rv64i59f_5sp/id_ex_register/pc_reg[1]_i_5_n_0
    SLICE_X21Y34         CARRY4 (Prop_carry4_CI_CO[3])
                                                      0.114    21.065 r  rv64i59f_5sp/id_ex_register/pc_reg[7]_i_6/CO[3]
                         net (fo=1, routed)           0.000    21.065    rv64i59f_5sp/id_ex_register/pc_reg[7]_i_6_n_0
    SLICE_X21Y35         CARRY4 (Prop_carry4_CI_O[1])
                                                      0.334    21.399 r  rv64i59f_5sp/id_ex_register/pc_reg[11]_i_6/O[1]
                         net (fo=1, routed)           0.802    22.201    rv64i59f_5sp/id_ex_register/pc_reg[11]_i_6_n_6
    SLICE_X20Y28         LUT2 (Prop_lut2_I1_O)        0.303    22.504 r  rv64i59f_5sp/id_ex_register/pc[9]_i_4/O
                         net (fo=1, routed)           0.511    23.015    rv64i59f_5sp/program_counter/pc_reg[9]_0
    SLICE_X23Y24         LUT6 (Prop_lut6_I5_O)        0.124    23.139 r  rv64i59f_5sp/program_counter/pc[9]_i_2/O
                         net (fo=7, routed)           0.688    23.828    rv64i59f_5sp/id_ex_register/pc_reg[9]
    SLICE_X19Y21         LUT6 (Prop_lut6_I3_O)        0.124    23.952 r  rv64i59f_5sp/id_ex_register/pc[9]_rep_i_1__0/O
                         net (fo=1, routed)           0.000    23.952    rv64i59f_5sp/program_counter/pc_reg[9]_rep__0_0
    SLICE_X19Y21         FDCE                                         r  rv64i59f_5sp/program_counter/pc_reg[9]_rep__0/D
  -------------------------------------------------------------------    -------------------

                         (clock clk_out1_clk_wiz_0 rise edge)
                                                     25.000    25.000 r  
    R4                                                0.000    25.000 r  clk (IN)
                         net (fo=0)                   0.000    25.000    clk_gen/inst/clk_in1
    R4                   IBUF (Prop_ibuf_I_O)         1.405    26.405 r  clk_gen/inst/clkin1_ibufg/O
                         net (fo=1, routed)           1.181    27.586    clk_gen/inst/clk_in1_clk_wiz_0
    PLLE2_ADV_X1Y2       PLLE2_ADV (Prop_plle2_adv_CLKIN1_CLKOUT0)
                                                     -8.206    19.380 r  clk_gen/inst/plle2_adv_inst/CLKOUT0
                         net (fo=1, routed)           1.718    21.098    clk_gen/inst/clk_out1_clk_wiz_0
    BUFGCTRL_X0Y0        BUFG (Prop_bufg_I_O)         0.091    21.189 r  clk_gen/inst/clkout1_buf/O
                         net (fo=11618, routed)       1.982    23.171    rv64i59f_5sp/program_counter/clk_out1
    SLICE_X19Y21         FDCE                                         r  rv64i59f_5sp/program_counter/pc_reg[9]_rep__0/C
                         clock pessimism             -0.418    22.752    
                         clock uncertainty           -0.173    22.579    
    SLICE_X19Y21         FDCE (Setup_fdce_C_D)        0.031    22.610    rv64i59f_5sp/program_counter/pc_reg[9]_rep__0
  -------------------------------------------------------------------
                         required time                         22.610    
                         arrival time                         -23.952    
  -------------------------------------------------------------------
                         slack                                 -1.341    

Slack (VIOLATED) :        -1.335ns  (required time - arrival time)
  Source:                 rv64i59f_5sp/ex_mem_register/MEM_alu_result_reg[7]_replica_6/C
                            (rising edge-triggered cell FDCE clocked by clk_out1_clk_wiz_0  {rise@0.000ns fall@12.500ns period=25.000ns})
  Destination:            rv64i59f_5sp/program_counter/pc_reg[9]_rep__3/D
                            (rising edge-triggered cell FDCE clocked by clk_out1_clk_wiz_0  {rise@0.000ns fall@12.500ns period=25.000ns})
  Path Group:             clk_out1_clk_wiz_0
  Path Type:              Setup (Max at Slow Process Corner)
  Requirement:            25.000ns  (clk_out1_clk_wiz_0 rise@25.000ns - clk_out1_clk_wiz_0 rise@0.000ns)
  Data Path Delay:        26.264ns  (logic 7.855ns (29.908%)  route 18.409ns (70.092%))
  Logic Levels:           40  (CARRY4=19 LUT2=2 LUT3=1 LUT5=1 LUT6=15 MUXF7=1 MUXF8=1)
  Clock Path Skew:        0.071ns (DCD - SCD + CPR)
    Destination Clock Delay (DCD):    -1.828ns = ( 23.172 - 25.000 ) 
    Source Clock Delay      (SCD):    -2.318ns
    Clock Pessimism Removal (CPR):    -0.418ns
  Clock Uncertainty:      0.173ns  ((TSJ^2 + DJ^2)^1/2) / 2 + PE
    Total System Jitter     (TSJ):    0.071ns
    Discrete Jitter          (DJ):    0.338ns
    Phase Error              (PE):    0.000ns

    Location             Delay type                Incr(ns)  Path(ns)    Netlist Resource(s)
  -------------------------------------------------------------------    -------------------
                         (clock clk_out1_clk_wiz_0 rise edge)
                                                      0.000     0.000 r  
    R4                                                0.000     0.000 r  clk (IN)
                         net (fo=0)                   0.000     0.000    clk_gen/inst/clk_in1
    R4                   IBUF (Prop_ibuf_I_O)         1.475     1.475 r  clk_gen/inst/clkin1_ibufg/O
                         net (fo=1, routed)           1.253     2.728    clk_gen/inst/clk_in1_clk_wiz_0
    PLLE2_ADV_X1Y2       PLLE2_ADV (Prop_plle2_adv_CLKIN1_CLKOUT0)
                                                     -8.953    -6.225 r  clk_gen/inst/plle2_adv_inst/CLKOUT0
                         net (fo=1, routed)           1.802    -4.422    clk_gen/inst/clk_out1_clk_wiz_0
    BUFGCTRL_X0Y0        BUFG (Prop_bufg_I_O)         0.096    -4.326 r  clk_gen/inst/clkout1_buf/O
                         net (fo=11618, routed)       2.008    -2.318    rv64i59f_5sp/ex_mem_register/clk_out1
    SLICE_X50Y25         FDCE                                         r  rv64i59f_5sp/ex_mem_register/MEM_alu_result_reg[7]_replica_6/C
  -------------------------------------------------------------------    -------------------
    SLICE_X50Y25         FDCE (Prop_fdce_C_Q)         0.456    -1.862 r  rv64i59f_5sp/ex_mem_register/MEM_alu_result_reg[7]_replica_6/Q
                         net (fo=203, routed)         1.036    -0.825    rv64i59f_5sp/ex_mem_register/MEM_alu_result_reg[63]_0[7]_repN_6
    SLICE_X51Y21         LUT5 (Prop_lut5_I4_O)        0.124    -0.701 r  rv64i59f_5sp/ex_mem_register/g47_b16__1/O
                         net (fo=1, routed)           3.468     2.767    rv64i59f_5sp/ex_mem_register/g47_b16__1_n_0
    SLICE_X115Y14        LUT3 (Prop_lut3_I1_O)        0.124     2.891 r  rv64i59f_5sp/ex_mem_register/WB_byte_enable_logic_register_file_write_data_reg[48]_i_38/O
                         net (fo=1, routed)           0.502     3.393    rv64i59f_5sp/ex_mem_register/WB_byte_enable_logic_register_file_write_data_reg[48]_i_38_n_0
    SLICE_X114Y14        LUT6 (Prop_lut6_I0_O)        0.124     3.517 r  rv64i59f_5sp/ex_mem_register/WB_byte_enable_logic_register_file_write_data[48]_i_27/O
                         net (fo=1, routed)           0.000     3.517    rv64i59f_5sp/ex_mem_register/WB_byte_enable_logic_register_file_write_data[48]_i_27_n_0
    SLICE_X114Y14        MUXF7 (Prop_muxf7_I1_O)      0.245     3.762 r  rv64i59f_5sp/ex_mem_register/WB_byte_enable_logic_register_file_write_data_reg[48]_i_12/O
                         net (fo=1, routed)           0.000     3.762    rv64i59f_5sp/ex_mem_register/WB_byte_enable_logic_register_file_write_data_reg[48]_i_12_n_0
    SLICE_X114Y14        MUXF8 (Prop_muxf8_I0_O)      0.104     3.866 r  rv64i59f_5sp/ex_mem_register/WB_byte_enable_logic_register_file_write_data_reg[48]_i_7/O
                         net (fo=1, routed)           3.543     7.409    rv64i59f_5sp/ex_mem_register/WB_byte_enable_logic_register_file_write_data_reg[48]_i_7_n_0
    SLICE_X19Y67         LUT6 (Prop_lut6_I3_O)        0.316     7.725 r  rv64i59f_5sp/ex_mem_register/WB_byte_enable_logic_register_file_write_data[48]_i_4/O
                         net (fo=2, routed)           0.301     8.026    rv64i59f_5sp/ex_mem_register/WB_byte_enable_logic_register_file_write_data[48]_i_4_n_0
    SLICE_X17Y67         LUT6 (Prop_lut6_I1_O)        0.124     8.150 r  rv64i59f_5sp/ex_mem_register/WB_byte_enable_logic_register_file_write_data[48]_i_3/O
                         net (fo=7, routed)           0.631     8.781    rv64i59f_5sp/ex_mem_register/data_memory_read_data_muxed[48]
    SLICE_X15Y66         LUT6 (Prop_lut6_I3_O)        0.124     8.905 r  rv64i59f_5sp/ex_mem_register/WB_byte_enable_logic_register_file_write_data[0]_i_5/O
                         net (fo=2, routed)           0.420     9.325    rv64i59f_5sp/ex_mem_register/WB_byte_enable_logic_register_file_write_data[0]_i_5_n_0
    SLICE_X13Y65         LUT6 (Prop_lut6_I4_O)        0.124     9.449 r  rv64i59f_5sp/ex_mem_register/WB_byte_enable_logic_register_file_write_data[0]_i_2/O
                         net (fo=2, routed)           0.690    10.138    rv64i59f_5sp/ex_mem_register/byte_enable_logic_register_file_write_data[0]
    SLICE_X19Y55         LUT6 (Prop_lut6_I5_O)        0.124    10.262 r  rv64i59f_5sp/ex_mem_register/i___0_carry_i_20/O
                         net (fo=3, routed)           0.855    11.118    rv64i59f_5sp/id_ex_register/MEM_forward_data_value[0]
    SLICE_X23Y46         LUT6 (Prop_lut6_I5_O)        0.124    11.242 r  rv64i59f_5sp/id_ex_register/i___0_carry_i_26/O
                         net (fo=132, routed)         1.358    12.599    rv64i59f_5sp/ex_mem_register/src_B[0]
    SLICE_X25Y24         LUT2 (Prop_lut2_I1_O)        0.124    12.723 r  rv64i59f_5sp/ex_mem_register/alu_zero0_carry_i_191/O
                         net (fo=1, routed)           0.000    12.723    rv64i59f_5sp/ex_mem_register/alu_zero0_carry_i_191_n_0
    SLICE_X25Y24         CARRY4 (Prop_carry4_S[0]_CO[3])
                                                      0.532    13.255 r  rv64i59f_5sp/ex_mem_register/alu_zero0_carry_i_121/CO[3]
                         net (fo=1, routed)           0.009    13.264    rv64i59f_5sp/id_ex_register/alu_zero0_carry_i_11_0[0]
    SLICE_X25Y25         CARRY4 (Prop_carry4_CI_CO[3])
                                                      0.114    13.378 r  rv64i59f_5sp/id_ex_register/alu_zero0_carry_i_54/CO[3]
                         net (fo=1, routed)           0.000    13.378    rv64i59f_5sp/id_ex_register/alu_zero0_carry_i_54_n_0
    SLICE_X25Y26         CARRY4 (Prop_carry4_CI_CO[3])
                                                      0.114    13.492 r  rv64i59f_5sp/id_ex_register/alu_zero0_carry_i_159/CO[3]
                         net (fo=1, routed)           0.000    13.492    rv64i59f_5sp/id_ex_register/alu_zero0_carry_i_159_n_0
    SLICE_X25Y27         CARRY4 (Prop_carry4_CI_CO[3])
                                                      0.114    13.606 r  rv64i59f_5sp/id_ex_register/alu_zero0_carry__0_i_94/CO[3]
                         net (fo=1, routed)           0.000    13.606    rv64i59f_5sp/id_ex_register/alu_zero0_carry__0_i_94_n_0
    SLICE_X25Y28         CARRY4 (Prop_carry4_CI_CO[3])
                                                      0.114    13.720 r  rv64i59f_5sp/id_ex_register/alu_zero0_carry__0_i_78/CO[3]
                         net (fo=1, routed)           0.000    13.720    rv64i59f_5sp/id_ex_register/alu_zero0_carry__0_i_78_n_0
    SLICE_X25Y29         CARRY4 (Prop_carry4_CI_CO[3])
                                                      0.114    13.834 r  rv64i59f_5sp/id_ex_register/alu_zero0_carry__0_i_64/CO[3]
                         net (fo=1, routed)           0.000    13.834    rv64i59f_5sp/id_ex_register/alu_zero0_carry__0_i_64_n_0
    SLICE_X25Y30         CARRY4 (Prop_carry4_CI_CO[3])
                                                      0.114    13.948 r  rv64i59f_5sp/id_ex_register/alu_zero0_carry__1_i_50/CO[3]
                         net (fo=1, routed)           0.000    13.948    rv64i59f_5sp/id_ex_register/alu_zero0_carry__1_i_50_n_0
    SLICE_X25Y31         CARRY4 (Prop_carry4_CI_CO[3])
                                                      0.114    14.062 r  rv64i59f_5sp/id_ex_register/alu_zero0_carry__1_i_39/CO[3]
                         net (fo=1, routed)           0.000    14.062    rv64i59f_5sp/id_ex_register/alu_zero0_carry__1_i_39_n_0
    SLICE_X25Y32         CARRY4 (Prop_carry4_CI_CO[3])
                                                      0.114    14.176 r  rv64i59f_5sp/id_ex_register/alu_zero0_carry__1_i_126/CO[3]
                         net (fo=1, routed)           0.000    14.176    rv64i59f_5sp/id_ex_register/alu_zero0_carry__1_i_126_n_0
    SLICE_X25Y33         CARRY4 (Prop_carry4_CI_CO[3])
                                                      0.114    14.290 r  rv64i59f_5sp/id_ex_register/alu_zero0_carry__2_i_181/CO[3]
                         net (fo=1, routed)           0.000    14.290    rv64i59f_5sp/id_ex_register/alu_zero0_carry__2_i_181_n_0
    SLICE_X25Y34         CARRY4 (Prop_carry4_CI_CO[3])
                                                      0.114    14.404 r  rv64i59f_5sp/id_ex_register/alu_zero0_carry__2_i_115/CO[3]
                         net (fo=1, routed)           0.000    14.404    rv64i59f_5sp/id_ex_register/alu_zero0_carry__2_i_115_n_0
    SLICE_X25Y35         CARRY4 (Prop_carry4_CI_CO[3])
                                                      0.114    14.518 r  rv64i59f_5sp/id_ex_register/alu_zero0_carry__2_i_153/CO[3]
                         net (fo=1, routed)           0.000    14.518    rv64i59f_5sp/id_ex_register/alu_zero0_carry__2_i_153_n_0
    SLICE_X25Y36         CARRY4 (Prop_carry4_CI_CO[3])
                                                      0.114    14.632 r  rv64i59f_5sp/id_ex_register/alu_zero0_carry__3_i_128/CO[3]
                         net (fo=1, routed)           0.000    14.632    rv64i59f_5sp/id_ex_register/alu_zero0_carry__3_i_128_n_0
    SLICE_X25Y37         CARRY4 (Prop_carry4_CI_O[1])
                                                      0.334    14.966 f  rv64i59f_5sp/id_ex_register/alu_zero0_carry__3_i_154/O[1]
                         net (fo=1, routed)           0.445    15.411    rv64i59f_5sp/id_ex_register/alu/alu_dword/data0[53]
    SLICE_X28Y38         LUT6 (Prop_lut6_I4_O)        0.303    15.714 f  rv64i59f_5sp/id_ex_register/alu_zero0_carry__3_i_116/O
                         net (fo=1, routed)           0.562    16.276    rv64i59f_5sp/id_ex_register/alu_zero0_carry__3_i_116_n_0
    SLICE_X28Y40         LUT6 (Prop_lut6_I5_O)        0.124    16.400 r  rv64i59f_5sp/id_ex_register/alu_zero0_carry__3_i_44/O
                         net (fo=1, routed)           0.506    16.905    rv64i59f_5sp/id_ex_register/alu_zero0_carry__3_i_44_n_0
    SLICE_X29Y33         LUT6 (Prop_lut6_I0_O)        0.124    17.029 r  rv64i59f_5sp/id_ex_register/alu_zero0_carry__3_i_11/O
                         net (fo=3, routed)           0.962    17.991    rv64i59f_5sp/id_ex_register/alu_zero0_carry__3_i_11_n_0
    SLICE_X24Y33         LUT6 (Prop_lut6_I0_O)        0.124    18.115 r  rv64i59f_5sp/id_ex_register/alu_zero0_carry__3_i_3_comp/O
                         net (fo=1, routed)           0.000    18.115    rv64i59f_5sp/alu/alu_dword/alu_zero0_carry__4_0[1]
    SLICE_X24Y33         CARRY4 (Prop_carry4_S[1]_CO[3])
                                                      0.550    18.665 r  rv64i59f_5sp/alu/alu_dword/alu_zero0_carry__3/CO[3]
                         net (fo=1, routed)           0.000    18.665    rv64i59f_5sp/alu/alu_dword/alu_zero0_carry__3_n_0
    SLICE_X24Y34         CARRY4 (Prop_carry4_CI_CO[1])
                                                      0.157    18.822 r  rv64i59f_5sp/alu/alu_dword/alu_zero0_carry__4/CO[1]
                         net (fo=1, routed)           0.688    19.510    rv64i59f_5sp/id_ex_register/prediction_counter[1]_i_3_0[0]
    SLICE_X20Y33         LUT6 (Prop_lut6_I5_O)        0.329    19.839 r  rv64i59f_5sp/id_ex_register/prediction_counter[1]_i_3_comp/O
                         net (fo=66, routed)          0.437    20.277    rv64i59f_5sp/id_ex_register/alu_zero
    SLICE_X21Y33         LUT6 (Prop_lut6_I2_O)        0.124    20.401 r  rv64i59f_5sp/id_ex_register/pc[1]_i_8/O
                         net (fo=1, routed)           0.000    20.401    rv64i59f_5sp/id_ex_register/pc[1]_i_8_n_0
    SLICE_X21Y33         CARRY4 (Prop_carry4_S[1]_CO[3])
                                                      0.550    20.951 r  rv64i59f_5sp/id_ex_register/pc_reg[1]_i_5/CO[3]
                         net (fo=1, routed)           0.000    20.951    rv64i59f_5sp/id_ex_register/pc_reg[1]_i_5_n_0
    SLICE_X21Y34         CARRY4 (Prop_carry4_CI_CO[3])
                                                      0.114    21.065 r  rv64i59f_5sp/id_ex_register/pc_reg[7]_i_6/CO[3]
                         net (fo=1, routed)           0.000    21.065    rv64i59f_5sp/id_ex_register/pc_reg[7]_i_6_n_0
    SLICE_X21Y35         CARRY4 (Prop_carry4_CI_O[1])
                                                      0.334    21.399 r  rv64i59f_5sp/id_ex_register/pc_reg[11]_i_6/O[1]
                         net (fo=1, routed)           0.802    22.201    rv64i59f_5sp/id_ex_register/pc_reg[11]_i_6_n_6
    SLICE_X20Y28         LUT2 (Prop_lut2_I1_O)        0.303    22.504 r  rv64i59f_5sp/id_ex_register/pc[9]_i_4/O
                         net (fo=1, routed)           0.511    23.015    rv64i59f_5sp/program_counter/pc_reg[9]_0
    SLICE_X23Y24         LUT6 (Prop_lut6_I5_O)        0.124    23.139 r  rv64i59f_5sp/program_counter/pc[9]_i_2/O
                         net (fo=7, routed)           0.683    23.822    rv64i59f_5sp/id_ex_register/pc_reg[9]
    SLICE_X19Y20         LUT6 (Prop_lut6_I3_O)        0.124    23.946 r  rv64i59f_5sp/id_ex_register/pc[9]_rep_i_1__3/O
                         net (fo=1, routed)           0.000    23.946    rv64i59f_5sp/program_counter/pc_reg[9]_rep__3_0
    SLICE_X19Y20         FDCE                                         r  rv64i59f_5sp/program_counter/pc_reg[9]_rep__3/D
  -------------------------------------------------------------------    -------------------

                         (clock clk_out1_clk_wiz_0 rise edge)
                                                     25.000    25.000 r  
    R4                                                0.000    25.000 r  clk (IN)
                         net (fo=0)                   0.000    25.000    clk_gen/inst/clk_in1
    R4                   IBUF (Prop_ibuf_I_O)         1.405    26.405 r  clk_gen/inst/clkin1_ibufg/O
                         net (fo=1, routed)           1.181    27.586    clk_gen/inst/clk_in1_clk_wiz_0
    PLLE2_ADV_X1Y2       PLLE2_ADV (Prop_plle2_adv_CLKIN1_CLKOUT0)
                                                     -8.206    19.380 r  clk_gen/inst/plle2_adv_inst/CLKOUT0
                         net (fo=1, routed)           1.718    21.098    clk_gen/inst/clk_out1_clk_wiz_0
    BUFGCTRL_X0Y0        BUFG (Prop_bufg_I_O)         0.091    21.189 r  clk_gen/inst/clkout1_buf/O
                         net (fo=11618, routed)       1.983    23.172    rv64i59f_5sp/program_counter/clk_out1
    SLICE_X19Y20         FDCE                                         r  rv64i59f_5sp/program_counter/pc_reg[9]_rep__3/C
                         clock pessimism             -0.418    22.753    
                         clock uncertainty           -0.173    22.580    
    SLICE_X19Y20         FDCE (Setup_fdce_C_D)        0.031    22.611    rv64i59f_5sp/program_counter/pc_reg[9]_rep__3
  -------------------------------------------------------------------
                         required time                         22.611    
                         arrival time                         -23.946    
  -------------------------------------------------------------------
                         slack                                 -1.335    

Slack (VIOLATED) :        -1.328ns  (required time - arrival time)
  Source:                 rv64i59f_5sp/ex_mem_register/MEM_alu_result_reg[7]_replica_6/C
                            (rising edge-triggered cell FDCE clocked by clk_out1_clk_wiz_0  {rise@0.000ns fall@12.500ns period=25.000ns})
  Destination:            rv64i59f_5sp/id_ex_register/EX_instruction_reg[19]/D
                            (rising edge-triggered cell FDCE clocked by clk_out1_clk_wiz_0  {rise@0.000ns fall@12.500ns period=25.000ns})
  Path Group:             clk_out1_clk_wiz_0
  Path Type:              Setup (Max at Slow Process Corner)
  Requirement:            25.000ns  (clk_out1_clk_wiz_0 rise@25.000ns - clk_out1_clk_wiz_0 rise@0.000ns)
  Data Path Delay:        25.918ns  (logic 6.554ns (25.287%)  route 19.364ns (74.713%))
  Logic Levels:           36  (CARRY4=16 LUT2=2 LUT3=1 LUT4=1 LUT5=1 LUT6=13 MUXF7=1 MUXF8=1)
  Clock Path Skew:        -0.190ns (DCD - SCD + CPR)
    Destination Clock Delay (DCD):    -2.009ns = ( 22.991 - 25.000 ) 
    Source Clock Delay      (SCD):    -2.318ns
    Clock Pessimism Removal (CPR):    -0.499ns
  Clock Uncertainty:      0.173ns  ((TSJ^2 + DJ^2)^1/2) / 2 + PE
    Total System Jitter     (TSJ):    0.071ns
    Discrete Jitter          (DJ):    0.338ns
    Phase Error              (PE):    0.000ns

    Location             Delay type                Incr(ns)  Path(ns)    Netlist Resource(s)
  -------------------------------------------------------------------    -------------------
                         (clock clk_out1_clk_wiz_0 rise edge)
                                                      0.000     0.000 r  
    R4                                                0.000     0.000 r  clk (IN)
                         net (fo=0)                   0.000     0.000    clk_gen/inst/clk_in1
    R4                   IBUF (Prop_ibuf_I_O)         1.475     1.475 r  clk_gen/inst/clkin1_ibufg/O
                         net (fo=1, routed)           1.253     2.728    clk_gen/inst/clk_in1_clk_wiz_0
    PLLE2_ADV_X1Y2       PLLE2_ADV (Prop_plle2_adv_CLKIN1_CLKOUT0)
                                                     -8.953    -6.225 r  clk_gen/inst/plle2_adv_inst/CLKOUT0
                         net (fo=1, routed)           1.802    -4.422    clk_gen/inst/clk_out1_clk_wiz_0
    BUFGCTRL_X0Y0        BUFG (Prop_bufg_I_O)         0.096    -4.326 r  clk_gen/inst/clkout1_buf/O
                         net (fo=11618, routed)       2.008    -2.318    rv64i59f_5sp/ex_mem_register/clk_out1
    SLICE_X50Y25         FDCE                                         r  rv64i59f_5sp/ex_mem_register/MEM_alu_result_reg[7]_replica_6/C
  -------------------------------------------------------------------    -------------------
    SLICE_X50Y25         FDCE (Prop_fdce_C_Q)         0.456    -1.862 r  rv64i59f_5sp/ex_mem_register/MEM_alu_result_reg[7]_replica_6/Q
                         net (fo=203, routed)         1.036    -0.825    rv64i59f_5sp/ex_mem_register/MEM_alu_result_reg[63]_0[7]_repN_6
    SLICE_X51Y21         LUT5 (Prop_lut5_I4_O)        0.124    -0.701 r  rv64i59f_5sp/ex_mem_register/g47_b16__1/O
                         net (fo=1, routed)           3.468     2.767    rv64i59f_5sp/ex_mem_register/g47_b16__1_n_0
    SLICE_X115Y14        LUT3 (Prop_lut3_I1_O)        0.124     2.891 r  rv64i59f_5sp/ex_mem_register/WB_byte_enable_logic_register_file_write_data_reg[48]_i_38/O
                         net (fo=1, routed)           0.502     3.393    rv64i59f_5sp/ex_mem_register/WB_byte_enable_logic_register_file_write_data_reg[48]_i_38_n_0
    SLICE_X114Y14        LUT6 (Prop_lut6_I0_O)        0.124     3.517 r  rv64i59f_5sp/ex_mem_register/WB_byte_enable_logic_register_file_write_data[48]_i_27/O
                         net (fo=1, routed)           0.000     3.517    rv64i59f_5sp/ex_mem_register/WB_byte_enable_logic_register_file_write_data[48]_i_27_n_0
    SLICE_X114Y14        MUXF7 (Prop_muxf7_I1_O)      0.245     3.762 r  rv64i59f_5sp/ex_mem_register/WB_byte_enable_logic_register_file_write_data_reg[48]_i_12/O
                         net (fo=1, routed)           0.000     3.762    rv64i59f_5sp/ex_mem_register/WB_byte_enable_logic_register_file_write_data_reg[48]_i_12_n_0
    SLICE_X114Y14        MUXF8 (Prop_muxf8_I0_O)      0.104     3.866 r  rv64i59f_5sp/ex_mem_register/WB_byte_enable_logic_register_file_write_data_reg[48]_i_7/O
                         net (fo=1, routed)           3.543     7.409    rv64i59f_5sp/ex_mem_register/WB_byte_enable_logic_register_file_write_data_reg[48]_i_7_n_0
    SLICE_X19Y67         LUT6 (Prop_lut6_I3_O)        0.316     7.725 r  rv64i59f_5sp/ex_mem_register/WB_byte_enable_logic_register_file_write_data[48]_i_4/O
                         net (fo=2, routed)           0.301     8.026    rv64i59f_5sp/ex_mem_register/WB_byte_enable_logic_register_file_write_data[48]_i_4_n_0
    SLICE_X17Y67         LUT6 (Prop_lut6_I1_O)        0.124     8.150 r  rv64i59f_5sp/ex_mem_register/WB_byte_enable_logic_register_file_write_data[48]_i_3/O
                         net (fo=7, routed)           0.631     8.781    rv64i59f_5sp/ex_mem_register/data_memory_read_data_muxed[48]
    SLICE_X15Y66         LUT6 (Prop_lut6_I3_O)        0.124     8.905 r  rv64i59f_5sp/ex_mem_register/WB_byte_enable_logic_register_file_write_data[0]_i_5/O
                         net (fo=2, routed)           0.420     9.325    rv64i59f_5sp/ex_mem_register/WB_byte_enable_logic_register_file_write_data[0]_i_5_n_0
    SLICE_X13Y65         LUT6 (Prop_lut6_I4_O)        0.124     9.449 r  rv64i59f_5sp/ex_mem_register/WB_byte_enable_logic_register_file_write_data[0]_i_2/O
                         net (fo=2, routed)           0.690    10.138    rv64i59f_5sp/ex_mem_register/byte_enable_logic_register_file_write_data[0]
    SLICE_X19Y55         LUT6 (Prop_lut6_I5_O)        0.124    10.262 r  rv64i59f_5sp/ex_mem_register/i___0_carry_i_20/O
                         net (fo=3, routed)           0.855    11.118    rv64i59f_5sp/id_ex_register/MEM_forward_data_value[0]
    SLICE_X23Y46         LUT6 (Prop_lut6_I5_O)        0.124    11.242 r  rv64i59f_5sp/id_ex_register/i___0_carry_i_26/O
                         net (fo=132, routed)         1.358    12.599    rv64i59f_5sp/ex_mem_register/src_B[0]
    SLICE_X25Y24         LUT2 (Prop_lut2_I1_O)        0.124    12.723 r  rv64i59f_5sp/ex_mem_register/alu_zero0_carry_i_191/O
                         net (fo=1, routed)           0.000    12.723    rv64i59f_5sp/ex_mem_register/alu_zero0_carry_i_191_n_0
    SLICE_X25Y24         CARRY4 (Prop_carry4_S[0]_CO[3])
                                                      0.532    13.255 r  rv64i59f_5sp/ex_mem_register/alu_zero0_carry_i_121/CO[3]
                         net (fo=1, routed)           0.009    13.264    rv64i59f_5sp/id_ex_register/alu_zero0_carry_i_11_0[0]
    SLICE_X25Y25         CARRY4 (Prop_carry4_CI_CO[3])
                                                      0.114    13.378 r  rv64i59f_5sp/id_ex_register/alu_zero0_carry_i_54/CO[3]
                         net (fo=1, routed)           0.000    13.378    rv64i59f_5sp/id_ex_register/alu_zero0_carry_i_54_n_0
    SLICE_X25Y26         CARRY4 (Prop_carry4_CI_CO[3])
                                                      0.114    13.492 r  rv64i59f_5sp/id_ex_register/alu_zero0_carry_i_159/CO[3]
                         net (fo=1, routed)           0.000    13.492    rv64i59f_5sp/id_ex_register/alu_zero0_carry_i_159_n_0
    SLICE_X25Y27         CARRY4 (Prop_carry4_CI_CO[3])
                                                      0.114    13.606 r  rv64i59f_5sp/id_ex_register/alu_zero0_carry__0_i_94/CO[3]
                         net (fo=1, routed)           0.000    13.606    rv64i59f_5sp/id_ex_register/alu_zero0_carry__0_i_94_n_0
    SLICE_X25Y28         CARRY4 (Prop_carry4_CI_CO[3])
                                                      0.114    13.720 r  rv64i59f_5sp/id_ex_register/alu_zero0_carry__0_i_78/CO[3]
                         net (fo=1, routed)           0.000    13.720    rv64i59f_5sp/id_ex_register/alu_zero0_carry__0_i_78_n_0
    SLICE_X25Y29         CARRY4 (Prop_carry4_CI_CO[3])
                                                      0.114    13.834 r  rv64i59f_5sp/id_ex_register/alu_zero0_carry__0_i_64/CO[3]
                         net (fo=1, routed)           0.000    13.834    rv64i59f_5sp/id_ex_register/alu_zero0_carry__0_i_64_n_0
    SLICE_X25Y30         CARRY4 (Prop_carry4_CI_CO[3])
                                                      0.114    13.948 r  rv64i59f_5sp/id_ex_register/alu_zero0_carry__1_i_50/CO[3]
                         net (fo=1, routed)           0.000    13.948    rv64i59f_5sp/id_ex_register/alu_zero0_carry__1_i_50_n_0
    SLICE_X25Y31         CARRY4 (Prop_carry4_CI_CO[3])
                                                      0.114    14.062 r  rv64i59f_5sp/id_ex_register/alu_zero0_carry__1_i_39/CO[3]
                         net (fo=1, routed)           0.000    14.062    rv64i59f_5sp/id_ex_register/alu_zero0_carry__1_i_39_n_0
    SLICE_X25Y32         CARRY4 (Prop_carry4_CI_CO[3])
                                                      0.114    14.176 r  rv64i59f_5sp/id_ex_register/alu_zero0_carry__1_i_126/CO[3]
                         net (fo=1, routed)           0.000    14.176    rv64i59f_5sp/id_ex_register/alu_zero0_carry__1_i_126_n_0
    SLICE_X25Y33         CARRY4 (Prop_carry4_CI_CO[3])
                                                      0.114    14.290 r  rv64i59f_5sp/id_ex_register/alu_zero0_carry__2_i_181/CO[3]
                         net (fo=1, routed)           0.000    14.290    rv64i59f_5sp/id_ex_register/alu_zero0_carry__2_i_181_n_0
    SLICE_X25Y34         CARRY4 (Prop_carry4_CI_CO[3])
                                                      0.114    14.404 r  rv64i59f_5sp/id_ex_register/alu_zero0_carry__2_i_115/CO[3]
                         net (fo=1, routed)           0.000    14.404    rv64i59f_5sp/id_ex_register/alu_zero0_carry__2_i_115_n_0
    SLICE_X25Y35         CARRY4 (Prop_carry4_CI_CO[3])
                                                      0.114    14.518 r  rv64i59f_5sp/id_ex_register/alu_zero0_carry__2_i_153/CO[3]
                         net (fo=1, routed)           0.000    14.518    rv64i59f_5sp/id_ex_register/alu_zero0_carry__2_i_153_n_0
    SLICE_X25Y36         CARRY4 (Prop_carry4_CI_CO[3])
                                                      0.114    14.632 r  rv64i59f_5sp/id_ex_register/alu_zero0_carry__3_i_128/CO[3]
                         net (fo=1, routed)           0.000    14.632    rv64i59f_5sp/id_ex_register/alu_zero0_carry__3_i_128_n_0
    SLICE_X25Y37         CARRY4 (Prop_carry4_CI_O[1])
                                                      0.334    14.966 f  rv64i59f_5sp/id_ex_register/alu_zero0_carry__3_i_154/O[1]
                         net (fo=1, routed)           0.445    15.411    rv64i59f_5sp/id_ex_register/alu/alu_dword/data0[53]
    SLICE_X28Y38         LUT6 (Prop_lut6_I4_O)        0.303    15.714 f  rv64i59f_5sp/id_ex_register/alu_zero0_carry__3_i_116/O
                         net (fo=1, routed)           0.562    16.276    rv64i59f_5sp/id_ex_register/alu_zero0_carry__3_i_116_n_0
    SLICE_X28Y40         LUT6 (Prop_lut6_I5_O)        0.124    16.400 r  rv64i59f_5sp/id_ex_register/alu_zero0_carry__3_i_44/O
                         net (fo=1, routed)           0.506    16.905    rv64i59f_5sp/id_ex_register/alu_zero0_carry__3_i_44_n_0
    SLICE_X29Y33         LUT6 (Prop_lut6_I0_O)        0.124    17.029 r  rv64i59f_5sp/id_ex_register/alu_zero0_carry__3_i_11/O
                         net (fo=3, routed)           0.962    17.991    rv64i59f_5sp/id_ex_register/alu_zero0_carry__3_i_11_n_0
    SLICE_X24Y33         LUT6 (Prop_lut6_I0_O)        0.124    18.115 r  rv64i59f_5sp/id_ex_register/alu_zero0_carry__3_i_3_comp/O
                         net (fo=1, routed)           0.000    18.115    rv64i59f_5sp/alu/alu_dword/alu_zero0_carry__4_0[1]
    SLICE_X24Y33         CARRY4 (Prop_carry4_S[1]_CO[3])
                                                      0.550    18.665 r  rv64i59f_5sp/alu/alu_dword/alu_zero0_carry__3/CO[3]
                         net (fo=1, routed)           0.000    18.665    rv64i59f_5sp/alu/alu_dword/alu_zero0_carry__3_n_0
    SLICE_X24Y34         CARRY4 (Prop_carry4_CI_CO[1])
                                                      0.157    18.822 r  rv64i59f_5sp/alu/alu_dword/alu_zero0_carry__4/CO[1]
                         net (fo=1, routed)           0.688    19.510    rv64i59f_5sp/id_ex_register/prediction_counter[1]_i_3_0[0]
    SLICE_X20Y33         LUT6 (Prop_lut6_I5_O)        0.329    19.839 r  rv64i59f_5sp/id_ex_register/prediction_counter[1]_i_3_comp/O
                         net (fo=66, routed)          0.367    20.207    rv64i59f_5sp/id_ex_register/alu_zero
    SLICE_X20Y33         LUT6 (Prop_lut6_I4_O)        0.124    20.331 f  rv64i59f_5sp/id_ex_register/ID_pc[63]_i_7/O
                         net (fo=106, routed)         0.763    21.094    rv64i59f_5sp/id_ex_register/branch_prediction_miss
    SLICE_X23Y39         LUT4 (Prop_lut4_I2_O)        0.124    21.218 f  rv64i59f_5sp/id_ex_register/ID_instruction[31]_i_3/O
                         net (fo=94, routed)          1.228    22.446    rv64i59f_5sp/if_id_register/EX_raw_imm_reg[11]
    SLICE_X38Y36         LUT2 (Prop_lut2_I1_O)        0.124    22.570 r  rv64i59f_5sp/if_id_register/EX_instruction[19]_i_1/O
                         net (fo=2, routed)           1.030    23.600    rv64i59f_5sp/id_ex_register/EX_instruction_reg[31]_1[19]
    SLICE_X39Y52         FDCE                                         r  rv64i59f_5sp/id_ex_register/EX_instruction_reg[19]/D
  -------------------------------------------------------------------    -------------------

                         (clock clk_out1_clk_wiz_0 rise edge)
                                                     25.000    25.000 r  
    R4                                                0.000    25.000 r  clk (IN)
                         net (fo=0)                   0.000    25.000    clk_gen/inst/clk_in1
    R4                   IBUF (Prop_ibuf_I_O)         1.405    26.405 r  clk_gen/inst/clkin1_ibufg/O
                         net (fo=1, routed)           1.181    27.586    clk_gen/inst/clk_in1_clk_wiz_0
    PLLE2_ADV_X1Y2       PLLE2_ADV (Prop_plle2_adv_CLKIN1_CLKOUT0)
                                                     -8.206    19.380 r  clk_gen/inst/plle2_adv_inst/CLKOUT0
                         net (fo=1, routed)           1.718    21.098    clk_gen/inst/clk_out1_clk_wiz_0
    BUFGCTRL_X0Y0        BUFG (Prop_bufg_I_O)         0.091    21.189 r  clk_gen/inst/clkout1_buf/O
                         net (fo=11618, routed)       1.802    22.991    rv64i59f_5sp/id_ex_register/clk_out1
    SLICE_X39Y52         FDCE                                         r  rv64i59f_5sp/id_ex_register/EX_instruction_reg[19]/C
                         clock pessimism             -0.499    22.492    
                         clock uncertainty           -0.173    22.319    
    SLICE_X39Y52         FDCE (Setup_fdce_C_D)       -0.047    22.272    rv64i59f_5sp/id_ex_register/EX_instruction_reg[19]
  -------------------------------------------------------------------
                         required time                         22.272    
                         arrival time                         -23.600    
  -------------------------------------------------------------------
                         slack                                 -1.328    

Slack (VIOLATED) :        -1.324ns  (required time - arrival time)
  Source:                 rv64i59f_5sp/ex_mem_register/MEM_alu_result_reg[7]_replica_6/C
                            (rising edge-triggered cell FDCE clocked by clk_out1_clk_wiz_0  {rise@0.000ns fall@12.500ns period=25.000ns})
  Destination:            rv64i59f_5sp/id_ex_register/EX_rs1_reg[4]/D
                            (rising edge-triggered cell FDCE clocked by clk_out1_clk_wiz_0  {rise@0.000ns fall@12.500ns period=25.000ns})
  Path Group:             clk_out1_clk_wiz_0
  Path Type:              Setup (Max at Slow Process Corner)
  Requirement:            25.000ns  (clk_out1_clk_wiz_0 rise@25.000ns - clk_out1_clk_wiz_0 rise@0.000ns)
  Data Path Delay:        25.899ns  (logic 6.554ns (25.306%)  route 19.345ns (74.694%))
  Logic Levels:           36  (CARRY4=16 LUT2=2 LUT3=1 LUT4=1 LUT5=1 LUT6=13 MUXF7=1 MUXF8=1)
  Clock Path Skew:        -0.190ns (DCD - SCD + CPR)
    Destination Clock Delay (DCD):    -2.009ns = ( 22.991 - 25.000 ) 
    Source Clock Delay      (SCD):    -2.318ns
    Clock Pessimism Removal (CPR):    -0.499ns
  Clock Uncertainty:      0.173ns  ((TSJ^2 + DJ^2)^1/2) / 2 + PE
    Total System Jitter     (TSJ):    0.071ns
    Discrete Jitter          (DJ):    0.338ns
    Phase Error              (PE):    0.000ns

    Location             Delay type                Incr(ns)  Path(ns)    Netlist Resource(s)
  -------------------------------------------------------------------    -------------------
                         (clock clk_out1_clk_wiz_0 rise edge)
                                                      0.000     0.000 r  
    R4                                                0.000     0.000 r  clk (IN)
                         net (fo=0)                   0.000     0.000    clk_gen/inst/clk_in1
    R4                   IBUF (Prop_ibuf_I_O)         1.475     1.475 r  clk_gen/inst/clkin1_ibufg/O
                         net (fo=1, routed)           1.253     2.728    clk_gen/inst/clk_in1_clk_wiz_0
    PLLE2_ADV_X1Y2       PLLE2_ADV (Prop_plle2_adv_CLKIN1_CLKOUT0)
                                                     -8.953    -6.225 r  clk_gen/inst/plle2_adv_inst/CLKOUT0
                         net (fo=1, routed)           1.802    -4.422    clk_gen/inst/clk_out1_clk_wiz_0
    BUFGCTRL_X0Y0        BUFG (Prop_bufg_I_O)         0.096    -4.326 r  clk_gen/inst/clkout1_buf/O
                         net (fo=11618, routed)       2.008    -2.318    rv64i59f_5sp/ex_mem_register/clk_out1
    SLICE_X50Y25         FDCE                                         r  rv64i59f_5sp/ex_mem_register/MEM_alu_result_reg[7]_replica_6/C
  -------------------------------------------------------------------    -------------------
    SLICE_X50Y25         FDCE (Prop_fdce_C_Q)         0.456    -1.862 r  rv64i59f_5sp/ex_mem_register/MEM_alu_result_reg[7]_replica_6/Q
                         net (fo=203, routed)         1.036    -0.825    rv64i59f_5sp/ex_mem_register/MEM_alu_result_reg[63]_0[7]_repN_6
    SLICE_X51Y21         LUT5 (Prop_lut5_I4_O)        0.124    -0.701 r  rv64i59f_5sp/ex_mem_register/g47_b16__1/O
                         net (fo=1, routed)           3.468     2.767    rv64i59f_5sp/ex_mem_register/g47_b16__1_n_0
    SLICE_X115Y14        LUT3 (Prop_lut3_I1_O)        0.124     2.891 r  rv64i59f_5sp/ex_mem_register/WB_byte_enable_logic_register_file_write_data_reg[48]_i_38/O
                         net (fo=1, routed)           0.502     3.393    rv64i59f_5sp/ex_mem_register/WB_byte_enable_logic_register_file_write_data_reg[48]_i_38_n_0
    SLICE_X114Y14        LUT6 (Prop_lut6_I0_O)        0.124     3.517 r  rv64i59f_5sp/ex_mem_register/WB_byte_enable_logic_register_file_write_data[48]_i_27/O
                         net (fo=1, routed)           0.000     3.517    rv64i59f_5sp/ex_mem_register/WB_byte_enable_logic_register_file_write_data[48]_i_27_n_0
    SLICE_X114Y14        MUXF7 (Prop_muxf7_I1_O)      0.245     3.762 r  rv64i59f_5sp/ex_mem_register/WB_byte_enable_logic_register_file_write_data_reg[48]_i_12/O
                         net (fo=1, routed)           0.000     3.762    rv64i59f_5sp/ex_mem_register/WB_byte_enable_logic_register_file_write_data_reg[48]_i_12_n_0
    SLICE_X114Y14        MUXF8 (Prop_muxf8_I0_O)      0.104     3.866 r  rv64i59f_5sp/ex_mem_register/WB_byte_enable_logic_register_file_write_data_reg[48]_i_7/O
                         net (fo=1, routed)           3.543     7.409    rv64i59f_5sp/ex_mem_register/WB_byte_enable_logic_register_file_write_data_reg[48]_i_7_n_0
    SLICE_X19Y67         LUT6 (Prop_lut6_I3_O)        0.316     7.725 r  rv64i59f_5sp/ex_mem_register/WB_byte_enable_logic_register_file_write_data[48]_i_4/O
                         net (fo=2, routed)           0.301     8.026    rv64i59f_5sp/ex_mem_register/WB_byte_enable_logic_register_file_write_data[48]_i_4_n_0
    SLICE_X17Y67         LUT6 (Prop_lut6_I1_O)        0.124     8.150 r  rv64i59f_5sp/ex_mem_register/WB_byte_enable_logic_register_file_write_data[48]_i_3/O
                         net (fo=7, routed)           0.631     8.781    rv64i59f_5sp/ex_mem_register/data_memory_read_data_muxed[48]
    SLICE_X15Y66         LUT6 (Prop_lut6_I3_O)        0.124     8.905 r  rv64i59f_5sp/ex_mem_register/WB_byte_enable_logic_register_file_write_data[0]_i_5/O
                         net (fo=2, routed)           0.420     9.325    rv64i59f_5sp/ex_mem_register/WB_byte_enable_logic_register_file_write_data[0]_i_5_n_0
    SLICE_X13Y65         LUT6 (Prop_lut6_I4_O)        0.124     9.449 r  rv64i59f_5sp/ex_mem_register/WB_byte_enable_logic_register_file_write_data[0]_i_2/O
                         net (fo=2, routed)           0.690    10.138    rv64i59f_5sp/ex_mem_register/byte_enable_logic_register_file_write_data[0]
    SLICE_X19Y55         LUT6 (Prop_lut6_I5_O)        0.124    10.262 r  rv64i59f_5sp/ex_mem_register/i___0_carry_i_20/O
                         net (fo=3, routed)           0.855    11.118    rv64i59f_5sp/id_ex_register/MEM_forward_data_value[0]
    SLICE_X23Y46         LUT6 (Prop_lut6_I5_O)        0.124    11.242 r  rv64i59f_5sp/id_ex_register/i___0_carry_i_26/O
                         net (fo=132, routed)         1.358    12.599    rv64i59f_5sp/ex_mem_register/src_B[0]
    SLICE_X25Y24         LUT2 (Prop_lut2_I1_O)        0.124    12.723 r  rv64i59f_5sp/ex_mem_register/alu_zero0_carry_i_191/O
                         net (fo=1, routed)           0.000    12.723    rv64i59f_5sp/ex_mem_register/alu_zero0_carry_i_191_n_0
    SLICE_X25Y24         CARRY4 (Prop_carry4_S[0]_CO[3])
                                                      0.532    13.255 r  rv64i59f_5sp/ex_mem_register/alu_zero0_carry_i_121/CO[3]
                         net (fo=1, routed)           0.009    13.264    rv64i59f_5sp/id_ex_register/alu_zero0_carry_i_11_0[0]
    SLICE_X25Y25         CARRY4 (Prop_carry4_CI_CO[3])
                                                      0.114    13.378 r  rv64i59f_5sp/id_ex_register/alu_zero0_carry_i_54/CO[3]
                         net (fo=1, routed)           0.000    13.378    rv64i59f_5sp/id_ex_register/alu_zero0_carry_i_54_n_0
    SLICE_X25Y26         CARRY4 (Prop_carry4_CI_CO[3])
                                                      0.114    13.492 r  rv64i59f_5sp/id_ex_register/alu_zero0_carry_i_159/CO[3]
                         net (fo=1, routed)           0.000    13.492    rv64i59f_5sp/id_ex_register/alu_zero0_carry_i_159_n_0
    SLICE_X25Y27         CARRY4 (Prop_carry4_CI_CO[3])
                                                      0.114    13.606 r  rv64i59f_5sp/id_ex_register/alu_zero0_carry__0_i_94/CO[3]
                         net (fo=1, routed)           0.000    13.606    rv64i59f_5sp/id_ex_register/alu_zero0_carry__0_i_94_n_0
    SLICE_X25Y28         CARRY4 (Prop_carry4_CI_CO[3])
                                                      0.114    13.720 r  rv64i59f_5sp/id_ex_register/alu_zero0_carry__0_i_78/CO[3]
                         net (fo=1, routed)           0.000    13.720    rv64i59f_5sp/id_ex_register/alu_zero0_carry__0_i_78_n_0
    SLICE_X25Y29         CARRY4 (Prop_carry4_CI_CO[3])
                                                      0.114    13.834 r  rv64i59f_5sp/id_ex_register/alu_zero0_carry__0_i_64/CO[3]
                         net (fo=1, routed)           0.000    13.834    rv64i59f_5sp/id_ex_register/alu_zero0_carry__0_i_64_n_0
    SLICE_X25Y30         CARRY4 (Prop_carry4_CI_CO[3])
                                                      0.114    13.948 r  rv64i59f_5sp/id_ex_register/alu_zero0_carry__1_i_50/CO[3]
                         net (fo=1, routed)           0.000    13.948    rv64i59f_5sp/id_ex_register/alu_zero0_carry__1_i_50_n_0
    SLICE_X25Y31         CARRY4 (Prop_carry4_CI_CO[3])
                                                      0.114    14.062 r  rv64i59f_5sp/id_ex_register/alu_zero0_carry__1_i_39/CO[3]
                         net (fo=1, routed)           0.000    14.062    rv64i59f_5sp/id_ex_register/alu_zero0_carry__1_i_39_n_0
    SLICE_X25Y32         CARRY4 (Prop_carry4_CI_CO[3])
                                                      0.114    14.176 r  rv64i59f_5sp/id_ex_register/alu_zero0_carry__1_i_126/CO[3]
                         net (fo=1, routed)           0.000    14.176    rv64i59f_5sp/id_ex_register/alu_zero0_carry__1_i_126_n_0
    SLICE_X25Y33         CARRY4 (Prop_carry4_CI_CO[3])
                                                      0.114    14.290 r  rv64i59f_5sp/id_ex_register/alu_zero0_carry__2_i_181/CO[3]
                         net (fo=1, routed)           0.000    14.290    rv64i59f_5sp/id_ex_register/alu_zero0_carry__2_i_181_n_0
    SLICE_X25Y34         CARRY4 (Prop_carry4_CI_CO[3])
                                                      0.114    14.404 r  rv64i59f_5sp/id_ex_register/alu_zero0_carry__2_i_115/CO[3]
                         net (fo=1, routed)           0.000    14.404    rv64i59f_5sp/id_ex_register/alu_zero0_carry__2_i_115_n_0
    SLICE_X25Y35         CARRY4 (Prop_carry4_CI_CO[3])
                                                      0.114    14.518 r  rv64i59f_5sp/id_ex_register/alu_zero0_carry__2_i_153/CO[3]
                         net (fo=1, routed)           0.000    14.518    rv64i59f_5sp/id_ex_register/alu_zero0_carry__2_i_153_n_0
    SLICE_X25Y36         CARRY4 (Prop_carry4_CI_CO[3])
                                                      0.114    14.632 r  rv64i59f_5sp/id_ex_register/alu_zero0_carry__3_i_128/CO[3]
                         net (fo=1, routed)           0.000    14.632    rv64i59f_5sp/id_ex_register/alu_zero0_carry__3_i_128_n_0
    SLICE_X25Y37         CARRY4 (Prop_carry4_CI_O[1])
                                                      0.334    14.966 f  rv64i59f_5sp/id_ex_register/alu_zero0_carry__3_i_154/O[1]
                         net (fo=1, routed)           0.445    15.411    rv64i59f_5sp/id_ex_register/alu/alu_dword/data0[53]
    SLICE_X28Y38         LUT6 (Prop_lut6_I4_O)        0.303    15.714 f  rv64i59f_5sp/id_ex_register/alu_zero0_carry__3_i_116/O
                         net (fo=1, routed)           0.562    16.276    rv64i59f_5sp/id_ex_register/alu_zero0_carry__3_i_116_n_0
    SLICE_X28Y40         LUT6 (Prop_lut6_I5_O)        0.124    16.400 r  rv64i59f_5sp/id_ex_register/alu_zero0_carry__3_i_44/O
                         net (fo=1, routed)           0.506    16.905    rv64i59f_5sp/id_ex_register/alu_zero0_carry__3_i_44_n_0
    SLICE_X29Y33         LUT6 (Prop_lut6_I0_O)        0.124    17.029 r  rv64i59f_5sp/id_ex_register/alu_zero0_carry__3_i_11/O
                         net (fo=3, routed)           0.962    17.991    rv64i59f_5sp/id_ex_register/alu_zero0_carry__3_i_11_n_0
    SLICE_X24Y33         LUT6 (Prop_lut6_I0_O)        0.124    18.115 r  rv64i59f_5sp/id_ex_register/alu_zero0_carry__3_i_3_comp/O
                         net (fo=1, routed)           0.000    18.115    rv64i59f_5sp/alu/alu_dword/alu_zero0_carry__4_0[1]
    SLICE_X24Y33         CARRY4 (Prop_carry4_S[1]_CO[3])
                                                      0.550    18.665 r  rv64i59f_5sp/alu/alu_dword/alu_zero0_carry__3/CO[3]
                         net (fo=1, routed)           0.000    18.665    rv64i59f_5sp/alu/alu_dword/alu_zero0_carry__3_n_0
    SLICE_X24Y34         CARRY4 (Prop_carry4_CI_CO[1])
                                                      0.157    18.822 r  rv64i59f_5sp/alu/alu_dword/alu_zero0_carry__4/CO[1]
                         net (fo=1, routed)           0.688    19.510    rv64i59f_5sp/id_ex_register/prediction_counter[1]_i_3_0[0]
    SLICE_X20Y33         LUT6 (Prop_lut6_I5_O)        0.329    19.839 r  rv64i59f_5sp/id_ex_register/prediction_counter[1]_i_3_comp/O
                         net (fo=66, routed)          0.367    20.207    rv64i59f_5sp/id_ex_register/alu_zero
    SLICE_X20Y33         LUT6 (Prop_lut6_I4_O)        0.124    20.331 f  rv64i59f_5sp/id_ex_register/ID_pc[63]_i_7/O
                         net (fo=106, routed)         0.763    21.094    rv64i59f_5sp/id_ex_register/branch_prediction_miss
    SLICE_X23Y39         LUT4 (Prop_lut4_I2_O)        0.124    21.218 f  rv64i59f_5sp/id_ex_register/ID_instruction[31]_i_3/O
                         net (fo=94, routed)          1.228    22.446    rv64i59f_5sp/if_id_register/EX_raw_imm_reg[11]
    SLICE_X38Y36         LUT2 (Prop_lut2_I1_O)        0.124    22.570 r  rv64i59f_5sp/if_id_register/EX_instruction[19]_i_1/O
                         net (fo=2, routed)           1.011    23.581    rv64i59f_5sp/id_ex_register/EX_instruction_reg[31]_1[19]
    SLICE_X39Y52         FDCE                                         r  rv64i59f_5sp/id_ex_register/EX_rs1_reg[4]/D
  -------------------------------------------------------------------    -------------------

                         (clock clk_out1_clk_wiz_0 rise edge)
                                                     25.000    25.000 r  
    R4                                                0.000    25.000 r  clk (IN)
                         net (fo=0)                   0.000    25.000    clk_gen/inst/clk_in1
    R4                   IBUF (Prop_ibuf_I_O)         1.405    26.405 r  clk_gen/inst/clkin1_ibufg/O
                         net (fo=1, routed)           1.181    27.586    clk_gen/inst/clk_in1_clk_wiz_0
    PLLE2_ADV_X1Y2       PLLE2_ADV (Prop_plle2_adv_CLKIN1_CLKOUT0)
                                                     -8.206    19.380 r  clk_gen/inst/plle2_adv_inst/CLKOUT0
                         net (fo=1, routed)           1.718    21.098    clk_gen/inst/clk_out1_clk_wiz_0
    BUFGCTRL_X0Y0        BUFG (Prop_bufg_I_O)         0.091    21.189 r  clk_gen/inst/clkout1_buf/O
                         net (fo=11618, routed)       1.802    22.991    rv64i59f_5sp/id_ex_register/clk_out1
    SLICE_X39Y52         FDCE                                         r  rv64i59f_5sp/id_ex_register/EX_rs1_reg[4]/C
                         clock pessimism             -0.499    22.492    
                         clock uncertainty           -0.173    22.319    
    SLICE_X39Y52         FDCE (Setup_fdce_C_D)       -0.062    22.257    rv64i59f_5sp/id_ex_register/EX_rs1_reg[4]
  -------------------------------------------------------------------
                         required time                         22.257    
                         arrival time                         -23.581    
  -------------------------------------------------------------------
                         slack                                 -1.324    

Slack (VIOLATED) :        -1.293ns  (required time - arrival time)
  Source:                 rv64i59f_5sp/ex_mem_register/MEM_alu_result_reg[7]_replica_6/C
                            (rising edge-triggered cell FDCE clocked by clk_out1_clk_wiz_0  {rise@0.000ns fall@12.500ns period=25.000ns})
  Destination:            rv64i59f_5sp/id_ex_register/EX_raw_imm_reg[6]/CE
                            (rising edge-triggered cell FDCE clocked by clk_out1_clk_wiz_0  {rise@0.000ns fall@12.500ns period=25.000ns})
  Path Group:             clk_out1_clk_wiz_0
  Path Type:              Setup (Max at Slow Process Corner)
  Requirement:            25.000ns  (clk_out1_clk_wiz_0 rise@25.000ns - clk_out1_clk_wiz_0 rise@0.000ns)
  Data Path Delay:        25.727ns  (logic 6.430ns (24.993%)  route 19.297ns (75.007%))
  Logic Levels:           35  (CARRY4=16 LUT2=1 LUT3=1 LUT5=1 LUT6=14 MUXF7=1 MUXF8=1)
  Clock Path Skew:        -0.188ns (DCD - SCD + CPR)
    Destination Clock Delay (DCD):    -2.007ns = ( 22.993 - 25.000 ) 
    Source Clock Delay      (SCD):    -2.318ns
    Clock Pessimism Removal (CPR):    -0.499ns
  Clock Uncertainty:      0.173ns  ((TSJ^2 + DJ^2)^1/2) / 2 + PE
    Total System Jitter     (TSJ):    0.071ns
    Discrete Jitter          (DJ):    0.338ns
    Phase Error              (PE):    0.000ns

    Location             Delay type                Incr(ns)  Path(ns)    Netlist Resource(s)
  -------------------------------------------------------------------    -------------------
                         (clock clk_out1_clk_wiz_0 rise edge)
                                                      0.000     0.000 r  
    R4                                                0.000     0.000 r  clk (IN)
                         net (fo=0)                   0.000     0.000    clk_gen/inst/clk_in1
    R4                   IBUF (Prop_ibuf_I_O)         1.475     1.475 r  clk_gen/inst/clkin1_ibufg/O
                         net (fo=1, routed)           1.253     2.728    clk_gen/inst/clk_in1_clk_wiz_0
    PLLE2_ADV_X1Y2       PLLE2_ADV (Prop_plle2_adv_CLKIN1_CLKOUT0)
                                                     -8.953    -6.225 r  clk_gen/inst/plle2_adv_inst/CLKOUT0
                         net (fo=1, routed)           1.802    -4.422    clk_gen/inst/clk_out1_clk_wiz_0
    BUFGCTRL_X0Y0        BUFG (Prop_bufg_I_O)         0.096    -4.326 r  clk_gen/inst/clkout1_buf/O
                         net (fo=11618, routed)       2.008    -2.318    rv64i59f_5sp/ex_mem_register/clk_out1
    SLICE_X50Y25         FDCE                                         r  rv64i59f_5sp/ex_mem_register/MEM_alu_result_reg[7]_replica_6/C
  -------------------------------------------------------------------    -------------------
    SLICE_X50Y25         FDCE (Prop_fdce_C_Q)         0.456    -1.862 r  rv64i59f_5sp/ex_mem_register/MEM_alu_result_reg[7]_replica_6/Q
                         net (fo=203, routed)         1.036    -0.825    rv64i59f_5sp/ex_mem_register/MEM_alu_result_reg[63]_0[7]_repN_6
    SLICE_X51Y21         LUT5 (Prop_lut5_I4_O)        0.124    -0.701 r  rv64i59f_5sp/ex_mem_register/g47_b16__1/O
                         net (fo=1, routed)           3.468     2.767    rv64i59f_5sp/ex_mem_register/g47_b16__1_n_0
    SLICE_X115Y14        LUT3 (Prop_lut3_I1_O)        0.124     2.891 r  rv64i59f_5sp/ex_mem_register/WB_byte_enable_logic_register_file_write_data_reg[48]_i_38/O
                         net (fo=1, routed)           0.502     3.393    rv64i59f_5sp/ex_mem_register/WB_byte_enable_logic_register_file_write_data_reg[48]_i_38_n_0
    SLICE_X114Y14        LUT6 (Prop_lut6_I0_O)        0.124     3.517 r  rv64i59f_5sp/ex_mem_register/WB_byte_enable_logic_register_file_write_data[48]_i_27/O
                         net (fo=1, routed)           0.000     3.517    rv64i59f_5sp/ex_mem_register/WB_byte_enable_logic_register_file_write_data[48]_i_27_n_0
    SLICE_X114Y14        MUXF7 (Prop_muxf7_I1_O)      0.245     3.762 r  rv64i59f_5sp/ex_mem_register/WB_byte_enable_logic_register_file_write_data_reg[48]_i_12/O
                         net (fo=1, routed)           0.000     3.762    rv64i59f_5sp/ex_mem_register/WB_byte_enable_logic_register_file_write_data_reg[48]_i_12_n_0
    SLICE_X114Y14        MUXF8 (Prop_muxf8_I0_O)      0.104     3.866 r  rv64i59f_5sp/ex_mem_register/WB_byte_enable_logic_register_file_write_data_reg[48]_i_7/O
                         net (fo=1, routed)           3.543     7.409    rv64i59f_5sp/ex_mem_register/WB_byte_enable_logic_register_file_write_data_reg[48]_i_7_n_0
    SLICE_X19Y67         LUT6 (Prop_lut6_I3_O)        0.316     7.725 r  rv64i59f_5sp/ex_mem_register/WB_byte_enable_logic_register_file_write_data[48]_i_4/O
                         net (fo=2, routed)           0.301     8.026    rv64i59f_5sp/ex_mem_register/WB_byte_enable_logic_register_file_write_data[48]_i_4_n_0
    SLICE_X17Y67         LUT6 (Prop_lut6_I1_O)        0.124     8.150 r  rv64i59f_5sp/ex_mem_register/WB_byte_enable_logic_register_file_write_data[48]_i_3/O
                         net (fo=7, routed)           0.631     8.781    rv64i59f_5sp/ex_mem_register/data_memory_read_data_muxed[48]
    SLICE_X15Y66         LUT6 (Prop_lut6_I3_O)        0.124     8.905 r  rv64i59f_5sp/ex_mem_register/WB_byte_enable_logic_register_file_write_data[0]_i_5/O
                         net (fo=2, routed)           0.420     9.325    rv64i59f_5sp/ex_mem_register/WB_byte_enable_logic_register_file_write_data[0]_i_5_n_0
    SLICE_X13Y65         LUT6 (Prop_lut6_I4_O)        0.124     9.449 r  rv64i59f_5sp/ex_mem_register/WB_byte_enable_logic_register_file_write_data[0]_i_2/O
                         net (fo=2, routed)           0.690    10.138    rv64i59f_5sp/ex_mem_register/byte_enable_logic_register_file_write_data[0]
    SLICE_X19Y55         LUT6 (Prop_lut6_I5_O)        0.124    10.262 r  rv64i59f_5sp/ex_mem_register/i___0_carry_i_20/O
                         net (fo=3, routed)           0.855    11.118    rv64i59f_5sp/id_ex_register/MEM_forward_data_value[0]
    SLICE_X23Y46         LUT6 (Prop_lut6_I5_O)        0.124    11.242 r  rv64i59f_5sp/id_ex_register/i___0_carry_i_26/O
                         net (fo=132, routed)         1.358    12.599    rv64i59f_5sp/ex_mem_register/src_B[0]
    SLICE_X25Y24         LUT2 (Prop_lut2_I1_O)        0.124    12.723 r  rv64i59f_5sp/ex_mem_register/alu_zero0_carry_i_191/O
                         net (fo=1, routed)           0.000    12.723    rv64i59f_5sp/ex_mem_register/alu_zero0_carry_i_191_n_0
    SLICE_X25Y24         CARRY4 (Prop_carry4_S[0]_CO[3])
                                                      0.532    13.255 r  rv64i59f_5sp/ex_mem_register/alu_zero0_carry_i_121/CO[3]
                         net (fo=1, routed)           0.009    13.264    rv64i59f_5sp/id_ex_register/alu_zero0_carry_i_11_0[0]
    SLICE_X25Y25         CARRY4 (Prop_carry4_CI_CO[3])
                                                      0.114    13.378 r  rv64i59f_5sp/id_ex_register/alu_zero0_carry_i_54/CO[3]
                         net (fo=1, routed)           0.000    13.378    rv64i59f_5sp/id_ex_register/alu_zero0_carry_i_54_n_0
    SLICE_X25Y26         CARRY4 (Prop_carry4_CI_CO[3])
                                                      0.114    13.492 r  rv64i59f_5sp/id_ex_register/alu_zero0_carry_i_159/CO[3]
                         net (fo=1, routed)           0.000    13.492    rv64i59f_5sp/id_ex_register/alu_zero0_carry_i_159_n_0
    SLICE_X25Y27         CARRY4 (Prop_carry4_CI_CO[3])
                                                      0.114    13.606 r  rv64i59f_5sp/id_ex_register/alu_zero0_carry__0_i_94/CO[3]
                         net (fo=1, routed)           0.000    13.606    rv64i59f_5sp/id_ex_register/alu_zero0_carry__0_i_94_n_0
    SLICE_X25Y28         CARRY4 (Prop_carry4_CI_CO[3])
                                                      0.114    13.720 r  rv64i59f_5sp/id_ex_register/alu_zero0_carry__0_i_78/CO[3]
                         net (fo=1, routed)           0.000    13.720    rv64i59f_5sp/id_ex_register/alu_zero0_carry__0_i_78_n_0
    SLICE_X25Y29         CARRY4 (Prop_carry4_CI_CO[3])
                                                      0.114    13.834 r  rv64i59f_5sp/id_ex_register/alu_zero0_carry__0_i_64/CO[3]
                         net (fo=1, routed)           0.000    13.834    rv64i59f_5sp/id_ex_register/alu_zero0_carry__0_i_64_n_0
    SLICE_X25Y30         CARRY4 (Prop_carry4_CI_CO[3])
                                                      0.114    13.948 r  rv64i59f_5sp/id_ex_register/alu_zero0_carry__1_i_50/CO[3]
                         net (fo=1, routed)           0.000    13.948    rv64i59f_5sp/id_ex_register/alu_zero0_carry__1_i_50_n_0
    SLICE_X25Y31         CARRY4 (Prop_carry4_CI_CO[3])
                                                      0.114    14.062 r  rv64i59f_5sp/id_ex_register/alu_zero0_carry__1_i_39/CO[3]
                         net (fo=1, routed)           0.000    14.062    rv64i59f_5sp/id_ex_register/alu_zero0_carry__1_i_39_n_0
    SLICE_X25Y32         CARRY4 (Prop_carry4_CI_CO[3])
                                                      0.114    14.176 r  rv64i59f_5sp/id_ex_register/alu_zero0_carry__1_i_126/CO[3]
                         net (fo=1, routed)           0.000    14.176    rv64i59f_5sp/id_ex_register/alu_zero0_carry__1_i_126_n_0
    SLICE_X25Y33         CARRY4 (Prop_carry4_CI_CO[3])
                                                      0.114    14.290 r  rv64i59f_5sp/id_ex_register/alu_zero0_carry__2_i_181/CO[3]
                         net (fo=1, routed)           0.000    14.290    rv64i59f_5sp/id_ex_register/alu_zero0_carry__2_i_181_n_0
    SLICE_X25Y34         CARRY4 (Prop_carry4_CI_CO[3])
                                                      0.114    14.404 r  rv64i59f_5sp/id_ex_register/alu_zero0_carry__2_i_115/CO[3]
                         net (fo=1, routed)           0.000    14.404    rv64i59f_5sp/id_ex_register/alu_zero0_carry__2_i_115_n_0
    SLICE_X25Y35         CARRY4 (Prop_carry4_CI_CO[3])
                                                      0.114    14.518 r  rv64i59f_5sp/id_ex_register/alu_zero0_carry__2_i_153/CO[3]
                         net (fo=1, routed)           0.000    14.518    rv64i59f_5sp/id_ex_register/alu_zero0_carry__2_i_153_n_0
    SLICE_X25Y36         CARRY4 (Prop_carry4_CI_CO[3])
                                                      0.114    14.632 r  rv64i59f_5sp/id_ex_register/alu_zero0_carry__3_i_128/CO[3]
                         net (fo=1, routed)           0.000    14.632    rv64i59f_5sp/id_ex_register/alu_zero0_carry__3_i_128_n_0
    SLICE_X25Y37         CARRY4 (Prop_carry4_CI_O[1])
                                                      0.334    14.966 f  rv64i59f_5sp/id_ex_register/alu_zero0_carry__3_i_154/O[1]
                         net (fo=1, routed)           0.445    15.411    rv64i59f_5sp/id_ex_register/alu/alu_dword/data0[53]
    SLICE_X28Y38         LUT6 (Prop_lut6_I4_O)        0.303    15.714 f  rv64i59f_5sp/id_ex_register/alu_zero0_carry__3_i_116/O
                         net (fo=1, routed)           0.562    16.276    rv64i59f_5sp/id_ex_register/alu_zero0_carry__3_i_116_n_0
    SLICE_X28Y40         LUT6 (Prop_lut6_I5_O)        0.124    16.400 r  rv64i59f_5sp/id_ex_register/alu_zero0_carry__3_i_44/O
                         net (fo=1, routed)           0.506    16.905    rv64i59f_5sp/id_ex_register/alu_zero0_carry__3_i_44_n_0
    SLICE_X29Y33         LUT6 (Prop_lut6_I0_O)        0.124    17.029 r  rv64i59f_5sp/id_ex_register/alu_zero0_carry__3_i_11/O
                         net (fo=3, routed)           0.962    17.991    rv64i59f_5sp/id_ex_register/alu_zero0_carry__3_i_11_n_0
    SLICE_X24Y33         LUT6 (Prop_lut6_I0_O)        0.124    18.115 r  rv64i59f_5sp/id_ex_register/alu_zero0_carry__3_i_3_comp/O
                         net (fo=1, routed)           0.000    18.115    rv64i59f_5sp/alu/alu_dword/alu_zero0_carry__4_0[1]
    SLICE_X24Y33         CARRY4 (Prop_carry4_S[1]_CO[3])
                                                      0.550    18.665 r  rv64i59f_5sp/alu/alu_dword/alu_zero0_carry__3/CO[3]
                         net (fo=1, routed)           0.000    18.665    rv64i59f_5sp/alu/alu_dword/alu_zero0_carry__3_n_0
    SLICE_X24Y34         CARRY4 (Prop_carry4_CI_CO[1])
                                                      0.157    18.822 r  rv64i59f_5sp/alu/alu_dword/alu_zero0_carry__4/CO[1]
                         net (fo=1, routed)           0.688    19.510    rv64i59f_5sp/id_ex_register/prediction_counter[1]_i_3_0[0]
    SLICE_X20Y33         LUT6 (Prop_lut6_I5_O)        0.329    19.839 r  rv64i59f_5sp/id_ex_register/prediction_counter[1]_i_3_comp/O
                         net (fo=66, routed)          0.367    20.207    rv64i59f_5sp/id_ex_register/alu_zero
    SLICE_X20Y33         LUT6 (Prop_lut6_I4_O)        0.124    20.331 r  rv64i59f_5sp/id_ex_register/ID_pc[63]_i_7/O
                         net (fo=106, routed)         1.625    21.956    rv64i59f_5sp/exception_detector/branch_prediction_miss_alias
    SLICE_X38Y52         LUT6 (Prop_lut6_I5_O)        0.124    22.080 r  rv64i59f_5sp/exception_detector/ID_pc[63]_i_1_comp/O
                         net (fo=630, routed)         1.329    23.409    rv64i59f_5sp/id_ex_register/EX_csr_read_data_reg[0]_0
    SLICE_X32Y62         FDCE                                         r  rv64i59f_5sp/id_ex_register/EX_raw_imm_reg[6]/CE
  -------------------------------------------------------------------    -------------------

                         (clock clk_out1_clk_wiz_0 rise edge)
                                                     25.000    25.000 r  
    R4                                                0.000    25.000 r  clk (IN)
                         net (fo=0)                   0.000    25.000    clk_gen/inst/clk_in1
    R4                   IBUF (Prop_ibuf_I_O)         1.405    26.405 r  clk_gen/inst/clkin1_ibufg/O
                         net (fo=1, routed)           1.181    27.586    clk_gen/inst/clk_in1_clk_wiz_0
    PLLE2_ADV_X1Y2       PLLE2_ADV (Prop_plle2_adv_CLKIN1_CLKOUT0)
                                                     -8.206    19.380 r  clk_gen/inst/plle2_adv_inst/CLKOUT0
                         net (fo=1, routed)           1.718    21.098    clk_gen/inst/clk_out1_clk_wiz_0
    BUFGCTRL_X0Y0        BUFG (Prop_bufg_I_O)         0.091    21.189 r  clk_gen/inst/clkout1_buf/O
                         net (fo=11618, routed)       1.804    22.993    rv64i59f_5sp/id_ex_register/clk_out1
    SLICE_X32Y62         FDCE                                         r  rv64i59f_5sp/id_ex_register/EX_raw_imm_reg[6]/C
                         clock pessimism             -0.499    22.494    
                         clock uncertainty           -0.173    22.321    
    SLICE_X32Y62         FDCE (Setup_fdce_C_CE)      -0.205    22.116    rv64i59f_5sp/id_ex_register/EX_raw_imm_reg[6]
  -------------------------------------------------------------------
                         required time                         22.116    
                         arrival time                         -23.409    
  -------------------------------------------------------------------
                         slack                                 -1.293    

Slack (VIOLATED) :        -1.293ns  (required time - arrival time)
  Source:                 rv64i59f_5sp/ex_mem_register/MEM_alu_result_reg[7]_replica_6/C
                            (rising edge-triggered cell FDCE clocked by clk_out1_clk_wiz_0  {rise@0.000ns fall@12.500ns period=25.000ns})
  Destination:            rv64i59f_5sp/id_ex_register/EX_raw_imm_reg[7]/CE
                            (rising edge-triggered cell FDCE clocked by clk_out1_clk_wiz_0  {rise@0.000ns fall@12.500ns period=25.000ns})
  Path Group:             clk_out1_clk_wiz_0
  Path Type:              Setup (Max at Slow Process Corner)
  Requirement:            25.000ns  (clk_out1_clk_wiz_0 rise@25.000ns - clk_out1_clk_wiz_0 rise@0.000ns)
  Data Path Delay:        25.727ns  (logic 6.430ns (24.993%)  route 19.297ns (75.007%))
  Logic Levels:           35  (CARRY4=16 LUT2=1 LUT3=1 LUT5=1 LUT6=14 MUXF7=1 MUXF8=1)
  Clock Path Skew:        -0.188ns (DCD - SCD + CPR)
    Destination Clock Delay (DCD):    -2.007ns = ( 22.993 - 25.000 ) 
    Source Clock Delay      (SCD):    -2.318ns
    Clock Pessimism Removal (CPR):    -0.499ns
  Clock Uncertainty:      0.173ns  ((TSJ^2 + DJ^2)^1/2) / 2 + PE
    Total System Jitter     (TSJ):    0.071ns
    Discrete Jitter          (DJ):    0.338ns
    Phase Error              (PE):    0.000ns

    Location             Delay type                Incr(ns)  Path(ns)    Netlist Resource(s)
  -------------------------------------------------------------------    -------------------
                         (clock clk_out1_clk_wiz_0 rise edge)
                                                      0.000     0.000 r  
    R4                                                0.000     0.000 r  clk (IN)
                         net (fo=0)                   0.000     0.000    clk_gen/inst/clk_in1
    R4                   IBUF (Prop_ibuf_I_O)         1.475     1.475 r  clk_gen/inst/clkin1_ibufg/O
                         net (fo=1, routed)           1.253     2.728    clk_gen/inst/clk_in1_clk_wiz_0
    PLLE2_ADV_X1Y2       PLLE2_ADV (Prop_plle2_adv_CLKIN1_CLKOUT0)
                                                     -8.953    -6.225 r  clk_gen/inst/plle2_adv_inst/CLKOUT0
                         net (fo=1, routed)           1.802    -4.422    clk_gen/inst/clk_out1_clk_wiz_0
    BUFGCTRL_X0Y0        BUFG (Prop_bufg_I_O)         0.096    -4.326 r  clk_gen/inst/clkout1_buf/O
                         net (fo=11618, routed)       2.008    -2.318    rv64i59f_5sp/ex_mem_register/clk_out1
    SLICE_X50Y25         FDCE                                         r  rv64i59f_5sp/ex_mem_register/MEM_alu_result_reg[7]_replica_6/C
  -------------------------------------------------------------------    -------------------
    SLICE_X50Y25         FDCE (Prop_fdce_C_Q)         0.456    -1.862 r  rv64i59f_5sp/ex_mem_register/MEM_alu_result_reg[7]_replica_6/Q
                         net (fo=203, routed)         1.036    -0.825    rv64i59f_5sp/ex_mem_register/MEM_alu_result_reg[63]_0[7]_repN_6
    SLICE_X51Y21         LUT5 (Prop_lut5_I4_O)        0.124    -0.701 r  rv64i59f_5sp/ex_mem_register/g47_b16__1/O
                         net (fo=1, routed)           3.468     2.767    rv64i59f_5sp/ex_mem_register/g47_b16__1_n_0
    SLICE_X115Y14        LUT3 (Prop_lut3_I1_O)        0.124     2.891 r  rv64i59f_5sp/ex_mem_register/WB_byte_enable_logic_register_file_write_data_reg[48]_i_38/O
                         net (fo=1, routed)           0.502     3.393    rv64i59f_5sp/ex_mem_register/WB_byte_enable_logic_register_file_write_data_reg[48]_i_38_n_0
    SLICE_X114Y14        LUT6 (Prop_lut6_I0_O)        0.124     3.517 r  rv64i59f_5sp/ex_mem_register/WB_byte_enable_logic_register_file_write_data[48]_i_27/O
                         net (fo=1, routed)           0.000     3.517    rv64i59f_5sp/ex_mem_register/WB_byte_enable_logic_register_file_write_data[48]_i_27_n_0
    SLICE_X114Y14        MUXF7 (Prop_muxf7_I1_O)      0.245     3.762 r  rv64i59f_5sp/ex_mem_register/WB_byte_enable_logic_register_file_write_data_reg[48]_i_12/O
                         net (fo=1, routed)           0.000     3.762    rv64i59f_5sp/ex_mem_register/WB_byte_enable_logic_register_file_write_data_reg[48]_i_12_n_0
    SLICE_X114Y14        MUXF8 (Prop_muxf8_I0_O)      0.104     3.866 r  rv64i59f_5sp/ex_mem_register/WB_byte_enable_logic_register_file_write_data_reg[48]_i_7/O
                         net (fo=1, routed)           3.543     7.409    rv64i59f_5sp/ex_mem_register/WB_byte_enable_logic_register_file_write_data_reg[48]_i_7_n_0
    SLICE_X19Y67         LUT6 (Prop_lut6_I3_O)        0.316     7.725 r  rv64i59f_5sp/ex_mem_register/WB_byte_enable_logic_register_file_write_data[48]_i_4/O
                         net (fo=2, routed)           0.301     8.026    rv64i59f_5sp/ex_mem_register/WB_byte_enable_logic_register_file_write_data[48]_i_4_n_0
    SLICE_X17Y67         LUT6 (Prop_lut6_I1_O)        0.124     8.150 r  rv64i59f_5sp/ex_mem_register/WB_byte_enable_logic_register_file_write_data[48]_i_3/O
                         net (fo=7, routed)           0.631     8.781    rv64i59f_5sp/ex_mem_register/data_memory_read_data_muxed[48]
    SLICE_X15Y66         LUT6 (Prop_lut6_I3_O)        0.124     8.905 r  rv64i59f_5sp/ex_mem_register/WB_byte_enable_logic_register_file_write_data[0]_i_5/O
                         net (fo=2, routed)           0.420     9.325    rv64i59f_5sp/ex_mem_register/WB_byte_enable_logic_register_file_write_data[0]_i_5_n_0
    SLICE_X13Y65         LUT6 (Prop_lut6_I4_O)        0.124     9.449 r  rv64i59f_5sp/ex_mem_register/WB_byte_enable_logic_register_file_write_data[0]_i_2/O
                         net (fo=2, routed)           0.690    10.138    rv64i59f_5sp/ex_mem_register/byte_enable_logic_register_file_write_data[0]
    SLICE_X19Y55         LUT6 (Prop_lut6_I5_O)        0.124    10.262 r  rv64i59f_5sp/ex_mem_register/i___0_carry_i_20/O
                         net (fo=3, routed)           0.855    11.118    rv64i59f_5sp/id_ex_register/MEM_forward_data_value[0]
    SLICE_X23Y46         LUT6 (Prop_lut6_I5_O)        0.124    11.242 r  rv64i59f_5sp/id_ex_register/i___0_carry_i_26/O
                         net (fo=132, routed)         1.358    12.599    rv64i59f_5sp/ex_mem_register/src_B[0]
    SLICE_X25Y24         LUT2 (Prop_lut2_I1_O)        0.124    12.723 r  rv64i59f_5sp/ex_mem_register/alu_zero0_carry_i_191/O
                         net (fo=1, routed)           0.000    12.723    rv64i59f_5sp/ex_mem_register/alu_zero0_carry_i_191_n_0
    SLICE_X25Y24         CARRY4 (Prop_carry4_S[0]_CO[3])
                                                      0.532    13.255 r  rv64i59f_5sp/ex_mem_register/alu_zero0_carry_i_121/CO[3]
                         net (fo=1, routed)           0.009    13.264    rv64i59f_5sp/id_ex_register/alu_zero0_carry_i_11_0[0]
    SLICE_X25Y25         CARRY4 (Prop_carry4_CI_CO[3])
                                                      0.114    13.378 r  rv64i59f_5sp/id_ex_register/alu_zero0_carry_i_54/CO[3]
                         net (fo=1, routed)           0.000    13.378    rv64i59f_5sp/id_ex_register/alu_zero0_carry_i_54_n_0
    SLICE_X25Y26         CARRY4 (Prop_carry4_CI_CO[3])
                                                      0.114    13.492 r  rv64i59f_5sp/id_ex_register/alu_zero0_carry_i_159/CO[3]
                         net (fo=1, routed)           0.000    13.492    rv64i59f_5sp/id_ex_register/alu_zero0_carry_i_159_n_0
    SLICE_X25Y27         CARRY4 (Prop_carry4_CI_CO[3])
                                                      0.114    13.606 r  rv64i59f_5sp/id_ex_register/alu_zero0_carry__0_i_94/CO[3]
                         net (fo=1, routed)           0.000    13.606    rv64i59f_5sp/id_ex_register/alu_zero0_carry__0_i_94_n_0
    SLICE_X25Y28         CARRY4 (Prop_carry4_CI_CO[3])
                                                      0.114    13.720 r  rv64i59f_5sp/id_ex_register/alu_zero0_carry__0_i_78/CO[3]
                         net (fo=1, routed)           0.000    13.720    rv64i59f_5sp/id_ex_register/alu_zero0_carry__0_i_78_n_0
    SLICE_X25Y29         CARRY4 (Prop_carry4_CI_CO[3])
                                                      0.114    13.834 r  rv64i59f_5sp/id_ex_register/alu_zero0_carry__0_i_64/CO[3]
                         net (fo=1, routed)           0.000    13.834    rv64i59f_5sp/id_ex_register/alu_zero0_carry__0_i_64_n_0
    SLICE_X25Y30         CARRY4 (Prop_carry4_CI_CO[3])
                                                      0.114    13.948 r  rv64i59f_5sp/id_ex_register/alu_zero0_carry__1_i_50/CO[3]
                         net (fo=1, routed)           0.000    13.948    rv64i59f_5sp/id_ex_register/alu_zero0_carry__1_i_50_n_0
    SLICE_X25Y31         CARRY4 (Prop_carry4_CI_CO[3])
                                                      0.114    14.062 r  rv64i59f_5sp/id_ex_register/alu_zero0_carry__1_i_39/CO[3]
                         net (fo=1, routed)           0.000    14.062    rv64i59f_5sp/id_ex_register/alu_zero0_carry__1_i_39_n_0
    SLICE_X25Y32         CARRY4 (Prop_carry4_CI_CO[3])
                                                      0.114    14.176 r  rv64i59f_5sp/id_ex_register/alu_zero0_carry__1_i_126/CO[3]
                         net (fo=1, routed)           0.000    14.176    rv64i59f_5sp/id_ex_register/alu_zero0_carry__1_i_126_n_0
    SLICE_X25Y33         CARRY4 (Prop_carry4_CI_CO[3])
                                                      0.114    14.290 r  rv64i59f_5sp/id_ex_register/alu_zero0_carry__2_i_181/CO[3]
                         net (fo=1, routed)           0.000    14.290    rv64i59f_5sp/id_ex_register/alu_zero0_carry__2_i_181_n_0
    SLICE_X25Y34         CARRY4 (Prop_carry4_CI_CO[3])
                                                      0.114    14.404 r  rv64i59f_5sp/id_ex_register/alu_zero0_carry__2_i_115/CO[3]
                         net (fo=1, routed)           0.000    14.404    rv64i59f_5sp/id_ex_register/alu_zero0_carry__2_i_115_n_0
    SLICE_X25Y35         CARRY4 (Prop_carry4_CI_CO[3])
                                                      0.114    14.518 r  rv64i59f_5sp/id_ex_register/alu_zero0_carry__2_i_153/CO[3]
                         net (fo=1, routed)           0.000    14.518    rv64i59f_5sp/id_ex_register/alu_zero0_carry__2_i_153_n_0
    SLICE_X25Y36         CARRY4 (Prop_carry4_CI_CO[3])
                                                      0.114    14.632 r  rv64i59f_5sp/id_ex_register/alu_zero0_carry__3_i_128/CO[3]
                         net (fo=1, routed)           0.000    14.632    rv64i59f_5sp/id_ex_register/alu_zero0_carry__3_i_128_n_0
    SLICE_X25Y37         CARRY4 (Prop_carry4_CI_O[1])
                                                      0.334    14.966 f  rv64i59f_5sp/id_ex_register/alu_zero0_carry__3_i_154/O[1]
                         net (fo=1, routed)           0.445    15.411    rv64i59f_5sp/id_ex_register/alu/alu_dword/data0[53]
    SLICE_X28Y38         LUT6 (Prop_lut6_I4_O)        0.303    15.714 f  rv64i59f_5sp/id_ex_register/alu_zero0_carry__3_i_116/O
                         net (fo=1, routed)           0.562    16.276    rv64i59f_5sp/id_ex_register/alu_zero0_carry__3_i_116_n_0
    SLICE_X28Y40         LUT6 (Prop_lut6_I5_O)        0.124    16.400 r  rv64i59f_5sp/id_ex_register/alu_zero0_carry__3_i_44/O
                         net (fo=1, routed)           0.506    16.905    rv64i59f_5sp/id_ex_register/alu_zero0_carry__3_i_44_n_0
    SLICE_X29Y33         LUT6 (Prop_lut6_I0_O)        0.124    17.029 r  rv64i59f_5sp/id_ex_register/alu_zero0_carry__3_i_11/O
                         net (fo=3, routed)           0.962    17.991    rv64i59f_5sp/id_ex_register/alu_zero0_carry__3_i_11_n_0
    SLICE_X24Y33         LUT6 (Prop_lut6_I0_O)        0.124    18.115 r  rv64i59f_5sp/id_ex_register/alu_zero0_carry__3_i_3_comp/O
                         net (fo=1, routed)           0.000    18.115    rv64i59f_5sp/alu/alu_dword/alu_zero0_carry__4_0[1]
    SLICE_X24Y33         CARRY4 (Prop_carry4_S[1]_CO[3])
                                                      0.550    18.665 r  rv64i59f_5sp/alu/alu_dword/alu_zero0_carry__3/CO[3]
                         net (fo=1, routed)           0.000    18.665    rv64i59f_5sp/alu/alu_dword/alu_zero0_carry__3_n_0
    SLICE_X24Y34         CARRY4 (Prop_carry4_CI_CO[1])
                                                      0.157    18.822 r  rv64i59f_5sp/alu/alu_dword/alu_zero0_carry__4/CO[1]
                         net (fo=1, routed)           0.688    19.510    rv64i59f_5sp/id_ex_register/prediction_counter[1]_i_3_0[0]
    SLICE_X20Y33         LUT6 (Prop_lut6_I5_O)        0.329    19.839 r  rv64i59f_5sp/id_ex_register/prediction_counter[1]_i_3_comp/O
                         net (fo=66, routed)          0.367    20.207    rv64i59f_5sp/id_ex_register/alu_zero
    SLICE_X20Y33         LUT6 (Prop_lut6_I4_O)        0.124    20.331 r  rv64i59f_5sp/id_ex_register/ID_pc[63]_i_7/O
                         net (fo=106, routed)         1.625    21.956    rv64i59f_5sp/exception_detector/branch_prediction_miss_alias
    SLICE_X38Y52         LUT6 (Prop_lut6_I5_O)        0.124    22.080 r  rv64i59f_5sp/exception_detector/ID_pc[63]_i_1_comp/O
                         net (fo=630, routed)         1.329    23.409    rv64i59f_5sp/id_ex_register/EX_csr_read_data_reg[0]_0
    SLICE_X32Y62         FDCE                                         r  rv64i59f_5sp/id_ex_register/EX_raw_imm_reg[7]/CE
  -------------------------------------------------------------------    -------------------

                         (clock clk_out1_clk_wiz_0 rise edge)
                                                     25.000    25.000 r  
    R4                                                0.000    25.000 r  clk (IN)
                         net (fo=0)                   0.000    25.000    clk_gen/inst/clk_in1
    R4                   IBUF (Prop_ibuf_I_O)         1.405    26.405 r  clk_gen/inst/clkin1_ibufg/O
                         net (fo=1, routed)           1.181    27.586    clk_gen/inst/clk_in1_clk_wiz_0
    PLLE2_ADV_X1Y2       PLLE2_ADV (Prop_plle2_adv_CLKIN1_CLKOUT0)
                                                     -8.206    19.380 r  clk_gen/inst/plle2_adv_inst/CLKOUT0
                         net (fo=1, routed)           1.718    21.098    clk_gen/inst/clk_out1_clk_wiz_0
    BUFGCTRL_X0Y0        BUFG (Prop_bufg_I_O)         0.091    21.189 r  clk_gen/inst/clkout1_buf/O
                         net (fo=11618, routed)       1.804    22.993    rv64i59f_5sp/id_ex_register/clk_out1
    SLICE_X32Y62         FDCE                                         r  rv64i59f_5sp/id_ex_register/EX_raw_imm_reg[7]/C
                         clock pessimism             -0.499    22.494    
                         clock uncertainty           -0.173    22.321    
    SLICE_X32Y62         FDCE (Setup_fdce_C_CE)      -0.205    22.116    rv64i59f_5sp/id_ex_register/EX_raw_imm_reg[7]
  -------------------------------------------------------------------
                         required time                         22.116    
                         arrival time                         -23.409    
  -------------------------------------------------------------------
                         slack                                 -1.293    

Slack (VIOLATED) :        -1.290ns  (required time - arrival time)
  Source:                 rv64i59f_5sp/ex_mem_register/MEM_alu_result_reg[7]_replica_6/C
                            (rising edge-triggered cell FDCE clocked by clk_out1_clk_wiz_0  {rise@0.000ns fall@12.500ns period=25.000ns})
  Destination:            rv64i59f_5sp/program_counter/pc_reg[5]_rep__24/D
                            (rising edge-triggered cell FDCE clocked by clk_out1_clk_wiz_0  {rise@0.000ns fall@12.500ns period=25.000ns})
  Path Group:             clk_out1_clk_wiz_0
  Path Type:              Setup (Max at Slow Process Corner)
  Requirement:            25.000ns  (clk_out1_clk_wiz_0 rise@25.000ns - clk_out1_clk_wiz_0 rise@0.000ns)
  Data Path Delay:        26.173ns  (logic 7.741ns (29.577%)  route 18.432ns (70.423%))
  Logic Levels:           39  (CARRY4=18 LUT2=2 LUT3=1 LUT5=1 LUT6=15 MUXF7=1 MUXF8=1)
  Clock Path Skew:        0.068ns (DCD - SCD + CPR)
    Destination Clock Delay (DCD):    -1.831ns = ( 23.169 - 25.000 ) 
    Source Clock Delay      (SCD):    -2.318ns
    Clock Pessimism Removal (CPR):    -0.418ns
  Clock Uncertainty:      0.173ns  ((TSJ^2 + DJ^2)^1/2) / 2 + PE
    Total System Jitter     (TSJ):    0.071ns
    Discrete Jitter          (DJ):    0.338ns
    Phase Error              (PE):    0.000ns

    Location             Delay type                Incr(ns)  Path(ns)    Netlist Resource(s)
  -------------------------------------------------------------------    -------------------
                         (clock clk_out1_clk_wiz_0 rise edge)
                                                      0.000     0.000 r  
    R4                                                0.000     0.000 r  clk (IN)
                         net (fo=0)                   0.000     0.000    clk_gen/inst/clk_in1
    R4                   IBUF (Prop_ibuf_I_O)         1.475     1.475 r  clk_gen/inst/clkin1_ibufg/O
                         net (fo=1, routed)           1.253     2.728    clk_gen/inst/clk_in1_clk_wiz_0
    PLLE2_ADV_X1Y2       PLLE2_ADV (Prop_plle2_adv_CLKIN1_CLKOUT0)
                                                     -8.953    -6.225 r  clk_gen/inst/plle2_adv_inst/CLKOUT0
                         net (fo=1, routed)           1.802    -4.422    clk_gen/inst/clk_out1_clk_wiz_0
    BUFGCTRL_X0Y0        BUFG (Prop_bufg_I_O)         0.096    -4.326 r  clk_gen/inst/clkout1_buf/O
                         net (fo=11618, routed)       2.008    -2.318    rv64i59f_5sp/ex_mem_register/clk_out1
    SLICE_X50Y25         FDCE                                         r  rv64i59f_5sp/ex_mem_register/MEM_alu_result_reg[7]_replica_6/C
  -------------------------------------------------------------------    -------------------
    SLICE_X50Y25         FDCE (Prop_fdce_C_Q)         0.456    -1.862 r  rv64i59f_5sp/ex_mem_register/MEM_alu_result_reg[7]_replica_6/Q
                         net (fo=203, routed)         1.036    -0.825    rv64i59f_5sp/ex_mem_register/MEM_alu_result_reg[63]_0[7]_repN_6
    SLICE_X51Y21         LUT5 (Prop_lut5_I4_O)        0.124    -0.701 r  rv64i59f_5sp/ex_mem_register/g47_b16__1/O
                         net (fo=1, routed)           3.468     2.767    rv64i59f_5sp/ex_mem_register/g47_b16__1_n_0
    SLICE_X115Y14        LUT3 (Prop_lut3_I1_O)        0.124     2.891 r  rv64i59f_5sp/ex_mem_register/WB_byte_enable_logic_register_file_write_data_reg[48]_i_38/O
                         net (fo=1, routed)           0.502     3.393    rv64i59f_5sp/ex_mem_register/WB_byte_enable_logic_register_file_write_data_reg[48]_i_38_n_0
    SLICE_X114Y14        LUT6 (Prop_lut6_I0_O)        0.124     3.517 r  rv64i59f_5sp/ex_mem_register/WB_byte_enable_logic_register_file_write_data[48]_i_27/O
                         net (fo=1, routed)           0.000     3.517    rv64i59f_5sp/ex_mem_register/WB_byte_enable_logic_register_file_write_data[48]_i_27_n_0
    SLICE_X114Y14        MUXF7 (Prop_muxf7_I1_O)      0.245     3.762 r  rv64i59f_5sp/ex_mem_register/WB_byte_enable_logic_register_file_write_data_reg[48]_i_12/O
                         net (fo=1, routed)           0.000     3.762    rv64i59f_5sp/ex_mem_register/WB_byte_enable_logic_register_file_write_data_reg[48]_i_12_n_0
    SLICE_X114Y14        MUXF8 (Prop_muxf8_I0_O)      0.104     3.866 r  rv64i59f_5sp/ex_mem_register/WB_byte_enable_logic_register_file_write_data_reg[48]_i_7/O
                         net (fo=1, routed)           3.543     7.409    rv64i59f_5sp/ex_mem_register/WB_byte_enable_logic_register_file_write_data_reg[48]_i_7_n_0
    SLICE_X19Y67         LUT6 (Prop_lut6_I3_O)        0.316     7.725 r  rv64i59f_5sp/ex_mem_register/WB_byte_enable_logic_register_file_write_data[48]_i_4/O
                         net (fo=2, routed)           0.301     8.026    rv64i59f_5sp/ex_mem_register/WB_byte_enable_logic_register_file_write_data[48]_i_4_n_0
    SLICE_X17Y67         LUT6 (Prop_lut6_I1_O)        0.124     8.150 r  rv64i59f_5sp/ex_mem_register/WB_byte_enable_logic_register_file_write_data[48]_i_3/O
                         net (fo=7, routed)           0.631     8.781    rv64i59f_5sp/ex_mem_register/data_memory_read_data_muxed[48]
    SLICE_X15Y66         LUT6 (Prop_lut6_I3_O)        0.124     8.905 r  rv64i59f_5sp/ex_mem_register/WB_byte_enable_logic_register_file_write_data[0]_i_5/O
                         net (fo=2, routed)           0.420     9.325    rv64i59f_5sp/ex_mem_register/WB_byte_enable_logic_register_file_write_data[0]_i_5_n_0
    SLICE_X13Y65         LUT6 (Prop_lut6_I4_O)        0.124     9.449 r  rv64i59f_5sp/ex_mem_register/WB_byte_enable_logic_register_file_write_data[0]_i_2/O
                         net (fo=2, routed)           0.690    10.138    rv64i59f_5sp/ex_mem_register/byte_enable_logic_register_file_write_data[0]
    SLICE_X19Y55         LUT6 (Prop_lut6_I5_O)        0.124    10.262 r  rv64i59f_5sp/ex_mem_register/i___0_carry_i_20/O
                         net (fo=3, routed)           0.855    11.118    rv64i59f_5sp/id_ex_register/MEM_forward_data_value[0]
    SLICE_X23Y46         LUT6 (Prop_lut6_I5_O)        0.124    11.242 r  rv64i59f_5sp/id_ex_register/i___0_carry_i_26/O
                         net (fo=132, routed)         1.358    12.599    rv64i59f_5sp/ex_mem_register/src_B[0]
    SLICE_X25Y24         LUT2 (Prop_lut2_I1_O)        0.124    12.723 r  rv64i59f_5sp/ex_mem_register/alu_zero0_carry_i_191/O
                         net (fo=1, routed)           0.000    12.723    rv64i59f_5sp/ex_mem_register/alu_zero0_carry_i_191_n_0
    SLICE_X25Y24         CARRY4 (Prop_carry4_S[0]_CO[3])
                                                      0.532    13.255 r  rv64i59f_5sp/ex_mem_register/alu_zero0_carry_i_121/CO[3]
                         net (fo=1, routed)           0.009    13.264    rv64i59f_5sp/id_ex_register/alu_zero0_carry_i_11_0[0]
    SLICE_X25Y25         CARRY4 (Prop_carry4_CI_CO[3])
                                                      0.114    13.378 r  rv64i59f_5sp/id_ex_register/alu_zero0_carry_i_54/CO[3]
                         net (fo=1, routed)           0.000    13.378    rv64i59f_5sp/id_ex_register/alu_zero0_carry_i_54_n_0
    SLICE_X25Y26         CARRY4 (Prop_carry4_CI_CO[3])
                                                      0.114    13.492 r  rv64i59f_5sp/id_ex_register/alu_zero0_carry_i_159/CO[3]
                         net (fo=1, routed)           0.000    13.492    rv64i59f_5sp/id_ex_register/alu_zero0_carry_i_159_n_0
    SLICE_X25Y27         CARRY4 (Prop_carry4_CI_CO[3])
                                                      0.114    13.606 r  rv64i59f_5sp/id_ex_register/alu_zero0_carry__0_i_94/CO[3]
                         net (fo=1, routed)           0.000    13.606    rv64i59f_5sp/id_ex_register/alu_zero0_carry__0_i_94_n_0
    SLICE_X25Y28         CARRY4 (Prop_carry4_CI_CO[3])
                                                      0.114    13.720 r  rv64i59f_5sp/id_ex_register/alu_zero0_carry__0_i_78/CO[3]
                         net (fo=1, routed)           0.000    13.720    rv64i59f_5sp/id_ex_register/alu_zero0_carry__0_i_78_n_0
    SLICE_X25Y29         CARRY4 (Prop_carry4_CI_CO[3])
                                                      0.114    13.834 r  rv64i59f_5sp/id_ex_register/alu_zero0_carry__0_i_64/CO[3]
                         net (fo=1, routed)           0.000    13.834    rv64i59f_5sp/id_ex_register/alu_zero0_carry__0_i_64_n_0
    SLICE_X25Y30         CARRY4 (Prop_carry4_CI_CO[3])
                                                      0.114    13.948 r  rv64i59f_5sp/id_ex_register/alu_zero0_carry__1_i_50/CO[3]
                         net (fo=1, routed)           0.000    13.948    rv64i59f_5sp/id_ex_register/alu_zero0_carry__1_i_50_n_0
    SLICE_X25Y31         CARRY4 (Prop_carry4_CI_CO[3])
                                                      0.114    14.062 r  rv64i59f_5sp/id_ex_register/alu_zero0_carry__1_i_39/CO[3]
                         net (fo=1, routed)           0.000    14.062    rv64i59f_5sp/id_ex_register/alu_zero0_carry__1_i_39_n_0
    SLICE_X25Y32         CARRY4 (Prop_carry4_CI_CO[3])
                                                      0.114    14.176 r  rv64i59f_5sp/id_ex_register/alu_zero0_carry__1_i_126/CO[3]
                         net (fo=1, routed)           0.000    14.176    rv64i59f_5sp/id_ex_register/alu_zero0_carry__1_i_126_n_0
    SLICE_X25Y33         CARRY4 (Prop_carry4_CI_CO[3])
                                                      0.114    14.290 r  rv64i59f_5sp/id_ex_register/alu_zero0_carry__2_i_181/CO[3]
                         net (fo=1, routed)           0.000    14.290    rv64i59f_5sp/id_ex_register/alu_zero0_carry__2_i_181_n_0
    SLICE_X25Y34         CARRY4 (Prop_carry4_CI_CO[3])
                                                      0.114    14.404 r  rv64i59f_5sp/id_ex_register/alu_zero0_carry__2_i_115/CO[3]
                         net (fo=1, routed)           0.000    14.404    rv64i59f_5sp/id_ex_register/alu_zero0_carry__2_i_115_n_0
    SLICE_X25Y35         CARRY4 (Prop_carry4_CI_CO[3])
                                                      0.114    14.518 r  rv64i59f_5sp/id_ex_register/alu_zero0_carry__2_i_153/CO[3]
                         net (fo=1, routed)           0.000    14.518    rv64i59f_5sp/id_ex_register/alu_zero0_carry__2_i_153_n_0
    SLICE_X25Y36         CARRY4 (Prop_carry4_CI_CO[3])
                                                      0.114    14.632 r  rv64i59f_5sp/id_ex_register/alu_zero0_carry__3_i_128/CO[3]
                         net (fo=1, routed)           0.000    14.632    rv64i59f_5sp/id_ex_register/alu_zero0_carry__3_i_128_n_0
    SLICE_X25Y37         CARRY4 (Prop_carry4_CI_O[1])
                                                      0.334    14.966 f  rv64i59f_5sp/id_ex_register/alu_zero0_carry__3_i_154/O[1]
                         net (fo=1, routed)           0.445    15.411    rv64i59f_5sp/id_ex_register/alu/alu_dword/data0[53]
    SLICE_X28Y38         LUT6 (Prop_lut6_I4_O)        0.303    15.714 f  rv64i59f_5sp/id_ex_register/alu_zero0_carry__3_i_116/O
                         net (fo=1, routed)           0.562    16.276    rv64i59f_5sp/id_ex_register/alu_zero0_carry__3_i_116_n_0
    SLICE_X28Y40         LUT6 (Prop_lut6_I5_O)        0.124    16.400 r  rv64i59f_5sp/id_ex_register/alu_zero0_carry__3_i_44/O
                         net (fo=1, routed)           0.506    16.905    rv64i59f_5sp/id_ex_register/alu_zero0_carry__3_i_44_n_0
    SLICE_X29Y33         LUT6 (Prop_lut6_I0_O)        0.124    17.029 r  rv64i59f_5sp/id_ex_register/alu_zero0_carry__3_i_11/O
                         net (fo=3, routed)           0.962    17.991    rv64i59f_5sp/id_ex_register/alu_zero0_carry__3_i_11_n_0
    SLICE_X24Y33         LUT6 (Prop_lut6_I0_O)        0.124    18.115 r  rv64i59f_5sp/id_ex_register/alu_zero0_carry__3_i_3_comp/O
                         net (fo=1, routed)           0.000    18.115    rv64i59f_5sp/alu/alu_dword/alu_zero0_carry__4_0[1]
    SLICE_X24Y33         CARRY4 (Prop_carry4_S[1]_CO[3])
                                                      0.550    18.665 r  rv64i59f_5sp/alu/alu_dword/alu_zero0_carry__3/CO[3]
                         net (fo=1, routed)           0.000    18.665    rv64i59f_5sp/alu/alu_dword/alu_zero0_carry__3_n_0
    SLICE_X24Y34         CARRY4 (Prop_carry4_CI_CO[1])
                                                      0.157    18.822 r  rv64i59f_5sp/alu/alu_dword/alu_zero0_carry__4/CO[1]
                         net (fo=1, routed)           0.688    19.510    rv64i59f_5sp/id_ex_register/prediction_counter[1]_i_3_0[0]
    SLICE_X20Y33         LUT6 (Prop_lut6_I5_O)        0.329    19.839 r  rv64i59f_5sp/id_ex_register/prediction_counter[1]_i_3_comp/O
                         net (fo=66, routed)          0.437    20.277    rv64i59f_5sp/id_ex_register/alu_zero
    SLICE_X21Y33         LUT6 (Prop_lut6_I2_O)        0.124    20.401 r  rv64i59f_5sp/id_ex_register/pc[1]_i_8/O
                         net (fo=1, routed)           0.000    20.401    rv64i59f_5sp/id_ex_register/pc[1]_i_8_n_0
    SLICE_X21Y33         CARRY4 (Prop_carry4_S[1]_CO[3])
                                                      0.550    20.951 r  rv64i59f_5sp/id_ex_register/pc_reg[1]_i_5/CO[3]
                         net (fo=1, routed)           0.000    20.951    rv64i59f_5sp/id_ex_register/pc_reg[1]_i_5_n_0
    SLICE_X21Y34         CARRY4 (Prop_carry4_CI_O[1])
                                                      0.334    21.285 r  rv64i59f_5sp/id_ex_register/pc_reg[7]_i_6/O[1]
                         net (fo=1, routed)           0.636    21.921    rv64i59f_5sp/id_ex_register/pc_reg[7]_i_6_n_6
    SLICE_X20Y29         LUT2 (Prop_lut2_I1_O)        0.303    22.224 r  rv64i59f_5sp/id_ex_register/pc[5]_i_4/O
                         net (fo=1, routed)           0.437    22.661    rv64i59f_5sp/program_counter/pc_reg[5]_0
    SLICE_X23Y27         LUT6 (Prop_lut6_I5_O)        0.124    22.785 r  rv64i59f_5sp/program_counter/pc[5]_i_2/O
                         net (fo=32, routed)          0.755    23.541    rv64i59f_5sp/id_ex_register/pc_reg[5]
    SLICE_X23Y21         LUT6 (Prop_lut6_I3_O)        0.124    23.665 r  rv64i59f_5sp/id_ex_register/pc[5]_rep_i_1__24/O
                         net (fo=1, routed)           0.190    23.855    rv64i59f_5sp/program_counter/pc_reg[5]_rep__24_0
    SLICE_X22Y21         FDCE                                         r  rv64i59f_5sp/program_counter/pc_reg[5]_rep__24/D
  -------------------------------------------------------------------    -------------------

                         (clock clk_out1_clk_wiz_0 rise edge)
                                                     25.000    25.000 r  
    R4                                                0.000    25.000 r  clk (IN)
                         net (fo=0)                   0.000    25.000    clk_gen/inst/clk_in1
    R4                   IBUF (Prop_ibuf_I_O)         1.405    26.405 r  clk_gen/inst/clkin1_ibufg/O
                         net (fo=1, routed)           1.181    27.586    clk_gen/inst/clk_in1_clk_wiz_0
    PLLE2_ADV_X1Y2       PLLE2_ADV (Prop_plle2_adv_CLKIN1_CLKOUT0)
                                                     -8.206    19.380 r  clk_gen/inst/plle2_adv_inst/CLKOUT0
                         net (fo=1, routed)           1.718    21.098    clk_gen/inst/clk_out1_clk_wiz_0
    BUFGCTRL_X0Y0        BUFG (Prop_bufg_I_O)         0.091    21.189 r  clk_gen/inst/clkout1_buf/O
                         net (fo=11618, routed)       1.980    23.169    rv64i59f_5sp/program_counter/clk_out1
    SLICE_X22Y21         FDCE                                         r  rv64i59f_5sp/program_counter/pc_reg[5]_rep__24/C
                         clock pessimism             -0.418    22.750    
                         clock uncertainty           -0.173    22.577    
    SLICE_X22Y21         FDCE (Setup_fdce_C_D)       -0.013    22.564    rv64i59f_5sp/program_counter/pc_reg[5]_rep__24
  -------------------------------------------------------------------
                         required time                         22.564    
                         arrival time                         -23.855    
  -------------------------------------------------------------------
                         slack                                 -1.290    

Slack (VIOLATED) :        -1.282ns  (required time - arrival time)
  Source:                 rv64i59f_5sp/ex_mem_register/MEM_alu_result_reg[7]_replica_6/C
                            (rising edge-triggered cell FDCE clocked by clk_out1_clk_wiz_0  {rise@0.000ns fall@12.500ns period=25.000ns})
  Destination:            rv64i59f_5sp/program_counter/pc_reg[9]_rep/D
                            (rising edge-triggered cell FDCE clocked by clk_out1_clk_wiz_0  {rise@0.000ns fall@12.500ns period=25.000ns})
  Path Group:             clk_out1_clk_wiz_0
  Path Type:              Setup (Max at Slow Process Corner)
  Requirement:            25.000ns  (clk_out1_clk_wiz_0 rise@25.000ns - clk_out1_clk_wiz_0 rise@0.000ns)
  Data Path Delay:        26.258ns  (logic 7.855ns (29.914%)  route 18.403ns (70.086%))
  Logic Levels:           40  (CARRY4=19 LUT2=2 LUT3=1 LUT5=1 LUT6=15 MUXF7=1 MUXF8=1)
  Clock Path Skew:        0.070ns (DCD - SCD + CPR)
    Destination Clock Delay (DCD):    -1.829ns = ( 23.171 - 25.000 ) 
    Source Clock Delay      (SCD):    -2.318ns
    Clock Pessimism Removal (CPR):    -0.418ns
  Clock Uncertainty:      0.173ns  ((TSJ^2 + DJ^2)^1/2) / 2 + PE
    Total System Jitter     (TSJ):    0.071ns
    Discrete Jitter          (DJ):    0.338ns
    Phase Error              (PE):    0.000ns

    Location             Delay type                Incr(ns)  Path(ns)    Netlist Resource(s)
  -------------------------------------------------------------------    -------------------
                         (clock clk_out1_clk_wiz_0 rise edge)
                                                      0.000     0.000 r  
    R4                                                0.000     0.000 r  clk (IN)
                         net (fo=0)                   0.000     0.000    clk_gen/inst/clk_in1
    R4                   IBUF (Prop_ibuf_I_O)         1.475     1.475 r  clk_gen/inst/clkin1_ibufg/O
                         net (fo=1, routed)           1.253     2.728    clk_gen/inst/clk_in1_clk_wiz_0
    PLLE2_ADV_X1Y2       PLLE2_ADV (Prop_plle2_adv_CLKIN1_CLKOUT0)
                                                     -8.953    -6.225 r  clk_gen/inst/plle2_adv_inst/CLKOUT0
                         net (fo=1, routed)           1.802    -4.422    clk_gen/inst/clk_out1_clk_wiz_0
    BUFGCTRL_X0Y0        BUFG (Prop_bufg_I_O)         0.096    -4.326 r  clk_gen/inst/clkout1_buf/O
                         net (fo=11618, routed)       2.008    -2.318    rv64i59f_5sp/ex_mem_register/clk_out1
    SLICE_X50Y25         FDCE                                         r  rv64i59f_5sp/ex_mem_register/MEM_alu_result_reg[7]_replica_6/C
  -------------------------------------------------------------------    -------------------
    SLICE_X50Y25         FDCE (Prop_fdce_C_Q)         0.456    -1.862 r  rv64i59f_5sp/ex_mem_register/MEM_alu_result_reg[7]_replica_6/Q
                         net (fo=203, routed)         1.036    -0.825    rv64i59f_5sp/ex_mem_register/MEM_alu_result_reg[63]_0[7]_repN_6
    SLICE_X51Y21         LUT5 (Prop_lut5_I4_O)        0.124    -0.701 r  rv64i59f_5sp/ex_mem_register/g47_b16__1/O
                         net (fo=1, routed)           3.468     2.767    rv64i59f_5sp/ex_mem_register/g47_b16__1_n_0
    SLICE_X115Y14        LUT3 (Prop_lut3_I1_O)        0.124     2.891 r  rv64i59f_5sp/ex_mem_register/WB_byte_enable_logic_register_file_write_data_reg[48]_i_38/O
                         net (fo=1, routed)           0.502     3.393    rv64i59f_5sp/ex_mem_register/WB_byte_enable_logic_register_file_write_data_reg[48]_i_38_n_0
    SLICE_X114Y14        LUT6 (Prop_lut6_I0_O)        0.124     3.517 r  rv64i59f_5sp/ex_mem_register/WB_byte_enable_logic_register_file_write_data[48]_i_27/O
                         net (fo=1, routed)           0.000     3.517    rv64i59f_5sp/ex_mem_register/WB_byte_enable_logic_register_file_write_data[48]_i_27_n_0
    SLICE_X114Y14        MUXF7 (Prop_muxf7_I1_O)      0.245     3.762 r  rv64i59f_5sp/ex_mem_register/WB_byte_enable_logic_register_file_write_data_reg[48]_i_12/O
                         net (fo=1, routed)           0.000     3.762    rv64i59f_5sp/ex_mem_register/WB_byte_enable_logic_register_file_write_data_reg[48]_i_12_n_0
    SLICE_X114Y14        MUXF8 (Prop_muxf8_I0_O)      0.104     3.866 r  rv64i59f_5sp/ex_mem_register/WB_byte_enable_logic_register_file_write_data_reg[48]_i_7/O
                         net (fo=1, routed)           3.543     7.409    rv64i59f_5sp/ex_mem_register/WB_byte_enable_logic_register_file_write_data_reg[48]_i_7_n_0
    SLICE_X19Y67         LUT6 (Prop_lut6_I3_O)        0.316     7.725 r  rv64i59f_5sp/ex_mem_register/WB_byte_enable_logic_register_file_write_data[48]_i_4/O
                         net (fo=2, routed)           0.301     8.026    rv64i59f_5sp/ex_mem_register/WB_byte_enable_logic_register_file_write_data[48]_i_4_n_0
    SLICE_X17Y67         LUT6 (Prop_lut6_I1_O)        0.124     8.150 r  rv64i59f_5sp/ex_mem_register/WB_byte_enable_logic_register_file_write_data[48]_i_3/O
                         net (fo=7, routed)           0.631     8.781    rv64i59f_5sp/ex_mem_register/data_memory_read_data_muxed[48]
    SLICE_X15Y66         LUT6 (Prop_lut6_I3_O)        0.124     8.905 r  rv64i59f_5sp/ex_mem_register/WB_byte_enable_logic_register_file_write_data[0]_i_5/O
                         net (fo=2, routed)           0.420     9.325    rv64i59f_5sp/ex_mem_register/WB_byte_enable_logic_register_file_write_data[0]_i_5_n_0
    SLICE_X13Y65         LUT6 (Prop_lut6_I4_O)        0.124     9.449 r  rv64i59f_5sp/ex_mem_register/WB_byte_enable_logic_register_file_write_data[0]_i_2/O
                         net (fo=2, routed)           0.690    10.138    rv64i59f_5sp/ex_mem_register/byte_enable_logic_register_file_write_data[0]
    SLICE_X19Y55         LUT6 (Prop_lut6_I5_O)        0.124    10.262 r  rv64i59f_5sp/ex_mem_register/i___0_carry_i_20/O
                         net (fo=3, routed)           0.855    11.118    rv64i59f_5sp/id_ex_register/MEM_forward_data_value[0]
    SLICE_X23Y46         LUT6 (Prop_lut6_I5_O)        0.124    11.242 r  rv64i59f_5sp/id_ex_register/i___0_carry_i_26/O
                         net (fo=132, routed)         1.358    12.599    rv64i59f_5sp/ex_mem_register/src_B[0]
    SLICE_X25Y24         LUT2 (Prop_lut2_I1_O)        0.124    12.723 r  rv64i59f_5sp/ex_mem_register/alu_zero0_carry_i_191/O
                         net (fo=1, routed)           0.000    12.723    rv64i59f_5sp/ex_mem_register/alu_zero0_carry_i_191_n_0
    SLICE_X25Y24         CARRY4 (Prop_carry4_S[0]_CO[3])
                                                      0.532    13.255 r  rv64i59f_5sp/ex_mem_register/alu_zero0_carry_i_121/CO[3]
                         net (fo=1, routed)           0.009    13.264    rv64i59f_5sp/id_ex_register/alu_zero0_carry_i_11_0[0]
    SLICE_X25Y25         CARRY4 (Prop_carry4_CI_CO[3])
                                                      0.114    13.378 r  rv64i59f_5sp/id_ex_register/alu_zero0_carry_i_54/CO[3]
                         net (fo=1, routed)           0.000    13.378    rv64i59f_5sp/id_ex_register/alu_zero0_carry_i_54_n_0
    SLICE_X25Y26         CARRY4 (Prop_carry4_CI_CO[3])
                                                      0.114    13.492 r  rv64i59f_5sp/id_ex_register/alu_zero0_carry_i_159/CO[3]
                         net (fo=1, routed)           0.000    13.492    rv64i59f_5sp/id_ex_register/alu_zero0_carry_i_159_n_0
    SLICE_X25Y27         CARRY4 (Prop_carry4_CI_CO[3])
                                                      0.114    13.606 r  rv64i59f_5sp/id_ex_register/alu_zero0_carry__0_i_94/CO[3]
                         net (fo=1, routed)           0.000    13.606    rv64i59f_5sp/id_ex_register/alu_zero0_carry__0_i_94_n_0
    SLICE_X25Y28         CARRY4 (Prop_carry4_CI_CO[3])
                                                      0.114    13.720 r  rv64i59f_5sp/id_ex_register/alu_zero0_carry__0_i_78/CO[3]
                         net (fo=1, routed)           0.000    13.720    rv64i59f_5sp/id_ex_register/alu_zero0_carry__0_i_78_n_0
    SLICE_X25Y29         CARRY4 (Prop_carry4_CI_CO[3])
                                                      0.114    13.834 r  rv64i59f_5sp/id_ex_register/alu_zero0_carry__0_i_64/CO[3]
                         net (fo=1, routed)           0.000    13.834    rv64i59f_5sp/id_ex_register/alu_zero0_carry__0_i_64_n_0
    SLICE_X25Y30         CARRY4 (Prop_carry4_CI_CO[3])
                                                      0.114    13.948 r  rv64i59f_5sp/id_ex_register/alu_zero0_carry__1_i_50/CO[3]
                         net (fo=1, routed)           0.000    13.948    rv64i59f_5sp/id_ex_register/alu_zero0_carry__1_i_50_n_0
    SLICE_X25Y31         CARRY4 (Prop_carry4_CI_CO[3])
                                                      0.114    14.062 r  rv64i59f_5sp/id_ex_register/alu_zero0_carry__1_i_39/CO[3]
                         net (fo=1, routed)           0.000    14.062    rv64i59f_5sp/id_ex_register/alu_zero0_carry__1_i_39_n_0
    SLICE_X25Y32         CARRY4 (Prop_carry4_CI_CO[3])
                                                      0.114    14.176 r  rv64i59f_5sp/id_ex_register/alu_zero0_carry__1_i_126/CO[3]
                         net (fo=1, routed)           0.000    14.176    rv64i59f_5sp/id_ex_register/alu_zero0_carry__1_i_126_n_0
    SLICE_X25Y33         CARRY4 (Prop_carry4_CI_CO[3])
                                                      0.114    14.290 r  rv64i59f_5sp/id_ex_register/alu_zero0_carry__2_i_181/CO[3]
                         net (fo=1, routed)           0.000    14.290    rv64i59f_5sp/id_ex_register/alu_zero0_carry__2_i_181_n_0
    SLICE_X25Y34         CARRY4 (Prop_carry4_CI_CO[3])
                                                      0.114    14.404 r  rv64i59f_5sp/id_ex_register/alu_zero0_carry__2_i_115/CO[3]
                         net (fo=1, routed)           0.000    14.404    rv64i59f_5sp/id_ex_register/alu_zero0_carry__2_i_115_n_0
    SLICE_X25Y35         CARRY4 (Prop_carry4_CI_CO[3])
                                                      0.114    14.518 r  rv64i59f_5sp/id_ex_register/alu_zero0_carry__2_i_153/CO[3]
                         net (fo=1, routed)           0.000    14.518    rv64i59f_5sp/id_ex_register/alu_zero0_carry__2_i_153_n_0
    SLICE_X25Y36         CARRY4 (Prop_carry4_CI_CO[3])
                                                      0.114    14.632 r  rv64i59f_5sp/id_ex_register/alu_zero0_carry__3_i_128/CO[3]
                         net (fo=1, routed)           0.000    14.632    rv64i59f_5sp/id_ex_register/alu_zero0_carry__3_i_128_n_0
    SLICE_X25Y37         CARRY4 (Prop_carry4_CI_O[1])
                                                      0.334    14.966 f  rv64i59f_5sp/id_ex_register/alu_zero0_carry__3_i_154/O[1]
                         net (fo=1, routed)           0.445    15.411    rv64i59f_5sp/id_ex_register/alu/alu_dword/data0[53]
    SLICE_X28Y38         LUT6 (Prop_lut6_I4_O)        0.303    15.714 f  rv64i59f_5sp/id_ex_register/alu_zero0_carry__3_i_116/O
                         net (fo=1, routed)           0.562    16.276    rv64i59f_5sp/id_ex_register/alu_zero0_carry__3_i_116_n_0
    SLICE_X28Y40         LUT6 (Prop_lut6_I5_O)        0.124    16.400 r  rv64i59f_5sp/id_ex_register/alu_zero0_carry__3_i_44/O
                         net (fo=1, routed)           0.506    16.905    rv64i59f_5sp/id_ex_register/alu_zero0_carry__3_i_44_n_0
    SLICE_X29Y33         LUT6 (Prop_lut6_I0_O)        0.124    17.029 r  rv64i59f_5sp/id_ex_register/alu_zero0_carry__3_i_11/O
                         net (fo=3, routed)           0.962    17.991    rv64i59f_5sp/id_ex_register/alu_zero0_carry__3_i_11_n_0
    SLICE_X24Y33         LUT6 (Prop_lut6_I0_O)        0.124    18.115 r  rv64i59f_5sp/id_ex_register/alu_zero0_carry__3_i_3_comp/O
                         net (fo=1, routed)           0.000    18.115    rv64i59f_5sp/alu/alu_dword/alu_zero0_carry__4_0[1]
    SLICE_X24Y33         CARRY4 (Prop_carry4_S[1]_CO[3])
                                                      0.550    18.665 r  rv64i59f_5sp/alu/alu_dword/alu_zero0_carry__3/CO[3]
                         net (fo=1, routed)           0.000    18.665    rv64i59f_5sp/alu/alu_dword/alu_zero0_carry__3_n_0
    SLICE_X24Y34         CARRY4 (Prop_carry4_CI_CO[1])
                                                      0.157    18.822 r  rv64i59f_5sp/alu/alu_dword/alu_zero0_carry__4/CO[1]
                         net (fo=1, routed)           0.688    19.510    rv64i59f_5sp/id_ex_register/prediction_counter[1]_i_3_0[0]
    SLICE_X20Y33         LUT6 (Prop_lut6_I5_O)        0.329    19.839 r  rv64i59f_5sp/id_ex_register/prediction_counter[1]_i_3_comp/O
                         net (fo=66, routed)          0.437    20.277    rv64i59f_5sp/id_ex_register/alu_zero
    SLICE_X21Y33         LUT6 (Prop_lut6_I2_O)        0.124    20.401 r  rv64i59f_5sp/id_ex_register/pc[1]_i_8/O
                         net (fo=1, routed)           0.000    20.401    rv64i59f_5sp/id_ex_register/pc[1]_i_8_n_0
    SLICE_X21Y33         CARRY4 (Prop_carry4_S[1]_CO[3])
                                                      0.550    20.951 r  rv64i59f_5sp/id_ex_register/pc_reg[1]_i_5/CO[3]
                         net (fo=1, routed)           0.000    20.951    rv64i59f_5sp/id_ex_register/pc_reg[1]_i_5_n_0
    SLICE_X21Y34         CARRY4 (Prop_carry4_CI_CO[3])
                                                      0.114    21.065 r  rv64i59f_5sp/id_ex_register/pc_reg[7]_i_6/CO[3]
                         net (fo=1, routed)           0.000    21.065    rv64i59f_5sp/id_ex_register/pc_reg[7]_i_6_n_0
    SLICE_X21Y35         CARRY4 (Prop_carry4_CI_O[1])
                                                      0.334    21.399 r  rv64i59f_5sp/id_ex_register/pc_reg[11]_i_6/O[1]
                         net (fo=1, routed)           0.802    22.201    rv64i59f_5sp/id_ex_register/pc_reg[11]_i_6_n_6
    SLICE_X20Y28         LUT2 (Prop_lut2_I1_O)        0.303    22.504 r  rv64i59f_5sp/id_ex_register/pc[9]_i_4/O
                         net (fo=1, routed)           0.511    23.015    rv64i59f_5sp/program_counter/pc_reg[9]_0
    SLICE_X23Y24         LUT6 (Prop_lut6_I5_O)        0.124    23.139 r  rv64i59f_5sp/program_counter/pc[9]_i_2/O
                         net (fo=7, routed)           0.677    23.817    rv64i59f_5sp/id_ex_register/pc_reg[9]
    SLICE_X20Y19         LUT6 (Prop_lut6_I3_O)        0.124    23.941 r  rv64i59f_5sp/id_ex_register/pc[9]_rep_i_1/O
                         net (fo=1, routed)           0.000    23.941    rv64i59f_5sp/program_counter/pc_reg[9]_rep_0
    SLICE_X20Y19         FDCE                                         r  rv64i59f_5sp/program_counter/pc_reg[9]_rep/D
  -------------------------------------------------------------------    -------------------

                         (clock clk_out1_clk_wiz_0 rise edge)
                                                     25.000    25.000 r  
    R4                                                0.000    25.000 r  clk (IN)
                         net (fo=0)                   0.000    25.000    clk_gen/inst/clk_in1
    R4                   IBUF (Prop_ibuf_I_O)         1.405    26.405 r  clk_gen/inst/clkin1_ibufg/O
                         net (fo=1, routed)           1.181    27.586    clk_gen/inst/clk_in1_clk_wiz_0
    PLLE2_ADV_X1Y2       PLLE2_ADV (Prop_plle2_adv_CLKIN1_CLKOUT0)
                                                     -8.206    19.380 r  clk_gen/inst/plle2_adv_inst/CLKOUT0
                         net (fo=1, routed)           1.718    21.098    clk_gen/inst/clk_out1_clk_wiz_0
    BUFGCTRL_X0Y0        BUFG (Prop_bufg_I_O)         0.091    21.189 r  clk_gen/inst/clkout1_buf/O
                         net (fo=11618, routed)       1.982    23.171    rv64i59f_5sp/program_counter/clk_out1
    SLICE_X20Y19         FDCE                                         r  rv64i59f_5sp/program_counter/pc_reg[9]_rep/C
                         clock pessimism             -0.418    22.752    
                         clock uncertainty           -0.173    22.579    
    SLICE_X20Y19         FDCE (Setup_fdce_C_D)        0.079    22.658    rv64i59f_5sp/program_counter/pc_reg[9]_rep
  -------------------------------------------------------------------
                         required time                         22.658    
                         arrival time                         -23.941    
  -------------------------------------------------------------------
                         slack                                 -1.282    

Slack (VIOLATED) :        -1.282ns  (required time - arrival time)
  Source:                 rv64i59f_5sp/ex_mem_register/MEM_alu_result_reg[7]_replica_6/C
                            (rising edge-triggered cell FDCE clocked by clk_out1_clk_wiz_0  {rise@0.000ns fall@12.500ns period=25.000ns})
  Destination:            rv64i59f_5sp/id_ex_register/EX_read_data1_reg[55]/CE
                            (rising edge-triggered cell FDCE clocked by clk_out1_clk_wiz_0  {rise@0.000ns fall@12.500ns period=25.000ns})
  Path Group:             clk_out1_clk_wiz_0
  Path Type:              Setup (Max at Slow Process Corner)
  Requirement:            25.000ns  (clk_out1_clk_wiz_0 rise@25.000ns - clk_out1_clk_wiz_0 rise@0.000ns)
  Data Path Delay:        25.627ns  (logic 6.430ns (25.091%)  route 19.197ns (74.909%))
  Logic Levels:           35  (CARRY4=16 LUT2=1 LUT3=1 LUT5=1 LUT6=14 MUXF7=1 MUXF8=1)
  Clock Path Skew:        -0.277ns (DCD - SCD + CPR)
    Destination Clock Delay (DCD):    -2.096ns = ( 22.904 - 25.000 ) 
    Source Clock Delay      (SCD):    -2.318ns
    Clock Pessimism Removal (CPR):    -0.499ns
  Clock Uncertainty:      0.173ns  ((TSJ^2 + DJ^2)^1/2) / 2 + PE
    Total System Jitter     (TSJ):    0.071ns
    Discrete Jitter          (DJ):    0.338ns
    Phase Error              (PE):    0.000ns

    Location             Delay type                Incr(ns)  Path(ns)    Netlist Resource(s)
  -------------------------------------------------------------------    -------------------
                         (clock clk_out1_clk_wiz_0 rise edge)
                                                      0.000     0.000 r  
    R4                                                0.000     0.000 r  clk (IN)
                         net (fo=0)                   0.000     0.000    clk_gen/inst/clk_in1
    R4                   IBUF (Prop_ibuf_I_O)         1.475     1.475 r  clk_gen/inst/clkin1_ibufg/O
                         net (fo=1, routed)           1.253     2.728    clk_gen/inst/clk_in1_clk_wiz_0
    PLLE2_ADV_X1Y2       PLLE2_ADV (Prop_plle2_adv_CLKIN1_CLKOUT0)
                                                     -8.953    -6.225 r  clk_gen/inst/plle2_adv_inst/CLKOUT0
                         net (fo=1, routed)           1.802    -4.422    clk_gen/inst/clk_out1_clk_wiz_0
    BUFGCTRL_X0Y0        BUFG (Prop_bufg_I_O)         0.096    -4.326 r  clk_gen/inst/clkout1_buf/O
                         net (fo=11618, routed)       2.008    -2.318    rv64i59f_5sp/ex_mem_register/clk_out1
    SLICE_X50Y25         FDCE                                         r  rv64i59f_5sp/ex_mem_register/MEM_alu_result_reg[7]_replica_6/C
  -------------------------------------------------------------------    -------------------
    SLICE_X50Y25         FDCE (Prop_fdce_C_Q)         0.456    -1.862 r  rv64i59f_5sp/ex_mem_register/MEM_alu_result_reg[7]_replica_6/Q
                         net (fo=203, routed)         1.036    -0.825    rv64i59f_5sp/ex_mem_register/MEM_alu_result_reg[63]_0[7]_repN_6
    SLICE_X51Y21         LUT5 (Prop_lut5_I4_O)        0.124    -0.701 r  rv64i59f_5sp/ex_mem_register/g47_b16__1/O
                         net (fo=1, routed)           3.468     2.767    rv64i59f_5sp/ex_mem_register/g47_b16__1_n_0
    SLICE_X115Y14        LUT3 (Prop_lut3_I1_O)        0.124     2.891 r  rv64i59f_5sp/ex_mem_register/WB_byte_enable_logic_register_file_write_data_reg[48]_i_38/O
                         net (fo=1, routed)           0.502     3.393    rv64i59f_5sp/ex_mem_register/WB_byte_enable_logic_register_file_write_data_reg[48]_i_38_n_0
    SLICE_X114Y14        LUT6 (Prop_lut6_I0_O)        0.124     3.517 r  rv64i59f_5sp/ex_mem_register/WB_byte_enable_logic_register_file_write_data[48]_i_27/O
                         net (fo=1, routed)           0.000     3.517    rv64i59f_5sp/ex_mem_register/WB_byte_enable_logic_register_file_write_data[48]_i_27_n_0
    SLICE_X114Y14        MUXF7 (Prop_muxf7_I1_O)      0.245     3.762 r  rv64i59f_5sp/ex_mem_register/WB_byte_enable_logic_register_file_write_data_reg[48]_i_12/O
                         net (fo=1, routed)           0.000     3.762    rv64i59f_5sp/ex_mem_register/WB_byte_enable_logic_register_file_write_data_reg[48]_i_12_n_0
    SLICE_X114Y14        MUXF8 (Prop_muxf8_I0_O)      0.104     3.866 r  rv64i59f_5sp/ex_mem_register/WB_byte_enable_logic_register_file_write_data_reg[48]_i_7/O
                         net (fo=1, routed)           3.543     7.409    rv64i59f_5sp/ex_mem_register/WB_byte_enable_logic_register_file_write_data_reg[48]_i_7_n_0
    SLICE_X19Y67         LUT6 (Prop_lut6_I3_O)        0.316     7.725 r  rv64i59f_5sp/ex_mem_register/WB_byte_enable_logic_register_file_write_data[48]_i_4/O
                         net (fo=2, routed)           0.301     8.026    rv64i59f_5sp/ex_mem_register/WB_byte_enable_logic_register_file_write_data[48]_i_4_n_0
    SLICE_X17Y67         LUT6 (Prop_lut6_I1_O)        0.124     8.150 r  rv64i59f_5sp/ex_mem_register/WB_byte_enable_logic_register_file_write_data[48]_i_3/O
                         net (fo=7, routed)           0.631     8.781    rv64i59f_5sp/ex_mem_register/data_memory_read_data_muxed[48]
    SLICE_X15Y66         LUT6 (Prop_lut6_I3_O)        0.124     8.905 r  rv64i59f_5sp/ex_mem_register/WB_byte_enable_logic_register_file_write_data[0]_i_5/O
                         net (fo=2, routed)           0.420     9.325    rv64i59f_5sp/ex_mem_register/WB_byte_enable_logic_register_file_write_data[0]_i_5_n_0
    SLICE_X13Y65         LUT6 (Prop_lut6_I4_O)        0.124     9.449 r  rv64i59f_5sp/ex_mem_register/WB_byte_enable_logic_register_file_write_data[0]_i_2/O
                         net (fo=2, routed)           0.690    10.138    rv64i59f_5sp/ex_mem_register/byte_enable_logic_register_file_write_data[0]
    SLICE_X19Y55         LUT6 (Prop_lut6_I5_O)        0.124    10.262 r  rv64i59f_5sp/ex_mem_register/i___0_carry_i_20/O
                         net (fo=3, routed)           0.855    11.118    rv64i59f_5sp/id_ex_register/MEM_forward_data_value[0]
    SLICE_X23Y46         LUT6 (Prop_lut6_I5_O)        0.124    11.242 r  rv64i59f_5sp/id_ex_register/i___0_carry_i_26/O
                         net (fo=132, routed)         1.358    12.599    rv64i59f_5sp/ex_mem_register/src_B[0]
    SLICE_X25Y24         LUT2 (Prop_lut2_I1_O)        0.124    12.723 r  rv64i59f_5sp/ex_mem_register/alu_zero0_carry_i_191/O
                         net (fo=1, routed)           0.000    12.723    rv64i59f_5sp/ex_mem_register/alu_zero0_carry_i_191_n_0
    SLICE_X25Y24         CARRY4 (Prop_carry4_S[0]_CO[3])
                                                      0.532    13.255 r  rv64i59f_5sp/ex_mem_register/alu_zero0_carry_i_121/CO[3]
                         net (fo=1, routed)           0.009    13.264    rv64i59f_5sp/id_ex_register/alu_zero0_carry_i_11_0[0]
    SLICE_X25Y25         CARRY4 (Prop_carry4_CI_CO[3])
                                                      0.114    13.378 r  rv64i59f_5sp/id_ex_register/alu_zero0_carry_i_54/CO[3]
                         net (fo=1, routed)           0.000    13.378    rv64i59f_5sp/id_ex_register/alu_zero0_carry_i_54_n_0
    SLICE_X25Y26         CARRY4 (Prop_carry4_CI_CO[3])
                                                      0.114    13.492 r  rv64i59f_5sp/id_ex_register/alu_zero0_carry_i_159/CO[3]
                         net (fo=1, routed)           0.000    13.492    rv64i59f_5sp/id_ex_register/alu_zero0_carry_i_159_n_0
    SLICE_X25Y27         CARRY4 (Prop_carry4_CI_CO[3])
                                                      0.114    13.606 r  rv64i59f_5sp/id_ex_register/alu_zero0_carry__0_i_94/CO[3]
                         net (fo=1, routed)           0.000    13.606    rv64i59f_5sp/id_ex_register/alu_zero0_carry__0_i_94_n_0
    SLICE_X25Y28         CARRY4 (Prop_carry4_CI_CO[3])
                                                      0.114    13.720 r  rv64i59f_5sp/id_ex_register/alu_zero0_carry__0_i_78/CO[3]
                         net (fo=1, routed)           0.000    13.720    rv64i59f_5sp/id_ex_register/alu_zero0_carry__0_i_78_n_0
    SLICE_X25Y29         CARRY4 (Prop_carry4_CI_CO[3])
                                                      0.114    13.834 r  rv64i59f_5sp/id_ex_register/alu_zero0_carry__0_i_64/CO[3]
                         net (fo=1, routed)           0.000    13.834    rv64i59f_5sp/id_ex_register/alu_zero0_carry__0_i_64_n_0
    SLICE_X25Y30         CARRY4 (Prop_carry4_CI_CO[3])
                                                      0.114    13.948 r  rv64i59f_5sp/id_ex_register/alu_zero0_carry__1_i_50/CO[3]
                         net (fo=1, routed)           0.000    13.948    rv64i59f_5sp/id_ex_register/alu_zero0_carry__1_i_50_n_0
    SLICE_X25Y31         CARRY4 (Prop_carry4_CI_CO[3])
                                                      0.114    14.062 r  rv64i59f_5sp/id_ex_register/alu_zero0_carry__1_i_39/CO[3]
                         net (fo=1, routed)           0.000    14.062    rv64i59f_5sp/id_ex_register/alu_zero0_carry__1_i_39_n_0
    SLICE_X25Y32         CARRY4 (Prop_carry4_CI_CO[3])
                                                      0.114    14.176 r  rv64i59f_5sp/id_ex_register/alu_zero0_carry__1_i_126/CO[3]
                         net (fo=1, routed)           0.000    14.176    rv64i59f_5sp/id_ex_register/alu_zero0_carry__1_i_126_n_0
    SLICE_X25Y33         CARRY4 (Prop_carry4_CI_CO[3])
                                                      0.114    14.290 r  rv64i59f_5sp/id_ex_register/alu_zero0_carry__2_i_181/CO[3]
                         net (fo=1, routed)           0.000    14.290    rv64i59f_5sp/id_ex_register/alu_zero0_carry__2_i_181_n_0
    SLICE_X25Y34         CARRY4 (Prop_carry4_CI_CO[3])
                                                      0.114    14.404 r  rv64i59f_5sp/id_ex_register/alu_zero0_carry__2_i_115/CO[3]
                         net (fo=1, routed)           0.000    14.404    rv64i59f_5sp/id_ex_register/alu_zero0_carry__2_i_115_n_0
    SLICE_X25Y35         CARRY4 (Prop_carry4_CI_CO[3])
                                                      0.114    14.518 r  rv64i59f_5sp/id_ex_register/alu_zero0_carry__2_i_153/CO[3]
                         net (fo=1, routed)           0.000    14.518    rv64i59f_5sp/id_ex_register/alu_zero0_carry__2_i_153_n_0
    SLICE_X25Y36         CARRY4 (Prop_carry4_CI_CO[3])
                                                      0.114    14.632 r  rv64i59f_5sp/id_ex_register/alu_zero0_carry__3_i_128/CO[3]
                         net (fo=1, routed)           0.000    14.632    rv64i59f_5sp/id_ex_register/alu_zero0_carry__3_i_128_n_0
    SLICE_X25Y37         CARRY4 (Prop_carry4_CI_O[1])
                                                      0.334    14.966 f  rv64i59f_5sp/id_ex_register/alu_zero0_carry__3_i_154/O[1]
                         net (fo=1, routed)           0.445    15.411    rv64i59f_5sp/id_ex_register/alu/alu_dword/data0[53]
    SLICE_X28Y38         LUT6 (Prop_lut6_I4_O)        0.303    15.714 f  rv64i59f_5sp/id_ex_register/alu_zero0_carry__3_i_116/O
                         net (fo=1, routed)           0.562    16.276    rv64i59f_5sp/id_ex_register/alu_zero0_carry__3_i_116_n_0
    SLICE_X28Y40         LUT6 (Prop_lut6_I5_O)        0.124    16.400 r  rv64i59f_5sp/id_ex_register/alu_zero0_carry__3_i_44/O
                         net (fo=1, routed)           0.506    16.905    rv64i59f_5sp/id_ex_register/alu_zero0_carry__3_i_44_n_0
    SLICE_X29Y33         LUT6 (Prop_lut6_I0_O)        0.124    17.029 r  rv64i59f_5sp/id_ex_register/alu_zero0_carry__3_i_11/O
                         net (fo=3, routed)           0.962    17.991    rv64i59f_5sp/id_ex_register/alu_zero0_carry__3_i_11_n_0
    SLICE_X24Y33         LUT6 (Prop_lut6_I0_O)        0.124    18.115 r  rv64i59f_5sp/id_ex_register/alu_zero0_carry__3_i_3_comp/O
                         net (fo=1, routed)           0.000    18.115    rv64i59f_5sp/alu/alu_dword/alu_zero0_carry__4_0[1]
    SLICE_X24Y33         CARRY4 (Prop_carry4_S[1]_CO[3])
                                                      0.550    18.665 r  rv64i59f_5sp/alu/alu_dword/alu_zero0_carry__3/CO[3]
                         net (fo=1, routed)           0.000    18.665    rv64i59f_5sp/alu/alu_dword/alu_zero0_carry__3_n_0
    SLICE_X24Y34         CARRY4 (Prop_carry4_CI_CO[1])
                                                      0.157    18.822 r  rv64i59f_5sp/alu/alu_dword/alu_zero0_carry__4/CO[1]
                         net (fo=1, routed)           0.688    19.510    rv64i59f_5sp/id_ex_register/prediction_counter[1]_i_3_0[0]
    SLICE_X20Y33         LUT6 (Prop_lut6_I5_O)        0.329    19.839 r  rv64i59f_5sp/id_ex_register/prediction_counter[1]_i_3_comp/O
                         net (fo=66, routed)          0.367    20.207    rv64i59f_5sp/id_ex_register/alu_zero
    SLICE_X20Y33         LUT6 (Prop_lut6_I4_O)        0.124    20.331 r  rv64i59f_5sp/id_ex_register/ID_pc[63]_i_7/O
                         net (fo=106, routed)         1.625    21.956    rv64i59f_5sp/exception_detector/branch_prediction_miss_alias
    SLICE_X38Y52         LUT6 (Prop_lut6_I5_O)        0.124    22.080 r  rv64i59f_5sp/exception_detector/ID_pc[63]_i_1_comp/O
                         net (fo=630, routed)         1.229    23.309    rv64i59f_5sp/id_ex_register/EX_csr_read_data_reg[0]_0
    SLICE_X55Y52         FDCE                                         r  rv64i59f_5sp/id_ex_register/EX_read_data1_reg[55]/CE
  -------------------------------------------------------------------    -------------------

                         (clock clk_out1_clk_wiz_0 rise edge)
                                                     25.000    25.000 r  
    R4                                                0.000    25.000 r  clk (IN)
                         net (fo=0)                   0.000    25.000    clk_gen/inst/clk_in1
    R4                   IBUF (Prop_ibuf_I_O)         1.405    26.405 r  clk_gen/inst/clkin1_ibufg/O
                         net (fo=1, routed)           1.181    27.586    clk_gen/inst/clk_in1_clk_wiz_0
    PLLE2_ADV_X1Y2       PLLE2_ADV (Prop_plle2_adv_CLKIN1_CLKOUT0)
                                                     -8.206    19.380 r  clk_gen/inst/plle2_adv_inst/CLKOUT0
                         net (fo=1, routed)           1.718    21.098    clk_gen/inst/clk_out1_clk_wiz_0
    BUFGCTRL_X0Y0        BUFG (Prop_bufg_I_O)         0.091    21.189 r  clk_gen/inst/clkout1_buf/O
                         net (fo=11618, routed)       1.715    22.904    rv64i59f_5sp/id_ex_register/clk_out1
    SLICE_X55Y52         FDCE                                         r  rv64i59f_5sp/id_ex_register/EX_read_data1_reg[55]/C
                         clock pessimism             -0.499    22.405    
                         clock uncertainty           -0.173    22.232    
    SLICE_X55Y52         FDCE (Setup_fdce_C_CE)      -0.205    22.027    rv64i59f_5sp/id_ex_register/EX_read_data1_reg[55]
  -------------------------------------------------------------------
                         required time                         22.027    
                         arrival time                         -23.309    
  -------------------------------------------------------------------
                         slack                                 -1.282    





Min Delay Paths
--------------------------------------------------------------------------------------
Slack (MET) :             0.090ns  (arrival time - required time)
  Source:                 rv64i59f_5sp/ex_mem_register/MEM_alu_result_reg[4]_replica_71/C
                            (rising edge-triggered cell FDCE clocked by clk_out1_clk_wiz_0  {rise@0.000ns fall@12.500ns period=25.000ns})
  Destination:            rv64i59f_5sp/data_memory/memory_reg_7936_8191_51_51/RAMS64E_A/ADR1
                            (rising edge-triggered cell RAMS64E clocked by clk_out1_clk_wiz_0  {rise@0.000ns fall@12.500ns period=25.000ns})
  Path Group:             clk_out1_clk_wiz_0
  Path Type:              Hold (Min at Fast Process Corner)
  Requirement:            0.000ns  (clk_out1_clk_wiz_0 rise@0.000ns - clk_out1_clk_wiz_0 rise@0.000ns)
  Data Path Delay:        0.433ns  (logic 0.141ns (32.570%)  route 0.292ns (67.430%))
  Logic Levels:           0  
  Clock Path Skew:        0.034ns (DCD - SCD - CPR)
    Destination Clock Delay (DCD):    -0.379ns
    Source Clock Delay      (SCD):    -0.605ns
    Clock Pessimism Removal (CPR):    0.192ns

    Location             Delay type                Incr(ns)  Path(ns)    Netlist Resource(s)
  -------------------------------------------------------------------    -------------------
                         (clock clk_out1_clk_wiz_0 rise edge)
                                                      0.000     0.000 r  
    R4                                                0.000     0.000 r  clk (IN)
                         net (fo=0)                   0.000     0.000    clk_gen/inst/clk_in1
    R4                   IBUF (Prop_ibuf_I_O)         0.243     0.243 r  clk_gen/inst/clkin1_ibufg/O
                         net (fo=1, routed)           0.440     0.683    clk_gen/inst/clk_in1_clk_wiz_0
    PLLE2_ADV_X1Y2       PLLE2_ADV (Prop_plle2_adv_CLKIN1_CLKOUT0)
                                                     -2.503    -1.819 r  clk_gen/inst/plle2_adv_inst/CLKOUT0
                         net (fo=1, routed)           0.546    -1.273    clk_gen/inst/clk_out1_clk_wiz_0
    BUFGCTRL_X0Y0        BUFG (Prop_bufg_I_O)         0.026    -1.247 r  clk_gen/inst/clkout1_buf/O
                         net (fo=11618, routed)       0.642    -0.605    rv64i59f_5sp/ex_mem_register/clk_out1
    SLICE_X91Y96         FDCE                                         r  rv64i59f_5sp/ex_mem_register/MEM_alu_result_reg[4]_replica_71/C
  -------------------------------------------------------------------    -------------------
    SLICE_X91Y96         FDCE (Prop_fdce_C_Q)         0.141    -0.464 r  rv64i59f_5sp/ex_mem_register/MEM_alu_result_reg[4]_replica_71/Q
                         net (fo=31, routed)          0.292    -0.172    rv64i59f_5sp/data_memory/memory_reg_7936_8191_51_51/A1
    SLICE_X88Y95         RAMS64E                                      r  rv64i59f_5sp/data_memory/memory_reg_7936_8191_51_51/RAMS64E_A/ADR1
  -------------------------------------------------------------------    -------------------

                         (clock clk_out1_clk_wiz_0 rise edge)
                                                      0.000     0.000 r  
    R4                                                0.000     0.000 r  clk (IN)
                         net (fo=0)                   0.000     0.000    clk_gen/inst/clk_in1
    R4                   IBUF (Prop_ibuf_I_O)         0.431     0.431 r  clk_gen/inst/clkin1_ibufg/O
                         net (fo=1, routed)           0.481     0.912    clk_gen/inst/clk_in1_clk_wiz_0
    PLLE2_ADV_X1Y2       PLLE2_ADV (Prop_plle2_adv_CLKIN1_CLKOUT0)
                                                     -2.828    -1.916 r  clk_gen/inst/plle2_adv_inst/CLKOUT0
                         net (fo=1, routed)           0.595    -1.322    clk_gen/inst/clk_out1_clk_wiz_0
    BUFGCTRL_X0Y0        BUFG (Prop_bufg_I_O)         0.029    -1.293 r  clk_gen/inst/clkout1_buf/O
                         net (fo=11618, routed)       0.914    -0.379    rv64i59f_5sp/data_memory/memory_reg_7936_8191_51_51/WCLK
    SLICE_X88Y95         RAMS64E                                      r  rv64i59f_5sp/data_memory/memory_reg_7936_8191_51_51/RAMS64E_A/CLK
                         clock pessimism             -0.192    -0.571    
    SLICE_X88Y95         RAMS64E (Hold_rams64e_CLK_ADR1)
                                                      0.309    -0.262    rv64i59f_5sp/data_memory/memory_reg_7936_8191_51_51/RAMS64E_A
  -------------------------------------------------------------------
                         required time                          0.262    
                         arrival time                          -0.172    
  -------------------------------------------------------------------
                         slack                                  0.090    

Slack (MET) :             0.090ns  (arrival time - required time)
  Source:                 rv64i59f_5sp/ex_mem_register/MEM_alu_result_reg[4]_replica_71/C
                            (rising edge-triggered cell FDCE clocked by clk_out1_clk_wiz_0  {rise@0.000ns fall@12.500ns period=25.000ns})
  Destination:            rv64i59f_5sp/data_memory/memory_reg_7936_8191_51_51/RAMS64E_B/ADR1
                            (rising edge-triggered cell RAMS64E clocked by clk_out1_clk_wiz_0  {rise@0.000ns fall@12.500ns period=25.000ns})
  Path Group:             clk_out1_clk_wiz_0
  Path Type:              Hold (Min at Fast Process Corner)
  Requirement:            0.000ns  (clk_out1_clk_wiz_0 rise@0.000ns - clk_out1_clk_wiz_0 rise@0.000ns)
  Data Path Delay:        0.433ns  (logic 0.141ns (32.570%)  route 0.292ns (67.430%))
  Logic Levels:           0  
  Clock Path Skew:        0.034ns (DCD - SCD - CPR)
    Destination Clock Delay (DCD):    -0.379ns
    Source Clock Delay      (SCD):    -0.605ns
    Clock Pessimism Removal (CPR):    0.192ns

    Location             Delay type                Incr(ns)  Path(ns)    Netlist Resource(s)
  -------------------------------------------------------------------    -------------------
                         (clock clk_out1_clk_wiz_0 rise edge)
                                                      0.000     0.000 r  
    R4                                                0.000     0.000 r  clk (IN)
                         net (fo=0)                   0.000     0.000    clk_gen/inst/clk_in1
    R4                   IBUF (Prop_ibuf_I_O)         0.243     0.243 r  clk_gen/inst/clkin1_ibufg/O
                         net (fo=1, routed)           0.440     0.683    clk_gen/inst/clk_in1_clk_wiz_0
    PLLE2_ADV_X1Y2       PLLE2_ADV (Prop_plle2_adv_CLKIN1_CLKOUT0)
                                                     -2.503    -1.819 r  clk_gen/inst/plle2_adv_inst/CLKOUT0
                         net (fo=1, routed)           0.546    -1.273    clk_gen/inst/clk_out1_clk_wiz_0
    BUFGCTRL_X0Y0        BUFG (Prop_bufg_I_O)         0.026    -1.247 r  clk_gen/inst/clkout1_buf/O
                         net (fo=11618, routed)       0.642    -0.605    rv64i59f_5sp/ex_mem_register/clk_out1
    SLICE_X91Y96         FDCE                                         r  rv64i59f_5sp/ex_mem_register/MEM_alu_result_reg[4]_replica_71/C
  -------------------------------------------------------------------    -------------------
    SLICE_X91Y96         FDCE (Prop_fdce_C_Q)         0.141    -0.464 r  rv64i59f_5sp/ex_mem_register/MEM_alu_result_reg[4]_replica_71/Q
                         net (fo=31, routed)          0.292    -0.172    rv64i59f_5sp/data_memory/memory_reg_7936_8191_51_51/A1
    SLICE_X88Y95         RAMS64E                                      r  rv64i59f_5sp/data_memory/memory_reg_7936_8191_51_51/RAMS64E_B/ADR1
  -------------------------------------------------------------------    -------------------

                         (clock clk_out1_clk_wiz_0 rise edge)
                                                      0.000     0.000 r  
    R4                                                0.000     0.000 r  clk (IN)
                         net (fo=0)                   0.000     0.000    clk_gen/inst/clk_in1
    R4                   IBUF (Prop_ibuf_I_O)         0.431     0.431 r  clk_gen/inst/clkin1_ibufg/O
                         net (fo=1, routed)           0.481     0.912    clk_gen/inst/clk_in1_clk_wiz_0
    PLLE2_ADV_X1Y2       PLLE2_ADV (Prop_plle2_adv_CLKIN1_CLKOUT0)
                                                     -2.828    -1.916 r  clk_gen/inst/plle2_adv_inst/CLKOUT0
                         net (fo=1, routed)           0.595    -1.322    clk_gen/inst/clk_out1_clk_wiz_0
    BUFGCTRL_X0Y0        BUFG (Prop_bufg_I_O)         0.029    -1.293 r  clk_gen/inst/clkout1_buf/O
                         net (fo=11618, routed)       0.914    -0.379    rv64i59f_5sp/data_memory/memory_reg_7936_8191_51_51/WCLK
    SLICE_X88Y95         RAMS64E                                      r  rv64i59f_5sp/data_memory/memory_reg_7936_8191_51_51/RAMS64E_B/CLK
                         clock pessimism             -0.192    -0.571    
    SLICE_X88Y95         RAMS64E (Hold_rams64e_CLK_ADR1)
                                                      0.309    -0.262    rv64i59f_5sp/data_memory/memory_reg_7936_8191_51_51/RAMS64E_B
  -------------------------------------------------------------------
                         required time                          0.262    
                         arrival time                          -0.172    
  -------------------------------------------------------------------
                         slack                                  0.090    

Slack (MET) :             0.090ns  (arrival time - required time)
  Source:                 rv64i59f_5sp/ex_mem_register/MEM_alu_result_reg[4]_replica_71/C
                            (rising edge-triggered cell FDCE clocked by clk_out1_clk_wiz_0  {rise@0.000ns fall@12.500ns period=25.000ns})
  Destination:            rv64i59f_5sp/data_memory/memory_reg_7936_8191_51_51/RAMS64E_C/ADR1
                            (rising edge-triggered cell RAMS64E clocked by clk_out1_clk_wiz_0  {rise@0.000ns fall@12.500ns period=25.000ns})
  Path Group:             clk_out1_clk_wiz_0
  Path Type:              Hold (Min at Fast Process Corner)
  Requirement:            0.000ns  (clk_out1_clk_wiz_0 rise@0.000ns - clk_out1_clk_wiz_0 rise@0.000ns)
  Data Path Delay:        0.433ns  (logic 0.141ns (32.570%)  route 0.292ns (67.430%))
  Logic Levels:           0  
  Clock Path Skew:        0.034ns (DCD - SCD - CPR)
    Destination Clock Delay (DCD):    -0.379ns
    Source Clock Delay      (SCD):    -0.605ns
    Clock Pessimism Removal (CPR):    0.192ns

    Location             Delay type                Incr(ns)  Path(ns)    Netlist Resource(s)
  -------------------------------------------------------------------    -------------------
                         (clock clk_out1_clk_wiz_0 rise edge)
                                                      0.000     0.000 r  
    R4                                                0.000     0.000 r  clk (IN)
                         net (fo=0)                   0.000     0.000    clk_gen/inst/clk_in1
    R4                   IBUF (Prop_ibuf_I_O)         0.243     0.243 r  clk_gen/inst/clkin1_ibufg/O
                         net (fo=1, routed)           0.440     0.683    clk_gen/inst/clk_in1_clk_wiz_0
    PLLE2_ADV_X1Y2       PLLE2_ADV (Prop_plle2_adv_CLKIN1_CLKOUT0)
                                                     -2.503    -1.819 r  clk_gen/inst/plle2_adv_inst/CLKOUT0
                         net (fo=1, routed)           0.546    -1.273    clk_gen/inst/clk_out1_clk_wiz_0
    BUFGCTRL_X0Y0        BUFG (Prop_bufg_I_O)         0.026    -1.247 r  clk_gen/inst/clkout1_buf/O
                         net (fo=11618, routed)       0.642    -0.605    rv64i59f_5sp/ex_mem_register/clk_out1
    SLICE_X91Y96         FDCE                                         r  rv64i59f_5sp/ex_mem_register/MEM_alu_result_reg[4]_replica_71/C
  -------------------------------------------------------------------    -------------------
    SLICE_X91Y96         FDCE (Prop_fdce_C_Q)         0.141    -0.464 r  rv64i59f_5sp/ex_mem_register/MEM_alu_result_reg[4]_replica_71/Q
                         net (fo=31, routed)          0.292    -0.172    rv64i59f_5sp/data_memory/memory_reg_7936_8191_51_51/A1
    SLICE_X88Y95         RAMS64E                                      r  rv64i59f_5sp/data_memory/memory_reg_7936_8191_51_51/RAMS64E_C/ADR1
  -------------------------------------------------------------------    -------------------

                         (clock clk_out1_clk_wiz_0 rise edge)
                                                      0.000     0.000 r  
    R4                                                0.000     0.000 r  clk (IN)
                         net (fo=0)                   0.000     0.000    clk_gen/inst/clk_in1
    R4                   IBUF (Prop_ibuf_I_O)         0.431     0.431 r  clk_gen/inst/clkin1_ibufg/O
                         net (fo=1, routed)           0.481     0.912    clk_gen/inst/clk_in1_clk_wiz_0
    PLLE2_ADV_X1Y2       PLLE2_ADV (Prop_plle2_adv_CLKIN1_CLKOUT0)
                                                     -2.828    -1.916 r  clk_gen/inst/plle2_adv_inst/CLKOUT0
                         net (fo=1, routed)           0.595    -1.322    clk_gen/inst/clk_out1_clk_wiz_0
    BUFGCTRL_X0Y0        BUFG (Prop_bufg_I_O)         0.029    -1.293 r  clk_gen/inst/clkout1_buf/O
                         net (fo=11618, routed)       0.914    -0.379    rv64i59f_5sp/data_memory/memory_reg_7936_8191_51_51/WCLK
    SLICE_X88Y95         RAMS64E                                      r  rv64i59f_5sp/data_memory/memory_reg_7936_8191_51_51/RAMS64E_C/CLK
                         clock pessimism             -0.192    -0.571    
    SLICE_X88Y95         RAMS64E (Hold_rams64e_CLK_ADR1)
                                                      0.309    -0.262    rv64i59f_5sp/data_memory/memory_reg_7936_8191_51_51/RAMS64E_C
  -------------------------------------------------------------------
                         required time                          0.262    
                         arrival time                          -0.172    
  -------------------------------------------------------------------
                         slack                                  0.090    

Slack (MET) :             0.090ns  (arrival time - required time)
  Source:                 rv64i59f_5sp/ex_mem_register/MEM_alu_result_reg[4]_replica_71/C
                            (rising edge-triggered cell FDCE clocked by clk_out1_clk_wiz_0  {rise@0.000ns fall@12.500ns period=25.000ns})
  Destination:            rv64i59f_5sp/data_memory/memory_reg_7936_8191_51_51/RAMS64E_D/ADR1
                            (rising edge-triggered cell RAMS64E clocked by clk_out1_clk_wiz_0  {rise@0.000ns fall@12.500ns period=25.000ns})
  Path Group:             clk_out1_clk_wiz_0
  Path Type:              Hold (Min at Fast Process Corner)
  Requirement:            0.000ns  (clk_out1_clk_wiz_0 rise@0.000ns - clk_out1_clk_wiz_0 rise@0.000ns)
  Data Path Delay:        0.433ns  (logic 0.141ns (32.570%)  route 0.292ns (67.430%))
  Logic Levels:           0  
  Clock Path Skew:        0.034ns (DCD - SCD - CPR)
    Destination Clock Delay (DCD):    -0.379ns
    Source Clock Delay      (SCD):    -0.605ns
    Clock Pessimism Removal (CPR):    0.192ns

    Location             Delay type                Incr(ns)  Path(ns)    Netlist Resource(s)
  -------------------------------------------------------------------    -------------------
                         (clock clk_out1_clk_wiz_0 rise edge)
                                                      0.000     0.000 r  
    R4                                                0.000     0.000 r  clk (IN)
                         net (fo=0)                   0.000     0.000    clk_gen/inst/clk_in1
    R4                   IBUF (Prop_ibuf_I_O)         0.243     0.243 r  clk_gen/inst/clkin1_ibufg/O
                         net (fo=1, routed)           0.440     0.683    clk_gen/inst/clk_in1_clk_wiz_0
    PLLE2_ADV_X1Y2       PLLE2_ADV (Prop_plle2_adv_CLKIN1_CLKOUT0)
                                                     -2.503    -1.819 r  clk_gen/inst/plle2_adv_inst/CLKOUT0
                         net (fo=1, routed)           0.546    -1.273    clk_gen/inst/clk_out1_clk_wiz_0
    BUFGCTRL_X0Y0        BUFG (Prop_bufg_I_O)         0.026    -1.247 r  clk_gen/inst/clkout1_buf/O
                         net (fo=11618, routed)       0.642    -0.605    rv64i59f_5sp/ex_mem_register/clk_out1
    SLICE_X91Y96         FDCE                                         r  rv64i59f_5sp/ex_mem_register/MEM_alu_result_reg[4]_replica_71/C
  -------------------------------------------------------------------    -------------------
    SLICE_X91Y96         FDCE (Prop_fdce_C_Q)         0.141    -0.464 r  rv64i59f_5sp/ex_mem_register/MEM_alu_result_reg[4]_replica_71/Q
                         net (fo=31, routed)          0.292    -0.172    rv64i59f_5sp/data_memory/memory_reg_7936_8191_51_51/A1
    SLICE_X88Y95         RAMS64E                                      r  rv64i59f_5sp/data_memory/memory_reg_7936_8191_51_51/RAMS64E_D/ADR1
  -------------------------------------------------------------------    -------------------

                         (clock clk_out1_clk_wiz_0 rise edge)
                                                      0.000     0.000 r  
    R4                                                0.000     0.000 r  clk (IN)
                         net (fo=0)                   0.000     0.000    clk_gen/inst/clk_in1
    R4                   IBUF (Prop_ibuf_I_O)         0.431     0.431 r  clk_gen/inst/clkin1_ibufg/O
                         net (fo=1, routed)           0.481     0.912    clk_gen/inst/clk_in1_clk_wiz_0
    PLLE2_ADV_X1Y2       PLLE2_ADV (Prop_plle2_adv_CLKIN1_CLKOUT0)
                                                     -2.828    -1.916 r  clk_gen/inst/plle2_adv_inst/CLKOUT0
                         net (fo=1, routed)           0.595    -1.322    clk_gen/inst/clk_out1_clk_wiz_0
    BUFGCTRL_X0Y0        BUFG (Prop_bufg_I_O)         0.029    -1.293 r  clk_gen/inst/clkout1_buf/O
                         net (fo=11618, routed)       0.914    -0.379    rv64i59f_5sp/data_memory/memory_reg_7936_8191_51_51/WCLK
    SLICE_X88Y95         RAMS64E                                      r  rv64i59f_5sp/data_memory/memory_reg_7936_8191_51_51/RAMS64E_D/CLK
                         clock pessimism             -0.192    -0.571    
    SLICE_X88Y95         RAMS64E (Hold_rams64e_CLK_ADR1)
                                                      0.309    -0.262    rv64i59f_5sp/data_memory/memory_reg_7936_8191_51_51/RAMS64E_D
  -------------------------------------------------------------------
                         required time                          0.262    
                         arrival time                          -0.172    
  -------------------------------------------------------------------
                         slack                                  0.090    

Slack (MET) :             0.093ns  (arrival time - required time)
  Source:                 rv64i59f_5sp/ex_mem_register/MEM_alu_result_reg[6]_replica_100/C
                            (rising edge-triggered cell FDCE clocked by clk_out1_clk_wiz_0  {rise@0.000ns fall@12.500ns period=25.000ns})
  Destination:            rv64i59f_5sp/data_memory/memory_reg_4608_4863_6_6/RAMS64E_A/ADR3
                            (rising edge-triggered cell RAMS64E clocked by clk_out1_clk_wiz_0  {rise@0.000ns fall@12.500ns period=25.000ns})
  Path Group:             clk_out1_clk_wiz_0
  Path Type:              Hold (Min at Fast Process Corner)
  Requirement:            0.000ns  (clk_out1_clk_wiz_0 rise@0.000ns - clk_out1_clk_wiz_0 rise@0.000ns)
  Data Path Delay:        0.673ns  (logic 0.141ns (20.961%)  route 0.532ns (79.039%))
  Logic Levels:           0  
  Clock Path Skew:        0.340ns (DCD - SCD - CPR)
    Destination Clock Delay (DCD):    -0.291ns
    Source Clock Delay      (SCD):    -0.594ns
    Clock Pessimism Removal (CPR):    -0.037ns

    Location             Delay type                Incr(ns)  Path(ns)    Netlist Resource(s)
  -------------------------------------------------------------------    -------------------
                         (clock clk_out1_clk_wiz_0 rise edge)
                                                      0.000     0.000 r  
    R4                                                0.000     0.000 r  clk (IN)
                         net (fo=0)                   0.000     0.000    clk_gen/inst/clk_in1
    R4                   IBUF (Prop_ibuf_I_O)         0.243     0.243 r  clk_gen/inst/clkin1_ibufg/O
                         net (fo=1, routed)           0.440     0.683    clk_gen/inst/clk_in1_clk_wiz_0
    PLLE2_ADV_X1Y2       PLLE2_ADV (Prop_plle2_adv_CLKIN1_CLKOUT0)
                                                     -2.503    -1.819 r  clk_gen/inst/plle2_adv_inst/CLKOUT0
                         net (fo=1, routed)           0.546    -1.273    clk_gen/inst/clk_out1_clk_wiz_0
    BUFGCTRL_X0Y0        BUFG (Prop_bufg_I_O)         0.026    -1.247 r  clk_gen/inst/clkout1_buf/O
                         net (fo=11618, routed)       0.653    -0.594    rv64i59f_5sp/ex_mem_register/clk_out1
    SLICE_X53Y50         FDCE                                         r  rv64i59f_5sp/ex_mem_register/MEM_alu_result_reg[6]_replica_100/C
  -------------------------------------------------------------------    -------------------
    SLICE_X53Y50         FDCE (Prop_fdce_C_Q)         0.141    -0.453 r  rv64i59f_5sp/ex_mem_register/MEM_alu_result_reg[6]_replica_100/Q
                         net (fo=38, routed)          0.532     0.078    rv64i59f_5sp/data_memory/memory_reg_4608_4863_6_6/A3
    SLICE_X48Y43         RAMS64E                                      r  rv64i59f_5sp/data_memory/memory_reg_4608_4863_6_6/RAMS64E_A/ADR3
  -------------------------------------------------------------------    -------------------

                         (clock clk_out1_clk_wiz_0 rise edge)
                                                      0.000     0.000 r  
    R4                                                0.000     0.000 r  clk (IN)
                         net (fo=0)                   0.000     0.000    clk_gen/inst/clk_in1
    R4                   IBUF (Prop_ibuf_I_O)         0.431     0.431 r  clk_gen/inst/clkin1_ibufg/O
                         net (fo=1, routed)           0.481     0.912    clk_gen/inst/clk_in1_clk_wiz_0
    PLLE2_ADV_X1Y2       PLLE2_ADV (Prop_plle2_adv_CLKIN1_CLKOUT0)
                                                     -2.828    -1.916 r  clk_gen/inst/plle2_adv_inst/CLKOUT0
                         net (fo=1, routed)           0.595    -1.322    clk_gen/inst/clk_out1_clk_wiz_0
    BUFGCTRL_X0Y0        BUFG (Prop_bufg_I_O)         0.029    -1.293 r  clk_gen/inst/clkout1_buf/O
                         net (fo=11618, routed)       1.002    -0.291    rv64i59f_5sp/data_memory/memory_reg_4608_4863_6_6/WCLK
    SLICE_X48Y43         RAMS64E                                      r  rv64i59f_5sp/data_memory/memory_reg_4608_4863_6_6/RAMS64E_A/CLK
                         clock pessimism              0.037    -0.254    
    SLICE_X48Y43         RAMS64E (Hold_rams64e_CLK_ADR3)
                                                      0.240    -0.014    rv64i59f_5sp/data_memory/memory_reg_4608_4863_6_6/RAMS64E_A
  -------------------------------------------------------------------
                         required time                          0.014    
                         arrival time                           0.078    
  -------------------------------------------------------------------
                         slack                                  0.093    

Slack (MET) :             0.093ns  (arrival time - required time)
  Source:                 rv64i59f_5sp/ex_mem_register/MEM_alu_result_reg[6]_replica_100/C
                            (rising edge-triggered cell FDCE clocked by clk_out1_clk_wiz_0  {rise@0.000ns fall@12.500ns period=25.000ns})
  Destination:            rv64i59f_5sp/data_memory/memory_reg_4608_4863_6_6/RAMS64E_B/ADR3
                            (rising edge-triggered cell RAMS64E clocked by clk_out1_clk_wiz_0  {rise@0.000ns fall@12.500ns period=25.000ns})
  Path Group:             clk_out1_clk_wiz_0
  Path Type:              Hold (Min at Fast Process Corner)
  Requirement:            0.000ns  (clk_out1_clk_wiz_0 rise@0.000ns - clk_out1_clk_wiz_0 rise@0.000ns)
  Data Path Delay:        0.673ns  (logic 0.141ns (20.961%)  route 0.532ns (79.039%))
  Logic Levels:           0  
  Clock Path Skew:        0.340ns (DCD - SCD - CPR)
    Destination Clock Delay (DCD):    -0.291ns
    Source Clock Delay      (SCD):    -0.594ns
    Clock Pessimism Removal (CPR):    -0.037ns

    Location             Delay type                Incr(ns)  Path(ns)    Netlist Resource(s)
  -------------------------------------------------------------------    -------------------
                         (clock clk_out1_clk_wiz_0 rise edge)
                                                      0.000     0.000 r  
    R4                                                0.000     0.000 r  clk (IN)
                         net (fo=0)                   0.000     0.000    clk_gen/inst/clk_in1
    R4                   IBUF (Prop_ibuf_I_O)         0.243     0.243 r  clk_gen/inst/clkin1_ibufg/O
                         net (fo=1, routed)           0.440     0.683    clk_gen/inst/clk_in1_clk_wiz_0
    PLLE2_ADV_X1Y2       PLLE2_ADV (Prop_plle2_adv_CLKIN1_CLKOUT0)
                                                     -2.503    -1.819 r  clk_gen/inst/plle2_adv_inst/CLKOUT0
                         net (fo=1, routed)           0.546    -1.273    clk_gen/inst/clk_out1_clk_wiz_0
    BUFGCTRL_X0Y0        BUFG (Prop_bufg_I_O)         0.026    -1.247 r  clk_gen/inst/clkout1_buf/O
                         net (fo=11618, routed)       0.653    -0.594    rv64i59f_5sp/ex_mem_register/clk_out1
    SLICE_X53Y50         FDCE                                         r  rv64i59f_5sp/ex_mem_register/MEM_alu_result_reg[6]_replica_100/C
  -------------------------------------------------------------------    -------------------
    SLICE_X53Y50         FDCE (Prop_fdce_C_Q)         0.141    -0.453 r  rv64i59f_5sp/ex_mem_register/MEM_alu_result_reg[6]_replica_100/Q
                         net (fo=38, routed)          0.532     0.078    rv64i59f_5sp/data_memory/memory_reg_4608_4863_6_6/A3
    SLICE_X48Y43         RAMS64E                                      r  rv64i59f_5sp/data_memory/memory_reg_4608_4863_6_6/RAMS64E_B/ADR3
  -------------------------------------------------------------------    -------------------

                         (clock clk_out1_clk_wiz_0 rise edge)
                                                      0.000     0.000 r  
    R4                                                0.000     0.000 r  clk (IN)
                         net (fo=0)                   0.000     0.000    clk_gen/inst/clk_in1
    R4                   IBUF (Prop_ibuf_I_O)         0.431     0.431 r  clk_gen/inst/clkin1_ibufg/O
                         net (fo=1, routed)           0.481     0.912    clk_gen/inst/clk_in1_clk_wiz_0
    PLLE2_ADV_X1Y2       PLLE2_ADV (Prop_plle2_adv_CLKIN1_CLKOUT0)
                                                     -2.828    -1.916 r  clk_gen/inst/plle2_adv_inst/CLKOUT0
                         net (fo=1, routed)           0.595    -1.322    clk_gen/inst/clk_out1_clk_wiz_0
    BUFGCTRL_X0Y0        BUFG (Prop_bufg_I_O)         0.029    -1.293 r  clk_gen/inst/clkout1_buf/O
                         net (fo=11618, routed)       1.002    -0.291    rv64i59f_5sp/data_memory/memory_reg_4608_4863_6_6/WCLK
    SLICE_X48Y43         RAMS64E                                      r  rv64i59f_5sp/data_memory/memory_reg_4608_4863_6_6/RAMS64E_B/CLK
                         clock pessimism              0.037    -0.254    
    SLICE_X48Y43         RAMS64E (Hold_rams64e_CLK_ADR3)
                                                      0.240    -0.014    rv64i59f_5sp/data_memory/memory_reg_4608_4863_6_6/RAMS64E_B
  -------------------------------------------------------------------
                         required time                          0.014    
                         arrival time                           0.078    
  -------------------------------------------------------------------
                         slack                                  0.093    

Slack (MET) :             0.093ns  (arrival time - required time)
  Source:                 rv64i59f_5sp/ex_mem_register/MEM_alu_result_reg[6]_replica_100/C
                            (rising edge-triggered cell FDCE clocked by clk_out1_clk_wiz_0  {rise@0.000ns fall@12.500ns period=25.000ns})
  Destination:            rv64i59f_5sp/data_memory/memory_reg_4608_4863_6_6/RAMS64E_C/ADR3
                            (rising edge-triggered cell RAMS64E clocked by clk_out1_clk_wiz_0  {rise@0.000ns fall@12.500ns period=25.000ns})
  Path Group:             clk_out1_clk_wiz_0
  Path Type:              Hold (Min at Fast Process Corner)
  Requirement:            0.000ns  (clk_out1_clk_wiz_0 rise@0.000ns - clk_out1_clk_wiz_0 rise@0.000ns)
  Data Path Delay:        0.673ns  (logic 0.141ns (20.961%)  route 0.532ns (79.039%))
  Logic Levels:           0  
  Clock Path Skew:        0.340ns (DCD - SCD - CPR)
    Destination Clock Delay (DCD):    -0.291ns
    Source Clock Delay      (SCD):    -0.594ns
    Clock Pessimism Removal (CPR):    -0.037ns

    Location             Delay type                Incr(ns)  Path(ns)    Netlist Resource(s)
  -------------------------------------------------------------------    -------------------
                         (clock clk_out1_clk_wiz_0 rise edge)
                                                      0.000     0.000 r  
    R4                                                0.000     0.000 r  clk (IN)
                         net (fo=0)                   0.000     0.000    clk_gen/inst/clk_in1
    R4                   IBUF (Prop_ibuf_I_O)         0.243     0.243 r  clk_gen/inst/clkin1_ibufg/O
                         net (fo=1, routed)           0.440     0.683    clk_gen/inst/clk_in1_clk_wiz_0
    PLLE2_ADV_X1Y2       PLLE2_ADV (Prop_plle2_adv_CLKIN1_CLKOUT0)
                                                     -2.503    -1.819 r  clk_gen/inst/plle2_adv_inst/CLKOUT0
                         net (fo=1, routed)           0.546    -1.273    clk_gen/inst/clk_out1_clk_wiz_0
    BUFGCTRL_X0Y0        BUFG (Prop_bufg_I_O)         0.026    -1.247 r  clk_gen/inst/clkout1_buf/O
                         net (fo=11618, routed)       0.653    -0.594    rv64i59f_5sp/ex_mem_register/clk_out1
    SLICE_X53Y50         FDCE                                         r  rv64i59f_5sp/ex_mem_register/MEM_alu_result_reg[6]_replica_100/C
  -------------------------------------------------------------------    -------------------
    SLICE_X53Y50         FDCE (Prop_fdce_C_Q)         0.141    -0.453 r  rv64i59f_5sp/ex_mem_register/MEM_alu_result_reg[6]_replica_100/Q
                         net (fo=38, routed)          0.532     0.078    rv64i59f_5sp/data_memory/memory_reg_4608_4863_6_6/A3
    SLICE_X48Y43         RAMS64E                                      r  rv64i59f_5sp/data_memory/memory_reg_4608_4863_6_6/RAMS64E_C/ADR3
  -------------------------------------------------------------------    -------------------

                         (clock clk_out1_clk_wiz_0 rise edge)
                                                      0.000     0.000 r  
    R4                                                0.000     0.000 r  clk (IN)
                         net (fo=0)                   0.000     0.000    clk_gen/inst/clk_in1
    R4                   IBUF (Prop_ibuf_I_O)         0.431     0.431 r  clk_gen/inst/clkin1_ibufg/O
                         net (fo=1, routed)           0.481     0.912    clk_gen/inst/clk_in1_clk_wiz_0
    PLLE2_ADV_X1Y2       PLLE2_ADV (Prop_plle2_adv_CLKIN1_CLKOUT0)
                                                     -2.828    -1.916 r  clk_gen/inst/plle2_adv_inst/CLKOUT0
                         net (fo=1, routed)           0.595    -1.322    clk_gen/inst/clk_out1_clk_wiz_0
    BUFGCTRL_X0Y0        BUFG (Prop_bufg_I_O)         0.029    -1.293 r  clk_gen/inst/clkout1_buf/O
                         net (fo=11618, routed)       1.002    -0.291    rv64i59f_5sp/data_memory/memory_reg_4608_4863_6_6/WCLK
    SLICE_X48Y43         RAMS64E                                      r  rv64i59f_5sp/data_memory/memory_reg_4608_4863_6_6/RAMS64E_C/CLK
                         clock pessimism              0.037    -0.254    
    SLICE_X48Y43         RAMS64E (Hold_rams64e_CLK_ADR3)
                                                      0.240    -0.014    rv64i59f_5sp/data_memory/memory_reg_4608_4863_6_6/RAMS64E_C
  -------------------------------------------------------------------
                         required time                          0.014    
                         arrival time                           0.078    
  -------------------------------------------------------------------
                         slack                                  0.093    

Slack (MET) :             0.093ns  (arrival time - required time)
  Source:                 rv64i59f_5sp/ex_mem_register/MEM_alu_result_reg[6]_replica_100/C
                            (rising edge-triggered cell FDCE clocked by clk_out1_clk_wiz_0  {rise@0.000ns fall@12.500ns period=25.000ns})
  Destination:            rv64i59f_5sp/data_memory/memory_reg_4608_4863_6_6/RAMS64E_D/ADR3
                            (rising edge-triggered cell RAMS64E clocked by clk_out1_clk_wiz_0  {rise@0.000ns fall@12.500ns period=25.000ns})
  Path Group:             clk_out1_clk_wiz_0
  Path Type:              Hold (Min at Fast Process Corner)
  Requirement:            0.000ns  (clk_out1_clk_wiz_0 rise@0.000ns - clk_out1_clk_wiz_0 rise@0.000ns)
  Data Path Delay:        0.673ns  (logic 0.141ns (20.961%)  route 0.532ns (79.039%))
  Logic Levels:           0  
  Clock Path Skew:        0.340ns (DCD - SCD - CPR)
    Destination Clock Delay (DCD):    -0.291ns
    Source Clock Delay      (SCD):    -0.594ns
    Clock Pessimism Removal (CPR):    -0.037ns

    Location             Delay type                Incr(ns)  Path(ns)    Netlist Resource(s)
  -------------------------------------------------------------------    -------------------
                         (clock clk_out1_clk_wiz_0 rise edge)
                                                      0.000     0.000 r  
    R4                                                0.000     0.000 r  clk (IN)
                         net (fo=0)                   0.000     0.000    clk_gen/inst/clk_in1
    R4                   IBUF (Prop_ibuf_I_O)         0.243     0.243 r  clk_gen/inst/clkin1_ibufg/O
                         net (fo=1, routed)           0.440     0.683    clk_gen/inst/clk_in1_clk_wiz_0
    PLLE2_ADV_X1Y2       PLLE2_ADV (Prop_plle2_adv_CLKIN1_CLKOUT0)
                                                     -2.503    -1.819 r  clk_gen/inst/plle2_adv_inst/CLKOUT0
                         net (fo=1, routed)           0.546    -1.273    clk_gen/inst/clk_out1_clk_wiz_0
    BUFGCTRL_X0Y0        BUFG (Prop_bufg_I_O)         0.026    -1.247 r  clk_gen/inst/clkout1_buf/O
                         net (fo=11618, routed)       0.653    -0.594    rv64i59f_5sp/ex_mem_register/clk_out1
    SLICE_X53Y50         FDCE                                         r  rv64i59f_5sp/ex_mem_register/MEM_alu_result_reg[6]_replica_100/C
  -------------------------------------------------------------------    -------------------
    SLICE_X53Y50         FDCE (Prop_fdce_C_Q)         0.141    -0.453 r  rv64i59f_5sp/ex_mem_register/MEM_alu_result_reg[6]_replica_100/Q
                         net (fo=38, routed)          0.532     0.078    rv64i59f_5sp/data_memory/memory_reg_4608_4863_6_6/A3
    SLICE_X48Y43         RAMS64E                                      r  rv64i59f_5sp/data_memory/memory_reg_4608_4863_6_6/RAMS64E_D/ADR3
  -------------------------------------------------------------------    -------------------

                         (clock clk_out1_clk_wiz_0 rise edge)
                                                      0.000     0.000 r  
    R4                                                0.000     0.000 r  clk (IN)
                         net (fo=0)                   0.000     0.000    clk_gen/inst/clk_in1
    R4                   IBUF (Prop_ibuf_I_O)         0.431     0.431 r  clk_gen/inst/clkin1_ibufg/O
                         net (fo=1, routed)           0.481     0.912    clk_gen/inst/clk_in1_clk_wiz_0
    PLLE2_ADV_X1Y2       PLLE2_ADV (Prop_plle2_adv_CLKIN1_CLKOUT0)
                                                     -2.828    -1.916 r  clk_gen/inst/plle2_adv_inst/CLKOUT0
                         net (fo=1, routed)           0.595    -1.322    clk_gen/inst/clk_out1_clk_wiz_0
    BUFGCTRL_X0Y0        BUFG (Prop_bufg_I_O)         0.029    -1.293 r  clk_gen/inst/clkout1_buf/O
                         net (fo=11618, routed)       1.002    -0.291    rv64i59f_5sp/data_memory/memory_reg_4608_4863_6_6/WCLK
    SLICE_X48Y43         RAMS64E                                      r  rv64i59f_5sp/data_memory/memory_reg_4608_4863_6_6/RAMS64E_D/CLK
                         clock pessimism              0.037    -0.254    
    SLICE_X48Y43         RAMS64E (Hold_rams64e_CLK_ADR3)
                                                      0.240    -0.014    rv64i59f_5sp/data_memory/memory_reg_4608_4863_6_6/RAMS64E_D
  -------------------------------------------------------------------
                         required time                          0.014    
                         arrival time                           0.078    
  -------------------------------------------------------------------
                         slack                                  0.093    

Slack (MET) :             0.100ns  (arrival time - required time)
  Source:                 rv64i59f_5sp/ex_mem_register/MEM_alu_result_reg[5]_replica_72/C
                            (rising edge-triggered cell FDCE clocked by clk_out1_clk_wiz_0  {rise@0.000ns fall@12.500ns period=25.000ns})
  Destination:            rv64i59f_5sp/data_memory/memory_reg_7168_7423_40_40/RAMS64E_A/ADR2
                            (rising edge-triggered cell RAMS64E clocked by clk_out1_clk_wiz_0  {rise@0.000ns fall@12.500ns period=25.000ns})
  Path Group:             clk_out1_clk_wiz_0
  Path Type:              Hold (Min at Fast Process Corner)
  Requirement:            0.000ns  (clk_out1_clk_wiz_0 rise@0.000ns - clk_out1_clk_wiz_0 rise@0.000ns)
  Data Path Delay:        0.369ns  (logic 0.141ns (38.252%)  route 0.228ns (61.748%))
  Logic Levels:           0  
  Clock Path Skew:        0.015ns (DCD - SCD - CPR)
    Destination Clock Delay (DCD):    -0.381ns
    Source Clock Delay      (SCD):    -0.609ns
    Clock Pessimism Removal (CPR):    0.213ns

    Location             Delay type                Incr(ns)  Path(ns)    Netlist Resource(s)
  -------------------------------------------------------------------    -------------------
                         (clock clk_out1_clk_wiz_0 rise edge)
                                                      0.000     0.000 r  
    R4                                                0.000     0.000 r  clk (IN)
                         net (fo=0)                   0.000     0.000    clk_gen/inst/clk_in1
    R4                   IBUF (Prop_ibuf_I_O)         0.243     0.243 r  clk_gen/inst/clkin1_ibufg/O
                         net (fo=1, routed)           0.440     0.683    clk_gen/inst/clk_in1_clk_wiz_0
    PLLE2_ADV_X1Y2       PLLE2_ADV (Prop_plle2_adv_CLKIN1_CLKOUT0)
                                                     -2.503    -1.819 r  clk_gen/inst/plle2_adv_inst/CLKOUT0
                         net (fo=1, routed)           0.546    -1.273    clk_gen/inst/clk_out1_clk_wiz_0
    BUFGCTRL_X0Y0        BUFG (Prop_bufg_I_O)         0.026    -1.247 r  clk_gen/inst/clkout1_buf/O
                         net (fo=11618, routed)       0.638    -0.609    rv64i59f_5sp/ex_mem_register/clk_out1
    SLICE_X91Y86         FDCE                                         r  rv64i59f_5sp/ex_mem_register/MEM_alu_result_reg[5]_replica_72/C
  -------------------------------------------------------------------    -------------------
    SLICE_X91Y86         FDCE (Prop_fdce_C_Q)         0.141    -0.468 r  rv64i59f_5sp/ex_mem_register/MEM_alu_result_reg[5]_replica_72/Q
                         net (fo=13, routed)          0.228    -0.241    rv64i59f_5sp/data_memory/memory_reg_7168_7423_40_40/A2
    SLICE_X90Y85         RAMS64E                                      r  rv64i59f_5sp/data_memory/memory_reg_7168_7423_40_40/RAMS64E_A/ADR2
  -------------------------------------------------------------------    -------------------

                         (clock clk_out1_clk_wiz_0 rise edge)
                                                      0.000     0.000 r  
    R4                                                0.000     0.000 r  clk (IN)
                         net (fo=0)                   0.000     0.000    clk_gen/inst/clk_in1
    R4                   IBUF (Prop_ibuf_I_O)         0.431     0.431 r  clk_gen/inst/clkin1_ibufg/O
                         net (fo=1, routed)           0.481     0.912    clk_gen/inst/clk_in1_clk_wiz_0
    PLLE2_ADV_X1Y2       PLLE2_ADV (Prop_plle2_adv_CLKIN1_CLKOUT0)
                                                     -2.828    -1.916 r  clk_gen/inst/plle2_adv_inst/CLKOUT0
                         net (fo=1, routed)           0.595    -1.322    clk_gen/inst/clk_out1_clk_wiz_0
    BUFGCTRL_X0Y0        BUFG (Prop_bufg_I_O)         0.029    -1.293 r  clk_gen/inst/clkout1_buf/O
                         net (fo=11618, routed)       0.912    -0.381    rv64i59f_5sp/data_memory/memory_reg_7168_7423_40_40/WCLK
    SLICE_X90Y85         RAMS64E                                      r  rv64i59f_5sp/data_memory/memory_reg_7168_7423_40_40/RAMS64E_A/CLK
                         clock pessimism             -0.213    -0.594    
    SLICE_X90Y85         RAMS64E (Hold_rams64e_CLK_ADR2)
                                                      0.254    -0.340    rv64i59f_5sp/data_memory/memory_reg_7168_7423_40_40/RAMS64E_A
  -------------------------------------------------------------------
                         required time                          0.340    
                         arrival time                          -0.241    
  -------------------------------------------------------------------
                         slack                                  0.100    

Slack (MET) :             0.100ns  (arrival time - required time)
  Source:                 rv64i59f_5sp/ex_mem_register/MEM_alu_result_reg[5]_replica_72/C
                            (rising edge-triggered cell FDCE clocked by clk_out1_clk_wiz_0  {rise@0.000ns fall@12.500ns period=25.000ns})
  Destination:            rv64i59f_5sp/data_memory/memory_reg_7168_7423_40_40/RAMS64E_B/ADR2
                            (rising edge-triggered cell RAMS64E clocked by clk_out1_clk_wiz_0  {rise@0.000ns fall@12.500ns period=25.000ns})
  Path Group:             clk_out1_clk_wiz_0
  Path Type:              Hold (Min at Fast Process Corner)
  Requirement:            0.000ns  (clk_out1_clk_wiz_0 rise@0.000ns - clk_out1_clk_wiz_0 rise@0.000ns)
  Data Path Delay:        0.369ns  (logic 0.141ns (38.252%)  route 0.228ns (61.748%))
  Logic Levels:           0  
  Clock Path Skew:        0.015ns (DCD - SCD - CPR)
    Destination Clock Delay (DCD):    -0.381ns
    Source Clock Delay      (SCD):    -0.609ns
    Clock Pessimism Removal (CPR):    0.213ns

    Location             Delay type                Incr(ns)  Path(ns)    Netlist Resource(s)
  -------------------------------------------------------------------    -------------------
                         (clock clk_out1_clk_wiz_0 rise edge)
                                                      0.000     0.000 r  
    R4                                                0.000     0.000 r  clk (IN)
                         net (fo=0)                   0.000     0.000    clk_gen/inst/clk_in1
    R4                   IBUF (Prop_ibuf_I_O)         0.243     0.243 r  clk_gen/inst/clkin1_ibufg/O
                         net (fo=1, routed)           0.440     0.683    clk_gen/inst/clk_in1_clk_wiz_0
    PLLE2_ADV_X1Y2       PLLE2_ADV (Prop_plle2_adv_CLKIN1_CLKOUT0)
                                                     -2.503    -1.819 r  clk_gen/inst/plle2_adv_inst/CLKOUT0
                         net (fo=1, routed)           0.546    -1.273    clk_gen/inst/clk_out1_clk_wiz_0
    BUFGCTRL_X0Y0        BUFG (Prop_bufg_I_O)         0.026    -1.247 r  clk_gen/inst/clkout1_buf/O
                         net (fo=11618, routed)       0.638    -0.609    rv64i59f_5sp/ex_mem_register/clk_out1
    SLICE_X91Y86         FDCE                                         r  rv64i59f_5sp/ex_mem_register/MEM_alu_result_reg[5]_replica_72/C
  -------------------------------------------------------------------    -------------------
    SLICE_X91Y86         FDCE (Prop_fdce_C_Q)         0.141    -0.468 r  rv64i59f_5sp/ex_mem_register/MEM_alu_result_reg[5]_replica_72/Q
                         net (fo=13, routed)          0.228    -0.241    rv64i59f_5sp/data_memory/memory_reg_7168_7423_40_40/A2
    SLICE_X90Y85         RAMS64E                                      r  rv64i59f_5sp/data_memory/memory_reg_7168_7423_40_40/RAMS64E_B/ADR2
  -------------------------------------------------------------------    -------------------

                         (clock clk_out1_clk_wiz_0 rise edge)
                                                      0.000     0.000 r  
    R4                                                0.000     0.000 r  clk (IN)
                         net (fo=0)                   0.000     0.000    clk_gen/inst/clk_in1
    R4                   IBUF (Prop_ibuf_I_O)         0.431     0.431 r  clk_gen/inst/clkin1_ibufg/O
                         net (fo=1, routed)           0.481     0.912    clk_gen/inst/clk_in1_clk_wiz_0
    PLLE2_ADV_X1Y2       PLLE2_ADV (Prop_plle2_adv_CLKIN1_CLKOUT0)
                                                     -2.828    -1.916 r  clk_gen/inst/plle2_adv_inst/CLKOUT0
                         net (fo=1, routed)           0.595    -1.322    clk_gen/inst/clk_out1_clk_wiz_0
    BUFGCTRL_X0Y0        BUFG (Prop_bufg_I_O)         0.029    -1.293 r  clk_gen/inst/clkout1_buf/O
                         net (fo=11618, routed)       0.912    -0.381    rv64i59f_5sp/data_memory/memory_reg_7168_7423_40_40/WCLK
    SLICE_X90Y85         RAMS64E                                      r  rv64i59f_5sp/data_memory/memory_reg_7168_7423_40_40/RAMS64E_B/CLK
                         clock pessimism             -0.213    -0.594    
    SLICE_X90Y85         RAMS64E (Hold_rams64e_CLK_ADR2)
                                                      0.254    -0.340    rv64i59f_5sp/data_memory/memory_reg_7168_7423_40_40/RAMS64E_B
  -------------------------------------------------------------------
                         required time                          0.340    
                         arrival time                          -0.241    
  -------------------------------------------------------------------
                         slack                                  0.100    





Pulse Width Checks
--------------------------------------------------------------------------------------
Clock Name:         clk_out1_clk_wiz_0
Waveform(ns):       { 0.000 12.500 }
Period(ns):         25.000
Sources:            { clk_gen/inst/plle2_adv_inst/CLKOUT0 }

Check Type        Corner  Lib Pin            Reference Pin  Required(ns)  Actual(ns)  Slack(ns)  Location        Pin
Min Period        n/a     BUFG/I             n/a            2.155         25.000      22.845     BUFGCTRL_X0Y0   clk_gen/inst/clkout1_buf/I
Min Period        n/a     PLLE2_ADV/CLKOUT0  n/a            1.249         25.000      23.751     PLLE2_ADV_X1Y2  clk_gen/inst/plle2_adv_inst/CLKOUT0
Min Period        n/a     FDCE/C             n/a            1.000         25.000      24.000     SLICE_X20Y127   cpu_clk_enable_reg/C
Min Period        n/a     FDPE/C             n/a            1.000         25.000      24.000     SLICE_X48Y144   reset_sync_reg[0]/C
Min Period        n/a     FDPE/C             n/a            1.000         25.000      24.000     SLICE_X48Y144   reset_sync_reg[1]/C
Min Period        n/a     FDPE/C             n/a            1.000         25.000      24.000     SLICE_X48Y144   reset_sync_reg[2]/C
Min Period        n/a     FDCE/C             n/a            1.000         25.000      24.000     SLICE_X5Y82     mmio_interface/mmio_uart_tx_data_reg[0]/C
Min Period        n/a     FDCE/C             n/a            1.000         25.000      24.000     SLICE_X5Y82     mmio_interface/mmio_uart_tx_data_reg[1]/C
Min Period        n/a     FDCE/C             n/a            1.000         25.000      24.000     SLICE_X5Y82     mmio_interface/mmio_uart_tx_data_reg[2]/C
Min Period        n/a     FDCE/C             n/a            1.000         25.000      24.000     SLICE_X5Y82     mmio_interface/mmio_uart_tx_data_reg[3]/C
Max Period        n/a     PLLE2_ADV/CLKOUT0  n/a            160.000       25.000      135.000    PLLE2_ADV_X1Y2  clk_gen/inst/plle2_adv_inst/CLKOUT0
Low Pulse Width   Slow    RAMS64E/CLK        n/a            1.250         12.500      11.250     SLICE_X62Y92    rv64i59f_5sp/data_memory/memory_reg_0_255_0_0/RAMS64E_A/CLK
Low Pulse Width   Fast    RAMS64E/CLK        n/a            1.250         12.500      11.250     SLICE_X62Y92    rv64i59f_5sp/data_memory/memory_reg_0_255_0_0/RAMS64E_A/CLK
Low Pulse Width   Slow    RAMS64E/CLK        n/a            1.250         12.500      11.250     SLICE_X62Y92    rv64i59f_5sp/data_memory/memory_reg_0_255_0_0/RAMS64E_B/CLK
Low Pulse Width   Fast    RAMS64E/CLK        n/a            1.250         12.500      11.250     SLICE_X62Y92    rv64i59f_5sp/data_memory/memory_reg_0_255_0_0/RAMS64E_B/CLK
Low Pulse Width   Slow    RAMS64E/CLK        n/a            1.250         12.500      11.250     SLICE_X62Y92    rv64i59f_5sp/data_memory/memory_reg_0_255_0_0/RAMS64E_C/CLK
Low Pulse Width   Fast    RAMS64E/CLK        n/a            1.250         12.500      11.250     SLICE_X62Y92    rv64i59f_5sp/data_memory/memory_reg_0_255_0_0/RAMS64E_C/CLK
Low Pulse Width   Slow    RAMS64E/CLK        n/a            1.250         12.500      11.250     SLICE_X62Y92    rv64i59f_5sp/data_memory/memory_reg_0_255_0_0/RAMS64E_D/CLK
Low Pulse Width   Fast    RAMS64E/CLK        n/a            1.250         12.500      11.250     SLICE_X62Y92    rv64i59f_5sp/data_memory/memory_reg_0_255_0_0/RAMS64E_D/CLK
Low Pulse Width   Slow    RAMS64E/CLK        n/a            1.250         12.500      11.250     SLICE_X84Y60    rv64i59f_5sp/data_memory/memory_reg_0_255_10_10/RAMS64E_A/CLK
Low Pulse Width   Fast    RAMS64E/CLK        n/a            1.250         12.500      11.250     SLICE_X84Y60    rv64i59f_5sp/data_memory/memory_reg_0_255_10_10/RAMS64E_A/CLK
High Pulse Width  Slow    RAMS64E/CLK        n/a            1.250         12.500      11.250     SLICE_X62Y92    rv64i59f_5sp/data_memory/memory_reg_0_255_0_0/RAMS64E_A/CLK
High Pulse Width  Fast    RAMS64E/CLK        n/a            1.250         12.500      11.250     SLICE_X62Y92    rv64i59f_5sp/data_memory/memory_reg_0_255_0_0/RAMS64E_A/CLK
High Pulse Width  Slow    RAMS64E/CLK        n/a            1.250         12.500      11.250     SLICE_X62Y92    rv64i59f_5sp/data_memory/memory_reg_0_255_0_0/RAMS64E_B/CLK
High Pulse Width  Fast    RAMS64E/CLK        n/a            1.250         12.500      11.250     SLICE_X62Y92    rv64i59f_5sp/data_memory/memory_reg_0_255_0_0/RAMS64E_B/CLK
High Pulse Width  Slow    RAMS64E/CLK        n/a            1.250         12.500      11.250     SLICE_X62Y92    rv64i59f_5sp/data_memory/memory_reg_0_255_0_0/RAMS64E_C/CLK
High Pulse Width  Fast    RAMS64E/CLK        n/a            1.250         12.500      11.250     SLICE_X62Y92    rv64i59f_5sp/data_memory/memory_reg_0_255_0_0/RAMS64E_C/CLK
High Pulse Width  Slow    RAMS64E/CLK        n/a            1.250         12.500      11.250     SLICE_X62Y92    rv64i59f_5sp/data_memory/memory_reg_0_255_0_0/RAMS64E_D/CLK
High Pulse Width  Fast    RAMS64E/CLK        n/a            1.250         12.500      11.250     SLICE_X62Y92    rv64i59f_5sp/data_memory/memory_reg_0_255_0_0/RAMS64E_D/CLK
High Pulse Width  Slow    RAMS64E/CLK        n/a            1.250         12.500      11.250     SLICE_X84Y60    rv64i59f_5sp/data_memory/memory_reg_0_255_10_10/RAMS64E_A/CLK
High Pulse Width  Fast    RAMS64E/CLK        n/a            1.250         12.500      11.250     SLICE_X84Y60    rv64i59f_5sp/data_memory/memory_reg_0_255_10_10/RAMS64E_A/CLK



---------------------------------------------------------------------------------------------------
From Clock:  clkfbout_clk_wiz_0
  To Clock:  clkfbout_clk_wiz_0

Setup :           NA  Failing Endpoints,  Worst Slack           NA  ,  Total Violation           NA
Hold  :           NA  Failing Endpoints,  Worst Slack           NA  ,  Total Violation           NA
PW    :            0  Failing Endpoints,  Worst Slack        2.633ns,  Total Violation        0.000ns
---------------------------------------------------------------------------------------------------


Pulse Width Checks
--------------------------------------------------------------------------------------
Clock Name:         clkfbout_clk_wiz_0
Waveform(ns):       { 0.000 25.000 }
Period(ns):         50.000
Sources:            { clk_gen/inst/plle2_adv_inst/CLKFBOUT }

Check Type  Corner  Lib Pin             Reference Pin  Required(ns)  Actual(ns)  Slack(ns)  Location        Pin
Min Period  n/a     BUFG/I              n/a            2.155         50.000      47.845     BUFGCTRL_X0Y1   clk_gen/inst/clkf_buf/I
Min Period  n/a     PLLE2_ADV/CLKFBOUT  n/a            1.249         50.000      48.751     PLLE2_ADV_X1Y2  clk_gen/inst/plle2_adv_inst/CLKFBOUT
Min Period  n/a     PLLE2_ADV/CLKFBIN   n/a            1.249         50.000      48.751     PLLE2_ADV_X1Y2  clk_gen/inst/plle2_adv_inst/CLKFBIN
Max Period  n/a     PLLE2_ADV/CLKFBIN   n/a            52.633        50.000      2.633      PLLE2_ADV_X1Y2  clk_gen/inst/plle2_adv_inst/CLKFBIN
Max Period  n/a     PLLE2_ADV/CLKFBOUT  n/a            160.000       50.000      110.000    PLLE2_ADV_X1Y2  clk_gen/inst/plle2_adv_inst/CLKFBOUT



---------------------------------------------------------------------------------------------------
Path Group:  **async_default**
From Clock:  clk_out1_clk_wiz_0
  To Clock:  clk_out1_clk_wiz_0

Setup :            0  Failing Endpoints,  Worst Slack       10.286ns,  Total Violation        0.000ns
Hold  :            0  Failing Endpoints,  Worst Slack        0.820ns,  Total Violation        0.000ns
---------------------------------------------------------------------------------------------------


Max Delay Paths
--------------------------------------------------------------------------------------
Slack (MET) :             10.286ns  (required time - arrival time)
  Source:                 reset_sync_reg[2]/C
                            (rising edge-triggered cell FDPE clocked by clk_out1_clk_wiz_0  {rise@0.000ns fall@12.500ns period=25.000ns})
  Destination:            cpu_clk_enable_reg/CLR
                            (recovery check against rising-edge clock clk_out1_clk_wiz_0  {rise@0.000ns fall@12.500ns period=25.000ns})
  Path Group:             **async_default**
  Path Type:              Recovery (Max at Slow Process Corner)
  Requirement:            25.000ns  (clk_out1_clk_wiz_0 rise@25.000ns - clk_out1_clk_wiz_0 rise@0.000ns)
  Data Path Delay:        14.053ns  (logic 0.478ns (3.401%)  route 13.575ns (96.599%))
  Logic Levels:           0  
  Clock Path Skew:        0.044ns (DCD - SCD + CPR)
    Destination Clock Delay (DCD):    -2.174ns = ( 22.826 - 25.000 ) 
    Source Clock Delay      (SCD):    -2.654ns
    Clock Pessimism Removal (CPR):    -0.435ns
  Clock Uncertainty:      0.173ns  ((TSJ^2 + DJ^2)^1/2) / 2 + PE
    Total System Jitter     (TSJ):    0.071ns
    Discrete Jitter          (DJ):    0.338ns
    Phase Error              (PE):    0.000ns

    Location             Delay type                Incr(ns)  Path(ns)    Netlist Resource(s)
  -------------------------------------------------------------------    -------------------
                         (clock clk_out1_clk_wiz_0 rise edge)
                                                      0.000     0.000 r  
    R4                                                0.000     0.000 r  clk (IN)
                         net (fo=0)                   0.000     0.000    clk_gen/inst/clk_in1
    R4                   IBUF (Prop_ibuf_I_O)         1.475     1.475 r  clk_gen/inst/clkin1_ibufg/O
                         net (fo=1, routed)           1.253     2.728    clk_gen/inst/clk_in1_clk_wiz_0
    PLLE2_ADV_X1Y2       PLLE2_ADV (Prop_plle2_adv_CLKIN1_CLKOUT0)
                                                     -8.953    -6.225 r  clk_gen/inst/plle2_adv_inst/CLKOUT0
                         net (fo=1, routed)           1.802    -4.422    clk_gen/inst/clk_out1_clk_wiz_0
    BUFGCTRL_X0Y0        BUFG (Prop_bufg_I_O)         0.096    -4.326 r  clk_gen/inst/clkout1_buf/O
                         net (fo=11618, routed)       1.672    -2.654    clk_cpu
    SLICE_X48Y144        FDPE                                         r  reset_sync_reg[2]/C
  -------------------------------------------------------------------    -------------------
    SLICE_X48Y144        FDPE (Prop_fdpe_C_Q)         0.478    -2.176 f  reset_sync_reg[2]/Q
                         net (fo=3249, routed)       13.575    11.399    internal_reset
    SLICE_X20Y127        FDCE                                         f  cpu_clk_enable_reg/CLR
  -------------------------------------------------------------------    -------------------

                         (clock clk_out1_clk_wiz_0 rise edge)
                                                     25.000    25.000 r  
    R4                                                0.000    25.000 r  clk (IN)
                         net (fo=0)                   0.000    25.000    clk_gen/inst/clk_in1
    R4                   IBUF (Prop_ibuf_I_O)         1.405    26.405 r  clk_gen/inst/clkin1_ibufg/O
                         net (fo=1, routed)           1.181    27.586    clk_gen/inst/clk_in1_clk_wiz_0
    PLLE2_ADV_X1Y2       PLLE2_ADV (Prop_plle2_adv_CLKIN1_CLKOUT0)
                                                     -8.206    19.380 r  clk_gen/inst/plle2_adv_inst/CLKOUT0
                         net (fo=1, routed)           1.718    21.098    clk_gen/inst/clk_out1_clk_wiz_0
    BUFGCTRL_X0Y0        BUFG (Prop_bufg_I_O)         0.091    21.189 r  clk_gen/inst/clkout1_buf/O
                         net (fo=11618, routed)       1.636    22.826    clk_cpu
    SLICE_X20Y127        FDCE                                         r  cpu_clk_enable_reg/C
                         clock pessimism             -0.435    22.390    
                         clock uncertainty           -0.173    22.217    
    SLICE_X20Y127        FDCE (Recov_fdce_C_CLR)     -0.532    21.685    cpu_clk_enable_reg
  -------------------------------------------------------------------
                         required time                         21.685    
                         arrival time                         -11.399    
  -------------------------------------------------------------------
                         slack                                 10.286    

Slack (MET) :             10.328ns  (required time - arrival time)
  Source:                 reset_sync_reg[2]/C
                            (rising edge-triggered cell FDPE clocked by clk_out1_clk_wiz_0  {rise@0.000ns fall@12.500ns period=25.000ns})
  Destination:            unified_uart_controller/benchmark_start_reg/CLR
                            (recovery check against rising-edge clock clk_out1_clk_wiz_0  {rise@0.000ns fall@12.500ns period=25.000ns})
  Path Group:             **async_default**
  Path Type:              Recovery (Max at Slow Process Corner)
  Requirement:            25.000ns  (clk_out1_clk_wiz_0 rise@25.000ns - clk_out1_clk_wiz_0 rise@0.000ns)
  Data Path Delay:        14.053ns  (logic 0.478ns (3.401%)  route 13.575ns (96.599%))
  Logic Levels:           0  
  Clock Path Skew:        0.044ns (DCD - SCD + CPR)
    Destination Clock Delay (DCD):    -2.174ns = ( 22.826 - 25.000 ) 
    Source Clock Delay      (SCD):    -2.654ns
    Clock Pessimism Removal (CPR):    -0.435ns
  Clock Uncertainty:      0.173ns  ((TSJ^2 + DJ^2)^1/2) / 2 + PE
    Total System Jitter     (TSJ):    0.071ns
    Discrete Jitter          (DJ):    0.338ns
    Phase Error              (PE):    0.000ns

    Location             Delay type                Incr(ns)  Path(ns)    Netlist Resource(s)
  -------------------------------------------------------------------    -------------------
                         (clock clk_out1_clk_wiz_0 rise edge)
                                                      0.000     0.000 r  
    R4                                                0.000     0.000 r  clk (IN)
                         net (fo=0)                   0.000     0.000    clk_gen/inst/clk_in1
    R4                   IBUF (Prop_ibuf_I_O)         1.475     1.475 r  clk_gen/inst/clkin1_ibufg/O
                         net (fo=1, routed)           1.253     2.728    clk_gen/inst/clk_in1_clk_wiz_0
    PLLE2_ADV_X1Y2       PLLE2_ADV (Prop_plle2_adv_CLKIN1_CLKOUT0)
                                                     -8.953    -6.225 r  clk_gen/inst/plle2_adv_inst/CLKOUT0
                         net (fo=1, routed)           1.802    -4.422    clk_gen/inst/clk_out1_clk_wiz_0
    BUFGCTRL_X0Y0        BUFG (Prop_bufg_I_O)         0.096    -4.326 r  clk_gen/inst/clkout1_buf/O
                         net (fo=11618, routed)       1.672    -2.654    clk_cpu
    SLICE_X48Y144        FDPE                                         r  reset_sync_reg[2]/C
  -------------------------------------------------------------------    -------------------
    SLICE_X48Y144        FDPE (Prop_fdpe_C_Q)         0.478    -2.176 f  reset_sync_reg[2]/Q
                         net (fo=3249, routed)       13.575    11.399    unified_uart_controller/Q[0]
    SLICE_X20Y127        FDCE                                         f  unified_uart_controller/benchmark_start_reg/CLR
  -------------------------------------------------------------------    -------------------

                         (clock clk_out1_clk_wiz_0 rise edge)
                                                     25.000    25.000 r  
    R4                                                0.000    25.000 r  clk (IN)
                         net (fo=0)                   0.000    25.000    clk_gen/inst/clk_in1
    R4                   IBUF (Prop_ibuf_I_O)         1.405    26.405 r  clk_gen/inst/clkin1_ibufg/O
                         net (fo=1, routed)           1.181    27.586    clk_gen/inst/clk_in1_clk_wiz_0
    PLLE2_ADV_X1Y2       PLLE2_ADV (Prop_plle2_adv_CLKIN1_CLKOUT0)
                                                     -8.206    19.380 r  clk_gen/inst/plle2_adv_inst/CLKOUT0
                         net (fo=1, routed)           1.718    21.098    clk_gen/inst/clk_out1_clk_wiz_0
    BUFGCTRL_X0Y0        BUFG (Prop_bufg_I_O)         0.091    21.189 r  clk_gen/inst/clkout1_buf/O
                         net (fo=11618, routed)       1.636    22.826    unified_uart_controller/clk_out1
    SLICE_X20Y127        FDCE                                         r  unified_uart_controller/benchmark_start_reg/C
                         clock pessimism             -0.435    22.390    
                         clock uncertainty           -0.173    22.217    
    SLICE_X20Y127        FDCE (Recov_fdce_C_CLR)     -0.490    21.727    unified_uart_controller/benchmark_start_reg
  -------------------------------------------------------------------
                         required time                         21.727    
                         arrival time                         -11.399    
  -------------------------------------------------------------------
                         slack                                 10.328    

Slack (MET) :             10.328ns  (required time - arrival time)
  Source:                 reset_sync_reg[2]/C
                            (rising edge-triggered cell FDPE clocked by clk_out1_clk_wiz_0  {rise@0.000ns fall@12.500ns period=25.000ns})
  Destination:            unified_uart_controller/btn_prev_reg/CLR
                            (recovery check against rising-edge clock clk_out1_clk_wiz_0  {rise@0.000ns fall@12.500ns period=25.000ns})
  Path Group:             **async_default**
  Path Type:              Recovery (Max at Slow Process Corner)
  Requirement:            25.000ns  (clk_out1_clk_wiz_0 rise@25.000ns - clk_out1_clk_wiz_0 rise@0.000ns)
  Data Path Delay:        14.053ns  (logic 0.478ns (3.401%)  route 13.575ns (96.599%))
  Logic Levels:           0  
  Clock Path Skew:        0.044ns (DCD - SCD + CPR)
    Destination Clock Delay (DCD):    -2.174ns = ( 22.826 - 25.000 ) 
    Source Clock Delay      (SCD):    -2.654ns
    Clock Pessimism Removal (CPR):    -0.435ns
  Clock Uncertainty:      0.173ns  ((TSJ^2 + DJ^2)^1/2) / 2 + PE
    Total System Jitter     (TSJ):    0.071ns
    Discrete Jitter          (DJ):    0.338ns
    Phase Error              (PE):    0.000ns

    Location             Delay type                Incr(ns)  Path(ns)    Netlist Resource(s)
  -------------------------------------------------------------------    -------------------
                         (clock clk_out1_clk_wiz_0 rise edge)
                                                      0.000     0.000 r  
    R4                                                0.000     0.000 r  clk (IN)
                         net (fo=0)                   0.000     0.000    clk_gen/inst/clk_in1
    R4                   IBUF (Prop_ibuf_I_O)         1.475     1.475 r  clk_gen/inst/clkin1_ibufg/O
                         net (fo=1, routed)           1.253     2.728    clk_gen/inst/clk_in1_clk_wiz_0
    PLLE2_ADV_X1Y2       PLLE2_ADV (Prop_plle2_adv_CLKIN1_CLKOUT0)
                                                     -8.953    -6.225 r  clk_gen/inst/plle2_adv_inst/CLKOUT0
                         net (fo=1, routed)           1.802    -4.422    clk_gen/inst/clk_out1_clk_wiz_0
    BUFGCTRL_X0Y0        BUFG (Prop_bufg_I_O)         0.096    -4.326 r  clk_gen/inst/clkout1_buf/O
                         net (fo=11618, routed)       1.672    -2.654    clk_cpu
    SLICE_X48Y144        FDPE                                         r  reset_sync_reg[2]/C
  -------------------------------------------------------------------    -------------------
    SLICE_X48Y144        FDPE (Prop_fdpe_C_Q)         0.478    -2.176 f  reset_sync_reg[2]/Q
                         net (fo=3249, routed)       13.575    11.399    unified_uart_controller/Q[0]
    SLICE_X20Y127        FDCE                                         f  unified_uart_controller/btn_prev_reg/CLR
  -------------------------------------------------------------------    -------------------

                         (clock clk_out1_clk_wiz_0 rise edge)
                                                     25.000    25.000 r  
    R4                                                0.000    25.000 r  clk (IN)
                         net (fo=0)                   0.000    25.000    clk_gen/inst/clk_in1
    R4                   IBUF (Prop_ibuf_I_O)         1.405    26.405 r  clk_gen/inst/clkin1_ibufg/O
                         net (fo=1, routed)           1.181    27.586    clk_gen/inst/clk_in1_clk_wiz_0
    PLLE2_ADV_X1Y2       PLLE2_ADV (Prop_plle2_adv_CLKIN1_CLKOUT0)
                                                     -8.206    19.380 r  clk_gen/inst/plle2_adv_inst/CLKOUT0
                         net (fo=1, routed)           1.718    21.098    clk_gen/inst/clk_out1_clk_wiz_0
    BUFGCTRL_X0Y0        BUFG (Prop_bufg_I_O)         0.091    21.189 r  clk_gen/inst/clkout1_buf/O
                         net (fo=11618, routed)       1.636    22.826    unified_uart_controller/clk_out1
    SLICE_X20Y127        FDCE                                         r  unified_uart_controller/btn_prev_reg/C
                         clock pessimism             -0.435    22.390    
                         clock uncertainty           -0.173    22.217    
    SLICE_X20Y127        FDCE (Recov_fdce_C_CLR)     -0.490    21.727    unified_uart_controller/btn_prev_reg
  -------------------------------------------------------------------
                         required time                         21.727    
                         arrival time                         -11.399    
  -------------------------------------------------------------------
                         slack                                 10.328    

Slack (MET) :             10.367ns  (required time - arrival time)
  Source:                 reset_sync_reg[2]/C
                            (rising edge-triggered cell FDPE clocked by clk_out1_clk_wiz_0  {rise@0.000ns fall@12.500ns period=25.000ns})
  Destination:            unified_uart_controller/btn_sync_reg[0]/CLR
                            (recovery check against rising-edge clock clk_out1_clk_wiz_0  {rise@0.000ns fall@12.500ns period=25.000ns})
  Path Group:             **async_default**
  Path Type:              Recovery (Max at Slow Process Corner)
  Requirement:            25.000ns  (clk_out1_clk_wiz_0 rise@25.000ns - clk_out1_clk_wiz_0 rise@0.000ns)
  Data Path Delay:        13.936ns  (logic 0.478ns (3.430%)  route 13.458ns (96.570%))
  Logic Levels:           0  
  Clock Path Skew:        0.052ns (DCD - SCD + CPR)
    Destination Clock Delay (DCD):    -2.166ns = ( 22.834 - 25.000 ) 
    Source Clock Delay      (SCD):    -2.654ns
    Clock Pessimism Removal (CPR):    -0.435ns
  Clock Uncertainty:      0.173ns  ((TSJ^2 + DJ^2)^1/2) / 2 + PE
    Total System Jitter     (TSJ):    0.071ns
    Discrete Jitter          (DJ):    0.338ns
    Phase Error              (PE):    0.000ns

    Location             Delay type                Incr(ns)  Path(ns)    Netlist Resource(s)
  -------------------------------------------------------------------    -------------------
                         (clock clk_out1_clk_wiz_0 rise edge)
                                                      0.000     0.000 r  
    R4                                                0.000     0.000 r  clk (IN)
                         net (fo=0)                   0.000     0.000    clk_gen/inst/clk_in1
    R4                   IBUF (Prop_ibuf_I_O)         1.475     1.475 r  clk_gen/inst/clkin1_ibufg/O
                         net (fo=1, routed)           1.253     2.728    clk_gen/inst/clk_in1_clk_wiz_0
    PLLE2_ADV_X1Y2       PLLE2_ADV (Prop_plle2_adv_CLKIN1_CLKOUT0)
                                                     -8.953    -6.225 r  clk_gen/inst/plle2_adv_inst/CLKOUT0
                         net (fo=1, routed)           1.802    -4.422    clk_gen/inst/clk_out1_clk_wiz_0
    BUFGCTRL_X0Y0        BUFG (Prop_bufg_I_O)         0.096    -4.326 r  clk_gen/inst/clkout1_buf/O
                         net (fo=11618, routed)       1.672    -2.654    clk_cpu
    SLICE_X48Y144        FDPE                                         r  reset_sync_reg[2]/C
  -------------------------------------------------------------------    -------------------
    SLICE_X48Y144        FDPE (Prop_fdpe_C_Q)         0.478    -2.176 f  reset_sync_reg[2]/Q
                         net (fo=3249, routed)       13.458    11.282    unified_uart_controller/Q[0]
    SLICE_X19Y132        FDCE                                         f  unified_uart_controller/btn_sync_reg[0]/CLR
  -------------------------------------------------------------------    -------------------

                         (clock clk_out1_clk_wiz_0 rise edge)
                                                     25.000    25.000 r  
    R4                                                0.000    25.000 r  clk (IN)
                         net (fo=0)                   0.000    25.000    clk_gen/inst/clk_in1
    R4                   IBUF (Prop_ibuf_I_O)         1.405    26.405 r  clk_gen/inst/clkin1_ibufg/O
                         net (fo=1, routed)           1.181    27.586    clk_gen/inst/clk_in1_clk_wiz_0
    PLLE2_ADV_X1Y2       PLLE2_ADV (Prop_plle2_adv_CLKIN1_CLKOUT0)
                                                     -8.206    19.380 r  clk_gen/inst/plle2_adv_inst/CLKOUT0
                         net (fo=1, routed)           1.718    21.098    clk_gen/inst/clk_out1_clk_wiz_0
    BUFGCTRL_X0Y0        BUFG (Prop_bufg_I_O)         0.091    21.189 r  clk_gen/inst/clkout1_buf/O
                         net (fo=11618, routed)       1.644    22.834    unified_uart_controller/clk_out1
    SLICE_X19Y132        FDCE                                         r  unified_uart_controller/btn_sync_reg[0]/C
                         clock pessimism             -0.435    22.398    
                         clock uncertainty           -0.173    22.225    
    SLICE_X19Y132        FDCE (Recov_fdce_C_CLR)     -0.576    21.649    unified_uart_controller/btn_sync_reg[0]
  -------------------------------------------------------------------
                         required time                         21.649    
                         arrival time                         -11.282    
  -------------------------------------------------------------------
                         slack                                 10.367    

Slack (MET) :             10.367ns  (required time - arrival time)
  Source:                 reset_sync_reg[2]/C
                            (rising edge-triggered cell FDPE clocked by clk_out1_clk_wiz_0  {rise@0.000ns fall@12.500ns period=25.000ns})
  Destination:            unified_uart_controller/btn_sync_reg[1]/CLR
                            (recovery check against rising-edge clock clk_out1_clk_wiz_0  {rise@0.000ns fall@12.500ns period=25.000ns})
  Path Group:             **async_default**
  Path Type:              Recovery (Max at Slow Process Corner)
  Requirement:            25.000ns  (clk_out1_clk_wiz_0 rise@25.000ns - clk_out1_clk_wiz_0 rise@0.000ns)
  Data Path Delay:        13.936ns  (logic 0.478ns (3.430%)  route 13.458ns (96.570%))
  Logic Levels:           0  
  Clock Path Skew:        0.052ns (DCD - SCD + CPR)
    Destination Clock Delay (DCD):    -2.166ns = ( 22.834 - 25.000 ) 
    Source Clock Delay      (SCD):    -2.654ns
    Clock Pessimism Removal (CPR):    -0.435ns
  Clock Uncertainty:      0.173ns  ((TSJ^2 + DJ^2)^1/2) / 2 + PE
    Total System Jitter     (TSJ):    0.071ns
    Discrete Jitter          (DJ):    0.338ns
    Phase Error              (PE):    0.000ns

    Location             Delay type                Incr(ns)  Path(ns)    Netlist Resource(s)
  -------------------------------------------------------------------    -------------------
                         (clock clk_out1_clk_wiz_0 rise edge)
                                                      0.000     0.000 r  
    R4                                                0.000     0.000 r  clk (IN)
                         net (fo=0)                   0.000     0.000    clk_gen/inst/clk_in1
    R4                   IBUF (Prop_ibuf_I_O)         1.475     1.475 r  clk_gen/inst/clkin1_ibufg/O
                         net (fo=1, routed)           1.253     2.728    clk_gen/inst/clk_in1_clk_wiz_0
    PLLE2_ADV_X1Y2       PLLE2_ADV (Prop_plle2_adv_CLKIN1_CLKOUT0)
                                                     -8.953    -6.225 r  clk_gen/inst/plle2_adv_inst/CLKOUT0
                         net (fo=1, routed)           1.802    -4.422    clk_gen/inst/clk_out1_clk_wiz_0
    BUFGCTRL_X0Y0        BUFG (Prop_bufg_I_O)         0.096    -4.326 r  clk_gen/inst/clkout1_buf/O
                         net (fo=11618, routed)       1.672    -2.654    clk_cpu
    SLICE_X48Y144        FDPE                                         r  reset_sync_reg[2]/C
  -------------------------------------------------------------------    -------------------
    SLICE_X48Y144        FDPE (Prop_fdpe_C_Q)         0.478    -2.176 f  reset_sync_reg[2]/Q
                         net (fo=3249, routed)       13.458    11.282    unified_uart_controller/Q[0]
    SLICE_X19Y132        FDCE                                         f  unified_uart_controller/btn_sync_reg[1]/CLR
  -------------------------------------------------------------------    -------------------

                         (clock clk_out1_clk_wiz_0 rise edge)
                                                     25.000    25.000 r  
    R4                                                0.000    25.000 r  clk (IN)
                         net (fo=0)                   0.000    25.000    clk_gen/inst/clk_in1
    R4                   IBUF (Prop_ibuf_I_O)         1.405    26.405 r  clk_gen/inst/clkin1_ibufg/O
                         net (fo=1, routed)           1.181    27.586    clk_gen/inst/clk_in1_clk_wiz_0
    PLLE2_ADV_X1Y2       PLLE2_ADV (Prop_plle2_adv_CLKIN1_CLKOUT0)
                                                     -8.206    19.380 r  clk_gen/inst/plle2_adv_inst/CLKOUT0
                         net (fo=1, routed)           1.718    21.098    clk_gen/inst/clk_out1_clk_wiz_0
    BUFGCTRL_X0Y0        BUFG (Prop_bufg_I_O)         0.091    21.189 r  clk_gen/inst/clkout1_buf/O
                         net (fo=11618, routed)       1.644    22.834    unified_uart_controller/clk_out1
    SLICE_X19Y132        FDCE                                         r  unified_uart_controller/btn_sync_reg[1]/C
                         clock pessimism             -0.435    22.398    
                         clock uncertainty           -0.173    22.225    
    SLICE_X19Y132        FDCE (Recov_fdce_C_CLR)     -0.576    21.649    unified_uart_controller/btn_sync_reg[1]
  -------------------------------------------------------------------
                         required time                         21.649    
                         arrival time                         -11.282    
  -------------------------------------------------------------------
                         slack                                 10.367    

Slack (MET) :             10.499ns  (required time - arrival time)
  Source:                 reset_sync_reg[2]/C
                            (rising edge-triggered cell FDPE clocked by clk_out1_clk_wiz_0  {rise@0.000ns fall@12.500ns period=25.000ns})
  Destination:            unified_uart_controller/btn_sync_reg[2]/CLR
                            (recovery check against rising-edge clock clk_out1_clk_wiz_0  {rise@0.000ns fall@12.500ns period=25.000ns})
  Path Group:             **async_default**
  Path Type:              Recovery (Max at Slow Process Corner)
  Requirement:            25.000ns  (clk_out1_clk_wiz_0 rise@25.000ns - clk_out1_clk_wiz_0 rise@0.000ns)
  Data Path Delay:        13.802ns  (logic 0.478ns (3.463%)  route 13.324ns (96.537%))
  Logic Levels:           0  
  Clock Path Skew:        0.050ns (DCD - SCD + CPR)
    Destination Clock Delay (DCD):    -2.168ns = ( 22.832 - 25.000 ) 
    Source Clock Delay      (SCD):    -2.654ns
    Clock Pessimism Removal (CPR):    -0.435ns
  Clock Uncertainty:      0.173ns  ((TSJ^2 + DJ^2)^1/2) / 2 + PE
    Total System Jitter     (TSJ):    0.071ns
    Discrete Jitter          (DJ):    0.338ns
    Phase Error              (PE):    0.000ns

    Location             Delay type                Incr(ns)  Path(ns)    Netlist Resource(s)
  -------------------------------------------------------------------    -------------------
                         (clock clk_out1_clk_wiz_0 rise edge)
                                                      0.000     0.000 r  
    R4                                                0.000     0.000 r  clk (IN)
                         net (fo=0)                   0.000     0.000    clk_gen/inst/clk_in1
    R4                   IBUF (Prop_ibuf_I_O)         1.475     1.475 r  clk_gen/inst/clkin1_ibufg/O
                         net (fo=1, routed)           1.253     2.728    clk_gen/inst/clk_in1_clk_wiz_0
    PLLE2_ADV_X1Y2       PLLE2_ADV (Prop_plle2_adv_CLKIN1_CLKOUT0)
                                                     -8.953    -6.225 r  clk_gen/inst/plle2_adv_inst/CLKOUT0
                         net (fo=1, routed)           1.802    -4.422    clk_gen/inst/clk_out1_clk_wiz_0
    BUFGCTRL_X0Y0        BUFG (Prop_bufg_I_O)         0.096    -4.326 r  clk_gen/inst/clkout1_buf/O
                         net (fo=11618, routed)       1.672    -2.654    clk_cpu
    SLICE_X48Y144        FDPE                                         r  reset_sync_reg[2]/C
  -------------------------------------------------------------------    -------------------
    SLICE_X48Y144        FDPE (Prop_fdpe_C_Q)         0.478    -2.176 f  reset_sync_reg[2]/Q
                         net (fo=3249, routed)       13.324    11.148    unified_uart_controller/Q[0]
    SLICE_X19Y131        FDCE                                         f  unified_uart_controller/btn_sync_reg[2]/CLR
  -------------------------------------------------------------------    -------------------

                         (clock clk_out1_clk_wiz_0 rise edge)
                                                     25.000    25.000 r  
    R4                                                0.000    25.000 r  clk (IN)
                         net (fo=0)                   0.000    25.000    clk_gen/inst/clk_in1
    R4                   IBUF (Prop_ibuf_I_O)         1.405    26.405 r  clk_gen/inst/clkin1_ibufg/O
                         net (fo=1, routed)           1.181    27.586    clk_gen/inst/clk_in1_clk_wiz_0
    PLLE2_ADV_X1Y2       PLLE2_ADV (Prop_plle2_adv_CLKIN1_CLKOUT0)
                                                     -8.206    19.380 r  clk_gen/inst/plle2_adv_inst/CLKOUT0
                         net (fo=1, routed)           1.718    21.098    clk_gen/inst/clk_out1_clk_wiz_0
    BUFGCTRL_X0Y0        BUFG (Prop_bufg_I_O)         0.091    21.189 r  clk_gen/inst/clkout1_buf/O
                         net (fo=11618, routed)       1.642    22.832    unified_uart_controller/clk_out1
    SLICE_X19Y131        FDCE                                         r  unified_uart_controller/btn_sync_reg[2]/C
                         clock pessimism             -0.435    22.396    
                         clock uncertainty           -0.173    22.223    
    SLICE_X19Y131        FDCE (Recov_fdce_C_CLR)     -0.576    21.647    unified_uart_controller/btn_sync_reg[2]
  -------------------------------------------------------------------
                         required time                         21.647    
                         arrival time                         -11.148    
  -------------------------------------------------------------------
                         slack                                 10.499    

Slack (MET) :             10.585ns  (required time - arrival time)
  Source:                 reset_sync_reg[2]/C
                            (rising edge-triggered cell FDPE clocked by clk_out1_clk_wiz_0  {rise@0.000ns fall@12.500ns period=25.000ns})
  Destination:            unified_uart_controller/debounce_counter_reg[15]/CLR
                            (recovery check against rising-edge clock clk_out1_clk_wiz_0  {rise@0.000ns fall@12.500ns period=25.000ns})
  Path Group:             **async_default**
  Path Type:              Recovery (Max at Slow Process Corner)
  Requirement:            25.000ns  (clk_out1_clk_wiz_0 rise@25.000ns - clk_out1_clk_wiz_0 rise@0.000ns)
  Data Path Delay:        13.802ns  (logic 0.478ns (3.463%)  route 13.324ns (96.537%))
  Logic Levels:           0  
  Clock Path Skew:        0.050ns (DCD - SCD + CPR)
    Destination Clock Delay (DCD):    -2.168ns = ( 22.832 - 25.000 ) 
    Source Clock Delay      (SCD):    -2.654ns
    Clock Pessimism Removal (CPR):    -0.435ns
  Clock Uncertainty:      0.173ns  ((TSJ^2 + DJ^2)^1/2) / 2 + PE
    Total System Jitter     (TSJ):    0.071ns
    Discrete Jitter          (DJ):    0.338ns
    Phase Error              (PE):    0.000ns

    Location             Delay type                Incr(ns)  Path(ns)    Netlist Resource(s)
  -------------------------------------------------------------------    -------------------
                         (clock clk_out1_clk_wiz_0 rise edge)
                                                      0.000     0.000 r  
    R4                                                0.000     0.000 r  clk (IN)
                         net (fo=0)                   0.000     0.000    clk_gen/inst/clk_in1
    R4                   IBUF (Prop_ibuf_I_O)         1.475     1.475 r  clk_gen/inst/clkin1_ibufg/O
                         net (fo=1, routed)           1.253     2.728    clk_gen/inst/clk_in1_clk_wiz_0
    PLLE2_ADV_X1Y2       PLLE2_ADV (Prop_plle2_adv_CLKIN1_CLKOUT0)
                                                     -8.953    -6.225 r  clk_gen/inst/plle2_adv_inst/CLKOUT0
                         net (fo=1, routed)           1.802    -4.422    clk_gen/inst/clk_out1_clk_wiz_0
    BUFGCTRL_X0Y0        BUFG (Prop_bufg_I_O)         0.096    -4.326 r  clk_gen/inst/clkout1_buf/O
                         net (fo=11618, routed)       1.672    -2.654    clk_cpu
    SLICE_X48Y144        FDPE                                         r  reset_sync_reg[2]/C
  -------------------------------------------------------------------    -------------------
    SLICE_X48Y144        FDPE (Prop_fdpe_C_Q)         0.478    -2.176 f  reset_sync_reg[2]/Q
                         net (fo=3249, routed)       13.324    11.148    unified_uart_controller/Q[0]
    SLICE_X18Y131        FDCE                                         f  unified_uart_controller/debounce_counter_reg[15]/CLR
  -------------------------------------------------------------------    -------------------

                         (clock clk_out1_clk_wiz_0 rise edge)
                                                     25.000    25.000 r  
    R4                                                0.000    25.000 r  clk (IN)
                         net (fo=0)                   0.000    25.000    clk_gen/inst/clk_in1
    R4                   IBUF (Prop_ibuf_I_O)         1.405    26.405 r  clk_gen/inst/clkin1_ibufg/O
                         net (fo=1, routed)           1.181    27.586    clk_gen/inst/clk_in1_clk_wiz_0
    PLLE2_ADV_X1Y2       PLLE2_ADV (Prop_plle2_adv_CLKIN1_CLKOUT0)
                                                     -8.206    19.380 r  clk_gen/inst/plle2_adv_inst/CLKOUT0
                         net (fo=1, routed)           1.718    21.098    clk_gen/inst/clk_out1_clk_wiz_0
    BUFGCTRL_X0Y0        BUFG (Prop_bufg_I_O)         0.091    21.189 r  clk_gen/inst/clkout1_buf/O
                         net (fo=11618, routed)       1.642    22.832    unified_uart_controller/clk_out1
    SLICE_X18Y131        FDCE                                         r  unified_uart_controller/debounce_counter_reg[15]/C
                         clock pessimism             -0.435    22.396    
                         clock uncertainty           -0.173    22.223    
    SLICE_X18Y131        FDCE (Recov_fdce_C_CLR)     -0.490    21.733    unified_uart_controller/debounce_counter_reg[15]
  -------------------------------------------------------------------
                         required time                         21.733    
                         arrival time                         -11.148    
  -------------------------------------------------------------------
                         slack                                 10.585    

Slack (MET) :             10.585ns  (required time - arrival time)
  Source:                 reset_sync_reg[2]/C
                            (rising edge-triggered cell FDPE clocked by clk_out1_clk_wiz_0  {rise@0.000ns fall@12.500ns period=25.000ns})
  Destination:            unified_uart_controller/debounce_counter_reg[17]/CLR
                            (recovery check against rising-edge clock clk_out1_clk_wiz_0  {rise@0.000ns fall@12.500ns period=25.000ns})
  Path Group:             **async_default**
  Path Type:              Recovery (Max at Slow Process Corner)
  Requirement:            25.000ns  (clk_out1_clk_wiz_0 rise@25.000ns - clk_out1_clk_wiz_0 rise@0.000ns)
  Data Path Delay:        13.802ns  (logic 0.478ns (3.463%)  route 13.324ns (96.537%))
  Logic Levels:           0  
  Clock Path Skew:        0.050ns (DCD - SCD + CPR)
    Destination Clock Delay (DCD):    -2.168ns = ( 22.832 - 25.000 ) 
    Source Clock Delay      (SCD):    -2.654ns
    Clock Pessimism Removal (CPR):    -0.435ns
  Clock Uncertainty:      0.173ns  ((TSJ^2 + DJ^2)^1/2) / 2 + PE
    Total System Jitter     (TSJ):    0.071ns
    Discrete Jitter          (DJ):    0.338ns
    Phase Error              (PE):    0.000ns

    Location             Delay type                Incr(ns)  Path(ns)    Netlist Resource(s)
  -------------------------------------------------------------------    -------------------
                         (clock clk_out1_clk_wiz_0 rise edge)
                                                      0.000     0.000 r  
    R4                                                0.000     0.000 r  clk (IN)
                         net (fo=0)                   0.000     0.000    clk_gen/inst/clk_in1
    R4                   IBUF (Prop_ibuf_I_O)         1.475     1.475 r  clk_gen/inst/clkin1_ibufg/O
                         net (fo=1, routed)           1.253     2.728    clk_gen/inst/clk_in1_clk_wiz_0
    PLLE2_ADV_X1Y2       PLLE2_ADV (Prop_plle2_adv_CLKIN1_CLKOUT0)
                                                     -8.953    -6.225 r  clk_gen/inst/plle2_adv_inst/CLKOUT0
                         net (fo=1, routed)           1.802    -4.422    clk_gen/inst/clk_out1_clk_wiz_0
    BUFGCTRL_X0Y0        BUFG (Prop_bufg_I_O)         0.096    -4.326 r  clk_gen/inst/clkout1_buf/O
                         net (fo=11618, routed)       1.672    -2.654    clk_cpu
    SLICE_X48Y144        FDPE                                         r  reset_sync_reg[2]/C
  -------------------------------------------------------------------    -------------------
    SLICE_X48Y144        FDPE (Prop_fdpe_C_Q)         0.478    -2.176 f  reset_sync_reg[2]/Q
                         net (fo=3249, routed)       13.324    11.148    unified_uart_controller/Q[0]
    SLICE_X18Y131        FDCE                                         f  unified_uart_controller/debounce_counter_reg[17]/CLR
  -------------------------------------------------------------------    -------------------

                         (clock clk_out1_clk_wiz_0 rise edge)
                                                     25.000    25.000 r  
    R4                                                0.000    25.000 r  clk (IN)
                         net (fo=0)                   0.000    25.000    clk_gen/inst/clk_in1
    R4                   IBUF (Prop_ibuf_I_O)         1.405    26.405 r  clk_gen/inst/clkin1_ibufg/O
                         net (fo=1, routed)           1.181    27.586    clk_gen/inst/clk_in1_clk_wiz_0
    PLLE2_ADV_X1Y2       PLLE2_ADV (Prop_plle2_adv_CLKIN1_CLKOUT0)
                                                     -8.206    19.380 r  clk_gen/inst/plle2_adv_inst/CLKOUT0
                         net (fo=1, routed)           1.718    21.098    clk_gen/inst/clk_out1_clk_wiz_0
    BUFGCTRL_X0Y0        BUFG (Prop_bufg_I_O)         0.091    21.189 r  clk_gen/inst/clkout1_buf/O
                         net (fo=11618, routed)       1.642    22.832    unified_uart_controller/clk_out1
    SLICE_X18Y131        FDCE                                         r  unified_uart_controller/debounce_counter_reg[17]/C
                         clock pessimism             -0.435    22.396    
                         clock uncertainty           -0.173    22.223    
    SLICE_X18Y131        FDCE (Recov_fdce_C_CLR)     -0.490    21.733    unified_uart_controller/debounce_counter_reg[17]
  -------------------------------------------------------------------
                         required time                         21.733    
                         arrival time                         -11.148    
  -------------------------------------------------------------------
                         slack                                 10.585    

Slack (MET) :             10.627ns  (required time - arrival time)
  Source:                 reset_sync_reg[2]/C
                            (rising edge-triggered cell FDPE clocked by clk_out1_clk_wiz_0  {rise@0.000ns fall@12.500ns period=25.000ns})
  Destination:            unified_uart_controller/debounce_counter_reg[1]/CLR
                            (recovery check against rising-edge clock clk_out1_clk_wiz_0  {rise@0.000ns fall@12.500ns period=25.000ns})
  Path Group:             **async_default**
  Path Type:              Recovery (Max at Slow Process Corner)
  Requirement:            25.000ns  (clk_out1_clk_wiz_0 rise@25.000ns - clk_out1_clk_wiz_0 rise@0.000ns)
  Data Path Delay:        13.758ns  (logic 0.478ns (3.474%)  route 13.280ns (96.526%))
  Logic Levels:           0  
  Clock Path Skew:        0.048ns (DCD - SCD + CPR)
    Destination Clock Delay (DCD):    -2.170ns = ( 22.830 - 25.000 ) 
    Source Clock Delay      (SCD):    -2.654ns
    Clock Pessimism Removal (CPR):    -0.435ns
  Clock Uncertainty:      0.173ns  ((TSJ^2 + DJ^2)^1/2) / 2 + PE
    Total System Jitter     (TSJ):    0.071ns
    Discrete Jitter          (DJ):    0.338ns
    Phase Error              (PE):    0.000ns

    Location             Delay type                Incr(ns)  Path(ns)    Netlist Resource(s)
  -------------------------------------------------------------------    -------------------
                         (clock clk_out1_clk_wiz_0 rise edge)
                                                      0.000     0.000 r  
    R4                                                0.000     0.000 r  clk (IN)
                         net (fo=0)                   0.000     0.000    clk_gen/inst/clk_in1
    R4                   IBUF (Prop_ibuf_I_O)         1.475     1.475 r  clk_gen/inst/clkin1_ibufg/O
                         net (fo=1, routed)           1.253     2.728    clk_gen/inst/clk_in1_clk_wiz_0
    PLLE2_ADV_X1Y2       PLLE2_ADV (Prop_plle2_adv_CLKIN1_CLKOUT0)
                                                     -8.953    -6.225 r  clk_gen/inst/plle2_adv_inst/CLKOUT0
                         net (fo=1, routed)           1.802    -4.422    clk_gen/inst/clk_out1_clk_wiz_0
    BUFGCTRL_X0Y0        BUFG (Prop_bufg_I_O)         0.096    -4.326 r  clk_gen/inst/clkout1_buf/O
                         net (fo=11618, routed)       1.672    -2.654    clk_cpu
    SLICE_X48Y144        FDPE                                         r  reset_sync_reg[2]/C
  -------------------------------------------------------------------    -------------------
    SLICE_X48Y144        FDPE (Prop_fdpe_C_Q)         0.478    -2.176 f  reset_sync_reg[2]/Q
                         net (fo=3249, routed)       13.280    11.105    unified_uart_controller/Q[0]
    SLICE_X18Y128        FDCE                                         f  unified_uart_controller/debounce_counter_reg[1]/CLR
  -------------------------------------------------------------------    -------------------

                         (clock clk_out1_clk_wiz_0 rise edge)
                                                     25.000    25.000 r  
    R4                                                0.000    25.000 r  clk (IN)
                         net (fo=0)                   0.000    25.000    clk_gen/inst/clk_in1
    R4                   IBUF (Prop_ibuf_I_O)         1.405    26.405 r  clk_gen/inst/clkin1_ibufg/O
                         net (fo=1, routed)           1.181    27.586    clk_gen/inst/clk_in1_clk_wiz_0
    PLLE2_ADV_X1Y2       PLLE2_ADV (Prop_plle2_adv_CLKIN1_CLKOUT0)
                                                     -8.206    19.380 r  clk_gen/inst/plle2_adv_inst/CLKOUT0
                         net (fo=1, routed)           1.718    21.098    clk_gen/inst/clk_out1_clk_wiz_0
    BUFGCTRL_X0Y0        BUFG (Prop_bufg_I_O)         0.091    21.189 r  clk_gen/inst/clkout1_buf/O
                         net (fo=11618, routed)       1.640    22.830    unified_uart_controller/clk_out1
    SLICE_X18Y128        FDCE                                         r  unified_uart_controller/debounce_counter_reg[1]/C
                         clock pessimism             -0.435    22.394    
                         clock uncertainty           -0.173    22.221    
    SLICE_X18Y128        FDCE (Recov_fdce_C_CLR)     -0.490    21.731    unified_uart_controller/debounce_counter_reg[1]
  -------------------------------------------------------------------
                         required time                         21.731    
                         arrival time                         -11.105    
  -------------------------------------------------------------------
                         slack                                 10.627    

Slack (MET) :             10.627ns  (required time - arrival time)
  Source:                 reset_sync_reg[2]/C
                            (rising edge-triggered cell FDPE clocked by clk_out1_clk_wiz_0  {rise@0.000ns fall@12.500ns period=25.000ns})
  Destination:            unified_uart_controller/debounce_counter_reg[2]/CLR
                            (recovery check against rising-edge clock clk_out1_clk_wiz_0  {rise@0.000ns fall@12.500ns period=25.000ns})
  Path Group:             **async_default**
  Path Type:              Recovery (Max at Slow Process Corner)
  Requirement:            25.000ns  (clk_out1_clk_wiz_0 rise@25.000ns - clk_out1_clk_wiz_0 rise@0.000ns)
  Data Path Delay:        13.758ns  (logic 0.478ns (3.474%)  route 13.280ns (96.526%))
  Logic Levels:           0  
  Clock Path Skew:        0.048ns (DCD - SCD + CPR)
    Destination Clock Delay (DCD):    -2.170ns = ( 22.830 - 25.000 ) 
    Source Clock Delay      (SCD):    -2.654ns
    Clock Pessimism Removal (CPR):    -0.435ns
  Clock Uncertainty:      0.173ns  ((TSJ^2 + DJ^2)^1/2) / 2 + PE
    Total System Jitter     (TSJ):    0.071ns
    Discrete Jitter          (DJ):    0.338ns
    Phase Error              (PE):    0.000ns

    Location             Delay type                Incr(ns)  Path(ns)    Netlist Resource(s)
  -------------------------------------------------------------------    -------------------
                         (clock clk_out1_clk_wiz_0 rise edge)
                                                      0.000     0.000 r  
    R4                                                0.000     0.000 r  clk (IN)
                         net (fo=0)                   0.000     0.000    clk_gen/inst/clk_in1
    R4                   IBUF (Prop_ibuf_I_O)         1.475     1.475 r  clk_gen/inst/clkin1_ibufg/O
                         net (fo=1, routed)           1.253     2.728    clk_gen/inst/clk_in1_clk_wiz_0
    PLLE2_ADV_X1Y2       PLLE2_ADV (Prop_plle2_adv_CLKIN1_CLKOUT0)
                                                     -8.953    -6.225 r  clk_gen/inst/plle2_adv_inst/CLKOUT0
                         net (fo=1, routed)           1.802    -4.422    clk_gen/inst/clk_out1_clk_wiz_0
    BUFGCTRL_X0Y0        BUFG (Prop_bufg_I_O)         0.096    -4.326 r  clk_gen/inst/clkout1_buf/O
                         net (fo=11618, routed)       1.672    -2.654    clk_cpu
    SLICE_X48Y144        FDPE                                         r  reset_sync_reg[2]/C
  -------------------------------------------------------------------    -------------------
    SLICE_X48Y144        FDPE (Prop_fdpe_C_Q)         0.478    -2.176 f  reset_sync_reg[2]/Q
                         net (fo=3249, routed)       13.280    11.105    unified_uart_controller/Q[0]
    SLICE_X18Y128        FDCE                                         f  unified_uart_controller/debounce_counter_reg[2]/CLR
  -------------------------------------------------------------------    -------------------

                         (clock clk_out1_clk_wiz_0 rise edge)
                                                     25.000    25.000 r  
    R4                                                0.000    25.000 r  clk (IN)
                         net (fo=0)                   0.000    25.000    clk_gen/inst/clk_in1
    R4                   IBUF (Prop_ibuf_I_O)         1.405    26.405 r  clk_gen/inst/clkin1_ibufg/O
                         net (fo=1, routed)           1.181    27.586    clk_gen/inst/clk_in1_clk_wiz_0
    PLLE2_ADV_X1Y2       PLLE2_ADV (Prop_plle2_adv_CLKIN1_CLKOUT0)
                                                     -8.206    19.380 r  clk_gen/inst/plle2_adv_inst/CLKOUT0
                         net (fo=1, routed)           1.718    21.098    clk_gen/inst/clk_out1_clk_wiz_0
    BUFGCTRL_X0Y0        BUFG (Prop_bufg_I_O)         0.091    21.189 r  clk_gen/inst/clkout1_buf/O
                         net (fo=11618, routed)       1.640    22.830    unified_uart_controller/clk_out1
    SLICE_X18Y128        FDCE                                         r  unified_uart_controller/debounce_counter_reg[2]/C
                         clock pessimism             -0.435    22.394    
                         clock uncertainty           -0.173    22.221    
    SLICE_X18Y128        FDCE (Recov_fdce_C_CLR)     -0.490    21.731    unified_uart_controller/debounce_counter_reg[2]
  -------------------------------------------------------------------
                         required time                         21.731    
                         arrival time                         -11.105    
  -------------------------------------------------------------------
                         slack                                 10.627    





Min Delay Paths
--------------------------------------------------------------------------------------
Slack (MET) :             0.820ns  (arrival time - required time)
  Source:                 reset_sync_reg[2]/C
                            (rising edge-triggered cell FDPE clocked by clk_out1_clk_wiz_0  {rise@0.000ns fall@12.500ns period=25.000ns})
  Destination:            rv64i59f_5sp/ex_mem_register/MEM_alu_result_reg[3]_replica_96/CLR
                            (removal check against rising-edge clock clk_out1_clk_wiz_0  {rise@0.000ns fall@12.500ns period=25.000ns})
  Path Group:             **async_default**
  Path Type:              Removal (Min at Fast Process Corner)
  Requirement:            0.000ns  (clk_out1_clk_wiz_0 rise@0.000ns - clk_out1_clk_wiz_0 rise@0.000ns)
  Data Path Delay:        0.695ns  (logic 0.148ns (21.284%)  route 0.547ns (78.716%))
  Logic Levels:           0  
  Clock Path Skew:        0.020ns (DCD - SCD - CPR)
    Destination Clock Delay (DCD):    -0.453ns
    Source Clock Delay      (SCD):    -0.662ns
    Clock Pessimism Removal (CPR):    0.189ns

    Location             Delay type                Incr(ns)  Path(ns)    Netlist Resource(s)
  -------------------------------------------------------------------    -------------------
                         (clock clk_out1_clk_wiz_0 rise edge)
                                                      0.000     0.000 r  
    R4                                                0.000     0.000 r  clk (IN)
                         net (fo=0)                   0.000     0.000    clk_gen/inst/clk_in1
    R4                   IBUF (Prop_ibuf_I_O)         0.243     0.243 r  clk_gen/inst/clkin1_ibufg/O
                         net (fo=1, routed)           0.440     0.683    clk_gen/inst/clk_in1_clk_wiz_0
    PLLE2_ADV_X1Y2       PLLE2_ADV (Prop_plle2_adv_CLKIN1_CLKOUT0)
                                                     -2.503    -1.819 r  clk_gen/inst/plle2_adv_inst/CLKOUT0
                         net (fo=1, routed)           0.546    -1.273    clk_gen/inst/clk_out1_clk_wiz_0
    BUFGCTRL_X0Y0        BUFG (Prop_bufg_I_O)         0.026    -1.247 r  clk_gen/inst/clkout1_buf/O
                         net (fo=11618, routed)       0.586    -0.662    clk_cpu
    SLICE_X48Y144        FDPE                                         r  reset_sync_reg[2]/C
  -------------------------------------------------------------------    -------------------
    SLICE_X48Y144        FDPE (Prop_fdpe_C_Q)         0.148    -0.514 f  reset_sync_reg[2]/Q
                         net (fo=3249, routed)        0.547     0.034    rv64i59f_5sp/ex_mem_register/Q[0]
    SLICE_X47Y124        FDCE                                         f  rv64i59f_5sp/ex_mem_register/MEM_alu_result_reg[3]_replica_96/CLR
  -------------------------------------------------------------------    -------------------

                         (clock clk_out1_clk_wiz_0 rise edge)
                                                      0.000     0.000 r  
    R4                                                0.000     0.000 r  clk (IN)
                         net (fo=0)                   0.000     0.000    clk_gen/inst/clk_in1
    R4                   IBUF (Prop_ibuf_I_O)         0.431     0.431 r  clk_gen/inst/clkin1_ibufg/O
                         net (fo=1, routed)           0.481     0.912    clk_gen/inst/clk_in1_clk_wiz_0
    PLLE2_ADV_X1Y2       PLLE2_ADV (Prop_plle2_adv_CLKIN1_CLKOUT0)
                                                     -2.828    -1.916 r  clk_gen/inst/plle2_adv_inst/CLKOUT0
                         net (fo=1, routed)           0.595    -1.322    clk_gen/inst/clk_out1_clk_wiz_0
    BUFGCTRL_X0Y0        BUFG (Prop_bufg_I_O)         0.029    -1.293 r  clk_gen/inst/clkout1_buf/O
                         net (fo=11618, routed)       0.840    -0.453    rv64i59f_5sp/ex_mem_register/clk_out1
    SLICE_X47Y124        FDCE                                         r  rv64i59f_5sp/ex_mem_register/MEM_alu_result_reg[3]_replica_96/C
                         clock pessimism             -0.189    -0.642    
    SLICE_X47Y124        FDCE (Remov_fdce_C_CLR)     -0.145    -0.787    rv64i59f_5sp/ex_mem_register/MEM_alu_result_reg[3]_replica_96
  -------------------------------------------------------------------
                         required time                          0.787    
                         arrival time                           0.034    
  -------------------------------------------------------------------
                         slack                                  0.820    

Slack (MET) :             0.888ns  (arrival time - required time)
  Source:                 reset_sync_reg[2]/C
                            (rising edge-triggered cell FDPE clocked by clk_out1_clk_wiz_0  {rise@0.000ns fall@12.500ns period=25.000ns})
  Destination:            rv64i59f_5sp/ex_mem_register/MEM_alu_result_reg[5]_replica_20/CLR
                            (removal check against rising-edge clock clk_out1_clk_wiz_0  {rise@0.000ns fall@12.500ns period=25.000ns})
  Path Group:             **async_default**
  Path Type:              Removal (Min at Fast Process Corner)
  Requirement:            0.000ns  (clk_out1_clk_wiz_0 rise@0.000ns - clk_out1_clk_wiz_0 rise@0.000ns)
  Data Path Delay:        1.119ns  (logic 0.148ns (13.227%)  route 0.971ns (86.773%))
  Logic Levels:           0  
  Clock Path Skew:        0.376ns (DCD - SCD - CPR)
    Destination Clock Delay (DCD):    -0.326ns
    Source Clock Delay      (SCD):    -0.662ns
    Clock Pessimism Removal (CPR):    -0.040ns

    Location             Delay type                Incr(ns)  Path(ns)    Netlist Resource(s)
  -------------------------------------------------------------------    -------------------
                         (clock clk_out1_clk_wiz_0 rise edge)
                                                      0.000     0.000 r  
    R4                                                0.000     0.000 r  clk (IN)
                         net (fo=0)                   0.000     0.000    clk_gen/inst/clk_in1
    R4                   IBUF (Prop_ibuf_I_O)         0.243     0.243 r  clk_gen/inst/clkin1_ibufg/O
                         net (fo=1, routed)           0.440     0.683    clk_gen/inst/clk_in1_clk_wiz_0
    PLLE2_ADV_X1Y2       PLLE2_ADV (Prop_plle2_adv_CLKIN1_CLKOUT0)
                                                     -2.503    -1.819 r  clk_gen/inst/plle2_adv_inst/CLKOUT0
                         net (fo=1, routed)           0.546    -1.273    clk_gen/inst/clk_out1_clk_wiz_0
    BUFGCTRL_X0Y0        BUFG (Prop_bufg_I_O)         0.026    -1.247 r  clk_gen/inst/clkout1_buf/O
                         net (fo=11618, routed)       0.586    -0.662    clk_cpu
    SLICE_X48Y144        FDPE                                         r  reset_sync_reg[2]/C
  -------------------------------------------------------------------    -------------------
    SLICE_X48Y144        FDPE (Prop_fdpe_C_Q)         0.148    -0.514 f  reset_sync_reg[2]/Q
                         net (fo=3249, routed)        0.971     0.457    rv64i59f_5sp/ex_mem_register/Q[0]
    SLICE_X15Y89         FDCE                                         f  rv64i59f_5sp/ex_mem_register/MEM_alu_result_reg[5]_replica_20/CLR
  -------------------------------------------------------------------    -------------------

                         (clock clk_out1_clk_wiz_0 rise edge)
                                                      0.000     0.000 r  
    R4                                                0.000     0.000 r  clk (IN)
                         net (fo=0)                   0.000     0.000    clk_gen/inst/clk_in1
    R4                   IBUF (Prop_ibuf_I_O)         0.431     0.431 r  clk_gen/inst/clkin1_ibufg/O
                         net (fo=1, routed)           0.481     0.912    clk_gen/inst/clk_in1_clk_wiz_0
    PLLE2_ADV_X1Y2       PLLE2_ADV (Prop_plle2_adv_CLKIN1_CLKOUT0)
                                                     -2.828    -1.916 r  clk_gen/inst/plle2_adv_inst/CLKOUT0
                         net (fo=1, routed)           0.595    -1.322    clk_gen/inst/clk_out1_clk_wiz_0
    BUFGCTRL_X0Y0        BUFG (Prop_bufg_I_O)         0.029    -1.293 r  clk_gen/inst/clkout1_buf/O
                         net (fo=11618, routed)       0.967    -0.326    rv64i59f_5sp/ex_mem_register/clk_out1
    SLICE_X15Y89         FDCE                                         r  rv64i59f_5sp/ex_mem_register/MEM_alu_result_reg[5]_replica_20/C
                         clock pessimism              0.040    -0.286    
    SLICE_X15Y89         FDCE (Remov_fdce_C_CLR)     -0.145    -0.431    rv64i59f_5sp/ex_mem_register/MEM_alu_result_reg[5]_replica_20
  -------------------------------------------------------------------
                         required time                          0.431    
                         arrival time                           0.457    
  -------------------------------------------------------------------
                         slack                                  0.888    

Slack (MET) :             0.892ns  (arrival time - required time)
  Source:                 reset_sync_reg[2]/C
                            (rising edge-triggered cell FDPE clocked by clk_out1_clk_wiz_0  {rise@0.000ns fall@12.500ns period=25.000ns})
  Destination:            rv64i59f_5sp/ex_mem_register/MEM_alu_result_reg[3]_replica_14/CLR
                            (removal check against rising-edge clock clk_out1_clk_wiz_0  {rise@0.000ns fall@12.500ns period=25.000ns})
  Path Group:             **async_default**
  Path Type:              Removal (Min at Fast Process Corner)
  Requirement:            0.000ns  (clk_out1_clk_wiz_0 rise@0.000ns - clk_out1_clk_wiz_0 rise@0.000ns)
  Data Path Delay:        1.124ns  (logic 0.148ns (13.163%)  route 0.976ns (86.837%))
  Logic Levels:           0  
  Clock Path Skew:        0.377ns (DCD - SCD - CPR)
    Destination Clock Delay (DCD):    -0.325ns
    Source Clock Delay      (SCD):    -0.662ns
    Clock Pessimism Removal (CPR):    -0.040ns

    Location             Delay type                Incr(ns)  Path(ns)    Netlist Resource(s)
  -------------------------------------------------------------------    -------------------
                         (clock clk_out1_clk_wiz_0 rise edge)
                                                      0.000     0.000 r  
    R4                                                0.000     0.000 r  clk (IN)
                         net (fo=0)                   0.000     0.000    clk_gen/inst/clk_in1
    R4                   IBUF (Prop_ibuf_I_O)         0.243     0.243 r  clk_gen/inst/clkin1_ibufg/O
                         net (fo=1, routed)           0.440     0.683    clk_gen/inst/clk_in1_clk_wiz_0
    PLLE2_ADV_X1Y2       PLLE2_ADV (Prop_plle2_adv_CLKIN1_CLKOUT0)
                                                     -2.503    -1.819 r  clk_gen/inst/plle2_adv_inst/CLKOUT0
                         net (fo=1, routed)           0.546    -1.273    clk_gen/inst/clk_out1_clk_wiz_0
    BUFGCTRL_X0Y0        BUFG (Prop_bufg_I_O)         0.026    -1.247 r  clk_gen/inst/clkout1_buf/O
                         net (fo=11618, routed)       0.586    -0.662    clk_cpu
    SLICE_X48Y144        FDPE                                         r  reset_sync_reg[2]/C
  -------------------------------------------------------------------    -------------------
    SLICE_X48Y144        FDPE (Prop_fdpe_C_Q)         0.148    -0.514 f  reset_sync_reg[2]/Q
                         net (fo=3249, routed)        0.976     0.463    rv64i59f_5sp/ex_mem_register/Q[0]
    SLICE_X21Y94         FDCE                                         f  rv64i59f_5sp/ex_mem_register/MEM_alu_result_reg[3]_replica_14/CLR
  -------------------------------------------------------------------    -------------------

                         (clock clk_out1_clk_wiz_0 rise edge)
                                                      0.000     0.000 r  
    R4                                                0.000     0.000 r  clk (IN)
                         net (fo=0)                   0.000     0.000    clk_gen/inst/clk_in1
    R4                   IBUF (Prop_ibuf_I_O)         0.431     0.431 r  clk_gen/inst/clkin1_ibufg/O
                         net (fo=1, routed)           0.481     0.912    clk_gen/inst/clk_in1_clk_wiz_0
    PLLE2_ADV_X1Y2       PLLE2_ADV (Prop_plle2_adv_CLKIN1_CLKOUT0)
                                                     -2.828    -1.916 r  clk_gen/inst/plle2_adv_inst/CLKOUT0
                         net (fo=1, routed)           0.595    -1.322    clk_gen/inst/clk_out1_clk_wiz_0
    BUFGCTRL_X0Y0        BUFG (Prop_bufg_I_O)         0.029    -1.293 r  clk_gen/inst/clkout1_buf/O
                         net (fo=11618, routed)       0.968    -0.325    rv64i59f_5sp/ex_mem_register/clk_out1
    SLICE_X21Y94         FDCE                                         r  rv64i59f_5sp/ex_mem_register/MEM_alu_result_reg[3]_replica_14/C
                         clock pessimism              0.040    -0.285    
    SLICE_X21Y94         FDCE (Remov_fdce_C_CLR)     -0.145    -0.430    rv64i59f_5sp/ex_mem_register/MEM_alu_result_reg[3]_replica_14
  -------------------------------------------------------------------
                         required time                          0.430    
                         arrival time                           0.463    
  -------------------------------------------------------------------
                         slack                                  0.892    

Slack (MET) :             0.892ns  (arrival time - required time)
  Source:                 reset_sync_reg[2]/C
                            (rising edge-triggered cell FDPE clocked by clk_out1_clk_wiz_0  {rise@0.000ns fall@12.500ns period=25.000ns})
  Destination:            rv64i59f_5sp/ex_mem_register/MEM_alu_result_reg[4]_replica_6/CLR
                            (removal check against rising-edge clock clk_out1_clk_wiz_0  {rise@0.000ns fall@12.500ns period=25.000ns})
  Path Group:             **async_default**
  Path Type:              Removal (Min at Fast Process Corner)
  Requirement:            0.000ns  (clk_out1_clk_wiz_0 rise@0.000ns - clk_out1_clk_wiz_0 rise@0.000ns)
  Data Path Delay:        1.124ns  (logic 0.148ns (13.163%)  route 0.976ns (86.837%))
  Logic Levels:           0  
  Clock Path Skew:        0.377ns (DCD - SCD - CPR)
    Destination Clock Delay (DCD):    -0.325ns
    Source Clock Delay      (SCD):    -0.662ns
    Clock Pessimism Removal (CPR):    -0.040ns

    Location             Delay type                Incr(ns)  Path(ns)    Netlist Resource(s)
  -------------------------------------------------------------------    -------------------
                         (clock clk_out1_clk_wiz_0 rise edge)
                                                      0.000     0.000 r  
    R4                                                0.000     0.000 r  clk (IN)
                         net (fo=0)                   0.000     0.000    clk_gen/inst/clk_in1
    R4                   IBUF (Prop_ibuf_I_O)         0.243     0.243 r  clk_gen/inst/clkin1_ibufg/O
                         net (fo=1, routed)           0.440     0.683    clk_gen/inst/clk_in1_clk_wiz_0
    PLLE2_ADV_X1Y2       PLLE2_ADV (Prop_plle2_adv_CLKIN1_CLKOUT0)
                                                     -2.503    -1.819 r  clk_gen/inst/plle2_adv_inst/CLKOUT0
                         net (fo=1, routed)           0.546    -1.273    clk_gen/inst/clk_out1_clk_wiz_0
    BUFGCTRL_X0Y0        BUFG (Prop_bufg_I_O)         0.026    -1.247 r  clk_gen/inst/clkout1_buf/O
                         net (fo=11618, routed)       0.586    -0.662    clk_cpu
    SLICE_X48Y144        FDPE                                         r  reset_sync_reg[2]/C
  -------------------------------------------------------------------    -------------------
    SLICE_X48Y144        FDPE (Prop_fdpe_C_Q)         0.148    -0.514 f  reset_sync_reg[2]/Q
                         net (fo=3249, routed)        0.976     0.463    rv64i59f_5sp/ex_mem_register/Q[0]
    SLICE_X21Y94         FDCE                                         f  rv64i59f_5sp/ex_mem_register/MEM_alu_result_reg[4]_replica_6/CLR
  -------------------------------------------------------------------    -------------------

                         (clock clk_out1_clk_wiz_0 rise edge)
                                                      0.000     0.000 r  
    R4                                                0.000     0.000 r  clk (IN)
                         net (fo=0)                   0.000     0.000    clk_gen/inst/clk_in1
    R4                   IBUF (Prop_ibuf_I_O)         0.431     0.431 r  clk_gen/inst/clkin1_ibufg/O
                         net (fo=1, routed)           0.481     0.912    clk_gen/inst/clk_in1_clk_wiz_0
    PLLE2_ADV_X1Y2       PLLE2_ADV (Prop_plle2_adv_CLKIN1_CLKOUT0)
                                                     -2.828    -1.916 r  clk_gen/inst/plle2_adv_inst/CLKOUT0
                         net (fo=1, routed)           0.595    -1.322    clk_gen/inst/clk_out1_clk_wiz_0
    BUFGCTRL_X0Y0        BUFG (Prop_bufg_I_O)         0.029    -1.293 r  clk_gen/inst/clkout1_buf/O
                         net (fo=11618, routed)       0.968    -0.325    rv64i59f_5sp/ex_mem_register/clk_out1
    SLICE_X21Y94         FDCE                                         r  rv64i59f_5sp/ex_mem_register/MEM_alu_result_reg[4]_replica_6/C
                         clock pessimism              0.040    -0.285    
    SLICE_X21Y94         FDCE (Remov_fdce_C_CLR)     -0.145    -0.430    rv64i59f_5sp/ex_mem_register/MEM_alu_result_reg[4]_replica_6
  -------------------------------------------------------------------
                         required time                          0.430    
                         arrival time                           0.463    
  -------------------------------------------------------------------
                         slack                                  0.892    

Slack (MET) :             0.913ns  (arrival time - required time)
  Source:                 reset_sync_reg[2]/C
                            (rising edge-triggered cell FDPE clocked by clk_out1_clk_wiz_0  {rise@0.000ns fall@12.500ns period=25.000ns})
  Destination:            rv64i59f_5sp/ex_mem_register/MEM_alu_result_reg[9]_replica_1/CLR
                            (removal check against rising-edge clock clk_out1_clk_wiz_0  {rise@0.000ns fall@12.500ns period=25.000ns})
  Path Group:             **async_default**
  Path Type:              Removal (Min at Fast Process Corner)
  Requirement:            0.000ns  (clk_out1_clk_wiz_0 rise@0.000ns - clk_out1_clk_wiz_0 rise@0.000ns)
  Data Path Delay:        1.144ns  (logic 0.148ns (12.942%)  route 0.996ns (87.058%))
  Logic Levels:           0  
  Clock Path Skew:        0.376ns (DCD - SCD - CPR)
    Destination Clock Delay (DCD):    -0.326ns
    Source Clock Delay      (SCD):    -0.662ns
    Clock Pessimism Removal (CPR):    -0.040ns

    Location             Delay type                Incr(ns)  Path(ns)    Netlist Resource(s)
  -------------------------------------------------------------------    -------------------
                         (clock clk_out1_clk_wiz_0 rise edge)
                                                      0.000     0.000 r  
    R4                                                0.000     0.000 r  clk (IN)
                         net (fo=0)                   0.000     0.000    clk_gen/inst/clk_in1
    R4                   IBUF (Prop_ibuf_I_O)         0.243     0.243 r  clk_gen/inst/clkin1_ibufg/O
                         net (fo=1, routed)           0.440     0.683    clk_gen/inst/clk_in1_clk_wiz_0
    PLLE2_ADV_X1Y2       PLLE2_ADV (Prop_plle2_adv_CLKIN1_CLKOUT0)
                                                     -2.503    -1.819 r  clk_gen/inst/plle2_adv_inst/CLKOUT0
                         net (fo=1, routed)           0.546    -1.273    clk_gen/inst/clk_out1_clk_wiz_0
    BUFGCTRL_X0Y0        BUFG (Prop_bufg_I_O)         0.026    -1.247 r  clk_gen/inst/clkout1_buf/O
                         net (fo=11618, routed)       0.586    -0.662    clk_cpu
    SLICE_X48Y144        FDPE                                         r  reset_sync_reg[2]/C
  -------------------------------------------------------------------    -------------------
    SLICE_X48Y144        FDPE (Prop_fdpe_C_Q)         0.148    -0.514 f  reset_sync_reg[2]/Q
                         net (fo=3249, routed)        0.996     0.482    rv64i59f_5sp/ex_mem_register/Q[0]
    SLICE_X21Y90         FDCE                                         f  rv64i59f_5sp/ex_mem_register/MEM_alu_result_reg[9]_replica_1/CLR
  -------------------------------------------------------------------    -------------------

                         (clock clk_out1_clk_wiz_0 rise edge)
                                                      0.000     0.000 r  
    R4                                                0.000     0.000 r  clk (IN)
                         net (fo=0)                   0.000     0.000    clk_gen/inst/clk_in1
    R4                   IBUF (Prop_ibuf_I_O)         0.431     0.431 r  clk_gen/inst/clkin1_ibufg/O
                         net (fo=1, routed)           0.481     0.912    clk_gen/inst/clk_in1_clk_wiz_0
    PLLE2_ADV_X1Y2       PLLE2_ADV (Prop_plle2_adv_CLKIN1_CLKOUT0)
                                                     -2.828    -1.916 r  clk_gen/inst/plle2_adv_inst/CLKOUT0
                         net (fo=1, routed)           0.595    -1.322    clk_gen/inst/clk_out1_clk_wiz_0
    BUFGCTRL_X0Y0        BUFG (Prop_bufg_I_O)         0.029    -1.293 r  clk_gen/inst/clkout1_buf/O
                         net (fo=11618, routed)       0.967    -0.326    rv64i59f_5sp/ex_mem_register/clk_out1
    SLICE_X21Y90         FDCE                                         r  rv64i59f_5sp/ex_mem_register/MEM_alu_result_reg[9]_replica_1/C
                         clock pessimism              0.040    -0.286    
    SLICE_X21Y90         FDCE (Remov_fdce_C_CLR)     -0.145    -0.431    rv64i59f_5sp/ex_mem_register/MEM_alu_result_reg[9]_replica_1
  -------------------------------------------------------------------
                         required time                          0.431    
                         arrival time                           0.482    
  -------------------------------------------------------------------
                         slack                                  0.913    

Slack (MET) :             0.914ns  (arrival time - required time)
  Source:                 reset_sync_reg[2]/C
                            (rising edge-triggered cell FDPE clocked by clk_out1_clk_wiz_0  {rise@0.000ns fall@12.500ns period=25.000ns})
  Destination:            rv64i59f_5sp/ex_mem_register/MEM_alu_result_reg[11]_rep/CLR
                            (removal check against rising-edge clock clk_out1_clk_wiz_0  {rise@0.000ns fall@12.500ns period=25.000ns})
  Path Group:             **async_default**
  Path Type:              Removal (Min at Fast Process Corner)
  Requirement:            0.000ns  (clk_out1_clk_wiz_0 rise@0.000ns - clk_out1_clk_wiz_0 rise@0.000ns)
  Data Path Delay:        1.136ns  (logic 0.148ns (13.031%)  route 0.988ns (86.969%))
  Logic Levels:           0  
  Clock Path Skew:        0.367ns (DCD - SCD - CPR)
    Destination Clock Delay (DCD):    -0.335ns
    Source Clock Delay      (SCD):    -0.662ns
    Clock Pessimism Removal (CPR):    -0.040ns

    Location             Delay type                Incr(ns)  Path(ns)    Netlist Resource(s)
  -------------------------------------------------------------------    -------------------
                         (clock clk_out1_clk_wiz_0 rise edge)
                                                      0.000     0.000 r  
    R4                                                0.000     0.000 r  clk (IN)
                         net (fo=0)                   0.000     0.000    clk_gen/inst/clk_in1
    R4                   IBUF (Prop_ibuf_I_O)         0.243     0.243 r  clk_gen/inst/clkin1_ibufg/O
                         net (fo=1, routed)           0.440     0.683    clk_gen/inst/clk_in1_clk_wiz_0
    PLLE2_ADV_X1Y2       PLLE2_ADV (Prop_plle2_adv_CLKIN1_CLKOUT0)
                                                     -2.503    -1.819 r  clk_gen/inst/plle2_adv_inst/CLKOUT0
                         net (fo=1, routed)           0.546    -1.273    clk_gen/inst/clk_out1_clk_wiz_0
    BUFGCTRL_X0Y0        BUFG (Prop_bufg_I_O)         0.026    -1.247 r  clk_gen/inst/clkout1_buf/O
                         net (fo=11618, routed)       0.586    -0.662    clk_cpu
    SLICE_X48Y144        FDPE                                         r  reset_sync_reg[2]/C
  -------------------------------------------------------------------    -------------------
    SLICE_X48Y144        FDPE (Prop_fdpe_C_Q)         0.148    -0.514 f  reset_sync_reg[2]/Q
                         net (fo=3249, routed)        0.988     0.474    rv64i59f_5sp/ex_mem_register/Q[0]
    SLICE_X30Y87         FDCE                                         f  rv64i59f_5sp/ex_mem_register/MEM_alu_result_reg[11]_rep/CLR
  -------------------------------------------------------------------    -------------------

                         (clock clk_out1_clk_wiz_0 rise edge)
                                                      0.000     0.000 r  
    R4                                                0.000     0.000 r  clk (IN)
                         net (fo=0)                   0.000     0.000    clk_gen/inst/clk_in1
    R4                   IBUF (Prop_ibuf_I_O)         0.431     0.431 r  clk_gen/inst/clkin1_ibufg/O
                         net (fo=1, routed)           0.481     0.912    clk_gen/inst/clk_in1_clk_wiz_0
    PLLE2_ADV_X1Y2       PLLE2_ADV (Prop_plle2_adv_CLKIN1_CLKOUT0)
                                                     -2.828    -1.916 r  clk_gen/inst/plle2_adv_inst/CLKOUT0
                         net (fo=1, routed)           0.595    -1.322    clk_gen/inst/clk_out1_clk_wiz_0
    BUFGCTRL_X0Y0        BUFG (Prop_bufg_I_O)         0.029    -1.293 r  clk_gen/inst/clkout1_buf/O
                         net (fo=11618, routed)       0.958    -0.335    rv64i59f_5sp/ex_mem_register/clk_out1
    SLICE_X30Y87         FDCE                                         r  rv64i59f_5sp/ex_mem_register/MEM_alu_result_reg[11]_rep/C
                         clock pessimism              0.040    -0.295    
    SLICE_X30Y87         FDCE (Remov_fdce_C_CLR)     -0.145    -0.440    rv64i59f_5sp/ex_mem_register/MEM_alu_result_reg[11]_rep
  -------------------------------------------------------------------
                         required time                          0.440    
                         arrival time                           0.474    
  -------------------------------------------------------------------
                         slack                                  0.914    

Slack (MET) :             0.917ns  (arrival time - required time)
  Source:                 reset_sync_reg[2]/C
                            (rising edge-triggered cell FDPE clocked by clk_out1_clk_wiz_0  {rise@0.000ns fall@12.500ns period=25.000ns})
  Destination:            rv64i59f_5sp/ex_mem_register/MEM_alu_result_reg[6]_replica_31/CLR
                            (removal check against rising-edge clock clk_out1_clk_wiz_0  {rise@0.000ns fall@12.500ns period=25.000ns})
  Path Group:             **async_default**
  Path Type:              Removal (Min at Fast Process Corner)
  Requirement:            0.000ns  (clk_out1_clk_wiz_0 rise@0.000ns - clk_out1_clk_wiz_0 rise@0.000ns)
  Data Path Delay:        1.096ns  (logic 0.148ns (13.507%)  route 0.948ns (86.493%))
  Logic Levels:           0  
  Clock Path Skew:        0.324ns (DCD - SCD - CPR)
    Destination Clock Delay (DCD):    -0.378ns
    Source Clock Delay      (SCD):    -0.662ns
    Clock Pessimism Removal (CPR):    -0.040ns

    Location             Delay type                Incr(ns)  Path(ns)    Netlist Resource(s)
  -------------------------------------------------------------------    -------------------
                         (clock clk_out1_clk_wiz_0 rise edge)
                                                      0.000     0.000 r  
    R4                                                0.000     0.000 r  clk (IN)
                         net (fo=0)                   0.000     0.000    clk_gen/inst/clk_in1
    R4                   IBUF (Prop_ibuf_I_O)         0.243     0.243 r  clk_gen/inst/clkin1_ibufg/O
                         net (fo=1, routed)           0.440     0.683    clk_gen/inst/clk_in1_clk_wiz_0
    PLLE2_ADV_X1Y2       PLLE2_ADV (Prop_plle2_adv_CLKIN1_CLKOUT0)
                                                     -2.503    -1.819 r  clk_gen/inst/plle2_adv_inst/CLKOUT0
                         net (fo=1, routed)           0.546    -1.273    clk_gen/inst/clk_out1_clk_wiz_0
    BUFGCTRL_X0Y0        BUFG (Prop_bufg_I_O)         0.026    -1.247 r  clk_gen/inst/clkout1_buf/O
                         net (fo=11618, routed)       0.586    -0.662    clk_cpu
    SLICE_X48Y144        FDPE                                         r  reset_sync_reg[2]/C
  -------------------------------------------------------------------    -------------------
    SLICE_X48Y144        FDPE (Prop_fdpe_C_Q)         0.148    -0.514 f  reset_sync_reg[2]/Q
                         net (fo=3249, routed)        0.948     0.434    rv64i59f_5sp/ex_mem_register/Q[0]
    SLICE_X45Y71         FDCE                                         f  rv64i59f_5sp/ex_mem_register/MEM_alu_result_reg[6]_replica_31/CLR
  -------------------------------------------------------------------    -------------------

                         (clock clk_out1_clk_wiz_0 rise edge)
                                                      0.000     0.000 r  
    R4                                                0.000     0.000 r  clk (IN)
                         net (fo=0)                   0.000     0.000    clk_gen/inst/clk_in1
    R4                   IBUF (Prop_ibuf_I_O)         0.431     0.431 r  clk_gen/inst/clkin1_ibufg/O
                         net (fo=1, routed)           0.481     0.912    clk_gen/inst/clk_in1_clk_wiz_0
    PLLE2_ADV_X1Y2       PLLE2_ADV (Prop_plle2_adv_CLKIN1_CLKOUT0)
                                                     -2.828    -1.916 r  clk_gen/inst/plle2_adv_inst/CLKOUT0
                         net (fo=1, routed)           0.595    -1.322    clk_gen/inst/clk_out1_clk_wiz_0
    BUFGCTRL_X0Y0        BUFG (Prop_bufg_I_O)         0.029    -1.293 r  clk_gen/inst/clkout1_buf/O
                         net (fo=11618, routed)       0.915    -0.378    rv64i59f_5sp/ex_mem_register/clk_out1
    SLICE_X45Y71         FDCE                                         r  rv64i59f_5sp/ex_mem_register/MEM_alu_result_reg[6]_replica_31/C
                         clock pessimism              0.040    -0.338    
    SLICE_X45Y71         FDCE (Remov_fdce_C_CLR)     -0.145    -0.483    rv64i59f_5sp/ex_mem_register/MEM_alu_result_reg[6]_replica_31
  -------------------------------------------------------------------
                         required time                          0.483    
                         arrival time                           0.434    
  -------------------------------------------------------------------
                         slack                                  0.917    

Slack (MET) :             0.939ns  (arrival time - required time)
  Source:                 reset_sync_reg[2]/C
                            (rising edge-triggered cell FDPE clocked by clk_out1_clk_wiz_0  {rise@0.000ns fall@12.500ns period=25.000ns})
  Destination:            rv64i59f_5sp/ex_mem_register/MEM_alu_result_reg[11]_rep__3/CLR
                            (removal check against rising-edge clock clk_out1_clk_wiz_0  {rise@0.000ns fall@12.500ns period=25.000ns})
  Path Group:             **async_default**
  Path Type:              Removal (Min at Fast Process Corner)
  Requirement:            0.000ns  (clk_out1_clk_wiz_0 rise@0.000ns - clk_out1_clk_wiz_0 rise@0.000ns)
  Data Path Delay:        1.121ns  (logic 0.148ns (13.201%)  route 0.973ns (86.799%))
  Logic Levels:           0  
  Clock Path Skew:        0.327ns (DCD - SCD - CPR)
    Destination Clock Delay (DCD):    -0.375ns
    Source Clock Delay      (SCD):    -0.662ns
    Clock Pessimism Removal (CPR):    -0.040ns

    Location             Delay type                Incr(ns)  Path(ns)    Netlist Resource(s)
  -------------------------------------------------------------------    -------------------
                         (clock clk_out1_clk_wiz_0 rise edge)
                                                      0.000     0.000 r  
    R4                                                0.000     0.000 r  clk (IN)
                         net (fo=0)                   0.000     0.000    clk_gen/inst/clk_in1
    R4                   IBUF (Prop_ibuf_I_O)         0.243     0.243 r  clk_gen/inst/clkin1_ibufg/O
                         net (fo=1, routed)           0.440     0.683    clk_gen/inst/clk_in1_clk_wiz_0
    PLLE2_ADV_X1Y2       PLLE2_ADV (Prop_plle2_adv_CLKIN1_CLKOUT0)
                                                     -2.503    -1.819 r  clk_gen/inst/plle2_adv_inst/CLKOUT0
                         net (fo=1, routed)           0.546    -1.273    clk_gen/inst/clk_out1_clk_wiz_0
    BUFGCTRL_X0Y0        BUFG (Prop_bufg_I_O)         0.026    -1.247 r  clk_gen/inst/clkout1_buf/O
                         net (fo=11618, routed)       0.586    -0.662    clk_cpu
    SLICE_X48Y144        FDPE                                         r  reset_sync_reg[2]/C
  -------------------------------------------------------------------    -------------------
    SLICE_X48Y144        FDPE (Prop_fdpe_C_Q)         0.148    -0.514 f  reset_sync_reg[2]/Q
                         net (fo=3249, routed)        0.973     0.459    rv64i59f_5sp/ex_mem_register/Q[0]
    SLICE_X43Y68         FDCE                                         f  rv64i59f_5sp/ex_mem_register/MEM_alu_result_reg[11]_rep__3/CLR
  -------------------------------------------------------------------    -------------------

                         (clock clk_out1_clk_wiz_0 rise edge)
                                                      0.000     0.000 r  
    R4                                                0.000     0.000 r  clk (IN)
                         net (fo=0)                   0.000     0.000    clk_gen/inst/clk_in1
    R4                   IBUF (Prop_ibuf_I_O)         0.431     0.431 r  clk_gen/inst/clkin1_ibufg/O
                         net (fo=1, routed)           0.481     0.912    clk_gen/inst/clk_in1_clk_wiz_0
    PLLE2_ADV_X1Y2       PLLE2_ADV (Prop_plle2_adv_CLKIN1_CLKOUT0)
                                                     -2.828    -1.916 r  clk_gen/inst/plle2_adv_inst/CLKOUT0
                         net (fo=1, routed)           0.595    -1.322    clk_gen/inst/clk_out1_clk_wiz_0
    BUFGCTRL_X0Y0        BUFG (Prop_bufg_I_O)         0.029    -1.293 r  clk_gen/inst/clkout1_buf/O
                         net (fo=11618, routed)       0.918    -0.375    rv64i59f_5sp/ex_mem_register/clk_out1
    SLICE_X43Y68         FDCE                                         r  rv64i59f_5sp/ex_mem_register/MEM_alu_result_reg[11]_rep__3/C
                         clock pessimism              0.040    -0.335    
    SLICE_X43Y68         FDCE (Remov_fdce_C_CLR)     -0.145    -0.480    rv64i59f_5sp/ex_mem_register/MEM_alu_result_reg[11]_rep__3
  -------------------------------------------------------------------
                         required time                          0.480    
                         arrival time                           0.459    
  -------------------------------------------------------------------
                         slack                                  0.939    

Slack (MET) :             0.947ns  (arrival time - required time)
  Source:                 reset_sync_reg[2]/C
                            (rising edge-triggered cell FDPE clocked by clk_out1_clk_wiz_0  {rise@0.000ns fall@12.500ns period=25.000ns})
  Destination:            rv64i59f_5sp/ex_mem_register/MEM_alu_result_reg[5]_replica_6/CLR
                            (removal check against rising-edge clock clk_out1_clk_wiz_0  {rise@0.000ns fall@12.500ns period=25.000ns})
  Path Group:             **async_default**
  Path Type:              Removal (Min at Fast Process Corner)
  Requirement:            0.000ns  (clk_out1_clk_wiz_0 rise@0.000ns - clk_out1_clk_wiz_0 rise@0.000ns)
  Data Path Delay:        1.179ns  (logic 0.148ns (12.554%)  route 1.031ns (87.446%))
  Logic Levels:           0  
  Clock Path Skew:        0.377ns (DCD - SCD - CPR)
    Destination Clock Delay (DCD):    -0.325ns
    Source Clock Delay      (SCD):    -0.662ns
    Clock Pessimism Removal (CPR):    -0.040ns

    Location             Delay type                Incr(ns)  Path(ns)    Netlist Resource(s)
  -------------------------------------------------------------------    -------------------
                         (clock clk_out1_clk_wiz_0 rise edge)
                                                      0.000     0.000 r  
    R4                                                0.000     0.000 r  clk (IN)
                         net (fo=0)                   0.000     0.000    clk_gen/inst/clk_in1
    R4                   IBUF (Prop_ibuf_I_O)         0.243     0.243 r  clk_gen/inst/clkin1_ibufg/O
                         net (fo=1, routed)           0.440     0.683    clk_gen/inst/clk_in1_clk_wiz_0
    PLLE2_ADV_X1Y2       PLLE2_ADV (Prop_plle2_adv_CLKIN1_CLKOUT0)
                                                     -2.503    -1.819 r  clk_gen/inst/plle2_adv_inst/CLKOUT0
                         net (fo=1, routed)           0.546    -1.273    clk_gen/inst/clk_out1_clk_wiz_0
    BUFGCTRL_X0Y0        BUFG (Prop_bufg_I_O)         0.026    -1.247 r  clk_gen/inst/clkout1_buf/O
                         net (fo=11618, routed)       0.586    -0.662    clk_cpu
    SLICE_X48Y144        FDPE                                         r  reset_sync_reg[2]/C
  -------------------------------------------------------------------    -------------------
    SLICE_X48Y144        FDPE (Prop_fdpe_C_Q)         0.148    -0.514 f  reset_sync_reg[2]/Q
                         net (fo=3249, routed)        1.031     0.517    rv64i59f_5sp/ex_mem_register/Q[0]
    SLICE_X21Y93         FDCE                                         f  rv64i59f_5sp/ex_mem_register/MEM_alu_result_reg[5]_replica_6/CLR
  -------------------------------------------------------------------    -------------------

                         (clock clk_out1_clk_wiz_0 rise edge)
                                                      0.000     0.000 r  
    R4                                                0.000     0.000 r  clk (IN)
                         net (fo=0)                   0.000     0.000    clk_gen/inst/clk_in1
    R4                   IBUF (Prop_ibuf_I_O)         0.431     0.431 r  clk_gen/inst/clkin1_ibufg/O
                         net (fo=1, routed)           0.481     0.912    clk_gen/inst/clk_in1_clk_wiz_0
    PLLE2_ADV_X1Y2       PLLE2_ADV (Prop_plle2_adv_CLKIN1_CLKOUT0)
                                                     -2.828    -1.916 r  clk_gen/inst/plle2_adv_inst/CLKOUT0
                         net (fo=1, routed)           0.595    -1.322    clk_gen/inst/clk_out1_clk_wiz_0
    BUFGCTRL_X0Y0        BUFG (Prop_bufg_I_O)         0.029    -1.293 r  clk_gen/inst/clkout1_buf/O
                         net (fo=11618, routed)       0.968    -0.325    rv64i59f_5sp/ex_mem_register/clk_out1
    SLICE_X21Y93         FDCE                                         r  rv64i59f_5sp/ex_mem_register/MEM_alu_result_reg[5]_replica_6/C
                         clock pessimism              0.040    -0.285    
    SLICE_X21Y93         FDCE (Remov_fdce_C_CLR)     -0.145    -0.430    rv64i59f_5sp/ex_mem_register/MEM_alu_result_reg[5]_replica_6
  -------------------------------------------------------------------
                         required time                          0.430    
                         arrival time                           0.517    
  -------------------------------------------------------------------
                         slack                                  0.947    

Slack (MET) :             0.947ns  (arrival time - required time)
  Source:                 reset_sync_reg[2]/C
                            (rising edge-triggered cell FDPE clocked by clk_out1_clk_wiz_0  {rise@0.000ns fall@12.500ns period=25.000ns})
  Destination:            rv64i59f_5sp/ex_mem_register/MEM_alu_result_reg[6]_replica_6/CLR
                            (removal check against rising-edge clock clk_out1_clk_wiz_0  {rise@0.000ns fall@12.500ns period=25.000ns})
  Path Group:             **async_default**
  Path Type:              Removal (Min at Fast Process Corner)
  Requirement:            0.000ns  (clk_out1_clk_wiz_0 rise@0.000ns - clk_out1_clk_wiz_0 rise@0.000ns)
  Data Path Delay:        1.179ns  (logic 0.148ns (12.554%)  route 1.031ns (87.446%))
  Logic Levels:           0  
  Clock Path Skew:        0.377ns (DCD - SCD - CPR)
    Destination Clock Delay (DCD):    -0.325ns
    Source Clock Delay      (SCD):    -0.662ns
    Clock Pessimism Removal (CPR):    -0.040ns

    Location             Delay type                Incr(ns)  Path(ns)    Netlist Resource(s)
  -------------------------------------------------------------------    -------------------
                         (clock clk_out1_clk_wiz_0 rise edge)
                                                      0.000     0.000 r  
    R4                                                0.000     0.000 r  clk (IN)
                         net (fo=0)                   0.000     0.000    clk_gen/inst/clk_in1
    R4                   IBUF (Prop_ibuf_I_O)         0.243     0.243 r  clk_gen/inst/clkin1_ibufg/O
                         net (fo=1, routed)           0.440     0.683    clk_gen/inst/clk_in1_clk_wiz_0
    PLLE2_ADV_X1Y2       PLLE2_ADV (Prop_plle2_adv_CLKIN1_CLKOUT0)
                                                     -2.503    -1.819 r  clk_gen/inst/plle2_adv_inst/CLKOUT0
                         net (fo=1, routed)           0.546    -1.273    clk_gen/inst/clk_out1_clk_wiz_0
    BUFGCTRL_X0Y0        BUFG (Prop_bufg_I_O)         0.026    -1.247 r  clk_gen/inst/clkout1_buf/O
                         net (fo=11618, routed)       0.586    -0.662    clk_cpu
    SLICE_X48Y144        FDPE                                         r  reset_sync_reg[2]/C
  -------------------------------------------------------------------    -------------------
    SLICE_X48Y144        FDPE (Prop_fdpe_C_Q)         0.148    -0.514 f  reset_sync_reg[2]/Q
                         net (fo=3249, routed)        1.031     0.517    rv64i59f_5sp/ex_mem_register/Q[0]
    SLICE_X21Y93         FDCE                                         f  rv64i59f_5sp/ex_mem_register/MEM_alu_result_reg[6]_replica_6/CLR
  -------------------------------------------------------------------    -------------------

                         (clock clk_out1_clk_wiz_0 rise edge)
                                                      0.000     0.000 r  
    R4                                                0.000     0.000 r  clk (IN)
                         net (fo=0)                   0.000     0.000    clk_gen/inst/clk_in1
    R4                   IBUF (Prop_ibuf_I_O)         0.431     0.431 r  clk_gen/inst/clkin1_ibufg/O
                         net (fo=1, routed)           0.481     0.912    clk_gen/inst/clk_in1_clk_wiz_0
    PLLE2_ADV_X1Y2       PLLE2_ADV (Prop_plle2_adv_CLKIN1_CLKOUT0)
                                                     -2.828    -1.916 r  clk_gen/inst/plle2_adv_inst/CLKOUT0
                         net (fo=1, routed)           0.595    -1.322    clk_gen/inst/clk_out1_clk_wiz_0
    BUFGCTRL_X0Y0        BUFG (Prop_bufg_I_O)         0.029    -1.293 r  clk_gen/inst/clkout1_buf/O
                         net (fo=11618, routed)       0.968    -0.325    rv64i59f_5sp/ex_mem_register/clk_out1
    SLICE_X21Y93         FDCE                                         r  rv64i59f_5sp/ex_mem_register/MEM_alu_result_reg[6]_replica_6/C
                         clock pessimism              0.040    -0.285    
    SLICE_X21Y93         FDCE (Remov_fdce_C_CLR)     -0.145    -0.430    rv64i59f_5sp/ex_mem_register/MEM_alu_result_reg[6]_replica_6
  -------------------------------------------------------------------
                         required time                          0.430    
                         arrival time                           0.517    
  -------------------------------------------------------------------
                         slack                                  0.947    





--------------------------------------------------------------------------------------
Path Group:  (none)
From Clock:  clk_out1_clk_wiz_0
  To Clock:  

Max Delay             9 Endpoints
Min Delay             9 Endpoints
--------------------------------------------------------------------------------------


Max Delay Paths
--------------------------------------------------------------------------------------
Slack:                    inf
  Source:                 cpu_clk_enable_reg/C
                            (rising edge-triggered cell FDCE clocked by clk_out1_clk_wiz_0  {rise@0.000ns fall@12.500ns period=25.000ns})
  Destination:            led[0]
                            (output port)
  Path Group:             (none)
  Path Type:              Max at Slow Process Corner
  Data Path Delay:        13.108ns  (logic 3.961ns (30.216%)  route 9.147ns (69.784%))
  Logic Levels:           2  (LUT1=1 OBUF=1)
  Clock Uncertainty:      0.482ns  ((TSJ^2 + DJ^2)^1/2) / 2 + PE
    Total System Jitter     (TSJ):    0.050ns
    Discrete Jitter          (DJ):    0.338ns
    Phase Error              (PE):    0.311ns
  Timing Exception:       False Path

    Location             Delay type                Incr(ns)  Path(ns)    Netlist Resource(s)
  -------------------------------------------------------------------    -------------------
                         (clock clk_out1_clk_wiz_0 rise edge)
                                                      0.000     0.000 r  
    R4                                                0.000     0.000 r  clk (IN)
                         net (fo=0)                   0.000     0.000    clk_gen/inst/clk_in1
    R4                   IBUF (Prop_ibuf_I_O)         1.475     1.475 r  clk_gen/inst/clkin1_ibufg/O
                         net (fo=1, routed)           1.253     2.728    clk_gen/inst/clk_in1_clk_wiz_0
    PLLE2_ADV_X1Y2       PLLE2_ADV (Prop_plle2_adv_CLKIN1_CLKOUT0)
                                                     -8.953    -6.225 r  clk_gen/inst/plle2_adv_inst/CLKOUT0
                         net (fo=1, routed)           1.802    -4.422    clk_gen/inst/clk_out1_clk_wiz_0
    BUFGCTRL_X0Y0        BUFG (Prop_bufg_I_O)         0.096    -4.326 r  clk_gen/inst/clkout1_buf/O
                         net (fo=11618, routed)       1.753    -2.573    clk_cpu
    SLICE_X20Y127        FDCE                                         r  cpu_clk_enable_reg/C
  -------------------------------------------------------------------    -------------------
    SLICE_X20Y127        FDCE (Prop_fdce_C_Q)         0.478    -2.095 f  cpu_clk_enable_reg/Q
                         net (fo=698, routed)         7.323     5.228    cpu_clk_enable
    SLICE_X7Y72          LUT1 (Prop_lut1_I0_O)        0.321     5.549 r  led_OBUF[0]_inst_i_1/O
                         net (fo=1, routed)           1.824     7.373    led_OBUF[0]
    T14                  OBUF (Prop_obuf_I_O)         3.162    10.535 r  led_OBUF[0]_inst/O
                         net (fo=0)                   0.000    10.535    led[0]
    T14                                                               r  led[0] (OUT)
  -------------------------------------------------------------------    -------------------

Slack:                    inf
  Source:                 rv64i59f_5sp/mem_wb_register/WB_instruction_reg[0]_lopt_replica/C
                            (rising edge-triggered cell FDPE clocked by clk_out1_clk_wiz_0  {rise@0.000ns fall@12.500ns period=25.000ns})
  Destination:            led[1]
                            (output port)
  Path Group:             (none)
  Path Type:              Max at Slow Process Corner
  Data Path Delay:        7.416ns  (logic 3.405ns (45.916%)  route 4.011ns (54.084%))
  Logic Levels:           1  (OBUF=1)
  Clock Uncertainty:      0.482ns  ((TSJ^2 + DJ^2)^1/2) / 2 + PE
    Total System Jitter     (TSJ):    0.050ns
    Discrete Jitter          (DJ):    0.338ns
    Phase Error              (PE):    0.311ns
  Timing Exception:       False Path

    Location             Delay type                Incr(ns)  Path(ns)    Netlist Resource(s)
  -------------------------------------------------------------------    -------------------
                         (clock clk_out1_clk_wiz_0 rise edge)
                                                      0.000     0.000 r  
    R4                                                0.000     0.000 r  clk (IN)
                         net (fo=0)                   0.000     0.000    clk_gen/inst/clk_in1
    R4                   IBUF (Prop_ibuf_I_O)         1.475     1.475 r  clk_gen/inst/clkin1_ibufg/O
                         net (fo=1, routed)           1.253     2.728    clk_gen/inst/clk_in1_clk_wiz_0
    PLLE2_ADV_X1Y2       PLLE2_ADV (Prop_plle2_adv_CLKIN1_CLKOUT0)
                                                     -8.953    -6.225 r  clk_gen/inst/plle2_adv_inst/CLKOUT0
                         net (fo=1, routed)           1.802    -4.422    clk_gen/inst/clk_out1_clk_wiz_0
    BUFGCTRL_X0Y0        BUFG (Prop_bufg_I_O)         0.096    -4.326 r  clk_gen/inst/clkout1_buf/O
                         net (fo=11618, routed)       1.830    -2.496    rv64i59f_5sp/mem_wb_register/clk_out1
    SLICE_X63Y66         FDPE                                         r  rv64i59f_5sp/mem_wb_register/WB_instruction_reg[0]_lopt_replica/C
  -------------------------------------------------------------------    -------------------
    SLICE_X63Y66         FDPE (Prop_fdpe_C_Q)         0.456    -2.040 r  rv64i59f_5sp/mem_wb_register/WB_instruction_reg[0]_lopt_replica/Q
                         net (fo=1, routed)           4.011     1.971    lopt
    T15                  OBUF (Prop_obuf_I_O)         2.949     4.920 r  led_OBUF[1]_inst/O
                         net (fo=0)                   0.000     4.920    led[1]
    T15                                                               r  led[1] (OUT)
  -------------------------------------------------------------------    -------------------

Slack:                    inf
  Source:                 rv64i59f_5sp/mem_wb_register/WB_instruction_reg[6]_lopt_replica/C
                            (rising edge-triggered cell FDCE clocked by clk_out1_clk_wiz_0  {rise@0.000ns fall@12.500ns period=25.000ns})
  Destination:            led[7]
                            (output port)
  Path Group:             (none)
  Path Type:              Max at Slow Process Corner
  Data Path Delay:        7.005ns  (logic 3.560ns (50.818%)  route 3.445ns (49.182%))
  Logic Levels:           1  (OBUF=1)
  Clock Uncertainty:      0.482ns  ((TSJ^2 + DJ^2)^1/2) / 2 + PE
    Total System Jitter     (TSJ):    0.050ns
    Discrete Jitter          (DJ):    0.338ns
    Phase Error              (PE):    0.311ns
  Timing Exception:       False Path

    Location             Delay type                Incr(ns)  Path(ns)    Netlist Resource(s)
  -------------------------------------------------------------------    -------------------
                         (clock clk_out1_clk_wiz_0 rise edge)
                                                      0.000     0.000 r  
    R4                                                0.000     0.000 r  clk (IN)
                         net (fo=0)                   0.000     0.000    clk_gen/inst/clk_in1
    R4                   IBUF (Prop_ibuf_I_O)         1.475     1.475 r  clk_gen/inst/clkin1_ibufg/O
                         net (fo=1, routed)           1.253     2.728    clk_gen/inst/clk_in1_clk_wiz_0
    PLLE2_ADV_X1Y2       PLLE2_ADV (Prop_plle2_adv_CLKIN1_CLKOUT0)
                                                     -8.953    -6.225 r  clk_gen/inst/plle2_adv_inst/CLKOUT0
                         net (fo=1, routed)           1.802    -4.422    clk_gen/inst/clk_out1_clk_wiz_0
    BUFGCTRL_X0Y0        BUFG (Prop_bufg_I_O)         0.096    -4.326 r  clk_gen/inst/clkout1_buf/O
                         net (fo=11618, routed)       1.927    -2.399    rv64i59f_5sp/mem_wb_register/clk_out1
    SLICE_X35Y66         FDCE                                         r  rv64i59f_5sp/mem_wb_register/WB_instruction_reg[6]_lopt_replica/C
  -------------------------------------------------------------------    -------------------
    SLICE_X35Y66         FDCE (Prop_fdce_C_Q)         0.419    -1.980 r  rv64i59f_5sp/mem_wb_register/WB_instruction_reg[6]_lopt_replica/Q
                         net (fo=1, routed)           3.445     1.465    lopt_6
    Y13                  OBUF (Prop_obuf_I_O)         3.141     4.606 r  led_OBUF[7]_inst/O
                         net (fo=0)                   0.000     4.606    led[7]
    Y13                                                               r  led[7] (OUT)
  -------------------------------------------------------------------    -------------------

Slack:                    inf
  Source:                 uart_tx/tx_reg/C
                            (rising edge-triggered cell FDPE clocked by clk_out1_clk_wiz_0  {rise@0.000ns fall@12.500ns period=25.000ns})
  Destination:            uart_tx_in
                            (output port)
  Path Group:             (none)
  Path Type:              Max at Slow Process Corner
  Data Path Delay:        6.467ns  (logic 4.024ns (62.234%)  route 2.442ns (37.766%))
  Logic Levels:           1  (OBUF=1)
  Clock Uncertainty:      0.482ns  ((TSJ^2 + DJ^2)^1/2) / 2 + PE
    Total System Jitter     (TSJ):    0.050ns
    Discrete Jitter          (DJ):    0.338ns
    Phase Error              (PE):    0.311ns
  Timing Exception:       False Path

    Location             Delay type                Incr(ns)  Path(ns)    Netlist Resource(s)
  -------------------------------------------------------------------    -------------------
                         (clock clk_out1_clk_wiz_0 rise edge)
                                                      0.000     0.000 r  
    R4                                                0.000     0.000 r  clk (IN)
                         net (fo=0)                   0.000     0.000    clk_gen/inst/clk_in1
    R4                   IBUF (Prop_ibuf_I_O)         1.475     1.475 r  clk_gen/inst/clkin1_ibufg/O
                         net (fo=1, routed)           1.253     2.728    clk_gen/inst/clk_in1_clk_wiz_0
    PLLE2_ADV_X1Y2       PLLE2_ADV (Prop_plle2_adv_CLKIN1_CLKOUT0)
                                                     -8.953    -6.225 r  clk_gen/inst/plle2_adv_inst/CLKOUT0
                         net (fo=1, routed)           1.802    -4.422    clk_gen/inst/clk_out1_clk_wiz_0
    BUFGCTRL_X0Y0        BUFG (Prop_bufg_I_O)         0.096    -4.326 r  clk_gen/inst/clkout1_buf/O
                         net (fo=11618, routed)       2.026    -2.300    uart_tx/clk_out1
    SLICE_X1Y97          FDPE                                         r  uart_tx/tx_reg/C
  -------------------------------------------------------------------    -------------------
    SLICE_X1Y97          FDPE (Prop_fdpe_C_Q)         0.456    -1.844 r  uart_tx/tx_reg/Q
                         net (fo=1, routed)           2.442     0.598    uart_tx_in_OBUF
    AA19                 OBUF (Prop_obuf_I_O)         3.568     4.167 r  uart_tx_in_OBUF_inst/O
                         net (fo=0)                   0.000     4.167    uart_tx_in
    AA19                                                              r  uart_tx_in (OUT)
  -------------------------------------------------------------------    -------------------

Slack:                    inf
  Source:                 rv64i59f_5sp/mem_wb_register/WB_instruction_reg[5]_lopt_replica/C
                            (rising edge-triggered cell FDCE clocked by clk_out1_clk_wiz_0  {rise@0.000ns fall@12.500ns period=25.000ns})
  Destination:            led[6]
                            (output port)
  Path Group:             (none)
  Path Type:              Max at Slow Process Corner
  Data Path Delay:        6.522ns  (logic 3.371ns (51.690%)  route 3.151ns (48.310%))
  Logic Levels:           1  (OBUF=1)
  Clock Uncertainty:      0.482ns  ((TSJ^2 + DJ^2)^1/2) / 2 + PE
    Total System Jitter     (TSJ):    0.050ns
    Discrete Jitter          (DJ):    0.338ns
    Phase Error              (PE):    0.311ns
  Timing Exception:       False Path

    Location             Delay type                Incr(ns)  Path(ns)    Netlist Resource(s)
  -------------------------------------------------------------------    -------------------
                         (clock clk_out1_clk_wiz_0 rise edge)
                                                      0.000     0.000 r  
    R4                                                0.000     0.000 r  clk (IN)
                         net (fo=0)                   0.000     0.000    clk_gen/inst/clk_in1
    R4                   IBUF (Prop_ibuf_I_O)         1.475     1.475 r  clk_gen/inst/clkin1_ibufg/O
                         net (fo=1, routed)           1.253     2.728    clk_gen/inst/clk_in1_clk_wiz_0
    PLLE2_ADV_X1Y2       PLLE2_ADV (Prop_plle2_adv_CLKIN1_CLKOUT0)
                                                     -8.953    -6.225 r  clk_gen/inst/plle2_adv_inst/CLKOUT0
                         net (fo=1, routed)           1.802    -4.422    clk_gen/inst/clk_out1_clk_wiz_0
    BUFGCTRL_X0Y0        BUFG (Prop_bufg_I_O)         0.096    -4.326 r  clk_gen/inst/clkout1_buf/O
                         net (fo=11618, routed)       1.923    -2.403    rv64i59f_5sp/mem_wb_register/clk_out1
    SLICE_X35Y69         FDCE                                         r  rv64i59f_5sp/mem_wb_register/WB_instruction_reg[5]_lopt_replica/C
  -------------------------------------------------------------------    -------------------
    SLICE_X35Y69         FDCE (Prop_fdce_C_Q)         0.456    -1.947 r  rv64i59f_5sp/mem_wb_register/WB_instruction_reg[5]_lopt_replica/Q
                         net (fo=1, routed)           3.151     1.204    lopt_5
    W15                  OBUF (Prop_obuf_I_O)         2.915     4.119 r  led_OBUF[6]_inst/O
                         net (fo=0)                   0.000     4.119    led[6]
    W15                                                               r  led[6] (OUT)
  -------------------------------------------------------------------    -------------------

Slack:                    inf
  Source:                 rv64i59f_5sp/mem_wb_register/WB_instruction_reg[3]_lopt_replica/C
                            (rising edge-triggered cell FDCE clocked by clk_out1_clk_wiz_0  {rise@0.000ns fall@12.500ns period=25.000ns})
  Destination:            led[4]
                            (output port)
  Path Group:             (none)
  Path Type:              Max at Slow Process Corner
  Data Path Delay:        6.429ns  (logic 3.525ns (54.832%)  route 2.904ns (45.168%))
  Logic Levels:           1  (OBUF=1)
  Clock Uncertainty:      0.482ns  ((TSJ^2 + DJ^2)^1/2) / 2 + PE
    Total System Jitter     (TSJ):    0.050ns
    Discrete Jitter          (DJ):    0.338ns
    Phase Error              (PE):    0.311ns
  Timing Exception:       False Path

    Location             Delay type                Incr(ns)  Path(ns)    Netlist Resource(s)
  -------------------------------------------------------------------    -------------------
                         (clock clk_out1_clk_wiz_0 rise edge)
                                                      0.000     0.000 r  
    R4                                                0.000     0.000 r  clk (IN)
                         net (fo=0)                   0.000     0.000    clk_gen/inst/clk_in1
    R4                   IBUF (Prop_ibuf_I_O)         1.475     1.475 r  clk_gen/inst/clkin1_ibufg/O
                         net (fo=1, routed)           1.253     2.728    clk_gen/inst/clk_in1_clk_wiz_0
    PLLE2_ADV_X1Y2       PLLE2_ADV (Prop_plle2_adv_CLKIN1_CLKOUT0)
                                                     -8.953    -6.225 r  clk_gen/inst/plle2_adv_inst/CLKOUT0
                         net (fo=1, routed)           1.802    -4.422    clk_gen/inst/clk_out1_clk_wiz_0
    BUFGCTRL_X0Y0        BUFG (Prop_bufg_I_O)         0.096    -4.326 r  clk_gen/inst/clkout1_buf/O
                         net (fo=11618, routed)       1.923    -2.403    rv64i59f_5sp/mem_wb_register/clk_out1
    SLICE_X35Y69         FDCE                                         r  rv64i59f_5sp/mem_wb_register/WB_instruction_reg[3]_lopt_replica/C
  -------------------------------------------------------------------    -------------------
    SLICE_X35Y69         FDCE (Prop_fdce_C_Q)         0.419    -1.984 r  rv64i59f_5sp/mem_wb_register/WB_instruction_reg[3]_lopt_replica/Q
                         net (fo=1, routed)           2.904     0.920    lopt_3
    V15                  OBUF (Prop_obuf_I_O)         3.106     4.026 r  led_OBUF[4]_inst/O
                         net (fo=0)                   0.000     4.026    led[4]
    V15                                                               r  led[4] (OUT)
  -------------------------------------------------------------------    -------------------

Slack:                    inf
  Source:                 rv64i59f_5sp/mem_wb_register/WB_instruction_reg[1]_lopt_replica/C
                            (rising edge-triggered cell FDPE clocked by clk_out1_clk_wiz_0  {rise@0.000ns fall@12.500ns period=25.000ns})
  Destination:            led[2]
                            (output port)
  Path Group:             (none)
  Path Type:              Max at Slow Process Corner
  Data Path Delay:        6.394ns  (logic 3.509ns (54.882%)  route 2.885ns (45.118%))
  Logic Levels:           1  (OBUF=1)
  Clock Uncertainty:      0.482ns  ((TSJ^2 + DJ^2)^1/2) / 2 + PE
    Total System Jitter     (TSJ):    0.050ns
    Discrete Jitter          (DJ):    0.338ns
    Phase Error              (PE):    0.311ns
  Timing Exception:       False Path

    Location             Delay type                Incr(ns)  Path(ns)    Netlist Resource(s)
  -------------------------------------------------------------------    -------------------
                         (clock clk_out1_clk_wiz_0 rise edge)
                                                      0.000     0.000 r  
    R4                                                0.000     0.000 r  clk (IN)
                         net (fo=0)                   0.000     0.000    clk_gen/inst/clk_in1
    R4                   IBUF (Prop_ibuf_I_O)         1.475     1.475 r  clk_gen/inst/clkin1_ibufg/O
                         net (fo=1, routed)           1.253     2.728    clk_gen/inst/clk_in1_clk_wiz_0
    PLLE2_ADV_X1Y2       PLLE2_ADV (Prop_plle2_adv_CLKIN1_CLKOUT0)
                                                     -8.953    -6.225 r  clk_gen/inst/plle2_adv_inst/CLKOUT0
                         net (fo=1, routed)           1.802    -4.422    clk_gen/inst/clk_out1_clk_wiz_0
    BUFGCTRL_X0Y0        BUFG (Prop_bufg_I_O)         0.096    -4.326 r  clk_gen/inst/clkout1_buf/O
                         net (fo=11618, routed)       1.930    -2.396    rv64i59f_5sp/mem_wb_register/clk_out1
    SLICE_X31Y65         FDPE                                         r  rv64i59f_5sp/mem_wb_register/WB_instruction_reg[1]_lopt_replica/C
  -------------------------------------------------------------------    -------------------
    SLICE_X31Y65         FDPE (Prop_fdpe_C_Q)         0.419    -1.977 r  rv64i59f_5sp/mem_wb_register/WB_instruction_reg[1]_lopt_replica/Q
                         net (fo=1, routed)           2.885     0.908    lopt_1
    T16                  OBUF (Prop_obuf_I_O)         3.090     3.998 r  led_OBUF[2]_inst/O
                         net (fo=0)                   0.000     3.998    led[2]
    T16                                                               r  led[2] (OUT)
  -------------------------------------------------------------------    -------------------

Slack:                    inf
  Source:                 rv64i59f_5sp/mem_wb_register/WB_instruction_reg[4]_lopt_replica/C
                            (rising edge-triggered cell FDPE clocked by clk_out1_clk_wiz_0  {rise@0.000ns fall@12.500ns period=25.000ns})
  Destination:            led[5]
                            (output port)
  Path Group:             (none)
  Path Type:              Max at Slow Process Corner
  Data Path Delay:        6.240ns  (logic 3.515ns (56.322%)  route 2.726ns (43.678%))
  Logic Levels:           1  (OBUF=1)
  Clock Uncertainty:      0.482ns  ((TSJ^2 + DJ^2)^1/2) / 2 + PE
    Total System Jitter     (TSJ):    0.050ns
    Discrete Jitter          (DJ):    0.338ns
    Phase Error              (PE):    0.311ns
  Timing Exception:       False Path

    Location             Delay type                Incr(ns)  Path(ns)    Netlist Resource(s)
  -------------------------------------------------------------------    -------------------
                         (clock clk_out1_clk_wiz_0 rise edge)
                                                      0.000     0.000 r  
    R4                                                0.000     0.000 r  clk (IN)
                         net (fo=0)                   0.000     0.000    clk_gen/inst/clk_in1
    R4                   IBUF (Prop_ibuf_I_O)         1.475     1.475 r  clk_gen/inst/clkin1_ibufg/O
                         net (fo=1, routed)           1.253     2.728    clk_gen/inst/clk_in1_clk_wiz_0
    PLLE2_ADV_X1Y2       PLLE2_ADV (Prop_plle2_adv_CLKIN1_CLKOUT0)
                                                     -8.953    -6.225 r  clk_gen/inst/plle2_adv_inst/CLKOUT0
                         net (fo=1, routed)           1.802    -4.422    clk_gen/inst/clk_out1_clk_wiz_0
    BUFGCTRL_X0Y0        BUFG (Prop_bufg_I_O)         0.096    -4.326 r  clk_gen/inst/clkout1_buf/O
                         net (fo=11618, routed)       1.928    -2.398    rv64i59f_5sp/mem_wb_register/clk_out1
    SLICE_X28Y67         FDPE                                         r  rv64i59f_5sp/mem_wb_register/WB_instruction_reg[4]_lopt_replica/C
  -------------------------------------------------------------------    -------------------
    SLICE_X28Y67         FDPE (Prop_fdpe_C_Q)         0.419    -1.979 r  rv64i59f_5sp/mem_wb_register/WB_instruction_reg[4]_lopt_replica/Q
                         net (fo=1, routed)           2.726     0.747    lopt_4
    W16                  OBUF (Prop_obuf_I_O)         3.096     3.843 r  led_OBUF[5]_inst/O
                         net (fo=0)                   0.000     3.843    led[5]
    W16                                                               r  led[5] (OUT)
  -------------------------------------------------------------------    -------------------

Slack:                    inf
  Source:                 rv64i59f_5sp/mem_wb_register/WB_instruction_reg[2]_lopt_replica/C
                            (rising edge-triggered cell FDCE clocked by clk_out1_clk_wiz_0  {rise@0.000ns fall@12.500ns period=25.000ns})
  Destination:            led[3]
                            (output port)
  Path Group:             (none)
  Path Type:              Max at Slow Process Corner
  Data Path Delay:        6.132ns  (logic 3.511ns (57.265%)  route 2.620ns (42.735%))
  Logic Levels:           1  (OBUF=1)
  Clock Uncertainty:      0.482ns  ((TSJ^2 + DJ^2)^1/2) / 2 + PE
    Total System Jitter     (TSJ):    0.050ns
    Discrete Jitter          (DJ):    0.338ns
    Phase Error              (PE):    0.311ns
  Timing Exception:       False Path

    Location             Delay type                Incr(ns)  Path(ns)    Netlist Resource(s)
  -------------------------------------------------------------------    -------------------
                         (clock clk_out1_clk_wiz_0 rise edge)
                                                      0.000     0.000 r  
    R4                                                0.000     0.000 r  clk (IN)
                         net (fo=0)                   0.000     0.000    clk_gen/inst/clk_in1
    R4                   IBUF (Prop_ibuf_I_O)         1.475     1.475 r  clk_gen/inst/clkin1_ibufg/O
                         net (fo=1, routed)           1.253     2.728    clk_gen/inst/clk_in1_clk_wiz_0
    PLLE2_ADV_X1Y2       PLLE2_ADV (Prop_plle2_adv_CLKIN1_CLKOUT0)
                                                     -8.953    -6.225 r  clk_gen/inst/plle2_adv_inst/CLKOUT0
                         net (fo=1, routed)           1.802    -4.422    clk_gen/inst/clk_out1_clk_wiz_0
    BUFGCTRL_X0Y0        BUFG (Prop_bufg_I_O)         0.096    -4.326 r  clk_gen/inst/clkout1_buf/O
                         net (fo=11618, routed)       1.930    -2.396    rv64i59f_5sp/mem_wb_register/clk_out1
    SLICE_X34Y64         FDCE                                         r  rv64i59f_5sp/mem_wb_register/WB_instruction_reg[2]_lopt_replica/C
  -------------------------------------------------------------------    -------------------
    SLICE_X34Y64         FDCE (Prop_fdce_C_Q)         0.419    -1.977 r  rv64i59f_5sp/mem_wb_register/WB_instruction_reg[2]_lopt_replica/Q
                         net (fo=1, routed)           2.620     0.644    lopt_2
    U16                  OBUF (Prop_obuf_I_O)         3.092     3.736 r  led_OBUF[3]_inst/O
                         net (fo=0)                   0.000     3.736    led[3]
    U16                                                               r  led[3] (OUT)
  -------------------------------------------------------------------    -------------------





Min Delay Paths
--------------------------------------------------------------------------------------
Slack:                    inf
  Source:                 uart_tx/tx_reg/C
                            (rising edge-triggered cell FDPE clocked by clk_out1_clk_wiz_0  {rise@0.000ns fall@12.500ns period=25.000ns})
  Destination:            uart_tx_in
                            (output port)
  Path Group:             (none)
  Path Type:              Min at Fast Process Corner
  Data Path Delay:        2.069ns  (logic 1.410ns (68.141%)  route 0.659ns (31.859%))
  Logic Levels:           1  (OBUF=1)
  Clock Uncertainty:      0.482ns  ((TSJ^2 + DJ^2)^1/2) / 2 + PE
    Total System Jitter     (TSJ):    0.050ns
    Discrete Jitter          (DJ):    0.338ns
    Phase Error              (PE):    0.311ns
  Timing Exception:       False Path

    Location             Delay type                Incr(ns)  Path(ns)    Netlist Resource(s)
  -------------------------------------------------------------------    -------------------
                         (clock clk_out1_clk_wiz_0 rise edge)
                                                      0.000     0.000 r  
    R4                                                0.000     0.000 r  clk (IN)
                         net (fo=0)                   0.000     0.000    clk_gen/inst/clk_in1
    R4                   IBUF (Prop_ibuf_I_O)         0.243     0.243 r  clk_gen/inst/clkin1_ibufg/O
                         net (fo=1, routed)           0.440     0.683    clk_gen/inst/clk_in1_clk_wiz_0
    PLLE2_ADV_X1Y2       PLLE2_ADV (Prop_plle2_adv_CLKIN1_CLKOUT0)
                                                     -2.503    -1.819 r  clk_gen/inst/plle2_adv_inst/CLKOUT0
                         net (fo=1, routed)           0.546    -1.273    clk_gen/inst/clk_out1_clk_wiz_0
    BUFGCTRL_X0Y0        BUFG (Prop_bufg_I_O)         0.026    -1.247 r  clk_gen/inst/clkout1_buf/O
                         net (fo=11618, routed)       0.724    -0.523    uart_tx/clk_out1
    SLICE_X1Y97          FDPE                                         r  uart_tx/tx_reg/C
  -------------------------------------------------------------------    -------------------
    SLICE_X1Y97          FDPE (Prop_fdpe_C_Q)         0.141    -0.382 r  uart_tx/tx_reg/Q
                         net (fo=1, routed)           0.659     0.277    uart_tx_in_OBUF
    AA19                 OBUF (Prop_obuf_I_O)         1.269     1.546 r  uart_tx_in_OBUF_inst/O
                         net (fo=0)                   0.000     1.546    uart_tx_in
    AA19                                                              r  uart_tx_in (OUT)
  -------------------------------------------------------------------    -------------------

Slack:                    inf
  Source:                 rv64i59f_5sp/mem_wb_register/WB_instruction_reg[2]_lopt_replica/C
                            (rising edge-triggered cell FDCE clocked by clk_out1_clk_wiz_0  {rise@0.000ns fall@12.500ns period=25.000ns})
  Destination:            led[3]
                            (output port)
  Path Group:             (none)
  Path Type:              Min at Fast Process Corner
  Data Path Delay:        2.133ns  (logic 1.363ns (63.892%)  route 0.770ns (36.108%))
  Logic Levels:           1  (OBUF=1)
  Clock Uncertainty:      0.482ns  ((TSJ^2 + DJ^2)^1/2) / 2 + PE
    Total System Jitter     (TSJ):    0.050ns
    Discrete Jitter          (DJ):    0.338ns
    Phase Error              (PE):    0.311ns
  Timing Exception:       False Path

    Location             Delay type                Incr(ns)  Path(ns)    Netlist Resource(s)
  -------------------------------------------------------------------    -------------------
                         (clock clk_out1_clk_wiz_0 rise edge)
                                                      0.000     0.000 r  
    R4                                                0.000     0.000 r  clk (IN)
                         net (fo=0)                   0.000     0.000    clk_gen/inst/clk_in1
    R4                   IBUF (Prop_ibuf_I_O)         0.243     0.243 r  clk_gen/inst/clkin1_ibufg/O
                         net (fo=1, routed)           0.440     0.683    clk_gen/inst/clk_in1_clk_wiz_0
    PLLE2_ADV_X1Y2       PLLE2_ADV (Prop_plle2_adv_CLKIN1_CLKOUT0)
                                                     -2.503    -1.819 r  clk_gen/inst/plle2_adv_inst/CLKOUT0
                         net (fo=1, routed)           0.546    -1.273    clk_gen/inst/clk_out1_clk_wiz_0
    BUFGCTRL_X0Y0        BUFG (Prop_bufg_I_O)         0.026    -1.247 r  clk_gen/inst/clkout1_buf/O
                         net (fo=11618, routed)       0.681    -0.566    rv64i59f_5sp/mem_wb_register/clk_out1
    SLICE_X34Y64         FDCE                                         r  rv64i59f_5sp/mem_wb_register/WB_instruction_reg[2]_lopt_replica/C
  -------------------------------------------------------------------    -------------------
    SLICE_X34Y64         FDCE (Prop_fdce_C_Q)         0.128    -0.438 r  rv64i59f_5sp/mem_wb_register/WB_instruction_reg[2]_lopt_replica/Q
                         net (fo=1, routed)           0.770     0.332    lopt_2
    U16                  OBUF (Prop_obuf_I_O)         1.235     1.567 r  led_OBUF[3]_inst/O
                         net (fo=0)                   0.000     1.567    led[3]
    U16                                                               r  led[3] (OUT)
  -------------------------------------------------------------------    -------------------

Slack:                    inf
  Source:                 rv64i59f_5sp/mem_wb_register/WB_instruction_reg[4]_lopt_replica/C
                            (rising edge-triggered cell FDPE clocked by clk_out1_clk_wiz_0  {rise@0.000ns fall@12.500ns period=25.000ns})
  Destination:            led[5]
                            (output port)
  Path Group:             (none)
  Path Type:              Min at Fast Process Corner
  Data Path Delay:        2.236ns  (logic 1.367ns (61.110%)  route 0.870ns (38.890%))
  Logic Levels:           1  (OBUF=1)
  Clock Uncertainty:      0.482ns  ((TSJ^2 + DJ^2)^1/2) / 2 + PE
    Total System Jitter     (TSJ):    0.050ns
    Discrete Jitter          (DJ):    0.338ns
    Phase Error              (PE):    0.311ns
  Timing Exception:       False Path

    Location             Delay type                Incr(ns)  Path(ns)    Netlist Resource(s)
  -------------------------------------------------------------------    -------------------
                         (clock clk_out1_clk_wiz_0 rise edge)
                                                      0.000     0.000 r  
    R4                                                0.000     0.000 r  clk (IN)
                         net (fo=0)                   0.000     0.000    clk_gen/inst/clk_in1
    R4                   IBUF (Prop_ibuf_I_O)         0.243     0.243 r  clk_gen/inst/clkin1_ibufg/O
                         net (fo=1, routed)           0.440     0.683    clk_gen/inst/clk_in1_clk_wiz_0
    PLLE2_ADV_X1Y2       PLLE2_ADV (Prop_plle2_adv_CLKIN1_CLKOUT0)
                                                     -2.503    -1.819 r  clk_gen/inst/plle2_adv_inst/CLKOUT0
                         net (fo=1, routed)           0.546    -1.273    clk_gen/inst/clk_out1_clk_wiz_0
    BUFGCTRL_X0Y0        BUFG (Prop_bufg_I_O)         0.026    -1.247 r  clk_gen/inst/clkout1_buf/O
                         net (fo=11618, routed)       0.680    -0.567    rv64i59f_5sp/mem_wb_register/clk_out1
    SLICE_X28Y67         FDPE                                         r  rv64i59f_5sp/mem_wb_register/WB_instruction_reg[4]_lopt_replica/C
  -------------------------------------------------------------------    -------------------
    SLICE_X28Y67         FDPE (Prop_fdpe_C_Q)         0.128    -0.439 r  rv64i59f_5sp/mem_wb_register/WB_instruction_reg[4]_lopt_replica/Q
                         net (fo=1, routed)           0.870     0.430    lopt_4
    W16                  OBUF (Prop_obuf_I_O)         1.239     1.669 r  led_OBUF[5]_inst/O
                         net (fo=0)                   0.000     1.669    led[5]
    W16                                                               r  led[5] (OUT)
  -------------------------------------------------------------------    -------------------

Slack:                    inf
  Source:                 rv64i59f_5sp/mem_wb_register/WB_instruction_reg[1]_lopt_replica/C
                            (rising edge-triggered cell FDPE clocked by clk_out1_clk_wiz_0  {rise@0.000ns fall@12.500ns period=25.000ns})
  Destination:            led[2]
                            (output port)
  Path Group:             (none)
  Path Type:              Min at Fast Process Corner
  Data Path Delay:        2.273ns  (logic 1.361ns (59.881%)  route 0.912ns (40.119%))
  Logic Levels:           1  (OBUF=1)
  Clock Uncertainty:      0.482ns  ((TSJ^2 + DJ^2)^1/2) / 2 + PE
    Total System Jitter     (TSJ):    0.050ns
    Discrete Jitter          (DJ):    0.338ns
    Phase Error              (PE):    0.311ns
  Timing Exception:       False Path

    Location             Delay type                Incr(ns)  Path(ns)    Netlist Resource(s)
  -------------------------------------------------------------------    -------------------
                         (clock clk_out1_clk_wiz_0 rise edge)
                                                      0.000     0.000 r  
    R4                                                0.000     0.000 r  clk (IN)
                         net (fo=0)                   0.000     0.000    clk_gen/inst/clk_in1
    R4                   IBUF (Prop_ibuf_I_O)         0.243     0.243 r  clk_gen/inst/clkin1_ibufg/O
                         net (fo=1, routed)           0.440     0.683    clk_gen/inst/clk_in1_clk_wiz_0
    PLLE2_ADV_X1Y2       PLLE2_ADV (Prop_plle2_adv_CLKIN1_CLKOUT0)
                                                     -2.503    -1.819 r  clk_gen/inst/plle2_adv_inst/CLKOUT0
                         net (fo=1, routed)           0.546    -1.273    clk_gen/inst/clk_out1_clk_wiz_0
    BUFGCTRL_X0Y0        BUFG (Prop_bufg_I_O)         0.026    -1.247 r  clk_gen/inst/clkout1_buf/O
                         net (fo=11618, routed)       0.682    -0.565    rv64i59f_5sp/mem_wb_register/clk_out1
    SLICE_X31Y65         FDPE                                         r  rv64i59f_5sp/mem_wb_register/WB_instruction_reg[1]_lopt_replica/C
  -------------------------------------------------------------------    -------------------
    SLICE_X31Y65         FDPE (Prop_fdpe_C_Q)         0.128    -0.437 r  rv64i59f_5sp/mem_wb_register/WB_instruction_reg[1]_lopt_replica/Q
                         net (fo=1, routed)           0.912     0.475    lopt_1
    T16                  OBUF (Prop_obuf_I_O)         1.233     1.708 r  led_OBUF[2]_inst/O
                         net (fo=0)                   0.000     1.708    led[2]
    T16                                                               r  led[2] (OUT)
  -------------------------------------------------------------------    -------------------

Slack:                    inf
  Source:                 rv64i59f_5sp/mem_wb_register/WB_instruction_reg[3]_lopt_replica/C
                            (rising edge-triggered cell FDCE clocked by clk_out1_clk_wiz_0  {rise@0.000ns fall@12.500ns period=25.000ns})
  Destination:            led[4]
                            (output port)
  Path Group:             (none)
  Path Type:              Min at Fast Process Corner
  Data Path Delay:        2.303ns  (logic 1.377ns (59.795%)  route 0.926ns (40.205%))
  Logic Levels:           1  (OBUF=1)
  Clock Uncertainty:      0.482ns  ((TSJ^2 + DJ^2)^1/2) / 2 + PE
    Total System Jitter     (TSJ):    0.050ns
    Discrete Jitter          (DJ):    0.338ns
    Phase Error              (PE):    0.311ns
  Timing Exception:       False Path

    Location             Delay type                Incr(ns)  Path(ns)    Netlist Resource(s)
  -------------------------------------------------------------------    -------------------
                         (clock clk_out1_clk_wiz_0 rise edge)
                                                      0.000     0.000 r  
    R4                                                0.000     0.000 r  clk (IN)
                         net (fo=0)                   0.000     0.000    clk_gen/inst/clk_in1
    R4                   IBUF (Prop_ibuf_I_O)         0.243     0.243 r  clk_gen/inst/clkin1_ibufg/O
                         net (fo=1, routed)           0.440     0.683    clk_gen/inst/clk_in1_clk_wiz_0
    PLLE2_ADV_X1Y2       PLLE2_ADV (Prop_plle2_adv_CLKIN1_CLKOUT0)
                                                     -2.503    -1.819 r  clk_gen/inst/plle2_adv_inst/CLKOUT0
                         net (fo=1, routed)           0.546    -1.273    clk_gen/inst/clk_out1_clk_wiz_0
    BUFGCTRL_X0Y0        BUFG (Prop_bufg_I_O)         0.026    -1.247 r  clk_gen/inst/clkout1_buf/O
                         net (fo=11618, routed)       0.677    -0.570    rv64i59f_5sp/mem_wb_register/clk_out1
    SLICE_X35Y69         FDCE                                         r  rv64i59f_5sp/mem_wb_register/WB_instruction_reg[3]_lopt_replica/C
  -------------------------------------------------------------------    -------------------
    SLICE_X35Y69         FDCE (Prop_fdce_C_Q)         0.128    -0.442 r  rv64i59f_5sp/mem_wb_register/WB_instruction_reg[3]_lopt_replica/Q
                         net (fo=1, routed)           0.926     0.484    lopt_3
    V15                  OBUF (Prop_obuf_I_O)         1.249     1.733 r  led_OBUF[4]_inst/O
                         net (fo=0)                   0.000     1.733    led[4]
    V15                                                               r  led[4] (OUT)
  -------------------------------------------------------------------    -------------------

Slack:                    inf
  Source:                 rv64i59f_5sp/mem_wb_register/WB_instruction_reg[5]_lopt_replica/C
                            (rising edge-triggered cell FDCE clocked by clk_out1_clk_wiz_0  {rise@0.000ns fall@12.500ns period=25.000ns})
  Destination:            led[6]
                            (output port)
  Path Group:             (none)
  Path Type:              Min at Fast Process Corner
  Data Path Delay:        2.338ns  (logic 1.320ns (56.467%)  route 1.018ns (43.533%))
  Logic Levels:           1  (OBUF=1)
  Clock Uncertainty:      0.482ns  ((TSJ^2 + DJ^2)^1/2) / 2 + PE
    Total System Jitter     (TSJ):    0.050ns
    Discrete Jitter          (DJ):    0.338ns
    Phase Error              (PE):    0.311ns
  Timing Exception:       False Path

    Location             Delay type                Incr(ns)  Path(ns)    Netlist Resource(s)
  -------------------------------------------------------------------    -------------------
                         (clock clk_out1_clk_wiz_0 rise edge)
                                                      0.000     0.000 r  
    R4                                                0.000     0.000 r  clk (IN)
                         net (fo=0)                   0.000     0.000    clk_gen/inst/clk_in1
    R4                   IBUF (Prop_ibuf_I_O)         0.243     0.243 r  clk_gen/inst/clkin1_ibufg/O
                         net (fo=1, routed)           0.440     0.683    clk_gen/inst/clk_in1_clk_wiz_0
    PLLE2_ADV_X1Y2       PLLE2_ADV (Prop_plle2_adv_CLKIN1_CLKOUT0)
                                                     -2.503    -1.819 r  clk_gen/inst/plle2_adv_inst/CLKOUT0
                         net (fo=1, routed)           0.546    -1.273    clk_gen/inst/clk_out1_clk_wiz_0
    BUFGCTRL_X0Y0        BUFG (Prop_bufg_I_O)         0.026    -1.247 r  clk_gen/inst/clkout1_buf/O
                         net (fo=11618, routed)       0.677    -0.570    rv64i59f_5sp/mem_wb_register/clk_out1
    SLICE_X35Y69         FDCE                                         r  rv64i59f_5sp/mem_wb_register/WB_instruction_reg[5]_lopt_replica/C
  -------------------------------------------------------------------    -------------------
    SLICE_X35Y69         FDCE (Prop_fdce_C_Q)         0.141    -0.429 r  rv64i59f_5sp/mem_wb_register/WB_instruction_reg[5]_lopt_replica/Q
                         net (fo=1, routed)           1.018     0.589    lopt_5
    W15                  OBUF (Prop_obuf_I_O)         1.179     1.768 r  led_OBUF[6]_inst/O
                         net (fo=0)                   0.000     1.768    led[6]
    W15                                                               r  led[6] (OUT)
  -------------------------------------------------------------------    -------------------

Slack:                    inf
  Source:                 rv64i59f_5sp/mem_wb_register/WB_instruction_reg[6]_lopt_replica/C
                            (rising edge-triggered cell FDCE clocked by clk_out1_clk_wiz_0  {rise@0.000ns fall@12.500ns period=25.000ns})
  Destination:            led[7]
                            (output port)
  Path Group:             (none)
  Path Type:              Min at Fast Process Corner
  Data Path Delay:        2.623ns  (logic 1.413ns (53.871%)  route 1.210ns (46.129%))
  Logic Levels:           1  (OBUF=1)
  Clock Uncertainty:      0.482ns  ((TSJ^2 + DJ^2)^1/2) / 2 + PE
    Total System Jitter     (TSJ):    0.050ns
    Discrete Jitter          (DJ):    0.338ns
    Phase Error              (PE):    0.311ns
  Timing Exception:       False Path

    Location             Delay type                Incr(ns)  Path(ns)    Netlist Resource(s)
  -------------------------------------------------------------------    -------------------
                         (clock clk_out1_clk_wiz_0 rise edge)
                                                      0.000     0.000 r  
    R4                                                0.000     0.000 r  clk (IN)
                         net (fo=0)                   0.000     0.000    clk_gen/inst/clk_in1
    R4                   IBUF (Prop_ibuf_I_O)         0.243     0.243 r  clk_gen/inst/clkin1_ibufg/O
                         net (fo=1, routed)           0.440     0.683    clk_gen/inst/clk_in1_clk_wiz_0
    PLLE2_ADV_X1Y2       PLLE2_ADV (Prop_plle2_adv_CLKIN1_CLKOUT0)
                                                     -2.503    -1.819 r  clk_gen/inst/plle2_adv_inst/CLKOUT0
                         net (fo=1, routed)           0.546    -1.273    clk_gen/inst/clk_out1_clk_wiz_0
    BUFGCTRL_X0Y0        BUFG (Prop_bufg_I_O)         0.026    -1.247 r  clk_gen/inst/clkout1_buf/O
                         net (fo=11618, routed)       0.680    -0.567    rv64i59f_5sp/mem_wb_register/clk_out1
    SLICE_X35Y66         FDCE                                         r  rv64i59f_5sp/mem_wb_register/WB_instruction_reg[6]_lopt_replica/C
  -------------------------------------------------------------------    -------------------
    SLICE_X35Y66         FDCE (Prop_fdce_C_Q)         0.128    -0.439 r  rv64i59f_5sp/mem_wb_register/WB_instruction_reg[6]_lopt_replica/Q
                         net (fo=1, routed)           1.210     0.771    lopt_6
    Y13                  OBUF (Prop_obuf_I_O)         1.285     2.056 r  led_OBUF[7]_inst/O
                         net (fo=0)                   0.000     2.056    led[7]
    Y13                                                               r  led[7] (OUT)
  -------------------------------------------------------------------    -------------------

Slack:                    inf
  Source:                 rv64i59f_5sp/mem_wb_register/WB_instruction_reg[0]_lopt_replica/C
                            (rising edge-triggered cell FDPE clocked by clk_out1_clk_wiz_0  {rise@0.000ns fall@12.500ns period=25.000ns})
  Destination:            led[1]
                            (output port)
  Path Group:             (none)
  Path Type:              Min at Fast Process Corner
  Data Path Delay:        2.839ns  (logic 1.354ns (47.673%)  route 1.486ns (52.327%))
  Logic Levels:           1  (OBUF=1)
  Clock Uncertainty:      0.482ns  ((TSJ^2 + DJ^2)^1/2) / 2 + PE
    Total System Jitter     (TSJ):    0.050ns
    Discrete Jitter          (DJ):    0.338ns
    Phase Error              (PE):    0.311ns
  Timing Exception:       False Path

    Location             Delay type                Incr(ns)  Path(ns)    Netlist Resource(s)
  -------------------------------------------------------------------    -------------------
                         (clock clk_out1_clk_wiz_0 rise edge)
                                                      0.000     0.000 r  
    R4                                                0.000     0.000 r  clk (IN)
                         net (fo=0)                   0.000     0.000    clk_gen/inst/clk_in1
    R4                   IBUF (Prop_ibuf_I_O)         0.243     0.243 r  clk_gen/inst/clkin1_ibufg/O
                         net (fo=1, routed)           0.440     0.683    clk_gen/inst/clk_in1_clk_wiz_0
    PLLE2_ADV_X1Y2       PLLE2_ADV (Prop_plle2_adv_CLKIN1_CLKOUT0)
                                                     -2.503    -1.819 r  clk_gen/inst/plle2_adv_inst/CLKOUT0
                         net (fo=1, routed)           0.546    -1.273    clk_gen/inst/clk_out1_clk_wiz_0
    BUFGCTRL_X0Y0        BUFG (Prop_bufg_I_O)         0.026    -1.247 r  clk_gen/inst/clkout1_buf/O
                         net (fo=11618, routed)       0.642    -0.605    rv64i59f_5sp/mem_wb_register/clk_out1
    SLICE_X63Y66         FDPE                                         r  rv64i59f_5sp/mem_wb_register/WB_instruction_reg[0]_lopt_replica/C
  -------------------------------------------------------------------    -------------------
    SLICE_X63Y66         FDPE (Prop_fdpe_C_Q)         0.141    -0.464 r  rv64i59f_5sp/mem_wb_register/WB_instruction_reg[0]_lopt_replica/Q
                         net (fo=1, routed)           1.486     1.022    lopt
    T15                  OBUF (Prop_obuf_I_O)         1.213     2.234 r  led_OBUF[1]_inst/O
                         net (fo=0)                   0.000     2.234    led[1]
    T15                                                               r  led[1] (OUT)
  -------------------------------------------------------------------    -------------------

Slack:                    inf
  Source:                 cpu_clk_enable_reg/C
                            (rising edge-triggered cell FDCE clocked by clk_out1_clk_wiz_0  {rise@0.000ns fall@12.500ns period=25.000ns})
  Destination:            led[0]
                            (output port)
  Path Group:             (none)
  Path Type:              Min at Fast Process Corner
  Data Path Delay:        5.232ns  (logic 1.530ns (29.246%)  route 3.702ns (70.754%))
  Logic Levels:           2  (LUT1=1 OBUF=1)
  Clock Uncertainty:      0.482ns  ((TSJ^2 + DJ^2)^1/2) / 2 + PE
    Total System Jitter     (TSJ):    0.050ns
    Discrete Jitter          (DJ):    0.338ns
    Phase Error              (PE):    0.311ns
  Timing Exception:       False Path

    Location             Delay type                Incr(ns)  Path(ns)    Netlist Resource(s)
  -------------------------------------------------------------------    -------------------
                         (clock clk_out1_clk_wiz_0 rise edge)
                                                      0.000     0.000 r  
    R4                                                0.000     0.000 r  clk (IN)
                         net (fo=0)                   0.000     0.000    clk_gen/inst/clk_in1
    R4                   IBUF (Prop_ibuf_I_O)         0.243     0.243 r  clk_gen/inst/clkin1_ibufg/O
                         net (fo=1, routed)           0.440     0.683    clk_gen/inst/clk_in1_clk_wiz_0
    PLLE2_ADV_X1Y2       PLLE2_ADV (Prop_plle2_adv_CLKIN1_CLKOUT0)
                                                     -2.503    -1.819 r  clk_gen/inst/plle2_adv_inst/CLKOUT0
                         net (fo=1, routed)           0.546    -1.273    clk_gen/inst/clk_out1_clk_wiz_0
    BUFGCTRL_X0Y0        BUFG (Prop_bufg_I_O)         0.026    -1.247 r  clk_gen/inst/clkout1_buf/O
                         net (fo=11618, routed)       0.614    -0.634    clk_cpu
    SLICE_X20Y127        FDCE                                         r  cpu_clk_enable_reg/C
  -------------------------------------------------------------------    -------------------
    SLICE_X20Y127        FDCE (Prop_fdce_C_Q)         0.148    -0.486 f  cpu_clk_enable_reg/Q
                         net (fo=698, routed)         3.313     2.827    cpu_clk_enable
    SLICE_X7Y72          LUT1 (Prop_lut1_I0_O)        0.098     2.925 r  led_OBUF[0]_inst_i_1/O
                         net (fo=1, routed)           0.389     3.314    led_OBUF[0]
    T14                  OBUF (Prop_obuf_I_O)         1.284     4.599 r  led_OBUF[0]_inst/O
                         net (fo=0)                   0.000     4.599    led[0]
    T14                                                               r  led[0] (OUT)
  -------------------------------------------------------------------    -------------------





--------------------------------------------------------------------------------------
Path Group:  (none)
From Clock:  
  To Clock:  clk_out1_clk_wiz_0

Max Delay             4 Endpoints
Min Delay             4 Endpoints
--------------------------------------------------------------------------------------


Max Delay Paths
--------------------------------------------------------------------------------------
Slack:                    inf
  Source:                 reset_n
                            (input port)
  Destination:            reset_sync_reg[0]/PRE
                            (recovery check against rising-edge clock clk_out1_clk_wiz_0  {rise@0.000ns fall@12.500ns period=25.000ns})
  Path Group:             (none)
  Path Type:              Recovery (Max at Slow Process Corner)
  Data Path Delay:        5.955ns  (logic 1.093ns (18.350%)  route 4.862ns (81.650%))
  Logic Levels:           2  (IBUF=1 LUT1=1)
  Clock Path Skew:        -2.259ns (DCD - SCD + CPR)
    Destination Clock Delay (DCD):    -2.259ns
    Source Clock Delay      (SCD):    0.000ns
    Clock Pessimism Removal (CPR):    0.000ns
  Clock Uncertainty:      0.482ns  ((TSJ^2 + DJ^2)^1/2) / 2 + PE
    Total System Jitter     (TSJ):    0.050ns
    Discrete Jitter          (DJ):    0.338ns
    Phase Error              (PE):    0.311ns
  Timing Exception:       False Path

    Location             Delay type                Incr(ns)  Path(ns)    Netlist Resource(s)
  -------------------------------------------------------------------    -------------------
    G4                                                0.000     0.000 r  reset_n (IN)
                         net (fo=0)                   0.000     0.000    reset_n
    G4                   IBUF (Prop_ibuf_I_O)         0.969     0.969 r  reset_n_IBUF_inst/O
                         net (fo=2, routed)           4.333     5.302    reset_n_IBUF
    SLICE_X48Y144        LUT1 (Prop_lut1_I0_O)        0.124     5.426 f  clk_gen_i_1/O
                         net (fo=3, routed)           0.529     5.955    reset
    SLICE_X48Y144        FDPE                                         f  reset_sync_reg[0]/PRE
  -------------------------------------------------------------------    -------------------

                         (clock clk_out1_clk_wiz_0 rise edge)
                                                      0.000     0.000 r  
    R4                                                0.000     0.000 r  clk (IN)
                         net (fo=0)                   0.000     0.000    clk_gen/inst/clk_in1
    R4                   IBUF (Prop_ibuf_I_O)         1.405     1.405 r  clk_gen/inst/clkin1_ibufg/O
                         net (fo=1, routed)           1.181     2.586    clk_gen/inst/clk_in1_clk_wiz_0
    PLLE2_ADV_X1Y2       PLLE2_ADV (Prop_plle2_adv_CLKIN1_CLKOUT0)
                                                     -8.206    -5.620 r  clk_gen/inst/plle2_adv_inst/CLKOUT0
                         net (fo=1, routed)           1.718    -3.902    clk_gen/inst/clk_out1_clk_wiz_0
    BUFGCTRL_X0Y0        BUFG (Prop_bufg_I_O)         0.091    -3.811 r  clk_gen/inst/clkout1_buf/O
                         net (fo=11618, routed)       1.551    -2.259    clk_cpu
    SLICE_X48Y144        FDPE                                         r  reset_sync_reg[0]/C

Slack:                    inf
  Source:                 reset_n
                            (input port)
  Destination:            reset_sync_reg[1]/PRE
                            (recovery check against rising-edge clock clk_out1_clk_wiz_0  {rise@0.000ns fall@12.500ns period=25.000ns})
  Path Group:             (none)
  Path Type:              Recovery (Max at Slow Process Corner)
  Data Path Delay:        5.955ns  (logic 1.093ns (18.350%)  route 4.862ns (81.650%))
  Logic Levels:           2  (IBUF=1 LUT1=1)
  Clock Path Skew:        -2.259ns (DCD - SCD + CPR)
    Destination Clock Delay (DCD):    -2.259ns
    Source Clock Delay      (SCD):    0.000ns
    Clock Pessimism Removal (CPR):    0.000ns
  Clock Uncertainty:      0.482ns  ((TSJ^2 + DJ^2)^1/2) / 2 + PE
    Total System Jitter     (TSJ):    0.050ns
    Discrete Jitter          (DJ):    0.338ns
    Phase Error              (PE):    0.311ns
  Timing Exception:       False Path

    Location             Delay type                Incr(ns)  Path(ns)    Netlist Resource(s)
  -------------------------------------------------------------------    -------------------
    G4                                                0.000     0.000 r  reset_n (IN)
                         net (fo=0)                   0.000     0.000    reset_n
    G4                   IBUF (Prop_ibuf_I_O)         0.969     0.969 r  reset_n_IBUF_inst/O
                         net (fo=2, routed)           4.333     5.302    reset_n_IBUF
    SLICE_X48Y144        LUT1 (Prop_lut1_I0_O)        0.124     5.426 f  clk_gen_i_1/O
                         net (fo=3, routed)           0.529     5.955    reset
    SLICE_X48Y144        FDPE                                         f  reset_sync_reg[1]/PRE
  -------------------------------------------------------------------    -------------------

                         (clock clk_out1_clk_wiz_0 rise edge)
                                                      0.000     0.000 r  
    R4                                                0.000     0.000 r  clk (IN)
                         net (fo=0)                   0.000     0.000    clk_gen/inst/clk_in1
    R4                   IBUF (Prop_ibuf_I_O)         1.405     1.405 r  clk_gen/inst/clkin1_ibufg/O
                         net (fo=1, routed)           1.181     2.586    clk_gen/inst/clk_in1_clk_wiz_0
    PLLE2_ADV_X1Y2       PLLE2_ADV (Prop_plle2_adv_CLKIN1_CLKOUT0)
                                                     -8.206    -5.620 r  clk_gen/inst/plle2_adv_inst/CLKOUT0
                         net (fo=1, routed)           1.718    -3.902    clk_gen/inst/clk_out1_clk_wiz_0
    BUFGCTRL_X0Y0        BUFG (Prop_bufg_I_O)         0.091    -3.811 r  clk_gen/inst/clkout1_buf/O
                         net (fo=11618, routed)       1.551    -2.259    clk_cpu
    SLICE_X48Y144        FDPE                                         r  reset_sync_reg[1]/C

Slack:                    inf
  Source:                 reset_n
                            (input port)
  Destination:            reset_sync_reg[2]/PRE
                            (recovery check against rising-edge clock clk_out1_clk_wiz_0  {rise@0.000ns fall@12.500ns period=25.000ns})
  Path Group:             (none)
  Path Type:              Recovery (Max at Slow Process Corner)
  Data Path Delay:        5.955ns  (logic 1.093ns (18.350%)  route 4.862ns (81.650%))
  Logic Levels:           2  (IBUF=1 LUT1=1)
  Clock Path Skew:        -2.259ns (DCD - SCD + CPR)
    Destination Clock Delay (DCD):    -2.259ns
    Source Clock Delay      (SCD):    0.000ns
    Clock Pessimism Removal (CPR):    0.000ns
  Clock Uncertainty:      0.482ns  ((TSJ^2 + DJ^2)^1/2) / 2 + PE
    Total System Jitter     (TSJ):    0.050ns
    Discrete Jitter          (DJ):    0.338ns
    Phase Error              (PE):    0.311ns
  Timing Exception:       False Path

    Location             Delay type                Incr(ns)  Path(ns)    Netlist Resource(s)
  -------------------------------------------------------------------    -------------------
    G4                                                0.000     0.000 r  reset_n (IN)
                         net (fo=0)                   0.000     0.000    reset_n
    G4                   IBUF (Prop_ibuf_I_O)         0.969     0.969 r  reset_n_IBUF_inst/O
                         net (fo=2, routed)           4.333     5.302    reset_n_IBUF
    SLICE_X48Y144        LUT1 (Prop_lut1_I0_O)        0.124     5.426 f  clk_gen_i_1/O
                         net (fo=3, routed)           0.529     5.955    reset
    SLICE_X48Y144        FDPE                                         f  reset_sync_reg[2]/PRE
  -------------------------------------------------------------------    -------------------

                         (clock clk_out1_clk_wiz_0 rise edge)
                                                      0.000     0.000 r  
    R4                                                0.000     0.000 r  clk (IN)
                         net (fo=0)                   0.000     0.000    clk_gen/inst/clk_in1
    R4                   IBUF (Prop_ibuf_I_O)         1.405     1.405 r  clk_gen/inst/clkin1_ibufg/O
                         net (fo=1, routed)           1.181     2.586    clk_gen/inst/clk_in1_clk_wiz_0
    PLLE2_ADV_X1Y2       PLLE2_ADV (Prop_plle2_adv_CLKIN1_CLKOUT0)
                                                     -8.206    -5.620 r  clk_gen/inst/plle2_adv_inst/CLKOUT0
                         net (fo=1, routed)           1.718    -3.902    clk_gen/inst/clk_out1_clk_wiz_0
    BUFGCTRL_X0Y0        BUFG (Prop_bufg_I_O)         0.091    -3.811 r  clk_gen/inst/clkout1_buf/O
                         net (fo=11618, routed)       1.551    -2.259    clk_cpu
    SLICE_X48Y144        FDPE                                         r  reset_sync_reg[2]/C

Slack:                    inf
  Source:                 btn_up
                            (input port)
  Destination:            unified_uart_controller/btn_sync_reg[0]/D
                            (rising edge-triggered cell FDCE clocked by clk_out1_clk_wiz_0  {rise@0.000ns fall@12.500ns period=25.000ns})
  Path Group:             (none)
  Path Type:              Setup (Max at Slow Process Corner)
  Data Path Delay:        5.495ns  (logic 1.069ns (19.463%)  route 4.425ns (80.537%))
  Logic Levels:           1  (IBUF=1)
  Clock Path Skew:        -2.166ns (DCD - SCD + CPR)
    Destination Clock Delay (DCD):    -2.166ns
    Source Clock Delay      (SCD):    0.000ns
    Clock Pessimism Removal (CPR):    0.000ns
  Clock Uncertainty:      0.482ns  ((TSJ^2 + DJ^2)^1/2) / 2 + PE
    Total System Jitter     (TSJ):    0.050ns
    Discrete Jitter          (DJ):    0.338ns
    Phase Error              (PE):    0.311ns
  Timing Exception:       False Path

    Location             Delay type                Incr(ns)  Path(ns)    Netlist Resource(s)
  -------------------------------------------------------------------    -------------------
    F15                                               0.000     0.000 r  btn_up (IN)
                         net (fo=0)                   0.000     0.000    btn_up
    F15                  IBUF (Prop_ibuf_I_O)         1.069     1.069 r  btn_up_IBUF_inst/O
                         net (fo=1, routed)           4.425     5.495    unified_uart_controller/D[0]
    SLICE_X19Y132        FDCE                                         r  unified_uart_controller/btn_sync_reg[0]/D
  -------------------------------------------------------------------    -------------------

                         (clock clk_out1_clk_wiz_0 rise edge)
                                                      0.000     0.000 r  
    R4                                                0.000     0.000 r  clk (IN)
                         net (fo=0)                   0.000     0.000    clk_gen/inst/clk_in1
    R4                   IBUF (Prop_ibuf_I_O)         1.405     1.405 r  clk_gen/inst/clkin1_ibufg/O
                         net (fo=1, routed)           1.181     2.586    clk_gen/inst/clk_in1_clk_wiz_0
    PLLE2_ADV_X1Y2       PLLE2_ADV (Prop_plle2_adv_CLKIN1_CLKOUT0)
                                                     -8.206    -5.620 r  clk_gen/inst/plle2_adv_inst/CLKOUT0
                         net (fo=1, routed)           1.718    -3.902    clk_gen/inst/clk_out1_clk_wiz_0
    BUFGCTRL_X0Y0        BUFG (Prop_bufg_I_O)         0.091    -3.811 r  clk_gen/inst/clkout1_buf/O
                         net (fo=11618, routed)       1.644    -2.166    unified_uart_controller/clk_out1
    SLICE_X19Y132        FDCE                                         r  unified_uart_controller/btn_sync_reg[0]/C





Min Delay Paths
--------------------------------------------------------------------------------------
Slack:                    inf
  Source:                 btn_up
                            (input port)
  Destination:            unified_uart_controller/btn_sync_reg[0]/D
                            (rising edge-triggered cell FDCE clocked by clk_out1_clk_wiz_0  {rise@0.000ns fall@12.500ns period=25.000ns})
  Path Group:             (none)
  Path Type:              Hold (Min at Fast Process Corner)
  Data Path Delay:        2.028ns  (logic 0.193ns (9.541%)  route 1.834ns (90.459%))
  Logic Levels:           1  (IBUF=1)
  Clock Path Skew:        -0.403ns (DCD - SCD - CPR)
    Destination Clock Delay (DCD):    -0.403ns
    Source Clock Delay      (SCD):    0.000ns
    Clock Pessimism Removal (CPR):    -0.000ns
  Timing Exception:       False Path

    Location             Delay type                Incr(ns)  Path(ns)    Netlist Resource(s)
  -------------------------------------------------------------------    -------------------
    F15                                               0.000     0.000 r  btn_up (IN)
                         net (fo=0)                   0.000     0.000    btn_up
    F15                  IBUF (Prop_ibuf_I_O)         0.193     0.193 r  btn_up_IBUF_inst/O
                         net (fo=1, routed)           1.834     2.028    unified_uart_controller/D[0]
    SLICE_X19Y132        FDCE                                         r  unified_uart_controller/btn_sync_reg[0]/D
  -------------------------------------------------------------------    -------------------

                         (clock clk_out1_clk_wiz_0 rise edge)
                                                      0.000     0.000 r  
    R4                                                0.000     0.000 r  clk (IN)
                         net (fo=0)                   0.000     0.000    clk_gen/inst/clk_in1
    R4                   IBUF (Prop_ibuf_I_O)         0.431     0.431 r  clk_gen/inst/clkin1_ibufg/O
                         net (fo=1, routed)           0.481     0.912    clk_gen/inst/clk_in1_clk_wiz_0
    PLLE2_ADV_X1Y2       PLLE2_ADV (Prop_plle2_adv_CLKIN1_CLKOUT0)
                                                     -2.828    -1.916 r  clk_gen/inst/plle2_adv_inst/CLKOUT0
                         net (fo=1, routed)           0.595    -1.322    clk_gen/inst/clk_out1_clk_wiz_0
    BUFGCTRL_X0Y0        BUFG (Prop_bufg_I_O)         0.029    -1.293 r  clk_gen/inst/clkout1_buf/O
                         net (fo=11618, routed)       0.890    -0.403    unified_uart_controller/clk_out1
    SLICE_X19Y132        FDCE                                         r  unified_uart_controller/btn_sync_reg[0]/C

Slack:                    inf
  Source:                 reset_n
                            (input port)
  Destination:            reset_sync_reg[0]/PRE
                            (removal check against rising-edge clock clk_out1_clk_wiz_0  {rise@0.000ns fall@12.500ns period=25.000ns})
  Path Group:             (none)
  Path Type:              Removal (Min at Fast Process Corner)
  Data Path Delay:        2.238ns  (logic 0.171ns (7.635%)  route 2.067ns (92.365%))
  Logic Levels:           2  (IBUF=1 LUT1=1)
  Clock Path Skew:        -0.437ns (DCD - SCD - CPR)
    Destination Clock Delay (DCD):    -0.437ns
    Source Clock Delay      (SCD):    0.000ns
    Clock Pessimism Removal (CPR):    -0.000ns
  Timing Exception:       False Path

    Location             Delay type                Incr(ns)  Path(ns)    Netlist Resource(s)
  -------------------------------------------------------------------    -------------------
    G4                                                0.000     0.000 r  reset_n (IN)
                         net (fo=0)                   0.000     0.000    reset_n
    G4                   IBUF (Prop_ibuf_I_O)         0.126     0.126 r  reset_n_IBUF_inst/O
                         net (fo=2, routed)           1.892     2.018    reset_n_IBUF
    SLICE_X48Y144        LUT1 (Prop_lut1_I0_O)        0.045     2.063 f  clk_gen_i_1/O
                         net (fo=3, routed)           0.175     2.238    reset
    SLICE_X48Y144        FDPE                                         f  reset_sync_reg[0]/PRE
  -------------------------------------------------------------------    -------------------

                         (clock clk_out1_clk_wiz_0 rise edge)
                                                      0.000     0.000 r  
    R4                                                0.000     0.000 r  clk (IN)
                         net (fo=0)                   0.000     0.000    clk_gen/inst/clk_in1
    R4                   IBUF (Prop_ibuf_I_O)         0.431     0.431 r  clk_gen/inst/clkin1_ibufg/O
                         net (fo=1, routed)           0.481     0.912    clk_gen/inst/clk_in1_clk_wiz_0
    PLLE2_ADV_X1Y2       PLLE2_ADV (Prop_plle2_adv_CLKIN1_CLKOUT0)
                                                     -2.828    -1.916 r  clk_gen/inst/plle2_adv_inst/CLKOUT0
                         net (fo=1, routed)           0.595    -1.322    clk_gen/inst/clk_out1_clk_wiz_0
    BUFGCTRL_X0Y0        BUFG (Prop_bufg_I_O)         0.029    -1.293 r  clk_gen/inst/clkout1_buf/O
                         net (fo=11618, routed)       0.856    -0.437    clk_cpu
    SLICE_X48Y144        FDPE                                         r  reset_sync_reg[0]/C

Slack:                    inf
  Source:                 reset_n
                            (input port)
  Destination:            reset_sync_reg[1]/PRE
                            (removal check against rising-edge clock clk_out1_clk_wiz_0  {rise@0.000ns fall@12.500ns period=25.000ns})
  Path Group:             (none)
  Path Type:              Removal (Min at Fast Process Corner)
  Data Path Delay:        2.238ns  (logic 0.171ns (7.635%)  route 2.067ns (92.365%))
  Logic Levels:           2  (IBUF=1 LUT1=1)
  Clock Path Skew:        -0.437ns (DCD - SCD - CPR)
    Destination Clock Delay (DCD):    -0.437ns
    Source Clock Delay      (SCD):    0.000ns
    Clock Pessimism Removal (CPR):    -0.000ns
  Timing Exception:       False Path

    Location             Delay type                Incr(ns)  Path(ns)    Netlist Resource(s)
  -------------------------------------------------------------------    -------------------
    G4                                                0.000     0.000 r  reset_n (IN)
                         net (fo=0)                   0.000     0.000    reset_n
    G4                   IBUF (Prop_ibuf_I_O)         0.126     0.126 r  reset_n_IBUF_inst/O
                         net (fo=2, routed)           1.892     2.018    reset_n_IBUF
    SLICE_X48Y144        LUT1 (Prop_lut1_I0_O)        0.045     2.063 f  clk_gen_i_1/O
                         net (fo=3, routed)           0.175     2.238    reset
    SLICE_X48Y144        FDPE                                         f  reset_sync_reg[1]/PRE
  -------------------------------------------------------------------    -------------------

                         (clock clk_out1_clk_wiz_0 rise edge)
                                                      0.000     0.000 r  
    R4                                                0.000     0.000 r  clk (IN)
                         net (fo=0)                   0.000     0.000    clk_gen/inst/clk_in1
    R4                   IBUF (Prop_ibuf_I_O)         0.431     0.431 r  clk_gen/inst/clkin1_ibufg/O
                         net (fo=1, routed)           0.481     0.912    clk_gen/inst/clk_in1_clk_wiz_0
    PLLE2_ADV_X1Y2       PLLE2_ADV (Prop_plle2_adv_CLKIN1_CLKOUT0)
                                                     -2.828    -1.916 r  clk_gen/inst/plle2_adv_inst/CLKOUT0
                         net (fo=1, routed)           0.595    -1.322    clk_gen/inst/clk_out1_clk_wiz_0
    BUFGCTRL_X0Y0        BUFG (Prop_bufg_I_O)         0.029    -1.293 r  clk_gen/inst/clkout1_buf/O
                         net (fo=11618, routed)       0.856    -0.437    clk_cpu
    SLICE_X48Y144        FDPE                                         r  reset_sync_reg[1]/C

Slack:                    inf
  Source:                 reset_n
                            (input port)
  Destination:            reset_sync_reg[2]/PRE
                            (removal check against rising-edge clock clk_out1_clk_wiz_0  {rise@0.000ns fall@12.500ns period=25.000ns})
  Path Group:             (none)
  Path Type:              Removal (Min at Fast Process Corner)
  Data Path Delay:        2.238ns  (logic 0.171ns (7.635%)  route 2.067ns (92.365%))
  Logic Levels:           2  (IBUF=1 LUT1=1)
  Clock Path Skew:        -0.437ns (DCD - SCD - CPR)
    Destination Clock Delay (DCD):    -0.437ns
    Source Clock Delay      (SCD):    0.000ns
    Clock Pessimism Removal (CPR):    -0.000ns
  Timing Exception:       False Path

    Location             Delay type                Incr(ns)  Path(ns)    Netlist Resource(s)
  -------------------------------------------------------------------    -------------------
    G4                                                0.000     0.000 r  reset_n (IN)
                         net (fo=0)                   0.000     0.000    reset_n
    G4                   IBUF (Prop_ibuf_I_O)         0.126     0.126 r  reset_n_IBUF_inst/O
                         net (fo=2, routed)           1.892     2.018    reset_n_IBUF
    SLICE_X48Y144        LUT1 (Prop_lut1_I0_O)        0.045     2.063 f  clk_gen_i_1/O
                         net (fo=3, routed)           0.175     2.238    reset
    SLICE_X48Y144        FDPE                                         f  reset_sync_reg[2]/PRE
  -------------------------------------------------------------------    -------------------

                         (clock clk_out1_clk_wiz_0 rise edge)
                                                      0.000     0.000 r  
    R4                                                0.000     0.000 r  clk (IN)
                         net (fo=0)                   0.000     0.000    clk_gen/inst/clk_in1
    R4                   IBUF (Prop_ibuf_I_O)         0.431     0.431 r  clk_gen/inst/clkin1_ibufg/O
                         net (fo=1, routed)           0.481     0.912    clk_gen/inst/clk_in1_clk_wiz_0
    PLLE2_ADV_X1Y2       PLLE2_ADV (Prop_plle2_adv_CLKIN1_CLKOUT0)
                                                     -2.828    -1.916 r  clk_gen/inst/plle2_adv_inst/CLKOUT0
                         net (fo=1, routed)           0.595    -1.322    clk_gen/inst/clk_out1_clk_wiz_0
    BUFGCTRL_X0Y0        BUFG (Prop_bufg_I_O)         0.029    -1.293 r  clk_gen/inst/clkout1_buf/O
                         net (fo=11618, routed)       0.856    -0.437    clk_cpu
    SLICE_X48Y144        FDPE                                         r  reset_sync_reg[2]/C





--------------------------------------------------------------------------------------
Path Group:  (none)
From Clock:  
  To Clock:  clk_out1_clk_wiz_0

Max Delay             3 Endpoints
Min Delay             3 Endpoints
--------------------------------------------------------------------------------------


Max Delay Paths
--------------------------------------------------------------------------------------
Slack:                    inf
  Source:                 clk_gen/inst/plle2_adv_inst/LOCKED
                            (internal pin)
  Destination:            reset_sync_reg[2]/D
                            (rising edge-triggered cell FDPE clocked by clk_out1_clk_wiz_0  {rise@0.000ns fall@12.500ns period=25.000ns})
  Path Group:             (none)
  Path Type:              Setup (Max at Slow Process Corner)
  Data Path Delay:        4.355ns  (logic 0.124ns (2.847%)  route 4.231ns (97.153%))
  Logic Levels:           1  (LUT2=1)
  Clock Uncertainty:      0.482ns  ((TSJ^2 + DJ^2)^1/2) / 2 + PE
    Total System Jitter     (TSJ):    0.050ns
    Discrete Jitter          (DJ):    0.338ns
    Phase Error              (PE):    0.311ns

    Location             Delay type                Incr(ns)  Path(ns)    Netlist Resource(s)
  -------------------------------------------------------------------    -------------------
    PLLE2_ADV_X1Y2       PLLE2_ADV                    0.000     0.000 f  clk_gen/inst/plle2_adv_inst/LOCKED
                         net (fo=3, routed)           3.644     3.644    clk_locked
    SLICE_X48Y144        LUT2 (Prop_lut2_I1_O)        0.124     3.768 r  reset_sync[2]_i_1/O
                         net (fo=1, routed)           0.587     4.355    reset_sync[2]_i_1_n_0
    SLICE_X48Y144        FDPE                                         r  reset_sync_reg[2]/D
  -------------------------------------------------------------------    -------------------

                         (clock clk_out1_clk_wiz_0 rise edge)
                                                      0.000     0.000 r  
    R4                                                0.000     0.000 r  clk (IN)
                         net (fo=0)                   0.000     0.000    clk_gen/inst/clk_in1
    R4                   IBUF (Prop_ibuf_I_O)         1.405     1.405 r  clk_gen/inst/clkin1_ibufg/O
                         net (fo=1, routed)           1.181     2.586    clk_gen/inst/clk_in1_clk_wiz_0
    PLLE2_ADV_X1Y2       PLLE2_ADV (Prop_plle2_adv_CLKIN1_CLKOUT0)
                                                     -8.206    -5.620 r  clk_gen/inst/plle2_adv_inst/CLKOUT0
                         net (fo=1, routed)           1.718    -3.902    clk_gen/inst/clk_out1_clk_wiz_0
    BUFGCTRL_X0Y0        BUFG (Prop_bufg_I_O)         0.091    -3.811 r  clk_gen/inst/clkout1_buf/O
                         net (fo=11618, routed)       1.551    -2.259    clk_cpu
    SLICE_X48Y144        FDPE                                         r  reset_sync_reg[2]/C

Slack:                    inf
  Source:                 clk_gen/inst/plle2_adv_inst/LOCKED
                            (internal pin)
  Destination:            reset_sync_reg[1]/D
                            (rising edge-triggered cell FDPE clocked by clk_out1_clk_wiz_0  {rise@0.000ns fall@12.500ns period=25.000ns})
  Path Group:             (none)
  Path Type:              Setup (Max at Slow Process Corner)
  Data Path Delay:        3.562ns  (logic 0.124ns (3.482%)  route 3.438ns (96.518%))
  Logic Levels:           1  (LUT2=1)
  Clock Uncertainty:      0.482ns  ((TSJ^2 + DJ^2)^1/2) / 2 + PE
    Total System Jitter     (TSJ):    0.050ns
    Discrete Jitter          (DJ):    0.338ns
    Phase Error              (PE):    0.311ns

    Location             Delay type                Incr(ns)  Path(ns)    Netlist Resource(s)
  -------------------------------------------------------------------    -------------------
    PLLE2_ADV_X1Y2       PLLE2_ADV                    0.000     0.000 f  clk_gen/inst/plle2_adv_inst/LOCKED
                         net (fo=3, routed)           3.438     3.438    clk_locked
    SLICE_X48Y144        LUT2 (Prop_lut2_I1_O)        0.124     3.562 r  reset_sync[1]_i_1/O
                         net (fo=1, routed)           0.000     3.562    reset_sync[1]_i_1_n_0
    SLICE_X48Y144        FDPE                                         r  reset_sync_reg[1]/D
  -------------------------------------------------------------------    -------------------

                         (clock clk_out1_clk_wiz_0 rise edge)
                                                      0.000     0.000 r  
    R4                                                0.000     0.000 r  clk (IN)
                         net (fo=0)                   0.000     0.000    clk_gen/inst/clk_in1
    R4                   IBUF (Prop_ibuf_I_O)         1.405     1.405 r  clk_gen/inst/clkin1_ibufg/O
                         net (fo=1, routed)           1.181     2.586    clk_gen/inst/clk_in1_clk_wiz_0
    PLLE2_ADV_X1Y2       PLLE2_ADV (Prop_plle2_adv_CLKIN1_CLKOUT0)
                                                     -8.206    -5.620 r  clk_gen/inst/plle2_adv_inst/CLKOUT0
                         net (fo=1, routed)           1.718    -3.902    clk_gen/inst/clk_out1_clk_wiz_0
    BUFGCTRL_X0Y0        BUFG (Prop_bufg_I_O)         0.091    -3.811 r  clk_gen/inst/clkout1_buf/O
                         net (fo=11618, routed)       1.551    -2.259    clk_cpu
    SLICE_X48Y144        FDPE                                         r  reset_sync_reg[1]/C

Slack:                    inf
  Source:                 clk_gen/inst/plle2_adv_inst/LOCKED
                            (internal pin)
  Destination:            reset_sync_reg[0]/D
                            (rising edge-triggered cell FDPE clocked by clk_out1_clk_wiz_0  {rise@0.000ns fall@12.500ns period=25.000ns})
  Path Group:             (none)
  Path Type:              Setup (Max at Slow Process Corner)
  Data Path Delay:        3.361ns  (logic 0.124ns (3.690%)  route 3.237ns (96.310%))
  Logic Levels:           1  (LUT1=1)
  Clock Uncertainty:      0.482ns  ((TSJ^2 + DJ^2)^1/2) / 2 + PE
    Total System Jitter     (TSJ):    0.050ns
    Discrete Jitter          (DJ):    0.338ns
    Phase Error              (PE):    0.311ns

    Location             Delay type                Incr(ns)  Path(ns)    Netlist Resource(s)
  -------------------------------------------------------------------    -------------------
    PLLE2_ADV_X1Y2       PLLE2_ADV                    0.000     0.000 f  clk_gen/inst/plle2_adv_inst/LOCKED
                         net (fo=3, routed)           3.237     3.237    clk_locked
    SLICE_X48Y144        LUT1 (Prop_lut1_I0_O)        0.124     3.361 r  reset_sync[0]_i_1/O
                         net (fo=1, routed)           0.000     3.361    reset_sync[0]_i_1_n_0
    SLICE_X48Y144        FDPE                                         r  reset_sync_reg[0]/D
  -------------------------------------------------------------------    -------------------

                         (clock clk_out1_clk_wiz_0 rise edge)
                                                      0.000     0.000 r  
    R4                                                0.000     0.000 r  clk (IN)
                         net (fo=0)                   0.000     0.000    clk_gen/inst/clk_in1
    R4                   IBUF (Prop_ibuf_I_O)         1.405     1.405 r  clk_gen/inst/clkin1_ibufg/O
                         net (fo=1, routed)           1.181     2.586    clk_gen/inst/clk_in1_clk_wiz_0
    PLLE2_ADV_X1Y2       PLLE2_ADV (Prop_plle2_adv_CLKIN1_CLKOUT0)
                                                     -8.206    -5.620 r  clk_gen/inst/plle2_adv_inst/CLKOUT0
                         net (fo=1, routed)           1.718    -3.902    clk_gen/inst/clk_out1_clk_wiz_0
    BUFGCTRL_X0Y0        BUFG (Prop_bufg_I_O)         0.091    -3.811 r  clk_gen/inst/clkout1_buf/O
                         net (fo=11618, routed)       1.551    -2.259    clk_cpu
    SLICE_X48Y144        FDPE                                         r  reset_sync_reg[0]/C





Min Delay Paths
--------------------------------------------------------------------------------------
Slack:                    inf
  Source:                 clk_gen/inst/plle2_adv_inst/LOCKED
                            (internal pin)
  Destination:            reset_sync_reg[0]/D
                            (rising edge-triggered cell FDPE clocked by clk_out1_clk_wiz_0  {rise@0.000ns fall@12.500ns period=25.000ns})
  Path Group:             (none)
  Path Type:              Hold (Min at Fast Process Corner)
  Data Path Delay:        1.445ns  (logic 0.045ns (3.115%)  route 1.400ns (96.885%))
  Logic Levels:           1  (LUT1=1)
  Clock Uncertainty:      0.482ns  ((TSJ^2 + DJ^2)^1/2) / 2 + PE
    Total System Jitter     (TSJ):    0.050ns
    Discrete Jitter          (DJ):    0.338ns
    Phase Error              (PE):    0.311ns

    Location             Delay type                Incr(ns)  Path(ns)    Netlist Resource(s)
  -------------------------------------------------------------------    -------------------
    PLLE2_ADV_X1Y2       PLLE2_ADV                    0.000     0.000 f  clk_gen/inst/plle2_adv_inst/LOCKED
                         net (fo=3, routed)           1.400     1.400    clk_locked
    SLICE_X48Y144        LUT1 (Prop_lut1_I0_O)        0.045     1.445 r  reset_sync[0]_i_1/O
                         net (fo=1, routed)           0.000     1.445    reset_sync[0]_i_1_n_0
    SLICE_X48Y144        FDPE                                         r  reset_sync_reg[0]/D
  -------------------------------------------------------------------    -------------------

                         (clock clk_out1_clk_wiz_0 rise edge)
                                                      0.000     0.000 r  
    R4                                                0.000     0.000 r  clk (IN)
                         net (fo=0)                   0.000     0.000    clk_gen/inst/clk_in1
    R4                   IBUF (Prop_ibuf_I_O)         0.431     0.431 r  clk_gen/inst/clkin1_ibufg/O
                         net (fo=1, routed)           0.481     0.912    clk_gen/inst/clk_in1_clk_wiz_0
    PLLE2_ADV_X1Y2       PLLE2_ADV (Prop_plle2_adv_CLKIN1_CLKOUT0)
                                                     -2.828    -1.916 r  clk_gen/inst/plle2_adv_inst/CLKOUT0
                         net (fo=1, routed)           0.595    -1.322    clk_gen/inst/clk_out1_clk_wiz_0
    BUFGCTRL_X0Y0        BUFG (Prop_bufg_I_O)         0.029    -1.293 r  clk_gen/inst/clkout1_buf/O
                         net (fo=11618, routed)       0.856    -0.437    clk_cpu
    SLICE_X48Y144        FDPE                                         r  reset_sync_reg[0]/C

Slack:                    inf
  Source:                 clk_gen/inst/plle2_adv_inst/LOCKED
                            (internal pin)
  Destination:            reset_sync_reg[1]/D
                            (rising edge-triggered cell FDPE clocked by clk_out1_clk_wiz_0  {rise@0.000ns fall@12.500ns period=25.000ns})
  Path Group:             (none)
  Path Type:              Hold (Min at Fast Process Corner)
  Data Path Delay:        1.526ns  (logic 0.045ns (2.950%)  route 1.481ns (97.050%))
  Logic Levels:           1  (LUT2=1)
  Clock Uncertainty:      0.482ns  ((TSJ^2 + DJ^2)^1/2) / 2 + PE
    Total System Jitter     (TSJ):    0.050ns
    Discrete Jitter          (DJ):    0.338ns
    Phase Error              (PE):    0.311ns

    Location             Delay type                Incr(ns)  Path(ns)    Netlist Resource(s)
  -------------------------------------------------------------------    -------------------
    PLLE2_ADV_X1Y2       PLLE2_ADV                    0.000     0.000 f  clk_gen/inst/plle2_adv_inst/LOCKED
                         net (fo=3, routed)           1.481     1.481    clk_locked
    SLICE_X48Y144        LUT2 (Prop_lut2_I1_O)        0.045     1.526 r  reset_sync[1]_i_1/O
                         net (fo=1, routed)           0.000     1.526    reset_sync[1]_i_1_n_0
    SLICE_X48Y144        FDPE                                         r  reset_sync_reg[1]/D
  -------------------------------------------------------------------    -------------------

                         (clock clk_out1_clk_wiz_0 rise edge)
                                                      0.000     0.000 r  
    R4                                                0.000     0.000 r  clk (IN)
                         net (fo=0)                   0.000     0.000    clk_gen/inst/clk_in1
    R4                   IBUF (Prop_ibuf_I_O)         0.431     0.431 r  clk_gen/inst/clkin1_ibufg/O
                         net (fo=1, routed)           0.481     0.912    clk_gen/inst/clk_in1_clk_wiz_0
    PLLE2_ADV_X1Y2       PLLE2_ADV (Prop_plle2_adv_CLKIN1_CLKOUT0)
                                                     -2.828    -1.916 r  clk_gen/inst/plle2_adv_inst/CLKOUT0
                         net (fo=1, routed)           0.595    -1.322    clk_gen/inst/clk_out1_clk_wiz_0
    BUFGCTRL_X0Y0        BUFG (Prop_bufg_I_O)         0.029    -1.293 r  clk_gen/inst/clkout1_buf/O
                         net (fo=11618, routed)       0.856    -0.437    clk_cpu
    SLICE_X48Y144        FDPE                                         r  reset_sync_reg[1]/C

Slack:                    inf
  Source:                 clk_gen/inst/plle2_adv_inst/LOCKED
                            (internal pin)
  Destination:            reset_sync_reg[2]/D
                            (rising edge-triggered cell FDPE clocked by clk_out1_clk_wiz_0  {rise@0.000ns fall@12.500ns period=25.000ns})
  Path Group:             (none)
  Path Type:              Hold (Min at Fast Process Corner)
  Data Path Delay:        1.779ns  (logic 0.045ns (2.529%)  route 1.734ns (97.471%))
  Logic Levels:           1  (LUT2=1)
  Clock Uncertainty:      0.482ns  ((TSJ^2 + DJ^2)^1/2) / 2 + PE
    Total System Jitter     (TSJ):    0.050ns
    Discrete Jitter          (DJ):    0.338ns
    Phase Error              (PE):    0.311ns

    Location             Delay type                Incr(ns)  Path(ns)    Netlist Resource(s)
  -------------------------------------------------------------------    -------------------
    PLLE2_ADV_X1Y2       PLLE2_ADV                    0.000     0.000 f  clk_gen/inst/plle2_adv_inst/LOCKED
                         net (fo=3, routed)           1.545     1.545    clk_locked
    SLICE_X48Y144        LUT2 (Prop_lut2_I1_O)        0.045     1.590 r  reset_sync[2]_i_1/O
                         net (fo=1, routed)           0.189     1.779    reset_sync[2]_i_1_n_0
    SLICE_X48Y144        FDPE                                         r  reset_sync_reg[2]/D
  -------------------------------------------------------------------    -------------------

                         (clock clk_out1_clk_wiz_0 rise edge)
                                                      0.000     0.000 r  
    R4                                                0.000     0.000 r  clk (IN)
                         net (fo=0)                   0.000     0.000    clk_gen/inst/clk_in1
    R4                   IBUF (Prop_ibuf_I_O)         0.431     0.431 r  clk_gen/inst/clkin1_ibufg/O
                         net (fo=1, routed)           0.481     0.912    clk_gen/inst/clk_in1_clk_wiz_0
    PLLE2_ADV_X1Y2       PLLE2_ADV (Prop_plle2_adv_CLKIN1_CLKOUT0)
                                                     -2.828    -1.916 r  clk_gen/inst/plle2_adv_inst/CLKOUT0
                         net (fo=1, routed)           0.595    -1.322    clk_gen/inst/clk_out1_clk_wiz_0
    BUFGCTRL_X0Y0        BUFG (Prop_bufg_I_O)         0.029    -1.293 r  clk_gen/inst/clkout1_buf/O
                         net (fo=11618, routed)       0.856    -0.437    clk_cpu
    SLICE_X48Y144        FDPE                                         r  reset_sync_reg[2]/C





