Copyright 1986-2022 Xilinx, Inc. All Rights Reserved. Copyright 2022-2025 Advanced Micro Devices, Inc. All Rights Reserved.
---------------------------------------------------------------------------------------------------------------------------------------------------
| Tool Version : Vivado v.2025.2 (lin64) Build 6299465 Fri Nov 14 12:34:56 MST 2025
| Date         : Sun Sep 13 23:53:43 2026
| Host         : khwl-ThinkPad-X1-Carbon-Gen-13 running 64-bit Ubuntu 24.04.4 LTS
| Command      : report_timing_summary -file /home/khwl/Desktop/RV-IM100/riscof-env/logs/saif_reimpl/RV64IM_8SP_dhrystone/timing.rpt
| Design       : RV64IM72F8SPSoCTOP
| Device       : 7a200t-sbg484
| Speed File   : -1  PRODUCTION 1.23 2018-06-13
| Design State : Physopt postRoute
---------------------------------------------------------------------------------------------------------------------------------------------------

Timing Summary Report

------------------------------------------------------------------------------------------------
| Timer Settings
| --------------
------------------------------------------------------------------------------------------------

  Enable Multi Corner Analysis               :  Yes
  Enable Pessimism Removal                   :  Yes
  Pessimism Removal Resolution               :  Nearest Common Node
  Enable Input Delay Default Clock           :  No
  Enable Preset / Clear Arcs                 :  No
  Disable Flight Delays                      :  No
  Ignore I/O Paths                           :  No
  Timing Early Launch at Borrowing Latches   :  No
  Borrow Time for Max Delay Exceptions       :  Yes
  Merge Timing Exceptions                    :  Yes
  Inter-SLR Compensation                     :  Conservative

  Corner  Analyze    Analyze    
  Name    Max Paths  Min Paths  
  ------  ---------  ---------  
  Slow    Yes        Yes        
  Fast    Yes        Yes        


------------------------------------------------------------------------------------------------
| Report Methodology
| ------------------
------------------------------------------------------------------------------------------------

Rule       Severity          Description                                                       Violations  
---------  ----------------  ----------------------------------------------------------------  ----------  
TIMING-6   Critical Warning  No common primary clock between related clocks                    2           
DPIR-1     Warning           Asynchronous driver check                                         623         
SYNTH-6    Warning           Timing of a RAM block might be sub-optimal                        24          
SYNTH-10   Warning           Wide multiplier                                                   20          
TIMING-10  Warning           Missing property on synchronizer                                  1           
TIMING-56  Warning           Missing logically or physically excluded clock groups constraint  2           

Note: This report is based on the most recent report_methodology run and may not be up-to-date. Run report_methodology on the current design for the latest report.



check_timing report

Table of Contents
-----------------
1. checking no_clock (0)
2. checking constant_clock (0)
3. checking pulse_width_clock (0)
4. checking unconstrained_internal_endpoints (0)
5. checking no_input_delay (1)
6. checking no_output_delay (9)
7. checking multiple_clock (5074)
8. checking generated_clocks (0)
9. checking loops (0)
10. checking partial_input_delay (0)
11. checking partial_output_delay (0)
12. checking latch_loops (0)

1. checking no_clock (0)
------------------------
 There are 0 register/latch pins with no clock.


2. checking constant_clock (0)
------------------------------
 There are 0 register/latch pins with constant_clock.


3. checking pulse_width_clock (0)
---------------------------------
 There are 0 register/latch pins which need pulse_width check


4. checking unconstrained_internal_endpoints (0)
------------------------------------------------
 There are 0 pins that are not constrained for maximum delay.

 There are 0 pins that are not constrained for maximum delay due to constant clock.


5. checking no_input_delay (1)
------------------------------
 There are 0 input ports with no input delay specified.

 There is 1 input port with no input delay but user has a false path constraint. (MEDIUM)


6. checking no_output_delay (9)
-------------------------------
 There is 1 port with no output delay specified. (HIGH)

 There are 8 ports with no output delay but user has a false path constraint (MEDIUM)

 There are 0 ports with no output delay but with a timing clock defined on it or propagating through it


7. checking multiple_clock (5074)
---------------------------------
 There are 5074 register/latch pins with multiple clocks. (HIGH)


8. checking generated_clocks (0)
--------------------------------
 There are 0 generated clocks that are not connected to a clock source.


9. checking loops (0)
---------------------
 There are 0 combinational loops in the design.


10. checking partial_input_delay (0)
------------------------------------
 There are 0 input ports with partial input delay specified.


11. checking partial_output_delay (0)
-------------------------------------
 There are 0 ports with partial output delay specified.


12. checking latch_loops (0)
----------------------------
 There are 0 combinational latch loops in the design through latch input



------------------------------------------------------------------------------------------------
| Design Timing Summary
| ---------------------
------------------------------------------------------------------------------------------------

    WNS(ns)      TNS(ns)  TNS Failing Endpoints  TNS Total Endpoints      WHS(ns)      THS(ns)  THS Failing Endpoints  THS Total Endpoints     WPWS(ns)     TPWS(ns)  TPWS Failing Endpoints  TPWS Total Endpoints  
    -------      -------  ---------------------  -------------------      -------      -------  ---------------------  -------------------     --------     --------  ----------------------  --------------------  
      0.010        0.000                      0                16559        0.021        0.000                      0                16559        2.633        0.000                       0                  5078  


All user specified timing constraints are met.


------------------------------------------------------------------------------------------------
| Clock Summary
| -------------
------------------------------------------------------------------------------------------------

Clock                   Waveform(ns)         Period(ns)      Frequency(MHz)
-----                   ------------         ----------      --------------
clk                     {0.000 5.000}        10.000          100.000         
  clk_out1_clk_wiz_0    {0.000 4.902}        9.804           102.000         
  clkfbout_clk_wiz_0    {0.000 25.000}       50.000          20.000          
sys_clk_pin             {0.000 5.000}        10.000          100.000         
  clk_out1_clk_wiz_0_1  {0.000 4.902}        9.804           102.000         
  clkfbout_clk_wiz_0_1  {0.000 25.000}       50.000          20.000          


------------------------------------------------------------------------------------------------
| Intra Clock Table
| -----------------
------------------------------------------------------------------------------------------------

Clock                       WNS(ns)      TNS(ns)  TNS Failing Endpoints  TNS Total Endpoints      WHS(ns)      THS(ns)  THS Failing Endpoints  THS Total Endpoints     WPWS(ns)     TPWS(ns)  TPWS Failing Endpoints  TPWS Total Endpoints  
-----                       -------      -------  ---------------------  -------------------      -------      -------  ---------------------  -------------------     --------     --------  ----------------------  --------------------  
clk                                                                                                                                                                       3.000        0.000                       0                     1  
  clk_out1_clk_wiz_0          0.010        0.000                      0                14512        0.144        0.000                      0                14512        3.652        0.000                       0                  5074  
  clkfbout_clk_wiz_0                                                                                                                                                      2.633        0.000                       0                     3  
sys_clk_pin                                                                                                                                                               3.000        0.000                       0                     1  
  clk_out1_clk_wiz_0_1        0.012        0.000                      0                14512        0.144        0.000                      0                14512        3.652        0.000                       0                  5074  
  clkfbout_clk_wiz_0_1                                                                                                                                                    2.633        0.000                       0                     3  


------------------------------------------------------------------------------------------------
| Inter Clock Table
| -----------------
------------------------------------------------------------------------------------------------

From Clock            To Clock                  WNS(ns)      TNS(ns)  TNS Failing Endpoints  TNS Total Endpoints      WHS(ns)      THS(ns)  THS Failing Endpoints  THS Total Endpoints  
----------            --------                  -------      -------  ---------------------  -------------------      -------      -------  ---------------------  -------------------  
clk_out1_clk_wiz_0_1  clk_out1_clk_wiz_0          0.010        0.000                      0                14512        0.021        0.000                      0                14512  
clk_out1_clk_wiz_0    clk_out1_clk_wiz_0_1        0.010        0.000                      0                14512        0.021        0.000                      0                14512  


------------------------------------------------------------------------------------------------
| Other Path Groups Table
| -----------------------
------------------------------------------------------------------------------------------------

Path Group            From Clock            To Clock                  WNS(ns)      TNS(ns)  TNS Failing Endpoints  TNS Total Endpoints      WHS(ns)      THS(ns)  THS Failing Endpoints  THS Total Endpoints  
----------            ----------            --------                  -------      -------  ---------------------  -------------------      -------      -------  ---------------------  -------------------  
**async_default**     clk_out1_clk_wiz_0    clk_out1_clk_wiz_0          3.846        0.000                      0                 2047        0.364        0.000                      0                 2047  
**async_default**     clk_out1_clk_wiz_0_1  clk_out1_clk_wiz_0          3.846        0.000                      0                 2047        0.241        0.000                      0                 2047  
**async_default**     clk_out1_clk_wiz_0    clk_out1_clk_wiz_0_1        3.846        0.000                      0                 2047        0.241        0.000                      0                 2047  
**async_default**     clk_out1_clk_wiz_0_1  clk_out1_clk_wiz_0_1        3.848        0.000                      0                 2047        0.364        0.000                      0                 2047  


------------------------------------------------------------------------------------------------
| Timing Details
| --------------
------------------------------------------------------------------------------------------------


---------------------------------------------------------------------------------------------------
From Clock:  clk
  To Clock:  clk

Setup :           NA  Failing Endpoints,  Worst Slack           NA  ,  Total Violation           NA
Hold  :           NA  Failing Endpoints,  Worst Slack           NA  ,  Total Violation           NA
PW    :            0  Failing Endpoints,  Worst Slack        3.000ns,  Total Violation        0.000ns
---------------------------------------------------------------------------------------------------


Pulse Width Checks
--------------------------------------------------------------------------------------
Clock Name:         clk
Waveform(ns):       { 0.000 5.000 }
Period(ns):         10.000
Sources:            { clk }

Check Type        Corner  Lib Pin           Reference Pin  Required(ns)  Actual(ns)  Slack(ns)  Location        Pin
Min Period        n/a     PLLE2_ADV/CLKIN1  n/a            1.249         10.000      8.751      PLLE2_ADV_X1Y2  clk_gen/inst/plle2_adv_inst/CLKIN1
Max Period        n/a     PLLE2_ADV/CLKIN1  n/a            52.633        10.000      42.633     PLLE2_ADV_X1Y2  clk_gen/inst/plle2_adv_inst/CLKIN1
Low Pulse Width   Slow    PLLE2_ADV/CLKIN1  n/a            2.000         5.000       3.000      PLLE2_ADV_X1Y2  clk_gen/inst/plle2_adv_inst/CLKIN1
High Pulse Width  Slow    PLLE2_ADV/CLKIN1  n/a            2.000         5.000       3.000      PLLE2_ADV_X1Y2  clk_gen/inst/plle2_adv_inst/CLKIN1



---------------------------------------------------------------------------------------------------
From Clock:  clk_out1_clk_wiz_0
  To Clock:  clk_out1_clk_wiz_0

Setup :            0  Failing Endpoints,  Worst Slack        0.010ns,  Total Violation        0.000ns
Hold  :            0  Failing Endpoints,  Worst Slack        0.144ns,  Total Violation        0.000ns
PW    :            0  Failing Endpoints,  Worst Slack        3.652ns,  Total Violation        0.000ns
---------------------------------------------------------------------------------------------------


Max Delay Paths
--------------------------------------------------------------------------------------
Slack (MET) :             0.010ns  (required time - arrival time)
  Source:                 rv64im72f_6sp/alu/i___468_psdsp/C
                            (rising edge-triggered cell FDRE clocked by clk_out1_clk_wiz_0  {rise@0.000ns fall@4.902ns period=9.804ns})
  Destination:            rv64im72f_6sp/alu/multiplier_dword/prod_high_reg[61]/D
                            (rising edge-triggered cell FDCE clocked by clk_out1_clk_wiz_0  {rise@0.000ns fall@4.902ns period=9.804ns})
  Path Group:             clk_out1_clk_wiz_0
  Path Type:              Setup (Max at Slow Process Corner)
  Requirement:            9.804ns  (clk_out1_clk_wiz_0 rise@9.804ns - clk_out1_clk_wiz_0 rise@0.000ns)
  Data Path Delay:        9.398ns  (logic 6.471ns (68.851%)  route 2.927ns (31.149%))
  Logic Levels:           34  (CARRY4=30 LUT1=1 LUT3=3)
  Clock Path Skew:        -0.303ns (DCD - SCD + CPR)
    Destination Clock Delay (DCD):    -1.763ns = ( 8.041 - 9.804 ) 
    Source Clock Delay      (SCD):    -1.947ns
    Clock Pessimism Removal (CPR):    -0.487ns
  Clock Uncertainty:      0.123ns  ((TSJ^2 + DJ^2)^1/2) / 2 + PE
    Total System Jitter     (TSJ):    0.071ns
    Discrete Jitter          (DJ):    0.236ns
    Phase Error              (PE):    0.000ns

    Location             Delay type                Incr(ns)  Path(ns)    Netlist Resource(s)
  -------------------------------------------------------------------    -------------------
                         (clock clk_out1_clk_wiz_0 rise edge)
                                                      0.000     0.000 r  
    R4                                                0.000     0.000 r  clk (IN)
                         net (fo=0)                   0.000     0.000    clk_gen/inst/clk_in1
    R4                   IBUF (Prop_ibuf_I_O)         1.475     1.475 r  clk_gen/inst/clkin1_ibufg/O
                         net (fo=1, routed)           1.253     2.728    clk_gen/inst/clk_in1_clk_wiz_0
    PLLE2_ADV_X1Y2       PLLE2_ADV (Prop_plle2_adv_CLKIN1_CLKOUT0)
                                                     -8.953    -6.225 r  clk_gen/inst/plle2_adv_inst/CLKOUT0
                         net (fo=1, routed)           1.802    -4.422    clk_gen/inst/clk_out1_clk_wiz_0
    BUFGCTRL_X0Y15       BUFG (Prop_bufg_I_O)         0.096    -4.326 r  clk_gen/inst/clkout1_buf_replica/O
                         net (fo=5, routed)           0.154    -4.172    clk_gen/inst/clk_out1_repN
    BUFGCTRL_X0Y0        BUFG (Prop_bufg_I_O)         0.096    -4.076 r  clk_gen/inst/clkout1_buf/O
                         net (fo=5070, routed)        2.129    -1.947    rv64im72f_6sp/alu/clk_out1
    SLICE_X11Y40         FDRE                                         r  rv64im72f_6sp/alu/i___468_psdsp/C
  -------------------------------------------------------------------    -------------------
    SLICE_X11Y40         FDRE (Prop_fdre_C_Q)         0.456    -1.491 r  rv64im72f_6sp/alu/i___468_psdsp/Q
                         net (fo=2, routed)           0.826    -0.665    rv64im72f_6sp/alu/multiplier_dword/mult_ALBL__2_0[2]
    SLICE_X12Y40         LUT3 (Prop_lut3_I1_O)        0.124    -0.541 r  rv64im72f_6sp/alu/multiplier_dword/prod_low[19]_i_8/O
                         net (fo=1, routed)           0.000    -0.541    rv64im72f_6sp/alu/multiplier_dword/prod_low[19]_i_8_n_0
    SLICE_X12Y40         CARRY4 (Prop_carry4_S[3]_CO[3])
                                                      0.376    -0.165 r  rv64im72f_6sp/alu/multiplier_dword/prod_low_reg[19]_i_3/CO[3]
                         net (fo=1, routed)           0.000    -0.165    rv64im72f_6sp/alu/multiplier_dword/prod_low_reg[19]_i_3_n_0
    SLICE_X12Y41         CARRY4 (Prop_carry4_CI_CO[3])
                                                      0.117    -0.048 r  rv64im72f_6sp/alu/multiplier_dword/prod_low_reg[23]_i_3/CO[3]
                         net (fo=1, routed)           0.000    -0.048    rv64im72f_6sp/alu/multiplier_dword/prod_low_reg[23]_i_3_n_0
    SLICE_X12Y42         CARRY4 (Prop_carry4_CI_CO[3])
                                                      0.117     0.069 r  rv64im72f_6sp/alu/multiplier_dword/prod_low_reg[27]_i_3/CO[3]
                         net (fo=1, routed)           0.000     0.069    rv64im72f_6sp/alu/multiplier_dword/prod_low_reg[27]_i_3_n_0
    SLICE_X12Y43         CARRY4 (Prop_carry4_CI_CO[3])
                                                      0.117     0.186 r  rv64im72f_6sp/alu/multiplier_dword/prod_low_reg[31]_i_3/CO[3]
                         net (fo=1, routed)           0.000     0.186    rv64im72f_6sp/alu/multiplier_dword/prod_low_reg[31]_i_3_n_0
    SLICE_X12Y44         CARRY4 (Prop_carry4_CI_CO[3])
                                                      0.117     0.303 r  rv64im72f_6sp/alu/multiplier_dword/prod_low_reg[39]_i_16/CO[3]
                         net (fo=1, routed)           0.000     0.303    rv64im72f_6sp/alu/multiplier_dword/prod_low_reg[39]_i_16_n_0
    SLICE_X12Y45         CARRY4 (Prop_carry4_CI_CO[3])
                                                      0.117     0.420 r  rv64im72f_6sp/alu/multiplier_dword/prod_low_reg[43]_i_16/CO[3]
                         net (fo=1, routed)           0.000     0.420    rv64im72f_6sp/alu/multiplier_dword/prod_low_reg[43]_i_16_n_0
    SLICE_X12Y46         CARRY4 (Prop_carry4_CI_CO[3])
                                                      0.117     0.537 r  rv64im72f_6sp/alu/multiplier_dword/prod_low_reg[47]_i_16/CO[3]
                         net (fo=1, routed)           0.000     0.537    rv64im72f_6sp/alu/multiplier_dword/prod_low_reg[47]_i_16_n_0
    SLICE_X12Y47         CARRY4 (Prop_carry4_CI_CO[3])
                                                      0.117     0.654 r  rv64im72f_6sp/alu/multiplier_dword/prod_low_reg[51]_i_16/CO[3]
                         net (fo=1, routed)           0.000     0.654    rv64im72f_6sp/alu/multiplier_dword/prod_low_reg[51]_i_16_n_0
    SLICE_X12Y48         CARRY4 (Prop_carry4_CI_CO[3])
                                                      0.117     0.771 r  rv64im72f_6sp/alu/multiplier_dword/prod_low_reg[55]_i_18/CO[3]
                         net (fo=1, routed)           0.000     0.771    rv64im72f_6sp/alu/multiplier_dword/prod_low_reg[55]_i_18_n_0
    SLICE_X12Y49         CARRY4 (Prop_carry4_CI_CO[3])
                                                      0.117     0.888 r  rv64im72f_6sp/alu/multiplier_dword/prod_low_reg[59]_i_18/CO[3]
                         net (fo=1, routed)           0.001     0.889    rv64im72f_6sp/alu/multiplier_dword/prod_low_reg[59]_i_18_n_0
    SLICE_X12Y50         CARRY4 (Prop_carry4_CI_CO[3])
                                                      0.117     1.006 r  rv64im72f_6sp/alu/multiplier_dword/prod_low_reg[63]_i_18/CO[3]
                         net (fo=1, routed)           0.000     1.006    rv64im72f_6sp/alu/multiplier_dword/prod_low_reg[63]_i_18_n_0
    SLICE_X12Y51         CARRY4 (Prop_carry4_CI_O[1])
                                                      0.323     1.329 r  rv64im72f_6sp/alu/multiplier_dword/prod_high_reg[3]_i_18/O[1]
                         net (fo=2, routed)           0.513     1.842    rv64im72f_6sp/alu/multiplier_dword/prod_ALBL_s2_reg[61]
    SLICE_X12Y52         LUT3 (Prop_lut3_I2_O)        0.306     2.148 r  rv64im72f_6sp/alu/multiplier_dword/prod_low[63]_i_9/O
                         net (fo=2, routed)           0.637     2.785    rv64im72f_6sp/alu/multiplier_dword/prod_low[63]_i_9_n_0
    SLICE_X14Y51         CARRY4 (Prop_carry4_DI[2]_CO[3])
                                                      0.404     3.189 r  rv64im72f_6sp/alu/multiplier_dword/prod_low_reg[63]_i_3/CO[3]
                         net (fo=1, routed)           0.000     3.189    rv64im72f_6sp/alu/multiplier_dword/prod_low_reg[63]_i_3_n_0
    SLICE_X14Y52         CARRY4 (Prop_carry4_CI_CO[3])
                                                      0.117     3.306 r  rv64im72f_6sp/alu/multiplier_dword/prod_high_reg[3]_i_3/CO[3]
                         net (fo=1, routed)           0.000     3.306    rv64im72f_6sp/alu/multiplier_dword/prod_high_reg[3]_i_3_n_0
    SLICE_X14Y53         CARRY4 (Prop_carry4_CI_CO[3])
                                                      0.117     3.423 r  rv64im72f_6sp/alu/multiplier_dword/prod_high_reg[7]_i_3/CO[3]
                         net (fo=1, routed)           0.000     3.423    rv64im72f_6sp/alu/multiplier_dword/prod_high_reg[7]_i_3_n_0
    SLICE_X14Y54         CARRY4 (Prop_carry4_CI_CO[3])
                                                      0.117     3.540 r  rv64im72f_6sp/alu/multiplier_dword/prod_high_reg[11]_i_3/CO[3]
                         net (fo=1, routed)           0.000     3.540    rv64im72f_6sp/alu/multiplier_dword/prod_high_reg[11]_i_3_n_0
    SLICE_X14Y55         CARRY4 (Prop_carry4_CI_CO[3])
                                                      0.117     3.657 r  rv64im72f_6sp/alu/multiplier_dword/prod_high_reg[15]_i_3/CO[3]
                         net (fo=1, routed)           0.000     3.657    rv64im72f_6sp/alu/multiplier_dword/prod_high_reg[15]_i_3_n_0
    SLICE_X14Y56         CARRY4 (Prop_carry4_CI_CO[3])
                                                      0.117     3.774 r  rv64im72f_6sp/alu/multiplier_dword/prod_high_reg[19]_i_3/CO[3]
                         net (fo=1, routed)           0.000     3.774    rv64im72f_6sp/alu/multiplier_dword/prod_high_reg[19]_i_3_n_0
    SLICE_X14Y57         CARRY4 (Prop_carry4_CI_CO[3])
                                                      0.117     3.891 r  rv64im72f_6sp/alu/multiplier_dword/prod_high_reg[23]_i_3/CO[3]
                         net (fo=1, routed)           0.000     3.891    rv64im72f_6sp/alu/multiplier_dword/prod_high_reg[23]_i_3_n_0
    SLICE_X14Y58         CARRY4 (Prop_carry4_CI_CO[3])
                                                      0.117     4.008 r  rv64im72f_6sp/alu/multiplier_dword/prod_high_reg[27]_i_3/CO[3]
                         net (fo=1, routed)           0.000     4.008    rv64im72f_6sp/alu/multiplier_dword/prod_high_reg[27]_i_3_n_0
    SLICE_X14Y59         CARRY4 (Prop_carry4_CI_CO[3])
                                                      0.117     4.125 r  rv64im72f_6sp/alu/multiplier_dword/prod_high_reg[31]_i_3/CO[3]
                         net (fo=1, routed)           0.000     4.125    rv64im72f_6sp/alu/multiplier_dword/prod_high_reg[31]_i_3_n_0
    SLICE_X14Y60         CARRY4 (Prop_carry4_CI_CO[3])
                                                      0.117     4.242 r  rv64im72f_6sp/alu/multiplier_dword/prod_high_reg[35]_i_3/CO[3]
                         net (fo=1, routed)           0.000     4.242    rv64im72f_6sp/alu/multiplier_dword/prod_high_reg[35]_i_3_n_0
    SLICE_X14Y61         CARRY4 (Prop_carry4_CI_CO[3])
                                                      0.117     4.359 r  rv64im72f_6sp/alu/multiplier_dword/prod_high_reg[39]_i_3/CO[3]
                         net (fo=1, routed)           0.000     4.359    rv64im72f_6sp/alu/multiplier_dword/prod_high_reg[39]_i_3_n_0
    SLICE_X14Y62         CARRY4 (Prop_carry4_CI_CO[3])
                                                      0.117     4.476 r  rv64im72f_6sp/alu/multiplier_dword/prod_high_reg[43]_i_3/CO[3]
                         net (fo=1, routed)           0.000     4.476    rv64im72f_6sp/alu/multiplier_dword/prod_high_reg[43]_i_3_n_0
    SLICE_X14Y63         CARRY4 (Prop_carry4_CI_O[0])
                                                      0.219     4.695 f  rv64im72f_6sp/alu/multiplier_dword/prod_high_reg[47]_i_3/O[0]
                         net (fo=2, routed)           0.662     5.357    rv64im72f_6sp/alu/multiplier_dword/in[108]
    SLICE_X15Y63         LUT1 (Prop_lut1_I0_O)        0.295     5.652 r  rv64im72f_6sp/alu/multiplier_dword/prod_high[47]_i_7/O
                         net (fo=1, routed)           0.000     5.652    rv64im72f_6sp/alu/multiplier_dword/prod_high[47]_i_7_n_0
    SLICE_X15Y63         CARRY4 (Prop_carry4_S[0]_CO[3])
                                                      0.532     6.184 r  rv64im72f_6sp/alu/multiplier_dword/prod_high_reg[47]_i_2/CO[3]
                         net (fo=1, routed)           0.000     6.184    rv64im72f_6sp/alu/multiplier_dword/prod_high_reg[47]_i_2_n_0
    SLICE_X15Y64         CARRY4 (Prop_carry4_CI_CO[3])
                                                      0.114     6.298 r  rv64im72f_6sp/alu/multiplier_dword/prod_high_reg[51]_i_2/CO[3]
                         net (fo=1, routed)           0.000     6.298    rv64im72f_6sp/alu/multiplier_dword/prod_high_reg[51]_i_2_n_0
    SLICE_X15Y65         CARRY4 (Prop_carry4_CI_CO[3])
                                                      0.114     6.412 r  rv64im72f_6sp/alu/multiplier_dword/prod_high_reg[55]_i_2/CO[3]
                         net (fo=1, routed)           0.000     6.412    rv64im72f_6sp/alu/multiplier_dword/prod_high_reg[55]_i_2_n_0
    SLICE_X15Y66         CARRY4 (Prop_carry4_CI_CO[3])
                                                      0.114     6.526 r  rv64im72f_6sp/alu/multiplier_dword/prod_high_reg[59]_i_2/CO[3]
                         net (fo=1, routed)           0.000     6.526    rv64im72f_6sp/alu/multiplier_dword/prod_high_reg[59]_i_2_n_0
    SLICE_X15Y67         CARRY4 (Prop_carry4_CI_O[1])
                                                      0.334     6.860 r  rv64im72f_6sp/alu/multiplier_dword/prod_high_reg[63]_i_3/O[1]
                         net (fo=1, routed)           0.289     7.149    rv64im72f_6sp/alu/multiplier_dword/prod_corrected0[125]
    SLICE_X13Y67         LUT3 (Prop_lut3_I0_O)        0.303     7.452 r  rv64im72f_6sp/alu/multiplier_dword/prod_high[61]_i_1/O
                         net (fo=1, routed)           0.000     7.452    rv64im72f_6sp/alu/multiplier_dword/prod_high[61]_i_1_n_0
    SLICE_X13Y67         FDCE                                         r  rv64im72f_6sp/alu/multiplier_dword/prod_high_reg[61]/D
  -------------------------------------------------------------------    -------------------

                         (clock clk_out1_clk_wiz_0 rise edge)
                                                      9.804     9.804 r  
    R4                                                0.000     9.804 r  clk (IN)
                         net (fo=0)                   0.000     9.804    clk_gen/inst/clk_in1
    R4                   IBUF (Prop_ibuf_I_O)         1.405    11.209 r  clk_gen/inst/clkin1_ibufg/O
                         net (fo=1, routed)           1.181    12.389    clk_gen/inst/clk_in1_clk_wiz_0
    PLLE2_ADV_X1Y2       PLLE2_ADV (Prop_plle2_adv_CLKIN1_CLKOUT0)
                                                     -8.206     4.184 r  clk_gen/inst/plle2_adv_inst/CLKOUT0
                         net (fo=1, routed)           1.718     5.902    clk_gen/inst/clk_out1_clk_wiz_0
    BUFGCTRL_X0Y15       BUFG (Prop_bufg_I_O)         0.091     5.993 r  clk_gen/inst/clkout1_buf_replica/O
                         net (fo=5, routed)           0.147     6.140    clk_gen/inst/clk_out1_repN
    BUFGCTRL_X0Y0        BUFG (Prop_bufg_I_O)         0.091     6.231 r  clk_gen/inst/clkout1_buf/O
                         net (fo=5070, routed)        1.810     8.041    rv64im72f_6sp/alu/multiplier_dword/clk_out1
    SLICE_X13Y67         FDCE                                         r  rv64im72f_6sp/alu/multiplier_dword/prod_high_reg[61]/C
                         clock pessimism             -0.487     7.554    
                         clock uncertainty           -0.123     7.431    
    SLICE_X13Y67         FDCE (Setup_fdce_C_D)        0.031     7.462    rv64im72f_6sp/alu/multiplier_dword/prod_high_reg[61]
  -------------------------------------------------------------------
                         required time                          7.462    
                         arrival time                          -7.452    
  -------------------------------------------------------------------
                         slack                                  0.010    





Min Delay Paths
--------------------------------------------------------------------------------------
Slack (MET) :             0.144ns  (arrival time - required time)
  Source:                 rv64im72f_6sp/alu/multiplier_dword/prod_ALBL_s2_reg[7]__1/C
                            (rising edge-triggered cell FDCE clocked by clk_out1_clk_wiz_0  {rise@0.000ns fall@4.902ns period=9.804ns})
  Destination:            rv64im72f_6sp/alu/multiplier_dword/prod_low_reg[7]/D
                            (rising edge-triggered cell FDCE clocked by clk_out1_clk_wiz_0  {rise@0.000ns fall@4.902ns period=9.804ns})
  Path Group:             clk_out1_clk_wiz_0
  Path Type:              Hold (Min at Fast Process Corner)
  Requirement:            0.000ns  (clk_out1_clk_wiz_0 rise@0.000ns - clk_out1_clk_wiz_0 rise@0.000ns)
  Data Path Delay:        0.278ns  (logic 0.186ns (66.849%)  route 0.092ns (33.151%))
  Logic Levels:           1  (LUT3=1)
  Clock Path Skew:        0.013ns (DCD - SCD - CPR)
    Destination Clock Delay (DCD):    -0.177ns
    Source Clock Delay      (SCD):    -0.417ns
    Clock Pessimism Removal (CPR):    0.227ns

    Location             Delay type                Incr(ns)  Path(ns)    Netlist Resource(s)
  -------------------------------------------------------------------    -------------------
                         (clock clk_out1_clk_wiz_0 rise edge)
                                                      0.000     0.000 r  
    R4                                                0.000     0.000 r  clk (IN)
                         net (fo=0)                   0.000     0.000    clk_gen/inst/clk_in1
    R4                   IBUF (Prop_ibuf_I_O)         0.243     0.243 r  clk_gen/inst/clkin1_ibufg/O
                         net (fo=1, routed)           0.440     0.683    clk_gen/inst/clk_in1_clk_wiz_0
    PLLE2_ADV_X1Y2       PLLE2_ADV (Prop_plle2_adv_CLKIN1_CLKOUT0)
                                                     -2.503    -1.819 r  clk_gen/inst/plle2_adv_inst/CLKOUT0
                         net (fo=1, routed)           0.546    -1.273    clk_gen/inst/clk_out1_clk_wiz_0
    BUFGCTRL_X0Y15       BUFG (Prop_bufg_I_O)         0.026    -1.247 r  clk_gen/inst/clkout1_buf_replica/O
                         net (fo=5, routed)           0.042    -1.205    clk_gen/inst/clk_out1_repN
    BUFGCTRL_X0Y0        BUFG (Prop_bufg_I_O)         0.026    -1.179 r  clk_gen/inst/clkout1_buf/O
                         net (fo=5070, routed)        0.763    -0.417    rv64im72f_6sp/alu/multiplier_dword/clk_out1
    SLICE_X13Y37         FDCE                                         r  rv64im72f_6sp/alu/multiplier_dword/prod_ALBL_s2_reg[7]__1/C
  -------------------------------------------------------------------    -------------------
    SLICE_X13Y37         FDCE (Prop_fdce_C_Q)         0.141    -0.276 r  rv64im72f_6sp/alu/multiplier_dword/prod_ALBL_s2_reg[7]__1/Q
                         net (fo=2, routed)           0.092    -0.183    rv64im72f_6sp/alu/multiplier_dword/prod_ALBL_s2_reg[7]__1_n_0
    SLICE_X12Y37         LUT3 (Prop_lut3_I2_O)        0.045    -0.138 r  rv64im72f_6sp/alu/multiplier_dword/prod_low[7]_i_1__0/O
                         net (fo=1, routed)           0.000    -0.138    rv64im72f_6sp/alu/multiplier_dword/prod_low[7]_i_1__0_n_0
    SLICE_X12Y37         FDCE                                         r  rv64im72f_6sp/alu/multiplier_dword/prod_low_reg[7]/D
  -------------------------------------------------------------------    -------------------

                         (clock clk_out1_clk_wiz_0 rise edge)
                                                      0.000     0.000 r  
    R4                                                0.000     0.000 r  clk (IN)
                         net (fo=0)                   0.000     0.000    clk_gen/inst/clk_in1
    R4                   IBUF (Prop_ibuf_I_O)         0.431     0.431 r  clk_gen/inst/clkin1_ibufg/O
                         net (fo=1, routed)           0.481     0.912    clk_gen/inst/clk_in1_clk_wiz_0
    PLLE2_ADV_X1Y2       PLLE2_ADV (Prop_plle2_adv_CLKIN1_CLKOUT0)
                                                     -2.828    -1.916 r  clk_gen/inst/plle2_adv_inst/CLKOUT0
                         net (fo=1, routed)           0.595    -1.322    clk_gen/inst/clk_out1_clk_wiz_0
    BUFGCTRL_X0Y15       BUFG (Prop_bufg_I_O)         0.029    -1.293 r  clk_gen/inst/clkout1_buf_replica/O
                         net (fo=5, routed)           0.046    -1.247    clk_gen/inst/clk_out1_repN
    BUFGCTRL_X0Y0        BUFG (Prop_bufg_I_O)         0.029    -1.218 r  clk_gen/inst/clkout1_buf/O
                         net (fo=5070, routed)        1.041    -0.177    rv64im72f_6sp/alu/multiplier_dword/clk_out1
    SLICE_X12Y37         FDCE                                         r  rv64im72f_6sp/alu/multiplier_dword/prod_low_reg[7]/C
                         clock pessimism             -0.227    -0.404    
    SLICE_X12Y37         FDCE (Hold_fdce_C_D)         0.121    -0.283    rv64im72f_6sp/alu/multiplier_dword/prod_low_reg[7]
  -------------------------------------------------------------------
                         required time                          0.283    
                         arrival time                          -0.138    
  -------------------------------------------------------------------
                         slack                                  0.144    





Pulse Width Checks
--------------------------------------------------------------------------------------
Clock Name:         clk_out1_clk_wiz_0
Waveform(ns):       { 0.000 4.902 }
Period(ns):         9.804
Sources:            { clk_gen/inst/plle2_adv_inst/CLKOUT0 }

Check Type        Corner  Lib Pin             Reference Pin  Required(ns)  Actual(ns)  Slack(ns)  Location        Pin
Min Period        n/a     RAMB36E1/CLKARDCLK  n/a            2.944         9.804       6.860      RAMB36_X2Y2     rv64im72f_6sp/data_memory/memory_bank0_reg_0/CLKARDCLK
Max Period        n/a     PLLE2_ADV/CLKOUT0   n/a            160.000       9.804       150.196    PLLE2_ADV_X1Y2  clk_gen/inst/plle2_adv_inst/CLKOUT0
Low Pulse Width   Slow    RAMD32/CLK          n/a            1.250         4.902       3.652      SLICE_X36Y15    rv64im72f_6sp/register_file/registers_reg_r1_0_31_0_5/RAMA/CLK
High Pulse Width  Slow    RAMD32/CLK          n/a            1.250         4.902       3.652      SLICE_X36Y15    rv64im72f_6sp/register_file/registers_reg_r1_0_31_0_5/RAMA/CLK



---------------------------------------------------------------------------------------------------
From Clock:  clkfbout_clk_wiz_0
  To Clock:  clkfbout_clk_wiz_0

Setup :           NA  Failing Endpoints,  Worst Slack           NA  ,  Total Violation           NA
Hold  :           NA  Failing Endpoints,  Worst Slack           NA  ,  Total Violation           NA
PW    :            0  Failing Endpoints,  Worst Slack        2.633ns,  Total Violation        0.000ns
---------------------------------------------------------------------------------------------------


Pulse Width Checks
--------------------------------------------------------------------------------------
Clock Name:         clkfbout_clk_wiz_0
Waveform(ns):       { 0.000 25.000 }
Period(ns):         50.000
Sources:            { clk_gen/inst/plle2_adv_inst/CLKFBOUT }

Check Type  Corner  Lib Pin            Reference Pin  Required(ns)  Actual(ns)  Slack(ns)  Location        Pin
Min Period  n/a     BUFG/I             n/a            2.155         50.000      47.845     BUFGCTRL_X0Y1   clk_gen/inst/clkf_buf/I
Max Period  n/a     PLLE2_ADV/CLKFBIN  n/a            52.633        50.000      2.633      PLLE2_ADV_X1Y2  clk_gen/inst/plle2_adv_inst/CLKFBIN



---------------------------------------------------------------------------------------------------
From Clock:  sys_clk_pin
  To Clock:  sys_clk_pin

Setup :           NA  Failing Endpoints,  Worst Slack           NA  ,  Total Violation           NA
Hold  :           NA  Failing Endpoints,  Worst Slack           NA  ,  Total Violation           NA
PW    :            0  Failing Endpoints,  Worst Slack        3.000ns,  Total Violation        0.000ns
---------------------------------------------------------------------------------------------------


Pulse Width Checks
--------------------------------------------------------------------------------------
Clock Name:         sys_clk_pin
Waveform(ns):       { 0.000 5.000 }
Period(ns):         10.000
Sources:            { clk }

Check Type        Corner  Lib Pin           Reference Pin  Required(ns)  Actual(ns)  Slack(ns)  Location        Pin
Min Period        n/a     PLLE2_ADV/CLKIN1  n/a            1.249         10.000      8.751      PLLE2_ADV_X1Y2  clk_gen/inst/plle2_adv_inst/CLKIN1
Max Period        n/a     PLLE2_ADV/CLKIN1  n/a            52.633        10.000      42.633     PLLE2_ADV_X1Y2  clk_gen/inst/plle2_adv_inst/CLKIN1
Low Pulse Width   Slow    PLLE2_ADV/CLKIN1  n/a            2.000         5.000       3.000      PLLE2_ADV_X1Y2  clk_gen/inst/plle2_adv_inst/CLKIN1
High Pulse Width  Slow    PLLE2_ADV/CLKIN1  n/a            2.000         5.000       3.000      PLLE2_ADV_X1Y2  clk_gen/inst/plle2_adv_inst/CLKIN1



---------------------------------------------------------------------------------------------------
From Clock:  clk_out1_clk_wiz_0_1
  To Clock:  clk_out1_clk_wiz_0_1

Setup :            0  Failing Endpoints,  Worst Slack        0.012ns,  Total Violation        0.000ns
Hold  :            0  Failing Endpoints,  Worst Slack        0.144ns,  Total Violation        0.000ns
PW    :            0  Failing Endpoints,  Worst Slack        3.652ns,  Total Violation        0.000ns
---------------------------------------------------------------------------------------------------


Max Delay Paths
--------------------------------------------------------------------------------------
Slack (MET) :             0.012ns  (required time - arrival time)
  Source:                 rv64im72f_6sp/alu/i___468_psdsp/C
                            (rising edge-triggered cell FDRE clocked by clk_out1_clk_wiz_0_1  {rise@0.000ns fall@4.902ns period=9.804ns})
  Destination:            rv64im72f_6sp/alu/multiplier_dword/prod_high_reg[61]/D
                            (rising edge-triggered cell FDCE clocked by clk_out1_clk_wiz_0_1  {rise@0.000ns fall@4.902ns period=9.804ns})
  Path Group:             clk_out1_clk_wiz_0_1
  Path Type:              Setup (Max at Slow Process Corner)
  Requirement:            9.804ns  (clk_out1_clk_wiz_0_1 rise@9.804ns - clk_out1_clk_wiz_0_1 rise@0.000ns)
  Data Path Delay:        9.398ns  (logic 6.471ns (68.851%)  route 2.927ns (31.149%))
  Logic Levels:           34  (CARRY4=30 LUT1=1 LUT3=3)
  Clock Path Skew:        -0.303ns (DCD - SCD + CPR)
    Destination Clock Delay (DCD):    -1.763ns = ( 8.041 - 9.804 ) 
    Source Clock Delay      (SCD):    -1.947ns
    Clock Pessimism Removal (CPR):    -0.487ns
  Clock Uncertainty:      0.121ns  ((TSJ^2 + DJ^2)^1/2) / 2 + PE
    Total System Jitter     (TSJ):    0.071ns
    Discrete Jitter          (DJ):    0.232ns
    Phase Error              (PE):    0.000ns

    Location             Delay type                Incr(ns)  Path(ns)    Netlist Resource(s)
  -------------------------------------------------------------------    -------------------
                         (clock clk_out1_clk_wiz_0_1 rise edge)
                                                      0.000     0.000 r  
    R4                                                0.000     0.000 r  clk (IN)
                         net (fo=0)                   0.000     0.000    clk_gen/inst/clk_in1
    R4                   IBUF (Prop_ibuf_I_O)         1.475     1.475 r  clk_gen/inst/clkin1_ibufg/O
                         net (fo=1, routed)           1.253     2.728    clk_gen/inst/clk_in1_clk_wiz_0
    PLLE2_ADV_X1Y2       PLLE2_ADV (Prop_plle2_adv_CLKIN1_CLKOUT0)
                                                     -8.953    -6.225 r  clk_gen/inst/plle2_adv_inst/CLKOUT0
                         net (fo=1, routed)           1.802    -4.422    clk_gen/inst/clk_out1_clk_wiz_0
    BUFGCTRL_X0Y15       BUFG (Prop_bufg_I_O)         0.096    -4.326 r  clk_gen/inst/clkout1_buf_replica/O
                         net (fo=5, routed)           0.154    -4.172    clk_gen/inst/clk_out1_repN
    BUFGCTRL_X0Y0        BUFG (Prop_bufg_I_O)         0.096    -4.076 r  clk_gen/inst/clkout1_buf/O
                         net (fo=5070, routed)        2.129    -1.947    rv64im72f_6sp/alu/clk_out1
    SLICE_X11Y40         FDRE                                         r  rv64im72f_6sp/alu/i___468_psdsp/C
  -------------------------------------------------------------------    -------------------
    SLICE_X11Y40         FDRE (Prop_fdre_C_Q)         0.456    -1.491 r  rv64im72f_6sp/alu/i___468_psdsp/Q
                         net (fo=2, routed)           0.826    -0.665    rv64im72f_6sp/alu/multiplier_dword/mult_ALBL__2_0[2]
    SLICE_X12Y40         LUT3 (Prop_lut3_I1_O)        0.124    -0.541 r  rv64im72f_6sp/alu/multiplier_dword/prod_low[19]_i_8/O
                         net (fo=1, routed)           0.000    -0.541    rv64im72f_6sp/alu/multiplier_dword/prod_low[19]_i_8_n_0
    SLICE_X12Y40         CARRY4 (Prop_carry4_S[3]_CO[3])
                                                      0.376    -0.165 r  rv64im72f_6sp/alu/multiplier_dword/prod_low_reg[19]_i_3/CO[3]
                         net (fo=1, routed)           0.000    -0.165    rv64im72f_6sp/alu/multiplier_dword/prod_low_reg[19]_i_3_n_0
    SLICE_X12Y41         CARRY4 (Prop_carry4_CI_CO[3])
                                                      0.117    -0.048 r  rv64im72f_6sp/alu/multiplier_dword/prod_low_reg[23]_i_3/CO[3]
                         net (fo=1, routed)           0.000    -0.048    rv64im72f_6sp/alu/multiplier_dword/prod_low_reg[23]_i_3_n_0
    SLICE_X12Y42         CARRY4 (Prop_carry4_CI_CO[3])
                                                      0.117     0.069 r  rv64im72f_6sp/alu/multiplier_dword/prod_low_reg[27]_i_3/CO[3]
                         net (fo=1, routed)           0.000     0.069    rv64im72f_6sp/alu/multiplier_dword/prod_low_reg[27]_i_3_n_0
    SLICE_X12Y43         CARRY4 (Prop_carry4_CI_CO[3])
                                                      0.117     0.186 r  rv64im72f_6sp/alu/multiplier_dword/prod_low_reg[31]_i_3/CO[3]
                         net (fo=1, routed)           0.000     0.186    rv64im72f_6sp/alu/multiplier_dword/prod_low_reg[31]_i_3_n_0
    SLICE_X12Y44         CARRY4 (Prop_carry4_CI_CO[3])
                                                      0.117     0.303 r  rv64im72f_6sp/alu/multiplier_dword/prod_low_reg[39]_i_16/CO[3]
                         net (fo=1, routed)           0.000     0.303    rv64im72f_6sp/alu/multiplier_dword/prod_low_reg[39]_i_16_n_0
    SLICE_X12Y45         CARRY4 (Prop_carry4_CI_CO[3])
                                                      0.117     0.420 r  rv64im72f_6sp/alu/multiplier_dword/prod_low_reg[43]_i_16/CO[3]
                         net (fo=1, routed)           0.000     0.420    rv64im72f_6sp/alu/multiplier_dword/prod_low_reg[43]_i_16_n_0
    SLICE_X12Y46         CARRY4 (Prop_carry4_CI_CO[3])
                                                      0.117     0.537 r  rv64im72f_6sp/alu/multiplier_dword/prod_low_reg[47]_i_16/CO[3]
                         net (fo=1, routed)           0.000     0.537    rv64im72f_6sp/alu/multiplier_dword/prod_low_reg[47]_i_16_n_0
    SLICE_X12Y47         CARRY4 (Prop_carry4_CI_CO[3])
                                                      0.117     0.654 r  rv64im72f_6sp/alu/multiplier_dword/prod_low_reg[51]_i_16/CO[3]
                         net (fo=1, routed)           0.000     0.654    rv64im72f_6sp/alu/multiplier_dword/prod_low_reg[51]_i_16_n_0
    SLICE_X12Y48         CARRY4 (Prop_carry4_CI_CO[3])
                                                      0.117     0.771 r  rv64im72f_6sp/alu/multiplier_dword/prod_low_reg[55]_i_18/CO[3]
                         net (fo=1, routed)           0.000     0.771    rv64im72f_6sp/alu/multiplier_dword/prod_low_reg[55]_i_18_n_0
    SLICE_X12Y49         CARRY4 (Prop_carry4_CI_CO[3])
                                                      0.117     0.888 r  rv64im72f_6sp/alu/multiplier_dword/prod_low_reg[59]_i_18/CO[3]
                         net (fo=1, routed)           0.001     0.889    rv64im72f_6sp/alu/multiplier_dword/prod_low_reg[59]_i_18_n_0
    SLICE_X12Y50         CARRY4 (Prop_carry4_CI_CO[3])
                                                      0.117     1.006 r  rv64im72f_6sp/alu/multiplier_dword/prod_low_reg[63]_i_18/CO[3]
                         net (fo=1, routed)           0.000     1.006    rv64im72f_6sp/alu/multiplier_dword/prod_low_reg[63]_i_18_n_0
    SLICE_X12Y51         CARRY4 (Prop_carry4_CI_O[1])
                                                      0.323     1.329 r  rv64im72f_6sp/alu/multiplier_dword/prod_high_reg[3]_i_18/O[1]
                         net (fo=2, routed)           0.513     1.842    rv64im72f_6sp/alu/multiplier_dword/prod_ALBL_s2_reg[61]
    SLICE_X12Y52         LUT3 (Prop_lut3_I2_O)        0.306     2.148 r  rv64im72f_6sp/alu/multiplier_dword/prod_low[63]_i_9/O
                         net (fo=2, routed)           0.637     2.785    rv64im72f_6sp/alu/multiplier_dword/prod_low[63]_i_9_n_0
    SLICE_X14Y51         CARRY4 (Prop_carry4_DI[2]_CO[3])
                                                      0.404     3.189 r  rv64im72f_6sp/alu/multiplier_dword/prod_low_reg[63]_i_3/CO[3]
                         net (fo=1, routed)           0.000     3.189    rv64im72f_6sp/alu/multiplier_dword/prod_low_reg[63]_i_3_n_0
    SLICE_X14Y52         CARRY4 (Prop_carry4_CI_CO[3])
                                                      0.117     3.306 r  rv64im72f_6sp/alu/multiplier_dword/prod_high_reg[3]_i_3/CO[3]
                         net (fo=1, routed)           0.000     3.306    rv64im72f_6sp/alu/multiplier_dword/prod_high_reg[3]_i_3_n_0
    SLICE_X14Y53         CARRY4 (Prop_carry4_CI_CO[3])
                                                      0.117     3.423 r  rv64im72f_6sp/alu/multiplier_dword/prod_high_reg[7]_i_3/CO[3]
                         net (fo=1, routed)           0.000     3.423    rv64im72f_6sp/alu/multiplier_dword/prod_high_reg[7]_i_3_n_0
    SLICE_X14Y54         CARRY4 (Prop_carry4_CI_CO[3])
                                                      0.117     3.540 r  rv64im72f_6sp/alu/multiplier_dword/prod_high_reg[11]_i_3/CO[3]
                         net (fo=1, routed)           0.000     3.540    rv64im72f_6sp/alu/multiplier_dword/prod_high_reg[11]_i_3_n_0
    SLICE_X14Y55         CARRY4 (Prop_carry4_CI_CO[3])
                                                      0.117     3.657 r  rv64im72f_6sp/alu/multiplier_dword/prod_high_reg[15]_i_3/CO[3]
                         net (fo=1, routed)           0.000     3.657    rv64im72f_6sp/alu/multiplier_dword/prod_high_reg[15]_i_3_n_0
    SLICE_X14Y56         CARRY4 (Prop_carry4_CI_CO[3])
                                                      0.117     3.774 r  rv64im72f_6sp/alu/multiplier_dword/prod_high_reg[19]_i_3/CO[3]
                         net (fo=1, routed)           0.000     3.774    rv64im72f_6sp/alu/multiplier_dword/prod_high_reg[19]_i_3_n_0
    SLICE_X14Y57         CARRY4 (Prop_carry4_CI_CO[3])
                                                      0.117     3.891 r  rv64im72f_6sp/alu/multiplier_dword/prod_high_reg[23]_i_3/CO[3]
                         net (fo=1, routed)           0.000     3.891    rv64im72f_6sp/alu/multiplier_dword/prod_high_reg[23]_i_3_n_0
    SLICE_X14Y58         CARRY4 (Prop_carry4_CI_CO[3])
                                                      0.117     4.008 r  rv64im72f_6sp/alu/multiplier_dword/prod_high_reg[27]_i_3/CO[3]
                         net (fo=1, routed)           0.000     4.008    rv64im72f_6sp/alu/multiplier_dword/prod_high_reg[27]_i_3_n_0
    SLICE_X14Y59         CARRY4 (Prop_carry4_CI_CO[3])
                                                      0.117     4.125 r  rv64im72f_6sp/alu/multiplier_dword/prod_high_reg[31]_i_3/CO[3]
                         net (fo=1, routed)           0.000     4.125    rv64im72f_6sp/alu/multiplier_dword/prod_high_reg[31]_i_3_n_0
    SLICE_X14Y60         CARRY4 (Prop_carry4_CI_CO[3])
                                                      0.117     4.242 r  rv64im72f_6sp/alu/multiplier_dword/prod_high_reg[35]_i_3/CO[3]
                         net (fo=1, routed)           0.000     4.242    rv64im72f_6sp/alu/multiplier_dword/prod_high_reg[35]_i_3_n_0
    SLICE_X14Y61         CARRY4 (Prop_carry4_CI_CO[3])
                                                      0.117     4.359 r  rv64im72f_6sp/alu/multiplier_dword/prod_high_reg[39]_i_3/CO[3]
                         net (fo=1, routed)           0.000     4.359    rv64im72f_6sp/alu/multiplier_dword/prod_high_reg[39]_i_3_n_0
    SLICE_X14Y62         CARRY4 (Prop_carry4_CI_CO[3])
                                                      0.117     4.476 r  rv64im72f_6sp/alu/multiplier_dword/prod_high_reg[43]_i_3/CO[3]
                         net (fo=1, routed)           0.000     4.476    rv64im72f_6sp/alu/multiplier_dword/prod_high_reg[43]_i_3_n_0
    SLICE_X14Y63         CARRY4 (Prop_carry4_CI_O[0])
                                                      0.219     4.695 f  rv64im72f_6sp/alu/multiplier_dword/prod_high_reg[47]_i_3/O[0]
                         net (fo=2, routed)           0.662     5.357    rv64im72f_6sp/alu/multiplier_dword/in[108]
    SLICE_X15Y63         LUT1 (Prop_lut1_I0_O)        0.295     5.652 r  rv64im72f_6sp/alu/multiplier_dword/prod_high[47]_i_7/O
                         net (fo=1, routed)           0.000     5.652    rv64im72f_6sp/alu/multiplier_dword/prod_high[47]_i_7_n_0
    SLICE_X15Y63         CARRY4 (Prop_carry4_S[0]_CO[3])
                                                      0.532     6.184 r  rv64im72f_6sp/alu/multiplier_dword/prod_high_reg[47]_i_2/CO[3]
                         net (fo=1, routed)           0.000     6.184    rv64im72f_6sp/alu/multiplier_dword/prod_high_reg[47]_i_2_n_0
    SLICE_X15Y64         CARRY4 (Prop_carry4_CI_CO[3])
                                                      0.114     6.298 r  rv64im72f_6sp/alu/multiplier_dword/prod_high_reg[51]_i_2/CO[3]
                         net (fo=1, routed)           0.000     6.298    rv64im72f_6sp/alu/multiplier_dword/prod_high_reg[51]_i_2_n_0
    SLICE_X15Y65         CARRY4 (Prop_carry4_CI_CO[3])
                                                      0.114     6.412 r  rv64im72f_6sp/alu/multiplier_dword/prod_high_reg[55]_i_2/CO[3]
                         net (fo=1, routed)           0.000     6.412    rv64im72f_6sp/alu/multiplier_dword/prod_high_reg[55]_i_2_n_0
    SLICE_X15Y66         CARRY4 (Prop_carry4_CI_CO[3])
                                                      0.114     6.526 r  rv64im72f_6sp/alu/multiplier_dword/prod_high_reg[59]_i_2/CO[3]
                         net (fo=1, routed)           0.000     6.526    rv64im72f_6sp/alu/multiplier_dword/prod_high_reg[59]_i_2_n_0
    SLICE_X15Y67         CARRY4 (Prop_carry4_CI_O[1])
                                                      0.334     6.860 r  rv64im72f_6sp/alu/multiplier_dword/prod_high_reg[63]_i_3/O[1]
                         net (fo=1, routed)           0.289     7.149    rv64im72f_6sp/alu/multiplier_dword/prod_corrected0[125]
    SLICE_X13Y67         LUT3 (Prop_lut3_I0_O)        0.303     7.452 r  rv64im72f_6sp/alu/multiplier_dword/prod_high[61]_i_1/O
                         net (fo=1, routed)           0.000     7.452    rv64im72f_6sp/alu/multiplier_dword/prod_high[61]_i_1_n_0
    SLICE_X13Y67         FDCE                                         r  rv64im72f_6sp/alu/multiplier_dword/prod_high_reg[61]/D
  -------------------------------------------------------------------    -------------------

                         (clock clk_out1_clk_wiz_0_1 rise edge)
                                                      9.804     9.804 r  
    R4                                                0.000     9.804 r  clk (IN)
                         net (fo=0)                   0.000     9.804    clk_gen/inst/clk_in1
    R4                   IBUF (Prop_ibuf_I_O)         1.405    11.209 r  clk_gen/inst/clkin1_ibufg/O
                         net (fo=1, routed)           1.181    12.389    clk_gen/inst/clk_in1_clk_wiz_0
    PLLE2_ADV_X1Y2       PLLE2_ADV (Prop_plle2_adv_CLKIN1_CLKOUT0)
                                                     -8.206     4.184 r  clk_gen/inst/plle2_adv_inst/CLKOUT0
                         net (fo=1, routed)           1.718     5.902    clk_gen/inst/clk_out1_clk_wiz_0
    BUFGCTRL_X0Y15       BUFG (Prop_bufg_I_O)         0.091     5.993 r  clk_gen/inst/clkout1_buf_replica/O
                         net (fo=5, routed)           0.147     6.140    clk_gen/inst/clk_out1_repN
    BUFGCTRL_X0Y0        BUFG (Prop_bufg_I_O)         0.091     6.231 r  clk_gen/inst/clkout1_buf/O
                         net (fo=5070, routed)        1.810     8.041    rv64im72f_6sp/alu/multiplier_dword/clk_out1
    SLICE_X13Y67         FDCE                                         r  rv64im72f_6sp/alu/multiplier_dword/prod_high_reg[61]/C
                         clock pessimism             -0.487     7.554    
                         clock uncertainty           -0.121     7.433    
    SLICE_X13Y67         FDCE (Setup_fdce_C_D)        0.031     7.464    rv64im72f_6sp/alu/multiplier_dword/prod_high_reg[61]
  -------------------------------------------------------------------
                         required time                          7.464    
                         arrival time                          -7.452    
  -------------------------------------------------------------------
                         slack                                  0.012    





Min Delay Paths
--------------------------------------------------------------------------------------
Slack (MET) :             0.144ns  (arrival time - required time)
  Source:                 rv64im72f_6sp/alu/multiplier_dword/prod_ALBL_s2_reg[7]__1/C
                            (rising edge-triggered cell FDCE clocked by clk_out1_clk_wiz_0_1  {rise@0.000ns fall@4.902ns period=9.804ns})
  Destination:            rv64im72f_6sp/alu/multiplier_dword/prod_low_reg[7]/D
                            (rising edge-triggered cell FDCE clocked by clk_out1_clk_wiz_0_1  {rise@0.000ns fall@4.902ns period=9.804ns})
  Path Group:             clk_out1_clk_wiz_0_1
  Path Type:              Hold (Min at Fast Process Corner)
  Requirement:            0.000ns  (clk_out1_clk_wiz_0_1 rise@0.000ns - clk_out1_clk_wiz_0_1 rise@0.000ns)
  Data Path Delay:        0.278ns  (logic 0.186ns (66.849%)  route 0.092ns (33.151%))
  Logic Levels:           1  (LUT3=1)
  Clock Path Skew:        0.013ns (DCD - SCD - CPR)
    Destination Clock Delay (DCD):    -0.177ns
    Source Clock Delay      (SCD):    -0.417ns
    Clock Pessimism Removal (CPR):    0.227ns

    Location             Delay type                Incr(ns)  Path(ns)    Netlist Resource(s)
  -------------------------------------------------------------------    -------------------
                         (clock clk_out1_clk_wiz_0_1 rise edge)
                                                      0.000     0.000 r  
    R4                                                0.000     0.000 r  clk (IN)
                         net (fo=0)                   0.000     0.000    clk_gen/inst/clk_in1
    R4                   IBUF (Prop_ibuf_I_O)         0.243     0.243 r  clk_gen/inst/clkin1_ibufg/O
                         net (fo=1, routed)           0.440     0.683    clk_gen/inst/clk_in1_clk_wiz_0
    PLLE2_ADV_X1Y2       PLLE2_ADV (Prop_plle2_adv_CLKIN1_CLKOUT0)
                                                     -2.503    -1.819 r  clk_gen/inst/plle2_adv_inst/CLKOUT0
                         net (fo=1, routed)           0.546    -1.273    clk_gen/inst/clk_out1_clk_wiz_0
    BUFGCTRL_X0Y15       BUFG (Prop_bufg_I_O)         0.026    -1.247 r  clk_gen/inst/clkout1_buf_replica/O
                         net (fo=5, routed)           0.042    -1.205    clk_gen/inst/clk_out1_repN
    BUFGCTRL_X0Y0        BUFG (Prop_bufg_I_O)         0.026    -1.179 r  clk_gen/inst/clkout1_buf/O
                         net (fo=5070, routed)        0.763    -0.417    rv64im72f_6sp/alu/multiplier_dword/clk_out1
    SLICE_X13Y37         FDCE                                         r  rv64im72f_6sp/alu/multiplier_dword/prod_ALBL_s2_reg[7]__1/C
  -------------------------------------------------------------------    -------------------
    SLICE_X13Y37         FDCE (Prop_fdce_C_Q)         0.141    -0.276 r  rv64im72f_6sp/alu/multiplier_dword/prod_ALBL_s2_reg[7]__1/Q
                         net (fo=2, routed)           0.092    -0.183    rv64im72f_6sp/alu/multiplier_dword/prod_ALBL_s2_reg[7]__1_n_0
    SLICE_X12Y37         LUT3 (Prop_lut3_I2_O)        0.045    -0.138 r  rv64im72f_6sp/alu/multiplier_dword/prod_low[7]_i_1__0/O
                         net (fo=1, routed)           0.000    -0.138    rv64im72f_6sp/alu/multiplier_dword/prod_low[7]_i_1__0_n_0
    SLICE_X12Y37         FDCE                                         r  rv64im72f_6sp/alu/multiplier_dword/prod_low_reg[7]/D
  -------------------------------------------------------------------    -------------------

                         (clock clk_out1_clk_wiz_0_1 rise edge)
                                                      0.000     0.000 r  
    R4                                                0.000     0.000 r  clk (IN)
                         net (fo=0)                   0.000     0.000    clk_gen/inst/clk_in1
    R4                   IBUF (Prop_ibuf_I_O)         0.431     0.431 r  clk_gen/inst/clkin1_ibufg/O
                         net (fo=1, routed)           0.481     0.912    clk_gen/inst/clk_in1_clk_wiz_0
    PLLE2_ADV_X1Y2       PLLE2_ADV (Prop_plle2_adv_CLKIN1_CLKOUT0)
                                                     -2.828    -1.916 r  clk_gen/inst/plle2_adv_inst/CLKOUT0
                         net (fo=1, routed)           0.595    -1.322    clk_gen/inst/clk_out1_clk_wiz_0
    BUFGCTRL_X0Y15       BUFG (Prop_bufg_I_O)         0.029    -1.293 r  clk_gen/inst/clkout1_buf_replica/O
                         net (fo=5, routed)           0.046    -1.247    clk_gen/inst/clk_out1_repN
    BUFGCTRL_X0Y0        BUFG (Prop_bufg_I_O)         0.029    -1.218 r  clk_gen/inst/clkout1_buf/O
                         net (fo=5070, routed)        1.041    -0.177    rv64im72f_6sp/alu/multiplier_dword/clk_out1
    SLICE_X12Y37         FDCE                                         r  rv64im72f_6sp/alu/multiplier_dword/prod_low_reg[7]/C
                         clock pessimism             -0.227    -0.404    
    SLICE_X12Y37         FDCE (Hold_fdce_C_D)         0.121    -0.283    rv64im72f_6sp/alu/multiplier_dword/prod_low_reg[7]
  -------------------------------------------------------------------
                         required time                          0.283    
                         arrival time                          -0.138    
  -------------------------------------------------------------------
                         slack                                  0.144    





Pulse Width Checks
--------------------------------------------------------------------------------------
Clock Name:         clk_out1_clk_wiz_0_1
Waveform(ns):       { 0.000 4.902 }
Period(ns):         9.804
Sources:            { clk_gen/inst/plle2_adv_inst/CLKOUT0 }

Check Type        Corner  Lib Pin             Reference Pin  Required(ns)  Actual(ns)  Slack(ns)  Location        Pin
Min Period        n/a     RAMB36E1/CLKARDCLK  n/a            2.944         9.804       6.860      RAMB36_X2Y2     rv64im72f_6sp/data_memory/memory_bank0_reg_0/CLKARDCLK
Max Period        n/a     PLLE2_ADV/CLKOUT0   n/a            160.000       9.804       150.196    PLLE2_ADV_X1Y2  clk_gen/inst/plle2_adv_inst/CLKOUT0
Low Pulse Width   Slow    RAMD32/CLK          n/a            1.250         4.902       3.652      SLICE_X36Y15    rv64im72f_6sp/register_file/registers_reg_r1_0_31_0_5/RAMA/CLK
High Pulse Width  Slow    RAMD32/CLK          n/a            1.250         4.902       3.652      SLICE_X36Y15    rv64im72f_6sp/register_file/registers_reg_r1_0_31_0_5/RAMA/CLK



---------------------------------------------------------------------------------------------------
From Clock:  clkfbout_clk_wiz_0_1
  To Clock:  clkfbout_clk_wiz_0_1

Setup :           NA  Failing Endpoints,  Worst Slack           NA  ,  Total Violation           NA
Hold  :           NA  Failing Endpoints,  Worst Slack           NA  ,  Total Violation           NA
PW    :            0  Failing Endpoints,  Worst Slack        2.633ns,  Total Violation        0.000ns
---------------------------------------------------------------------------------------------------


Pulse Width Checks
--------------------------------------------------------------------------------------
Clock Name:         clkfbout_clk_wiz_0_1
Waveform(ns):       { 0.000 25.000 }
Period(ns):         50.000
Sources:            { clk_gen/inst/plle2_adv_inst/CLKFBOUT }

Check Type  Corner  Lib Pin            Reference Pin  Required(ns)  Actual(ns)  Slack(ns)  Location        Pin
Min Period  n/a     BUFG/I             n/a            2.155         50.000      47.845     BUFGCTRL_X0Y1   clk_gen/inst/clkf_buf/I
Max Period  n/a     PLLE2_ADV/CLKFBIN  n/a            52.633        50.000      2.633      PLLE2_ADV_X1Y2  clk_gen/inst/plle2_adv_inst/CLKFBIN



---------------------------------------------------------------------------------------------------
From Clock:  clk_out1_clk_wiz_0_1
  To Clock:  clk_out1_clk_wiz_0

Setup :            0  Failing Endpoints,  Worst Slack        0.010ns,  Total Violation        0.000ns
Hold  :            0  Failing Endpoints,  Worst Slack        0.021ns,  Total Violation        0.000ns
---------------------------------------------------------------------------------------------------


Max Delay Paths
--------------------------------------------------------------------------------------
Slack (MET) :             0.010ns  (required time - arrival time)
  Source:                 rv64im72f_6sp/alu/i___468_psdsp/C
                            (rising edge-triggered cell FDRE clocked by clk_out1_clk_wiz_0_1  {rise@0.000ns fall@4.902ns period=9.804ns})
  Destination:            rv64im72f_6sp/alu/multiplier_dword/prod_high_reg[61]/D
                            (rising edge-triggered cell FDCE clocked by clk_out1_clk_wiz_0  {rise@0.000ns fall@4.902ns period=9.804ns})
  Path Group:             clk_out1_clk_wiz_0
  Path Type:              Setup (Max at Slow Process Corner)
  Requirement:            9.804ns  (clk_out1_clk_wiz_0 rise@9.804ns - clk_out1_clk_wiz_0_1 rise@0.000ns)
  Data Path Delay:        9.398ns  (logic 6.471ns (68.851%)  route 2.927ns (31.149%))
  Logic Levels:           34  (CARRY4=30 LUT1=1 LUT3=3)
  Clock Path Skew:        -0.303ns (DCD - SCD + CPR)
    Destination Clock Delay (DCD):    -1.763ns = ( 8.041 - 9.804 ) 
    Source Clock Delay      (SCD):    -1.947ns
    Clock Pessimism Removal (CPR):    -0.487ns
  Clock Uncertainty:      0.123ns  ((TSJ^2 + DJ^2)^1/2) / 2 + PE
    Total System Jitter     (TSJ):    0.071ns
    Discrete Jitter          (DJ):    0.236ns
    Phase Error              (PE):    0.000ns
  Clock Domain Crossing:  Inter clock paths are considered valid unless explicitly excluded by timing constraints such as set_clock_groups or set_false_path.

    Location             Delay type                Incr(ns)  Path(ns)    Netlist Resource(s)
  -------------------------------------------------------------------    -------------------
                         (clock clk_out1_clk_wiz_0_1 rise edge)
                                                      0.000     0.000 r  
    R4                                                0.000     0.000 r  clk (IN)
                         net (fo=0)                   0.000     0.000    clk_gen/inst/clk_in1
    R4                   IBUF (Prop_ibuf_I_O)         1.475     1.475 r  clk_gen/inst/clkin1_ibufg/O
                         net (fo=1, routed)           1.253     2.728    clk_gen/inst/clk_in1_clk_wiz_0
    PLLE2_ADV_X1Y2       PLLE2_ADV (Prop_plle2_adv_CLKIN1_CLKOUT0)
                                                     -8.953    -6.225 r  clk_gen/inst/plle2_adv_inst/CLKOUT0
                         net (fo=1, routed)           1.802    -4.422    clk_gen/inst/clk_out1_clk_wiz_0
    BUFGCTRL_X0Y15       BUFG (Prop_bufg_I_O)         0.096    -4.326 r  clk_gen/inst/clkout1_buf_replica/O
                         net (fo=5, routed)           0.154    -4.172    clk_gen/inst/clk_out1_repN
    BUFGCTRL_X0Y0        BUFG (Prop_bufg_I_O)         0.096    -4.076 r  clk_gen/inst/clkout1_buf/O
                         net (fo=5070, routed)        2.129    -1.947    rv64im72f_6sp/alu/clk_out1
    SLICE_X11Y40         FDRE                                         r  rv64im72f_6sp/alu/i___468_psdsp/C
  -------------------------------------------------------------------    -------------------
    SLICE_X11Y40         FDRE (Prop_fdre_C_Q)         0.456    -1.491 r  rv64im72f_6sp/alu/i___468_psdsp/Q
                         net (fo=2, routed)           0.826    -0.665    rv64im72f_6sp/alu/multiplier_dword/mult_ALBL__2_0[2]
    SLICE_X12Y40         LUT3 (Prop_lut3_I1_O)        0.124    -0.541 r  rv64im72f_6sp/alu/multiplier_dword/prod_low[19]_i_8/O
                         net (fo=1, routed)           0.000    -0.541    rv64im72f_6sp/alu/multiplier_dword/prod_low[19]_i_8_n_0
    SLICE_X12Y40         CARRY4 (Prop_carry4_S[3]_CO[3])
                                                      0.376    -0.165 r  rv64im72f_6sp/alu/multiplier_dword/prod_low_reg[19]_i_3/CO[3]
                         net (fo=1, routed)           0.000    -0.165    rv64im72f_6sp/alu/multiplier_dword/prod_low_reg[19]_i_3_n_0
    SLICE_X12Y41         CARRY4 (Prop_carry4_CI_CO[3])
                                                      0.117    -0.048 r  rv64im72f_6sp/alu/multiplier_dword/prod_low_reg[23]_i_3/CO[3]
                         net (fo=1, routed)           0.000    -0.048    rv64im72f_6sp/alu/multiplier_dword/prod_low_reg[23]_i_3_n_0
    SLICE_X12Y42         CARRY4 (Prop_carry4_CI_CO[3])
                                                      0.117     0.069 r  rv64im72f_6sp/alu/multiplier_dword/prod_low_reg[27]_i_3/CO[3]
                         net (fo=1, routed)           0.000     0.069    rv64im72f_6sp/alu/multiplier_dword/prod_low_reg[27]_i_3_n_0
    SLICE_X12Y43         CARRY4 (Prop_carry4_CI_CO[3])
                                                      0.117     0.186 r  rv64im72f_6sp/alu/multiplier_dword/prod_low_reg[31]_i_3/CO[3]
                         net (fo=1, routed)           0.000     0.186    rv64im72f_6sp/alu/multiplier_dword/prod_low_reg[31]_i_3_n_0
    SLICE_X12Y44         CARRY4 (Prop_carry4_CI_CO[3])
                                                      0.117     0.303 r  rv64im72f_6sp/alu/multiplier_dword/prod_low_reg[39]_i_16/CO[3]
                         net (fo=1, routed)           0.000     0.303    rv64im72f_6sp/alu/multiplier_dword/prod_low_reg[39]_i_16_n_0
    SLICE_X12Y45         CARRY4 (Prop_carry4_CI_CO[3])
                                                      0.117     0.420 r  rv64im72f_6sp/alu/multiplier_dword/prod_low_reg[43]_i_16/CO[3]
                         net (fo=1, routed)           0.000     0.420    rv64im72f_6sp/alu/multiplier_dword/prod_low_reg[43]_i_16_n_0
    SLICE_X12Y46         CARRY4 (Prop_carry4_CI_CO[3])
                                                      0.117     0.537 r  rv64im72f_6sp/alu/multiplier_dword/prod_low_reg[47]_i_16/CO[3]
                         net (fo=1, routed)           0.000     0.537    rv64im72f_6sp/alu/multiplier_dword/prod_low_reg[47]_i_16_n_0
    SLICE_X12Y47         CARRY4 (Prop_carry4_CI_CO[3])
                                                      0.117     0.654 r  rv64im72f_6sp/alu/multiplier_dword/prod_low_reg[51]_i_16/CO[3]
                         net (fo=1, routed)           0.000     0.654    rv64im72f_6sp/alu/multiplier_dword/prod_low_reg[51]_i_16_n_0
    SLICE_X12Y48         CARRY4 (Prop_carry4_CI_CO[3])
                                                      0.117     0.771 r  rv64im72f_6sp/alu/multiplier_dword/prod_low_reg[55]_i_18/CO[3]
                         net (fo=1, routed)           0.000     0.771    rv64im72f_6sp/alu/multiplier_dword/prod_low_reg[55]_i_18_n_0
    SLICE_X12Y49         CARRY4 (Prop_carry4_CI_CO[3])
                                                      0.117     0.888 r  rv64im72f_6sp/alu/multiplier_dword/prod_low_reg[59]_i_18/CO[3]
                         net (fo=1, routed)           0.001     0.889    rv64im72f_6sp/alu/multiplier_dword/prod_low_reg[59]_i_18_n_0
    SLICE_X12Y50         CARRY4 (Prop_carry4_CI_CO[3])
                                                      0.117     1.006 r  rv64im72f_6sp/alu/multiplier_dword/prod_low_reg[63]_i_18/CO[3]
                         net (fo=1, routed)           0.000     1.006    rv64im72f_6sp/alu/multiplier_dword/prod_low_reg[63]_i_18_n_0
    SLICE_X12Y51         CARRY4 (Prop_carry4_CI_O[1])
                                                      0.323     1.329 r  rv64im72f_6sp/alu/multiplier_dword/prod_high_reg[3]_i_18/O[1]
                         net (fo=2, routed)           0.513     1.842    rv64im72f_6sp/alu/multiplier_dword/prod_ALBL_s2_reg[61]
    SLICE_X12Y52         LUT3 (Prop_lut3_I2_O)        0.306     2.148 r  rv64im72f_6sp/alu/multiplier_dword/prod_low[63]_i_9/O
                         net (fo=2, routed)           0.637     2.785    rv64im72f_6sp/alu/multiplier_dword/prod_low[63]_i_9_n_0
    SLICE_X14Y51         CARRY4 (Prop_carry4_DI[2]_CO[3])
                                                      0.404     3.189 r  rv64im72f_6sp/alu/multiplier_dword/prod_low_reg[63]_i_3/CO[3]
                         net (fo=1, routed)           0.000     3.189    rv64im72f_6sp/alu/multiplier_dword/prod_low_reg[63]_i_3_n_0
    SLICE_X14Y52         CARRY4 (Prop_carry4_CI_CO[3])
                                                      0.117     3.306 r  rv64im72f_6sp/alu/multiplier_dword/prod_high_reg[3]_i_3/CO[3]
                         net (fo=1, routed)           0.000     3.306    rv64im72f_6sp/alu/multiplier_dword/prod_high_reg[3]_i_3_n_0
    SLICE_X14Y53         CARRY4 (Prop_carry4_CI_CO[3])
                                                      0.117     3.423 r  rv64im72f_6sp/alu/multiplier_dword/prod_high_reg[7]_i_3/CO[3]
                         net (fo=1, routed)           0.000     3.423    rv64im72f_6sp/alu/multiplier_dword/prod_high_reg[7]_i_3_n_0
    SLICE_X14Y54         CARRY4 (Prop_carry4_CI_CO[3])
                                                      0.117     3.540 r  rv64im72f_6sp/alu/multiplier_dword/prod_high_reg[11]_i_3/CO[3]
                         net (fo=1, routed)           0.000     3.540    rv64im72f_6sp/alu/multiplier_dword/prod_high_reg[11]_i_3_n_0
    SLICE_X14Y55         CARRY4 (Prop_carry4_CI_CO[3])
                                                      0.117     3.657 r  rv64im72f_6sp/alu/multiplier_dword/prod_high_reg[15]_i_3/CO[3]
                         net (fo=1, routed)           0.000     3.657    rv64im72f_6sp/alu/multiplier_dword/prod_high_reg[15]_i_3_n_0
    SLICE_X14Y56         CARRY4 (Prop_carry4_CI_CO[3])
                                                      0.117     3.774 r  rv64im72f_6sp/alu/multiplier_dword/prod_high_reg[19]_i_3/CO[3]
                         net (fo=1, routed)           0.000     3.774    rv64im72f_6sp/alu/multiplier_dword/prod_high_reg[19]_i_3_n_0
    SLICE_X14Y57         CARRY4 (Prop_carry4_CI_CO[3])
                                                      0.117     3.891 r  rv64im72f_6sp/alu/multiplier_dword/prod_high_reg[23]_i_3/CO[3]
                         net (fo=1, routed)           0.000     3.891    rv64im72f_6sp/alu/multiplier_dword/prod_high_reg[23]_i_3_n_0
    SLICE_X14Y58         CARRY4 (Prop_carry4_CI_CO[3])
                                                      0.117     4.008 r  rv64im72f_6sp/alu/multiplier_dword/prod_high_reg[27]_i_3/CO[3]
                         net (fo=1, routed)           0.000     4.008    rv64im72f_6sp/alu/multiplier_dword/prod_high_reg[27]_i_3_n_0
    SLICE_X14Y59         CARRY4 (Prop_carry4_CI_CO[3])
                                                      0.117     4.125 r  rv64im72f_6sp/alu/multiplier_dword/prod_high_reg[31]_i_3/CO[3]
                         net (fo=1, routed)           0.000     4.125    rv64im72f_6sp/alu/multiplier_dword/prod_high_reg[31]_i_3_n_0
    SLICE_X14Y60         CARRY4 (Prop_carry4_CI_CO[3])
                                                      0.117     4.242 r  rv64im72f_6sp/alu/multiplier_dword/prod_high_reg[35]_i_3/CO[3]
                         net (fo=1, routed)           0.000     4.242    rv64im72f_6sp/alu/multiplier_dword/prod_high_reg[35]_i_3_n_0
    SLICE_X14Y61         CARRY4 (Prop_carry4_CI_CO[3])
                                                      0.117     4.359 r  rv64im72f_6sp/alu/multiplier_dword/prod_high_reg[39]_i_3/CO[3]
                         net (fo=1, routed)           0.000     4.359    rv64im72f_6sp/alu/multiplier_dword/prod_high_reg[39]_i_3_n_0
    SLICE_X14Y62         CARRY4 (Prop_carry4_CI_CO[3])
                                                      0.117     4.476 r  rv64im72f_6sp/alu/multiplier_dword/prod_high_reg[43]_i_3/CO[3]
                         net (fo=1, routed)           0.000     4.476    rv64im72f_6sp/alu/multiplier_dword/prod_high_reg[43]_i_3_n_0
    SLICE_X14Y63         CARRY4 (Prop_carry4_CI_O[0])
                                                      0.219     4.695 f  rv64im72f_6sp/alu/multiplier_dword/prod_high_reg[47]_i_3/O[0]
                         net (fo=2, routed)           0.662     5.357    rv64im72f_6sp/alu/multiplier_dword/in[108]
    SLICE_X15Y63         LUT1 (Prop_lut1_I0_O)        0.295     5.652 r  rv64im72f_6sp/alu/multiplier_dword/prod_high[47]_i_7/O
                         net (fo=1, routed)           0.000     5.652    rv64im72f_6sp/alu/multiplier_dword/prod_high[47]_i_7_n_0
    SLICE_X15Y63         CARRY4 (Prop_carry4_S[0]_CO[3])
                                                      0.532     6.184 r  rv64im72f_6sp/alu/multiplier_dword/prod_high_reg[47]_i_2/CO[3]
                         net (fo=1, routed)           0.000     6.184    rv64im72f_6sp/alu/multiplier_dword/prod_high_reg[47]_i_2_n_0
    SLICE_X15Y64         CARRY4 (Prop_carry4_CI_CO[3])
                                                      0.114     6.298 r  rv64im72f_6sp/alu/multiplier_dword/prod_high_reg[51]_i_2/CO[3]
                         net (fo=1, routed)           0.000     6.298    rv64im72f_6sp/alu/multiplier_dword/prod_high_reg[51]_i_2_n_0
    SLICE_X15Y65         CARRY4 (Prop_carry4_CI_CO[3])
                                                      0.114     6.412 r  rv64im72f_6sp/alu/multiplier_dword/prod_high_reg[55]_i_2/CO[3]
                         net (fo=1, routed)           0.000     6.412    rv64im72f_6sp/alu/multiplier_dword/prod_high_reg[55]_i_2_n_0
    SLICE_X15Y66         CARRY4 (Prop_carry4_CI_CO[3])
                                                      0.114     6.526 r  rv64im72f_6sp/alu/multiplier_dword/prod_high_reg[59]_i_2/CO[3]
                         net (fo=1, routed)           0.000     6.526    rv64im72f_6sp/alu/multiplier_dword/prod_high_reg[59]_i_2_n_0
    SLICE_X15Y67         CARRY4 (Prop_carry4_CI_O[1])
                                                      0.334     6.860 r  rv64im72f_6sp/alu/multiplier_dword/prod_high_reg[63]_i_3/O[1]
                         net (fo=1, routed)           0.289     7.149    rv64im72f_6sp/alu/multiplier_dword/prod_corrected0[125]
    SLICE_X13Y67         LUT3 (Prop_lut3_I0_O)        0.303     7.452 r  rv64im72f_6sp/alu/multiplier_dword/prod_high[61]_i_1/O
                         net (fo=1, routed)           0.000     7.452    rv64im72f_6sp/alu/multiplier_dword/prod_high[61]_i_1_n_0
    SLICE_X13Y67         FDCE                                         r  rv64im72f_6sp/alu/multiplier_dword/prod_high_reg[61]/D
  -------------------------------------------------------------------    -------------------

                         (clock clk_out1_clk_wiz_0 rise edge)
                                                      9.804     9.804 r  
    R4                                                0.000     9.804 r  clk (IN)
                         net (fo=0)                   0.000     9.804    clk_gen/inst/clk_in1
    R4                   IBUF (Prop_ibuf_I_O)         1.405    11.209 r  clk_gen/inst/clkin1_ibufg/O
                         net (fo=1, routed)           1.181    12.389    clk_gen/inst/clk_in1_clk_wiz_0
    PLLE2_ADV_X1Y2       PLLE2_ADV (Prop_plle2_adv_CLKIN1_CLKOUT0)
                                                     -8.206     4.184 r  clk_gen/inst/plle2_adv_inst/CLKOUT0
                         net (fo=1, routed)           1.718     5.902    clk_gen/inst/clk_out1_clk_wiz_0
    BUFGCTRL_X0Y15       BUFG (Prop_bufg_I_O)         0.091     5.993 r  clk_gen/inst/clkout1_buf_replica/O
                         net (fo=5, routed)           0.147     6.140    clk_gen/inst/clk_out1_repN
    BUFGCTRL_X0Y0        BUFG (Prop_bufg_I_O)         0.091     6.231 r  clk_gen/inst/clkout1_buf/O
                         net (fo=5070, routed)        1.810     8.041    rv64im72f_6sp/alu/multiplier_dword/clk_out1
    SLICE_X13Y67         FDCE                                         r  rv64im72f_6sp/alu/multiplier_dword/prod_high_reg[61]/C
                         clock pessimism             -0.487     7.554    
                         clock uncertainty           -0.123     7.431    
    SLICE_X13Y67         FDCE (Setup_fdce_C_D)        0.031     7.462    rv64im72f_6sp/alu/multiplier_dword/prod_high_reg[61]
  -------------------------------------------------------------------
                         required time                          7.462    
                         arrival time                          -7.452    
  -------------------------------------------------------------------
                         slack                                  0.010    





Min Delay Paths
--------------------------------------------------------------------------------------
Slack (MET) :             0.021ns  (arrival time - required time)
  Source:                 rv64im72f_6sp/alu/multiplier_dword/prod_ALBL_s2_reg[7]__1/C
                            (rising edge-triggered cell FDCE clocked by clk_out1_clk_wiz_0_1  {rise@0.000ns fall@4.902ns period=9.804ns})
  Destination:            rv64im72f_6sp/alu/multiplier_dword/prod_low_reg[7]/D
                            (rising edge-triggered cell FDCE clocked by clk_out1_clk_wiz_0  {rise@0.000ns fall@4.902ns period=9.804ns})
  Path Group:             clk_out1_clk_wiz_0
  Path Type:              Hold (Min at Fast Process Corner)
  Requirement:            0.000ns  (clk_out1_clk_wiz_0 rise@0.000ns - clk_out1_clk_wiz_0_1 rise@0.000ns)
  Data Path Delay:        0.278ns  (logic 0.186ns (66.849%)  route 0.092ns (33.151%))
  Logic Levels:           1  (LUT3=1)
  Clock Path Skew:        0.013ns (DCD - SCD - CPR)
    Destination Clock Delay (DCD):    -0.177ns
    Source Clock Delay      (SCD):    -0.417ns
    Clock Pessimism Removal (CPR):    0.227ns
  Clock Uncertainty:      0.123ns  ((TSJ^2 + DJ^2)^1/2) / 2 + PE
    Total System Jitter     (TSJ):    0.071ns
    Discrete Jitter          (DJ):    0.236ns
    Phase Error              (PE):    0.000ns
  Clock Domain Crossing:  Inter clock paths are considered valid unless explicitly excluded by timing constraints such as set_clock_groups or set_false_path.

    Location             Delay type                Incr(ns)  Path(ns)    Netlist Resource(s)
  -------------------------------------------------------------------    -------------------
                         (clock clk_out1_clk_wiz_0_1 rise edge)
                                                      0.000     0.000 r  
    R4                                                0.000     0.000 r  clk (IN)
                         net (fo=0)                   0.000     0.000    clk_gen/inst/clk_in1
    R4                   IBUF (Prop_ibuf_I_O)         0.243     0.243 r  clk_gen/inst/clkin1_ibufg/O
                         net (fo=1, routed)           0.440     0.683    clk_gen/inst/clk_in1_clk_wiz_0
    PLLE2_ADV_X1Y2       PLLE2_ADV (Prop_plle2_adv_CLKIN1_CLKOUT0)
                                                     -2.503    -1.819 r  clk_gen/inst/plle2_adv_inst/CLKOUT0
                         net (fo=1, routed)           0.546    -1.273    clk_gen/inst/clk_out1_clk_wiz_0
    BUFGCTRL_X0Y15       BUFG (Prop_bufg_I_O)         0.026    -1.247 r  clk_gen/inst/clkout1_buf_replica/O
                         net (fo=5, routed)           0.042    -1.205    clk_gen/inst/clk_out1_repN
    BUFGCTRL_X0Y0        BUFG (Prop_bufg_I_O)         0.026    -1.179 r  clk_gen/inst/clkout1_buf/O
                         net (fo=5070, routed)        0.763    -0.417    rv64im72f_6sp/alu/multiplier_dword/clk_out1
    SLICE_X13Y37         FDCE                                         r  rv64im72f_6sp/alu/multiplier_dword/prod_ALBL_s2_reg[7]__1/C
  -------------------------------------------------------------------    -------------------
    SLICE_X13Y37         FDCE (Prop_fdce_C_Q)         0.141    -0.276 r  rv64im72f_6sp/alu/multiplier_dword/prod_ALBL_s2_reg[7]__1/Q
                         net (fo=2, routed)           0.092    -0.183    rv64im72f_6sp/alu/multiplier_dword/prod_ALBL_s2_reg[7]__1_n_0
    SLICE_X12Y37         LUT3 (Prop_lut3_I2_O)        0.045    -0.138 r  rv64im72f_6sp/alu/multiplier_dword/prod_low[7]_i_1__0/O
                         net (fo=1, routed)           0.000    -0.138    rv64im72f_6sp/alu/multiplier_dword/prod_low[7]_i_1__0_n_0
    SLICE_X12Y37         FDCE                                         r  rv64im72f_6sp/alu/multiplier_dword/prod_low_reg[7]/D
  -------------------------------------------------------------------    -------------------

                         (clock clk_out1_clk_wiz_0 rise edge)
                                                      0.000     0.000 r  
    R4                                                0.000     0.000 r  clk (IN)
                         net (fo=0)                   0.000     0.000    clk_gen/inst/clk_in1
    R4                   IBUF (Prop_ibuf_I_O)         0.431     0.431 r  clk_gen/inst/clkin1_ibufg/O
                         net (fo=1, routed)           0.481     0.912    clk_gen/inst/clk_in1_clk_wiz_0
    PLLE2_ADV_X1Y2       PLLE2_ADV (Prop_plle2_adv_CLKIN1_CLKOUT0)
                                                     -2.828    -1.916 r  clk_gen/inst/plle2_adv_inst/CLKOUT0
                         net (fo=1, routed)           0.595    -1.322    clk_gen/inst/clk_out1_clk_wiz_0
    BUFGCTRL_X0Y15       BUFG (Prop_bufg_I_O)         0.029    -1.293 r  clk_gen/inst/clkout1_buf_replica/O
                         net (fo=5, routed)           0.046    -1.247    clk_gen/inst/clk_out1_repN
    BUFGCTRL_X0Y0        BUFG (Prop_bufg_I_O)         0.029    -1.218 r  clk_gen/inst/clkout1_buf/O
                         net (fo=5070, routed)        1.041    -0.177    rv64im72f_6sp/alu/multiplier_dword/clk_out1
    SLICE_X12Y37         FDCE                                         r  rv64im72f_6sp/alu/multiplier_dword/prod_low_reg[7]/C
                         clock pessimism             -0.227    -0.404    
                         clock uncertainty            0.123    -0.280    
    SLICE_X12Y37         FDCE (Hold_fdce_C_D)         0.121    -0.159    rv64im72f_6sp/alu/multiplier_dword/prod_low_reg[7]
  -------------------------------------------------------------------
                         required time                          0.159    
                         arrival time                          -0.138    
  -------------------------------------------------------------------
                         slack                                  0.021    





---------------------------------------------------------------------------------------------------
From Clock:  clk_out1_clk_wiz_0
  To Clock:  clk_out1_clk_wiz_0_1

Setup :            0  Failing Endpoints,  Worst Slack        0.010ns,  Total Violation        0.000ns
Hold  :            0  Failing Endpoints,  Worst Slack        0.021ns,  Total Violation        0.000ns
---------------------------------------------------------------------------------------------------


Max Delay Paths
--------------------------------------------------------------------------------------
Slack (MET) :             0.010ns  (required time - arrival time)
  Source:                 rv64im72f_6sp/alu/i___468_psdsp/C
                            (rising edge-triggered cell FDRE clocked by clk_out1_clk_wiz_0  {rise@0.000ns fall@4.902ns period=9.804ns})
  Destination:            rv64im72f_6sp/alu/multiplier_dword/prod_high_reg[61]/D
                            (rising edge-triggered cell FDCE clocked by clk_out1_clk_wiz_0_1  {rise@0.000ns fall@4.902ns period=9.804ns})
  Path Group:             clk_out1_clk_wiz_0_1
  Path Type:              Setup (Max at Slow Process Corner)
  Requirement:            9.804ns  (clk_out1_clk_wiz_0_1 rise@9.804ns - clk_out1_clk_wiz_0 rise@0.000ns)
  Data Path Delay:        9.398ns  (logic 6.471ns (68.851%)  route 2.927ns (31.149%))
  Logic Levels:           34  (CARRY4=30 LUT1=1 LUT3=3)
  Clock Path Skew:        -0.303ns (DCD - SCD + CPR)
    Destination Clock Delay (DCD):    -1.763ns = ( 8.041 - 9.804 ) 
    Source Clock Delay      (SCD):    -1.947ns
    Clock Pessimism Removal (CPR):    -0.487ns
  Clock Uncertainty:      0.123ns  ((TSJ^2 + DJ^2)^1/2) / 2 + PE
    Total System Jitter     (TSJ):    0.071ns
    Discrete Jitter          (DJ):    0.236ns
    Phase Error              (PE):    0.000ns
  Clock Domain Crossing:  Inter clock paths are considered valid unless explicitly excluded by timing constraints such as set_clock_groups or set_false_path.

    Location             Delay type                Incr(ns)  Path(ns)    Netlist Resource(s)
  -------------------------------------------------------------------    -------------------
                         (clock clk_out1_clk_wiz_0 rise edge)
                                                      0.000     0.000 r  
    R4                                                0.000     0.000 r  clk (IN)
                         net (fo=0)                   0.000     0.000    clk_gen/inst/clk_in1
    R4                   IBUF (Prop_ibuf_I_O)         1.475     1.475 r  clk_gen/inst/clkin1_ibufg/O
                         net (fo=1, routed)           1.253     2.728    clk_gen/inst/clk_in1_clk_wiz_0
    PLLE2_ADV_X1Y2       PLLE2_ADV (Prop_plle2_adv_CLKIN1_CLKOUT0)
                                                     -8.953    -6.225 r  clk_gen/inst/plle2_adv_inst/CLKOUT0
                         net (fo=1, routed)           1.802    -4.422    clk_gen/inst/clk_out1_clk_wiz_0
    BUFGCTRL_X0Y15       BUFG (Prop_bufg_I_O)         0.096    -4.326 r  clk_gen/inst/clkout1_buf_replica/O
                         net (fo=5, routed)           0.154    -4.172    clk_gen/inst/clk_out1_repN
    BUFGCTRL_X0Y0        BUFG (Prop_bufg_I_O)         0.096    -4.076 r  clk_gen/inst/clkout1_buf/O
                         net (fo=5070, routed)        2.129    -1.947    rv64im72f_6sp/alu/clk_out1
    SLICE_X11Y40         FDRE                                         r  rv64im72f_6sp/alu/i___468_psdsp/C
  -------------------------------------------------------------------    -------------------
    SLICE_X11Y40         FDRE (Prop_fdre_C_Q)         0.456    -1.491 r  rv64im72f_6sp/alu/i___468_psdsp/Q
                         net (fo=2, routed)           0.826    -0.665    rv64im72f_6sp/alu/multiplier_dword/mult_ALBL__2_0[2]
    SLICE_X12Y40         LUT3 (Prop_lut3_I1_O)        0.124    -0.541 r  rv64im72f_6sp/alu/multiplier_dword/prod_low[19]_i_8/O
                         net (fo=1, routed)           0.000    -0.541    rv64im72f_6sp/alu/multiplier_dword/prod_low[19]_i_8_n_0
    SLICE_X12Y40         CARRY4 (Prop_carry4_S[3]_CO[3])
                                                      0.376    -0.165 r  rv64im72f_6sp/alu/multiplier_dword/prod_low_reg[19]_i_3/CO[3]
                         net (fo=1, routed)           0.000    -0.165    rv64im72f_6sp/alu/multiplier_dword/prod_low_reg[19]_i_3_n_0
    SLICE_X12Y41         CARRY4 (Prop_carry4_CI_CO[3])
                                                      0.117    -0.048 r  rv64im72f_6sp/alu/multiplier_dword/prod_low_reg[23]_i_3/CO[3]
                         net (fo=1, routed)           0.000    -0.048    rv64im72f_6sp/alu/multiplier_dword/prod_low_reg[23]_i_3_n_0
    SLICE_X12Y42         CARRY4 (Prop_carry4_CI_CO[3])
                                                      0.117     0.069 r  rv64im72f_6sp/alu/multiplier_dword/prod_low_reg[27]_i_3/CO[3]
                         net (fo=1, routed)           0.000     0.069    rv64im72f_6sp/alu/multiplier_dword/prod_low_reg[27]_i_3_n_0
    SLICE_X12Y43         CARRY4 (Prop_carry4_CI_CO[3])
                                                      0.117     0.186 r  rv64im72f_6sp/alu/multiplier_dword/prod_low_reg[31]_i_3/CO[3]
                         net (fo=1, routed)           0.000     0.186    rv64im72f_6sp/alu/multiplier_dword/prod_low_reg[31]_i_3_n_0
    SLICE_X12Y44         CARRY4 (Prop_carry4_CI_CO[3])
                                                      0.117     0.303 r  rv64im72f_6sp/alu/multiplier_dword/prod_low_reg[39]_i_16/CO[3]
                         net (fo=1, routed)           0.000     0.303    rv64im72f_6sp/alu/multiplier_dword/prod_low_reg[39]_i_16_n_0
    SLICE_X12Y45         CARRY4 (Prop_carry4_CI_CO[3])
                                                      0.117     0.420 r  rv64im72f_6sp/alu/multiplier_dword/prod_low_reg[43]_i_16/CO[3]
                         net (fo=1, routed)           0.000     0.420    rv64im72f_6sp/alu/multiplier_dword/prod_low_reg[43]_i_16_n_0
    SLICE_X12Y46         CARRY4 (Prop_carry4_CI_CO[3])
                                                      0.117     0.537 r  rv64im72f_6sp/alu/multiplier_dword/prod_low_reg[47]_i_16/CO[3]
                         net (fo=1, routed)           0.000     0.537    rv64im72f_6sp/alu/multiplier_dword/prod_low_reg[47]_i_16_n_0
    SLICE_X12Y47         CARRY4 (Prop_carry4_CI_CO[3])
                                                      0.117     0.654 r  rv64im72f_6sp/alu/multiplier_dword/prod_low_reg[51]_i_16/CO[3]
                         net (fo=1, routed)           0.000     0.654    rv64im72f_6sp/alu/multiplier_dword/prod_low_reg[51]_i_16_n_0
    SLICE_X12Y48         CARRY4 (Prop_carry4_CI_CO[3])
                                                      0.117     0.771 r  rv64im72f_6sp/alu/multiplier_dword/prod_low_reg[55]_i_18/CO[3]
                         net (fo=1, routed)           0.000     0.771    rv64im72f_6sp/alu/multiplier_dword/prod_low_reg[55]_i_18_n_0
    SLICE_X12Y49         CARRY4 (Prop_carry4_CI_CO[3])
                                                      0.117     0.888 r  rv64im72f_6sp/alu/multiplier_dword/prod_low_reg[59]_i_18/CO[3]
                         net (fo=1, routed)           0.001     0.889    rv64im72f_6sp/alu/multiplier_dword/prod_low_reg[59]_i_18_n_0
    SLICE_X12Y50         CARRY4 (Prop_carry4_CI_CO[3])
                                                      0.117     1.006 r  rv64im72f_6sp/alu/multiplier_dword/prod_low_reg[63]_i_18/CO[3]
                         net (fo=1, routed)           0.000     1.006    rv64im72f_6sp/alu/multiplier_dword/prod_low_reg[63]_i_18_n_0
    SLICE_X12Y51         CARRY4 (Prop_carry4_CI_O[1])
                                                      0.323     1.329 r  rv64im72f_6sp/alu/multiplier_dword/prod_high_reg[3]_i_18/O[1]
                         net (fo=2, routed)           0.513     1.842    rv64im72f_6sp/alu/multiplier_dword/prod_ALBL_s2_reg[61]
    SLICE_X12Y52         LUT3 (Prop_lut3_I2_O)        0.306     2.148 r  rv64im72f_6sp/alu/multiplier_dword/prod_low[63]_i_9/O
                         net (fo=2, routed)           0.637     2.785    rv64im72f_6sp/alu/multiplier_dword/prod_low[63]_i_9_n_0
    SLICE_X14Y51         CARRY4 (Prop_carry4_DI[2]_CO[3])
                                                      0.404     3.189 r  rv64im72f_6sp/alu/multiplier_dword/prod_low_reg[63]_i_3/CO[3]
                         net (fo=1, routed)           0.000     3.189    rv64im72f_6sp/alu/multiplier_dword/prod_low_reg[63]_i_3_n_0
    SLICE_X14Y52         CARRY4 (Prop_carry4_CI_CO[3])
                                                      0.117     3.306 r  rv64im72f_6sp/alu/multiplier_dword/prod_high_reg[3]_i_3/CO[3]
                         net (fo=1, routed)           0.000     3.306    rv64im72f_6sp/alu/multiplier_dword/prod_high_reg[3]_i_3_n_0
    SLICE_X14Y53         CARRY4 (Prop_carry4_CI_CO[3])
                                                      0.117     3.423 r  rv64im72f_6sp/alu/multiplier_dword/prod_high_reg[7]_i_3/CO[3]
                         net (fo=1, routed)           0.000     3.423    rv64im72f_6sp/alu/multiplier_dword/prod_high_reg[7]_i_3_n_0
    SLICE_X14Y54         CARRY4 (Prop_carry4_CI_CO[3])
                                                      0.117     3.540 r  rv64im72f_6sp/alu/multiplier_dword/prod_high_reg[11]_i_3/CO[3]
                         net (fo=1, routed)           0.000     3.540    rv64im72f_6sp/alu/multiplier_dword/prod_high_reg[11]_i_3_n_0
    SLICE_X14Y55         CARRY4 (Prop_carry4_CI_CO[3])
                                                      0.117     3.657 r  rv64im72f_6sp/alu/multiplier_dword/prod_high_reg[15]_i_3/CO[3]
                         net (fo=1, routed)           0.000     3.657    rv64im72f_6sp/alu/multiplier_dword/prod_high_reg[15]_i_3_n_0
    SLICE_X14Y56         CARRY4 (Prop_carry4_CI_CO[3])
                                                      0.117     3.774 r  rv64im72f_6sp/alu/multiplier_dword/prod_high_reg[19]_i_3/CO[3]
                         net (fo=1, routed)           0.000     3.774    rv64im72f_6sp/alu/multiplier_dword/prod_high_reg[19]_i_3_n_0
    SLICE_X14Y57         CARRY4 (Prop_carry4_CI_CO[3])
                                                      0.117     3.891 r  rv64im72f_6sp/alu/multiplier_dword/prod_high_reg[23]_i_3/CO[3]
                         net (fo=1, routed)           0.000     3.891    rv64im72f_6sp/alu/multiplier_dword/prod_high_reg[23]_i_3_n_0
    SLICE_X14Y58         CARRY4 (Prop_carry4_CI_CO[3])
                                                      0.117     4.008 r  rv64im72f_6sp/alu/multiplier_dword/prod_high_reg[27]_i_3/CO[3]
                         net (fo=1, routed)           0.000     4.008    rv64im72f_6sp/alu/multiplier_dword/prod_high_reg[27]_i_3_n_0
    SLICE_X14Y59         CARRY4 (Prop_carry4_CI_CO[3])
                                                      0.117     4.125 r  rv64im72f_6sp/alu/multiplier_dword/prod_high_reg[31]_i_3/CO[3]
                         net (fo=1, routed)           0.000     4.125    rv64im72f_6sp/alu/multiplier_dword/prod_high_reg[31]_i_3_n_0
    SLICE_X14Y60         CARRY4 (Prop_carry4_CI_CO[3])
                                                      0.117     4.242 r  rv64im72f_6sp/alu/multiplier_dword/prod_high_reg[35]_i_3/CO[3]
                         net (fo=1, routed)           0.000     4.242    rv64im72f_6sp/alu/multiplier_dword/prod_high_reg[35]_i_3_n_0
    SLICE_X14Y61         CARRY4 (Prop_carry4_CI_CO[3])
                                                      0.117     4.359 r  rv64im72f_6sp/alu/multiplier_dword/prod_high_reg[39]_i_3/CO[3]
                         net (fo=1, routed)           0.000     4.359    rv64im72f_6sp/alu/multiplier_dword/prod_high_reg[39]_i_3_n_0
    SLICE_X14Y62         CARRY4 (Prop_carry4_CI_CO[3])
                                                      0.117     4.476 r  rv64im72f_6sp/alu/multiplier_dword/prod_high_reg[43]_i_3/CO[3]
                         net (fo=1, routed)           0.000     4.476    rv64im72f_6sp/alu/multiplier_dword/prod_high_reg[43]_i_3_n_0
    SLICE_X14Y63         CARRY4 (Prop_carry4_CI_O[0])
                                                      0.219     4.695 f  rv64im72f_6sp/alu/multiplier_dword/prod_high_reg[47]_i_3/O[0]
                         net (fo=2, routed)           0.662     5.357    rv64im72f_6sp/alu/multiplier_dword/in[108]
    SLICE_X15Y63         LUT1 (Prop_lut1_I0_O)        0.295     5.652 r  rv64im72f_6sp/alu/multiplier_dword/prod_high[47]_i_7/O
                         net (fo=1, routed)           0.000     5.652    rv64im72f_6sp/alu/multiplier_dword/prod_high[47]_i_7_n_0
    SLICE_X15Y63         CARRY4 (Prop_carry4_S[0]_CO[3])
                                                      0.532     6.184 r  rv64im72f_6sp/alu/multiplier_dword/prod_high_reg[47]_i_2/CO[3]
                         net (fo=1, routed)           0.000     6.184    rv64im72f_6sp/alu/multiplier_dword/prod_high_reg[47]_i_2_n_0
    SLICE_X15Y64         CARRY4 (Prop_carry4_CI_CO[3])
                                                      0.114     6.298 r  rv64im72f_6sp/alu/multiplier_dword/prod_high_reg[51]_i_2/CO[3]
                         net (fo=1, routed)           0.000     6.298    rv64im72f_6sp/alu/multiplier_dword/prod_high_reg[51]_i_2_n_0
    SLICE_X15Y65         CARRY4 (Prop_carry4_CI_CO[3])
                                                      0.114     6.412 r  rv64im72f_6sp/alu/multiplier_dword/prod_high_reg[55]_i_2/CO[3]
                         net (fo=1, routed)           0.000     6.412    rv64im72f_6sp/alu/multiplier_dword/prod_high_reg[55]_i_2_n_0
    SLICE_X15Y66         CARRY4 (Prop_carry4_CI_CO[3])
                                                      0.114     6.526 r  rv64im72f_6sp/alu/multiplier_dword/prod_high_reg[59]_i_2/CO[3]
                         net (fo=1, routed)           0.000     6.526    rv64im72f_6sp/alu/multiplier_dword/prod_high_reg[59]_i_2_n_0
    SLICE_X15Y67         CARRY4 (Prop_carry4_CI_O[1])
                                                      0.334     6.860 r  rv64im72f_6sp/alu/multiplier_dword/prod_high_reg[63]_i_3/O[1]
                         net (fo=1, routed)           0.289     7.149    rv64im72f_6sp/alu/multiplier_dword/prod_corrected0[125]
    SLICE_X13Y67         LUT3 (Prop_lut3_I0_O)        0.303     7.452 r  rv64im72f_6sp/alu/multiplier_dword/prod_high[61]_i_1/O
                         net (fo=1, routed)           0.000     7.452    rv64im72f_6sp/alu/multiplier_dword/prod_high[61]_i_1_n_0
    SLICE_X13Y67         FDCE                                         r  rv64im72f_6sp/alu/multiplier_dword/prod_high_reg[61]/D
  -------------------------------------------------------------------    -------------------

                         (clock clk_out1_clk_wiz_0_1 rise edge)
                                                      9.804     9.804 r  
    R4                                                0.000     9.804 r  clk (IN)
                         net (fo=0)                   0.000     9.804    clk_gen/inst/clk_in1
    R4                   IBUF (Prop_ibuf_I_O)         1.405    11.209 r  clk_gen/inst/clkin1_ibufg/O
                         net (fo=1, routed)           1.181    12.389    clk_gen/inst/clk_in1_clk_wiz_0
    PLLE2_ADV_X1Y2       PLLE2_ADV (Prop_plle2_adv_CLKIN1_CLKOUT0)
                                                     -8.206     4.184 r  clk_gen/inst/plle2_adv_inst/CLKOUT0
                         net (fo=1, routed)           1.718     5.902    clk_gen/inst/clk_out1_clk_wiz_0
    BUFGCTRL_X0Y15       BUFG (Prop_bufg_I_O)         0.091     5.993 r  clk_gen/inst/clkout1_buf_replica/O
                         net (fo=5, routed)           0.147     6.140    clk_gen/inst/clk_out1_repN
    BUFGCTRL_X0Y0        BUFG (Prop_bufg_I_O)         0.091     6.231 r  clk_gen/inst/clkout1_buf/O
                         net (fo=5070, routed)        1.810     8.041    rv64im72f_6sp/alu/multiplier_dword/clk_out1
    SLICE_X13Y67         FDCE                                         r  rv64im72f_6sp/alu/multiplier_dword/prod_high_reg[61]/C
                         clock pessimism             -0.487     7.554    
                         clock uncertainty           -0.123     7.431    
    SLICE_X13Y67         FDCE (Setup_fdce_C_D)        0.031     7.462    rv64im72f_6sp/alu/multiplier_dword/prod_high_reg[61]
  -------------------------------------------------------------------
                         required time                          7.462    
                         arrival time                          -7.452    
  -------------------------------------------------------------------
                         slack                                  0.010    





Min Delay Paths
--------------------------------------------------------------------------------------
Slack (MET) :             0.021ns  (arrival time - required time)
  Source:                 rv64im72f_6sp/alu/multiplier_dword/prod_ALBL_s2_reg[7]__1/C
                            (rising edge-triggered cell FDCE clocked by clk_out1_clk_wiz_0  {rise@0.000ns fall@4.902ns period=9.804ns})
  Destination:            rv64im72f_6sp/alu/multiplier_dword/prod_low_reg[7]/D
                            (rising edge-triggered cell FDCE clocked by clk_out1_clk_wiz_0_1  {rise@0.000ns fall@4.902ns period=9.804ns})
  Path Group:             clk_out1_clk_wiz_0_1
  Path Type:              Hold (Min at Fast Process Corner)
  Requirement:            0.000ns  (clk_out1_clk_wiz_0_1 rise@0.000ns - clk_out1_clk_wiz_0 rise@0.000ns)
  Data Path Delay:        0.278ns  (logic 0.186ns (66.849%)  route 0.092ns (33.151%))
  Logic Levels:           1  (LUT3=1)
  Clock Path Skew:        0.013ns (DCD - SCD - CPR)
    Destination Clock Delay (DCD):    -0.177ns
    Source Clock Delay      (SCD):    -0.417ns
    Clock Pessimism Removal (CPR):    0.227ns
  Clock Uncertainty:      0.123ns  ((TSJ^2 + DJ^2)^1/2) / 2 + PE
    Total System Jitter     (TSJ):    0.071ns
    Discrete Jitter          (DJ):    0.236ns
    Phase Error              (PE):    0.000ns
  Clock Domain Crossing:  Inter clock paths are considered valid unless explicitly excluded by timing constraints such as set_clock_groups or set_false_path.

    Location             Delay type                Incr(ns)  Path(ns)    Netlist Resource(s)
  -------------------------------------------------------------------    -------------------
                         (clock clk_out1_clk_wiz_0 rise edge)
                                                      0.000     0.000 r  
    R4                                                0.000     0.000 r  clk (IN)
                         net (fo=0)                   0.000     0.000    clk_gen/inst/clk_in1
    R4                   IBUF (Prop_ibuf_I_O)         0.243     0.243 r  clk_gen/inst/clkin1_ibufg/O
                         net (fo=1, routed)           0.440     0.683    clk_gen/inst/clk_in1_clk_wiz_0
    PLLE2_ADV_X1Y2       PLLE2_ADV (Prop_plle2_adv_CLKIN1_CLKOUT0)
                                                     -2.503    -1.819 r  clk_gen/inst/plle2_adv_inst/CLKOUT0
                         net (fo=1, routed)           0.546    -1.273    clk_gen/inst/clk_out1_clk_wiz_0
    BUFGCTRL_X0Y15       BUFG (Prop_bufg_I_O)         0.026    -1.247 r  clk_gen/inst/clkout1_buf_replica/O
                         net (fo=5, routed)           0.042    -1.205    clk_gen/inst/clk_out1_repN
    BUFGCTRL_X0Y0        BUFG (Prop_bufg_I_O)         0.026    -1.179 r  clk_gen/inst/clkout1_buf/O
                         net (fo=5070, routed)        0.763    -0.417    rv64im72f_6sp/alu/multiplier_dword/clk_out1
    SLICE_X13Y37         FDCE                                         r  rv64im72f_6sp/alu/multiplier_dword/prod_ALBL_s2_reg[7]__1/C
  -------------------------------------------------------------------    -------------------
    SLICE_X13Y37         FDCE (Prop_fdce_C_Q)         0.141    -0.276 r  rv64im72f_6sp/alu/multiplier_dword/prod_ALBL_s2_reg[7]__1/Q
                         net (fo=2, routed)           0.092    -0.183    rv64im72f_6sp/alu/multiplier_dword/prod_ALBL_s2_reg[7]__1_n_0
    SLICE_X12Y37         LUT3 (Prop_lut3_I2_O)        0.045    -0.138 r  rv64im72f_6sp/alu/multiplier_dword/prod_low[7]_i_1__0/O
                         net (fo=1, routed)           0.000    -0.138    rv64im72f_6sp/alu/multiplier_dword/prod_low[7]_i_1__0_n_0
    SLICE_X12Y37         FDCE                                         r  rv64im72f_6sp/alu/multiplier_dword/prod_low_reg[7]/D
  -------------------------------------------------------------------    -------------------

                         (clock clk_out1_clk_wiz_0_1 rise edge)
                                                      0.000     0.000 r  
    R4                                                0.000     0.000 r  clk (IN)
                         net (fo=0)                   0.000     0.000    clk_gen/inst/clk_in1
    R4                   IBUF (Prop_ibuf_I_O)         0.431     0.431 r  clk_gen/inst/clkin1_ibufg/O
                         net (fo=1, routed)           0.481     0.912    clk_gen/inst/clk_in1_clk_wiz_0
    PLLE2_ADV_X1Y2       PLLE2_ADV (Prop_plle2_adv_CLKIN1_CLKOUT0)
                                                     -2.828    -1.916 r  clk_gen/inst/plle2_adv_inst/CLKOUT0
                         net (fo=1, routed)           0.595    -1.322    clk_gen/inst/clk_out1_clk_wiz_0
    BUFGCTRL_X0Y15       BUFG (Prop_bufg_I_O)         0.029    -1.293 r  clk_gen/inst/clkout1_buf_replica/O
                         net (fo=5, routed)           0.046    -1.247    clk_gen/inst/clk_out1_repN
    BUFGCTRL_X0Y0        BUFG (Prop_bufg_I_O)         0.029    -1.218 r  clk_gen/inst/clkout1_buf/O
                         net (fo=5070, routed)        1.041    -0.177    rv64im72f_6sp/alu/multiplier_dword/clk_out1
    SLICE_X12Y37         FDCE                                         r  rv64im72f_6sp/alu/multiplier_dword/prod_low_reg[7]/C
                         clock pessimism             -0.227    -0.404    
                         clock uncertainty            0.123    -0.280    
    SLICE_X12Y37         FDCE (Hold_fdce_C_D)         0.121    -0.159    rv64im72f_6sp/alu/multiplier_dword/prod_low_reg[7]
  -------------------------------------------------------------------
                         required time                          0.159    
                         arrival time                          -0.138    
  -------------------------------------------------------------------
                         slack                                  0.021    





---------------------------------------------------------------------------------------------------
Path Group:  **async_default**
From Clock:  clk_out1_clk_wiz_0
  To Clock:  clk_out1_clk_wiz_0

Setup :            0  Failing Endpoints,  Worst Slack        3.846ns,  Total Violation        0.000ns
Hold  :            0  Failing Endpoints,  Worst Slack        0.364ns,  Total Violation        0.000ns
---------------------------------------------------------------------------------------------------


Max Delay Paths
--------------------------------------------------------------------------------------
Slack (MET) :             3.846ns  (required time - arrival time)
  Source:                 reset_sync_reg[2]_replica_6/C
                            (rising edge-triggered cell FDPE clocked by clk_out1_clk_wiz_0  {rise@0.000ns fall@4.902ns period=9.804ns})
  Destination:            rv64im72f_6sp/alu/multiplier_dword/prod_AHBH_s2_reg[11]/CLR
                            (recovery check against rising-edge clock clk_out1_clk_wiz_0  {rise@0.000ns fall@4.902ns period=9.804ns})
  Path Group:             **async_default**
  Path Type:              Recovery (Max at Slow Process Corner)
  Requirement:            9.804ns  (clk_out1_clk_wiz_0 rise@9.804ns - clk_out1_clk_wiz_0 rise@0.000ns)
  Data Path Delay:        5.218ns  (logic 0.456ns (8.739%)  route 4.762ns (91.261%))
  Logic Levels:           0  
  Clock Path Skew:        -0.297ns (DCD - SCD + CPR)
    Destination Clock Delay (DCD):    -1.757ns = ( 8.047 - 9.804 ) 
    Source Clock Delay      (SCD):    -1.947ns
    Clock Pessimism Removal (CPR):    -0.487ns
  Clock Uncertainty:      0.123ns  ((TSJ^2 + DJ^2)^1/2) / 2 + PE
    Total System Jitter     (TSJ):    0.071ns
    Discrete Jitter          (DJ):    0.236ns
    Phase Error              (PE):    0.000ns

    Location             Delay type                Incr(ns)  Path(ns)    Netlist Resource(s)
  -------------------------------------------------------------------    -------------------
                         (clock clk_out1_clk_wiz_0 rise edge)
                                                      0.000     0.000 r  
    R4                                                0.000     0.000 r  clk (IN)
                         net (fo=0)                   0.000     0.000    clk_gen/inst/clk_in1
    R4                   IBUF (Prop_ibuf_I_O)         1.475     1.475 r  clk_gen/inst/clkin1_ibufg/O
                         net (fo=1, routed)           1.253     2.728    clk_gen/inst/clk_in1_clk_wiz_0
    PLLE2_ADV_X1Y2       PLLE2_ADV (Prop_plle2_adv_CLKIN1_CLKOUT0)
                                                     -8.953    -6.225 r  clk_gen/inst/plle2_adv_inst/CLKOUT0
                         net (fo=1, routed)           1.802    -4.422    clk_gen/inst/clk_out1_clk_wiz_0
    BUFGCTRL_X0Y15       BUFG (Prop_bufg_I_O)         0.096    -4.326 r  clk_gen/inst/clkout1_buf_replica/O
                         net (fo=5, routed)           0.154    -4.172    clk_gen/inst/clk_out1_repN
    BUFGCTRL_X0Y0        BUFG (Prop_bufg_I_O)         0.096    -4.076 r  clk_gen/inst/clkout1_buf/O
                         net (fo=5070, routed)        2.129    -1.947    clk_cpu
    SLICE_X19Y44         FDPE                                         r  reset_sync_reg[2]_replica_6/C
  -------------------------------------------------------------------    -------------------
    SLICE_X19Y44         FDPE (Prop_fdpe_C_Q)         0.456    -1.491 f  reset_sync_reg[2]_replica_6/Q
                         net (fo=261, routed)         4.762     3.271    rv64im72f_6sp/alu/multiplier_dword/internal_reset_repN_6_alias
    SLICE_X14Y60         FDCE                                         f  rv64im72f_6sp/alu/multiplier_dword/prod_AHBH_s2_reg[11]/CLR
  -------------------------------------------------------------------    -------------------

                         (clock clk_out1_clk_wiz_0 rise edge)
                                                      9.804     9.804 r  
    R4                                                0.000     9.804 r  clk (IN)
                         net (fo=0)                   0.000     9.804    clk_gen/inst/clk_in1
    R4                   IBUF (Prop_ibuf_I_O)         1.405    11.209 r  clk_gen/inst/clkin1_ibufg/O
                         net (fo=1, routed)           1.181    12.389    clk_gen/inst/clk_in1_clk_wiz_0
    PLLE2_ADV_X1Y2       PLLE2_ADV (Prop_plle2_adv_CLKIN1_CLKOUT0)
                                                     -8.206     4.184 r  clk_gen/inst/plle2_adv_inst/CLKOUT0
                         net (fo=1, routed)           1.718     5.902    clk_gen/inst/clk_out1_clk_wiz_0
    BUFGCTRL_X0Y15       BUFG (Prop_bufg_I_O)         0.091     5.993 r  clk_gen/inst/clkout1_buf_replica/O
                         net (fo=5, routed)           0.147     6.140    clk_gen/inst/clk_out1_repN
    BUFGCTRL_X0Y0        BUFG (Prop_bufg_I_O)         0.091     6.231 r  clk_gen/inst/clkout1_buf/O
                         net (fo=5070, routed)        1.816     8.047    rv64im72f_6sp/alu/multiplier_dword/clk_out1
    SLICE_X14Y60         FDCE                                         r  rv64im72f_6sp/alu/multiplier_dword/prod_AHBH_s2_reg[11]/C
                         clock pessimism             -0.487     7.560    
                         clock uncertainty           -0.123     7.437    
    SLICE_X14Y60         FDCE (Recov_fdce_C_CLR)     -0.319     7.118    rv64im72f_6sp/alu/multiplier_dword/prod_AHBH_s2_reg[11]
  -------------------------------------------------------------------
                         required time                          7.118    
                         arrival time                          -3.271    
  -------------------------------------------------------------------
                         slack                                  3.846    





Min Delay Paths
--------------------------------------------------------------------------------------
Slack (MET) :             0.364ns  (arrival time - required time)
  Source:                 reset_sync_reg[2]_replica_10/C
                            (rising edge-triggered cell FDPE clocked by clk_out1_clk_wiz_0  {rise@0.000ns fall@4.902ns period=9.804ns})
  Destination:            rv64im72f_6sp/alu/divider_word/remainder_quotient_reg[13]/CLR
                            (removal check against rising-edge clock clk_out1_clk_wiz_0  {rise@0.000ns fall@4.902ns period=9.804ns})
  Path Group:             **async_default**
  Path Type:              Removal (Min at Fast Process Corner)
  Requirement:            0.000ns  (clk_out1_clk_wiz_0 rise@0.000ns - clk_out1_clk_wiz_0 rise@0.000ns)
  Data Path Delay:        0.333ns  (logic 0.141ns (42.327%)  route 0.192ns (57.673%))
  Logic Levels:           0  
  Clock Path Skew:        0.036ns (DCD - SCD - CPR)
    Destination Clock Delay (DCD):    -0.182ns
    Source Clock Delay      (SCD):    -0.421ns
    Clock Pessimism Removal (CPR):    0.203ns

    Location             Delay type                Incr(ns)  Path(ns)    Netlist Resource(s)
  -------------------------------------------------------------------    -------------------
                         (clock clk_out1_clk_wiz_0 rise edge)
                                                      0.000     0.000 r  
    R4                                                0.000     0.000 r  clk (IN)
                         net (fo=0)                   0.000     0.000    clk_gen/inst/clk_in1
    R4                   IBUF (Prop_ibuf_I_O)         0.243     0.243 r  clk_gen/inst/clkin1_ibufg/O
                         net (fo=1, routed)           0.440     0.683    clk_gen/inst/clk_in1_clk_wiz_0
    PLLE2_ADV_X1Y2       PLLE2_ADV (Prop_plle2_adv_CLKIN1_CLKOUT0)
                                                     -2.503    -1.819 r  clk_gen/inst/plle2_adv_inst/CLKOUT0
                         net (fo=1, routed)           0.546    -1.273    clk_gen/inst/clk_out1_clk_wiz_0
    BUFGCTRL_X0Y15       BUFG (Prop_bufg_I_O)         0.026    -1.247 r  clk_gen/inst/clkout1_buf_replica/O
                         net (fo=5, routed)           0.042    -1.205    clk_gen/inst/clk_out1_repN
    BUFGCTRL_X0Y0        BUFG (Prop_bufg_I_O)         0.026    -1.179 r  clk_gen/inst/clkout1_buf/O
                         net (fo=5070, routed)        0.759    -0.421    clk_cpu
    SLICE_X11Y31         FDPE                                         r  reset_sync_reg[2]_replica_10/C
  -------------------------------------------------------------------    -------------------
    SLICE_X11Y31         FDPE (Prop_fdpe_C_Q)         0.141    -0.280 f  reset_sync_reg[2]_replica_10/Q
                         net (fo=178, routed)         0.192    -0.087    rv64im72f_6sp/alu/divider_word/internal_reset_repN_10_alias
    SLICE_X8Y31          FDCE                                         f  rv64im72f_6sp/alu/divider_word/remainder_quotient_reg[13]/CLR
  -------------------------------------------------------------------    -------------------

                         (clock clk_out1_clk_wiz_0 rise edge)
                                                      0.000     0.000 r  
    R4                                                0.000     0.000 r  clk (IN)
                         net (fo=0)                   0.000     0.000    clk_gen/inst/clk_in1
    R4                   IBUF (Prop_ibuf_I_O)         0.431     0.431 r  clk_gen/inst/clkin1_ibufg/O
                         net (fo=1, routed)           0.481     0.912    clk_gen/inst/clk_in1_clk_wiz_0
    PLLE2_ADV_X1Y2       PLLE2_ADV (Prop_plle2_adv_CLKIN1_CLKOUT0)
                                                     -2.828    -1.916 r  clk_gen/inst/plle2_adv_inst/CLKOUT0
                         net (fo=1, routed)           0.595    -1.322    clk_gen/inst/clk_out1_clk_wiz_0
    BUFGCTRL_X0Y15       BUFG (Prop_bufg_I_O)         0.029    -1.293 r  clk_gen/inst/clkout1_buf_replica/O
                         net (fo=5, routed)           0.046    -1.247    clk_gen/inst/clk_out1_repN
    BUFGCTRL_X0Y0        BUFG (Prop_bufg_I_O)         0.029    -1.218 r  clk_gen/inst/clkout1_buf/O
                         net (fo=5070, routed)        1.036    -0.182    rv64im72f_6sp/alu/divider_word/clk_out1
    SLICE_X8Y31          FDCE                                         r  rv64im72f_6sp/alu/divider_word/remainder_quotient_reg[13]/C
                         clock pessimism             -0.203    -0.385    
    SLICE_X8Y31          FDCE (Remov_fdce_C_CLR)     -0.067    -0.452    rv64im72f_6sp/alu/divider_word/remainder_quotient_reg[13]
  -------------------------------------------------------------------
                         required time                          0.452    
                         arrival time                          -0.087    
  -------------------------------------------------------------------
                         slack                                  0.364    





---------------------------------------------------------------------------------------------------
Path Group:  **async_default**
From Clock:  clk_out1_clk_wiz_0_1
  To Clock:  clk_out1_clk_wiz_0

Setup :            0  Failing Endpoints,  Worst Slack        3.846ns,  Total Violation        0.000ns
Hold  :            0  Failing Endpoints,  Worst Slack        0.241ns,  Total Violation        0.000ns
---------------------------------------------------------------------------------------------------


Max Delay Paths
--------------------------------------------------------------------------------------
Slack (MET) :             3.846ns  (required time - arrival time)
  Source:                 reset_sync_reg[2]_replica_6/C
                            (rising edge-triggered cell FDPE clocked by clk_out1_clk_wiz_0_1  {rise@0.000ns fall@4.902ns period=9.804ns})
  Destination:            rv64im72f_6sp/alu/multiplier_dword/prod_AHBH_s2_reg[11]/CLR
                            (recovery check against rising-edge clock clk_out1_clk_wiz_0  {rise@0.000ns fall@4.902ns period=9.804ns})
  Path Group:             **async_default**
  Path Type:              Recovery (Max at Slow Process Corner)
  Requirement:            9.804ns  (clk_out1_clk_wiz_0 rise@9.804ns - clk_out1_clk_wiz_0_1 rise@0.000ns)
  Data Path Delay:        5.218ns  (logic 0.456ns (8.739%)  route 4.762ns (91.261%))
  Logic Levels:           0  
  Clock Path Skew:        -0.297ns (DCD - SCD + CPR)
    Destination Clock Delay (DCD):    -1.757ns = ( 8.047 - 9.804 ) 
    Source Clock Delay      (SCD):    -1.947ns
    Clock Pessimism Removal (CPR):    -0.487ns
  Clock Uncertainty:      0.123ns  ((TSJ^2 + DJ^2)^1/2) / 2 + PE
    Total System Jitter     (TSJ):    0.071ns
    Discrete Jitter          (DJ):    0.236ns
    Phase Error              (PE):    0.000ns
  Clock Domain Crossing:  Inter clock paths are considered valid unless explicitly excluded by timing constraints such as set_clock_groups or set_false_path.

    Location             Delay type                Incr(ns)  Path(ns)    Netlist Resource(s)
  -------------------------------------------------------------------    -------------------
                         (clock clk_out1_clk_wiz_0_1 rise edge)
                                                      0.000     0.000 r  
    R4                                                0.000     0.000 r  clk (IN)
                         net (fo=0)                   0.000     0.000    clk_gen/inst/clk_in1
    R4                   IBUF (Prop_ibuf_I_O)         1.475     1.475 r  clk_gen/inst/clkin1_ibufg/O
                         net (fo=1, routed)           1.253     2.728    clk_gen/inst/clk_in1_clk_wiz_0
    PLLE2_ADV_X1Y2       PLLE2_ADV (Prop_plle2_adv_CLKIN1_CLKOUT0)
                                                     -8.953    -6.225 r  clk_gen/inst/plle2_adv_inst/CLKOUT0
                         net (fo=1, routed)           1.802    -4.422    clk_gen/inst/clk_out1_clk_wiz_0
    BUFGCTRL_X0Y15       BUFG (Prop_bufg_I_O)         0.096    -4.326 r  clk_gen/inst/clkout1_buf_replica/O
                         net (fo=5, routed)           0.154    -4.172    clk_gen/inst/clk_out1_repN
    BUFGCTRL_X0Y0        BUFG (Prop_bufg_I_O)         0.096    -4.076 r  clk_gen/inst/clkout1_buf/O
                         net (fo=5070, routed)        2.129    -1.947    clk_cpu
    SLICE_X19Y44         FDPE                                         r  reset_sync_reg[2]_replica_6/C
  -------------------------------------------------------------------    -------------------
    SLICE_X19Y44         FDPE (Prop_fdpe_C_Q)         0.456    -1.491 f  reset_sync_reg[2]_replica_6/Q
                         net (fo=261, routed)         4.762     3.271    rv64im72f_6sp/alu/multiplier_dword/internal_reset_repN_6_alias
    SLICE_X14Y60         FDCE                                         f  rv64im72f_6sp/alu/multiplier_dword/prod_AHBH_s2_reg[11]/CLR
  -------------------------------------------------------------------    -------------------

                         (clock clk_out1_clk_wiz_0 rise edge)
                                                      9.804     9.804 r  
    R4                                                0.000     9.804 r  clk (IN)
                         net (fo=0)                   0.000     9.804    clk_gen/inst/clk_in1
    R4                   IBUF (Prop_ibuf_I_O)         1.405    11.209 r  clk_gen/inst/clkin1_ibufg/O
                         net (fo=1, routed)           1.181    12.389    clk_gen/inst/clk_in1_clk_wiz_0
    PLLE2_ADV_X1Y2       PLLE2_ADV (Prop_plle2_adv_CLKIN1_CLKOUT0)
                                                     -8.206     4.184 r  clk_gen/inst/plle2_adv_inst/CLKOUT0
                         net (fo=1, routed)           1.718     5.902    clk_gen/inst/clk_out1_clk_wiz_0
    BUFGCTRL_X0Y15       BUFG (Prop_bufg_I_O)         0.091     5.993 r  clk_gen/inst/clkout1_buf_replica/O
                         net (fo=5, routed)           0.147     6.140    clk_gen/inst/clk_out1_repN
    BUFGCTRL_X0Y0        BUFG (Prop_bufg_I_O)         0.091     6.231 r  clk_gen/inst/clkout1_buf/O
                         net (fo=5070, routed)        1.816     8.047    rv64im72f_6sp/alu/multiplier_dword/clk_out1
    SLICE_X14Y60         FDCE                                         r  rv64im72f_6sp/alu/multiplier_dword/prod_AHBH_s2_reg[11]/C
                         clock pessimism             -0.487     7.560    
                         clock uncertainty           -0.123     7.437    
    SLICE_X14Y60         FDCE (Recov_fdce_C_CLR)     -0.319     7.118    rv64im72f_6sp/alu/multiplier_dword/prod_AHBH_s2_reg[11]
  -------------------------------------------------------------------
                         required time                          7.118    
                         arrival time                          -3.271    
  -------------------------------------------------------------------
                         slack                                  3.846    





Min Delay Paths
--------------------------------------------------------------------------------------
Slack (MET) :             0.241ns  (arrival time - required time)
  Source:                 reset_sync_reg[2]_replica_10/C
                            (rising edge-triggered cell FDPE clocked by clk_out1_clk_wiz_0_1  {rise@0.000ns fall@4.902ns period=9.804ns})
  Destination:            rv64im72f_6sp/alu/divider_word/remainder_quotient_reg[13]/CLR
                            (removal check against rising-edge clock clk_out1_clk_wiz_0  {rise@0.000ns fall@4.902ns period=9.804ns})
  Path Group:             **async_default**
  Path Type:              Removal (Min at Fast Process Corner)
  Requirement:            0.000ns  (clk_out1_clk_wiz_0 rise@0.000ns - clk_out1_clk_wiz_0_1 rise@0.000ns)
  Data Path Delay:        0.333ns  (logic 0.141ns (42.327%)  route 0.192ns (57.673%))
  Logic Levels:           0  
  Clock Path Skew:        0.036ns (DCD - SCD - CPR)
    Destination Clock Delay (DCD):    -0.182ns
    Source Clock Delay      (SCD):    -0.421ns
    Clock Pessimism Removal (CPR):    0.203ns
  Clock Uncertainty:      0.123ns  ((TSJ^2 + DJ^2)^1/2) / 2 + PE
    Total System Jitter     (TSJ):    0.071ns
    Discrete Jitter          (DJ):    0.236ns
    Phase Error              (PE):    0.000ns
  Clock Domain Crossing:  Inter clock paths are considered valid unless explicitly excluded by timing constraints such as set_clock_groups or set_false_path.

    Location             Delay type                Incr(ns)  Path(ns)    Netlist Resource(s)
  -------------------------------------------------------------------    -------------------
                         (clock clk_out1_clk_wiz_0_1 rise edge)
                                                      0.000     0.000 r  
    R4                                                0.000     0.000 r  clk (IN)
                         net (fo=0)                   0.000     0.000    clk_gen/inst/clk_in1
    R4                   IBUF (Prop_ibuf_I_O)         0.243     0.243 r  clk_gen/inst/clkin1_ibufg/O
                         net (fo=1, routed)           0.440     0.683    clk_gen/inst/clk_in1_clk_wiz_0
    PLLE2_ADV_X1Y2       PLLE2_ADV (Prop_plle2_adv_CLKIN1_CLKOUT0)
                                                     -2.503    -1.819 r  clk_gen/inst/plle2_adv_inst/CLKOUT0
                         net (fo=1, routed)           0.546    -1.273    clk_gen/inst/clk_out1_clk_wiz_0
    BUFGCTRL_X0Y15       BUFG (Prop_bufg_I_O)         0.026    -1.247 r  clk_gen/inst/clkout1_buf_replica/O
                         net (fo=5, routed)           0.042    -1.205    clk_gen/inst/clk_out1_repN
    BUFGCTRL_X0Y0        BUFG (Prop_bufg_I_O)         0.026    -1.179 r  clk_gen/inst/clkout1_buf/O
                         net (fo=5070, routed)        0.759    -0.421    clk_cpu
    SLICE_X11Y31         FDPE                                         r  reset_sync_reg[2]_replica_10/C
  -------------------------------------------------------------------    -------------------
    SLICE_X11Y31         FDPE (Prop_fdpe_C_Q)         0.141    -0.280 f  reset_sync_reg[2]_replica_10/Q
                         net (fo=178, routed)         0.192    -0.087    rv64im72f_6sp/alu/divider_word/internal_reset_repN_10_alias
    SLICE_X8Y31          FDCE                                         f  rv64im72f_6sp/alu/divider_word/remainder_quotient_reg[13]/CLR
  -------------------------------------------------------------------    -------------------

                         (clock clk_out1_clk_wiz_0 rise edge)
                                                      0.000     0.000 r  
    R4                                                0.000     0.000 r  clk (IN)
                         net (fo=0)                   0.000     0.000    clk_gen/inst/clk_in1
    R4                   IBUF (Prop_ibuf_I_O)         0.431     0.431 r  clk_gen/inst/clkin1_ibufg/O
                         net (fo=1, routed)           0.481     0.912    clk_gen/inst/clk_in1_clk_wiz_0
    PLLE2_ADV_X1Y2       PLLE2_ADV (Prop_plle2_adv_CLKIN1_CLKOUT0)
                                                     -2.828    -1.916 r  clk_gen/inst/plle2_adv_inst/CLKOUT0
                         net (fo=1, routed)           0.595    -1.322    clk_gen/inst/clk_out1_clk_wiz_0
    BUFGCTRL_X0Y15       BUFG (Prop_bufg_I_O)         0.029    -1.293 r  clk_gen/inst/clkout1_buf_replica/O
                         net (fo=5, routed)           0.046    -1.247    clk_gen/inst/clk_out1_repN
    BUFGCTRL_X0Y0        BUFG (Prop_bufg_I_O)         0.029    -1.218 r  clk_gen/inst/clkout1_buf/O
                         net (fo=5070, routed)        1.036    -0.182    rv64im72f_6sp/alu/divider_word/clk_out1
    SLICE_X8Y31          FDCE                                         r  rv64im72f_6sp/alu/divider_word/remainder_quotient_reg[13]/C
                         clock pessimism             -0.203    -0.385    
                         clock uncertainty            0.123    -0.261    
    SLICE_X8Y31          FDCE (Remov_fdce_C_CLR)     -0.067    -0.328    rv64im72f_6sp/alu/divider_word/remainder_quotient_reg[13]
  -------------------------------------------------------------------
                         required time                          0.328    
                         arrival time                          -0.087    
  -------------------------------------------------------------------
                         slack                                  0.241    





---------------------------------------------------------------------------------------------------
Path Group:  **async_default**
From Clock:  clk_out1_clk_wiz_0
  To Clock:  clk_out1_clk_wiz_0_1

Setup :            0  Failing Endpoints,  Worst Slack        3.846ns,  Total Violation        0.000ns
Hold  :            0  Failing Endpoints,  Worst Slack        0.241ns,  Total Violation        0.000ns
---------------------------------------------------------------------------------------------------


Max Delay Paths
--------------------------------------------------------------------------------------
Slack (MET) :             3.846ns  (required time - arrival time)
  Source:                 reset_sync_reg[2]_replica_6/C
                            (rising edge-triggered cell FDPE clocked by clk_out1_clk_wiz_0  {rise@0.000ns fall@4.902ns period=9.804ns})
  Destination:            rv64im72f_6sp/alu/multiplier_dword/prod_AHBH_s2_reg[11]/CLR
                            (recovery check against rising-edge clock clk_out1_clk_wiz_0_1  {rise@0.000ns fall@4.902ns period=9.804ns})
  Path Group:             **async_default**
  Path Type:              Recovery (Max at Slow Process Corner)
  Requirement:            9.804ns  (clk_out1_clk_wiz_0_1 rise@9.804ns - clk_out1_clk_wiz_0 rise@0.000ns)
  Data Path Delay:        5.218ns  (logic 0.456ns (8.739%)  route 4.762ns (91.261%))
  Logic Levels:           0  
  Clock Path Skew:        -0.297ns (DCD - SCD + CPR)
    Destination Clock Delay (DCD):    -1.757ns = ( 8.047 - 9.804 ) 
    Source Clock Delay      (SCD):    -1.947ns
    Clock Pessimism Removal (CPR):    -0.487ns
  Clock Uncertainty:      0.123ns  ((TSJ^2 + DJ^2)^1/2) / 2 + PE
    Total System Jitter     (TSJ):    0.071ns
    Discrete Jitter          (DJ):    0.236ns
    Phase Error              (PE):    0.000ns
  Clock Domain Crossing:  Inter clock paths are considered valid unless explicitly excluded by timing constraints such as set_clock_groups or set_false_path.

    Location             Delay type                Incr(ns)  Path(ns)    Netlist Resource(s)
  -------------------------------------------------------------------    -------------------
                         (clock clk_out1_clk_wiz_0 rise edge)
                                                      0.000     0.000 r  
    R4                                                0.000     0.000 r  clk (IN)
                         net (fo=0)                   0.000     0.000    clk_gen/inst/clk_in1
    R4                   IBUF (Prop_ibuf_I_O)         1.475     1.475 r  clk_gen/inst/clkin1_ibufg/O
                         net (fo=1, routed)           1.253     2.728    clk_gen/inst/clk_in1_clk_wiz_0
    PLLE2_ADV_X1Y2       PLLE2_ADV (Prop_plle2_adv_CLKIN1_CLKOUT0)
                                                     -8.953    -6.225 r  clk_gen/inst/plle2_adv_inst/CLKOUT0
                         net (fo=1, routed)           1.802    -4.422    clk_gen/inst/clk_out1_clk_wiz_0
    BUFGCTRL_X0Y15       BUFG (Prop_bufg_I_O)         0.096    -4.326 r  clk_gen/inst/clkout1_buf_replica/O
                         net (fo=5, routed)           0.154    -4.172    clk_gen/inst/clk_out1_repN
    BUFGCTRL_X0Y0        BUFG (Prop_bufg_I_O)         0.096    -4.076 r  clk_gen/inst/clkout1_buf/O
                         net (fo=5070, routed)        2.129    -1.947    clk_cpu
    SLICE_X19Y44         FDPE                                         r  reset_sync_reg[2]_replica_6/C
  -------------------------------------------------------------------    -------------------
    SLICE_X19Y44         FDPE (Prop_fdpe_C_Q)         0.456    -1.491 f  reset_sync_reg[2]_replica_6/Q
                         net (fo=261, routed)         4.762     3.271    rv64im72f_6sp/alu/multiplier_dword/internal_reset_repN_6_alias
    SLICE_X14Y60         FDCE                                         f  rv64im72f_6sp/alu/multiplier_dword/prod_AHBH_s2_reg[11]/CLR
  -------------------------------------------------------------------    -------------------

                         (clock clk_out1_clk_wiz_0_1 rise edge)
                                                      9.804     9.804 r  
    R4                                                0.000     9.804 r  clk (IN)
                         net (fo=0)                   0.000     9.804    clk_gen/inst/clk_in1
    R4                   IBUF (Prop_ibuf_I_O)         1.405    11.209 r  clk_gen/inst/clkin1_ibufg/O
                         net (fo=1, routed)           1.181    12.389    clk_gen/inst/clk_in1_clk_wiz_0
    PLLE2_ADV_X1Y2       PLLE2_ADV (Prop_plle2_adv_CLKIN1_CLKOUT0)
                                                     -8.206     4.184 r  clk_gen/inst/plle2_adv_inst/CLKOUT0
                         net (fo=1, routed)           1.718     5.902    clk_gen/inst/clk_out1_clk_wiz_0
    BUFGCTRL_X0Y15       BUFG (Prop_bufg_I_O)         0.091     5.993 r  clk_gen/inst/clkout1_buf_replica/O
                         net (fo=5, routed)           0.147     6.140    clk_gen/inst/clk_out1_repN
    BUFGCTRL_X0Y0        BUFG (Prop_bufg_I_O)         0.091     6.231 r  clk_gen/inst/clkout1_buf/O
                         net (fo=5070, routed)        1.816     8.047    rv64im72f_6sp/alu/multiplier_dword/clk_out1
    SLICE_X14Y60         FDCE                                         r  rv64im72f_6sp/alu/multiplier_dword/prod_AHBH_s2_reg[11]/C
                         clock pessimism             -0.487     7.560    
                         clock uncertainty           -0.123     7.437    
    SLICE_X14Y60         FDCE (Recov_fdce_C_CLR)     -0.319     7.118    rv64im72f_6sp/alu/multiplier_dword/prod_AHBH_s2_reg[11]
  -------------------------------------------------------------------
                         required time                          7.118    
                         arrival time                          -3.271    
  -------------------------------------------------------------------
                         slack                                  3.846    





Min Delay Paths
--------------------------------------------------------------------------------------
Slack (MET) :             0.241ns  (arrival time - required time)
  Source:                 reset_sync_reg[2]_replica_10/C
                            (rising edge-triggered cell FDPE clocked by clk_out1_clk_wiz_0  {rise@0.000ns fall@4.902ns period=9.804ns})
  Destination:            rv64im72f_6sp/alu/divider_word/remainder_quotient_reg[13]/CLR
                            (removal check against rising-edge clock clk_out1_clk_wiz_0_1  {rise@0.000ns fall@4.902ns period=9.804ns})
  Path Group:             **async_default**
  Path Type:              Removal (Min at Fast Process Corner)
  Requirement:            0.000ns  (clk_out1_clk_wiz_0_1 rise@0.000ns - clk_out1_clk_wiz_0 rise@0.000ns)
  Data Path Delay:        0.333ns  (logic 0.141ns (42.327%)  route 0.192ns (57.673%))
  Logic Levels:           0  
  Clock Path Skew:        0.036ns (DCD - SCD - CPR)
    Destination Clock Delay (DCD):    -0.182ns
    Source Clock Delay      (SCD):    -0.421ns
    Clock Pessimism Removal (CPR):    0.203ns
  Clock Uncertainty:      0.123ns  ((TSJ^2 + DJ^2)^1/2) / 2 + PE
    Total System Jitter     (TSJ):    0.071ns
    Discrete Jitter          (DJ):    0.236ns
    Phase Error              (PE):    0.000ns
  Clock Domain Crossing:  Inter clock paths are considered valid unless explicitly excluded by timing constraints such as set_clock_groups or set_false_path.

    Location             Delay type                Incr(ns)  Path(ns)    Netlist Resource(s)
  -------------------------------------------------------------------    -------------------
                         (clock clk_out1_clk_wiz_0 rise edge)
                                                      0.000     0.000 r  
    R4                                                0.000     0.000 r  clk (IN)
                         net (fo=0)                   0.000     0.000    clk_gen/inst/clk_in1
    R4                   IBUF (Prop_ibuf_I_O)         0.243     0.243 r  clk_gen/inst/clkin1_ibufg/O
                         net (fo=1, routed)           0.440     0.683    clk_gen/inst/clk_in1_clk_wiz_0
    PLLE2_ADV_X1Y2       PLLE2_ADV (Prop_plle2_adv_CLKIN1_CLKOUT0)
                                                     -2.503    -1.819 r  clk_gen/inst/plle2_adv_inst/CLKOUT0
                         net (fo=1, routed)           0.546    -1.273    clk_gen/inst/clk_out1_clk_wiz_0
    BUFGCTRL_X0Y15       BUFG (Prop_bufg_I_O)         0.026    -1.247 r  clk_gen/inst/clkout1_buf_replica/O
                         net (fo=5, routed)           0.042    -1.205    clk_gen/inst/clk_out1_repN
    BUFGCTRL_X0Y0        BUFG (Prop_bufg_I_O)         0.026    -1.179 r  clk_gen/inst/clkout1_buf/O
                         net (fo=5070, routed)        0.759    -0.421    clk_cpu
    SLICE_X11Y31         FDPE                                         r  reset_sync_reg[2]_replica_10/C
  -------------------------------------------------------------------    -------------------
    SLICE_X11Y31         FDPE (Prop_fdpe_C_Q)         0.141    -0.280 f  reset_sync_reg[2]_replica_10/Q
                         net (fo=178, routed)         0.192    -0.087    rv64im72f_6sp/alu/divider_word/internal_reset_repN_10_alias
    SLICE_X8Y31          FDCE                                         f  rv64im72f_6sp/alu/divider_word/remainder_quotient_reg[13]/CLR
  -------------------------------------------------------------------    -------------------

                         (clock clk_out1_clk_wiz_0_1 rise edge)
                                                      0.000     0.000 r  
    R4                                                0.000     0.000 r  clk (IN)
                         net (fo=0)                   0.000     0.000    clk_gen/inst/clk_in1
    R4                   IBUF (Prop_ibuf_I_O)         0.431     0.431 r  clk_gen/inst/clkin1_ibufg/O
                         net (fo=1, routed)           0.481     0.912    clk_gen/inst/clk_in1_clk_wiz_0
    PLLE2_ADV_X1Y2       PLLE2_ADV (Prop_plle2_adv_CLKIN1_CLKOUT0)
                                                     -2.828    -1.916 r  clk_gen/inst/plle2_adv_inst/CLKOUT0
                         net (fo=1, routed)           0.595    -1.322    clk_gen/inst/clk_out1_clk_wiz_0
    BUFGCTRL_X0Y15       BUFG (Prop_bufg_I_O)         0.029    -1.293 r  clk_gen/inst/clkout1_buf_replica/O
                         net (fo=5, routed)           0.046    -1.247    clk_gen/inst/clk_out1_repN
    BUFGCTRL_X0Y0        BUFG (Prop_bufg_I_O)         0.029    -1.218 r  clk_gen/inst/clkout1_buf/O
                         net (fo=5070, routed)        1.036    -0.182    rv64im72f_6sp/alu/divider_word/clk_out1
    SLICE_X8Y31          FDCE                                         r  rv64im72f_6sp/alu/divider_word/remainder_quotient_reg[13]/C
                         clock pessimism             -0.203    -0.385    
                         clock uncertainty            0.123    -0.261    
    SLICE_X8Y31          FDCE (Remov_fdce_C_CLR)     -0.067    -0.328    rv64im72f_6sp/alu/divider_word/remainder_quotient_reg[13]
  -------------------------------------------------------------------
                         required time                          0.328    
                         arrival time                          -0.087    
  -------------------------------------------------------------------
                         slack                                  0.241    





---------------------------------------------------------------------------------------------------
Path Group:  **async_default**
From Clock:  clk_out1_clk_wiz_0_1
  To Clock:  clk_out1_clk_wiz_0_1

Setup :            0  Failing Endpoints,  Worst Slack        3.848ns,  Total Violation        0.000ns
Hold  :            0  Failing Endpoints,  Worst Slack        0.364ns,  Total Violation        0.000ns
---------------------------------------------------------------------------------------------------


Max Delay Paths
--------------------------------------------------------------------------------------
Slack (MET) :             3.848ns  (required time - arrival time)
  Source:                 reset_sync_reg[2]_replica_6/C
                            (rising edge-triggered cell FDPE clocked by clk_out1_clk_wiz_0_1  {rise@0.000ns fall@4.902ns period=9.804ns})
  Destination:            rv64im72f_6sp/alu/multiplier_dword/prod_AHBH_s2_reg[11]/CLR
                            (recovery check against rising-edge clock clk_out1_clk_wiz_0_1  {rise@0.000ns fall@4.902ns period=9.804ns})
  Path Group:             **async_default**
  Path Type:              Recovery (Max at Slow Process Corner)
  Requirement:            9.804ns  (clk_out1_clk_wiz_0_1 rise@9.804ns - clk_out1_clk_wiz_0_1 rise@0.000ns)
  Data Path Delay:        5.218ns  (logic 0.456ns (8.739%)  route 4.762ns (91.261%))
  Logic Levels:           0  
  Clock Path Skew:        -0.297ns (DCD - SCD + CPR)
    Destination Clock Delay (DCD):    -1.757ns = ( 8.047 - 9.804 ) 
    Source Clock Delay      (SCD):    -1.947ns
    Clock Pessimism Removal (CPR):    -0.487ns
  Clock Uncertainty:      0.121ns  ((TSJ^2 + DJ^2)^1/2) / 2 + PE
    Total System Jitter     (TSJ):    0.071ns
    Discrete Jitter          (DJ):    0.232ns
    Phase Error              (PE):    0.000ns

    Location             Delay type                Incr(ns)  Path(ns)    Netlist Resource(s)
  -------------------------------------------------------------------    -------------------
                         (clock clk_out1_clk_wiz_0_1 rise edge)
                                                      0.000     0.000 r  
    R4                                                0.000     0.000 r  clk (IN)
                         net (fo=0)                   0.000     0.000    clk_gen/inst/clk_in1
    R4                   IBUF (Prop_ibuf_I_O)         1.475     1.475 r  clk_gen/inst/clkin1_ibufg/O
                         net (fo=1, routed)           1.253     2.728    clk_gen/inst/clk_in1_clk_wiz_0
    PLLE2_ADV_X1Y2       PLLE2_ADV (Prop_plle2_adv_CLKIN1_CLKOUT0)
                                                     -8.953    -6.225 r  clk_gen/inst/plle2_adv_inst/CLKOUT0
                         net (fo=1, routed)           1.802    -4.422    clk_gen/inst/clk_out1_clk_wiz_0
    BUFGCTRL_X0Y15       BUFG (Prop_bufg_I_O)         0.096    -4.326 r  clk_gen/inst/clkout1_buf_replica/O
                         net (fo=5, routed)           0.154    -4.172    clk_gen/inst/clk_out1_repN
    BUFGCTRL_X0Y0        BUFG (Prop_bufg_I_O)         0.096    -4.076 r  clk_gen/inst/clkout1_buf/O
                         net (fo=5070, routed)        2.129    -1.947    clk_cpu
    SLICE_X19Y44         FDPE                                         r  reset_sync_reg[2]_replica_6/C
  -------------------------------------------------------------------    -------------------
    SLICE_X19Y44         FDPE (Prop_fdpe_C_Q)         0.456    -1.491 f  reset_sync_reg[2]_replica_6/Q
                         net (fo=261, routed)         4.762     3.271    rv64im72f_6sp/alu/multiplier_dword/internal_reset_repN_6_alias
    SLICE_X14Y60         FDCE                                         f  rv64im72f_6sp/alu/multiplier_dword/prod_AHBH_s2_reg[11]/CLR
  -------------------------------------------------------------------    -------------------

                         (clock clk_out1_clk_wiz_0_1 rise edge)
                                                      9.804     9.804 r  
    R4                                                0.000     9.804 r  clk (IN)
                         net (fo=0)                   0.000     9.804    clk_gen/inst/clk_in1
    R4                   IBUF (Prop_ibuf_I_O)         1.405    11.209 r  clk_gen/inst/clkin1_ibufg/O
                         net (fo=1, routed)           1.181    12.389    clk_gen/inst/clk_in1_clk_wiz_0
    PLLE2_ADV_X1Y2       PLLE2_ADV (Prop_plle2_adv_CLKIN1_CLKOUT0)
                                                     -8.206     4.184 r  clk_gen/inst/plle2_adv_inst/CLKOUT0
                         net (fo=1, routed)           1.718     5.902    clk_gen/inst/clk_out1_clk_wiz_0
    BUFGCTRL_X0Y15       BUFG (Prop_bufg_I_O)         0.091     5.993 r  clk_gen/inst/clkout1_buf_replica/O
                         net (fo=5, routed)           0.147     6.140    clk_gen/inst/clk_out1_repN
    BUFGCTRL_X0Y0        BUFG (Prop_bufg_I_O)         0.091     6.231 r  clk_gen/inst/clkout1_buf/O
                         net (fo=5070, routed)        1.816     8.047    rv64im72f_6sp/alu/multiplier_dword/clk_out1
    SLICE_X14Y60         FDCE                                         r  rv64im72f_6sp/alu/multiplier_dword/prod_AHBH_s2_reg[11]/C
                         clock pessimism             -0.487     7.560    
                         clock uncertainty           -0.121     7.439    
    SLICE_X14Y60         FDCE (Recov_fdce_C_CLR)     -0.319     7.120    rv64im72f_6sp/alu/multiplier_dword/prod_AHBH_s2_reg[11]
  -------------------------------------------------------------------
                         required time                          7.120    
                         arrival time                          -3.271    
  -------------------------------------------------------------------
                         slack                                  3.848    





Min Delay Paths
--------------------------------------------------------------------------------------
Slack (MET) :             0.364ns  (arrival time - required time)
  Source:                 reset_sync_reg[2]_replica_10/C
                            (rising edge-triggered cell FDPE clocked by clk_out1_clk_wiz_0_1  {rise@0.000ns fall@4.902ns period=9.804ns})
  Destination:            rv64im72f_6sp/alu/divider_word/remainder_quotient_reg[13]/CLR
                            (removal check against rising-edge clock clk_out1_clk_wiz_0_1  {rise@0.000ns fall@4.902ns period=9.804ns})
  Path Group:             **async_default**
  Path Type:              Removal (Min at Fast Process Corner)
  Requirement:            0.000ns  (clk_out1_clk_wiz_0_1 rise@0.000ns - clk_out1_clk_wiz_0_1 rise@0.000ns)
  Data Path Delay:        0.333ns  (logic 0.141ns (42.327%)  route 0.192ns (57.673%))
  Logic Levels:           0  
  Clock Path Skew:        0.036ns (DCD - SCD - CPR)
    Destination Clock Delay (DCD):    -0.182ns
    Source Clock Delay      (SCD):    -0.421ns
    Clock Pessimism Removal (CPR):    0.203ns

    Location             Delay type                Incr(ns)  Path(ns)    Netlist Resource(s)
  -------------------------------------------------------------------    -------------------
                         (clock clk_out1_clk_wiz_0_1 rise edge)
                                                      0.000     0.000 r  
    R4                                                0.000     0.000 r  clk (IN)
                         net (fo=0)                   0.000     0.000    clk_gen/inst/clk_in1
    R4                   IBUF (Prop_ibuf_I_O)         0.243     0.243 r  clk_gen/inst/clkin1_ibufg/O
                         net (fo=1, routed)           0.440     0.683    clk_gen/inst/clk_in1_clk_wiz_0
    PLLE2_ADV_X1Y2       PLLE2_ADV (Prop_plle2_adv_CLKIN1_CLKOUT0)
                                                     -2.503    -1.819 r  clk_gen/inst/plle2_adv_inst/CLKOUT0
                         net (fo=1, routed)           0.546    -1.273    clk_gen/inst/clk_out1_clk_wiz_0
    BUFGCTRL_X0Y15       BUFG (Prop_bufg_I_O)         0.026    -1.247 r  clk_gen/inst/clkout1_buf_replica/O
                         net (fo=5, routed)           0.042    -1.205    clk_gen/inst/clk_out1_repN
    BUFGCTRL_X0Y0        BUFG (Prop_bufg_I_O)         0.026    -1.179 r  clk_gen/inst/clkout1_buf/O
                         net (fo=5070, routed)        0.759    -0.421    clk_cpu
    SLICE_X11Y31         FDPE                                         r  reset_sync_reg[2]_replica_10/C
  -------------------------------------------------------------------    -------------------
    SLICE_X11Y31         FDPE (Prop_fdpe_C_Q)         0.141    -0.280 f  reset_sync_reg[2]_replica_10/Q
                         net (fo=178, routed)         0.192    -0.087    rv64im72f_6sp/alu/divider_word/internal_reset_repN_10_alias
    SLICE_X8Y31          FDCE                                         f  rv64im72f_6sp/alu/divider_word/remainder_quotient_reg[13]/CLR
  -------------------------------------------------------------------    -------------------

                         (clock clk_out1_clk_wiz_0_1 rise edge)
                                                      0.000     0.000 r  
    R4                                                0.000     0.000 r  clk (IN)
                         net (fo=0)                   0.000     0.000    clk_gen/inst/clk_in1
    R4                   IBUF (Prop_ibuf_I_O)         0.431     0.431 r  clk_gen/inst/clkin1_ibufg/O
                         net (fo=1, routed)           0.481     0.912    clk_gen/inst/clk_in1_clk_wiz_0
    PLLE2_ADV_X1Y2       PLLE2_ADV (Prop_plle2_adv_CLKIN1_CLKOUT0)
                                                     -2.828    -1.916 r  clk_gen/inst/plle2_adv_inst/CLKOUT0
                         net (fo=1, routed)           0.595    -1.322    clk_gen/inst/clk_out1_clk_wiz_0
    BUFGCTRL_X0Y15       BUFG (Prop_bufg_I_O)         0.029    -1.293 r  clk_gen/inst/clkout1_buf_replica/O
                         net (fo=5, routed)           0.046    -1.247    clk_gen/inst/clk_out1_repN
    BUFGCTRL_X0Y0        BUFG (Prop_bufg_I_O)         0.029    -1.218 r  clk_gen/inst/clkout1_buf/O
                         net (fo=5070, routed)        1.036    -0.182    rv64im72f_6sp/alu/divider_word/clk_out1
    SLICE_X8Y31          FDCE                                         r  rv64im72f_6sp/alu/divider_word/remainder_quotient_reg[13]/C
                         clock pessimism             -0.203    -0.385    
    SLICE_X8Y31          FDCE (Remov_fdce_C_CLR)     -0.067    -0.452    rv64im72f_6sp/alu/divider_word/remainder_quotient_reg[13]
  -------------------------------------------------------------------
                         required time                          0.452    
                         arrival time                          -0.087    
  -------------------------------------------------------------------
                         slack                                  0.364    





