Copyright 1986-2022 Xilinx, Inc. All Rights Reserved. Copyright 2022-2025 Advanced Micro Devices, Inc. All Rights Reserved.
-----------------------------------------------------------------------------------------------------------------------------------------------------------------------------------------------------------------------------------------------
| Tool Version : Vivado v.2025.2 (lin64) Build 6299465 Fri Nov 14 12:34:56 MST 2025
| Date         : Tue Sep 15 20:44:51 2026
| Host         : khwl-ThinkPad-X1-Carbon-Gen-13 running 64-bit Ubuntu 24.04.4 LTS
| Command      : report_timing_summary -max_paths 10 -routable_nets -report_unconstrained -file RV64IM72F5SPSoCTOP_timing_summary_routed.rpt -pb RV64IM72F5SPSoCTOP_timing_summary_routed.pb -rpx RV64IM72F5SPSoCTOP_timing_summary_routed.rpx
| Design       : RV64IM72F5SPSoCTOP
| Device       : 7a200t-sbg484
| Speed File   : -1  PRODUCTION 1.23 2018-06-13
| Design State : Routed
-----------------------------------------------------------------------------------------------------------------------------------------------------------------------------------------------------------------------------------------------

Timing Summary Report

------------------------------------------------------------------------------------------------
| Timer Settings
| --------------
------------------------------------------------------------------------------------------------

  Enable Multi Corner Analysis               :  Yes
  Enable Pessimism Removal                   :  Yes
  Pessimism Removal Resolution               :  Nearest Common Node
  Enable Input Delay Default Clock           :  No
  Enable Preset / Clear Arcs                 :  No
  Disable Flight Delays                      :  No
  Ignore I/O Paths                           :  No
  Timing Early Launch at Borrowing Latches   :  No
  Borrow Time for Max Delay Exceptions       :  Yes
  Merge Timing Exceptions                    :  Yes
  Inter-SLR Compensation                     :  Conservative

  Corner  Analyze    Analyze    
  Name    Max Paths  Min Paths  
  ------  ---------  ---------  
  Slow    Yes        Yes        
  Fast    Yes        Yes        


------------------------------------------------------------------------------------------------
| Report Methodology
| ------------------
------------------------------------------------------------------------------------------------

Rule      Severity  Description                                                Violations  
--------  --------  ---------------------------------------------------------  ----------  
DPIR-1    Warning   Asynchronous driver check                                  623         
SYNTH-5   Warning   Mapped onto distributed RAM because of timing constraints  2048        
SYNTH-10  Warning   Wide multiplier                                            20          

Note: This report is based on the most recent report_methodology run and may not be up-to-date. Run report_methodology on the current design for the latest report.



check_timing report

Table of Contents
-----------------
1. checking no_clock (0)
2. checking constant_clock (0)
3. checking pulse_width_clock (0)
4. checking unconstrained_internal_endpoints (0)
5. checking no_input_delay (2)
6. checking no_output_delay (9)
7. checking multiple_clock (0)
8. checking generated_clocks (0)
9. checking loops (0)
10. checking partial_input_delay (0)
11. checking partial_output_delay (0)
12. checking latch_loops (0)

1. checking no_clock (0)
------------------------
 There are 0 register/latch pins with no clock.


2. checking constant_clock (0)
------------------------------
 There are 0 register/latch pins with constant_clock.


3. checking pulse_width_clock (0)
---------------------------------
 There are 0 register/latch pins which need pulse_width check


4. checking unconstrained_internal_endpoints (0)
------------------------------------------------
 There are 0 pins that are not constrained for maximum delay.

 There are 0 pins that are not constrained for maximum delay due to constant clock.


5. checking no_input_delay (2)
------------------------------
 There are 0 input ports with no input delay specified.

 There are 2 input ports with no input delay but user has a false path constraint. (MEDIUM)


6. checking no_output_delay (9)
-------------------------------
 There are 0 ports with no output delay specified.

 There are 9 ports with no output delay but user has a false path constraint (MEDIUM)

 There are 0 ports with no output delay but with a timing clock defined on it or propagating through it


7. checking multiple_clock (0)
------------------------------
 There are 0 register/latch pins with multiple clocks.


8. checking generated_clocks (0)
--------------------------------
 There are 0 generated clocks that are not connected to a clock source.


9. checking loops (0)
---------------------
 There are 0 combinational loops in the design.


10. checking partial_input_delay (0)
------------------------------------
 There are 0 input ports with partial input delay specified.


11. checking partial_output_delay (0)
-------------------------------------
 There are 0 ports with partial output delay specified.


12. checking latch_loops (0)
----------------------------
 There are 0 combinational latch loops in the design through latch input



------------------------------------------------------------------------------------------------
| Design Timing Summary
| ---------------------
------------------------------------------------------------------------------------------------

    WNS(ns)      TNS(ns)  TNS Failing Endpoints  TNS Total Endpoints      WHS(ns)      THS(ns)  THS Failing Endpoints  THS Total Endpoints     WPWS(ns)     TPWS(ns)  TPWS Failing Endpoints  TPWS Total Endpoints  
    -------      -------  ---------------------  -------------------      -------      -------  ---------------------  -------------------     --------     --------  ----------------------  --------------------  
      0.237        0.000                      0                95212        0.096        0.000                      0                95212        3.000        0.000                       0                 12199  


All user specified timing constraints are met.


------------------------------------------------------------------------------------------------
| Clock Summary
| -------------
------------------------------------------------------------------------------------------------

Clock                 Waveform(ns)       Period(ns)      Frequency(MHz)
-----                 ------------       ----------      --------------
clk                   {0.000 5.000}      10.000          100.000         
  clk_out1_clk_wiz_0  {0.000 13.514}     27.027          37.000          
  clkfbout_clk_wiz_0  {0.000 20.000}     40.000          25.000          


------------------------------------------------------------------------------------------------
| Intra Clock Table
| -----------------
------------------------------------------------------------------------------------------------

Clock                     WNS(ns)      TNS(ns)  TNS Failing Endpoints  TNS Total Endpoints      WHS(ns)      THS(ns)  THS Failing Endpoints  THS Total Endpoints     WPWS(ns)     TPWS(ns)  TPWS Failing Endpoints  TPWS Total Endpoints  
-----                     -------      -------  ---------------------  -------------------      -------      -------  ---------------------  -------------------     --------     --------  ----------------------  --------------------  
clk                                                                                                                                                                     3.000        0.000                       0                     1  
  clk_out1_clk_wiz_0        0.237        0.000                      0                91464        0.096        0.000                      0                91464       12.264        0.000                       0                 12195  
  clkfbout_clk_wiz_0                                                                                                                                                   12.633        0.000                       0                     3  


------------------------------------------------------------------------------------------------
| Inter Clock Table
| -----------------
------------------------------------------------------------------------------------------------

From Clock    To Clock          WNS(ns)      TNS(ns)  TNS Failing Endpoints  TNS Total Endpoints      WHS(ns)      THS(ns)  THS Failing Endpoints  THS Total Endpoints  
----------    --------          -------      -------  ---------------------  -------------------      -------      -------  ---------------------  -------------------  


------------------------------------------------------------------------------------------------
| Other Path Groups Table
| -----------------------
------------------------------------------------------------------------------------------------

Path Group          From Clock          To Clock                WNS(ns)      TNS(ns)  TNS Failing Endpoints  TNS Total Endpoints      WHS(ns)      THS(ns)  THS Failing Endpoints  THS Total Endpoints  
----------          ----------          --------                -------      -------  ---------------------  -------------------      -------      -------  ---------------------  -------------------  
**async_default**   clk_out1_clk_wiz_0  clk_out1_clk_wiz_0        7.990        0.000                      0                 3748        1.817        0.000                      0                 3748  


------------------------------------------------------------------------------------------------
| User Ignored Path Table
| -----------------------
------------------------------------------------------------------------------------------------

Path Group          From Clock          To Clock          
----------          ----------          --------          
(none)              clk_out1_clk_wiz_0                      
(none)                                  clk_out1_clk_wiz_0  


------------------------------------------------------------------------------------------------
| Unconstrained Path Table
| ------------------------
------------------------------------------------------------------------------------------------

Path Group          From Clock          To Clock          
----------          ----------          --------          
(none)                                  clk_out1_clk_wiz_0  


------------------------------------------------------------------------------------------------
| Timing Details
| --------------
------------------------------------------------------------------------------------------------


---------------------------------------------------------------------------------------------------
From Clock:  clk
  To Clock:  clk

Setup :           NA  Failing Endpoints,  Worst Slack           NA  ,  Total Violation           NA
Hold  :           NA  Failing Endpoints,  Worst Slack           NA  ,  Total Violation           NA
PW    :            0  Failing Endpoints,  Worst Slack        3.000ns,  Total Violation        0.000ns
---------------------------------------------------------------------------------------------------


Pulse Width Checks
--------------------------------------------------------------------------------------
Clock Name:         clk
Waveform(ns):       { 0.000 5.000 }
Period(ns):         10.000
Sources:            { clk }

Check Type        Corner  Lib Pin           Reference Pin  Required(ns)  Actual(ns)  Slack(ns)  Location        Pin
Min Period        n/a     PLLE2_ADV/CLKIN1  n/a            1.249         10.000      8.751      PLLE2_ADV_X1Y2  clk_gen/inst/plle2_adv_inst/CLKIN1
Max Period        n/a     PLLE2_ADV/CLKIN1  n/a            52.633        10.000      42.633     PLLE2_ADV_X1Y2  clk_gen/inst/plle2_adv_inst/CLKIN1
Low Pulse Width   Slow    PLLE2_ADV/CLKIN1  n/a            2.000         5.000       3.000      PLLE2_ADV_X1Y2  clk_gen/inst/plle2_adv_inst/CLKIN1
Low Pulse Width   Fast    PLLE2_ADV/CLKIN1  n/a            2.000         5.000       3.000      PLLE2_ADV_X1Y2  clk_gen/inst/plle2_adv_inst/CLKIN1
High Pulse Width  Slow    PLLE2_ADV/CLKIN1  n/a            2.000         5.000       3.000      PLLE2_ADV_X1Y2  clk_gen/inst/plle2_adv_inst/CLKIN1
High Pulse Width  Fast    PLLE2_ADV/CLKIN1  n/a            2.000         5.000       3.000      PLLE2_ADV_X1Y2  clk_gen/inst/plle2_adv_inst/CLKIN1



---------------------------------------------------------------------------------------------------
From Clock:  clk_out1_clk_wiz_0
  To Clock:  clk_out1_clk_wiz_0

Setup :            0  Failing Endpoints,  Worst Slack        0.237ns,  Total Violation        0.000ns
Hold  :            0  Failing Endpoints,  Worst Slack        0.096ns,  Total Violation        0.000ns
PW    :            0  Failing Endpoints,  Worst Slack       12.264ns,  Total Violation        0.000ns
---------------------------------------------------------------------------------------------------


Max Delay Paths
--------------------------------------------------------------------------------------
Slack (MET) :             0.237ns  (required time - arrival time)
  Source:                 rv64im72f_5sp/ex_mem_register/MEM_alu_result_reg[11]_rep__5/C
                            (rising edge-triggered cell FDCE clocked by clk_out1_clk_wiz_0  {rise@0.000ns fall@13.514ns period=27.027ns})
  Destination:            rv64im72f_5sp/program_counter/pc_reg[57]/D
                            (rising edge-triggered cell FDCE clocked by clk_out1_clk_wiz_0  {rise@0.000ns fall@13.514ns period=27.027ns})
  Path Group:             clk_out1_clk_wiz_0
  Path Type:              Setup (Max at Slow Process Corner)
  Requirement:            27.027ns  (clk_out1_clk_wiz_0 rise@27.027ns - clk_out1_clk_wiz_0 rise@0.000ns)
  Data Path Delay:        26.767ns  (logic 8.098ns (30.254%)  route 18.669ns (69.746%))
  Logic Levels:           44  (CARRY4=17 LUT2=1 LUT3=2 LUT4=1 LUT5=4 LUT6=15 MUXF7=3 MUXF8=1)
  Clock Path Skew:        0.096ns (DCD - SCD + CPR)
    Destination Clock Delay (DCD):    -2.004ns = ( 25.023 - 27.027 ) 
    Source Clock Delay      (SCD):    -2.527ns
    Clock Pessimism Removal (CPR):    -0.427ns
  Clock Uncertainty:      0.148ns  ((TSJ^2 + DJ^2)^1/2) / 2 + PE
    Total System Jitter     (TSJ):    0.071ns
    Discrete Jitter          (DJ):    0.287ns
    Phase Error              (PE):    0.000ns

    Location             Delay type                Incr(ns)  Path(ns)    Netlist Resource(s)
  -------------------------------------------------------------------    -------------------
                         (clock clk_out1_clk_wiz_0 rise edge)
                                                      0.000     0.000 r  
    R4                                                0.000     0.000 r  clk (IN)
                         net (fo=0)                   0.000     0.000    clk_gen/inst/clk_in1
    R4                   IBUF (Prop_ibuf_I_O)         1.475     1.475 r  clk_gen/inst/clkin1_ibufg/O
                         net (fo=1, routed)           1.253     2.728    clk_gen/inst/clk_in1_clk_wiz_0
    PLLE2_ADV_X1Y2       PLLE2_ADV (Prop_plle2_adv_CLKIN1_CLKOUT0)
                                                     -8.953    -6.225 r  clk_gen/inst/plle2_adv_inst/CLKOUT0
                         net (fo=1, routed)           1.802    -4.422    clk_gen/inst/clk_out1_clk_wiz_0
    BUFGCTRL_X0Y0        BUFG (Prop_bufg_I_O)         0.096    -4.326 r  clk_gen/inst/clkout1_buf/O
                         net (fo=12193, routed)       1.799    -2.527    rv64im72f_5sp/ex_mem_register/clk_out1
    SLICE_X78Y73         FDCE                                         r  rv64im72f_5sp/ex_mem_register/MEM_alu_result_reg[11]_rep__5/C
  -------------------------------------------------------------------    -------------------
    SLICE_X78Y73         FDCE (Prop_fdce_C_Q)         0.456    -2.071 r  rv64im72f_5sp/ex_mem_register/MEM_alu_result_reg[11]_rep__5/Q
                         net (fo=132, routed)         1.661    -0.410    rv64im72f_5sp/ex_mem_register/MEM_alu_result_reg[11]_rep__5_n_0
    SLICE_X71Y68         LUT6 (Prop_lut6_I2_O)        0.124    -0.286 f  rv64im72f_5sp/ex_mem_register/WB_byte_enable_logic_register_file_write_data[23]_i_74/O
                         net (fo=1, routed)           0.000    -0.286    rv64im72f_5sp/ex_mem_register/WB_byte_enable_logic_register_file_write_data[23]_i_74_n_0
    SLICE_X71Y68         MUXF7 (Prop_muxf7_I0_O)      0.238    -0.048 f  rv64im72f_5sp/ex_mem_register/WB_byte_enable_logic_register_file_write_data_reg[23]_i_44/O
                         net (fo=1, routed)           0.000    -0.048    rv64im72f_5sp/ex_mem_register/WB_byte_enable_logic_register_file_write_data_reg[23]_i_44_n_0
    SLICE_X71Y68         MUXF8 (Prop_muxf8_I0_O)      0.104     0.056 f  rv64im72f_5sp/ex_mem_register/WB_byte_enable_logic_register_file_write_data_reg[23]_i_25/O
                         net (fo=1, routed)           0.656     0.712    rv64im72f_5sp/ex_mem_register/WB_byte_enable_logic_register_file_write_data_reg[23]_i_25_n_0
    SLICE_X67Y68         LUT6 (Prop_lut6_I5_O)        0.316     1.028 f  rv64im72f_5sp/ex_mem_register/WB_byte_enable_logic_register_file_write_data[23]_i_16/O
                         net (fo=1, routed)           0.687     1.715    rv64im72f_5sp/ex_mem_register/WB_byte_enable_logic_register_file_write_data[23]_i_16_n_0
    SLICE_X61Y68         LUT6 (Prop_lut6_I0_O)        0.124     1.839 f  rv64im72f_5sp/ex_mem_register/WB_byte_enable_logic_register_file_write_data[23]_i_14/O
                         net (fo=1, routed)           1.131     2.969    rv64im72f_5sp/ex_mem_register/WB_byte_enable_logic_register_file_write_data[23]_i_14_n_0
    SLICE_X38Y67         LUT6 (Prop_lut6_I2_O)        0.124     3.093 f  rv64im72f_5sp/ex_mem_register/WB_byte_enable_logic_register_file_write_data[23]_i_12/O
                         net (fo=1, routed)           0.743     3.837    rv64im72f_5sp/ex_mem_register/WB_byte_enable_logic_register_file_write_data[23]_i_12_n_0
    SLICE_X33Y66         LUT6 (Prop_lut6_I2_O)        0.124     3.961 f  rv64im72f_5sp/ex_mem_register/WB_byte_enable_logic_register_file_write_data[23]_i_10/O
                         net (fo=1, routed)           0.532     4.493    rv64im72f_5sp/ex_mem_register/WB_byte_enable_logic_register_file_write_data[23]_i_10_n_0
    SLICE_X32Y66         LUT6 (Prop_lut6_I2_O)        0.124     4.617 f  rv64im72f_5sp/ex_mem_register/WB_byte_enable_logic_register_file_write_data[23]_i_8/O
                         net (fo=1, routed)           0.699     5.316    rv64im72f_5sp/ex_mem_register/rom_read_data[23]
    SLICE_X29Y63         LUT5 (Prop_lut5_I1_O)        0.124     5.440 f  rv64im72f_5sp/ex_mem_register/WB_byte_enable_logic_register_file_write_data[23]_i_6/O
                         net (fo=2, routed)           1.221     6.661    rv64im72f_5sp/ex_mem_register/data_memory_read_data_muxed[23]
    SLICE_X23Y53         LUT6 (Prop_lut6_I5_O)        0.124     6.785 r  rv64im72f_5sp/ex_mem_register/WB_byte_enable_logic_register_file_write_data[23]_i_4/O
                         net (fo=6, routed)           1.175     7.960    rv64im72f_5sp/ex_mem_register/WB_byte_enable_logic_register_file_write_data[23]_i_4_n_0
    SLICE_X24Y42         LUT5 (Prop_lut5_I1_O)        0.124     8.084 f  rv64im72f_5sp/ex_mem_register/WB_byte_enable_logic_register_file_write_data[7]_i_4/O
                         net (fo=2, routed)           0.658     8.742    rv64im72f_5sp/ex_mem_register/WB_byte_enable_logic_register_file_write_data[7]_i_4_n_0
    SLICE_X24Y37         LUT5 (Prop_lut5_I4_O)        0.124     8.866 f  rv64im72f_5sp/ex_mem_register/dividend_reg[7]_i_8/O
                         net (fo=1, routed)           0.000     8.866    rv64im72f_5sp/ex_mem_register/dividend_reg[7]_i_8_n_0
    SLICE_X24Y37         MUXF7 (Prop_muxf7_I0_O)      0.238     9.104 f  rv64im72f_5sp/ex_mem_register/dividend_reg_reg[7]_i_4/O
                         net (fo=3, routed)           0.778     9.882    rv64im72f_5sp/id_ex_register/MEM_forward_data_value[7]
    SLICE_X21Y33         LUT6 (Prop_lut6_I4_O)        0.298    10.180 f  rv64im72f_5sp/id_ex_register/dividend_reg[7]_i_1/O
                         net (fo=42, routed)          1.282    11.462    rv64im72f_5sp/id_ex_register/src_A[2]
    SLICE_X9Y29          LUT5 (Prop_lut5_I2_O)        0.124    11.586 f  rv64im72f_5sp/id_ex_register/i___57_i_53/O
                         net (fo=3, routed)           0.668    12.254    rv64im72f_5sp/id_ex_register/i___57_i_53_n_0
    SLICE_X5Y28          LUT6 (Prop_lut6_I5_O)        0.124    12.378 f  rv64im72f_5sp/id_ex_register/i___55_i_41/O
                         net (fo=2, routed)           0.606    12.984    rv64im72f_5sp/id_ex_register/i___55_i_41_n_0
    SLICE_X3Y27          LUT3 (Prop_lut3_I2_O)        0.124    13.108 f  rv64im72f_5sp/id_ex_register/i___55_i_30/O
                         net (fo=4, routed)           0.761    13.869    rv64im72f_5sp/id_ex_register/i___55_i_30_n_0
    SLICE_X7Y26          LUT6 (Prop_lut6_I5_O)        0.124    13.993 f  rv64im72f_5sp/id_ex_register/i___55_i_24/O
                         net (fo=1, routed)           0.000    13.993    rv64im72f_5sp/id_ex_register/alu/alu_dword/data7[39]
    SLICE_X7Y26          MUXF7 (Prop_muxf7_I0_O)      0.212    14.205 f  rv64im72f_5sp/id_ex_register/i___55_i_10/O
                         net (fo=1, routed)           0.859    15.064    rv64im72f_5sp/id_ex_register/i___55_i_10_n_0
    SLICE_X7Y26          LUT6 (Prop_lut6_I0_O)        0.299    15.363 f  rv64im72f_5sp/id_ex_register/i___55_i_3/O
                         net (fo=2, routed)           1.586    16.949    rv64im72f_5sp/alu/alu_dword_result[39]
    SLICE_X26Y25         LUT3 (Prop_lut3_I2_O)        0.124    17.073 r  rv64im72f_5sp/alu/i___55/O
                         net (fo=1, routed)           0.000    17.073    rv64im72f_5sp/alu/i___55_n_0
    SLICE_X26Y25         CARRY4 (Prop_carry4_S[1]_CO[3])
                                                      0.550    17.623 r  rv64im72f_5sp/alu/prediction_counter_reg[1]_i_65/CO[3]
                         net (fo=1, routed)           0.000    17.623    rv64im72f_5sp/alu/prediction_counter_reg[1]_i_65_n_0
    SLICE_X26Y26         CARRY4 (Prop_carry4_CI_CO[3])
                                                      0.114    17.737 r  rv64im72f_5sp/alu/prediction_counter_reg[1]_i_32/CO[3]
                         net (fo=1, routed)           0.000    17.737    rv64im72f_5sp/alu/prediction_counter_reg[1]_i_32_n_0
    SLICE_X26Y27         CARRY4 (Prop_carry4_CI_CO[1])
                                                      0.157    17.894 r  rv64im72f_5sp/alu/prediction_counter_reg[1]_i_12/CO[1]
                         net (fo=1, routed)           0.307    18.201    rv64im72f_5sp/id_ex_register/prediction_counter[1]_i_3_3[0]
    SLICE_X29Y27         LUT4 (Prop_lut4_I0_O)        0.329    18.530 r  rv64im72f_5sp/id_ex_register/prediction_counter[1]_i_5/O
                         net (fo=1, routed)           0.287    18.817    rv64im72f_5sp/id_ex_register/prediction_counter[1]_i_5_n_0
    SLICE_X31Y27         LUT6 (Prop_lut6_I1_O)        0.124    18.941 r  rv64im72f_5sp/id_ex_register/prediction_counter[1]_i_3/O
                         net (fo=66, routed)          0.723    19.664    rv64im72f_5sp/id_ex_register/alu_zero
    SLICE_X30Y35         LUT6 (Prop_lut6_I4_O)        0.124    19.788 r  rv64im72f_5sp/id_ex_register/pc[7]_i_9/O
                         net (fo=1, routed)           0.000    19.788    rv64im72f_5sp/id_ex_register/pc[7]_i_9_n_0
    SLICE_X30Y35         CARRY4 (Prop_carry4_S[1]_CO[3])
                                                      0.550    20.338 r  rv64im72f_5sp/id_ex_register/pc_reg[7]_i_6/CO[3]
                         net (fo=1, routed)           0.000    20.338    rv64im72f_5sp/id_ex_register/pc_reg[7]_i_6_n_0
    SLICE_X30Y36         CARRY4 (Prop_carry4_CI_CO[3])
                                                      0.114    20.452 r  rv64im72f_5sp/id_ex_register/pc_reg[11]_i_6/CO[3]
                         net (fo=1, routed)           0.000    20.452    rv64im72f_5sp/id_ex_register/pc_reg[11]_i_6_n_0
    SLICE_X30Y37         CARRY4 (Prop_carry4_CI_CO[3])
                                                      0.114    20.566 r  rv64im72f_5sp/id_ex_register/pc_reg[15]_i_6/CO[3]
                         net (fo=1, routed)           0.000    20.566    rv64im72f_5sp/id_ex_register/pc_reg[15]_i_6_n_0
    SLICE_X30Y38         CARRY4 (Prop_carry4_CI_CO[3])
                                                      0.114    20.680 r  rv64im72f_5sp/id_ex_register/pc_reg[19]_i_6/CO[3]
                         net (fo=1, routed)           0.000    20.680    rv64im72f_5sp/id_ex_register/pc_reg[19]_i_6_n_0
    SLICE_X30Y39         CARRY4 (Prop_carry4_CI_CO[3])
                                                      0.114    20.794 r  rv64im72f_5sp/id_ex_register/pc_reg[23]_i_6/CO[3]
                         net (fo=1, routed)           0.000    20.794    rv64im72f_5sp/id_ex_register/pc_reg[23]_i_6_n_0
    SLICE_X30Y40         CARRY4 (Prop_carry4_CI_CO[3])
                                                      0.114    20.908 r  rv64im72f_5sp/id_ex_register/pc_reg[27]_i_6/CO[3]
                         net (fo=1, routed)           0.000    20.908    rv64im72f_5sp/id_ex_register/pc_reg[27]_i_6_n_0
    SLICE_X30Y41         CARRY4 (Prop_carry4_CI_CO[3])
                                                      0.114    21.022 r  rv64im72f_5sp/id_ex_register/pc_reg[31]_i_6/CO[3]
                         net (fo=1, routed)           0.000    21.022    rv64im72f_5sp/id_ex_register/pc_reg[31]_i_6_n_0
    SLICE_X30Y42         CARRY4 (Prop_carry4_CI_CO[3])
                                                      0.114    21.136 r  rv64im72f_5sp/id_ex_register/pc_reg[35]_i_6/CO[3]
                         net (fo=1, routed)           0.000    21.136    rv64im72f_5sp/id_ex_register/pc_reg[35]_i_6_n_0
    SLICE_X30Y43         CARRY4 (Prop_carry4_CI_CO[3])
                                                      0.114    21.250 r  rv64im72f_5sp/id_ex_register/pc_reg[39]_i_6/CO[3]
                         net (fo=1, routed)           0.000    21.250    rv64im72f_5sp/id_ex_register/pc_reg[39]_i_6_n_0
    SLICE_X30Y44         CARRY4 (Prop_carry4_CI_CO[3])
                                                      0.114    21.364 r  rv64im72f_5sp/id_ex_register/pc_reg[43]_i_6/CO[3]
                         net (fo=1, routed)           0.000    21.364    rv64im72f_5sp/id_ex_register/pc_reg[43]_i_6_n_0
    SLICE_X30Y45         CARRY4 (Prop_carry4_CI_CO[3])
                                                      0.114    21.478 r  rv64im72f_5sp/id_ex_register/pc_reg[47]_i_6/CO[3]
                         net (fo=1, routed)           0.000    21.478    rv64im72f_5sp/id_ex_register/pc_reg[47]_i_6_n_0
    SLICE_X30Y46         CARRY4 (Prop_carry4_CI_CO[3])
                                                      0.114    21.592 r  rv64im72f_5sp/id_ex_register/pc_reg[51]_i_6/CO[3]
                         net (fo=1, routed)           0.000    21.592    rv64im72f_5sp/id_ex_register/pc_reg[51]_i_6_n_0
    SLICE_X30Y47         CARRY4 (Prop_carry4_CI_CO[3])
                                                      0.114    21.706 r  rv64im72f_5sp/id_ex_register/pc_reg[55]_i_6/CO[3]
                         net (fo=1, routed)           0.000    21.706    rv64im72f_5sp/id_ex_register/pc_reg[55]_i_6_n_0
    SLICE_X30Y48         CARRY4 (Prop_carry4_CI_O[1])
                                                      0.334    22.040 r  rv64im72f_5sp/id_ex_register/pc_reg[59]_i_6/O[1]
                         net (fo=1, routed)           0.712    22.752    rv64im72f_5sp/id_ex_register/pc_reg[59]_i_6_n_6
    SLICE_X30Y54         LUT2 (Prop_lut2_I1_O)        0.303    23.055 r  rv64im72f_5sp/id_ex_register/pc[57]_i_4/O
                         net (fo=1, routed)           0.632    23.687    rv64im72f_5sp/program_counter/pc_reg[57]_0
    SLICE_X30Y57         LUT6 (Prop_lut6_I5_O)        0.124    23.811 r  rv64im72f_5sp/program_counter/pc[57]_i_2/O
                         net (fo=1, routed)           0.305    24.116    rv64im72f_5sp/id_ex_register/pc_reg[57]
    SLICE_X30Y59         LUT6 (Prop_lut6_I3_O)        0.124    24.240 r  rv64im72f_5sp/id_ex_register/pc[57]_i_1/O
                         net (fo=1, routed)           0.000    24.240    rv64im72f_5sp/program_counter/D[57]
    SLICE_X30Y59         FDCE                                         r  rv64im72f_5sp/program_counter/pc_reg[57]/D
  -------------------------------------------------------------------    -------------------

                         (clock clk_out1_clk_wiz_0 rise edge)
                                                     27.027    27.027 r  
    R4                                                0.000    27.027 r  clk (IN)
                         net (fo=0)                   0.000    27.027    clk_gen/inst/clk_in1
    R4                   IBUF (Prop_ibuf_I_O)         1.405    28.432 r  clk_gen/inst/clkin1_ibufg/O
                         net (fo=1, routed)           1.181    29.613    clk_gen/inst/clk_in1_clk_wiz_0
    PLLE2_ADV_X1Y2       PLLE2_ADV (Prop_plle2_adv_CLKIN1_CLKOUT0)
                                                     -8.206    21.407 r  clk_gen/inst/plle2_adv_inst/CLKOUT0
                         net (fo=1, routed)           1.718    23.125    clk_gen/inst/clk_out1_clk_wiz_0
    BUFGCTRL_X0Y0        BUFG (Prop_bufg_I_O)         0.091    23.216 r  clk_gen/inst/clkout1_buf/O
                         net (fo=12193, routed)       1.807    25.023    rv64im72f_5sp/program_counter/clk_out1
    SLICE_X30Y59         FDCE                                         r  rv64im72f_5sp/program_counter/pc_reg[57]/C
                         clock pessimism             -0.427    24.596    
                         clock uncertainty           -0.148    24.449    
    SLICE_X30Y59         FDCE (Setup_fdce_C_D)        0.029    24.478    rv64im72f_5sp/program_counter/pc_reg[57]
  -------------------------------------------------------------------
                         required time                         24.478    
                         arrival time                         -24.240    
  -------------------------------------------------------------------
                         slack                                  0.237    

Slack (MET) :             0.300ns  (required time - arrival time)
  Source:                 rv64im72f_5sp/ex_mem_register/MEM_alu_result_reg[11]_rep__5/C
                            (rising edge-triggered cell FDCE clocked by clk_out1_clk_wiz_0  {rise@0.000ns fall@13.514ns period=27.027ns})
  Destination:            rv64im72f_5sp/program_counter/pc_reg[55]/D
                            (rising edge-triggered cell FDCE clocked by clk_out1_clk_wiz_0  {rise@0.000ns fall@13.514ns period=27.027ns})
  Path Group:             clk_out1_clk_wiz_0
  Path Type:              Setup (Max at Slow Process Corner)
  Requirement:            27.027ns  (clk_out1_clk_wiz_0 rise@27.027ns - clk_out1_clk_wiz_0 rise@0.000ns)
  Data Path Delay:        26.708ns  (logic 7.966ns (29.826%)  route 18.742ns (70.174%))
  Logic Levels:           43  (CARRY4=16 LUT2=1 LUT3=2 LUT4=1 LUT5=4 LUT6=15 MUXF7=3 MUXF8=1)
  Clock Path Skew:        0.098ns (DCD - SCD + CPR)
    Destination Clock Delay (DCD):    -2.002ns = ( 25.025 - 27.027 ) 
    Source Clock Delay      (SCD):    -2.527ns
    Clock Pessimism Removal (CPR):    -0.427ns
  Clock Uncertainty:      0.148ns  ((TSJ^2 + DJ^2)^1/2) / 2 + PE
    Total System Jitter     (TSJ):    0.071ns
    Discrete Jitter          (DJ):    0.287ns
    Phase Error              (PE):    0.000ns

    Location             Delay type                Incr(ns)  Path(ns)    Netlist Resource(s)
  -------------------------------------------------------------------    -------------------
                         (clock clk_out1_clk_wiz_0 rise edge)
                                                      0.000     0.000 r  
    R4                                                0.000     0.000 r  clk (IN)
                         net (fo=0)                   0.000     0.000    clk_gen/inst/clk_in1
    R4                   IBUF (Prop_ibuf_I_O)         1.475     1.475 r  clk_gen/inst/clkin1_ibufg/O
                         net (fo=1, routed)           1.253     2.728    clk_gen/inst/clk_in1_clk_wiz_0
    PLLE2_ADV_X1Y2       PLLE2_ADV (Prop_plle2_adv_CLKIN1_CLKOUT0)
                                                     -8.953    -6.225 r  clk_gen/inst/plle2_adv_inst/CLKOUT0
                         net (fo=1, routed)           1.802    -4.422    clk_gen/inst/clk_out1_clk_wiz_0
    BUFGCTRL_X0Y0        BUFG (Prop_bufg_I_O)         0.096    -4.326 r  clk_gen/inst/clkout1_buf/O
                         net (fo=12193, routed)       1.799    -2.527    rv64im72f_5sp/ex_mem_register/clk_out1
    SLICE_X78Y73         FDCE                                         r  rv64im72f_5sp/ex_mem_register/MEM_alu_result_reg[11]_rep__5/C
  -------------------------------------------------------------------    -------------------
    SLICE_X78Y73         FDCE (Prop_fdce_C_Q)         0.456    -2.071 r  rv64im72f_5sp/ex_mem_register/MEM_alu_result_reg[11]_rep__5/Q
                         net (fo=132, routed)         1.661    -0.410    rv64im72f_5sp/ex_mem_register/MEM_alu_result_reg[11]_rep__5_n_0
    SLICE_X71Y68         LUT6 (Prop_lut6_I2_O)        0.124    -0.286 f  rv64im72f_5sp/ex_mem_register/WB_byte_enable_logic_register_file_write_data[23]_i_74/O
                         net (fo=1, routed)           0.000    -0.286    rv64im72f_5sp/ex_mem_register/WB_byte_enable_logic_register_file_write_data[23]_i_74_n_0
    SLICE_X71Y68         MUXF7 (Prop_muxf7_I0_O)      0.238    -0.048 f  rv64im72f_5sp/ex_mem_register/WB_byte_enable_logic_register_file_write_data_reg[23]_i_44/O
                         net (fo=1, routed)           0.000    -0.048    rv64im72f_5sp/ex_mem_register/WB_byte_enable_logic_register_file_write_data_reg[23]_i_44_n_0
    SLICE_X71Y68         MUXF8 (Prop_muxf8_I0_O)      0.104     0.056 f  rv64im72f_5sp/ex_mem_register/WB_byte_enable_logic_register_file_write_data_reg[23]_i_25/O
                         net (fo=1, routed)           0.656     0.712    rv64im72f_5sp/ex_mem_register/WB_byte_enable_logic_register_file_write_data_reg[23]_i_25_n_0
    SLICE_X67Y68         LUT6 (Prop_lut6_I5_O)        0.316     1.028 f  rv64im72f_5sp/ex_mem_register/WB_byte_enable_logic_register_file_write_data[23]_i_16/O
                         net (fo=1, routed)           0.687     1.715    rv64im72f_5sp/ex_mem_register/WB_byte_enable_logic_register_file_write_data[23]_i_16_n_0
    SLICE_X61Y68         LUT6 (Prop_lut6_I0_O)        0.124     1.839 f  rv64im72f_5sp/ex_mem_register/WB_byte_enable_logic_register_file_write_data[23]_i_14/O
                         net (fo=1, routed)           1.131     2.969    rv64im72f_5sp/ex_mem_register/WB_byte_enable_logic_register_file_write_data[23]_i_14_n_0
    SLICE_X38Y67         LUT6 (Prop_lut6_I2_O)        0.124     3.093 f  rv64im72f_5sp/ex_mem_register/WB_byte_enable_logic_register_file_write_data[23]_i_12/O
                         net (fo=1, routed)           0.743     3.837    rv64im72f_5sp/ex_mem_register/WB_byte_enable_logic_register_file_write_data[23]_i_12_n_0
    SLICE_X33Y66         LUT6 (Prop_lut6_I2_O)        0.124     3.961 f  rv64im72f_5sp/ex_mem_register/WB_byte_enable_logic_register_file_write_data[23]_i_10/O
                         net (fo=1, routed)           0.532     4.493    rv64im72f_5sp/ex_mem_register/WB_byte_enable_logic_register_file_write_data[23]_i_10_n_0
    SLICE_X32Y66         LUT6 (Prop_lut6_I2_O)        0.124     4.617 f  rv64im72f_5sp/ex_mem_register/WB_byte_enable_logic_register_file_write_data[23]_i_8/O
                         net (fo=1, routed)           0.699     5.316    rv64im72f_5sp/ex_mem_register/rom_read_data[23]
    SLICE_X29Y63         LUT5 (Prop_lut5_I1_O)        0.124     5.440 f  rv64im72f_5sp/ex_mem_register/WB_byte_enable_logic_register_file_write_data[23]_i_6/O
                         net (fo=2, routed)           1.221     6.661    rv64im72f_5sp/ex_mem_register/data_memory_read_data_muxed[23]
    SLICE_X23Y53         LUT6 (Prop_lut6_I5_O)        0.124     6.785 r  rv64im72f_5sp/ex_mem_register/WB_byte_enable_logic_register_file_write_data[23]_i_4/O
                         net (fo=6, routed)           1.175     7.960    rv64im72f_5sp/ex_mem_register/WB_byte_enable_logic_register_file_write_data[23]_i_4_n_0
    SLICE_X24Y42         LUT5 (Prop_lut5_I1_O)        0.124     8.084 f  rv64im72f_5sp/ex_mem_register/WB_byte_enable_logic_register_file_write_data[7]_i_4/O
                         net (fo=2, routed)           0.658     8.742    rv64im72f_5sp/ex_mem_register/WB_byte_enable_logic_register_file_write_data[7]_i_4_n_0
    SLICE_X24Y37         LUT5 (Prop_lut5_I4_O)        0.124     8.866 f  rv64im72f_5sp/ex_mem_register/dividend_reg[7]_i_8/O
                         net (fo=1, routed)           0.000     8.866    rv64im72f_5sp/ex_mem_register/dividend_reg[7]_i_8_n_0
    SLICE_X24Y37         MUXF7 (Prop_muxf7_I0_O)      0.238     9.104 f  rv64im72f_5sp/ex_mem_register/dividend_reg_reg[7]_i_4/O
                         net (fo=3, routed)           0.778     9.882    rv64im72f_5sp/id_ex_register/MEM_forward_data_value[7]
    SLICE_X21Y33         LUT6 (Prop_lut6_I4_O)        0.298    10.180 f  rv64im72f_5sp/id_ex_register/dividend_reg[7]_i_1/O
                         net (fo=42, routed)          1.282    11.462    rv64im72f_5sp/id_ex_register/src_A[2]
    SLICE_X9Y29          LUT5 (Prop_lut5_I2_O)        0.124    11.586 f  rv64im72f_5sp/id_ex_register/i___57_i_53/O
                         net (fo=3, routed)           0.668    12.254    rv64im72f_5sp/id_ex_register/i___57_i_53_n_0
    SLICE_X5Y28          LUT6 (Prop_lut6_I5_O)        0.124    12.378 f  rv64im72f_5sp/id_ex_register/i___55_i_41/O
                         net (fo=2, routed)           0.606    12.984    rv64im72f_5sp/id_ex_register/i___55_i_41_n_0
    SLICE_X3Y27          LUT3 (Prop_lut3_I2_O)        0.124    13.108 f  rv64im72f_5sp/id_ex_register/i___55_i_30/O
                         net (fo=4, routed)           0.761    13.869    rv64im72f_5sp/id_ex_register/i___55_i_30_n_0
    SLICE_X7Y26          LUT6 (Prop_lut6_I5_O)        0.124    13.993 f  rv64im72f_5sp/id_ex_register/i___55_i_24/O
                         net (fo=1, routed)           0.000    13.993    rv64im72f_5sp/id_ex_register/alu/alu_dword/data7[39]
    SLICE_X7Y26          MUXF7 (Prop_muxf7_I0_O)      0.212    14.205 f  rv64im72f_5sp/id_ex_register/i___55_i_10/O
                         net (fo=1, routed)           0.859    15.064    rv64im72f_5sp/id_ex_register/i___55_i_10_n_0
    SLICE_X7Y26          LUT6 (Prop_lut6_I0_O)        0.299    15.363 f  rv64im72f_5sp/id_ex_register/i___55_i_3/O
                         net (fo=2, routed)           1.586    16.949    rv64im72f_5sp/alu/alu_dword_result[39]
    SLICE_X26Y25         LUT3 (Prop_lut3_I2_O)        0.124    17.073 r  rv64im72f_5sp/alu/i___55/O
                         net (fo=1, routed)           0.000    17.073    rv64im72f_5sp/alu/i___55_n_0
    SLICE_X26Y25         CARRY4 (Prop_carry4_S[1]_CO[3])
                                                      0.550    17.623 r  rv64im72f_5sp/alu/prediction_counter_reg[1]_i_65/CO[3]
                         net (fo=1, routed)           0.000    17.623    rv64im72f_5sp/alu/prediction_counter_reg[1]_i_65_n_0
    SLICE_X26Y26         CARRY4 (Prop_carry4_CI_CO[3])
                                                      0.114    17.737 r  rv64im72f_5sp/alu/prediction_counter_reg[1]_i_32/CO[3]
                         net (fo=1, routed)           0.000    17.737    rv64im72f_5sp/alu/prediction_counter_reg[1]_i_32_n_0
    SLICE_X26Y27         CARRY4 (Prop_carry4_CI_CO[1])
                                                      0.157    17.894 r  rv64im72f_5sp/alu/prediction_counter_reg[1]_i_12/CO[1]
                         net (fo=1, routed)           0.307    18.201    rv64im72f_5sp/id_ex_register/prediction_counter[1]_i_3_3[0]
    SLICE_X29Y27         LUT4 (Prop_lut4_I0_O)        0.329    18.530 r  rv64im72f_5sp/id_ex_register/prediction_counter[1]_i_5/O
                         net (fo=1, routed)           0.287    18.817    rv64im72f_5sp/id_ex_register/prediction_counter[1]_i_5_n_0
    SLICE_X31Y27         LUT6 (Prop_lut6_I1_O)        0.124    18.941 r  rv64im72f_5sp/id_ex_register/prediction_counter[1]_i_3/O
                         net (fo=66, routed)          0.723    19.664    rv64im72f_5sp/id_ex_register/alu_zero
    SLICE_X30Y35         LUT6 (Prop_lut6_I4_O)        0.124    19.788 r  rv64im72f_5sp/id_ex_register/pc[7]_i_9/O
                         net (fo=1, routed)           0.000    19.788    rv64im72f_5sp/id_ex_register/pc[7]_i_9_n_0
    SLICE_X30Y35         CARRY4 (Prop_carry4_S[1]_CO[3])
                                                      0.550    20.338 r  rv64im72f_5sp/id_ex_register/pc_reg[7]_i_6/CO[3]
                         net (fo=1, routed)           0.000    20.338    rv64im72f_5sp/id_ex_register/pc_reg[7]_i_6_n_0
    SLICE_X30Y36         CARRY4 (Prop_carry4_CI_CO[3])
                                                      0.114    20.452 r  rv64im72f_5sp/id_ex_register/pc_reg[11]_i_6/CO[3]
                         net (fo=1, routed)           0.000    20.452    rv64im72f_5sp/id_ex_register/pc_reg[11]_i_6_n_0
    SLICE_X30Y37         CARRY4 (Prop_carry4_CI_CO[3])
                                                      0.114    20.566 r  rv64im72f_5sp/id_ex_register/pc_reg[15]_i_6/CO[3]
                         net (fo=1, routed)           0.000    20.566    rv64im72f_5sp/id_ex_register/pc_reg[15]_i_6_n_0
    SLICE_X30Y38         CARRY4 (Prop_carry4_CI_CO[3])
                                                      0.114    20.680 r  rv64im72f_5sp/id_ex_register/pc_reg[19]_i_6/CO[3]
                         net (fo=1, routed)           0.000    20.680    rv64im72f_5sp/id_ex_register/pc_reg[19]_i_6_n_0
    SLICE_X30Y39         CARRY4 (Prop_carry4_CI_CO[3])
                                                      0.114    20.794 r  rv64im72f_5sp/id_ex_register/pc_reg[23]_i_6/CO[3]
                         net (fo=1, routed)           0.000    20.794    rv64im72f_5sp/id_ex_register/pc_reg[23]_i_6_n_0
    SLICE_X30Y40         CARRY4 (Prop_carry4_CI_CO[3])
                                                      0.114    20.908 r  rv64im72f_5sp/id_ex_register/pc_reg[27]_i_6/CO[3]
                         net (fo=1, routed)           0.000    20.908    rv64im72f_5sp/id_ex_register/pc_reg[27]_i_6_n_0
    SLICE_X30Y41         CARRY4 (Prop_carry4_CI_CO[3])
                                                      0.114    21.022 r  rv64im72f_5sp/id_ex_register/pc_reg[31]_i_6/CO[3]
                         net (fo=1, routed)           0.000    21.022    rv64im72f_5sp/id_ex_register/pc_reg[31]_i_6_n_0
    SLICE_X30Y42         CARRY4 (Prop_carry4_CI_CO[3])
                                                      0.114    21.136 r  rv64im72f_5sp/id_ex_register/pc_reg[35]_i_6/CO[3]
                         net (fo=1, routed)           0.000    21.136    rv64im72f_5sp/id_ex_register/pc_reg[35]_i_6_n_0
    SLICE_X30Y43         CARRY4 (Prop_carry4_CI_CO[3])
                                                      0.114    21.250 r  rv64im72f_5sp/id_ex_register/pc_reg[39]_i_6/CO[3]
                         net (fo=1, routed)           0.000    21.250    rv64im72f_5sp/id_ex_register/pc_reg[39]_i_6_n_0
    SLICE_X30Y44         CARRY4 (Prop_carry4_CI_CO[3])
                                                      0.114    21.364 r  rv64im72f_5sp/id_ex_register/pc_reg[43]_i_6/CO[3]
                         net (fo=1, routed)           0.000    21.364    rv64im72f_5sp/id_ex_register/pc_reg[43]_i_6_n_0
    SLICE_X30Y45         CARRY4 (Prop_carry4_CI_CO[3])
                                                      0.114    21.478 r  rv64im72f_5sp/id_ex_register/pc_reg[47]_i_6/CO[3]
                         net (fo=1, routed)           0.000    21.478    rv64im72f_5sp/id_ex_register/pc_reg[47]_i_6_n_0
    SLICE_X30Y46         CARRY4 (Prop_carry4_CI_CO[3])
                                                      0.114    21.592 r  rv64im72f_5sp/id_ex_register/pc_reg[51]_i_6/CO[3]
                         net (fo=1, routed)           0.000    21.592    rv64im72f_5sp/id_ex_register/pc_reg[51]_i_6_n_0
    SLICE_X30Y47         CARRY4 (Prop_carry4_CI_O[3])
                                                      0.313    21.905 r  rv64im72f_5sp/id_ex_register/pc_reg[55]_i_6/O[3]
                         net (fo=1, routed)           0.786    22.691    rv64im72f_5sp/id_ex_register/pc_reg[55]_i_6_n_4
    SLICE_X31Y49         LUT2 (Prop_lut2_I1_O)        0.306    22.997 r  rv64im72f_5sp/id_ex_register/pc[55]_i_4/O
                         net (fo=1, routed)           0.636    23.633    rv64im72f_5sp/program_counter/pc_reg[55]_0
    SLICE_X31Y56         LUT6 (Prop_lut6_I5_O)        0.124    23.757 r  rv64im72f_5sp/program_counter/pc[55]_i_2/O
                         net (fo=1, routed)           0.301    24.058    rv64im72f_5sp/id_ex_register/pc_reg[55]
    SLICE_X31Y55         LUT6 (Prop_lut6_I3_O)        0.124    24.182 r  rv64im72f_5sp/id_ex_register/pc[55]_i_1/O
                         net (fo=1, routed)           0.000    24.182    rv64im72f_5sp/program_counter/D[55]
    SLICE_X31Y55         FDCE                                         r  rv64im72f_5sp/program_counter/pc_reg[55]/D
  -------------------------------------------------------------------    -------------------

                         (clock clk_out1_clk_wiz_0 rise edge)
                                                     27.027    27.027 r  
    R4                                                0.000    27.027 r  clk (IN)
                         net (fo=0)                   0.000    27.027    clk_gen/inst/clk_in1
    R4                   IBUF (Prop_ibuf_I_O)         1.405    28.432 r  clk_gen/inst/clkin1_ibufg/O
                         net (fo=1, routed)           1.181    29.613    clk_gen/inst/clk_in1_clk_wiz_0
    PLLE2_ADV_X1Y2       PLLE2_ADV (Prop_plle2_adv_CLKIN1_CLKOUT0)
                                                     -8.206    21.407 r  clk_gen/inst/plle2_adv_inst/CLKOUT0
                         net (fo=1, routed)           1.718    23.125    clk_gen/inst/clk_out1_clk_wiz_0
    BUFGCTRL_X0Y0        BUFG (Prop_bufg_I_O)         0.091    23.216 r  clk_gen/inst/clkout1_buf/O
                         net (fo=12193, routed)       1.809    25.025    rv64im72f_5sp/program_counter/clk_out1
    SLICE_X31Y55         FDCE                                         r  rv64im72f_5sp/program_counter/pc_reg[55]/C
                         clock pessimism             -0.427    24.598    
                         clock uncertainty           -0.148    24.451    
    SLICE_X31Y55         FDCE (Setup_fdce_C_D)        0.031    24.482    rv64im72f_5sp/program_counter/pc_reg[55]
  -------------------------------------------------------------------
                         required time                         24.482    
                         arrival time                         -24.182    
  -------------------------------------------------------------------
                         slack                                  0.300    

Slack (MET) :             0.337ns  (required time - arrival time)
  Source:                 rv64im72f_5sp/ex_mem_register/MEM_alu_result_reg[11]_rep__5/C
                            (rising edge-triggered cell FDCE clocked by clk_out1_clk_wiz_0  {rise@0.000ns fall@13.514ns period=27.027ns})
  Destination:            rv64im72f_5sp/program_counter/pc_reg[63]/D
                            (rising edge-triggered cell FDCE clocked by clk_out1_clk_wiz_0  {rise@0.000ns fall@13.514ns period=27.027ns})
  Path Group:             clk_out1_clk_wiz_0
  Path Type:              Setup (Max at Slow Process Corner)
  Requirement:            27.027ns  (clk_out1_clk_wiz_0 rise@27.027ns - clk_out1_clk_wiz_0 rise@0.000ns)
  Data Path Delay:        26.668ns  (logic 8.422ns (31.581%)  route 18.246ns (68.419%))
  Logic Levels:           45  (CARRY4=18 LUT2=1 LUT3=2 LUT4=1 LUT5=4 LUT6=15 MUXF7=3 MUXF8=1)
  Clock Path Skew:        0.097ns (DCD - SCD + CPR)
    Destination Clock Delay (DCD):    -2.003ns = ( 25.024 - 27.027 ) 
    Source Clock Delay      (SCD):    -2.527ns
    Clock Pessimism Removal (CPR):    -0.427ns
  Clock Uncertainty:      0.148ns  ((TSJ^2 + DJ^2)^1/2) / 2 + PE
    Total System Jitter     (TSJ):    0.071ns
    Discrete Jitter          (DJ):    0.287ns
    Phase Error              (PE):    0.000ns

    Location             Delay type                Incr(ns)  Path(ns)    Netlist Resource(s)
  -------------------------------------------------------------------    -------------------
                         (clock clk_out1_clk_wiz_0 rise edge)
                                                      0.000     0.000 r  
    R4                                                0.000     0.000 r  clk (IN)
                         net (fo=0)                   0.000     0.000    clk_gen/inst/clk_in1
    R4                   IBUF (Prop_ibuf_I_O)         1.475     1.475 r  clk_gen/inst/clkin1_ibufg/O
                         net (fo=1, routed)           1.253     2.728    clk_gen/inst/clk_in1_clk_wiz_0
    PLLE2_ADV_X1Y2       PLLE2_ADV (Prop_plle2_adv_CLKIN1_CLKOUT0)
                                                     -8.953    -6.225 r  clk_gen/inst/plle2_adv_inst/CLKOUT0
                         net (fo=1, routed)           1.802    -4.422    clk_gen/inst/clk_out1_clk_wiz_0
    BUFGCTRL_X0Y0        BUFG (Prop_bufg_I_O)         0.096    -4.326 r  clk_gen/inst/clkout1_buf/O
                         net (fo=12193, routed)       1.799    -2.527    rv64im72f_5sp/ex_mem_register/clk_out1
    SLICE_X78Y73         FDCE                                         r  rv64im72f_5sp/ex_mem_register/MEM_alu_result_reg[11]_rep__5/C
  -------------------------------------------------------------------    -------------------
    SLICE_X78Y73         FDCE (Prop_fdce_C_Q)         0.456    -2.071 r  rv64im72f_5sp/ex_mem_register/MEM_alu_result_reg[11]_rep__5/Q
                         net (fo=132, routed)         1.661    -0.410    rv64im72f_5sp/ex_mem_register/MEM_alu_result_reg[11]_rep__5_n_0
    SLICE_X71Y68         LUT6 (Prop_lut6_I2_O)        0.124    -0.286 f  rv64im72f_5sp/ex_mem_register/WB_byte_enable_logic_register_file_write_data[23]_i_74/O
                         net (fo=1, routed)           0.000    -0.286    rv64im72f_5sp/ex_mem_register/WB_byte_enable_logic_register_file_write_data[23]_i_74_n_0
    SLICE_X71Y68         MUXF7 (Prop_muxf7_I0_O)      0.238    -0.048 f  rv64im72f_5sp/ex_mem_register/WB_byte_enable_logic_register_file_write_data_reg[23]_i_44/O
                         net (fo=1, routed)           0.000    -0.048    rv64im72f_5sp/ex_mem_register/WB_byte_enable_logic_register_file_write_data_reg[23]_i_44_n_0
    SLICE_X71Y68         MUXF8 (Prop_muxf8_I0_O)      0.104     0.056 f  rv64im72f_5sp/ex_mem_register/WB_byte_enable_logic_register_file_write_data_reg[23]_i_25/O
                         net (fo=1, routed)           0.656     0.712    rv64im72f_5sp/ex_mem_register/WB_byte_enable_logic_register_file_write_data_reg[23]_i_25_n_0
    SLICE_X67Y68         LUT6 (Prop_lut6_I5_O)        0.316     1.028 f  rv64im72f_5sp/ex_mem_register/WB_byte_enable_logic_register_file_write_data[23]_i_16/O
                         net (fo=1, routed)           0.687     1.715    rv64im72f_5sp/ex_mem_register/WB_byte_enable_logic_register_file_write_data[23]_i_16_n_0
    SLICE_X61Y68         LUT6 (Prop_lut6_I0_O)        0.124     1.839 f  rv64im72f_5sp/ex_mem_register/WB_byte_enable_logic_register_file_write_data[23]_i_14/O
                         net (fo=1, routed)           1.131     2.969    rv64im72f_5sp/ex_mem_register/WB_byte_enable_logic_register_file_write_data[23]_i_14_n_0
    SLICE_X38Y67         LUT6 (Prop_lut6_I2_O)        0.124     3.093 f  rv64im72f_5sp/ex_mem_register/WB_byte_enable_logic_register_file_write_data[23]_i_12/O
                         net (fo=1, routed)           0.743     3.837    rv64im72f_5sp/ex_mem_register/WB_byte_enable_logic_register_file_write_data[23]_i_12_n_0
    SLICE_X33Y66         LUT6 (Prop_lut6_I2_O)        0.124     3.961 f  rv64im72f_5sp/ex_mem_register/WB_byte_enable_logic_register_file_write_data[23]_i_10/O
                         net (fo=1, routed)           0.532     4.493    rv64im72f_5sp/ex_mem_register/WB_byte_enable_logic_register_file_write_data[23]_i_10_n_0
    SLICE_X32Y66         LUT6 (Prop_lut6_I2_O)        0.124     4.617 f  rv64im72f_5sp/ex_mem_register/WB_byte_enable_logic_register_file_write_data[23]_i_8/O
                         net (fo=1, routed)           0.699     5.316    rv64im72f_5sp/ex_mem_register/rom_read_data[23]
    SLICE_X29Y63         LUT5 (Prop_lut5_I1_O)        0.124     5.440 f  rv64im72f_5sp/ex_mem_register/WB_byte_enable_logic_register_file_write_data[23]_i_6/O
                         net (fo=2, routed)           1.221     6.661    rv64im72f_5sp/ex_mem_register/data_memory_read_data_muxed[23]
    SLICE_X23Y53         LUT6 (Prop_lut6_I5_O)        0.124     6.785 r  rv64im72f_5sp/ex_mem_register/WB_byte_enable_logic_register_file_write_data[23]_i_4/O
                         net (fo=6, routed)           1.175     7.960    rv64im72f_5sp/ex_mem_register/WB_byte_enable_logic_register_file_write_data[23]_i_4_n_0
    SLICE_X24Y42         LUT5 (Prop_lut5_I1_O)        0.124     8.084 f  rv64im72f_5sp/ex_mem_register/WB_byte_enable_logic_register_file_write_data[7]_i_4/O
                         net (fo=2, routed)           0.658     8.742    rv64im72f_5sp/ex_mem_register/WB_byte_enable_logic_register_file_write_data[7]_i_4_n_0
    SLICE_X24Y37         LUT5 (Prop_lut5_I4_O)        0.124     8.866 f  rv64im72f_5sp/ex_mem_register/dividend_reg[7]_i_8/O
                         net (fo=1, routed)           0.000     8.866    rv64im72f_5sp/ex_mem_register/dividend_reg[7]_i_8_n_0
    SLICE_X24Y37         MUXF7 (Prop_muxf7_I0_O)      0.238     9.104 f  rv64im72f_5sp/ex_mem_register/dividend_reg_reg[7]_i_4/O
                         net (fo=3, routed)           0.778     9.882    rv64im72f_5sp/id_ex_register/MEM_forward_data_value[7]
    SLICE_X21Y33         LUT6 (Prop_lut6_I4_O)        0.298    10.180 f  rv64im72f_5sp/id_ex_register/dividend_reg[7]_i_1/O
                         net (fo=42, routed)          1.282    11.462    rv64im72f_5sp/id_ex_register/src_A[2]
    SLICE_X9Y29          LUT5 (Prop_lut5_I2_O)        0.124    11.586 f  rv64im72f_5sp/id_ex_register/i___57_i_53/O
                         net (fo=3, routed)           0.668    12.254    rv64im72f_5sp/id_ex_register/i___57_i_53_n_0
    SLICE_X5Y28          LUT6 (Prop_lut6_I5_O)        0.124    12.378 f  rv64im72f_5sp/id_ex_register/i___55_i_41/O
                         net (fo=2, routed)           0.606    12.984    rv64im72f_5sp/id_ex_register/i___55_i_41_n_0
    SLICE_X3Y27          LUT3 (Prop_lut3_I2_O)        0.124    13.108 f  rv64im72f_5sp/id_ex_register/i___55_i_30/O
                         net (fo=4, routed)           0.761    13.869    rv64im72f_5sp/id_ex_register/i___55_i_30_n_0
    SLICE_X7Y26          LUT6 (Prop_lut6_I5_O)        0.124    13.993 f  rv64im72f_5sp/id_ex_register/i___55_i_24/O
                         net (fo=1, routed)           0.000    13.993    rv64im72f_5sp/id_ex_register/alu/alu_dword/data7[39]
    SLICE_X7Y26          MUXF7 (Prop_muxf7_I0_O)      0.212    14.205 f  rv64im72f_5sp/id_ex_register/i___55_i_10/O
                         net (fo=1, routed)           0.859    15.064    rv64im72f_5sp/id_ex_register/i___55_i_10_n_0
    SLICE_X7Y26          LUT6 (Prop_lut6_I0_O)        0.299    15.363 f  rv64im72f_5sp/id_ex_register/i___55_i_3/O
                         net (fo=2, routed)           1.586    16.949    rv64im72f_5sp/alu/alu_dword_result[39]
    SLICE_X26Y25         LUT3 (Prop_lut3_I2_O)        0.124    17.073 r  rv64im72f_5sp/alu/i___55/O
                         net (fo=1, routed)           0.000    17.073    rv64im72f_5sp/alu/i___55_n_0
    SLICE_X26Y25         CARRY4 (Prop_carry4_S[1]_CO[3])
                                                      0.550    17.623 r  rv64im72f_5sp/alu/prediction_counter_reg[1]_i_65/CO[3]
                         net (fo=1, routed)           0.000    17.623    rv64im72f_5sp/alu/prediction_counter_reg[1]_i_65_n_0
    SLICE_X26Y26         CARRY4 (Prop_carry4_CI_CO[3])
                                                      0.114    17.737 r  rv64im72f_5sp/alu/prediction_counter_reg[1]_i_32/CO[3]
                         net (fo=1, routed)           0.000    17.737    rv64im72f_5sp/alu/prediction_counter_reg[1]_i_32_n_0
    SLICE_X26Y27         CARRY4 (Prop_carry4_CI_CO[1])
                                                      0.157    17.894 r  rv64im72f_5sp/alu/prediction_counter_reg[1]_i_12/CO[1]
                         net (fo=1, routed)           0.307    18.201    rv64im72f_5sp/id_ex_register/prediction_counter[1]_i_3_3[0]
    SLICE_X29Y27         LUT4 (Prop_lut4_I0_O)        0.329    18.530 r  rv64im72f_5sp/id_ex_register/prediction_counter[1]_i_5/O
                         net (fo=1, routed)           0.287    18.817    rv64im72f_5sp/id_ex_register/prediction_counter[1]_i_5_n_0
    SLICE_X31Y27         LUT6 (Prop_lut6_I1_O)        0.124    18.941 r  rv64im72f_5sp/id_ex_register/prediction_counter[1]_i_3/O
                         net (fo=66, routed)          0.723    19.664    rv64im72f_5sp/id_ex_register/alu_zero
    SLICE_X30Y35         LUT6 (Prop_lut6_I4_O)        0.124    19.788 r  rv64im72f_5sp/id_ex_register/pc[7]_i_9/O
                         net (fo=1, routed)           0.000    19.788    rv64im72f_5sp/id_ex_register/pc[7]_i_9_n_0
    SLICE_X30Y35         CARRY4 (Prop_carry4_S[1]_CO[3])
                                                      0.550    20.338 r  rv64im72f_5sp/id_ex_register/pc_reg[7]_i_6/CO[3]
                         net (fo=1, routed)           0.000    20.338    rv64im72f_5sp/id_ex_register/pc_reg[7]_i_6_n_0
    SLICE_X30Y36         CARRY4 (Prop_carry4_CI_CO[3])
                                                      0.114    20.452 r  rv64im72f_5sp/id_ex_register/pc_reg[11]_i_6/CO[3]
                         net (fo=1, routed)           0.000    20.452    rv64im72f_5sp/id_ex_register/pc_reg[11]_i_6_n_0
    SLICE_X30Y37         CARRY4 (Prop_carry4_CI_CO[3])
                                                      0.114    20.566 r  rv64im72f_5sp/id_ex_register/pc_reg[15]_i_6/CO[3]
                         net (fo=1, routed)           0.000    20.566    rv64im72f_5sp/id_ex_register/pc_reg[15]_i_6_n_0
    SLICE_X30Y38         CARRY4 (Prop_carry4_CI_CO[3])
                                                      0.114    20.680 r  rv64im72f_5sp/id_ex_register/pc_reg[19]_i_6/CO[3]
                         net (fo=1, routed)           0.000    20.680    rv64im72f_5sp/id_ex_register/pc_reg[19]_i_6_n_0
    SLICE_X30Y39         CARRY4 (Prop_carry4_CI_CO[3])
                                                      0.114    20.794 r  rv64im72f_5sp/id_ex_register/pc_reg[23]_i_6/CO[3]
                         net (fo=1, routed)           0.000    20.794    rv64im72f_5sp/id_ex_register/pc_reg[23]_i_6_n_0
    SLICE_X30Y40         CARRY4 (Prop_carry4_CI_CO[3])
                                                      0.114    20.908 r  rv64im72f_5sp/id_ex_register/pc_reg[27]_i_6/CO[3]
                         net (fo=1, routed)           0.000    20.908    rv64im72f_5sp/id_ex_register/pc_reg[27]_i_6_n_0
    SLICE_X30Y41         CARRY4 (Prop_carry4_CI_CO[3])
                                                      0.114    21.022 r  rv64im72f_5sp/id_ex_register/pc_reg[31]_i_6/CO[3]
                         net (fo=1, routed)           0.000    21.022    rv64im72f_5sp/id_ex_register/pc_reg[31]_i_6_n_0
    SLICE_X30Y42         CARRY4 (Prop_carry4_CI_CO[3])
                                                      0.114    21.136 r  rv64im72f_5sp/id_ex_register/pc_reg[35]_i_6/CO[3]
                         net (fo=1, routed)           0.000    21.136    rv64im72f_5sp/id_ex_register/pc_reg[35]_i_6_n_0
    SLICE_X30Y43         CARRY4 (Prop_carry4_CI_CO[3])
                                                      0.114    21.250 r  rv64im72f_5sp/id_ex_register/pc_reg[39]_i_6/CO[3]
                         net (fo=1, routed)           0.000    21.250    rv64im72f_5sp/id_ex_register/pc_reg[39]_i_6_n_0
    SLICE_X30Y44         CARRY4 (Prop_carry4_CI_CO[3])
                                                      0.114    21.364 r  rv64im72f_5sp/id_ex_register/pc_reg[43]_i_6/CO[3]
                         net (fo=1, routed)           0.000    21.364    rv64im72f_5sp/id_ex_register/pc_reg[43]_i_6_n_0
    SLICE_X30Y45         CARRY4 (Prop_carry4_CI_CO[3])
                                                      0.114    21.478 r  rv64im72f_5sp/id_ex_register/pc_reg[47]_i_6/CO[3]
                         net (fo=1, routed)           0.000    21.478    rv64im72f_5sp/id_ex_register/pc_reg[47]_i_6_n_0
    SLICE_X30Y46         CARRY4 (Prop_carry4_CI_CO[3])
                                                      0.114    21.592 r  rv64im72f_5sp/id_ex_register/pc_reg[51]_i_6/CO[3]
                         net (fo=1, routed)           0.000    21.592    rv64im72f_5sp/id_ex_register/pc_reg[51]_i_6_n_0
    SLICE_X30Y47         CARRY4 (Prop_carry4_CI_CO[3])
                                                      0.114    21.706 r  rv64im72f_5sp/id_ex_register/pc_reg[55]_i_6/CO[3]
                         net (fo=1, routed)           0.000    21.706    rv64im72f_5sp/id_ex_register/pc_reg[55]_i_6_n_0
    SLICE_X30Y48         CARRY4 (Prop_carry4_CI_CO[3])
                                                      0.114    21.820 r  rv64im72f_5sp/id_ex_register/pc_reg[59]_i_6/CO[3]
                         net (fo=1, routed)           0.000    21.820    rv64im72f_5sp/id_ex_register/pc_reg[59]_i_6_n_0
    SLICE_X30Y49         CARRY4 (Prop_carry4_CI_O[3])
                                                      0.313    22.133 r  rv64im72f_5sp/id_ex_register/pc_reg[63]_i_11/O[3]
                         net (fo=1, routed)           0.779    22.912    rv64im72f_5sp/id_ex_register/pc_reg[63]_i_11_n_4
    SLICE_X31Y56         LUT2 (Prop_lut2_I1_O)        0.332    23.244 r  rv64im72f_5sp/id_ex_register/pc[63]_i_6/O
                         net (fo=1, routed)           0.293    23.537    rv64im72f_5sp/program_counter/pc_reg[63]_2
    SLICE_X31Y57         LUT6 (Prop_lut6_I5_O)        0.326    23.863 r  rv64im72f_5sp/program_counter/pc[63]_i_2/O
                         net (fo=1, routed)           0.154    24.017    rv64im72f_5sp/id_ex_register/pc_reg[63]_0
    SLICE_X31Y57         LUT6 (Prop_lut6_I3_O)        0.124    24.141 r  rv64im72f_5sp/id_ex_register/pc[63]_i_1/O
                         net (fo=1, routed)           0.000    24.141    rv64im72f_5sp/program_counter/D[63]
    SLICE_X31Y57         FDCE                                         r  rv64im72f_5sp/program_counter/pc_reg[63]/D
  -------------------------------------------------------------------    -------------------

                         (clock clk_out1_clk_wiz_0 rise edge)
                                                     27.027    27.027 r  
    R4                                                0.000    27.027 r  clk (IN)
                         net (fo=0)                   0.000    27.027    clk_gen/inst/clk_in1
    R4                   IBUF (Prop_ibuf_I_O)         1.405    28.432 r  clk_gen/inst/clkin1_ibufg/O
                         net (fo=1, routed)           1.181    29.613    clk_gen/inst/clk_in1_clk_wiz_0
    PLLE2_ADV_X1Y2       PLLE2_ADV (Prop_plle2_adv_CLKIN1_CLKOUT0)
                                                     -8.206    21.407 r  clk_gen/inst/plle2_adv_inst/CLKOUT0
                         net (fo=1, routed)           1.718    23.125    clk_gen/inst/clk_out1_clk_wiz_0
    BUFGCTRL_X0Y0        BUFG (Prop_bufg_I_O)         0.091    23.216 r  clk_gen/inst/clkout1_buf/O
                         net (fo=12193, routed)       1.808    25.024    rv64im72f_5sp/program_counter/clk_out1
    SLICE_X31Y57         FDCE                                         r  rv64im72f_5sp/program_counter/pc_reg[63]/C
                         clock pessimism             -0.427    24.597    
                         clock uncertainty           -0.148    24.450    
    SLICE_X31Y57         FDCE (Setup_fdce_C_D)        0.029    24.479    rv64im72f_5sp/program_counter/pc_reg[63]
  -------------------------------------------------------------------
                         required time                         24.479    
                         arrival time                         -24.141    
  -------------------------------------------------------------------
                         slack                                  0.337    

Slack (MET) :             0.367ns  (required time - arrival time)
  Source:                 rv64im72f_5sp/ex_mem_register/MEM_alu_result_reg[11]_rep__5/C
                            (rising edge-triggered cell FDCE clocked by clk_out1_clk_wiz_0  {rise@0.000ns fall@13.514ns period=27.027ns})
  Destination:            rv64im72f_5sp/program_counter/pc_reg[61]/D
                            (rising edge-triggered cell FDCE clocked by clk_out1_clk_wiz_0  {rise@0.000ns fall@13.514ns period=27.027ns})
  Path Group:             clk_out1_clk_wiz_0
  Path Type:              Setup (Max at Slow Process Corner)
  Requirement:            27.027ns  (clk_out1_clk_wiz_0 rise@27.027ns - clk_out1_clk_wiz_0 rise@0.000ns)
  Data Path Delay:        26.638ns  (logic 8.408ns (31.564%)  route 18.230ns (68.436%))
  Logic Levels:           45  (CARRY4=18 LUT2=1 LUT3=2 LUT4=1 LUT5=4 LUT6=15 MUXF7=3 MUXF8=1)
  Clock Path Skew:        0.096ns (DCD - SCD + CPR)
    Destination Clock Delay (DCD):    -2.004ns = ( 25.023 - 27.027 ) 
    Source Clock Delay      (SCD):    -2.527ns
    Clock Pessimism Removal (CPR):    -0.427ns
  Clock Uncertainty:      0.148ns  ((TSJ^2 + DJ^2)^1/2) / 2 + PE
    Total System Jitter     (TSJ):    0.071ns
    Discrete Jitter          (DJ):    0.287ns
    Phase Error              (PE):    0.000ns

    Location             Delay type                Incr(ns)  Path(ns)    Netlist Resource(s)
  -------------------------------------------------------------------    -------------------
                         (clock clk_out1_clk_wiz_0 rise edge)
                                                      0.000     0.000 r  
    R4                                                0.000     0.000 r  clk (IN)
                         net (fo=0)                   0.000     0.000    clk_gen/inst/clk_in1
    R4                   IBUF (Prop_ibuf_I_O)         1.475     1.475 r  clk_gen/inst/clkin1_ibufg/O
                         net (fo=1, routed)           1.253     2.728    clk_gen/inst/clk_in1_clk_wiz_0
    PLLE2_ADV_X1Y2       PLLE2_ADV (Prop_plle2_adv_CLKIN1_CLKOUT0)
                                                     -8.953    -6.225 r  clk_gen/inst/plle2_adv_inst/CLKOUT0
                         net (fo=1, routed)           1.802    -4.422    clk_gen/inst/clk_out1_clk_wiz_0
    BUFGCTRL_X0Y0        BUFG (Prop_bufg_I_O)         0.096    -4.326 r  clk_gen/inst/clkout1_buf/O
                         net (fo=12193, routed)       1.799    -2.527    rv64im72f_5sp/ex_mem_register/clk_out1
    SLICE_X78Y73         FDCE                                         r  rv64im72f_5sp/ex_mem_register/MEM_alu_result_reg[11]_rep__5/C
  -------------------------------------------------------------------    -------------------
    SLICE_X78Y73         FDCE (Prop_fdce_C_Q)         0.456    -2.071 r  rv64im72f_5sp/ex_mem_register/MEM_alu_result_reg[11]_rep__5/Q
                         net (fo=132, routed)         1.661    -0.410    rv64im72f_5sp/ex_mem_register/MEM_alu_result_reg[11]_rep__5_n_0
    SLICE_X71Y68         LUT6 (Prop_lut6_I2_O)        0.124    -0.286 f  rv64im72f_5sp/ex_mem_register/WB_byte_enable_logic_register_file_write_data[23]_i_74/O
                         net (fo=1, routed)           0.000    -0.286    rv64im72f_5sp/ex_mem_register/WB_byte_enable_logic_register_file_write_data[23]_i_74_n_0
    SLICE_X71Y68         MUXF7 (Prop_muxf7_I0_O)      0.238    -0.048 f  rv64im72f_5sp/ex_mem_register/WB_byte_enable_logic_register_file_write_data_reg[23]_i_44/O
                         net (fo=1, routed)           0.000    -0.048    rv64im72f_5sp/ex_mem_register/WB_byte_enable_logic_register_file_write_data_reg[23]_i_44_n_0
    SLICE_X71Y68         MUXF8 (Prop_muxf8_I0_O)      0.104     0.056 f  rv64im72f_5sp/ex_mem_register/WB_byte_enable_logic_register_file_write_data_reg[23]_i_25/O
                         net (fo=1, routed)           0.656     0.712    rv64im72f_5sp/ex_mem_register/WB_byte_enable_logic_register_file_write_data_reg[23]_i_25_n_0
    SLICE_X67Y68         LUT6 (Prop_lut6_I5_O)        0.316     1.028 f  rv64im72f_5sp/ex_mem_register/WB_byte_enable_logic_register_file_write_data[23]_i_16/O
                         net (fo=1, routed)           0.687     1.715    rv64im72f_5sp/ex_mem_register/WB_byte_enable_logic_register_file_write_data[23]_i_16_n_0
    SLICE_X61Y68         LUT6 (Prop_lut6_I0_O)        0.124     1.839 f  rv64im72f_5sp/ex_mem_register/WB_byte_enable_logic_register_file_write_data[23]_i_14/O
                         net (fo=1, routed)           1.131     2.969    rv64im72f_5sp/ex_mem_register/WB_byte_enable_logic_register_file_write_data[23]_i_14_n_0
    SLICE_X38Y67         LUT6 (Prop_lut6_I2_O)        0.124     3.093 f  rv64im72f_5sp/ex_mem_register/WB_byte_enable_logic_register_file_write_data[23]_i_12/O
                         net (fo=1, routed)           0.743     3.837    rv64im72f_5sp/ex_mem_register/WB_byte_enable_logic_register_file_write_data[23]_i_12_n_0
    SLICE_X33Y66         LUT6 (Prop_lut6_I2_O)        0.124     3.961 f  rv64im72f_5sp/ex_mem_register/WB_byte_enable_logic_register_file_write_data[23]_i_10/O
                         net (fo=1, routed)           0.532     4.493    rv64im72f_5sp/ex_mem_register/WB_byte_enable_logic_register_file_write_data[23]_i_10_n_0
    SLICE_X32Y66         LUT6 (Prop_lut6_I2_O)        0.124     4.617 f  rv64im72f_5sp/ex_mem_register/WB_byte_enable_logic_register_file_write_data[23]_i_8/O
                         net (fo=1, routed)           0.699     5.316    rv64im72f_5sp/ex_mem_register/rom_read_data[23]
    SLICE_X29Y63         LUT5 (Prop_lut5_I1_O)        0.124     5.440 f  rv64im72f_5sp/ex_mem_register/WB_byte_enable_logic_register_file_write_data[23]_i_6/O
                         net (fo=2, routed)           1.221     6.661    rv64im72f_5sp/ex_mem_register/data_memory_read_data_muxed[23]
    SLICE_X23Y53         LUT6 (Prop_lut6_I5_O)        0.124     6.785 r  rv64im72f_5sp/ex_mem_register/WB_byte_enable_logic_register_file_write_data[23]_i_4/O
                         net (fo=6, routed)           1.175     7.960    rv64im72f_5sp/ex_mem_register/WB_byte_enable_logic_register_file_write_data[23]_i_4_n_0
    SLICE_X24Y42         LUT5 (Prop_lut5_I1_O)        0.124     8.084 f  rv64im72f_5sp/ex_mem_register/WB_byte_enable_logic_register_file_write_data[7]_i_4/O
                         net (fo=2, routed)           0.658     8.742    rv64im72f_5sp/ex_mem_register/WB_byte_enable_logic_register_file_write_data[7]_i_4_n_0
    SLICE_X24Y37         LUT5 (Prop_lut5_I4_O)        0.124     8.866 f  rv64im72f_5sp/ex_mem_register/dividend_reg[7]_i_8/O
                         net (fo=1, routed)           0.000     8.866    rv64im72f_5sp/ex_mem_register/dividend_reg[7]_i_8_n_0
    SLICE_X24Y37         MUXF7 (Prop_muxf7_I0_O)      0.238     9.104 f  rv64im72f_5sp/ex_mem_register/dividend_reg_reg[7]_i_4/O
                         net (fo=3, routed)           0.778     9.882    rv64im72f_5sp/id_ex_register/MEM_forward_data_value[7]
    SLICE_X21Y33         LUT6 (Prop_lut6_I4_O)        0.298    10.180 f  rv64im72f_5sp/id_ex_register/dividend_reg[7]_i_1/O
                         net (fo=42, routed)          1.282    11.462    rv64im72f_5sp/id_ex_register/src_A[2]
    SLICE_X9Y29          LUT5 (Prop_lut5_I2_O)        0.124    11.586 f  rv64im72f_5sp/id_ex_register/i___57_i_53/O
                         net (fo=3, routed)           0.668    12.254    rv64im72f_5sp/id_ex_register/i___57_i_53_n_0
    SLICE_X5Y28          LUT6 (Prop_lut6_I5_O)        0.124    12.378 f  rv64im72f_5sp/id_ex_register/i___55_i_41/O
                         net (fo=2, routed)           0.606    12.984    rv64im72f_5sp/id_ex_register/i___55_i_41_n_0
    SLICE_X3Y27          LUT3 (Prop_lut3_I2_O)        0.124    13.108 f  rv64im72f_5sp/id_ex_register/i___55_i_30/O
                         net (fo=4, routed)           0.761    13.869    rv64im72f_5sp/id_ex_register/i___55_i_30_n_0
    SLICE_X7Y26          LUT6 (Prop_lut6_I5_O)        0.124    13.993 f  rv64im72f_5sp/id_ex_register/i___55_i_24/O
                         net (fo=1, routed)           0.000    13.993    rv64im72f_5sp/id_ex_register/alu/alu_dword/data7[39]
    SLICE_X7Y26          MUXF7 (Prop_muxf7_I0_O)      0.212    14.205 f  rv64im72f_5sp/id_ex_register/i___55_i_10/O
                         net (fo=1, routed)           0.859    15.064    rv64im72f_5sp/id_ex_register/i___55_i_10_n_0
    SLICE_X7Y26          LUT6 (Prop_lut6_I0_O)        0.299    15.363 f  rv64im72f_5sp/id_ex_register/i___55_i_3/O
                         net (fo=2, routed)           1.586    16.949    rv64im72f_5sp/alu/alu_dword_result[39]
    SLICE_X26Y25         LUT3 (Prop_lut3_I2_O)        0.124    17.073 r  rv64im72f_5sp/alu/i___55/O
                         net (fo=1, routed)           0.000    17.073    rv64im72f_5sp/alu/i___55_n_0
    SLICE_X26Y25         CARRY4 (Prop_carry4_S[1]_CO[3])
                                                      0.550    17.623 r  rv64im72f_5sp/alu/prediction_counter_reg[1]_i_65/CO[3]
                         net (fo=1, routed)           0.000    17.623    rv64im72f_5sp/alu/prediction_counter_reg[1]_i_65_n_0
    SLICE_X26Y26         CARRY4 (Prop_carry4_CI_CO[3])
                                                      0.114    17.737 r  rv64im72f_5sp/alu/prediction_counter_reg[1]_i_32/CO[3]
                         net (fo=1, routed)           0.000    17.737    rv64im72f_5sp/alu/prediction_counter_reg[1]_i_32_n_0
    SLICE_X26Y27         CARRY4 (Prop_carry4_CI_CO[1])
                                                      0.157    17.894 r  rv64im72f_5sp/alu/prediction_counter_reg[1]_i_12/CO[1]
                         net (fo=1, routed)           0.307    18.201    rv64im72f_5sp/id_ex_register/prediction_counter[1]_i_3_3[0]
    SLICE_X29Y27         LUT4 (Prop_lut4_I0_O)        0.329    18.530 r  rv64im72f_5sp/id_ex_register/prediction_counter[1]_i_5/O
                         net (fo=1, routed)           0.287    18.817    rv64im72f_5sp/id_ex_register/prediction_counter[1]_i_5_n_0
    SLICE_X31Y27         LUT6 (Prop_lut6_I1_O)        0.124    18.941 r  rv64im72f_5sp/id_ex_register/prediction_counter[1]_i_3/O
                         net (fo=66, routed)          0.723    19.664    rv64im72f_5sp/id_ex_register/alu_zero
    SLICE_X30Y35         LUT6 (Prop_lut6_I4_O)        0.124    19.788 r  rv64im72f_5sp/id_ex_register/pc[7]_i_9/O
                         net (fo=1, routed)           0.000    19.788    rv64im72f_5sp/id_ex_register/pc[7]_i_9_n_0
    SLICE_X30Y35         CARRY4 (Prop_carry4_S[1]_CO[3])
                                                      0.550    20.338 r  rv64im72f_5sp/id_ex_register/pc_reg[7]_i_6/CO[3]
                         net (fo=1, routed)           0.000    20.338    rv64im72f_5sp/id_ex_register/pc_reg[7]_i_6_n_0
    SLICE_X30Y36         CARRY4 (Prop_carry4_CI_CO[3])
                                                      0.114    20.452 r  rv64im72f_5sp/id_ex_register/pc_reg[11]_i_6/CO[3]
                         net (fo=1, routed)           0.000    20.452    rv64im72f_5sp/id_ex_register/pc_reg[11]_i_6_n_0
    SLICE_X30Y37         CARRY4 (Prop_carry4_CI_CO[3])
                                                      0.114    20.566 r  rv64im72f_5sp/id_ex_register/pc_reg[15]_i_6/CO[3]
                         net (fo=1, routed)           0.000    20.566    rv64im72f_5sp/id_ex_register/pc_reg[15]_i_6_n_0
    SLICE_X30Y38         CARRY4 (Prop_carry4_CI_CO[3])
                                                      0.114    20.680 r  rv64im72f_5sp/id_ex_register/pc_reg[19]_i_6/CO[3]
                         net (fo=1, routed)           0.000    20.680    rv64im72f_5sp/id_ex_register/pc_reg[19]_i_6_n_0
    SLICE_X30Y39         CARRY4 (Prop_carry4_CI_CO[3])
                                                      0.114    20.794 r  rv64im72f_5sp/id_ex_register/pc_reg[23]_i_6/CO[3]
                         net (fo=1, routed)           0.000    20.794    rv64im72f_5sp/id_ex_register/pc_reg[23]_i_6_n_0
    SLICE_X30Y40         CARRY4 (Prop_carry4_CI_CO[3])
                                                      0.114    20.908 r  rv64im72f_5sp/id_ex_register/pc_reg[27]_i_6/CO[3]
                         net (fo=1, routed)           0.000    20.908    rv64im72f_5sp/id_ex_register/pc_reg[27]_i_6_n_0
    SLICE_X30Y41         CARRY4 (Prop_carry4_CI_CO[3])
                                                      0.114    21.022 r  rv64im72f_5sp/id_ex_register/pc_reg[31]_i_6/CO[3]
                         net (fo=1, routed)           0.000    21.022    rv64im72f_5sp/id_ex_register/pc_reg[31]_i_6_n_0
    SLICE_X30Y42         CARRY4 (Prop_carry4_CI_CO[3])
                                                      0.114    21.136 r  rv64im72f_5sp/id_ex_register/pc_reg[35]_i_6/CO[3]
                         net (fo=1, routed)           0.000    21.136    rv64im72f_5sp/id_ex_register/pc_reg[35]_i_6_n_0
    SLICE_X30Y43         CARRY4 (Prop_carry4_CI_CO[3])
                                                      0.114    21.250 r  rv64im72f_5sp/id_ex_register/pc_reg[39]_i_6/CO[3]
                         net (fo=1, routed)           0.000    21.250    rv64im72f_5sp/id_ex_register/pc_reg[39]_i_6_n_0
    SLICE_X30Y44         CARRY4 (Prop_carry4_CI_CO[3])
                                                      0.114    21.364 r  rv64im72f_5sp/id_ex_register/pc_reg[43]_i_6/CO[3]
                         net (fo=1, routed)           0.000    21.364    rv64im72f_5sp/id_ex_register/pc_reg[43]_i_6_n_0
    SLICE_X30Y45         CARRY4 (Prop_carry4_CI_CO[3])
                                                      0.114    21.478 r  rv64im72f_5sp/id_ex_register/pc_reg[47]_i_6/CO[3]
                         net (fo=1, routed)           0.000    21.478    rv64im72f_5sp/id_ex_register/pc_reg[47]_i_6_n_0
    SLICE_X30Y46         CARRY4 (Prop_carry4_CI_CO[3])
                                                      0.114    21.592 r  rv64im72f_5sp/id_ex_register/pc_reg[51]_i_6/CO[3]
                         net (fo=1, routed)           0.000    21.592    rv64im72f_5sp/id_ex_register/pc_reg[51]_i_6_n_0
    SLICE_X30Y47         CARRY4 (Prop_carry4_CI_CO[3])
                                                      0.114    21.706 r  rv64im72f_5sp/id_ex_register/pc_reg[55]_i_6/CO[3]
                         net (fo=1, routed)           0.000    21.706    rv64im72f_5sp/id_ex_register/pc_reg[55]_i_6_n_0
    SLICE_X30Y48         CARRY4 (Prop_carry4_CI_CO[3])
                                                      0.114    21.820 r  rv64im72f_5sp/id_ex_register/pc_reg[59]_i_6/CO[3]
                         net (fo=1, routed)           0.000    21.820    rv64im72f_5sp/id_ex_register/pc_reg[59]_i_6_n_0
    SLICE_X30Y49         CARRY4 (Prop_carry4_CI_O[1])
                                                      0.334    22.154 r  rv64im72f_5sp/id_ex_register/pc_reg[63]_i_11/O[1]
                         net (fo=1, routed)           0.406    22.560    rv64im72f_5sp/id_ex_register/pc_reg[63]_i_11_n_6
    SLICE_X29Y50         LUT2 (Prop_lut2_I1_O)        0.297    22.857 r  rv64im72f_5sp/id_ex_register/pc[61]_i_4/O
                         net (fo=1, routed)           0.499    23.356    rv64im72f_5sp/program_counter/pc_reg[61]_0
    SLICE_X32Y56         LUT6 (Prop_lut6_I5_O)        0.326    23.682 r  rv64im72f_5sp/program_counter/pc[61]_i_2/O
                         net (fo=1, routed)           0.305    23.987    rv64im72f_5sp/id_ex_register/pc_reg[61]
    SLICE_X32Y58         LUT6 (Prop_lut6_I3_O)        0.124    24.111 r  rv64im72f_5sp/id_ex_register/pc[61]_i_1/O
                         net (fo=1, routed)           0.000    24.111    rv64im72f_5sp/program_counter/D[61]
    SLICE_X32Y58         FDCE                                         r  rv64im72f_5sp/program_counter/pc_reg[61]/D
  -------------------------------------------------------------------    -------------------

                         (clock clk_out1_clk_wiz_0 rise edge)
                                                     27.027    27.027 r  
    R4                                                0.000    27.027 r  clk (IN)
                         net (fo=0)                   0.000    27.027    clk_gen/inst/clk_in1
    R4                   IBUF (Prop_ibuf_I_O)         1.405    28.432 r  clk_gen/inst/clkin1_ibufg/O
                         net (fo=1, routed)           1.181    29.613    clk_gen/inst/clk_in1_clk_wiz_0
    PLLE2_ADV_X1Y2       PLLE2_ADV (Prop_plle2_adv_CLKIN1_CLKOUT0)
                                                     -8.206    21.407 r  clk_gen/inst/plle2_adv_inst/CLKOUT0
                         net (fo=1, routed)           1.718    23.125    clk_gen/inst/clk_out1_clk_wiz_0
    BUFGCTRL_X0Y0        BUFG (Prop_bufg_I_O)         0.091    23.216 r  clk_gen/inst/clkout1_buf/O
                         net (fo=12193, routed)       1.807    25.023    rv64im72f_5sp/program_counter/clk_out1
    SLICE_X32Y58         FDCE                                         r  rv64im72f_5sp/program_counter/pc_reg[61]/C
                         clock pessimism             -0.427    24.596    
                         clock uncertainty           -0.148    24.449    
    SLICE_X32Y58         FDCE (Setup_fdce_C_D)        0.029    24.478    rv64im72f_5sp/program_counter/pc_reg[61]
  -------------------------------------------------------------------
                         required time                         24.478    
                         arrival time                         -24.111    
  -------------------------------------------------------------------
                         slack                                  0.367    

Slack (MET) :             0.384ns  (required time - arrival time)
  Source:                 rv64im72f_5sp/ex_mem_register/MEM_alu_result_reg[11]_rep__5/C
                            (rising edge-triggered cell FDCE clocked by clk_out1_clk_wiz_0  {rise@0.000ns fall@13.514ns period=27.027ns})
  Destination:            rv64im72f_5sp/id_ex_register/EX_read_data2_reg[32]/CE
                            (rising edge-triggered cell FDCE clocked by clk_out1_clk_wiz_0  {rise@0.000ns fall@13.514ns period=27.027ns})
  Path Group:             clk_out1_clk_wiz_0
  Path Type:              Setup (Max at Slow Process Corner)
  Requirement:            27.027ns  (clk_out1_clk_wiz_0 rise@27.027ns - clk_out1_clk_wiz_0 rise@0.000ns)
  Data Path Delay:        26.293ns  (logic 5.568ns (21.177%)  route 20.725ns (78.823%))
  Logic Levels:           29  (CARRY4=3 LUT3=3 LUT4=2 LUT5=4 LUT6=13 MUXF7=3 MUXF8=1)
  Clock Path Skew:        0.211ns (DCD - SCD + CPR)
    Destination Clock Delay (DCD):    -1.817ns = ( 25.210 - 27.027 ) 
    Source Clock Delay      (SCD):    -2.527ns
    Clock Pessimism Removal (CPR):    -0.499ns
  Clock Uncertainty:      0.148ns  ((TSJ^2 + DJ^2)^1/2) / 2 + PE
    Total System Jitter     (TSJ):    0.071ns
    Discrete Jitter          (DJ):    0.287ns
    Phase Error              (PE):    0.000ns

    Location             Delay type                Incr(ns)  Path(ns)    Netlist Resource(s)
  -------------------------------------------------------------------    -------------------
                         (clock clk_out1_clk_wiz_0 rise edge)
                                                      0.000     0.000 r  
    R4                                                0.000     0.000 r  clk (IN)
                         net (fo=0)                   0.000     0.000    clk_gen/inst/clk_in1
    R4                   IBUF (Prop_ibuf_I_O)         1.475     1.475 r  clk_gen/inst/clkin1_ibufg/O
                         net (fo=1, routed)           1.253     2.728    clk_gen/inst/clk_in1_clk_wiz_0
    PLLE2_ADV_X1Y2       PLLE2_ADV (Prop_plle2_adv_CLKIN1_CLKOUT0)
                                                     -8.953    -6.225 r  clk_gen/inst/plle2_adv_inst/CLKOUT0
                         net (fo=1, routed)           1.802    -4.422    clk_gen/inst/clk_out1_clk_wiz_0
    BUFGCTRL_X0Y0        BUFG (Prop_bufg_I_O)         0.096    -4.326 r  clk_gen/inst/clkout1_buf/O
                         net (fo=12193, routed)       1.799    -2.527    rv64im72f_5sp/ex_mem_register/clk_out1
    SLICE_X78Y73         FDCE                                         r  rv64im72f_5sp/ex_mem_register/MEM_alu_result_reg[11]_rep__5/C
  -------------------------------------------------------------------    -------------------
    SLICE_X78Y73         FDCE (Prop_fdce_C_Q)         0.456    -2.071 r  rv64im72f_5sp/ex_mem_register/MEM_alu_result_reg[11]_rep__5/Q
                         net (fo=132, routed)         1.661    -0.410    rv64im72f_5sp/ex_mem_register/MEM_alu_result_reg[11]_rep__5_n_0
    SLICE_X71Y68         LUT6 (Prop_lut6_I2_O)        0.124    -0.286 f  rv64im72f_5sp/ex_mem_register/WB_byte_enable_logic_register_file_write_data[23]_i_74/O
                         net (fo=1, routed)           0.000    -0.286    rv64im72f_5sp/ex_mem_register/WB_byte_enable_logic_register_file_write_data[23]_i_74_n_0
    SLICE_X71Y68         MUXF7 (Prop_muxf7_I0_O)      0.238    -0.048 f  rv64im72f_5sp/ex_mem_register/WB_byte_enable_logic_register_file_write_data_reg[23]_i_44/O
                         net (fo=1, routed)           0.000    -0.048    rv64im72f_5sp/ex_mem_register/WB_byte_enable_logic_register_file_write_data_reg[23]_i_44_n_0
    SLICE_X71Y68         MUXF8 (Prop_muxf8_I0_O)      0.104     0.056 f  rv64im72f_5sp/ex_mem_register/WB_byte_enable_logic_register_file_write_data_reg[23]_i_25/O
                         net (fo=1, routed)           0.656     0.712    rv64im72f_5sp/ex_mem_register/WB_byte_enable_logic_register_file_write_data_reg[23]_i_25_n_0
    SLICE_X67Y68         LUT6 (Prop_lut6_I5_O)        0.316     1.028 f  rv64im72f_5sp/ex_mem_register/WB_byte_enable_logic_register_file_write_data[23]_i_16/O
                         net (fo=1, routed)           0.687     1.715    rv64im72f_5sp/ex_mem_register/WB_byte_enable_logic_register_file_write_data[23]_i_16_n_0
    SLICE_X61Y68         LUT6 (Prop_lut6_I0_O)        0.124     1.839 f  rv64im72f_5sp/ex_mem_register/WB_byte_enable_logic_register_file_write_data[23]_i_14/O
                         net (fo=1, routed)           1.131     2.969    rv64im72f_5sp/ex_mem_register/WB_byte_enable_logic_register_file_write_data[23]_i_14_n_0
    SLICE_X38Y67         LUT6 (Prop_lut6_I2_O)        0.124     3.093 f  rv64im72f_5sp/ex_mem_register/WB_byte_enable_logic_register_file_write_data[23]_i_12/O
                         net (fo=1, routed)           0.743     3.837    rv64im72f_5sp/ex_mem_register/WB_byte_enable_logic_register_file_write_data[23]_i_12_n_0
    SLICE_X33Y66         LUT6 (Prop_lut6_I2_O)        0.124     3.961 f  rv64im72f_5sp/ex_mem_register/WB_byte_enable_logic_register_file_write_data[23]_i_10/O
                         net (fo=1, routed)           0.532     4.493    rv64im72f_5sp/ex_mem_register/WB_byte_enable_logic_register_file_write_data[23]_i_10_n_0
    SLICE_X32Y66         LUT6 (Prop_lut6_I2_O)        0.124     4.617 f  rv64im72f_5sp/ex_mem_register/WB_byte_enable_logic_register_file_write_data[23]_i_8/O
                         net (fo=1, routed)           0.699     5.316    rv64im72f_5sp/ex_mem_register/rom_read_data[23]
    SLICE_X29Y63         LUT5 (Prop_lut5_I1_O)        0.124     5.440 f  rv64im72f_5sp/ex_mem_register/WB_byte_enable_logic_register_file_write_data[23]_i_6/O
                         net (fo=2, routed)           1.221     6.661    rv64im72f_5sp/ex_mem_register/data_memory_read_data_muxed[23]
    SLICE_X23Y53         LUT6 (Prop_lut6_I5_O)        0.124     6.785 r  rv64im72f_5sp/ex_mem_register/WB_byte_enable_logic_register_file_write_data[23]_i_4/O
                         net (fo=6, routed)           1.175     7.960    rv64im72f_5sp/ex_mem_register/WB_byte_enable_logic_register_file_write_data[23]_i_4_n_0
    SLICE_X24Y42         LUT5 (Prop_lut5_I1_O)        0.124     8.084 f  rv64im72f_5sp/ex_mem_register/WB_byte_enable_logic_register_file_write_data[7]_i_4/O
                         net (fo=2, routed)           0.658     8.742    rv64im72f_5sp/ex_mem_register/WB_byte_enable_logic_register_file_write_data[7]_i_4_n_0
    SLICE_X24Y37         LUT5 (Prop_lut5_I4_O)        0.124     8.866 f  rv64im72f_5sp/ex_mem_register/dividend_reg[7]_i_8/O
                         net (fo=1, routed)           0.000     8.866    rv64im72f_5sp/ex_mem_register/dividend_reg[7]_i_8_n_0
    SLICE_X24Y37         MUXF7 (Prop_muxf7_I0_O)      0.238     9.104 f  rv64im72f_5sp/ex_mem_register/dividend_reg_reg[7]_i_4/O
                         net (fo=3, routed)           0.778     9.882    rv64im72f_5sp/id_ex_register/MEM_forward_data_value[7]
    SLICE_X21Y33         LUT6 (Prop_lut6_I4_O)        0.298    10.180 f  rv64im72f_5sp/id_ex_register/dividend_reg[7]_i_1/O
                         net (fo=42, routed)          1.282    11.462    rv64im72f_5sp/id_ex_register/src_A[2]
    SLICE_X9Y29          LUT5 (Prop_lut5_I2_O)        0.124    11.586 f  rv64im72f_5sp/id_ex_register/i___57_i_53/O
                         net (fo=3, routed)           0.668    12.254    rv64im72f_5sp/id_ex_register/i___57_i_53_n_0
    SLICE_X5Y28          LUT6 (Prop_lut6_I5_O)        0.124    12.378 f  rv64im72f_5sp/id_ex_register/i___55_i_41/O
                         net (fo=2, routed)           0.606    12.984    rv64im72f_5sp/id_ex_register/i___55_i_41_n_0
    SLICE_X3Y27          LUT3 (Prop_lut3_I2_O)        0.124    13.108 f  rv64im72f_5sp/id_ex_register/i___55_i_30/O
                         net (fo=4, routed)           0.761    13.869    rv64im72f_5sp/id_ex_register/i___55_i_30_n_0
    SLICE_X7Y26          LUT6 (Prop_lut6_I5_O)        0.124    13.993 f  rv64im72f_5sp/id_ex_register/i___55_i_24/O
                         net (fo=1, routed)           0.000    13.993    rv64im72f_5sp/id_ex_register/alu/alu_dword/data7[39]
    SLICE_X7Y26          MUXF7 (Prop_muxf7_I0_O)      0.212    14.205 f  rv64im72f_5sp/id_ex_register/i___55_i_10/O
                         net (fo=1, routed)           0.859    15.064    rv64im72f_5sp/id_ex_register/i___55_i_10_n_0
    SLICE_X7Y26          LUT6 (Prop_lut6_I0_O)        0.299    15.363 f  rv64im72f_5sp/id_ex_register/i___55_i_3/O
                         net (fo=2, routed)           1.586    16.949    rv64im72f_5sp/alu/alu_dword_result[39]
    SLICE_X26Y25         LUT3 (Prop_lut3_I2_O)        0.124    17.073 r  rv64im72f_5sp/alu/i___55/O
                         net (fo=1, routed)           0.000    17.073    rv64im72f_5sp/alu/i___55_n_0
    SLICE_X26Y25         CARRY4 (Prop_carry4_S[1]_CO[3])
                                                      0.550    17.623 r  rv64im72f_5sp/alu/prediction_counter_reg[1]_i_65/CO[3]
                         net (fo=1, routed)           0.000    17.623    rv64im72f_5sp/alu/prediction_counter_reg[1]_i_65_n_0
    SLICE_X26Y26         CARRY4 (Prop_carry4_CI_CO[3])
                                                      0.114    17.737 r  rv64im72f_5sp/alu/prediction_counter_reg[1]_i_32/CO[3]
                         net (fo=1, routed)           0.000    17.737    rv64im72f_5sp/alu/prediction_counter_reg[1]_i_32_n_0
    SLICE_X26Y27         CARRY4 (Prop_carry4_CI_CO[1])
                                                      0.157    17.894 r  rv64im72f_5sp/alu/prediction_counter_reg[1]_i_12/CO[1]
                         net (fo=1, routed)           0.307    18.201    rv64im72f_5sp/id_ex_register/prediction_counter[1]_i_3_3[0]
    SLICE_X29Y27         LUT4 (Prop_lut4_I0_O)        0.329    18.530 r  rv64im72f_5sp/id_ex_register/prediction_counter[1]_i_5/O
                         net (fo=1, routed)           0.287    18.817    rv64im72f_5sp/id_ex_register/prediction_counter[1]_i_5_n_0
    SLICE_X31Y27         LUT6 (Prop_lut6_I1_O)        0.124    18.941 r  rv64im72f_5sp/id_ex_register/prediction_counter[1]_i_3/O
                         net (fo=66, routed)          0.857    19.798    rv64im72f_5sp/id_ex_register/alu_zero
    SLICE_X33Y36         LUT6 (Prop_lut6_I4_O)        0.124    19.922 r  rv64im72f_5sp/id_ex_register/ID_pc[63]_i_6/O
                         net (fo=68, routed)          0.706    20.628    rv64im72f_5sp/id_ex_register/branch_prediction_miss
    SLICE_X34Y42         LUT4 (Prop_lut4_I2_O)        0.124    20.752 r  rv64im72f_5sp/id_ex_register/ID_pc[63]_i_4/O
                         net (fo=187, routed)         1.155    21.907    rv64im72f_5sp/exception_detector/ID_branch_estimation_reg
    SLICE_X31Y50         LUT3 (Prop_lut3_I2_O)        0.149    22.056 r  rv64im72f_5sp/exception_detector/ID_pc[63]_i_1/O
                         net (fo=631, routed)         1.710    23.766    rv64im72f_5sp/id_ex_register/E[0]
    SLICE_X13Y42         FDCE                                         r  rv64im72f_5sp/id_ex_register/EX_read_data2_reg[32]/CE
  -------------------------------------------------------------------    -------------------

                         (clock clk_out1_clk_wiz_0 rise edge)
                                                     27.027    27.027 r  
    R4                                                0.000    27.027 r  clk (IN)
                         net (fo=0)                   0.000    27.027    clk_gen/inst/clk_in1
    R4                   IBUF (Prop_ibuf_I_O)         1.405    28.432 r  clk_gen/inst/clkin1_ibufg/O
                         net (fo=1, routed)           1.181    29.613    clk_gen/inst/clk_in1_clk_wiz_0
    PLLE2_ADV_X1Y2       PLLE2_ADV (Prop_plle2_adv_CLKIN1_CLKOUT0)
                                                     -8.206    21.407 r  clk_gen/inst/plle2_adv_inst/CLKOUT0
                         net (fo=1, routed)           1.718    23.125    clk_gen/inst/clk_out1_clk_wiz_0
    BUFGCTRL_X0Y0        BUFG (Prop_bufg_I_O)         0.091    23.216 r  clk_gen/inst/clkout1_buf/O
                         net (fo=12193, routed)       1.994    25.210    rv64im72f_5sp/id_ex_register/clk_out1
    SLICE_X13Y42         FDCE                                         r  rv64im72f_5sp/id_ex_register/EX_read_data2_reg[32]/C
                         clock pessimism             -0.499    24.711    
                         clock uncertainty           -0.148    24.563    
    SLICE_X13Y42         FDCE (Setup_fdce_C_CE)      -0.413    24.150    rv64im72f_5sp/id_ex_register/EX_read_data2_reg[32]
  -------------------------------------------------------------------
                         required time                         24.150    
                         arrival time                         -23.766    
  -------------------------------------------------------------------
                         slack                                  0.384    

Slack (MET) :             0.422ns  (required time - arrival time)
  Source:                 rv64im72f_5sp/ex_mem_register/MEM_alu_result_reg[11]_rep__5/C
                            (rising edge-triggered cell FDCE clocked by clk_out1_clk_wiz_0  {rise@0.000ns fall@13.514ns period=27.027ns})
  Destination:            rv64im72f_5sp/id_ex_register/EX_raw_imm_reg[11]/CE
                            (rising edge-triggered cell FDCE clocked by clk_out1_clk_wiz_0  {rise@0.000ns fall@13.514ns period=27.027ns})
  Path Group:             clk_out1_clk_wiz_0
  Path Type:              Setup (Max at Slow Process Corner)
  Requirement:            27.027ns  (clk_out1_clk_wiz_0 rise@27.027ns - clk_out1_clk_wiz_0 rise@0.000ns)
  Data Path Delay:        26.152ns  (logic 5.568ns (21.291%)  route 20.584ns (78.709%))
  Logic Levels:           29  (CARRY4=3 LUT3=3 LUT4=2 LUT5=4 LUT6=13 MUXF7=3 MUXF8=1)
  Clock Path Skew:        0.108ns (DCD - SCD + CPR)
    Destination Clock Delay (DCD):    -1.920ns = ( 25.107 - 27.027 ) 
    Source Clock Delay      (SCD):    -2.527ns
    Clock Pessimism Removal (CPR):    -0.499ns
  Clock Uncertainty:      0.148ns  ((TSJ^2 + DJ^2)^1/2) / 2 + PE
    Total System Jitter     (TSJ):    0.071ns
    Discrete Jitter          (DJ):    0.287ns
    Phase Error              (PE):    0.000ns

    Location             Delay type                Incr(ns)  Path(ns)    Netlist Resource(s)
  -------------------------------------------------------------------    -------------------
                         (clock clk_out1_clk_wiz_0 rise edge)
                                                      0.000     0.000 r  
    R4                                                0.000     0.000 r  clk (IN)
                         net (fo=0)                   0.000     0.000    clk_gen/inst/clk_in1
    R4                   IBUF (Prop_ibuf_I_O)         1.475     1.475 r  clk_gen/inst/clkin1_ibufg/O
                         net (fo=1, routed)           1.253     2.728    clk_gen/inst/clk_in1_clk_wiz_0
    PLLE2_ADV_X1Y2       PLLE2_ADV (Prop_plle2_adv_CLKIN1_CLKOUT0)
                                                     -8.953    -6.225 r  clk_gen/inst/plle2_adv_inst/CLKOUT0
                         net (fo=1, routed)           1.802    -4.422    clk_gen/inst/clk_out1_clk_wiz_0
    BUFGCTRL_X0Y0        BUFG (Prop_bufg_I_O)         0.096    -4.326 r  clk_gen/inst/clkout1_buf/O
                         net (fo=12193, routed)       1.799    -2.527    rv64im72f_5sp/ex_mem_register/clk_out1
    SLICE_X78Y73         FDCE                                         r  rv64im72f_5sp/ex_mem_register/MEM_alu_result_reg[11]_rep__5/C
  -------------------------------------------------------------------    -------------------
    SLICE_X78Y73         FDCE (Prop_fdce_C_Q)         0.456    -2.071 r  rv64im72f_5sp/ex_mem_register/MEM_alu_result_reg[11]_rep__5/Q
                         net (fo=132, routed)         1.661    -0.410    rv64im72f_5sp/ex_mem_register/MEM_alu_result_reg[11]_rep__5_n_0
    SLICE_X71Y68         LUT6 (Prop_lut6_I2_O)        0.124    -0.286 f  rv64im72f_5sp/ex_mem_register/WB_byte_enable_logic_register_file_write_data[23]_i_74/O
                         net (fo=1, routed)           0.000    -0.286    rv64im72f_5sp/ex_mem_register/WB_byte_enable_logic_register_file_write_data[23]_i_74_n_0
    SLICE_X71Y68         MUXF7 (Prop_muxf7_I0_O)      0.238    -0.048 f  rv64im72f_5sp/ex_mem_register/WB_byte_enable_logic_register_file_write_data_reg[23]_i_44/O
                         net (fo=1, routed)           0.000    -0.048    rv64im72f_5sp/ex_mem_register/WB_byte_enable_logic_register_file_write_data_reg[23]_i_44_n_0
    SLICE_X71Y68         MUXF8 (Prop_muxf8_I0_O)      0.104     0.056 f  rv64im72f_5sp/ex_mem_register/WB_byte_enable_logic_register_file_write_data_reg[23]_i_25/O
                         net (fo=1, routed)           0.656     0.712    rv64im72f_5sp/ex_mem_register/WB_byte_enable_logic_register_file_write_data_reg[23]_i_25_n_0
    SLICE_X67Y68         LUT6 (Prop_lut6_I5_O)        0.316     1.028 f  rv64im72f_5sp/ex_mem_register/WB_byte_enable_logic_register_file_write_data[23]_i_16/O
                         net (fo=1, routed)           0.687     1.715    rv64im72f_5sp/ex_mem_register/WB_byte_enable_logic_register_file_write_data[23]_i_16_n_0
    SLICE_X61Y68         LUT6 (Prop_lut6_I0_O)        0.124     1.839 f  rv64im72f_5sp/ex_mem_register/WB_byte_enable_logic_register_file_write_data[23]_i_14/O
                         net (fo=1, routed)           1.131     2.969    rv64im72f_5sp/ex_mem_register/WB_byte_enable_logic_register_file_write_data[23]_i_14_n_0
    SLICE_X38Y67         LUT6 (Prop_lut6_I2_O)        0.124     3.093 f  rv64im72f_5sp/ex_mem_register/WB_byte_enable_logic_register_file_write_data[23]_i_12/O
                         net (fo=1, routed)           0.743     3.837    rv64im72f_5sp/ex_mem_register/WB_byte_enable_logic_register_file_write_data[23]_i_12_n_0
    SLICE_X33Y66         LUT6 (Prop_lut6_I2_O)        0.124     3.961 f  rv64im72f_5sp/ex_mem_register/WB_byte_enable_logic_register_file_write_data[23]_i_10/O
                         net (fo=1, routed)           0.532     4.493    rv64im72f_5sp/ex_mem_register/WB_byte_enable_logic_register_file_write_data[23]_i_10_n_0
    SLICE_X32Y66         LUT6 (Prop_lut6_I2_O)        0.124     4.617 f  rv64im72f_5sp/ex_mem_register/WB_byte_enable_logic_register_file_write_data[23]_i_8/O
                         net (fo=1, routed)           0.699     5.316    rv64im72f_5sp/ex_mem_register/rom_read_data[23]
    SLICE_X29Y63         LUT5 (Prop_lut5_I1_O)        0.124     5.440 f  rv64im72f_5sp/ex_mem_register/WB_byte_enable_logic_register_file_write_data[23]_i_6/O
                         net (fo=2, routed)           1.221     6.661    rv64im72f_5sp/ex_mem_register/data_memory_read_data_muxed[23]
    SLICE_X23Y53         LUT6 (Prop_lut6_I5_O)        0.124     6.785 r  rv64im72f_5sp/ex_mem_register/WB_byte_enable_logic_register_file_write_data[23]_i_4/O
                         net (fo=6, routed)           1.175     7.960    rv64im72f_5sp/ex_mem_register/WB_byte_enable_logic_register_file_write_data[23]_i_4_n_0
    SLICE_X24Y42         LUT5 (Prop_lut5_I1_O)        0.124     8.084 f  rv64im72f_5sp/ex_mem_register/WB_byte_enable_logic_register_file_write_data[7]_i_4/O
                         net (fo=2, routed)           0.658     8.742    rv64im72f_5sp/ex_mem_register/WB_byte_enable_logic_register_file_write_data[7]_i_4_n_0
    SLICE_X24Y37         LUT5 (Prop_lut5_I4_O)        0.124     8.866 f  rv64im72f_5sp/ex_mem_register/dividend_reg[7]_i_8/O
                         net (fo=1, routed)           0.000     8.866    rv64im72f_5sp/ex_mem_register/dividend_reg[7]_i_8_n_0
    SLICE_X24Y37         MUXF7 (Prop_muxf7_I0_O)      0.238     9.104 f  rv64im72f_5sp/ex_mem_register/dividend_reg_reg[7]_i_4/O
                         net (fo=3, routed)           0.778     9.882    rv64im72f_5sp/id_ex_register/MEM_forward_data_value[7]
    SLICE_X21Y33         LUT6 (Prop_lut6_I4_O)        0.298    10.180 f  rv64im72f_5sp/id_ex_register/dividend_reg[7]_i_1/O
                         net (fo=42, routed)          1.282    11.462    rv64im72f_5sp/id_ex_register/src_A[2]
    SLICE_X9Y29          LUT5 (Prop_lut5_I2_O)        0.124    11.586 f  rv64im72f_5sp/id_ex_register/i___57_i_53/O
                         net (fo=3, routed)           0.668    12.254    rv64im72f_5sp/id_ex_register/i___57_i_53_n_0
    SLICE_X5Y28          LUT6 (Prop_lut6_I5_O)        0.124    12.378 f  rv64im72f_5sp/id_ex_register/i___55_i_41/O
                         net (fo=2, routed)           0.606    12.984    rv64im72f_5sp/id_ex_register/i___55_i_41_n_0
    SLICE_X3Y27          LUT3 (Prop_lut3_I2_O)        0.124    13.108 f  rv64im72f_5sp/id_ex_register/i___55_i_30/O
                         net (fo=4, routed)           0.761    13.869    rv64im72f_5sp/id_ex_register/i___55_i_30_n_0
    SLICE_X7Y26          LUT6 (Prop_lut6_I5_O)        0.124    13.993 f  rv64im72f_5sp/id_ex_register/i___55_i_24/O
                         net (fo=1, routed)           0.000    13.993    rv64im72f_5sp/id_ex_register/alu/alu_dword/data7[39]
    SLICE_X7Y26          MUXF7 (Prop_muxf7_I0_O)      0.212    14.205 f  rv64im72f_5sp/id_ex_register/i___55_i_10/O
                         net (fo=1, routed)           0.859    15.064    rv64im72f_5sp/id_ex_register/i___55_i_10_n_0
    SLICE_X7Y26          LUT6 (Prop_lut6_I0_O)        0.299    15.363 f  rv64im72f_5sp/id_ex_register/i___55_i_3/O
                         net (fo=2, routed)           1.586    16.949    rv64im72f_5sp/alu/alu_dword_result[39]
    SLICE_X26Y25         LUT3 (Prop_lut3_I2_O)        0.124    17.073 r  rv64im72f_5sp/alu/i___55/O
                         net (fo=1, routed)           0.000    17.073    rv64im72f_5sp/alu/i___55_n_0
    SLICE_X26Y25         CARRY4 (Prop_carry4_S[1]_CO[3])
                                                      0.550    17.623 r  rv64im72f_5sp/alu/prediction_counter_reg[1]_i_65/CO[3]
                         net (fo=1, routed)           0.000    17.623    rv64im72f_5sp/alu/prediction_counter_reg[1]_i_65_n_0
    SLICE_X26Y26         CARRY4 (Prop_carry4_CI_CO[3])
                                                      0.114    17.737 r  rv64im72f_5sp/alu/prediction_counter_reg[1]_i_32/CO[3]
                         net (fo=1, routed)           0.000    17.737    rv64im72f_5sp/alu/prediction_counter_reg[1]_i_32_n_0
    SLICE_X26Y27         CARRY4 (Prop_carry4_CI_CO[1])
                                                      0.157    17.894 r  rv64im72f_5sp/alu/prediction_counter_reg[1]_i_12/CO[1]
                         net (fo=1, routed)           0.307    18.201    rv64im72f_5sp/id_ex_register/prediction_counter[1]_i_3_3[0]
    SLICE_X29Y27         LUT4 (Prop_lut4_I0_O)        0.329    18.530 r  rv64im72f_5sp/id_ex_register/prediction_counter[1]_i_5/O
                         net (fo=1, routed)           0.287    18.817    rv64im72f_5sp/id_ex_register/prediction_counter[1]_i_5_n_0
    SLICE_X31Y27         LUT6 (Prop_lut6_I1_O)        0.124    18.941 r  rv64im72f_5sp/id_ex_register/prediction_counter[1]_i_3/O
                         net (fo=66, routed)          0.857    19.798    rv64im72f_5sp/id_ex_register/alu_zero
    SLICE_X33Y36         LUT6 (Prop_lut6_I4_O)        0.124    19.922 r  rv64im72f_5sp/id_ex_register/ID_pc[63]_i_6/O
                         net (fo=68, routed)          0.706    20.628    rv64im72f_5sp/id_ex_register/branch_prediction_miss
    SLICE_X34Y42         LUT4 (Prop_lut4_I2_O)        0.124    20.752 r  rv64im72f_5sp/id_ex_register/ID_pc[63]_i_4/O
                         net (fo=187, routed)         1.155    21.907    rv64im72f_5sp/exception_detector/ID_branch_estimation_reg
    SLICE_X31Y50         LUT3 (Prop_lut3_I2_O)        0.149    22.056 r  rv64im72f_5sp/exception_detector/ID_pc[63]_i_1/O
                         net (fo=631, routed)         1.569    23.625    rv64im72f_5sp/id_ex_register/E[0]
    SLICE_X47Y40         FDCE                                         r  rv64im72f_5sp/id_ex_register/EX_raw_imm_reg[11]/CE
  -------------------------------------------------------------------    -------------------

                         (clock clk_out1_clk_wiz_0 rise edge)
                                                     27.027    27.027 r  
    R4                                                0.000    27.027 r  clk (IN)
                         net (fo=0)                   0.000    27.027    clk_gen/inst/clk_in1
    R4                   IBUF (Prop_ibuf_I_O)         1.405    28.432 r  clk_gen/inst/clkin1_ibufg/O
                         net (fo=1, routed)           1.181    29.613    clk_gen/inst/clk_in1_clk_wiz_0
    PLLE2_ADV_X1Y2       PLLE2_ADV (Prop_plle2_adv_CLKIN1_CLKOUT0)
                                                     -8.206    21.407 r  clk_gen/inst/plle2_adv_inst/CLKOUT0
                         net (fo=1, routed)           1.718    23.125    clk_gen/inst/clk_out1_clk_wiz_0
    BUFGCTRL_X0Y0        BUFG (Prop_bufg_I_O)         0.091    23.216 r  clk_gen/inst/clkout1_buf/O
                         net (fo=12193, routed)       1.891    25.107    rv64im72f_5sp/id_ex_register/clk_out1
    SLICE_X47Y40         FDCE                                         r  rv64im72f_5sp/id_ex_register/EX_raw_imm_reg[11]/C
                         clock pessimism             -0.499    24.608    
                         clock uncertainty           -0.148    24.460    
    SLICE_X47Y40         FDCE (Setup_fdce_C_CE)      -0.413    24.047    rv64im72f_5sp/id_ex_register/EX_raw_imm_reg[11]
  -------------------------------------------------------------------
                         required time                         24.047    
                         arrival time                         -23.625    
  -------------------------------------------------------------------
                         slack                                  0.422    

Slack (MET) :             0.422ns  (required time - arrival time)
  Source:                 rv64im72f_5sp/ex_mem_register/MEM_alu_result_reg[11]_rep__5/C
                            (rising edge-triggered cell FDCE clocked by clk_out1_clk_wiz_0  {rise@0.000ns fall@13.514ns period=27.027ns})
  Destination:            rv64im72f_5sp/id_ex_register/EX_raw_imm_reg[3]/CE
                            (rising edge-triggered cell FDCE clocked by clk_out1_clk_wiz_0  {rise@0.000ns fall@13.514ns period=27.027ns})
  Path Group:             clk_out1_clk_wiz_0
  Path Type:              Setup (Max at Slow Process Corner)
  Requirement:            27.027ns  (clk_out1_clk_wiz_0 rise@27.027ns - clk_out1_clk_wiz_0 rise@0.000ns)
  Data Path Delay:        26.152ns  (logic 5.568ns (21.291%)  route 20.584ns (78.709%))
  Logic Levels:           29  (CARRY4=3 LUT3=3 LUT4=2 LUT5=4 LUT6=13 MUXF7=3 MUXF8=1)
  Clock Path Skew:        0.108ns (DCD - SCD + CPR)
    Destination Clock Delay (DCD):    -1.920ns = ( 25.107 - 27.027 ) 
    Source Clock Delay      (SCD):    -2.527ns
    Clock Pessimism Removal (CPR):    -0.499ns
  Clock Uncertainty:      0.148ns  ((TSJ^2 + DJ^2)^1/2) / 2 + PE
    Total System Jitter     (TSJ):    0.071ns
    Discrete Jitter          (DJ):    0.287ns
    Phase Error              (PE):    0.000ns

    Location             Delay type                Incr(ns)  Path(ns)    Netlist Resource(s)
  -------------------------------------------------------------------    -------------------
                         (clock clk_out1_clk_wiz_0 rise edge)
                                                      0.000     0.000 r  
    R4                                                0.000     0.000 r  clk (IN)
                         net (fo=0)                   0.000     0.000    clk_gen/inst/clk_in1
    R4                   IBUF (Prop_ibuf_I_O)         1.475     1.475 r  clk_gen/inst/clkin1_ibufg/O
                         net (fo=1, routed)           1.253     2.728    clk_gen/inst/clk_in1_clk_wiz_0
    PLLE2_ADV_X1Y2       PLLE2_ADV (Prop_plle2_adv_CLKIN1_CLKOUT0)
                                                     -8.953    -6.225 r  clk_gen/inst/plle2_adv_inst/CLKOUT0
                         net (fo=1, routed)           1.802    -4.422    clk_gen/inst/clk_out1_clk_wiz_0
    BUFGCTRL_X0Y0        BUFG (Prop_bufg_I_O)         0.096    -4.326 r  clk_gen/inst/clkout1_buf/O
                         net (fo=12193, routed)       1.799    -2.527    rv64im72f_5sp/ex_mem_register/clk_out1
    SLICE_X78Y73         FDCE                                         r  rv64im72f_5sp/ex_mem_register/MEM_alu_result_reg[11]_rep__5/C
  -------------------------------------------------------------------    -------------------
    SLICE_X78Y73         FDCE (Prop_fdce_C_Q)         0.456    -2.071 r  rv64im72f_5sp/ex_mem_register/MEM_alu_result_reg[11]_rep__5/Q
                         net (fo=132, routed)         1.661    -0.410    rv64im72f_5sp/ex_mem_register/MEM_alu_result_reg[11]_rep__5_n_0
    SLICE_X71Y68         LUT6 (Prop_lut6_I2_O)        0.124    -0.286 f  rv64im72f_5sp/ex_mem_register/WB_byte_enable_logic_register_file_write_data[23]_i_74/O
                         net (fo=1, routed)           0.000    -0.286    rv64im72f_5sp/ex_mem_register/WB_byte_enable_logic_register_file_write_data[23]_i_74_n_0
    SLICE_X71Y68         MUXF7 (Prop_muxf7_I0_O)      0.238    -0.048 f  rv64im72f_5sp/ex_mem_register/WB_byte_enable_logic_register_file_write_data_reg[23]_i_44/O
                         net (fo=1, routed)           0.000    -0.048    rv64im72f_5sp/ex_mem_register/WB_byte_enable_logic_register_file_write_data_reg[23]_i_44_n_0
    SLICE_X71Y68         MUXF8 (Prop_muxf8_I0_O)      0.104     0.056 f  rv64im72f_5sp/ex_mem_register/WB_byte_enable_logic_register_file_write_data_reg[23]_i_25/O
                         net (fo=1, routed)           0.656     0.712    rv64im72f_5sp/ex_mem_register/WB_byte_enable_logic_register_file_write_data_reg[23]_i_25_n_0
    SLICE_X67Y68         LUT6 (Prop_lut6_I5_O)        0.316     1.028 f  rv64im72f_5sp/ex_mem_register/WB_byte_enable_logic_register_file_write_data[23]_i_16/O
                         net (fo=1, routed)           0.687     1.715    rv64im72f_5sp/ex_mem_register/WB_byte_enable_logic_register_file_write_data[23]_i_16_n_0
    SLICE_X61Y68         LUT6 (Prop_lut6_I0_O)        0.124     1.839 f  rv64im72f_5sp/ex_mem_register/WB_byte_enable_logic_register_file_write_data[23]_i_14/O
                         net (fo=1, routed)           1.131     2.969    rv64im72f_5sp/ex_mem_register/WB_byte_enable_logic_register_file_write_data[23]_i_14_n_0
    SLICE_X38Y67         LUT6 (Prop_lut6_I2_O)        0.124     3.093 f  rv64im72f_5sp/ex_mem_register/WB_byte_enable_logic_register_file_write_data[23]_i_12/O
                         net (fo=1, routed)           0.743     3.837    rv64im72f_5sp/ex_mem_register/WB_byte_enable_logic_register_file_write_data[23]_i_12_n_0
    SLICE_X33Y66         LUT6 (Prop_lut6_I2_O)        0.124     3.961 f  rv64im72f_5sp/ex_mem_register/WB_byte_enable_logic_register_file_write_data[23]_i_10/O
                         net (fo=1, routed)           0.532     4.493    rv64im72f_5sp/ex_mem_register/WB_byte_enable_logic_register_file_write_data[23]_i_10_n_0
    SLICE_X32Y66         LUT6 (Prop_lut6_I2_O)        0.124     4.617 f  rv64im72f_5sp/ex_mem_register/WB_byte_enable_logic_register_file_write_data[23]_i_8/O
                         net (fo=1, routed)           0.699     5.316    rv64im72f_5sp/ex_mem_register/rom_read_data[23]
    SLICE_X29Y63         LUT5 (Prop_lut5_I1_O)        0.124     5.440 f  rv64im72f_5sp/ex_mem_register/WB_byte_enable_logic_register_file_write_data[23]_i_6/O
                         net (fo=2, routed)           1.221     6.661    rv64im72f_5sp/ex_mem_register/data_memory_read_data_muxed[23]
    SLICE_X23Y53         LUT6 (Prop_lut6_I5_O)        0.124     6.785 r  rv64im72f_5sp/ex_mem_register/WB_byte_enable_logic_register_file_write_data[23]_i_4/O
                         net (fo=6, routed)           1.175     7.960    rv64im72f_5sp/ex_mem_register/WB_byte_enable_logic_register_file_write_data[23]_i_4_n_0
    SLICE_X24Y42         LUT5 (Prop_lut5_I1_O)        0.124     8.084 f  rv64im72f_5sp/ex_mem_register/WB_byte_enable_logic_register_file_write_data[7]_i_4/O
                         net (fo=2, routed)           0.658     8.742    rv64im72f_5sp/ex_mem_register/WB_byte_enable_logic_register_file_write_data[7]_i_4_n_0
    SLICE_X24Y37         LUT5 (Prop_lut5_I4_O)        0.124     8.866 f  rv64im72f_5sp/ex_mem_register/dividend_reg[7]_i_8/O
                         net (fo=1, routed)           0.000     8.866    rv64im72f_5sp/ex_mem_register/dividend_reg[7]_i_8_n_0
    SLICE_X24Y37         MUXF7 (Prop_muxf7_I0_O)      0.238     9.104 f  rv64im72f_5sp/ex_mem_register/dividend_reg_reg[7]_i_4/O
                         net (fo=3, routed)           0.778     9.882    rv64im72f_5sp/id_ex_register/MEM_forward_data_value[7]
    SLICE_X21Y33         LUT6 (Prop_lut6_I4_O)        0.298    10.180 f  rv64im72f_5sp/id_ex_register/dividend_reg[7]_i_1/O
                         net (fo=42, routed)          1.282    11.462    rv64im72f_5sp/id_ex_register/src_A[2]
    SLICE_X9Y29          LUT5 (Prop_lut5_I2_O)        0.124    11.586 f  rv64im72f_5sp/id_ex_register/i___57_i_53/O
                         net (fo=3, routed)           0.668    12.254    rv64im72f_5sp/id_ex_register/i___57_i_53_n_0
    SLICE_X5Y28          LUT6 (Prop_lut6_I5_O)        0.124    12.378 f  rv64im72f_5sp/id_ex_register/i___55_i_41/O
                         net (fo=2, routed)           0.606    12.984    rv64im72f_5sp/id_ex_register/i___55_i_41_n_0
    SLICE_X3Y27          LUT3 (Prop_lut3_I2_O)        0.124    13.108 f  rv64im72f_5sp/id_ex_register/i___55_i_30/O
                         net (fo=4, routed)           0.761    13.869    rv64im72f_5sp/id_ex_register/i___55_i_30_n_0
    SLICE_X7Y26          LUT6 (Prop_lut6_I5_O)        0.124    13.993 f  rv64im72f_5sp/id_ex_register/i___55_i_24/O
                         net (fo=1, routed)           0.000    13.993    rv64im72f_5sp/id_ex_register/alu/alu_dword/data7[39]
    SLICE_X7Y26          MUXF7 (Prop_muxf7_I0_O)      0.212    14.205 f  rv64im72f_5sp/id_ex_register/i___55_i_10/O
                         net (fo=1, routed)           0.859    15.064    rv64im72f_5sp/id_ex_register/i___55_i_10_n_0
    SLICE_X7Y26          LUT6 (Prop_lut6_I0_O)        0.299    15.363 f  rv64im72f_5sp/id_ex_register/i___55_i_3/O
                         net (fo=2, routed)           1.586    16.949    rv64im72f_5sp/alu/alu_dword_result[39]
    SLICE_X26Y25         LUT3 (Prop_lut3_I2_O)        0.124    17.073 r  rv64im72f_5sp/alu/i___55/O
                         net (fo=1, routed)           0.000    17.073    rv64im72f_5sp/alu/i___55_n_0
    SLICE_X26Y25         CARRY4 (Prop_carry4_S[1]_CO[3])
                                                      0.550    17.623 r  rv64im72f_5sp/alu/prediction_counter_reg[1]_i_65/CO[3]
                         net (fo=1, routed)           0.000    17.623    rv64im72f_5sp/alu/prediction_counter_reg[1]_i_65_n_0
    SLICE_X26Y26         CARRY4 (Prop_carry4_CI_CO[3])
                                                      0.114    17.737 r  rv64im72f_5sp/alu/prediction_counter_reg[1]_i_32/CO[3]
                         net (fo=1, routed)           0.000    17.737    rv64im72f_5sp/alu/prediction_counter_reg[1]_i_32_n_0
    SLICE_X26Y27         CARRY4 (Prop_carry4_CI_CO[1])
                                                      0.157    17.894 r  rv64im72f_5sp/alu/prediction_counter_reg[1]_i_12/CO[1]
                         net (fo=1, routed)           0.307    18.201    rv64im72f_5sp/id_ex_register/prediction_counter[1]_i_3_3[0]
    SLICE_X29Y27         LUT4 (Prop_lut4_I0_O)        0.329    18.530 r  rv64im72f_5sp/id_ex_register/prediction_counter[1]_i_5/O
                         net (fo=1, routed)           0.287    18.817    rv64im72f_5sp/id_ex_register/prediction_counter[1]_i_5_n_0
    SLICE_X31Y27         LUT6 (Prop_lut6_I1_O)        0.124    18.941 r  rv64im72f_5sp/id_ex_register/prediction_counter[1]_i_3/O
                         net (fo=66, routed)          0.857    19.798    rv64im72f_5sp/id_ex_register/alu_zero
    SLICE_X33Y36         LUT6 (Prop_lut6_I4_O)        0.124    19.922 r  rv64im72f_5sp/id_ex_register/ID_pc[63]_i_6/O
                         net (fo=68, routed)          0.706    20.628    rv64im72f_5sp/id_ex_register/branch_prediction_miss
    SLICE_X34Y42         LUT4 (Prop_lut4_I2_O)        0.124    20.752 r  rv64im72f_5sp/id_ex_register/ID_pc[63]_i_4/O
                         net (fo=187, routed)         1.155    21.907    rv64im72f_5sp/exception_detector/ID_branch_estimation_reg
    SLICE_X31Y50         LUT3 (Prop_lut3_I2_O)        0.149    22.056 r  rv64im72f_5sp/exception_detector/ID_pc[63]_i_1/O
                         net (fo=631, routed)         1.569    23.625    rv64im72f_5sp/id_ex_register/E[0]
    SLICE_X47Y40         FDCE                                         r  rv64im72f_5sp/id_ex_register/EX_raw_imm_reg[3]/CE
  -------------------------------------------------------------------    -------------------

                         (clock clk_out1_clk_wiz_0 rise edge)
                                                     27.027    27.027 r  
    R4                                                0.000    27.027 r  clk (IN)
                         net (fo=0)                   0.000    27.027    clk_gen/inst/clk_in1
    R4                   IBUF (Prop_ibuf_I_O)         1.405    28.432 r  clk_gen/inst/clkin1_ibufg/O
                         net (fo=1, routed)           1.181    29.613    clk_gen/inst/clk_in1_clk_wiz_0
    PLLE2_ADV_X1Y2       PLLE2_ADV (Prop_plle2_adv_CLKIN1_CLKOUT0)
                                                     -8.206    21.407 r  clk_gen/inst/plle2_adv_inst/CLKOUT0
                         net (fo=1, routed)           1.718    23.125    clk_gen/inst/clk_out1_clk_wiz_0
    BUFGCTRL_X0Y0        BUFG (Prop_bufg_I_O)         0.091    23.216 r  clk_gen/inst/clkout1_buf/O
                         net (fo=12193, routed)       1.891    25.107    rv64im72f_5sp/id_ex_register/clk_out1
    SLICE_X47Y40         FDCE                                         r  rv64im72f_5sp/id_ex_register/EX_raw_imm_reg[3]/C
                         clock pessimism             -0.499    24.608    
                         clock uncertainty           -0.148    24.460    
    SLICE_X47Y40         FDCE (Setup_fdce_C_CE)      -0.413    24.047    rv64im72f_5sp/id_ex_register/EX_raw_imm_reg[3]
  -------------------------------------------------------------------
                         required time                         24.047    
                         arrival time                         -23.625    
  -------------------------------------------------------------------
                         slack                                  0.422    

Slack (MET) :             0.422ns  (required time - arrival time)
  Source:                 rv64im72f_5sp/ex_mem_register/MEM_alu_result_reg[11]_rep__5/C
                            (rising edge-triggered cell FDCE clocked by clk_out1_clk_wiz_0  {rise@0.000ns fall@13.514ns period=27.027ns})
  Destination:            rv64im72f_5sp/if_id_register/ID_instruction_reg[1]/CE
                            (rising edge-triggered cell FDPE clocked by clk_out1_clk_wiz_0  {rise@0.000ns fall@13.514ns period=27.027ns})
  Path Group:             clk_out1_clk_wiz_0
  Path Type:              Setup (Max at Slow Process Corner)
  Requirement:            27.027ns  (clk_out1_clk_wiz_0 rise@27.027ns - clk_out1_clk_wiz_0 rise@0.000ns)
  Data Path Delay:        26.152ns  (logic 5.568ns (21.291%)  route 20.584ns (78.709%))
  Logic Levels:           29  (CARRY4=3 LUT3=3 LUT4=2 LUT5=4 LUT6=13 MUXF7=3 MUXF8=1)
  Clock Path Skew:        0.108ns (DCD - SCD + CPR)
    Destination Clock Delay (DCD):    -1.920ns = ( 25.107 - 27.027 ) 
    Source Clock Delay      (SCD):    -2.527ns
    Clock Pessimism Removal (CPR):    -0.499ns
  Clock Uncertainty:      0.148ns  ((TSJ^2 + DJ^2)^1/2) / 2 + PE
    Total System Jitter     (TSJ):    0.071ns
    Discrete Jitter          (DJ):    0.287ns
    Phase Error              (PE):    0.000ns

    Location             Delay type                Incr(ns)  Path(ns)    Netlist Resource(s)
  -------------------------------------------------------------------    -------------------
                         (clock clk_out1_clk_wiz_0 rise edge)
                                                      0.000     0.000 r  
    R4                                                0.000     0.000 r  clk (IN)
                         net (fo=0)                   0.000     0.000    clk_gen/inst/clk_in1
    R4                   IBUF (Prop_ibuf_I_O)         1.475     1.475 r  clk_gen/inst/clkin1_ibufg/O
                         net (fo=1, routed)           1.253     2.728    clk_gen/inst/clk_in1_clk_wiz_0
    PLLE2_ADV_X1Y2       PLLE2_ADV (Prop_plle2_adv_CLKIN1_CLKOUT0)
                                                     -8.953    -6.225 r  clk_gen/inst/plle2_adv_inst/CLKOUT0
                         net (fo=1, routed)           1.802    -4.422    clk_gen/inst/clk_out1_clk_wiz_0
    BUFGCTRL_X0Y0        BUFG (Prop_bufg_I_O)         0.096    -4.326 r  clk_gen/inst/clkout1_buf/O
                         net (fo=12193, routed)       1.799    -2.527    rv64im72f_5sp/ex_mem_register/clk_out1
    SLICE_X78Y73         FDCE                                         r  rv64im72f_5sp/ex_mem_register/MEM_alu_result_reg[11]_rep__5/C
  -------------------------------------------------------------------    -------------------
    SLICE_X78Y73         FDCE (Prop_fdce_C_Q)         0.456    -2.071 r  rv64im72f_5sp/ex_mem_register/MEM_alu_result_reg[11]_rep__5/Q
                         net (fo=132, routed)         1.661    -0.410    rv64im72f_5sp/ex_mem_register/MEM_alu_result_reg[11]_rep__5_n_0
    SLICE_X71Y68         LUT6 (Prop_lut6_I2_O)        0.124    -0.286 f  rv64im72f_5sp/ex_mem_register/WB_byte_enable_logic_register_file_write_data[23]_i_74/O
                         net (fo=1, routed)           0.000    -0.286    rv64im72f_5sp/ex_mem_register/WB_byte_enable_logic_register_file_write_data[23]_i_74_n_0
    SLICE_X71Y68         MUXF7 (Prop_muxf7_I0_O)      0.238    -0.048 f  rv64im72f_5sp/ex_mem_register/WB_byte_enable_logic_register_file_write_data_reg[23]_i_44/O
                         net (fo=1, routed)           0.000    -0.048    rv64im72f_5sp/ex_mem_register/WB_byte_enable_logic_register_file_write_data_reg[23]_i_44_n_0
    SLICE_X71Y68         MUXF8 (Prop_muxf8_I0_O)      0.104     0.056 f  rv64im72f_5sp/ex_mem_register/WB_byte_enable_logic_register_file_write_data_reg[23]_i_25/O
                         net (fo=1, routed)           0.656     0.712    rv64im72f_5sp/ex_mem_register/WB_byte_enable_logic_register_file_write_data_reg[23]_i_25_n_0
    SLICE_X67Y68         LUT6 (Prop_lut6_I5_O)        0.316     1.028 f  rv64im72f_5sp/ex_mem_register/WB_byte_enable_logic_register_file_write_data[23]_i_16/O
                         net (fo=1, routed)           0.687     1.715    rv64im72f_5sp/ex_mem_register/WB_byte_enable_logic_register_file_write_data[23]_i_16_n_0
    SLICE_X61Y68         LUT6 (Prop_lut6_I0_O)        0.124     1.839 f  rv64im72f_5sp/ex_mem_register/WB_byte_enable_logic_register_file_write_data[23]_i_14/O
                         net (fo=1, routed)           1.131     2.969    rv64im72f_5sp/ex_mem_register/WB_byte_enable_logic_register_file_write_data[23]_i_14_n_0
    SLICE_X38Y67         LUT6 (Prop_lut6_I2_O)        0.124     3.093 f  rv64im72f_5sp/ex_mem_register/WB_byte_enable_logic_register_file_write_data[23]_i_12/O
                         net (fo=1, routed)           0.743     3.837    rv64im72f_5sp/ex_mem_register/WB_byte_enable_logic_register_file_write_data[23]_i_12_n_0
    SLICE_X33Y66         LUT6 (Prop_lut6_I2_O)        0.124     3.961 f  rv64im72f_5sp/ex_mem_register/WB_byte_enable_logic_register_file_write_data[23]_i_10/O
                         net (fo=1, routed)           0.532     4.493    rv64im72f_5sp/ex_mem_register/WB_byte_enable_logic_register_file_write_data[23]_i_10_n_0
    SLICE_X32Y66         LUT6 (Prop_lut6_I2_O)        0.124     4.617 f  rv64im72f_5sp/ex_mem_register/WB_byte_enable_logic_register_file_write_data[23]_i_8/O
                         net (fo=1, routed)           0.699     5.316    rv64im72f_5sp/ex_mem_register/rom_read_data[23]
    SLICE_X29Y63         LUT5 (Prop_lut5_I1_O)        0.124     5.440 f  rv64im72f_5sp/ex_mem_register/WB_byte_enable_logic_register_file_write_data[23]_i_6/O
                         net (fo=2, routed)           1.221     6.661    rv64im72f_5sp/ex_mem_register/data_memory_read_data_muxed[23]
    SLICE_X23Y53         LUT6 (Prop_lut6_I5_O)        0.124     6.785 r  rv64im72f_5sp/ex_mem_register/WB_byte_enable_logic_register_file_write_data[23]_i_4/O
                         net (fo=6, routed)           1.175     7.960    rv64im72f_5sp/ex_mem_register/WB_byte_enable_logic_register_file_write_data[23]_i_4_n_0
    SLICE_X24Y42         LUT5 (Prop_lut5_I1_O)        0.124     8.084 f  rv64im72f_5sp/ex_mem_register/WB_byte_enable_logic_register_file_write_data[7]_i_4/O
                         net (fo=2, routed)           0.658     8.742    rv64im72f_5sp/ex_mem_register/WB_byte_enable_logic_register_file_write_data[7]_i_4_n_0
    SLICE_X24Y37         LUT5 (Prop_lut5_I4_O)        0.124     8.866 f  rv64im72f_5sp/ex_mem_register/dividend_reg[7]_i_8/O
                         net (fo=1, routed)           0.000     8.866    rv64im72f_5sp/ex_mem_register/dividend_reg[7]_i_8_n_0
    SLICE_X24Y37         MUXF7 (Prop_muxf7_I0_O)      0.238     9.104 f  rv64im72f_5sp/ex_mem_register/dividend_reg_reg[7]_i_4/O
                         net (fo=3, routed)           0.778     9.882    rv64im72f_5sp/id_ex_register/MEM_forward_data_value[7]
    SLICE_X21Y33         LUT6 (Prop_lut6_I4_O)        0.298    10.180 f  rv64im72f_5sp/id_ex_register/dividend_reg[7]_i_1/O
                         net (fo=42, routed)          1.282    11.462    rv64im72f_5sp/id_ex_register/src_A[2]
    SLICE_X9Y29          LUT5 (Prop_lut5_I2_O)        0.124    11.586 f  rv64im72f_5sp/id_ex_register/i___57_i_53/O
                         net (fo=3, routed)           0.668    12.254    rv64im72f_5sp/id_ex_register/i___57_i_53_n_0
    SLICE_X5Y28          LUT6 (Prop_lut6_I5_O)        0.124    12.378 f  rv64im72f_5sp/id_ex_register/i___55_i_41/O
                         net (fo=2, routed)           0.606    12.984    rv64im72f_5sp/id_ex_register/i___55_i_41_n_0
    SLICE_X3Y27          LUT3 (Prop_lut3_I2_O)        0.124    13.108 f  rv64im72f_5sp/id_ex_register/i___55_i_30/O
                         net (fo=4, routed)           0.761    13.869    rv64im72f_5sp/id_ex_register/i___55_i_30_n_0
    SLICE_X7Y26          LUT6 (Prop_lut6_I5_O)        0.124    13.993 f  rv64im72f_5sp/id_ex_register/i___55_i_24/O
                         net (fo=1, routed)           0.000    13.993    rv64im72f_5sp/id_ex_register/alu/alu_dword/data7[39]
    SLICE_X7Y26          MUXF7 (Prop_muxf7_I0_O)      0.212    14.205 f  rv64im72f_5sp/id_ex_register/i___55_i_10/O
                         net (fo=1, routed)           0.859    15.064    rv64im72f_5sp/id_ex_register/i___55_i_10_n_0
    SLICE_X7Y26          LUT6 (Prop_lut6_I0_O)        0.299    15.363 f  rv64im72f_5sp/id_ex_register/i___55_i_3/O
                         net (fo=2, routed)           1.586    16.949    rv64im72f_5sp/alu/alu_dword_result[39]
    SLICE_X26Y25         LUT3 (Prop_lut3_I2_O)        0.124    17.073 r  rv64im72f_5sp/alu/i___55/O
                         net (fo=1, routed)           0.000    17.073    rv64im72f_5sp/alu/i___55_n_0
    SLICE_X26Y25         CARRY4 (Prop_carry4_S[1]_CO[3])
                                                      0.550    17.623 r  rv64im72f_5sp/alu/prediction_counter_reg[1]_i_65/CO[3]
                         net (fo=1, routed)           0.000    17.623    rv64im72f_5sp/alu/prediction_counter_reg[1]_i_65_n_0
    SLICE_X26Y26         CARRY4 (Prop_carry4_CI_CO[3])
                                                      0.114    17.737 r  rv64im72f_5sp/alu/prediction_counter_reg[1]_i_32/CO[3]
                         net (fo=1, routed)           0.000    17.737    rv64im72f_5sp/alu/prediction_counter_reg[1]_i_32_n_0
    SLICE_X26Y27         CARRY4 (Prop_carry4_CI_CO[1])
                                                      0.157    17.894 r  rv64im72f_5sp/alu/prediction_counter_reg[1]_i_12/CO[1]
                         net (fo=1, routed)           0.307    18.201    rv64im72f_5sp/id_ex_register/prediction_counter[1]_i_3_3[0]
    SLICE_X29Y27         LUT4 (Prop_lut4_I0_O)        0.329    18.530 r  rv64im72f_5sp/id_ex_register/prediction_counter[1]_i_5/O
                         net (fo=1, routed)           0.287    18.817    rv64im72f_5sp/id_ex_register/prediction_counter[1]_i_5_n_0
    SLICE_X31Y27         LUT6 (Prop_lut6_I1_O)        0.124    18.941 r  rv64im72f_5sp/id_ex_register/prediction_counter[1]_i_3/O
                         net (fo=66, routed)          0.857    19.798    rv64im72f_5sp/id_ex_register/alu_zero
    SLICE_X33Y36         LUT6 (Prop_lut6_I4_O)        0.124    19.922 r  rv64im72f_5sp/id_ex_register/ID_pc[63]_i_6/O
                         net (fo=68, routed)          0.706    20.628    rv64im72f_5sp/id_ex_register/branch_prediction_miss
    SLICE_X34Y42         LUT4 (Prop_lut4_I2_O)        0.124    20.752 r  rv64im72f_5sp/id_ex_register/ID_pc[63]_i_4/O
                         net (fo=187, routed)         1.155    21.907    rv64im72f_5sp/exception_detector/ID_branch_estimation_reg
    SLICE_X31Y50         LUT3 (Prop_lut3_I2_O)        0.149    22.056 r  rv64im72f_5sp/exception_detector/ID_pc[63]_i_1/O
                         net (fo=631, routed)         1.569    23.625    rv64im72f_5sp/if_id_register/E[0]
    SLICE_X47Y40         FDPE                                         r  rv64im72f_5sp/if_id_register/ID_instruction_reg[1]/CE
  -------------------------------------------------------------------    -------------------

                         (clock clk_out1_clk_wiz_0 rise edge)
                                                     27.027    27.027 r  
    R4                                                0.000    27.027 r  clk (IN)
                         net (fo=0)                   0.000    27.027    clk_gen/inst/clk_in1
    R4                   IBUF (Prop_ibuf_I_O)         1.405    28.432 r  clk_gen/inst/clkin1_ibufg/O
                         net (fo=1, routed)           1.181    29.613    clk_gen/inst/clk_in1_clk_wiz_0
    PLLE2_ADV_X1Y2       PLLE2_ADV (Prop_plle2_adv_CLKIN1_CLKOUT0)
                                                     -8.206    21.407 r  clk_gen/inst/plle2_adv_inst/CLKOUT0
                         net (fo=1, routed)           1.718    23.125    clk_gen/inst/clk_out1_clk_wiz_0
    BUFGCTRL_X0Y0        BUFG (Prop_bufg_I_O)         0.091    23.216 r  clk_gen/inst/clkout1_buf/O
                         net (fo=12193, routed)       1.891    25.107    rv64im72f_5sp/if_id_register/clk_out1
    SLICE_X47Y40         FDPE                                         r  rv64im72f_5sp/if_id_register/ID_instruction_reg[1]/C
                         clock pessimism             -0.499    24.608    
                         clock uncertainty           -0.148    24.460    
    SLICE_X47Y40         FDPE (Setup_fdpe_C_CE)      -0.413    24.047    rv64im72f_5sp/if_id_register/ID_instruction_reg[1]
  -------------------------------------------------------------------
                         required time                         24.047    
                         arrival time                         -23.625    
  -------------------------------------------------------------------
                         slack                                  0.422    

Slack (MET) :             0.422ns  (required time - arrival time)
  Source:                 rv64im72f_5sp/ex_mem_register/MEM_alu_result_reg[11]_rep__5/C
                            (rising edge-triggered cell FDCE clocked by clk_out1_clk_wiz_0  {rise@0.000ns fall@13.514ns period=27.027ns})
  Destination:            rv64im72f_5sp/if_id_register/ID_instruction_reg[5]/CE
                            (rising edge-triggered cell FDCE clocked by clk_out1_clk_wiz_0  {rise@0.000ns fall@13.514ns period=27.027ns})
  Path Group:             clk_out1_clk_wiz_0
  Path Type:              Setup (Max at Slow Process Corner)
  Requirement:            27.027ns  (clk_out1_clk_wiz_0 rise@27.027ns - clk_out1_clk_wiz_0 rise@0.000ns)
  Data Path Delay:        26.152ns  (logic 5.568ns (21.291%)  route 20.584ns (78.709%))
  Logic Levels:           29  (CARRY4=3 LUT3=3 LUT4=2 LUT5=4 LUT6=13 MUXF7=3 MUXF8=1)
  Clock Path Skew:        0.108ns (DCD - SCD + CPR)
    Destination Clock Delay (DCD):    -1.920ns = ( 25.107 - 27.027 ) 
    Source Clock Delay      (SCD):    -2.527ns
    Clock Pessimism Removal (CPR):    -0.499ns
  Clock Uncertainty:      0.148ns  ((TSJ^2 + DJ^2)^1/2) / 2 + PE
    Total System Jitter     (TSJ):    0.071ns
    Discrete Jitter          (DJ):    0.287ns
    Phase Error              (PE):    0.000ns

    Location             Delay type                Incr(ns)  Path(ns)    Netlist Resource(s)
  -------------------------------------------------------------------    -------------------
                         (clock clk_out1_clk_wiz_0 rise edge)
                                                      0.000     0.000 r  
    R4                                                0.000     0.000 r  clk (IN)
                         net (fo=0)                   0.000     0.000    clk_gen/inst/clk_in1
    R4                   IBUF (Prop_ibuf_I_O)         1.475     1.475 r  clk_gen/inst/clkin1_ibufg/O
                         net (fo=1, routed)           1.253     2.728    clk_gen/inst/clk_in1_clk_wiz_0
    PLLE2_ADV_X1Y2       PLLE2_ADV (Prop_plle2_adv_CLKIN1_CLKOUT0)
                                                     -8.953    -6.225 r  clk_gen/inst/plle2_adv_inst/CLKOUT0
                         net (fo=1, routed)           1.802    -4.422    clk_gen/inst/clk_out1_clk_wiz_0
    BUFGCTRL_X0Y0        BUFG (Prop_bufg_I_O)         0.096    -4.326 r  clk_gen/inst/clkout1_buf/O
                         net (fo=12193, routed)       1.799    -2.527    rv64im72f_5sp/ex_mem_register/clk_out1
    SLICE_X78Y73         FDCE                                         r  rv64im72f_5sp/ex_mem_register/MEM_alu_result_reg[11]_rep__5/C
  -------------------------------------------------------------------    -------------------
    SLICE_X78Y73         FDCE (Prop_fdce_C_Q)         0.456    -2.071 r  rv64im72f_5sp/ex_mem_register/MEM_alu_result_reg[11]_rep__5/Q
                         net (fo=132, routed)         1.661    -0.410    rv64im72f_5sp/ex_mem_register/MEM_alu_result_reg[11]_rep__5_n_0
    SLICE_X71Y68         LUT6 (Prop_lut6_I2_O)        0.124    -0.286 f  rv64im72f_5sp/ex_mem_register/WB_byte_enable_logic_register_file_write_data[23]_i_74/O
                         net (fo=1, routed)           0.000    -0.286    rv64im72f_5sp/ex_mem_register/WB_byte_enable_logic_register_file_write_data[23]_i_74_n_0
    SLICE_X71Y68         MUXF7 (Prop_muxf7_I0_O)      0.238    -0.048 f  rv64im72f_5sp/ex_mem_register/WB_byte_enable_logic_register_file_write_data_reg[23]_i_44/O
                         net (fo=1, routed)           0.000    -0.048    rv64im72f_5sp/ex_mem_register/WB_byte_enable_logic_register_file_write_data_reg[23]_i_44_n_0
    SLICE_X71Y68         MUXF8 (Prop_muxf8_I0_O)      0.104     0.056 f  rv64im72f_5sp/ex_mem_register/WB_byte_enable_logic_register_file_write_data_reg[23]_i_25/O
                         net (fo=1, routed)           0.656     0.712    rv64im72f_5sp/ex_mem_register/WB_byte_enable_logic_register_file_write_data_reg[23]_i_25_n_0
    SLICE_X67Y68         LUT6 (Prop_lut6_I5_O)        0.316     1.028 f  rv64im72f_5sp/ex_mem_register/WB_byte_enable_logic_register_file_write_data[23]_i_16/O
                         net (fo=1, routed)           0.687     1.715    rv64im72f_5sp/ex_mem_register/WB_byte_enable_logic_register_file_write_data[23]_i_16_n_0
    SLICE_X61Y68         LUT6 (Prop_lut6_I0_O)        0.124     1.839 f  rv64im72f_5sp/ex_mem_register/WB_byte_enable_logic_register_file_write_data[23]_i_14/O
                         net (fo=1, routed)           1.131     2.969    rv64im72f_5sp/ex_mem_register/WB_byte_enable_logic_register_file_write_data[23]_i_14_n_0
    SLICE_X38Y67         LUT6 (Prop_lut6_I2_O)        0.124     3.093 f  rv64im72f_5sp/ex_mem_register/WB_byte_enable_logic_register_file_write_data[23]_i_12/O
                         net (fo=1, routed)           0.743     3.837    rv64im72f_5sp/ex_mem_register/WB_byte_enable_logic_register_file_write_data[23]_i_12_n_0
    SLICE_X33Y66         LUT6 (Prop_lut6_I2_O)        0.124     3.961 f  rv64im72f_5sp/ex_mem_register/WB_byte_enable_logic_register_file_write_data[23]_i_10/O
                         net (fo=1, routed)           0.532     4.493    rv64im72f_5sp/ex_mem_register/WB_byte_enable_logic_register_file_write_data[23]_i_10_n_0
    SLICE_X32Y66         LUT6 (Prop_lut6_I2_O)        0.124     4.617 f  rv64im72f_5sp/ex_mem_register/WB_byte_enable_logic_register_file_write_data[23]_i_8/O
                         net (fo=1, routed)           0.699     5.316    rv64im72f_5sp/ex_mem_register/rom_read_data[23]
    SLICE_X29Y63         LUT5 (Prop_lut5_I1_O)        0.124     5.440 f  rv64im72f_5sp/ex_mem_register/WB_byte_enable_logic_register_file_write_data[23]_i_6/O
                         net (fo=2, routed)           1.221     6.661    rv64im72f_5sp/ex_mem_register/data_memory_read_data_muxed[23]
    SLICE_X23Y53         LUT6 (Prop_lut6_I5_O)        0.124     6.785 r  rv64im72f_5sp/ex_mem_register/WB_byte_enable_logic_register_file_write_data[23]_i_4/O
                         net (fo=6, routed)           1.175     7.960    rv64im72f_5sp/ex_mem_register/WB_byte_enable_logic_register_file_write_data[23]_i_4_n_0
    SLICE_X24Y42         LUT5 (Prop_lut5_I1_O)        0.124     8.084 f  rv64im72f_5sp/ex_mem_register/WB_byte_enable_logic_register_file_write_data[7]_i_4/O
                         net (fo=2, routed)           0.658     8.742    rv64im72f_5sp/ex_mem_register/WB_byte_enable_logic_register_file_write_data[7]_i_4_n_0
    SLICE_X24Y37         LUT5 (Prop_lut5_I4_O)        0.124     8.866 f  rv64im72f_5sp/ex_mem_register/dividend_reg[7]_i_8/O
                         net (fo=1, routed)           0.000     8.866    rv64im72f_5sp/ex_mem_register/dividend_reg[7]_i_8_n_0
    SLICE_X24Y37         MUXF7 (Prop_muxf7_I0_O)      0.238     9.104 f  rv64im72f_5sp/ex_mem_register/dividend_reg_reg[7]_i_4/O
                         net (fo=3, routed)           0.778     9.882    rv64im72f_5sp/id_ex_register/MEM_forward_data_value[7]
    SLICE_X21Y33         LUT6 (Prop_lut6_I4_O)        0.298    10.180 f  rv64im72f_5sp/id_ex_register/dividend_reg[7]_i_1/O
                         net (fo=42, routed)          1.282    11.462    rv64im72f_5sp/id_ex_register/src_A[2]
    SLICE_X9Y29          LUT5 (Prop_lut5_I2_O)        0.124    11.586 f  rv64im72f_5sp/id_ex_register/i___57_i_53/O
                         net (fo=3, routed)           0.668    12.254    rv64im72f_5sp/id_ex_register/i___57_i_53_n_0
    SLICE_X5Y28          LUT6 (Prop_lut6_I5_O)        0.124    12.378 f  rv64im72f_5sp/id_ex_register/i___55_i_41/O
                         net (fo=2, routed)           0.606    12.984    rv64im72f_5sp/id_ex_register/i___55_i_41_n_0
    SLICE_X3Y27          LUT3 (Prop_lut3_I2_O)        0.124    13.108 f  rv64im72f_5sp/id_ex_register/i___55_i_30/O
                         net (fo=4, routed)           0.761    13.869    rv64im72f_5sp/id_ex_register/i___55_i_30_n_0
    SLICE_X7Y26          LUT6 (Prop_lut6_I5_O)        0.124    13.993 f  rv64im72f_5sp/id_ex_register/i___55_i_24/O
                         net (fo=1, routed)           0.000    13.993    rv64im72f_5sp/id_ex_register/alu/alu_dword/data7[39]
    SLICE_X7Y26          MUXF7 (Prop_muxf7_I0_O)      0.212    14.205 f  rv64im72f_5sp/id_ex_register/i___55_i_10/O
                         net (fo=1, routed)           0.859    15.064    rv64im72f_5sp/id_ex_register/i___55_i_10_n_0
    SLICE_X7Y26          LUT6 (Prop_lut6_I0_O)        0.299    15.363 f  rv64im72f_5sp/id_ex_register/i___55_i_3/O
                         net (fo=2, routed)           1.586    16.949    rv64im72f_5sp/alu/alu_dword_result[39]
    SLICE_X26Y25         LUT3 (Prop_lut3_I2_O)        0.124    17.073 r  rv64im72f_5sp/alu/i___55/O
                         net (fo=1, routed)           0.000    17.073    rv64im72f_5sp/alu/i___55_n_0
    SLICE_X26Y25         CARRY4 (Prop_carry4_S[1]_CO[3])
                                                      0.550    17.623 r  rv64im72f_5sp/alu/prediction_counter_reg[1]_i_65/CO[3]
                         net (fo=1, routed)           0.000    17.623    rv64im72f_5sp/alu/prediction_counter_reg[1]_i_65_n_0
    SLICE_X26Y26         CARRY4 (Prop_carry4_CI_CO[3])
                                                      0.114    17.737 r  rv64im72f_5sp/alu/prediction_counter_reg[1]_i_32/CO[3]
                         net (fo=1, routed)           0.000    17.737    rv64im72f_5sp/alu/prediction_counter_reg[1]_i_32_n_0
    SLICE_X26Y27         CARRY4 (Prop_carry4_CI_CO[1])
                                                      0.157    17.894 r  rv64im72f_5sp/alu/prediction_counter_reg[1]_i_12/CO[1]
                         net (fo=1, routed)           0.307    18.201    rv64im72f_5sp/id_ex_register/prediction_counter[1]_i_3_3[0]
    SLICE_X29Y27         LUT4 (Prop_lut4_I0_O)        0.329    18.530 r  rv64im72f_5sp/id_ex_register/prediction_counter[1]_i_5/O
                         net (fo=1, routed)           0.287    18.817    rv64im72f_5sp/id_ex_register/prediction_counter[1]_i_5_n_0
    SLICE_X31Y27         LUT6 (Prop_lut6_I1_O)        0.124    18.941 r  rv64im72f_5sp/id_ex_register/prediction_counter[1]_i_3/O
                         net (fo=66, routed)          0.857    19.798    rv64im72f_5sp/id_ex_register/alu_zero
    SLICE_X33Y36         LUT6 (Prop_lut6_I4_O)        0.124    19.922 r  rv64im72f_5sp/id_ex_register/ID_pc[63]_i_6/O
                         net (fo=68, routed)          0.706    20.628    rv64im72f_5sp/id_ex_register/branch_prediction_miss
    SLICE_X34Y42         LUT4 (Prop_lut4_I2_O)        0.124    20.752 r  rv64im72f_5sp/id_ex_register/ID_pc[63]_i_4/O
                         net (fo=187, routed)         1.155    21.907    rv64im72f_5sp/exception_detector/ID_branch_estimation_reg
    SLICE_X31Y50         LUT3 (Prop_lut3_I2_O)        0.149    22.056 r  rv64im72f_5sp/exception_detector/ID_pc[63]_i_1/O
                         net (fo=631, routed)         1.569    23.625    rv64im72f_5sp/if_id_register/E[0]
    SLICE_X47Y40         FDCE                                         r  rv64im72f_5sp/if_id_register/ID_instruction_reg[5]/CE
  -------------------------------------------------------------------    -------------------

                         (clock clk_out1_clk_wiz_0 rise edge)
                                                     27.027    27.027 r  
    R4                                                0.000    27.027 r  clk (IN)
                         net (fo=0)                   0.000    27.027    clk_gen/inst/clk_in1
    R4                   IBUF (Prop_ibuf_I_O)         1.405    28.432 r  clk_gen/inst/clkin1_ibufg/O
                         net (fo=1, routed)           1.181    29.613    clk_gen/inst/clk_in1_clk_wiz_0
    PLLE2_ADV_X1Y2       PLLE2_ADV (Prop_plle2_adv_CLKIN1_CLKOUT0)
                                                     -8.206    21.407 r  clk_gen/inst/plle2_adv_inst/CLKOUT0
                         net (fo=1, routed)           1.718    23.125    clk_gen/inst/clk_out1_clk_wiz_0
    BUFGCTRL_X0Y0        BUFG (Prop_bufg_I_O)         0.091    23.216 r  clk_gen/inst/clkout1_buf/O
                         net (fo=12193, routed)       1.891    25.107    rv64im72f_5sp/if_id_register/clk_out1
    SLICE_X47Y40         FDCE                                         r  rv64im72f_5sp/if_id_register/ID_instruction_reg[5]/C
                         clock pessimism             -0.499    24.608    
                         clock uncertainty           -0.148    24.460    
    SLICE_X47Y40         FDCE (Setup_fdce_C_CE)      -0.413    24.047    rv64im72f_5sp/if_id_register/ID_instruction_reg[5]
  -------------------------------------------------------------------
                         required time                         24.047    
                         arrival time                         -23.625    
  -------------------------------------------------------------------
                         slack                                  0.422    

Slack (MET) :             0.424ns  (required time - arrival time)
  Source:                 rv64im72f_5sp/ex_mem_register/MEM_alu_result_reg[11]_rep__5/C
                            (rising edge-triggered cell FDCE clocked by clk_out1_clk_wiz_0  {rise@0.000ns fall@13.514ns period=27.027ns})
  Destination:            rv64im72f_5sp/program_counter/pc_reg[62]/D
                            (rising edge-triggered cell FDCE clocked by clk_out1_clk_wiz_0  {rise@0.000ns fall@13.514ns period=27.027ns})
  Path Group:             clk_out1_clk_wiz_0
  Path Type:              Setup (Max at Slow Process Corner)
  Requirement:            27.027ns  (clk_out1_clk_wiz_0 rise@27.027ns - clk_out1_clk_wiz_0 rise@0.000ns)
  Data Path Delay:        26.584ns  (logic 8.317ns (31.286%)  route 18.267ns (68.714%))
  Logic Levels:           45  (CARRY4=18 LUT2=1 LUT3=2 LUT4=1 LUT5=4 LUT6=15 MUXF7=3 MUXF8=1)
  Clock Path Skew:        0.097ns (DCD - SCD + CPR)
    Destination Clock Delay (DCD):    -2.003ns = ( 25.024 - 27.027 ) 
    Source Clock Delay      (SCD):    -2.527ns
    Clock Pessimism Removal (CPR):    -0.427ns
  Clock Uncertainty:      0.148ns  ((TSJ^2 + DJ^2)^1/2) / 2 + PE
    Total System Jitter     (TSJ):    0.071ns
    Discrete Jitter          (DJ):    0.287ns
    Phase Error              (PE):    0.000ns

    Location             Delay type                Incr(ns)  Path(ns)    Netlist Resource(s)
  -------------------------------------------------------------------    -------------------
                         (clock clk_out1_clk_wiz_0 rise edge)
                                                      0.000     0.000 r  
    R4                                                0.000     0.000 r  clk (IN)
                         net (fo=0)                   0.000     0.000    clk_gen/inst/clk_in1
    R4                   IBUF (Prop_ibuf_I_O)         1.475     1.475 r  clk_gen/inst/clkin1_ibufg/O
                         net (fo=1, routed)           1.253     2.728    clk_gen/inst/clk_in1_clk_wiz_0
    PLLE2_ADV_X1Y2       PLLE2_ADV (Prop_plle2_adv_CLKIN1_CLKOUT0)
                                                     -8.953    -6.225 r  clk_gen/inst/plle2_adv_inst/CLKOUT0
                         net (fo=1, routed)           1.802    -4.422    clk_gen/inst/clk_out1_clk_wiz_0
    BUFGCTRL_X0Y0        BUFG (Prop_bufg_I_O)         0.096    -4.326 r  clk_gen/inst/clkout1_buf/O
                         net (fo=12193, routed)       1.799    -2.527    rv64im72f_5sp/ex_mem_register/clk_out1
    SLICE_X78Y73         FDCE                                         r  rv64im72f_5sp/ex_mem_register/MEM_alu_result_reg[11]_rep__5/C
  -------------------------------------------------------------------    -------------------
    SLICE_X78Y73         FDCE (Prop_fdce_C_Q)         0.456    -2.071 r  rv64im72f_5sp/ex_mem_register/MEM_alu_result_reg[11]_rep__5/Q
                         net (fo=132, routed)         1.661    -0.410    rv64im72f_5sp/ex_mem_register/MEM_alu_result_reg[11]_rep__5_n_0
    SLICE_X71Y68         LUT6 (Prop_lut6_I2_O)        0.124    -0.286 f  rv64im72f_5sp/ex_mem_register/WB_byte_enable_logic_register_file_write_data[23]_i_74/O
                         net (fo=1, routed)           0.000    -0.286    rv64im72f_5sp/ex_mem_register/WB_byte_enable_logic_register_file_write_data[23]_i_74_n_0
    SLICE_X71Y68         MUXF7 (Prop_muxf7_I0_O)      0.238    -0.048 f  rv64im72f_5sp/ex_mem_register/WB_byte_enable_logic_register_file_write_data_reg[23]_i_44/O
                         net (fo=1, routed)           0.000    -0.048    rv64im72f_5sp/ex_mem_register/WB_byte_enable_logic_register_file_write_data_reg[23]_i_44_n_0
    SLICE_X71Y68         MUXF8 (Prop_muxf8_I0_O)      0.104     0.056 f  rv64im72f_5sp/ex_mem_register/WB_byte_enable_logic_register_file_write_data_reg[23]_i_25/O
                         net (fo=1, routed)           0.656     0.712    rv64im72f_5sp/ex_mem_register/WB_byte_enable_logic_register_file_write_data_reg[23]_i_25_n_0
    SLICE_X67Y68         LUT6 (Prop_lut6_I5_O)        0.316     1.028 f  rv64im72f_5sp/ex_mem_register/WB_byte_enable_logic_register_file_write_data[23]_i_16/O
                         net (fo=1, routed)           0.687     1.715    rv64im72f_5sp/ex_mem_register/WB_byte_enable_logic_register_file_write_data[23]_i_16_n_0
    SLICE_X61Y68         LUT6 (Prop_lut6_I0_O)        0.124     1.839 f  rv64im72f_5sp/ex_mem_register/WB_byte_enable_logic_register_file_write_data[23]_i_14/O
                         net (fo=1, routed)           1.131     2.969    rv64im72f_5sp/ex_mem_register/WB_byte_enable_logic_register_file_write_data[23]_i_14_n_0
    SLICE_X38Y67         LUT6 (Prop_lut6_I2_O)        0.124     3.093 f  rv64im72f_5sp/ex_mem_register/WB_byte_enable_logic_register_file_write_data[23]_i_12/O
                         net (fo=1, routed)           0.743     3.837    rv64im72f_5sp/ex_mem_register/WB_byte_enable_logic_register_file_write_data[23]_i_12_n_0
    SLICE_X33Y66         LUT6 (Prop_lut6_I2_O)        0.124     3.961 f  rv64im72f_5sp/ex_mem_register/WB_byte_enable_logic_register_file_write_data[23]_i_10/O
                         net (fo=1, routed)           0.532     4.493    rv64im72f_5sp/ex_mem_register/WB_byte_enable_logic_register_file_write_data[23]_i_10_n_0
    SLICE_X32Y66         LUT6 (Prop_lut6_I2_O)        0.124     4.617 f  rv64im72f_5sp/ex_mem_register/WB_byte_enable_logic_register_file_write_data[23]_i_8/O
                         net (fo=1, routed)           0.699     5.316    rv64im72f_5sp/ex_mem_register/rom_read_data[23]
    SLICE_X29Y63         LUT5 (Prop_lut5_I1_O)        0.124     5.440 f  rv64im72f_5sp/ex_mem_register/WB_byte_enable_logic_register_file_write_data[23]_i_6/O
                         net (fo=2, routed)           1.221     6.661    rv64im72f_5sp/ex_mem_register/data_memory_read_data_muxed[23]
    SLICE_X23Y53         LUT6 (Prop_lut6_I5_O)        0.124     6.785 r  rv64im72f_5sp/ex_mem_register/WB_byte_enable_logic_register_file_write_data[23]_i_4/O
                         net (fo=6, routed)           1.175     7.960    rv64im72f_5sp/ex_mem_register/WB_byte_enable_logic_register_file_write_data[23]_i_4_n_0
    SLICE_X24Y42         LUT5 (Prop_lut5_I1_O)        0.124     8.084 f  rv64im72f_5sp/ex_mem_register/WB_byte_enable_logic_register_file_write_data[7]_i_4/O
                         net (fo=2, routed)           0.658     8.742    rv64im72f_5sp/ex_mem_register/WB_byte_enable_logic_register_file_write_data[7]_i_4_n_0
    SLICE_X24Y37         LUT5 (Prop_lut5_I4_O)        0.124     8.866 f  rv64im72f_5sp/ex_mem_register/dividend_reg[7]_i_8/O
                         net (fo=1, routed)           0.000     8.866    rv64im72f_5sp/ex_mem_register/dividend_reg[7]_i_8_n_0
    SLICE_X24Y37         MUXF7 (Prop_muxf7_I0_O)      0.238     9.104 f  rv64im72f_5sp/ex_mem_register/dividend_reg_reg[7]_i_4/O
                         net (fo=3, routed)           0.778     9.882    rv64im72f_5sp/id_ex_register/MEM_forward_data_value[7]
    SLICE_X21Y33         LUT6 (Prop_lut6_I4_O)        0.298    10.180 f  rv64im72f_5sp/id_ex_register/dividend_reg[7]_i_1/O
                         net (fo=42, routed)          1.282    11.462    rv64im72f_5sp/id_ex_register/src_A[2]
    SLICE_X9Y29          LUT5 (Prop_lut5_I2_O)        0.124    11.586 f  rv64im72f_5sp/id_ex_register/i___57_i_53/O
                         net (fo=3, routed)           0.668    12.254    rv64im72f_5sp/id_ex_register/i___57_i_53_n_0
    SLICE_X5Y28          LUT6 (Prop_lut6_I5_O)        0.124    12.378 f  rv64im72f_5sp/id_ex_register/i___55_i_41/O
                         net (fo=2, routed)           0.606    12.984    rv64im72f_5sp/id_ex_register/i___55_i_41_n_0
    SLICE_X3Y27          LUT3 (Prop_lut3_I2_O)        0.124    13.108 f  rv64im72f_5sp/id_ex_register/i___55_i_30/O
                         net (fo=4, routed)           0.761    13.869    rv64im72f_5sp/id_ex_register/i___55_i_30_n_0
    SLICE_X7Y26          LUT6 (Prop_lut6_I5_O)        0.124    13.993 f  rv64im72f_5sp/id_ex_register/i___55_i_24/O
                         net (fo=1, routed)           0.000    13.993    rv64im72f_5sp/id_ex_register/alu/alu_dword/data7[39]
    SLICE_X7Y26          MUXF7 (Prop_muxf7_I0_O)      0.212    14.205 f  rv64im72f_5sp/id_ex_register/i___55_i_10/O
                         net (fo=1, routed)           0.859    15.064    rv64im72f_5sp/id_ex_register/i___55_i_10_n_0
    SLICE_X7Y26          LUT6 (Prop_lut6_I0_O)        0.299    15.363 f  rv64im72f_5sp/id_ex_register/i___55_i_3/O
                         net (fo=2, routed)           1.586    16.949    rv64im72f_5sp/alu/alu_dword_result[39]
    SLICE_X26Y25         LUT3 (Prop_lut3_I2_O)        0.124    17.073 r  rv64im72f_5sp/alu/i___55/O
                         net (fo=1, routed)           0.000    17.073    rv64im72f_5sp/alu/i___55_n_0
    SLICE_X26Y25         CARRY4 (Prop_carry4_S[1]_CO[3])
                                                      0.550    17.623 r  rv64im72f_5sp/alu/prediction_counter_reg[1]_i_65/CO[3]
                         net (fo=1, routed)           0.000    17.623    rv64im72f_5sp/alu/prediction_counter_reg[1]_i_65_n_0
    SLICE_X26Y26         CARRY4 (Prop_carry4_CI_CO[3])
                                                      0.114    17.737 r  rv64im72f_5sp/alu/prediction_counter_reg[1]_i_32/CO[3]
                         net (fo=1, routed)           0.000    17.737    rv64im72f_5sp/alu/prediction_counter_reg[1]_i_32_n_0
    SLICE_X26Y27         CARRY4 (Prop_carry4_CI_CO[1])
                                                      0.157    17.894 r  rv64im72f_5sp/alu/prediction_counter_reg[1]_i_12/CO[1]
                         net (fo=1, routed)           0.307    18.201    rv64im72f_5sp/id_ex_register/prediction_counter[1]_i_3_3[0]
    SLICE_X29Y27         LUT4 (Prop_lut4_I0_O)        0.329    18.530 r  rv64im72f_5sp/id_ex_register/prediction_counter[1]_i_5/O
                         net (fo=1, routed)           0.287    18.817    rv64im72f_5sp/id_ex_register/prediction_counter[1]_i_5_n_0
    SLICE_X31Y27         LUT6 (Prop_lut6_I1_O)        0.124    18.941 r  rv64im72f_5sp/id_ex_register/prediction_counter[1]_i_3/O
                         net (fo=66, routed)          0.723    19.664    rv64im72f_5sp/id_ex_register/alu_zero
    SLICE_X30Y35         LUT6 (Prop_lut6_I4_O)        0.124    19.788 r  rv64im72f_5sp/id_ex_register/pc[7]_i_9/O
                         net (fo=1, routed)           0.000    19.788    rv64im72f_5sp/id_ex_register/pc[7]_i_9_n_0
    SLICE_X30Y35         CARRY4 (Prop_carry4_S[1]_CO[3])
                                                      0.550    20.338 r  rv64im72f_5sp/id_ex_register/pc_reg[7]_i_6/CO[3]
                         net (fo=1, routed)           0.000    20.338    rv64im72f_5sp/id_ex_register/pc_reg[7]_i_6_n_0
    SLICE_X30Y36         CARRY4 (Prop_carry4_CI_CO[3])
                                                      0.114    20.452 r  rv64im72f_5sp/id_ex_register/pc_reg[11]_i_6/CO[3]
                         net (fo=1, routed)           0.000    20.452    rv64im72f_5sp/id_ex_register/pc_reg[11]_i_6_n_0
    SLICE_X30Y37         CARRY4 (Prop_carry4_CI_CO[3])
                                                      0.114    20.566 r  rv64im72f_5sp/id_ex_register/pc_reg[15]_i_6/CO[3]
                         net (fo=1, routed)           0.000    20.566    rv64im72f_5sp/id_ex_register/pc_reg[15]_i_6_n_0
    SLICE_X30Y38         CARRY4 (Prop_carry4_CI_CO[3])
                                                      0.114    20.680 r  rv64im72f_5sp/id_ex_register/pc_reg[19]_i_6/CO[3]
                         net (fo=1, routed)           0.000    20.680    rv64im72f_5sp/id_ex_register/pc_reg[19]_i_6_n_0
    SLICE_X30Y39         CARRY4 (Prop_carry4_CI_CO[3])
                                                      0.114    20.794 r  rv64im72f_5sp/id_ex_register/pc_reg[23]_i_6/CO[3]
                         net (fo=1, routed)           0.000    20.794    rv64im72f_5sp/id_ex_register/pc_reg[23]_i_6_n_0
    SLICE_X30Y40         CARRY4 (Prop_carry4_CI_CO[3])
                                                      0.114    20.908 r  rv64im72f_5sp/id_ex_register/pc_reg[27]_i_6/CO[3]
                         net (fo=1, routed)           0.000    20.908    rv64im72f_5sp/id_ex_register/pc_reg[27]_i_6_n_0
    SLICE_X30Y41         CARRY4 (Prop_carry4_CI_CO[3])
                                                      0.114    21.022 r  rv64im72f_5sp/id_ex_register/pc_reg[31]_i_6/CO[3]
                         net (fo=1, routed)           0.000    21.022    rv64im72f_5sp/id_ex_register/pc_reg[31]_i_6_n_0
    SLICE_X30Y42         CARRY4 (Prop_carry4_CI_CO[3])
                                                      0.114    21.136 r  rv64im72f_5sp/id_ex_register/pc_reg[35]_i_6/CO[3]
                         net (fo=1, routed)           0.000    21.136    rv64im72f_5sp/id_ex_register/pc_reg[35]_i_6_n_0
    SLICE_X30Y43         CARRY4 (Prop_carry4_CI_CO[3])
                                                      0.114    21.250 r  rv64im72f_5sp/id_ex_register/pc_reg[39]_i_6/CO[3]
                         net (fo=1, routed)           0.000    21.250    rv64im72f_5sp/id_ex_register/pc_reg[39]_i_6_n_0
    SLICE_X30Y44         CARRY4 (Prop_carry4_CI_CO[3])
                                                      0.114    21.364 r  rv64im72f_5sp/id_ex_register/pc_reg[43]_i_6/CO[3]
                         net (fo=1, routed)           0.000    21.364    rv64im72f_5sp/id_ex_register/pc_reg[43]_i_6_n_0
    SLICE_X30Y45         CARRY4 (Prop_carry4_CI_CO[3])
                                                      0.114    21.478 r  rv64im72f_5sp/id_ex_register/pc_reg[47]_i_6/CO[3]
                         net (fo=1, routed)           0.000    21.478    rv64im72f_5sp/id_ex_register/pc_reg[47]_i_6_n_0
    SLICE_X30Y46         CARRY4 (Prop_carry4_CI_CO[3])
                                                      0.114    21.592 r  rv64im72f_5sp/id_ex_register/pc_reg[51]_i_6/CO[3]
                         net (fo=1, routed)           0.000    21.592    rv64im72f_5sp/id_ex_register/pc_reg[51]_i_6_n_0
    SLICE_X30Y47         CARRY4 (Prop_carry4_CI_CO[3])
                                                      0.114    21.706 r  rv64im72f_5sp/id_ex_register/pc_reg[55]_i_6/CO[3]
                         net (fo=1, routed)           0.000    21.706    rv64im72f_5sp/id_ex_register/pc_reg[55]_i_6_n_0
    SLICE_X30Y48         CARRY4 (Prop_carry4_CI_CO[3])
                                                      0.114    21.820 r  rv64im72f_5sp/id_ex_register/pc_reg[59]_i_6/CO[3]
                         net (fo=1, routed)           0.000    21.820    rv64im72f_5sp/id_ex_register/pc_reg[59]_i_6_n_0
    SLICE_X30Y49         CARRY4 (Prop_carry4_CI_O[2])
                                                      0.239    22.059 r  rv64im72f_5sp/id_ex_register/pc_reg[63]_i_11/O[2]
                         net (fo=1, routed)           0.630    22.690    rv64im72f_5sp/id_ex_register/pc_reg[63]_i_11_n_5
    SLICE_X28Y53         LUT2 (Prop_lut2_I1_O)        0.295    22.985 r  rv64im72f_5sp/id_ex_register/pc[62]_i_4/O
                         net (fo=1, routed)           0.317    23.302    rv64im72f_5sp/program_counter/pc_reg[62]_0
    SLICE_X32Y53         LUT6 (Prop_lut6_I5_O)        0.332    23.634 r  rv64im72f_5sp/program_counter/pc[62]_i_2/O
                         net (fo=1, routed)           0.299    23.933    rv64im72f_5sp/id_ex_register/pc_reg[62]
    SLICE_X32Y54         LUT6 (Prop_lut6_I3_O)        0.124    24.057 r  rv64im72f_5sp/id_ex_register/pc[62]_i_1/O
                         net (fo=1, routed)           0.000    24.057    rv64im72f_5sp/program_counter/D[62]
    SLICE_X32Y54         FDCE                                         r  rv64im72f_5sp/program_counter/pc_reg[62]/D
  -------------------------------------------------------------------    -------------------

                         (clock clk_out1_clk_wiz_0 rise edge)
                                                     27.027    27.027 r  
    R4                                                0.000    27.027 r  clk (IN)
                         net (fo=0)                   0.000    27.027    clk_gen/inst/clk_in1
    R4                   IBUF (Prop_ibuf_I_O)         1.405    28.432 r  clk_gen/inst/clkin1_ibufg/O
                         net (fo=1, routed)           1.181    29.613    clk_gen/inst/clk_in1_clk_wiz_0
    PLLE2_ADV_X1Y2       PLLE2_ADV (Prop_plle2_adv_CLKIN1_CLKOUT0)
                                                     -8.206    21.407 r  clk_gen/inst/plle2_adv_inst/CLKOUT0
                         net (fo=1, routed)           1.718    23.125    clk_gen/inst/clk_out1_clk_wiz_0
    BUFGCTRL_X0Y0        BUFG (Prop_bufg_I_O)         0.091    23.216 r  clk_gen/inst/clkout1_buf/O
                         net (fo=12193, routed)       1.808    25.024    rv64im72f_5sp/program_counter/clk_out1
    SLICE_X32Y54         FDCE                                         r  rv64im72f_5sp/program_counter/pc_reg[62]/C
                         clock pessimism             -0.427    24.597    
                         clock uncertainty           -0.148    24.450    
    SLICE_X32Y54         FDCE (Setup_fdce_C_D)        0.031    24.481    rv64im72f_5sp/program_counter/pc_reg[62]
  -------------------------------------------------------------------
                         required time                         24.481    
                         arrival time                         -24.057    
  -------------------------------------------------------------------
                         slack                                  0.424    





Min Delay Paths
--------------------------------------------------------------------------------------
Slack (MET) :             0.096ns  (arrival time - required time)
  Source:                 rv64im72f_5sp/csr_file/mepc_reg[27]/C
                            (rising edge-triggered cell FDCE clocked by clk_out1_clk_wiz_0  {rise@0.000ns fall@13.514ns period=27.027ns})
  Destination:            rv64im72f_5sp/csr_file/csr_read_out_reg[27]/D
                            (rising edge-triggered cell FDCE clocked by clk_out1_clk_wiz_0  {rise@0.000ns fall@13.514ns period=27.027ns})
  Path Group:             clk_out1_clk_wiz_0
  Path Type:              Hold (Min at Fast Process Corner)
  Requirement:            0.000ns  (clk_out1_clk_wiz_0 rise@0.000ns - clk_out1_clk_wiz_0 rise@0.000ns)
  Data Path Delay:        0.530ns  (logic 0.227ns (42.828%)  route 0.303ns (57.172%))
  Logic Levels:           1  (LUT6=1)
  Clock Path Skew:        0.342ns (DCD - SCD - CPR)
    Destination Clock Delay (DCD):    -0.259ns
    Source Clock Delay      (SCD):    -0.564ns
    Clock Pessimism Removal (CPR):    -0.037ns

    Location             Delay type                Incr(ns)  Path(ns)    Netlist Resource(s)
  -------------------------------------------------------------------    -------------------
                         (clock clk_out1_clk_wiz_0 rise edge)
                                                      0.000     0.000 r  
    R4                                                0.000     0.000 r  clk (IN)
                         net (fo=0)                   0.000     0.000    clk_gen/inst/clk_in1
    R4                   IBUF (Prop_ibuf_I_O)         0.243     0.243 r  clk_gen/inst/clkin1_ibufg/O
                         net (fo=1, routed)           0.440     0.683    clk_gen/inst/clk_in1_clk_wiz_0
    PLLE2_ADV_X1Y2       PLLE2_ADV (Prop_plle2_adv_CLKIN1_CLKOUT0)
                                                     -2.503    -1.819 r  clk_gen/inst/plle2_adv_inst/CLKOUT0
                         net (fo=1, routed)           0.546    -1.273    clk_gen/inst/clk_out1_clk_wiz_0
    BUFGCTRL_X0Y0        BUFG (Prop_bufg_I_O)         0.026    -1.247 r  clk_gen/inst/clkout1_buf/O
                         net (fo=12193, routed)       0.683    -0.564    rv64im72f_5sp/csr_file/clk_out1
    SLICE_X38Y52         FDCE                                         r  rv64im72f_5sp/csr_file/mepc_reg[27]/C
  -------------------------------------------------------------------    -------------------
    SLICE_X38Y52         FDCE (Prop_fdce_C_Q)         0.128    -0.436 r  rv64im72f_5sp/csr_file/mepc_reg[27]/Q
                         net (fo=1, routed)           0.303    -0.133    rv64im72f_5sp/csr_file/mepc_reg_n_0_[27]
    SLICE_X38Y48         LUT6 (Prop_lut6_I5_O)        0.099    -0.034 r  rv64im72f_5sp/csr_file/csr_read_out[27]_i_1/O
                         net (fo=1, routed)           0.000    -0.034    rv64im72f_5sp/csr_file/csr_read_data[27]
    SLICE_X38Y48         FDCE                                         r  rv64im72f_5sp/csr_file/csr_read_out_reg[27]/D
  -------------------------------------------------------------------    -------------------

                         (clock clk_out1_clk_wiz_0 rise edge)
                                                      0.000     0.000 r  
    R4                                                0.000     0.000 r  clk (IN)
                         net (fo=0)                   0.000     0.000    clk_gen/inst/clk_in1
    R4                   IBUF (Prop_ibuf_I_O)         0.431     0.431 r  clk_gen/inst/clkin1_ibufg/O
                         net (fo=1, routed)           0.481     0.912    clk_gen/inst/clk_in1_clk_wiz_0
    PLLE2_ADV_X1Y2       PLLE2_ADV (Prop_plle2_adv_CLKIN1_CLKOUT0)
                                                     -2.828    -1.916 r  clk_gen/inst/plle2_adv_inst/CLKOUT0
                         net (fo=1, routed)           0.595    -1.322    clk_gen/inst/clk_out1_clk_wiz_0
    BUFGCTRL_X0Y0        BUFG (Prop_bufg_I_O)         0.029    -1.293 r  clk_gen/inst/clkout1_buf/O
                         net (fo=12193, routed)       1.034    -0.259    rv64im72f_5sp/csr_file/clk_out1
    SLICE_X38Y48         FDCE                                         r  rv64im72f_5sp/csr_file/csr_read_out_reg[27]/C
                         clock pessimism              0.037    -0.222    
    SLICE_X38Y48         FDCE (Hold_fdce_C_D)         0.092    -0.130    rv64im72f_5sp/csr_file/csr_read_out_reg[27]
  -------------------------------------------------------------------
                         required time                          0.130    
                         arrival time                          -0.034    
  -------------------------------------------------------------------
                         slack                                  0.096    

Slack (MET) :             0.110ns  (arrival time - required time)
  Source:                 rv64im72f_5sp/ex_mem_register/MEM_alu_result_reg[3]/C
                            (rising edge-triggered cell FDCE clocked by clk_out1_clk_wiz_0  {rise@0.000ns fall@13.514ns period=27.027ns})
  Destination:            rv64im72f_5sp/data_memory/memory_reg_3328_3583_54_54/RAMS64E_A/ADR0
                            (rising edge-triggered cell RAMS64E clocked by clk_out1_clk_wiz_0  {rise@0.000ns fall@13.514ns period=27.027ns})
  Path Group:             clk_out1_clk_wiz_0
  Path Type:              Hold (Min at Fast Process Corner)
  Requirement:            0.000ns  (clk_out1_clk_wiz_0 rise@0.000ns - clk_out1_clk_wiz_0 rise@0.000ns)
  Data Path Delay:        0.435ns  (logic 0.141ns (32.438%)  route 0.294ns (67.562%))
  Logic Levels:           0  
  Clock Path Skew:        0.015ns (DCD - SCD - CPR)
    Destination Clock Delay (DCD):    -0.377ns
    Source Clock Delay      (SCD):    -0.605ns
    Clock Pessimism Removal (CPR):    0.213ns

    Location             Delay type                Incr(ns)  Path(ns)    Netlist Resource(s)
  -------------------------------------------------------------------    -------------------
                         (clock clk_out1_clk_wiz_0 rise edge)
                                                      0.000     0.000 r  
    R4                                                0.000     0.000 r  clk (IN)
                         net (fo=0)                   0.000     0.000    clk_gen/inst/clk_in1
    R4                   IBUF (Prop_ibuf_I_O)         0.243     0.243 r  clk_gen/inst/clkin1_ibufg/O
                         net (fo=1, routed)           0.440     0.683    clk_gen/inst/clk_in1_clk_wiz_0
    PLLE2_ADV_X1Y2       PLLE2_ADV (Prop_plle2_adv_CLKIN1_CLKOUT0)
                                                     -2.503    -1.819 r  clk_gen/inst/plle2_adv_inst/CLKOUT0
                         net (fo=1, routed)           0.546    -1.273    clk_gen/inst/clk_out1_clk_wiz_0
    BUFGCTRL_X0Y0        BUFG (Prop_bufg_I_O)         0.026    -1.247 r  clk_gen/inst/clkout1_buf/O
                         net (fo=12193, routed)       0.642    -0.605    rv64im72f_5sp/ex_mem_register/clk_out1
    SLICE_X45Y78         FDCE                                         r  rv64im72f_5sp/ex_mem_register/MEM_alu_result_reg[3]/C
  -------------------------------------------------------------------    -------------------
    SLICE_X45Y78         FDCE (Prop_fdce_C_Q)         0.141    -0.464 r  rv64im72f_5sp/ex_mem_register/MEM_alu_result_reg[3]/Q
                         net (fo=8, routed)           0.294    -0.171    rv64im72f_5sp/data_memory/memory_reg_3328_3583_54_54/A0
    SLICE_X44Y79         RAMS64E                                      r  rv64im72f_5sp/data_memory/memory_reg_3328_3583_54_54/RAMS64E_A/ADR0
  -------------------------------------------------------------------    -------------------

                         (clock clk_out1_clk_wiz_0 rise edge)
                                                      0.000     0.000 r  
    R4                                                0.000     0.000 r  clk (IN)
                         net (fo=0)                   0.000     0.000    clk_gen/inst/clk_in1
    R4                   IBUF (Prop_ibuf_I_O)         0.431     0.431 r  clk_gen/inst/clkin1_ibufg/O
                         net (fo=1, routed)           0.481     0.912    clk_gen/inst/clk_in1_clk_wiz_0
    PLLE2_ADV_X1Y2       PLLE2_ADV (Prop_plle2_adv_CLKIN1_CLKOUT0)
                                                     -2.828    -1.916 r  clk_gen/inst/plle2_adv_inst/CLKOUT0
                         net (fo=1, routed)           0.595    -1.322    clk_gen/inst/clk_out1_clk_wiz_0
    BUFGCTRL_X0Y0        BUFG (Prop_bufg_I_O)         0.029    -1.293 r  clk_gen/inst/clkout1_buf/O
                         net (fo=12193, routed)       0.916    -0.377    rv64im72f_5sp/data_memory/memory_reg_3328_3583_54_54/WCLK
    SLICE_X44Y79         RAMS64E                                      r  rv64im72f_5sp/data_memory/memory_reg_3328_3583_54_54/RAMS64E_A/CLK
                         clock pessimism             -0.213    -0.590    
    SLICE_X44Y79         RAMS64E (Hold_rams64e_CLK_ADR0)
                                                      0.310    -0.280    rv64im72f_5sp/data_memory/memory_reg_3328_3583_54_54/RAMS64E_A
  -------------------------------------------------------------------
                         required time                          0.280    
                         arrival time                          -0.171    
  -------------------------------------------------------------------
                         slack                                  0.110    

Slack (MET) :             0.110ns  (arrival time - required time)
  Source:                 rv64im72f_5sp/ex_mem_register/MEM_alu_result_reg[3]/C
                            (rising edge-triggered cell FDCE clocked by clk_out1_clk_wiz_0  {rise@0.000ns fall@13.514ns period=27.027ns})
  Destination:            rv64im72f_5sp/data_memory/memory_reg_3328_3583_54_54/RAMS64E_B/ADR0
                            (rising edge-triggered cell RAMS64E clocked by clk_out1_clk_wiz_0  {rise@0.000ns fall@13.514ns period=27.027ns})
  Path Group:             clk_out1_clk_wiz_0
  Path Type:              Hold (Min at Fast Process Corner)
  Requirement:            0.000ns  (clk_out1_clk_wiz_0 rise@0.000ns - clk_out1_clk_wiz_0 rise@0.000ns)
  Data Path Delay:        0.435ns  (logic 0.141ns (32.438%)  route 0.294ns (67.562%))
  Logic Levels:           0  
  Clock Path Skew:        0.015ns (DCD - SCD - CPR)
    Destination Clock Delay (DCD):    -0.377ns
    Source Clock Delay      (SCD):    -0.605ns
    Clock Pessimism Removal (CPR):    0.213ns

    Location             Delay type                Incr(ns)  Path(ns)    Netlist Resource(s)
  -------------------------------------------------------------------    -------------------
                         (clock clk_out1_clk_wiz_0 rise edge)
                                                      0.000     0.000 r  
    R4                                                0.000     0.000 r  clk (IN)
                         net (fo=0)                   0.000     0.000    clk_gen/inst/clk_in1
    R4                   IBUF (Prop_ibuf_I_O)         0.243     0.243 r  clk_gen/inst/clkin1_ibufg/O
                         net (fo=1, routed)           0.440     0.683    clk_gen/inst/clk_in1_clk_wiz_0
    PLLE2_ADV_X1Y2       PLLE2_ADV (Prop_plle2_adv_CLKIN1_CLKOUT0)
                                                     -2.503    -1.819 r  clk_gen/inst/plle2_adv_inst/CLKOUT0
                         net (fo=1, routed)           0.546    -1.273    clk_gen/inst/clk_out1_clk_wiz_0
    BUFGCTRL_X0Y0        BUFG (Prop_bufg_I_O)         0.026    -1.247 r  clk_gen/inst/clkout1_buf/O
                         net (fo=12193, routed)       0.642    -0.605    rv64im72f_5sp/ex_mem_register/clk_out1
    SLICE_X45Y78         FDCE                                         r  rv64im72f_5sp/ex_mem_register/MEM_alu_result_reg[3]/C
  -------------------------------------------------------------------    -------------------
    SLICE_X45Y78         FDCE (Prop_fdce_C_Q)         0.141    -0.464 r  rv64im72f_5sp/ex_mem_register/MEM_alu_result_reg[3]/Q
                         net (fo=8, routed)           0.294    -0.171    rv64im72f_5sp/data_memory/memory_reg_3328_3583_54_54/A0
    SLICE_X44Y79         RAMS64E                                      r  rv64im72f_5sp/data_memory/memory_reg_3328_3583_54_54/RAMS64E_B/ADR0
  -------------------------------------------------------------------    -------------------

                         (clock clk_out1_clk_wiz_0 rise edge)
                                                      0.000     0.000 r  
    R4                                                0.000     0.000 r  clk (IN)
                         net (fo=0)                   0.000     0.000    clk_gen/inst/clk_in1
    R4                   IBUF (Prop_ibuf_I_O)         0.431     0.431 r  clk_gen/inst/clkin1_ibufg/O
                         net (fo=1, routed)           0.481     0.912    clk_gen/inst/clk_in1_clk_wiz_0
    PLLE2_ADV_X1Y2       PLLE2_ADV (Prop_plle2_adv_CLKIN1_CLKOUT0)
                                                     -2.828    -1.916 r  clk_gen/inst/plle2_adv_inst/CLKOUT0
                         net (fo=1, routed)           0.595    -1.322    clk_gen/inst/clk_out1_clk_wiz_0
    BUFGCTRL_X0Y0        BUFG (Prop_bufg_I_O)         0.029    -1.293 r  clk_gen/inst/clkout1_buf/O
                         net (fo=12193, routed)       0.916    -0.377    rv64im72f_5sp/data_memory/memory_reg_3328_3583_54_54/WCLK
    SLICE_X44Y79         RAMS64E                                      r  rv64im72f_5sp/data_memory/memory_reg_3328_3583_54_54/RAMS64E_B/CLK
                         clock pessimism             -0.213    -0.590    
    SLICE_X44Y79         RAMS64E (Hold_rams64e_CLK_ADR0)
                                                      0.310    -0.280    rv64im72f_5sp/data_memory/memory_reg_3328_3583_54_54/RAMS64E_B
  -------------------------------------------------------------------
                         required time                          0.280    
                         arrival time                          -0.171    
  -------------------------------------------------------------------
                         slack                                  0.110    

Slack (MET) :             0.110ns  (arrival time - required time)
  Source:                 rv64im72f_5sp/ex_mem_register/MEM_alu_result_reg[3]/C
                            (rising edge-triggered cell FDCE clocked by clk_out1_clk_wiz_0  {rise@0.000ns fall@13.514ns period=27.027ns})
  Destination:            rv64im72f_5sp/data_memory/memory_reg_3328_3583_54_54/RAMS64E_C/ADR0
                            (rising edge-triggered cell RAMS64E clocked by clk_out1_clk_wiz_0  {rise@0.000ns fall@13.514ns period=27.027ns})
  Path Group:             clk_out1_clk_wiz_0
  Path Type:              Hold (Min at Fast Process Corner)
  Requirement:            0.000ns  (clk_out1_clk_wiz_0 rise@0.000ns - clk_out1_clk_wiz_0 rise@0.000ns)
  Data Path Delay:        0.435ns  (logic 0.141ns (32.438%)  route 0.294ns (67.562%))
  Logic Levels:           0  
  Clock Path Skew:        0.015ns (DCD - SCD - CPR)
    Destination Clock Delay (DCD):    -0.377ns
    Source Clock Delay      (SCD):    -0.605ns
    Clock Pessimism Removal (CPR):    0.213ns

    Location             Delay type                Incr(ns)  Path(ns)    Netlist Resource(s)
  -------------------------------------------------------------------    -------------------
                         (clock clk_out1_clk_wiz_0 rise edge)
                                                      0.000     0.000 r  
    R4                                                0.000     0.000 r  clk (IN)
                         net (fo=0)                   0.000     0.000    clk_gen/inst/clk_in1
    R4                   IBUF (Prop_ibuf_I_O)         0.243     0.243 r  clk_gen/inst/clkin1_ibufg/O
                         net (fo=1, routed)           0.440     0.683    clk_gen/inst/clk_in1_clk_wiz_0
    PLLE2_ADV_X1Y2       PLLE2_ADV (Prop_plle2_adv_CLKIN1_CLKOUT0)
                                                     -2.503    -1.819 r  clk_gen/inst/plle2_adv_inst/CLKOUT0
                         net (fo=1, routed)           0.546    -1.273    clk_gen/inst/clk_out1_clk_wiz_0
    BUFGCTRL_X0Y0        BUFG (Prop_bufg_I_O)         0.026    -1.247 r  clk_gen/inst/clkout1_buf/O
                         net (fo=12193, routed)       0.642    -0.605    rv64im72f_5sp/ex_mem_register/clk_out1
    SLICE_X45Y78         FDCE                                         r  rv64im72f_5sp/ex_mem_register/MEM_alu_result_reg[3]/C
  -------------------------------------------------------------------    -------------------
    SLICE_X45Y78         FDCE (Prop_fdce_C_Q)         0.141    -0.464 r  rv64im72f_5sp/ex_mem_register/MEM_alu_result_reg[3]/Q
                         net (fo=8, routed)           0.294    -0.171    rv64im72f_5sp/data_memory/memory_reg_3328_3583_54_54/A0
    SLICE_X44Y79         RAMS64E                                      r  rv64im72f_5sp/data_memory/memory_reg_3328_3583_54_54/RAMS64E_C/ADR0
  -------------------------------------------------------------------    -------------------

                         (clock clk_out1_clk_wiz_0 rise edge)
                                                      0.000     0.000 r  
    R4                                                0.000     0.000 r  clk (IN)
                         net (fo=0)                   0.000     0.000    clk_gen/inst/clk_in1
    R4                   IBUF (Prop_ibuf_I_O)         0.431     0.431 r  clk_gen/inst/clkin1_ibufg/O
                         net (fo=1, routed)           0.481     0.912    clk_gen/inst/clk_in1_clk_wiz_0
    PLLE2_ADV_X1Y2       PLLE2_ADV (Prop_plle2_adv_CLKIN1_CLKOUT0)
                                                     -2.828    -1.916 r  clk_gen/inst/plle2_adv_inst/CLKOUT0
                         net (fo=1, routed)           0.595    -1.322    clk_gen/inst/clk_out1_clk_wiz_0
    BUFGCTRL_X0Y0        BUFG (Prop_bufg_I_O)         0.029    -1.293 r  clk_gen/inst/clkout1_buf/O
                         net (fo=12193, routed)       0.916    -0.377    rv64im72f_5sp/data_memory/memory_reg_3328_3583_54_54/WCLK
    SLICE_X44Y79         RAMS64E                                      r  rv64im72f_5sp/data_memory/memory_reg_3328_3583_54_54/RAMS64E_C/CLK
                         clock pessimism             -0.213    -0.590    
    SLICE_X44Y79         RAMS64E (Hold_rams64e_CLK_ADR0)
                                                      0.310    -0.280    rv64im72f_5sp/data_memory/memory_reg_3328_3583_54_54/RAMS64E_C
  -------------------------------------------------------------------
                         required time                          0.280    
                         arrival time                          -0.171    
  -------------------------------------------------------------------
                         slack                                  0.110    

Slack (MET) :             0.110ns  (arrival time - required time)
  Source:                 rv64im72f_5sp/ex_mem_register/MEM_alu_result_reg[3]/C
                            (rising edge-triggered cell FDCE clocked by clk_out1_clk_wiz_0  {rise@0.000ns fall@13.514ns period=27.027ns})
  Destination:            rv64im72f_5sp/data_memory/memory_reg_3328_3583_54_54/RAMS64E_D/ADR0
                            (rising edge-triggered cell RAMS64E clocked by clk_out1_clk_wiz_0  {rise@0.000ns fall@13.514ns period=27.027ns})
  Path Group:             clk_out1_clk_wiz_0
  Path Type:              Hold (Min at Fast Process Corner)
  Requirement:            0.000ns  (clk_out1_clk_wiz_0 rise@0.000ns - clk_out1_clk_wiz_0 rise@0.000ns)
  Data Path Delay:        0.435ns  (logic 0.141ns (32.438%)  route 0.294ns (67.562%))
  Logic Levels:           0  
  Clock Path Skew:        0.015ns (DCD - SCD - CPR)
    Destination Clock Delay (DCD):    -0.377ns
    Source Clock Delay      (SCD):    -0.605ns
    Clock Pessimism Removal (CPR):    0.213ns

    Location             Delay type                Incr(ns)  Path(ns)    Netlist Resource(s)
  -------------------------------------------------------------------    -------------------
                         (clock clk_out1_clk_wiz_0 rise edge)
                                                      0.000     0.000 r  
    R4                                                0.000     0.000 r  clk (IN)
                         net (fo=0)                   0.000     0.000    clk_gen/inst/clk_in1
    R4                   IBUF (Prop_ibuf_I_O)         0.243     0.243 r  clk_gen/inst/clkin1_ibufg/O
                         net (fo=1, routed)           0.440     0.683    clk_gen/inst/clk_in1_clk_wiz_0
    PLLE2_ADV_X1Y2       PLLE2_ADV (Prop_plle2_adv_CLKIN1_CLKOUT0)
                                                     -2.503    -1.819 r  clk_gen/inst/plle2_adv_inst/CLKOUT0
                         net (fo=1, routed)           0.546    -1.273    clk_gen/inst/clk_out1_clk_wiz_0
    BUFGCTRL_X0Y0        BUFG (Prop_bufg_I_O)         0.026    -1.247 r  clk_gen/inst/clkout1_buf/O
                         net (fo=12193, routed)       0.642    -0.605    rv64im72f_5sp/ex_mem_register/clk_out1
    SLICE_X45Y78         FDCE                                         r  rv64im72f_5sp/ex_mem_register/MEM_alu_result_reg[3]/C
  -------------------------------------------------------------------    -------------------
    SLICE_X45Y78         FDCE (Prop_fdce_C_Q)         0.141    -0.464 r  rv64im72f_5sp/ex_mem_register/MEM_alu_result_reg[3]/Q
                         net (fo=8, routed)           0.294    -0.171    rv64im72f_5sp/data_memory/memory_reg_3328_3583_54_54/A0
    SLICE_X44Y79         RAMS64E                                      r  rv64im72f_5sp/data_memory/memory_reg_3328_3583_54_54/RAMS64E_D/ADR0
  -------------------------------------------------------------------    -------------------

                         (clock clk_out1_clk_wiz_0 rise edge)
                                                      0.000     0.000 r  
    R4                                                0.000     0.000 r  clk (IN)
                         net (fo=0)                   0.000     0.000    clk_gen/inst/clk_in1
    R4                   IBUF (Prop_ibuf_I_O)         0.431     0.431 r  clk_gen/inst/clkin1_ibufg/O
                         net (fo=1, routed)           0.481     0.912    clk_gen/inst/clk_in1_clk_wiz_0
    PLLE2_ADV_X1Y2       PLLE2_ADV (Prop_plle2_adv_CLKIN1_CLKOUT0)
                                                     -2.828    -1.916 r  clk_gen/inst/plle2_adv_inst/CLKOUT0
                         net (fo=1, routed)           0.595    -1.322    clk_gen/inst/clk_out1_clk_wiz_0
    BUFGCTRL_X0Y0        BUFG (Prop_bufg_I_O)         0.029    -1.293 r  clk_gen/inst/clkout1_buf/O
                         net (fo=12193, routed)       0.916    -0.377    rv64im72f_5sp/data_memory/memory_reg_3328_3583_54_54/WCLK
    SLICE_X44Y79         RAMS64E                                      r  rv64im72f_5sp/data_memory/memory_reg_3328_3583_54_54/RAMS64E_D/CLK
                         clock pessimism             -0.213    -0.590    
    SLICE_X44Y79         RAMS64E (Hold_rams64e_CLK_ADR0)
                                                      0.310    -0.280    rv64im72f_5sp/data_memory/memory_reg_3328_3583_54_54/RAMS64E_D
  -------------------------------------------------------------------
                         required time                          0.280    
                         arrival time                          -0.171    
  -------------------------------------------------------------------
                         slack                                  0.110    

Slack (MET) :             0.117ns  (arrival time - required time)
  Source:                 rv64im72f_5sp/csr_file/csr_read_out_reg[33]/C
                            (rising edge-triggered cell FDCE clocked by clk_out1_clk_wiz_0  {rise@0.000ns fall@13.514ns period=27.027ns})
  Destination:            rv64im72f_5sp/id_ex_register/EX_csr_read_data_reg[33]/D
                            (rising edge-triggered cell FDCE clocked by clk_out1_clk_wiz_0  {rise@0.000ns fall@13.514ns period=27.027ns})
  Path Group:             clk_out1_clk_wiz_0
  Path Type:              Hold (Min at Fast Process Corner)
  Requirement:            0.000ns  (clk_out1_clk_wiz_0 rise@0.000ns - clk_out1_clk_wiz_0 rise@0.000ns)
  Data Path Delay:        0.557ns  (logic 0.186ns (33.412%)  route 0.371ns (66.588%))
  Logic Levels:           1  (LUT2=1)
  Clock Path Skew:        0.349ns (DCD - SCD - CPR)
    Destination Clock Delay (DCD):    -0.252ns
    Source Clock Delay      (SCD):    -0.564ns
    Clock Pessimism Removal (CPR):    -0.037ns

    Location             Delay type                Incr(ns)  Path(ns)    Netlist Resource(s)
  -------------------------------------------------------------------    -------------------
                         (clock clk_out1_clk_wiz_0 rise edge)
                                                      0.000     0.000 r  
    R4                                                0.000     0.000 r  clk (IN)
                         net (fo=0)                   0.000     0.000    clk_gen/inst/clk_in1
    R4                   IBUF (Prop_ibuf_I_O)         0.243     0.243 r  clk_gen/inst/clkin1_ibufg/O
                         net (fo=1, routed)           0.440     0.683    clk_gen/inst/clk_in1_clk_wiz_0
    PLLE2_ADV_X1Y2       PLLE2_ADV (Prop_plle2_adv_CLKIN1_CLKOUT0)
                                                     -2.503    -1.819 r  clk_gen/inst/plle2_adv_inst/CLKOUT0
                         net (fo=1, routed)           0.546    -1.273    clk_gen/inst/clk_out1_clk_wiz_0
    BUFGCTRL_X0Y0        BUFG (Prop_bufg_I_O)         0.026    -1.247 r  clk_gen/inst/clkout1_buf/O
                         net (fo=12193, routed)       0.683    -0.564    rv64im72f_5sp/csr_file/clk_out1
    SLICE_X38Y51         FDCE                                         r  rv64im72f_5sp/csr_file/csr_read_out_reg[33]/C
  -------------------------------------------------------------------    -------------------
    SLICE_X38Y51         FDCE (Prop_fdce_C_Q)         0.141    -0.423 r  rv64im72f_5sp/csr_file/csr_read_out_reg[33]/Q
                         net (fo=4, routed)           0.371    -0.053    rv64im72f_5sp/csr_file/csr_read_out_reg[63]_0[33]
    SLICE_X25Y49         LUT2 (Prop_lut2_I0_O)        0.045    -0.008 r  rv64im72f_5sp/csr_file/EX_csr_read_data[33]_i_1/O
                         net (fo=1, routed)           0.000    -0.008    rv64im72f_5sp/id_ex_register/EX_csr_read_data_reg[63]_1[33]
    SLICE_X25Y49         FDCE                                         r  rv64im72f_5sp/id_ex_register/EX_csr_read_data_reg[33]/D
  -------------------------------------------------------------------    -------------------

                         (clock clk_out1_clk_wiz_0 rise edge)
                                                      0.000     0.000 r  
    R4                                                0.000     0.000 r  clk (IN)
                         net (fo=0)                   0.000     0.000    clk_gen/inst/clk_in1
    R4                   IBUF (Prop_ibuf_I_O)         0.431     0.431 r  clk_gen/inst/clkin1_ibufg/O
                         net (fo=1, routed)           0.481     0.912    clk_gen/inst/clk_in1_clk_wiz_0
    PLLE2_ADV_X1Y2       PLLE2_ADV (Prop_plle2_adv_CLKIN1_CLKOUT0)
                                                     -2.828    -1.916 r  clk_gen/inst/plle2_adv_inst/CLKOUT0
                         net (fo=1, routed)           0.595    -1.322    clk_gen/inst/clk_out1_clk_wiz_0
    BUFGCTRL_X0Y0        BUFG (Prop_bufg_I_O)         0.029    -1.293 r  clk_gen/inst/clkout1_buf/O
                         net (fo=12193, routed)       1.041    -0.252    rv64im72f_5sp/id_ex_register/clk_out1
    SLICE_X25Y49         FDCE                                         r  rv64im72f_5sp/id_ex_register/EX_csr_read_data_reg[33]/C
                         clock pessimism              0.037    -0.215    
    SLICE_X25Y49         FDCE (Hold_fdce_C_D)         0.091    -0.124    rv64im72f_5sp/id_ex_register/EX_csr_read_data_reg[33]
  -------------------------------------------------------------------
                         required time                          0.124    
                         arrival time                          -0.008    
  -------------------------------------------------------------------
                         slack                                  0.117    

Slack (MET) :             0.121ns  (arrival time - required time)
  Source:                 rv64im72f_5sp/trap_controller/FSM_onehot_trap_handle_state_reg[8]/C
                            (rising edge-triggered cell FDCE clocked by clk_out1_clk_wiz_0  {rise@0.000ns fall@13.514ns period=27.027ns})
  Destination:            rv64im72f_5sp/trap_controller/FSM_onehot_trap_handle_state_reg[9]/D
                            (rising edge-triggered cell FDCE clocked by clk_out1_clk_wiz_0  {rise@0.000ns fall@13.514ns period=27.027ns})
  Path Group:             clk_out1_clk_wiz_0
  Path Type:              Hold (Min at Fast Process Corner)
  Requirement:            0.000ns  (clk_out1_clk_wiz_0 rise@0.000ns - clk_out1_clk_wiz_0 rise@0.000ns)
  Data Path Delay:        0.404ns  (logic 0.186ns (46.027%)  route 0.218ns (53.973%))
  Logic Levels:           1  (LUT5=1)
  Clock Path Skew:        0.192ns (DCD - SCD - CPR)
    Destination Clock Delay (DCD):    -0.367ns
    Source Clock Delay      (SCD):    -0.523ns
    Clock Pessimism Removal (CPR):    -0.037ns

    Location             Delay type                Incr(ns)  Path(ns)    Netlist Resource(s)
  -------------------------------------------------------------------    -------------------
                         (clock clk_out1_clk_wiz_0 rise edge)
                                                      0.000     0.000 r  
    R4                                                0.000     0.000 r  clk (IN)
                         net (fo=0)                   0.000     0.000    clk_gen/inst/clk_in1
    R4                   IBUF (Prop_ibuf_I_O)         0.243     0.243 r  clk_gen/inst/clkin1_ibufg/O
                         net (fo=1, routed)           0.440     0.683    clk_gen/inst/clk_in1_clk_wiz_0
    PLLE2_ADV_X1Y2       PLLE2_ADV (Prop_plle2_adv_CLKIN1_CLKOUT0)
                                                     -2.503    -1.819 r  clk_gen/inst/plle2_adv_inst/CLKOUT0
                         net (fo=1, routed)           0.546    -1.273    clk_gen/inst/clk_out1_clk_wiz_0
    BUFGCTRL_X0Y0        BUFG (Prop_bufg_I_O)         0.026    -1.247 r  clk_gen/inst/clkout1_buf/O
                         net (fo=12193, routed)       0.725    -0.523    rv64im72f_5sp/trap_controller/clk_out1
    SLICE_X50Y48         FDCE                                         r  rv64im72f_5sp/trap_controller/FSM_onehot_trap_handle_state_reg[8]/C
  -------------------------------------------------------------------    -------------------
    SLICE_X50Y48         FDCE (Prop_fdce_C_Q)         0.141    -0.382 r  rv64im72f_5sp/trap_controller/FSM_onehot_trap_handle_state_reg[8]/Q
                         net (fo=7, routed)           0.218    -0.163    rv64im72f_5sp/exception_detector/instruction_retired_reg[6]
    SLICE_X49Y53         LUT5 (Prop_lut5_I0_O)        0.045    -0.118 r  rv64im72f_5sp/exception_detector/FSM_onehot_trap_handle_state[9]_i_1/O
                         net (fo=1, routed)           0.000    -0.118    rv64im72f_5sp/trap_controller/D[3]
    SLICE_X49Y53         FDCE                                         r  rv64im72f_5sp/trap_controller/FSM_onehot_trap_handle_state_reg[9]/D
  -------------------------------------------------------------------    -------------------

                         (clock clk_out1_clk_wiz_0 rise edge)
                                                      0.000     0.000 r  
    R4                                                0.000     0.000 r  clk (IN)
                         net (fo=0)                   0.000     0.000    clk_gen/inst/clk_in1
    R4                   IBUF (Prop_ibuf_I_O)         0.431     0.431 r  clk_gen/inst/clkin1_ibufg/O
                         net (fo=1, routed)           0.481     0.912    clk_gen/inst/clk_in1_clk_wiz_0
    PLLE2_ADV_X1Y2       PLLE2_ADV (Prop_plle2_adv_CLKIN1_CLKOUT0)
                                                     -2.828    -1.916 r  clk_gen/inst/plle2_adv_inst/CLKOUT0
                         net (fo=1, routed)           0.595    -1.322    clk_gen/inst/clk_out1_clk_wiz_0
    BUFGCTRL_X0Y0        BUFG (Prop_bufg_I_O)         0.029    -1.293 r  clk_gen/inst/clkout1_buf/O
                         net (fo=12193, routed)       0.926    -0.367    rv64im72f_5sp/trap_controller/clk_out1
    SLICE_X49Y53         FDCE                                         r  rv64im72f_5sp/trap_controller/FSM_onehot_trap_handle_state_reg[9]/C
                         clock pessimism              0.037    -0.330    
    SLICE_X49Y53         FDCE (Hold_fdce_C_D)         0.091    -0.239    rv64im72f_5sp/trap_controller/FSM_onehot_trap_handle_state_reg[9]
  -------------------------------------------------------------------
                         required time                          0.239    
                         arrival time                          -0.118    
  -------------------------------------------------------------------
                         slack                                  0.121    

Slack (MET) :             0.132ns  (arrival time - required time)
  Source:                 rv64im72f_5sp/if_id_register/ID_pc_plus_4_reg[2]/C
                            (rising edge-triggered cell FDCE clocked by clk_out1_clk_wiz_0  {rise@0.000ns fall@13.514ns period=27.027ns})
  Destination:            rv64im72f_5sp/id_ex_register/EX_pc_plus_4_reg[2]/D
                            (rising edge-triggered cell FDCE clocked by clk_out1_clk_wiz_0  {rise@0.000ns fall@13.514ns period=27.027ns})
  Path Group:             clk_out1_clk_wiz_0
  Path Type:              Hold (Min at Fast Process Corner)
  Requirement:            0.000ns  (clk_out1_clk_wiz_0 rise@0.000ns - clk_out1_clk_wiz_0 rise@0.000ns)
  Data Path Delay:        0.237ns  (logic 0.186ns (78.504%)  route 0.051ns (21.496%))
  Logic Levels:           1  (LUT2=1)
  Clock Path Skew:        0.013ns (DCD - SCD - CPR)
    Destination Clock Delay (DCD):    -0.256ns
    Source Clock Delay      (SCD):    -0.489ns
    Clock Pessimism Removal (CPR):    0.220ns

    Location             Delay type                Incr(ns)  Path(ns)    Netlist Resource(s)
  -------------------------------------------------------------------    -------------------
                         (clock clk_out1_clk_wiz_0 rise edge)
                                                      0.000     0.000 r  
    R4                                                0.000     0.000 r  clk (IN)
                         net (fo=0)                   0.000     0.000    clk_gen/inst/clk_in1
    R4                   IBUF (Prop_ibuf_I_O)         0.243     0.243 r  clk_gen/inst/clkin1_ibufg/O
                         net (fo=1, routed)           0.440     0.683    clk_gen/inst/clk_in1_clk_wiz_0
    PLLE2_ADV_X1Y2       PLLE2_ADV (Prop_plle2_adv_CLKIN1_CLKOUT0)
                                                     -2.503    -1.819 r  clk_gen/inst/plle2_adv_inst/CLKOUT0
                         net (fo=1, routed)           0.546    -1.273    clk_gen/inst/clk_out1_clk_wiz_0
    BUFGCTRL_X0Y0        BUFG (Prop_bufg_I_O)         0.026    -1.247 r  clk_gen/inst/clkout1_buf/O
                         net (fo=12193, routed)       0.759    -0.489    rv64im72f_5sp/if_id_register/clk_out1
    SLICE_X34Y49         FDCE                                         r  rv64im72f_5sp/if_id_register/ID_pc_plus_4_reg[2]/C
  -------------------------------------------------------------------    -------------------
    SLICE_X34Y49         FDCE (Prop_fdce_C_Q)         0.141    -0.348 r  rv64im72f_5sp/if_id_register/ID_pc_plus_4_reg[2]/Q
                         net (fo=1, routed)           0.051    -0.297    rv64im72f_5sp/if_id_register/ID_pc_plus_4[2]
    SLICE_X35Y49         LUT2 (Prop_lut2_I0_O)        0.045    -0.252 r  rv64im72f_5sp/if_id_register/EX_pc_plus_4[2]_i_1/O
                         net (fo=1, routed)           0.000    -0.252    rv64im72f_5sp/id_ex_register/EX_pc_plus_4_reg[63]_1[2]
    SLICE_X35Y49         FDCE                                         r  rv64im72f_5sp/id_ex_register/EX_pc_plus_4_reg[2]/D
  -------------------------------------------------------------------    -------------------

                         (clock clk_out1_clk_wiz_0 rise edge)
                                                      0.000     0.000 r  
    R4                                                0.000     0.000 r  clk (IN)
                         net (fo=0)                   0.000     0.000    clk_gen/inst/clk_in1
    R4                   IBUF (Prop_ibuf_I_O)         0.431     0.431 r  clk_gen/inst/clkin1_ibufg/O
                         net (fo=1, routed)           0.481     0.912    clk_gen/inst/clk_in1_clk_wiz_0
    PLLE2_ADV_X1Y2       PLLE2_ADV (Prop_plle2_adv_CLKIN1_CLKOUT0)
                                                     -2.828    -1.916 r  clk_gen/inst/plle2_adv_inst/CLKOUT0
                         net (fo=1, routed)           0.595    -1.322    clk_gen/inst/clk_out1_clk_wiz_0
    BUFGCTRL_X0Y0        BUFG (Prop_bufg_I_O)         0.029    -1.293 r  clk_gen/inst/clkout1_buf/O
                         net (fo=12193, routed)       1.037    -0.256    rv64im72f_5sp/id_ex_register/clk_out1
    SLICE_X35Y49         FDCE                                         r  rv64im72f_5sp/id_ex_register/EX_pc_plus_4_reg[2]/C
                         clock pessimism             -0.220    -0.476    
    SLICE_X35Y49         FDCE (Hold_fdce_C_D)         0.092    -0.384    rv64im72f_5sp/id_ex_register/EX_pc_plus_4_reg[2]
  -------------------------------------------------------------------
                         required time                          0.384    
                         arrival time                          -0.252    
  -------------------------------------------------------------------
                         slack                                  0.132    

Slack (MET) :             0.133ns  (arrival time - required time)
  Source:                 rv64im72f_5sp/ex_mem_register/MEM_alu_result_reg[6]/C
                            (rising edge-triggered cell FDCE clocked by clk_out1_clk_wiz_0  {rise@0.000ns fall@13.514ns period=27.027ns})
  Destination:            rv64im72f_5sp/data_memory/memory_reg_4864_5119_16_16/RAMS64E_A/ADR3
                            (rising edge-triggered cell RAMS64E clocked by clk_out1_clk_wiz_0  {rise@0.000ns fall@13.514ns period=27.027ns})
  Path Group:             clk_out1_clk_wiz_0
  Path Type:              Hold (Min at Fast Process Corner)
  Requirement:            0.000ns  (clk_out1_clk_wiz_0 rise@0.000ns - clk_out1_clk_wiz_0 rise@0.000ns)
  Data Path Delay:        0.407ns  (logic 0.141ns (34.672%)  route 0.266ns (65.328%))
  Logic Levels:           0  
  Clock Path Skew:        0.034ns (DCD - SCD - CPR)
    Destination Clock Delay (DCD):    -0.374ns
    Source Clock Delay      (SCD):    -0.600ns
    Clock Pessimism Removal (CPR):    0.192ns

    Location             Delay type                Incr(ns)  Path(ns)    Netlist Resource(s)
  -------------------------------------------------------------------    -------------------
                         (clock clk_out1_clk_wiz_0 rise edge)
                                                      0.000     0.000 r  
    R4                                                0.000     0.000 r  clk (IN)
                         net (fo=0)                   0.000     0.000    clk_gen/inst/clk_in1
    R4                   IBUF (Prop_ibuf_I_O)         0.243     0.243 r  clk_gen/inst/clkin1_ibufg/O
                         net (fo=1, routed)           0.440     0.683    clk_gen/inst/clk_in1_clk_wiz_0
    PLLE2_ADV_X1Y2       PLLE2_ADV (Prop_plle2_adv_CLKIN1_CLKOUT0)
                                                     -2.503    -1.819 r  clk_gen/inst/plle2_adv_inst/CLKOUT0
                         net (fo=1, routed)           0.546    -1.273    clk_gen/inst/clk_out1_clk_wiz_0
    BUFGCTRL_X0Y0        BUFG (Prop_bufg_I_O)         0.026    -1.247 r  clk_gen/inst/clkout1_buf/O
                         net (fo=12193, routed)       0.647    -0.600    rv64im72f_5sp/ex_mem_register/clk_out1
    SLICE_X45Y83         FDCE                                         r  rv64im72f_5sp/ex_mem_register/MEM_alu_result_reg[6]/C
  -------------------------------------------------------------------    -------------------
    SLICE_X45Y83         FDCE (Prop_fdce_C_Q)         0.141    -0.459 r  rv64im72f_5sp/ex_mem_register/MEM_alu_result_reg[6]/Q
                         net (fo=8, routed)           0.266    -0.194    rv64im72f_5sp/data_memory/memory_reg_4864_5119_16_16/A3
    SLICE_X46Y83         RAMS64E                                      r  rv64im72f_5sp/data_memory/memory_reg_4864_5119_16_16/RAMS64E_A/ADR3
  -------------------------------------------------------------------    -------------------

                         (clock clk_out1_clk_wiz_0 rise edge)
                                                      0.000     0.000 r  
    R4                                                0.000     0.000 r  clk (IN)
                         net (fo=0)                   0.000     0.000    clk_gen/inst/clk_in1
    R4                   IBUF (Prop_ibuf_I_O)         0.431     0.431 r  clk_gen/inst/clkin1_ibufg/O
                         net (fo=1, routed)           0.481     0.912    clk_gen/inst/clk_in1_clk_wiz_0
    PLLE2_ADV_X1Y2       PLLE2_ADV (Prop_plle2_adv_CLKIN1_CLKOUT0)
                                                     -2.828    -1.916 r  clk_gen/inst/plle2_adv_inst/CLKOUT0
                         net (fo=1, routed)           0.595    -1.322    clk_gen/inst/clk_out1_clk_wiz_0
    BUFGCTRL_X0Y0        BUFG (Prop_bufg_I_O)         0.029    -1.293 r  clk_gen/inst/clkout1_buf/O
                         net (fo=12193, routed)       0.919    -0.374    rv64im72f_5sp/data_memory/memory_reg_4864_5119_16_16/WCLK
    SLICE_X46Y83         RAMS64E                                      r  rv64im72f_5sp/data_memory/memory_reg_4864_5119_16_16/RAMS64E_A/CLK
                         clock pessimism             -0.192    -0.566    
    SLICE_X46Y83         RAMS64E (Hold_rams64e_CLK_ADR3)
                                                      0.240    -0.326    rv64im72f_5sp/data_memory/memory_reg_4864_5119_16_16/RAMS64E_A
  -------------------------------------------------------------------
                         required time                          0.326    
                         arrival time                          -0.194    
  -------------------------------------------------------------------
                         slack                                  0.133    

Slack (MET) :             0.133ns  (arrival time - required time)
  Source:                 rv64im72f_5sp/ex_mem_register/MEM_alu_result_reg[6]/C
                            (rising edge-triggered cell FDCE clocked by clk_out1_clk_wiz_0  {rise@0.000ns fall@13.514ns period=27.027ns})
  Destination:            rv64im72f_5sp/data_memory/memory_reg_4864_5119_16_16/RAMS64E_B/ADR3
                            (rising edge-triggered cell RAMS64E clocked by clk_out1_clk_wiz_0  {rise@0.000ns fall@13.514ns period=27.027ns})
  Path Group:             clk_out1_clk_wiz_0
  Path Type:              Hold (Min at Fast Process Corner)
  Requirement:            0.000ns  (clk_out1_clk_wiz_0 rise@0.000ns - clk_out1_clk_wiz_0 rise@0.000ns)
  Data Path Delay:        0.407ns  (logic 0.141ns (34.672%)  route 0.266ns (65.328%))
  Logic Levels:           0  
  Clock Path Skew:        0.034ns (DCD - SCD - CPR)
    Destination Clock Delay (DCD):    -0.374ns
    Source Clock Delay      (SCD):    -0.600ns
    Clock Pessimism Removal (CPR):    0.192ns

    Location             Delay type                Incr(ns)  Path(ns)    Netlist Resource(s)
  -------------------------------------------------------------------    -------------------
                         (clock clk_out1_clk_wiz_0 rise edge)
                                                      0.000     0.000 r  
    R4                                                0.000     0.000 r  clk (IN)
                         net (fo=0)                   0.000     0.000    clk_gen/inst/clk_in1
    R4                   IBUF (Prop_ibuf_I_O)         0.243     0.243 r  clk_gen/inst/clkin1_ibufg/O
                         net (fo=1, routed)           0.440     0.683    clk_gen/inst/clk_in1_clk_wiz_0
    PLLE2_ADV_X1Y2       PLLE2_ADV (Prop_plle2_adv_CLKIN1_CLKOUT0)
                                                     -2.503    -1.819 r  clk_gen/inst/plle2_adv_inst/CLKOUT0
                         net (fo=1, routed)           0.546    -1.273    clk_gen/inst/clk_out1_clk_wiz_0
    BUFGCTRL_X0Y0        BUFG (Prop_bufg_I_O)         0.026    -1.247 r  clk_gen/inst/clkout1_buf/O
                         net (fo=12193, routed)       0.647    -0.600    rv64im72f_5sp/ex_mem_register/clk_out1
    SLICE_X45Y83         FDCE                                         r  rv64im72f_5sp/ex_mem_register/MEM_alu_result_reg[6]/C
  -------------------------------------------------------------------    -------------------
    SLICE_X45Y83         FDCE (Prop_fdce_C_Q)         0.141    -0.459 r  rv64im72f_5sp/ex_mem_register/MEM_alu_result_reg[6]/Q
                         net (fo=8, routed)           0.266    -0.194    rv64im72f_5sp/data_memory/memory_reg_4864_5119_16_16/A3
    SLICE_X46Y83         RAMS64E                                      r  rv64im72f_5sp/data_memory/memory_reg_4864_5119_16_16/RAMS64E_B/ADR3
  -------------------------------------------------------------------    -------------------

                         (clock clk_out1_clk_wiz_0 rise edge)
                                                      0.000     0.000 r  
    R4                                                0.000     0.000 r  clk (IN)
                         net (fo=0)                   0.000     0.000    clk_gen/inst/clk_in1
    R4                   IBUF (Prop_ibuf_I_O)         0.431     0.431 r  clk_gen/inst/clkin1_ibufg/O
                         net (fo=1, routed)           0.481     0.912    clk_gen/inst/clk_in1_clk_wiz_0
    PLLE2_ADV_X1Y2       PLLE2_ADV (Prop_plle2_adv_CLKIN1_CLKOUT0)
                                                     -2.828    -1.916 r  clk_gen/inst/plle2_adv_inst/CLKOUT0
                         net (fo=1, routed)           0.595    -1.322    clk_gen/inst/clk_out1_clk_wiz_0
    BUFGCTRL_X0Y0        BUFG (Prop_bufg_I_O)         0.029    -1.293 r  clk_gen/inst/clkout1_buf/O
                         net (fo=12193, routed)       0.919    -0.374    rv64im72f_5sp/data_memory/memory_reg_4864_5119_16_16/WCLK
    SLICE_X46Y83         RAMS64E                                      r  rv64im72f_5sp/data_memory/memory_reg_4864_5119_16_16/RAMS64E_B/CLK
                         clock pessimism             -0.192    -0.566    
    SLICE_X46Y83         RAMS64E (Hold_rams64e_CLK_ADR3)
                                                      0.240    -0.326    rv64im72f_5sp/data_memory/memory_reg_4864_5119_16_16/RAMS64E_B
  -------------------------------------------------------------------
                         required time                          0.326    
                         arrival time                          -0.194    
  -------------------------------------------------------------------
                         slack                                  0.133    





Pulse Width Checks
--------------------------------------------------------------------------------------
Clock Name:         clk_out1_clk_wiz_0
Waveform(ns):       { 0.000 13.514 }
Period(ns):         27.027
Sources:            { clk_gen/inst/plle2_adv_inst/CLKOUT0 }

Check Type        Corner  Lib Pin            Reference Pin  Required(ns)  Actual(ns)  Slack(ns)  Location        Pin
Min Period        n/a     BUFG/I             n/a            2.155         27.027      24.872     BUFGCTRL_X0Y0   clk_gen/inst/clkout1_buf/I
Min Period        n/a     DSP48E1/CLK        n/a            2.154         27.027      24.873     DSP48_X1Y10     rv64im72f_5sp/alu/multiplier_dword/mult_AHBH__0/CLK
Min Period        n/a     DSP48E1/CLK        n/a            2.154         27.027      24.873     DSP48_X1Y7      rv64im72f_5sp/alu/multiplier_dword/mult_AHBH__2/CLK
Min Period        n/a     DSP48E1/CLK        n/a            2.154         27.027      24.873     DSP48_X1Y5      rv64im72f_5sp/alu/multiplier_dword/mult_AHBL__0/CLK
Min Period        n/a     DSP48E1/CLK        n/a            2.154         27.027      24.873     DSP48_X1Y3      rv64im72f_5sp/alu/multiplier_dword/mult_AHBL__2/CLK
Min Period        n/a     DSP48E1/CLK        n/a            2.154         27.027      24.873     DSP48_X0Y5      rv64im72f_5sp/alu/multiplier_dword/mult_ALBH__0/CLK
Min Period        n/a     DSP48E1/CLK        n/a            2.154         27.027      24.873     DSP48_X0Y7      rv64im72f_5sp/alu/multiplier_dword/mult_ALBH__2/CLK
Min Period        n/a     DSP48E1/CLK        n/a            2.154         27.027      24.873     DSP48_X0Y3      rv64im72f_5sp/alu/multiplier_dword/mult_ALBL__0/CLK
Min Period        n/a     DSP48E1/CLK        n/a            2.154         27.027      24.873     DSP48_X0Y1      rv64im72f_5sp/alu/multiplier_dword/mult_ALBL__2/CLK
Min Period        n/a     DSP48E1/CLK        n/a            2.154         27.027      24.873     DSP48_X2Y9      rv64im72f_5sp/alu/multiplier_word/mult_result__0/CLK
Max Period        n/a     PLLE2_ADV/CLKOUT0  n/a            160.000       27.027      132.973    PLLE2_ADV_X1Y2  clk_gen/inst/plle2_adv_inst/CLKOUT0
Low Pulse Width   Slow    RAMS64E/CLK        n/a            1.250         13.514      12.264     SLICE_X52Y65    rv64im72f_5sp/data_memory/memory_reg_0_255_0_0/RAMS64E_A/CLK
Low Pulse Width   Fast    RAMS64E/CLK        n/a            1.250         13.514      12.264     SLICE_X52Y65    rv64im72f_5sp/data_memory/memory_reg_0_255_0_0/RAMS64E_A/CLK
Low Pulse Width   Slow    RAMS64E/CLK        n/a            1.250         13.514      12.264     SLICE_X52Y65    rv64im72f_5sp/data_memory/memory_reg_0_255_0_0/RAMS64E_B/CLK
Low Pulse Width   Fast    RAMS64E/CLK        n/a            1.250         13.514      12.264     SLICE_X52Y65    rv64im72f_5sp/data_memory/memory_reg_0_255_0_0/RAMS64E_B/CLK
Low Pulse Width   Slow    RAMS64E/CLK        n/a            1.250         13.514      12.264     SLICE_X52Y65    rv64im72f_5sp/data_memory/memory_reg_0_255_0_0/RAMS64E_C/CLK
Low Pulse Width   Fast    RAMS64E/CLK        n/a            1.250         13.514      12.264     SLICE_X52Y65    rv64im72f_5sp/data_memory/memory_reg_0_255_0_0/RAMS64E_C/CLK
Low Pulse Width   Slow    RAMS64E/CLK        n/a            1.250         13.514      12.264     SLICE_X52Y65    rv64im72f_5sp/data_memory/memory_reg_0_255_0_0/RAMS64E_D/CLK
Low Pulse Width   Fast    RAMS64E/CLK        n/a            1.250         13.514      12.264     SLICE_X52Y65    rv64im72f_5sp/data_memory/memory_reg_0_255_0_0/RAMS64E_D/CLK
Low Pulse Width   Slow    RAMS64E/CLK        n/a            1.250         13.514      12.264     SLICE_X52Y113   rv64im72f_5sp/data_memory/memory_reg_0_255_10_10/RAMS64E_A/CLK
Low Pulse Width   Fast    RAMS64E/CLK        n/a            1.250         13.514      12.264     SLICE_X52Y113   rv64im72f_5sp/data_memory/memory_reg_0_255_10_10/RAMS64E_A/CLK
High Pulse Width  Slow    RAMS64E/CLK        n/a            1.250         13.514      12.264     SLICE_X52Y65    rv64im72f_5sp/data_memory/memory_reg_0_255_0_0/RAMS64E_A/CLK
High Pulse Width  Fast    RAMS64E/CLK        n/a            1.250         13.514      12.264     SLICE_X52Y65    rv64im72f_5sp/data_memory/memory_reg_0_255_0_0/RAMS64E_A/CLK
High Pulse Width  Slow    RAMS64E/CLK        n/a            1.250         13.514      12.264     SLICE_X52Y65    rv64im72f_5sp/data_memory/memory_reg_0_255_0_0/RAMS64E_B/CLK
High Pulse Width  Fast    RAMS64E/CLK        n/a            1.250         13.514      12.264     SLICE_X52Y65    rv64im72f_5sp/data_memory/memory_reg_0_255_0_0/RAMS64E_B/CLK
High Pulse Width  Slow    RAMS64E/CLK        n/a            1.250         13.514      12.264     SLICE_X52Y65    rv64im72f_5sp/data_memory/memory_reg_0_255_0_0/RAMS64E_C/CLK
High Pulse Width  Fast    RAMS64E/CLK        n/a            1.250         13.514      12.264     SLICE_X52Y65    rv64im72f_5sp/data_memory/memory_reg_0_255_0_0/RAMS64E_C/CLK
High Pulse Width  Slow    RAMS64E/CLK        n/a            1.250         13.514      12.264     SLICE_X52Y65    rv64im72f_5sp/data_memory/memory_reg_0_255_0_0/RAMS64E_D/CLK
High Pulse Width  Fast    RAMS64E/CLK        n/a            1.250         13.514      12.264     SLICE_X52Y65    rv64im72f_5sp/data_memory/memory_reg_0_255_0_0/RAMS64E_D/CLK
High Pulse Width  Slow    RAMS64E/CLK        n/a            1.250         13.514      12.264     SLICE_X52Y113   rv64im72f_5sp/data_memory/memory_reg_0_255_10_10/RAMS64E_A/CLK
High Pulse Width  Fast    RAMS64E/CLK        n/a            1.250         13.514      12.264     SLICE_X52Y113   rv64im72f_5sp/data_memory/memory_reg_0_255_10_10/RAMS64E_A/CLK



---------------------------------------------------------------------------------------------------
From Clock:  clkfbout_clk_wiz_0
  To Clock:  clkfbout_clk_wiz_0

Setup :           NA  Failing Endpoints,  Worst Slack           NA  ,  Total Violation           NA
Hold  :           NA  Failing Endpoints,  Worst Slack           NA  ,  Total Violation           NA
PW    :            0  Failing Endpoints,  Worst Slack       12.633ns,  Total Violation        0.000ns
---------------------------------------------------------------------------------------------------


Pulse Width Checks
--------------------------------------------------------------------------------------
Clock Name:         clkfbout_clk_wiz_0
Waveform(ns):       { 0.000 20.000 }
Period(ns):         40.000
Sources:            { clk_gen/inst/plle2_adv_inst/CLKFBOUT }

Check Type  Corner  Lib Pin             Reference Pin  Required(ns)  Actual(ns)  Slack(ns)  Location        Pin
Min Period  n/a     BUFG/I              n/a            2.155         40.000      37.845     BUFGCTRL_X0Y1   clk_gen/inst/clkf_buf/I
Min Period  n/a     PLLE2_ADV/CLKFBOUT  n/a            1.249         40.000      38.751     PLLE2_ADV_X1Y2  clk_gen/inst/plle2_adv_inst/CLKFBOUT
Min Period  n/a     PLLE2_ADV/CLKFBIN   n/a            1.249         40.000      38.751     PLLE2_ADV_X1Y2  clk_gen/inst/plle2_adv_inst/CLKFBIN
Max Period  n/a     PLLE2_ADV/CLKFBIN   n/a            52.633        40.000      12.633     PLLE2_ADV_X1Y2  clk_gen/inst/plle2_adv_inst/CLKFBIN
Max Period  n/a     PLLE2_ADV/CLKFBOUT  n/a            160.000       40.000      120.000    PLLE2_ADV_X1Y2  clk_gen/inst/plle2_adv_inst/CLKFBOUT



---------------------------------------------------------------------------------------------------
Path Group:  **async_default**
From Clock:  clk_out1_clk_wiz_0
  To Clock:  clk_out1_clk_wiz_0

Setup :            0  Failing Endpoints,  Worst Slack        7.990ns,  Total Violation        0.000ns
Hold  :            0  Failing Endpoints,  Worst Slack        1.817ns,  Total Violation        0.000ns
---------------------------------------------------------------------------------------------------


Max Delay Paths
--------------------------------------------------------------------------------------
Slack (MET) :             7.990ns  (required time - arrival time)
  Source:                 reset_sync_reg[2]/C
                            (rising edge-triggered cell FDPE clocked by clk_out1_clk_wiz_0  {rise@0.000ns fall@13.514ns period=27.027ns})
  Destination:            rv64im72f_5sp/id_ex_register/EX_read_data2_reg[26]/CLR
                            (recovery check against rising-edge clock clk_out1_clk_wiz_0  {rise@0.000ns fall@13.514ns period=27.027ns})
  Path Group:             **async_default**
  Path Type:              Recovery (Max at Slow Process Corner)
  Requirement:            27.027ns  (clk_out1_clk_wiz_0 rise@27.027ns - clk_out1_clk_wiz_0 rise@0.000ns)
  Data Path Delay:        18.306ns  (logic 0.478ns (2.611%)  route 17.828ns (97.389%))
  Logic Levels:           0  
  Clock Path Skew:        -0.007ns (DCD - SCD + CPR)
    Destination Clock Delay (DCD):    -1.993ns = ( 25.034 - 27.027 ) 
    Source Clock Delay      (SCD):    -2.493ns
    Clock Pessimism Removal (CPR):    -0.507ns
  Clock Uncertainty:      0.148ns  ((TSJ^2 + DJ^2)^1/2) / 2 + PE
    Total System Jitter     (TSJ):    0.071ns
    Discrete Jitter          (DJ):    0.287ns
    Phase Error              (PE):    0.000ns

    Location             Delay type                Incr(ns)  Path(ns)    Netlist Resource(s)
  -------------------------------------------------------------------    -------------------
                         (clock clk_out1_clk_wiz_0 rise edge)
                                                      0.000     0.000 r  
    R4                                                0.000     0.000 r  clk (IN)
                         net (fo=0)                   0.000     0.000    clk_gen/inst/clk_in1
    R4                   IBUF (Prop_ibuf_I_O)         1.475     1.475 r  clk_gen/inst/clkin1_ibufg/O
                         net (fo=1, routed)           1.253     2.728    clk_gen/inst/clk_in1_clk_wiz_0
    PLLE2_ADV_X1Y2       PLLE2_ADV (Prop_plle2_adv_CLKIN1_CLKOUT0)
                                                     -8.953    -6.225 r  clk_gen/inst/plle2_adv_inst/CLKOUT0
                         net (fo=1, routed)           1.802    -4.422    clk_gen/inst/clk_out1_clk_wiz_0
    BUFGCTRL_X0Y0        BUFG (Prop_bufg_I_O)         0.096    -4.326 r  clk_gen/inst/clkout1_buf/O
                         net (fo=12193, routed)       1.833    -2.493    clk_cpu
    SLICE_X162Y148       FDPE                                         r  reset_sync_reg[2]/C
  -------------------------------------------------------------------    -------------------
    SLICE_X162Y148       FDPE (Prop_fdpe_C_Q)         0.478    -2.015 f  reset_sync_reg[2]/Q
                         net (fo=3752, routed)       17.828    15.813    rv64im72f_5sp/id_ex_register/Q[0]
    SLICE_X21Y52         FDCE                                         f  rv64im72f_5sp/id_ex_register/EX_read_data2_reg[26]/CLR
  -------------------------------------------------------------------    -------------------

                         (clock clk_out1_clk_wiz_0 rise edge)
                                                     27.027    27.027 r  
    R4                                                0.000    27.027 r  clk (IN)
                         net (fo=0)                   0.000    27.027    clk_gen/inst/clk_in1
    R4                   IBUF (Prop_ibuf_I_O)         1.405    28.432 r  clk_gen/inst/clkin1_ibufg/O
                         net (fo=1, routed)           1.181    29.613    clk_gen/inst/clk_in1_clk_wiz_0
    PLLE2_ADV_X1Y2       PLLE2_ADV (Prop_plle2_adv_CLKIN1_CLKOUT0)
                                                     -8.206    21.407 r  clk_gen/inst/plle2_adv_inst/CLKOUT0
                         net (fo=1, routed)           1.718    23.125    clk_gen/inst/clk_out1_clk_wiz_0
    BUFGCTRL_X0Y0        BUFG (Prop_bufg_I_O)         0.091    23.216 r  clk_gen/inst/clkout1_buf/O
                         net (fo=12193, routed)       1.818    25.034    rv64im72f_5sp/id_ex_register/clk_out1
    SLICE_X21Y52         FDCE                                         r  rv64im72f_5sp/id_ex_register/EX_read_data2_reg[26]/C
                         clock pessimism             -0.507    24.527    
                         clock uncertainty           -0.148    24.379    
    SLICE_X21Y52         FDCE (Recov_fdce_C_CLR)     -0.576    23.803    rv64im72f_5sp/id_ex_register/EX_read_data2_reg[26]
  -------------------------------------------------------------------
                         required time                         23.803    
                         arrival time                         -15.813    
  -------------------------------------------------------------------
                         slack                                  7.990    

Slack (MET) :             7.990ns  (required time - arrival time)
  Source:                 reset_sync_reg[2]/C
                            (rising edge-triggered cell FDPE clocked by clk_out1_clk_wiz_0  {rise@0.000ns fall@13.514ns period=27.027ns})
  Destination:            rv64im72f_5sp/id_ex_register/EX_read_data2_reg[47]/CLR
                            (recovery check against rising-edge clock clk_out1_clk_wiz_0  {rise@0.000ns fall@13.514ns period=27.027ns})
  Path Group:             **async_default**
  Path Type:              Recovery (Max at Slow Process Corner)
  Requirement:            27.027ns  (clk_out1_clk_wiz_0 rise@27.027ns - clk_out1_clk_wiz_0 rise@0.000ns)
  Data Path Delay:        18.306ns  (logic 0.478ns (2.611%)  route 17.828ns (97.389%))
  Logic Levels:           0  
  Clock Path Skew:        -0.007ns (DCD - SCD + CPR)
    Destination Clock Delay (DCD):    -1.993ns = ( 25.034 - 27.027 ) 
    Source Clock Delay      (SCD):    -2.493ns
    Clock Pessimism Removal (CPR):    -0.507ns
  Clock Uncertainty:      0.148ns  ((TSJ^2 + DJ^2)^1/2) / 2 + PE
    Total System Jitter     (TSJ):    0.071ns
    Discrete Jitter          (DJ):    0.287ns
    Phase Error              (PE):    0.000ns

    Location             Delay type                Incr(ns)  Path(ns)    Netlist Resource(s)
  -------------------------------------------------------------------    -------------------
                         (clock clk_out1_clk_wiz_0 rise edge)
                                                      0.000     0.000 r  
    R4                                                0.000     0.000 r  clk (IN)
                         net (fo=0)                   0.000     0.000    clk_gen/inst/clk_in1
    R4                   IBUF (Prop_ibuf_I_O)         1.475     1.475 r  clk_gen/inst/clkin1_ibufg/O
                         net (fo=1, routed)           1.253     2.728    clk_gen/inst/clk_in1_clk_wiz_0
    PLLE2_ADV_X1Y2       PLLE2_ADV (Prop_plle2_adv_CLKIN1_CLKOUT0)
                                                     -8.953    -6.225 r  clk_gen/inst/plle2_adv_inst/CLKOUT0
                         net (fo=1, routed)           1.802    -4.422    clk_gen/inst/clk_out1_clk_wiz_0
    BUFGCTRL_X0Y0        BUFG (Prop_bufg_I_O)         0.096    -4.326 r  clk_gen/inst/clkout1_buf/O
                         net (fo=12193, routed)       1.833    -2.493    clk_cpu
    SLICE_X162Y148       FDPE                                         r  reset_sync_reg[2]/C
  -------------------------------------------------------------------    -------------------
    SLICE_X162Y148       FDPE (Prop_fdpe_C_Q)         0.478    -2.015 f  reset_sync_reg[2]/Q
                         net (fo=3752, routed)       17.828    15.813    rv64im72f_5sp/id_ex_register/Q[0]
    SLICE_X21Y52         FDCE                                         f  rv64im72f_5sp/id_ex_register/EX_read_data2_reg[47]/CLR
  -------------------------------------------------------------------    -------------------

                         (clock clk_out1_clk_wiz_0 rise edge)
                                                     27.027    27.027 r  
    R4                                                0.000    27.027 r  clk (IN)
                         net (fo=0)                   0.000    27.027    clk_gen/inst/clk_in1
    R4                   IBUF (Prop_ibuf_I_O)         1.405    28.432 r  clk_gen/inst/clkin1_ibufg/O
                         net (fo=1, routed)           1.181    29.613    clk_gen/inst/clk_in1_clk_wiz_0
    PLLE2_ADV_X1Y2       PLLE2_ADV (Prop_plle2_adv_CLKIN1_CLKOUT0)
                                                     -8.206    21.407 r  clk_gen/inst/plle2_adv_inst/CLKOUT0
                         net (fo=1, routed)           1.718    23.125    clk_gen/inst/clk_out1_clk_wiz_0
    BUFGCTRL_X0Y0        BUFG (Prop_bufg_I_O)         0.091    23.216 r  clk_gen/inst/clkout1_buf/O
                         net (fo=12193, routed)       1.818    25.034    rv64im72f_5sp/id_ex_register/clk_out1
    SLICE_X21Y52         FDCE                                         r  rv64im72f_5sp/id_ex_register/EX_read_data2_reg[47]/C
                         clock pessimism             -0.507    24.527    
                         clock uncertainty           -0.148    24.379    
    SLICE_X21Y52         FDCE (Recov_fdce_C_CLR)     -0.576    23.803    rv64im72f_5sp/id_ex_register/EX_read_data2_reg[47]
  -------------------------------------------------------------------
                         required time                         23.803    
                         arrival time                         -15.813    
  -------------------------------------------------------------------
                         slack                                  7.990    

Slack (MET) :             7.990ns  (required time - arrival time)
  Source:                 reset_sync_reg[2]/C
                            (rising edge-triggered cell FDPE clocked by clk_out1_clk_wiz_0  {rise@0.000ns fall@13.514ns period=27.027ns})
  Destination:            rv64im72f_5sp/id_ex_register/EX_read_data2_reg[55]/CLR
                            (recovery check against rising-edge clock clk_out1_clk_wiz_0  {rise@0.000ns fall@13.514ns period=27.027ns})
  Path Group:             **async_default**
  Path Type:              Recovery (Max at Slow Process Corner)
  Requirement:            27.027ns  (clk_out1_clk_wiz_0 rise@27.027ns - clk_out1_clk_wiz_0 rise@0.000ns)
  Data Path Delay:        18.306ns  (logic 0.478ns (2.611%)  route 17.828ns (97.389%))
  Logic Levels:           0  
  Clock Path Skew:        -0.007ns (DCD - SCD + CPR)
    Destination Clock Delay (DCD):    -1.993ns = ( 25.034 - 27.027 ) 
    Source Clock Delay      (SCD):    -2.493ns
    Clock Pessimism Removal (CPR):    -0.507ns
  Clock Uncertainty:      0.148ns  ((TSJ^2 + DJ^2)^1/2) / 2 + PE
    Total System Jitter     (TSJ):    0.071ns
    Discrete Jitter          (DJ):    0.287ns
    Phase Error              (PE):    0.000ns

    Location             Delay type                Incr(ns)  Path(ns)    Netlist Resource(s)
  -------------------------------------------------------------------    -------------------
                         (clock clk_out1_clk_wiz_0 rise edge)
                                                      0.000     0.000 r  
    R4                                                0.000     0.000 r  clk (IN)
                         net (fo=0)                   0.000     0.000    clk_gen/inst/clk_in1
    R4                   IBUF (Prop_ibuf_I_O)         1.475     1.475 r  clk_gen/inst/clkin1_ibufg/O
                         net (fo=1, routed)           1.253     2.728    clk_gen/inst/clk_in1_clk_wiz_0
    PLLE2_ADV_X1Y2       PLLE2_ADV (Prop_plle2_adv_CLKIN1_CLKOUT0)
                                                     -8.953    -6.225 r  clk_gen/inst/plle2_adv_inst/CLKOUT0
                         net (fo=1, routed)           1.802    -4.422    clk_gen/inst/clk_out1_clk_wiz_0
    BUFGCTRL_X0Y0        BUFG (Prop_bufg_I_O)         0.096    -4.326 r  clk_gen/inst/clkout1_buf/O
                         net (fo=12193, routed)       1.833    -2.493    clk_cpu
    SLICE_X162Y148       FDPE                                         r  reset_sync_reg[2]/C
  -------------------------------------------------------------------    -------------------
    SLICE_X162Y148       FDPE (Prop_fdpe_C_Q)         0.478    -2.015 f  reset_sync_reg[2]/Q
                         net (fo=3752, routed)       17.828    15.813    rv64im72f_5sp/id_ex_register/Q[0]
    SLICE_X21Y52         FDCE                                         f  rv64im72f_5sp/id_ex_register/EX_read_data2_reg[55]/CLR
  -------------------------------------------------------------------    -------------------

                         (clock clk_out1_clk_wiz_0 rise edge)
                                                     27.027    27.027 r  
    R4                                                0.000    27.027 r  clk (IN)
                         net (fo=0)                   0.000    27.027    clk_gen/inst/clk_in1
    R4                   IBUF (Prop_ibuf_I_O)         1.405    28.432 r  clk_gen/inst/clkin1_ibufg/O
                         net (fo=1, routed)           1.181    29.613    clk_gen/inst/clk_in1_clk_wiz_0
    PLLE2_ADV_X1Y2       PLLE2_ADV (Prop_plle2_adv_CLKIN1_CLKOUT0)
                                                     -8.206    21.407 r  clk_gen/inst/plle2_adv_inst/CLKOUT0
                         net (fo=1, routed)           1.718    23.125    clk_gen/inst/clk_out1_clk_wiz_0
    BUFGCTRL_X0Y0        BUFG (Prop_bufg_I_O)         0.091    23.216 r  clk_gen/inst/clkout1_buf/O
                         net (fo=12193, routed)       1.818    25.034    rv64im72f_5sp/id_ex_register/clk_out1
    SLICE_X21Y52         FDCE                                         r  rv64im72f_5sp/id_ex_register/EX_read_data2_reg[55]/C
                         clock pessimism             -0.507    24.527    
                         clock uncertainty           -0.148    24.379    
    SLICE_X21Y52         FDCE (Recov_fdce_C_CLR)     -0.576    23.803    rv64im72f_5sp/id_ex_register/EX_read_data2_reg[55]
  -------------------------------------------------------------------
                         required time                         23.803    
                         arrival time                         -15.813    
  -------------------------------------------------------------------
                         slack                                  7.990    

Slack (MET) :             8.295ns  (required time - arrival time)
  Source:                 reset_sync_reg[2]/C
                            (rising edge-triggered cell FDPE clocked by clk_out1_clk_wiz_0  {rise@0.000ns fall@13.514ns period=27.027ns})
  Destination:            rv64im72f_5sp/id_ex_register/EX_csr_read_data_reg[36]/CLR
                            (recovery check against rising-edge clock clk_out1_clk_wiz_0  {rise@0.000ns fall@13.514ns period=27.027ns})
  Path Group:             **async_default**
  Path Type:              Recovery (Max at Slow Process Corner)
  Requirement:            27.027ns  (clk_out1_clk_wiz_0 rise@27.027ns - clk_out1_clk_wiz_0 rise@0.000ns)
  Data Path Delay:        18.175ns  (logic 0.478ns (2.630%)  route 17.697ns (97.370%))
  Logic Levels:           0  
  Clock Path Skew:        0.167ns (DCD - SCD + CPR)
    Destination Clock Delay (DCD):    -1.818ns = ( 25.209 - 27.027 ) 
    Source Clock Delay      (SCD):    -2.493ns
    Clock Pessimism Removal (CPR):    -0.507ns
  Clock Uncertainty:      0.148ns  ((TSJ^2 + DJ^2)^1/2) / 2 + PE
    Total System Jitter     (TSJ):    0.071ns
    Discrete Jitter          (DJ):    0.287ns
    Phase Error              (PE):    0.000ns

    Location             Delay type                Incr(ns)  Path(ns)    Netlist Resource(s)
  -------------------------------------------------------------------    -------------------
                         (clock clk_out1_clk_wiz_0 rise edge)
                                                      0.000     0.000 r  
    R4                                                0.000     0.000 r  clk (IN)
                         net (fo=0)                   0.000     0.000    clk_gen/inst/clk_in1
    R4                   IBUF (Prop_ibuf_I_O)         1.475     1.475 r  clk_gen/inst/clkin1_ibufg/O
                         net (fo=1, routed)           1.253     2.728    clk_gen/inst/clk_in1_clk_wiz_0
    PLLE2_ADV_X1Y2       PLLE2_ADV (Prop_plle2_adv_CLKIN1_CLKOUT0)
                                                     -8.953    -6.225 r  clk_gen/inst/plle2_adv_inst/CLKOUT0
                         net (fo=1, routed)           1.802    -4.422    clk_gen/inst/clk_out1_clk_wiz_0
    BUFGCTRL_X0Y0        BUFG (Prop_bufg_I_O)         0.096    -4.326 r  clk_gen/inst/clkout1_buf/O
                         net (fo=12193, routed)       1.833    -2.493    clk_cpu
    SLICE_X162Y148       FDPE                                         r  reset_sync_reg[2]/C
  -------------------------------------------------------------------    -------------------
    SLICE_X162Y148       FDPE (Prop_fdpe_C_Q)         0.478    -2.015 f  reset_sync_reg[2]/Q
                         net (fo=3752, routed)       17.697    15.682    rv64im72f_5sp/id_ex_register/Q[0]
    SLICE_X23Y48         FDCE                                         f  rv64im72f_5sp/id_ex_register/EX_csr_read_data_reg[36]/CLR
  -------------------------------------------------------------------    -------------------

                         (clock clk_out1_clk_wiz_0 rise edge)
                                                     27.027    27.027 r  
    R4                                                0.000    27.027 r  clk (IN)
                         net (fo=0)                   0.000    27.027    clk_gen/inst/clk_in1
    R4                   IBUF (Prop_ibuf_I_O)         1.405    28.432 r  clk_gen/inst/clkin1_ibufg/O
                         net (fo=1, routed)           1.181    29.613    clk_gen/inst/clk_in1_clk_wiz_0
    PLLE2_ADV_X1Y2       PLLE2_ADV (Prop_plle2_adv_CLKIN1_CLKOUT0)
                                                     -8.206    21.407 r  clk_gen/inst/plle2_adv_inst/CLKOUT0
                         net (fo=1, routed)           1.718    23.125    clk_gen/inst/clk_out1_clk_wiz_0
    BUFGCTRL_X0Y0        BUFG (Prop_bufg_I_O)         0.091    23.216 r  clk_gen/inst/clkout1_buf/O
                         net (fo=12193, routed)       1.993    25.209    rv64im72f_5sp/id_ex_register/clk_out1
    SLICE_X23Y48         FDCE                                         r  rv64im72f_5sp/id_ex_register/EX_csr_read_data_reg[36]/C
                         clock pessimism             -0.507    24.701    
                         clock uncertainty           -0.148    24.554    
    SLICE_X23Y48         FDCE (Recov_fdce_C_CLR)     -0.576    23.978    rv64im72f_5sp/id_ex_register/EX_csr_read_data_reg[36]
  -------------------------------------------------------------------
                         required time                         23.978    
                         arrival time                         -15.682    
  -------------------------------------------------------------------
                         slack                                  8.295    

Slack (MET) :             8.295ns  (required time - arrival time)
  Source:                 reset_sync_reg[2]/C
                            (rising edge-triggered cell FDPE clocked by clk_out1_clk_wiz_0  {rise@0.000ns fall@13.514ns period=27.027ns})
  Destination:            rv64im72f_5sp/id_ex_register/EX_read_data1_reg[60]/CLR
                            (recovery check against rising-edge clock clk_out1_clk_wiz_0  {rise@0.000ns fall@13.514ns period=27.027ns})
  Path Group:             **async_default**
  Path Type:              Recovery (Max at Slow Process Corner)
  Requirement:            27.027ns  (clk_out1_clk_wiz_0 rise@27.027ns - clk_out1_clk_wiz_0 rise@0.000ns)
  Data Path Delay:        18.175ns  (logic 0.478ns (2.630%)  route 17.697ns (97.370%))
  Logic Levels:           0  
  Clock Path Skew:        0.167ns (DCD - SCD + CPR)
    Destination Clock Delay (DCD):    -1.818ns = ( 25.209 - 27.027 ) 
    Source Clock Delay      (SCD):    -2.493ns
    Clock Pessimism Removal (CPR):    -0.507ns
  Clock Uncertainty:      0.148ns  ((TSJ^2 + DJ^2)^1/2) / 2 + PE
    Total System Jitter     (TSJ):    0.071ns
    Discrete Jitter          (DJ):    0.287ns
    Phase Error              (PE):    0.000ns

    Location             Delay type                Incr(ns)  Path(ns)    Netlist Resource(s)
  -------------------------------------------------------------------    -------------------
                         (clock clk_out1_clk_wiz_0 rise edge)
                                                      0.000     0.000 r  
    R4                                                0.000     0.000 r  clk (IN)
                         net (fo=0)                   0.000     0.000    clk_gen/inst/clk_in1
    R4                   IBUF (Prop_ibuf_I_O)         1.475     1.475 r  clk_gen/inst/clkin1_ibufg/O
                         net (fo=1, routed)           1.253     2.728    clk_gen/inst/clk_in1_clk_wiz_0
    PLLE2_ADV_X1Y2       PLLE2_ADV (Prop_plle2_adv_CLKIN1_CLKOUT0)
                                                     -8.953    -6.225 r  clk_gen/inst/plle2_adv_inst/CLKOUT0
                         net (fo=1, routed)           1.802    -4.422    clk_gen/inst/clk_out1_clk_wiz_0
    BUFGCTRL_X0Y0        BUFG (Prop_bufg_I_O)         0.096    -4.326 r  clk_gen/inst/clkout1_buf/O
                         net (fo=12193, routed)       1.833    -2.493    clk_cpu
    SLICE_X162Y148       FDPE                                         r  reset_sync_reg[2]/C
  -------------------------------------------------------------------    -------------------
    SLICE_X162Y148       FDPE (Prop_fdpe_C_Q)         0.478    -2.015 f  reset_sync_reg[2]/Q
                         net (fo=3752, routed)       17.697    15.682    rv64im72f_5sp/id_ex_register/Q[0]
    SLICE_X23Y48         FDCE                                         f  rv64im72f_5sp/id_ex_register/EX_read_data1_reg[60]/CLR
  -------------------------------------------------------------------    -------------------

                         (clock clk_out1_clk_wiz_0 rise edge)
                                                     27.027    27.027 r  
    R4                                                0.000    27.027 r  clk (IN)
                         net (fo=0)                   0.000    27.027    clk_gen/inst/clk_in1
    R4                   IBUF (Prop_ibuf_I_O)         1.405    28.432 r  clk_gen/inst/clkin1_ibufg/O
                         net (fo=1, routed)           1.181    29.613    clk_gen/inst/clk_in1_clk_wiz_0
    PLLE2_ADV_X1Y2       PLLE2_ADV (Prop_plle2_adv_CLKIN1_CLKOUT0)
                                                     -8.206    21.407 r  clk_gen/inst/plle2_adv_inst/CLKOUT0
                         net (fo=1, routed)           1.718    23.125    clk_gen/inst/clk_out1_clk_wiz_0
    BUFGCTRL_X0Y0        BUFG (Prop_bufg_I_O)         0.091    23.216 r  clk_gen/inst/clkout1_buf/O
                         net (fo=12193, routed)       1.993    25.209    rv64im72f_5sp/id_ex_register/clk_out1
    SLICE_X23Y48         FDCE                                         r  rv64im72f_5sp/id_ex_register/EX_read_data1_reg[60]/C
                         clock pessimism             -0.507    24.701    
                         clock uncertainty           -0.148    24.554    
    SLICE_X23Y48         FDCE (Recov_fdce_C_CLR)     -0.576    23.978    rv64im72f_5sp/id_ex_register/EX_read_data1_reg[60]
  -------------------------------------------------------------------
                         required time                         23.978    
                         arrival time                         -15.682    
  -------------------------------------------------------------------
                         slack                                  8.295    

Slack (MET) :             8.295ns  (required time - arrival time)
  Source:                 reset_sync_reg[2]/C
                            (rising edge-triggered cell FDPE clocked by clk_out1_clk_wiz_0  {rise@0.000ns fall@13.514ns period=27.027ns})
  Destination:            rv64im72f_5sp/id_ex_register/EX_read_data2_reg[61]/CLR
                            (recovery check against rising-edge clock clk_out1_clk_wiz_0  {rise@0.000ns fall@13.514ns period=27.027ns})
  Path Group:             **async_default**
  Path Type:              Recovery (Max at Slow Process Corner)
  Requirement:            27.027ns  (clk_out1_clk_wiz_0 rise@27.027ns - clk_out1_clk_wiz_0 rise@0.000ns)
  Data Path Delay:        18.175ns  (logic 0.478ns (2.630%)  route 17.697ns (97.370%))
  Logic Levels:           0  
  Clock Path Skew:        0.167ns (DCD - SCD + CPR)
    Destination Clock Delay (DCD):    -1.818ns = ( 25.209 - 27.027 ) 
    Source Clock Delay      (SCD):    -2.493ns
    Clock Pessimism Removal (CPR):    -0.507ns
  Clock Uncertainty:      0.148ns  ((TSJ^2 + DJ^2)^1/2) / 2 + PE
    Total System Jitter     (TSJ):    0.071ns
    Discrete Jitter          (DJ):    0.287ns
    Phase Error              (PE):    0.000ns

    Location             Delay type                Incr(ns)  Path(ns)    Netlist Resource(s)
  -------------------------------------------------------------------    -------------------
                         (clock clk_out1_clk_wiz_0 rise edge)
                                                      0.000     0.000 r  
    R4                                                0.000     0.000 r  clk (IN)
                         net (fo=0)                   0.000     0.000    clk_gen/inst/clk_in1
    R4                   IBUF (Prop_ibuf_I_O)         1.475     1.475 r  clk_gen/inst/clkin1_ibufg/O
                         net (fo=1, routed)           1.253     2.728    clk_gen/inst/clk_in1_clk_wiz_0
    PLLE2_ADV_X1Y2       PLLE2_ADV (Prop_plle2_adv_CLKIN1_CLKOUT0)
                                                     -8.953    -6.225 r  clk_gen/inst/plle2_adv_inst/CLKOUT0
                         net (fo=1, routed)           1.802    -4.422    clk_gen/inst/clk_out1_clk_wiz_0
    BUFGCTRL_X0Y0        BUFG (Prop_bufg_I_O)         0.096    -4.326 r  clk_gen/inst/clkout1_buf/O
                         net (fo=12193, routed)       1.833    -2.493    clk_cpu
    SLICE_X162Y148       FDPE                                         r  reset_sync_reg[2]/C
  -------------------------------------------------------------------    -------------------
    SLICE_X162Y148       FDPE (Prop_fdpe_C_Q)         0.478    -2.015 f  reset_sync_reg[2]/Q
                         net (fo=3752, routed)       17.697    15.682    rv64im72f_5sp/id_ex_register/Q[0]
    SLICE_X23Y48         FDCE                                         f  rv64im72f_5sp/id_ex_register/EX_read_data2_reg[61]/CLR
  -------------------------------------------------------------------    -------------------

                         (clock clk_out1_clk_wiz_0 rise edge)
                                                     27.027    27.027 r  
    R4                                                0.000    27.027 r  clk (IN)
                         net (fo=0)                   0.000    27.027    clk_gen/inst/clk_in1
    R4                   IBUF (Prop_ibuf_I_O)         1.405    28.432 r  clk_gen/inst/clkin1_ibufg/O
                         net (fo=1, routed)           1.181    29.613    clk_gen/inst/clk_in1_clk_wiz_0
    PLLE2_ADV_X1Y2       PLLE2_ADV (Prop_plle2_adv_CLKIN1_CLKOUT0)
                                                     -8.206    21.407 r  clk_gen/inst/plle2_adv_inst/CLKOUT0
                         net (fo=1, routed)           1.718    23.125    clk_gen/inst/clk_out1_clk_wiz_0
    BUFGCTRL_X0Y0        BUFG (Prop_bufg_I_O)         0.091    23.216 r  clk_gen/inst/clkout1_buf/O
                         net (fo=12193, routed)       1.993    25.209    rv64im72f_5sp/id_ex_register/clk_out1
    SLICE_X23Y48         FDCE                                         r  rv64im72f_5sp/id_ex_register/EX_read_data2_reg[61]/C
                         clock pessimism             -0.507    24.701    
                         clock uncertainty           -0.148    24.554    
    SLICE_X23Y48         FDCE (Recov_fdce_C_CLR)     -0.576    23.978    rv64im72f_5sp/id_ex_register/EX_read_data2_reg[61]
  -------------------------------------------------------------------
                         required time                         23.978    
                         arrival time                         -15.682    
  -------------------------------------------------------------------
                         slack                                  8.295    

Slack (MET) :             8.317ns  (required time - arrival time)
  Source:                 reset_sync_reg[2]/C
                            (rising edge-triggered cell FDPE clocked by clk_out1_clk_wiz_0  {rise@0.000ns fall@13.514ns period=27.027ns})
  Destination:            rv64im72f_5sp/ex_mem_register/MEM_alu_result_reg[7]_replica_18/CLR
                            (recovery check against rising-edge clock clk_out1_clk_wiz_0  {rise@0.000ns fall@13.514ns period=27.027ns})
  Path Group:             **async_default**
  Path Type:              Recovery (Max at Slow Process Corner)
  Requirement:            27.027ns  (clk_out1_clk_wiz_0 rise@27.027ns - clk_out1_clk_wiz_0 rise@0.000ns)
  Data Path Delay:        18.154ns  (logic 0.478ns (2.633%)  route 17.676ns (97.367%))
  Logic Levels:           0  
  Clock Path Skew:        0.168ns (DCD - SCD + CPR)
    Destination Clock Delay (DCD):    -1.817ns = ( 25.210 - 27.027 ) 
    Source Clock Delay      (SCD):    -2.493ns
    Clock Pessimism Removal (CPR):    -0.507ns
  Clock Uncertainty:      0.148ns  ((TSJ^2 + DJ^2)^1/2) / 2 + PE
    Total System Jitter     (TSJ):    0.071ns
    Discrete Jitter          (DJ):    0.287ns
    Phase Error              (PE):    0.000ns

    Location             Delay type                Incr(ns)  Path(ns)    Netlist Resource(s)
  -------------------------------------------------------------------    -------------------
                         (clock clk_out1_clk_wiz_0 rise edge)
                                                      0.000     0.000 r  
    R4                                                0.000     0.000 r  clk (IN)
                         net (fo=0)                   0.000     0.000    clk_gen/inst/clk_in1
    R4                   IBUF (Prop_ibuf_I_O)         1.475     1.475 r  clk_gen/inst/clkin1_ibufg/O
                         net (fo=1, routed)           1.253     2.728    clk_gen/inst/clk_in1_clk_wiz_0
    PLLE2_ADV_X1Y2       PLLE2_ADV (Prop_plle2_adv_CLKIN1_CLKOUT0)
                                                     -8.953    -6.225 r  clk_gen/inst/plle2_adv_inst/CLKOUT0
                         net (fo=1, routed)           1.802    -4.422    clk_gen/inst/clk_out1_clk_wiz_0
    BUFGCTRL_X0Y0        BUFG (Prop_bufg_I_O)         0.096    -4.326 r  clk_gen/inst/clkout1_buf/O
                         net (fo=12193, routed)       1.833    -2.493    clk_cpu
    SLICE_X162Y148       FDPE                                         r  reset_sync_reg[2]/C
  -------------------------------------------------------------------    -------------------
    SLICE_X162Y148       FDPE (Prop_fdpe_C_Q)         0.478    -2.015 f  reset_sync_reg[2]/Q
                         net (fo=3752, routed)       17.676    15.662    rv64im72f_5sp/ex_mem_register/Q[0]
    SLICE_X21Y47         FDCE                                         f  rv64im72f_5sp/ex_mem_register/MEM_alu_result_reg[7]_replica_18/CLR
  -------------------------------------------------------------------    -------------------

                         (clock clk_out1_clk_wiz_0 rise edge)
                                                     27.027    27.027 r  
    R4                                                0.000    27.027 r  clk (IN)
                         net (fo=0)                   0.000    27.027    clk_gen/inst/clk_in1
    R4                   IBUF (Prop_ibuf_I_O)         1.405    28.432 r  clk_gen/inst/clkin1_ibufg/O
                         net (fo=1, routed)           1.181    29.613    clk_gen/inst/clk_in1_clk_wiz_0
    PLLE2_ADV_X1Y2       PLLE2_ADV (Prop_plle2_adv_CLKIN1_CLKOUT0)
                                                     -8.206    21.407 r  clk_gen/inst/plle2_adv_inst/CLKOUT0
                         net (fo=1, routed)           1.718    23.125    clk_gen/inst/clk_out1_clk_wiz_0
    BUFGCTRL_X0Y0        BUFG (Prop_bufg_I_O)         0.091    23.216 r  clk_gen/inst/clkout1_buf/O
                         net (fo=12193, routed)       1.994    25.210    rv64im72f_5sp/ex_mem_register/clk_out1
    SLICE_X21Y47         FDCE                                         r  rv64im72f_5sp/ex_mem_register/MEM_alu_result_reg[7]_replica_18/C
                         clock pessimism             -0.507    24.702    
                         clock uncertainty           -0.148    24.555    
    SLICE_X21Y47         FDCE (Recov_fdce_C_CLR)     -0.576    23.979    rv64im72f_5sp/ex_mem_register/MEM_alu_result_reg[7]_replica_18
  -------------------------------------------------------------------
                         required time                         23.979    
                         arrival time                         -15.662    
  -------------------------------------------------------------------
                         slack                                  8.317    

Slack (MET) :             8.409ns  (required time - arrival time)
  Source:                 reset_sync_reg[2]/C
                            (rising edge-triggered cell FDPE clocked by clk_out1_clk_wiz_0  {rise@0.000ns fall@13.514ns period=27.027ns})
  Destination:            rv64im72f_5sp/id_ex_register/EX_read_data1_reg[18]/CLR
                            (recovery check against rising-edge clock clk_out1_clk_wiz_0  {rise@0.000ns fall@13.514ns period=27.027ns})
  Path Group:             **async_default**
  Path Type:              Recovery (Max at Slow Process Corner)
  Requirement:            27.027ns  (clk_out1_clk_wiz_0 rise@27.027ns - clk_out1_clk_wiz_0 rise@0.000ns)
  Data Path Delay:        18.062ns  (logic 0.478ns (2.646%)  route 17.584ns (97.354%))
  Logic Levels:           0  
  Clock Path Skew:        0.168ns (DCD - SCD + CPR)
    Destination Clock Delay (DCD):    -1.817ns = ( 25.210 - 27.027 ) 
    Source Clock Delay      (SCD):    -2.493ns
    Clock Pessimism Removal (CPR):    -0.507ns
  Clock Uncertainty:      0.148ns  ((TSJ^2 + DJ^2)^1/2) / 2 + PE
    Total System Jitter     (TSJ):    0.071ns
    Discrete Jitter          (DJ):    0.287ns
    Phase Error              (PE):    0.000ns

    Location             Delay type                Incr(ns)  Path(ns)    Netlist Resource(s)
  -------------------------------------------------------------------    -------------------
                         (clock clk_out1_clk_wiz_0 rise edge)
                                                      0.000     0.000 r  
    R4                                                0.000     0.000 r  clk (IN)
                         net (fo=0)                   0.000     0.000    clk_gen/inst/clk_in1
    R4                   IBUF (Prop_ibuf_I_O)         1.475     1.475 r  clk_gen/inst/clkin1_ibufg/O
                         net (fo=1, routed)           1.253     2.728    clk_gen/inst/clk_in1_clk_wiz_0
    PLLE2_ADV_X1Y2       PLLE2_ADV (Prop_plle2_adv_CLKIN1_CLKOUT0)
                                                     -8.953    -6.225 r  clk_gen/inst/plle2_adv_inst/CLKOUT0
                         net (fo=1, routed)           1.802    -4.422    clk_gen/inst/clk_out1_clk_wiz_0
    BUFGCTRL_X0Y0        BUFG (Prop_bufg_I_O)         0.096    -4.326 r  clk_gen/inst/clkout1_buf/O
                         net (fo=12193, routed)       1.833    -2.493    clk_cpu
    SLICE_X162Y148       FDPE                                         r  reset_sync_reg[2]/C
  -------------------------------------------------------------------    -------------------
    SLICE_X162Y148       FDPE (Prop_fdpe_C_Q)         0.478    -2.015 f  reset_sync_reg[2]/Q
                         net (fo=3752, routed)       17.584    15.569    rv64im72f_5sp/id_ex_register/Q[0]
    SLICE_X21Y48         FDCE                                         f  rv64im72f_5sp/id_ex_register/EX_read_data1_reg[18]/CLR
  -------------------------------------------------------------------    -------------------

                         (clock clk_out1_clk_wiz_0 rise edge)
                                                     27.027    27.027 r  
    R4                                                0.000    27.027 r  clk (IN)
                         net (fo=0)                   0.000    27.027    clk_gen/inst/clk_in1
    R4                   IBUF (Prop_ibuf_I_O)         1.405    28.432 r  clk_gen/inst/clkin1_ibufg/O
                         net (fo=1, routed)           1.181    29.613    clk_gen/inst/clk_in1_clk_wiz_0
    PLLE2_ADV_X1Y2       PLLE2_ADV (Prop_plle2_adv_CLKIN1_CLKOUT0)
                                                     -8.206    21.407 r  clk_gen/inst/plle2_adv_inst/CLKOUT0
                         net (fo=1, routed)           1.718    23.125    clk_gen/inst/clk_out1_clk_wiz_0
    BUFGCTRL_X0Y0        BUFG (Prop_bufg_I_O)         0.091    23.216 r  clk_gen/inst/clkout1_buf/O
                         net (fo=12193, routed)       1.994    25.210    rv64im72f_5sp/id_ex_register/clk_out1
    SLICE_X21Y48         FDCE                                         r  rv64im72f_5sp/id_ex_register/EX_read_data1_reg[18]/C
                         clock pessimism             -0.507    24.702    
                         clock uncertainty           -0.148    24.555    
    SLICE_X21Y48         FDCE (Recov_fdce_C_CLR)     -0.576    23.979    rv64im72f_5sp/id_ex_register/EX_read_data1_reg[18]
  -------------------------------------------------------------------
                         required time                         23.979    
                         arrival time                         -15.569    
  -------------------------------------------------------------------
                         slack                                  8.409    

Slack (MET) :             8.435ns  (required time - arrival time)
  Source:                 reset_sync_reg[2]/C
                            (rising edge-triggered cell FDPE clocked by clk_out1_clk_wiz_0  {rise@0.000ns fall@13.514ns period=27.027ns})
  Destination:            rv64im72f_5sp/id_ex_register/EX_read_data2_reg[37]/CLR
                            (recovery check against rising-edge clock clk_out1_clk_wiz_0  {rise@0.000ns fall@13.514ns period=27.027ns})
  Path Group:             **async_default**
  Path Type:              Recovery (Max at Slow Process Corner)
  Requirement:            27.027ns  (clk_out1_clk_wiz_0 rise@27.027ns - clk_out1_clk_wiz_0 rise@0.000ns)
  Data Path Delay:        17.862ns  (logic 0.478ns (2.676%)  route 17.384ns (97.324%))
  Logic Levels:           0  
  Clock Path Skew:        -0.006ns (DCD - SCD + CPR)
    Destination Clock Delay (DCD):    -1.992ns = ( 25.035 - 27.027 ) 
    Source Clock Delay      (SCD):    -2.493ns
    Clock Pessimism Removal (CPR):    -0.507ns
  Clock Uncertainty:      0.148ns  ((TSJ^2 + DJ^2)^1/2) / 2 + PE
    Total System Jitter     (TSJ):    0.071ns
    Discrete Jitter          (DJ):    0.287ns
    Phase Error              (PE):    0.000ns

    Location             Delay type                Incr(ns)  Path(ns)    Netlist Resource(s)
  -------------------------------------------------------------------    -------------------
                         (clock clk_out1_clk_wiz_0 rise edge)
                                                      0.000     0.000 r  
    R4                                                0.000     0.000 r  clk (IN)
                         net (fo=0)                   0.000     0.000    clk_gen/inst/clk_in1
    R4                   IBUF (Prop_ibuf_I_O)         1.475     1.475 r  clk_gen/inst/clkin1_ibufg/O
                         net (fo=1, routed)           1.253     2.728    clk_gen/inst/clk_in1_clk_wiz_0
    PLLE2_ADV_X1Y2       PLLE2_ADV (Prop_plle2_adv_CLKIN1_CLKOUT0)
                                                     -8.953    -6.225 r  clk_gen/inst/plle2_adv_inst/CLKOUT0
                         net (fo=1, routed)           1.802    -4.422    clk_gen/inst/clk_out1_clk_wiz_0
    BUFGCTRL_X0Y0        BUFG (Prop_bufg_I_O)         0.096    -4.326 r  clk_gen/inst/clkout1_buf/O
                         net (fo=12193, routed)       1.833    -2.493    clk_cpu
    SLICE_X162Y148       FDPE                                         r  reset_sync_reg[2]/C
  -------------------------------------------------------------------    -------------------
    SLICE_X162Y148       FDPE (Prop_fdpe_C_Q)         0.478    -2.015 f  reset_sync_reg[2]/Q
                         net (fo=3752, routed)       17.384    15.369    rv64im72f_5sp/id_ex_register/Q[0]
    SLICE_X19Y50         FDCE                                         f  rv64im72f_5sp/id_ex_register/EX_read_data2_reg[37]/CLR
  -------------------------------------------------------------------    -------------------

                         (clock clk_out1_clk_wiz_0 rise edge)
                                                     27.027    27.027 r  
    R4                                                0.000    27.027 r  clk (IN)
                         net (fo=0)                   0.000    27.027    clk_gen/inst/clk_in1
    R4                   IBUF (Prop_ibuf_I_O)         1.405    28.432 r  clk_gen/inst/clkin1_ibufg/O
                         net (fo=1, routed)           1.181    29.613    clk_gen/inst/clk_in1_clk_wiz_0
    PLLE2_ADV_X1Y2       PLLE2_ADV (Prop_plle2_adv_CLKIN1_CLKOUT0)
                                                     -8.206    21.407 r  clk_gen/inst/plle2_adv_inst/CLKOUT0
                         net (fo=1, routed)           1.718    23.125    clk_gen/inst/clk_out1_clk_wiz_0
    BUFGCTRL_X0Y0        BUFG (Prop_bufg_I_O)         0.091    23.216 r  clk_gen/inst/clkout1_buf/O
                         net (fo=12193, routed)       1.819    25.035    rv64im72f_5sp/id_ex_register/clk_out1
    SLICE_X19Y50         FDCE                                         r  rv64im72f_5sp/id_ex_register/EX_read_data2_reg[37]/C
                         clock pessimism             -0.507    24.528    
                         clock uncertainty           -0.148    24.380    
    SLICE_X19Y50         FDCE (Recov_fdce_C_CLR)     -0.576    23.804    rv64im72f_5sp/id_ex_register/EX_read_data2_reg[37]
  -------------------------------------------------------------------
                         required time                         23.804    
                         arrival time                         -15.369    
  -------------------------------------------------------------------
                         slack                                  8.435    

Slack (MET) :             8.448ns  (required time - arrival time)
  Source:                 reset_sync_reg[2]/C
                            (rising edge-triggered cell FDPE clocked by clk_out1_clk_wiz_0  {rise@0.000ns fall@13.514ns period=27.027ns})
  Destination:            rv64im72f_5sp/id_ex_register/EX_read_data1_reg[26]/CLR
                            (recovery check against rising-edge clock clk_out1_clk_wiz_0  {rise@0.000ns fall@13.514ns period=27.027ns})
  Path Group:             **async_default**
  Path Type:              Recovery (Max at Slow Process Corner)
  Requirement:            27.027ns  (clk_out1_clk_wiz_0 rise@27.027ns - clk_out1_clk_wiz_0 rise@0.000ns)
  Data Path Delay:        18.023ns  (logic 0.478ns (2.652%)  route 17.545ns (97.348%))
  Logic Levels:           0  
  Clock Path Skew:        0.168ns (DCD - SCD + CPR)
    Destination Clock Delay (DCD):    -1.817ns = ( 25.210 - 27.027 ) 
    Source Clock Delay      (SCD):    -2.493ns
    Clock Pessimism Removal (CPR):    -0.507ns
  Clock Uncertainty:      0.148ns  ((TSJ^2 + DJ^2)^1/2) / 2 + PE
    Total System Jitter     (TSJ):    0.071ns
    Discrete Jitter          (DJ):    0.287ns
    Phase Error              (PE):    0.000ns

    Location             Delay type                Incr(ns)  Path(ns)    Netlist Resource(s)
  -------------------------------------------------------------------    -------------------
                         (clock clk_out1_clk_wiz_0 rise edge)
                                                      0.000     0.000 r  
    R4                                                0.000     0.000 r  clk (IN)
                         net (fo=0)                   0.000     0.000    clk_gen/inst/clk_in1
    R4                   IBUF (Prop_ibuf_I_O)         1.475     1.475 r  clk_gen/inst/clkin1_ibufg/O
                         net (fo=1, routed)           1.253     2.728    clk_gen/inst/clk_in1_clk_wiz_0
    PLLE2_ADV_X1Y2       PLLE2_ADV (Prop_plle2_adv_CLKIN1_CLKOUT0)
                                                     -8.953    -6.225 r  clk_gen/inst/plle2_adv_inst/CLKOUT0
                         net (fo=1, routed)           1.802    -4.422    clk_gen/inst/clk_out1_clk_wiz_0
    BUFGCTRL_X0Y0        BUFG (Prop_bufg_I_O)         0.096    -4.326 r  clk_gen/inst/clkout1_buf/O
                         net (fo=12193, routed)       1.833    -2.493    clk_cpu
    SLICE_X162Y148       FDPE                                         r  reset_sync_reg[2]/C
  -------------------------------------------------------------------    -------------------
    SLICE_X162Y148       FDPE (Prop_fdpe_C_Q)         0.478    -2.015 f  reset_sync_reg[2]/Q
                         net (fo=3752, routed)       17.545    15.530    rv64im72f_5sp/id_ex_register/Q[0]
    SLICE_X21Y49         FDCE                                         f  rv64im72f_5sp/id_ex_register/EX_read_data1_reg[26]/CLR
  -------------------------------------------------------------------    -------------------

                         (clock clk_out1_clk_wiz_0 rise edge)
                                                     27.027    27.027 r  
    R4                                                0.000    27.027 r  clk (IN)
                         net (fo=0)                   0.000    27.027    clk_gen/inst/clk_in1
    R4                   IBUF (Prop_ibuf_I_O)         1.405    28.432 r  clk_gen/inst/clkin1_ibufg/O
                         net (fo=1, routed)           1.181    29.613    clk_gen/inst/clk_in1_clk_wiz_0
    PLLE2_ADV_X1Y2       PLLE2_ADV (Prop_plle2_adv_CLKIN1_CLKOUT0)
                                                     -8.206    21.407 r  clk_gen/inst/plle2_adv_inst/CLKOUT0
                         net (fo=1, routed)           1.718    23.125    clk_gen/inst/clk_out1_clk_wiz_0
    BUFGCTRL_X0Y0        BUFG (Prop_bufg_I_O)         0.091    23.216 r  clk_gen/inst/clkout1_buf/O
                         net (fo=12193, routed)       1.994    25.210    rv64im72f_5sp/id_ex_register/clk_out1
    SLICE_X21Y49         FDCE                                         r  rv64im72f_5sp/id_ex_register/EX_read_data1_reg[26]/C
                         clock pessimism             -0.507    24.702    
                         clock uncertainty           -0.148    24.555    
    SLICE_X21Y49         FDCE (Recov_fdce_C_CLR)     -0.576    23.979    rv64im72f_5sp/id_ex_register/EX_read_data1_reg[26]
  -------------------------------------------------------------------
                         required time                         23.979    
                         arrival time                         -15.530    
  -------------------------------------------------------------------
                         slack                                  8.448    





Min Delay Paths
--------------------------------------------------------------------------------------
Slack (MET) :             1.817ns  (arrival time - required time)
  Source:                 reset_sync_reg[2]/C
                            (rising edge-triggered cell FDPE clocked by clk_out1_clk_wiz_0  {rise@0.000ns fall@13.514ns period=27.027ns})
  Destination:            rv64im72f_5sp/ex_mem_register/MEM_alu_result_reg[12]_rep__9/CLR
                            (removal check against rising-edge clock clk_out1_clk_wiz_0  {rise@0.000ns fall@13.514ns period=27.027ns})
  Path Group:             **async_default**
  Path Type:              Removal (Min at Fast Process Corner)
  Requirement:            0.000ns  (clk_out1_clk_wiz_0 rise@0.000ns - clk_out1_clk_wiz_0 rise@0.000ns)
  Data Path Delay:        1.940ns  (logic 0.148ns (7.630%)  route 1.792ns (92.370%))
  Logic Levels:           0  
  Clock Path Skew:        0.268ns (DCD - SCD - CPR)
    Destination Clock Delay (DCD):    -0.371ns
    Source Clock Delay      (SCD):    -0.599ns
    Clock Pessimism Removal (CPR):    -0.040ns

    Location             Delay type                Incr(ns)  Path(ns)    Netlist Resource(s)
  -------------------------------------------------------------------    -------------------
                         (clock clk_out1_clk_wiz_0 rise edge)
                                                      0.000     0.000 r  
    R4                                                0.000     0.000 r  clk (IN)
                         net (fo=0)                   0.000     0.000    clk_gen/inst/clk_in1
    R4                   IBUF (Prop_ibuf_I_O)         0.243     0.243 r  clk_gen/inst/clkin1_ibufg/O
                         net (fo=1, routed)           0.440     0.683    clk_gen/inst/clk_in1_clk_wiz_0
    PLLE2_ADV_X1Y2       PLLE2_ADV (Prop_plle2_adv_CLKIN1_CLKOUT0)
                                                     -2.503    -1.819 r  clk_gen/inst/plle2_adv_inst/CLKOUT0
                         net (fo=1, routed)           0.546    -1.273    clk_gen/inst/clk_out1_clk_wiz_0
    BUFGCTRL_X0Y0        BUFG (Prop_bufg_I_O)         0.026    -1.247 r  clk_gen/inst/clkout1_buf/O
                         net (fo=12193, routed)       0.649    -0.599    clk_cpu
    SLICE_X162Y148       FDPE                                         r  reset_sync_reg[2]/C
  -------------------------------------------------------------------    -------------------
    SLICE_X162Y148       FDPE (Prop_fdpe_C_Q)         0.148    -0.451 f  reset_sync_reg[2]/Q
                         net (fo=3752, routed)        1.792     1.341    rv64im72f_5sp/ex_mem_register/Q[0]
    SLICE_X63Y53         FDCE                                         f  rv64im72f_5sp/ex_mem_register/MEM_alu_result_reg[12]_rep__9/CLR
  -------------------------------------------------------------------    -------------------

                         (clock clk_out1_clk_wiz_0 rise edge)
                                                      0.000     0.000 r  
    R4                                                0.000     0.000 r  clk (IN)
                         net (fo=0)                   0.000     0.000    clk_gen/inst/clk_in1
    R4                   IBUF (Prop_ibuf_I_O)         0.431     0.431 r  clk_gen/inst/clkin1_ibufg/O
                         net (fo=1, routed)           0.481     0.912    clk_gen/inst/clk_in1_clk_wiz_0
    PLLE2_ADV_X1Y2       PLLE2_ADV (Prop_plle2_adv_CLKIN1_CLKOUT0)
                                                     -2.828    -1.916 r  clk_gen/inst/plle2_adv_inst/CLKOUT0
                         net (fo=1, routed)           0.595    -1.322    clk_gen/inst/clk_out1_clk_wiz_0
    BUFGCTRL_X0Y0        BUFG (Prop_bufg_I_O)         0.029    -1.293 r  clk_gen/inst/clkout1_buf/O
                         net (fo=12193, routed)       0.922    -0.371    rv64im72f_5sp/ex_mem_register/clk_out1
    SLICE_X63Y53         FDCE                                         r  rv64im72f_5sp/ex_mem_register/MEM_alu_result_reg[12]_rep__9/C
                         clock pessimism              0.040    -0.331    
    SLICE_X63Y53         FDCE (Remov_fdce_C_CLR)     -0.145    -0.476    rv64im72f_5sp/ex_mem_register/MEM_alu_result_reg[12]_rep__9
  -------------------------------------------------------------------
                         required time                          0.476    
                         arrival time                           1.341    
  -------------------------------------------------------------------
                         slack                                  1.817    

Slack (MET) :             1.870ns  (arrival time - required time)
  Source:                 reset_sync_reg[2]/C
                            (rising edge-triggered cell FDPE clocked by clk_out1_clk_wiz_0  {rise@0.000ns fall@13.514ns period=27.027ns})
  Destination:            rv64im72f_5sp/ex_mem_register/MEM_alu_result_reg[5]_replica_9/CLR
                            (removal check against rising-edge clock clk_out1_clk_wiz_0  {rise@0.000ns fall@13.514ns period=27.027ns})
  Path Group:             **async_default**
  Path Type:              Removal (Min at Fast Process Corner)
  Requirement:            0.000ns  (clk_out1_clk_wiz_0 rise@0.000ns - clk_out1_clk_wiz_0 rise@0.000ns)
  Data Path Delay:        1.993ns  (logic 0.148ns (7.426%)  route 1.845ns (92.574%))
  Logic Levels:           0  
  Clock Path Skew:        0.268ns (DCD - SCD - CPR)
    Destination Clock Delay (DCD):    -0.371ns
    Source Clock Delay      (SCD):    -0.599ns
    Clock Pessimism Removal (CPR):    -0.040ns

    Location             Delay type                Incr(ns)  Path(ns)    Netlist Resource(s)
  -------------------------------------------------------------------    -------------------
                         (clock clk_out1_clk_wiz_0 rise edge)
                                                      0.000     0.000 r  
    R4                                                0.000     0.000 r  clk (IN)
                         net (fo=0)                   0.000     0.000    clk_gen/inst/clk_in1
    R4                   IBUF (Prop_ibuf_I_O)         0.243     0.243 r  clk_gen/inst/clkin1_ibufg/O
                         net (fo=1, routed)           0.440     0.683    clk_gen/inst/clk_in1_clk_wiz_0
    PLLE2_ADV_X1Y2       PLLE2_ADV (Prop_plle2_adv_CLKIN1_CLKOUT0)
                                                     -2.503    -1.819 r  clk_gen/inst/plle2_adv_inst/CLKOUT0
                         net (fo=1, routed)           0.546    -1.273    clk_gen/inst/clk_out1_clk_wiz_0
    BUFGCTRL_X0Y0        BUFG (Prop_bufg_I_O)         0.026    -1.247 r  clk_gen/inst/clkout1_buf/O
                         net (fo=12193, routed)       0.649    -0.599    clk_cpu
    SLICE_X162Y148       FDPE                                         r  reset_sync_reg[2]/C
  -------------------------------------------------------------------    -------------------
    SLICE_X162Y148       FDPE (Prop_fdpe_C_Q)         0.148    -0.451 f  reset_sync_reg[2]/Q
                         net (fo=3752, routed)        1.845     1.394    rv64im72f_5sp/ex_mem_register/Q[0]
    SLICE_X63Y54         FDCE                                         f  rv64im72f_5sp/ex_mem_register/MEM_alu_result_reg[5]_replica_9/CLR
  -------------------------------------------------------------------    -------------------

                         (clock clk_out1_clk_wiz_0 rise edge)
                                                      0.000     0.000 r  
    R4                                                0.000     0.000 r  clk (IN)
                         net (fo=0)                   0.000     0.000    clk_gen/inst/clk_in1
    R4                   IBUF (Prop_ibuf_I_O)         0.431     0.431 r  clk_gen/inst/clkin1_ibufg/O
                         net (fo=1, routed)           0.481     0.912    clk_gen/inst/clk_in1_clk_wiz_0
    PLLE2_ADV_X1Y2       PLLE2_ADV (Prop_plle2_adv_CLKIN1_CLKOUT0)
                                                     -2.828    -1.916 r  clk_gen/inst/plle2_adv_inst/CLKOUT0
                         net (fo=1, routed)           0.595    -1.322    clk_gen/inst/clk_out1_clk_wiz_0
    BUFGCTRL_X0Y0        BUFG (Prop_bufg_I_O)         0.029    -1.293 r  clk_gen/inst/clkout1_buf/O
                         net (fo=12193, routed)       0.922    -0.371    rv64im72f_5sp/ex_mem_register/clk_out1
    SLICE_X63Y54         FDCE                                         r  rv64im72f_5sp/ex_mem_register/MEM_alu_result_reg[5]_replica_9/C
                         clock pessimism              0.040    -0.331    
    SLICE_X63Y54         FDCE (Remov_fdce_C_CLR)     -0.145    -0.476    rv64im72f_5sp/ex_mem_register/MEM_alu_result_reg[5]_replica_9
  -------------------------------------------------------------------
                         required time                          0.476    
                         arrival time                           1.394    
  -------------------------------------------------------------------
                         slack                                  1.870    

Slack (MET) :             1.896ns  (arrival time - required time)
  Source:                 reset_sync_reg[2]/C
                            (rising edge-triggered cell FDPE clocked by clk_out1_clk_wiz_0  {rise@0.000ns fall@13.514ns period=27.027ns})
  Destination:            rv64im72f_5sp/ex_mem_register/MEM_alu_result_reg[9]_replica_9/CLR
                            (removal check against rising-edge clock clk_out1_clk_wiz_0  {rise@0.000ns fall@13.514ns period=27.027ns})
  Path Group:             **async_default**
  Path Type:              Removal (Min at Fast Process Corner)
  Requirement:            0.000ns  (clk_out1_clk_wiz_0 rise@0.000ns - clk_out1_clk_wiz_0 rise@0.000ns)
  Data Path Delay:        2.023ns  (logic 0.148ns (7.315%)  route 1.875ns (92.685%))
  Logic Levels:           0  
  Clock Path Skew:        0.272ns (DCD - SCD - CPR)
    Destination Clock Delay (DCD):    -0.367ns
    Source Clock Delay      (SCD):    -0.599ns
    Clock Pessimism Removal (CPR):    -0.040ns

    Location             Delay type                Incr(ns)  Path(ns)    Netlist Resource(s)
  -------------------------------------------------------------------    -------------------
                         (clock clk_out1_clk_wiz_0 rise edge)
                                                      0.000     0.000 r  
    R4                                                0.000     0.000 r  clk (IN)
                         net (fo=0)                   0.000     0.000    clk_gen/inst/clk_in1
    R4                   IBUF (Prop_ibuf_I_O)         0.243     0.243 r  clk_gen/inst/clkin1_ibufg/O
                         net (fo=1, routed)           0.440     0.683    clk_gen/inst/clk_in1_clk_wiz_0
    PLLE2_ADV_X1Y2       PLLE2_ADV (Prop_plle2_adv_CLKIN1_CLKOUT0)
                                                     -2.503    -1.819 r  clk_gen/inst/plle2_adv_inst/CLKOUT0
                         net (fo=1, routed)           0.546    -1.273    clk_gen/inst/clk_out1_clk_wiz_0
    BUFGCTRL_X0Y0        BUFG (Prop_bufg_I_O)         0.026    -1.247 r  clk_gen/inst/clkout1_buf/O
                         net (fo=12193, routed)       0.649    -0.599    clk_cpu
    SLICE_X162Y148       FDPE                                         r  reset_sync_reg[2]/C
  -------------------------------------------------------------------    -------------------
    SLICE_X162Y148       FDPE (Prop_fdpe_C_Q)         0.148    -0.451 f  reset_sync_reg[2]/Q
                         net (fo=3752, routed)        1.875     1.424    rv64im72f_5sp/ex_mem_register/Q[0]
    SLICE_X57Y54         FDCE                                         f  rv64im72f_5sp/ex_mem_register/MEM_alu_result_reg[9]_replica_9/CLR
  -------------------------------------------------------------------    -------------------

                         (clock clk_out1_clk_wiz_0 rise edge)
                                                      0.000     0.000 r  
    R4                                                0.000     0.000 r  clk (IN)
                         net (fo=0)                   0.000     0.000    clk_gen/inst/clk_in1
    R4                   IBUF (Prop_ibuf_I_O)         0.431     0.431 r  clk_gen/inst/clkin1_ibufg/O
                         net (fo=1, routed)           0.481     0.912    clk_gen/inst/clk_in1_clk_wiz_0
    PLLE2_ADV_X1Y2       PLLE2_ADV (Prop_plle2_adv_CLKIN1_CLKOUT0)
                                                     -2.828    -1.916 r  clk_gen/inst/plle2_adv_inst/CLKOUT0
                         net (fo=1, routed)           0.595    -1.322    clk_gen/inst/clk_out1_clk_wiz_0
    BUFGCTRL_X0Y0        BUFG (Prop_bufg_I_O)         0.029    -1.293 r  clk_gen/inst/clkout1_buf/O
                         net (fo=12193, routed)       0.926    -0.367    rv64im72f_5sp/ex_mem_register/clk_out1
    SLICE_X57Y54         FDCE                                         r  rv64im72f_5sp/ex_mem_register/MEM_alu_result_reg[9]_replica_9/C
                         clock pessimism              0.040    -0.327    
    SLICE_X57Y54         FDCE (Remov_fdce_C_CLR)     -0.145    -0.472    rv64im72f_5sp/ex_mem_register/MEM_alu_result_reg[9]_replica_9
  -------------------------------------------------------------------
                         required time                          0.472    
                         arrival time                           1.424    
  -------------------------------------------------------------------
                         slack                                  1.896    

Slack (MET) :             1.896ns  (arrival time - required time)
  Source:                 reset_sync_reg[2]/C
                            (rising edge-triggered cell FDPE clocked by clk_out1_clk_wiz_0  {rise@0.000ns fall@13.514ns period=27.027ns})
  Destination:            rv64im72f_5sp/ex_mem_register/MEM_register_file_write_data_select_reg[0]/CLR
                            (removal check against rising-edge clock clk_out1_clk_wiz_0  {rise@0.000ns fall@13.514ns period=27.027ns})
  Path Group:             **async_default**
  Path Type:              Removal (Min at Fast Process Corner)
  Requirement:            0.000ns  (clk_out1_clk_wiz_0 rise@0.000ns - clk_out1_clk_wiz_0 rise@0.000ns)
  Data Path Delay:        2.023ns  (logic 0.148ns (7.315%)  route 1.875ns (92.685%))
  Logic Levels:           0  
  Clock Path Skew:        0.272ns (DCD - SCD - CPR)
    Destination Clock Delay (DCD):    -0.367ns
    Source Clock Delay      (SCD):    -0.599ns
    Clock Pessimism Removal (CPR):    -0.040ns

    Location             Delay type                Incr(ns)  Path(ns)    Netlist Resource(s)
  -------------------------------------------------------------------    -------------------
                         (clock clk_out1_clk_wiz_0 rise edge)
                                                      0.000     0.000 r  
    R4                                                0.000     0.000 r  clk (IN)
                         net (fo=0)                   0.000     0.000    clk_gen/inst/clk_in1
    R4                   IBUF (Prop_ibuf_I_O)         0.243     0.243 r  clk_gen/inst/clkin1_ibufg/O
                         net (fo=1, routed)           0.440     0.683    clk_gen/inst/clk_in1_clk_wiz_0
    PLLE2_ADV_X1Y2       PLLE2_ADV (Prop_plle2_adv_CLKIN1_CLKOUT0)
                                                     -2.503    -1.819 r  clk_gen/inst/plle2_adv_inst/CLKOUT0
                         net (fo=1, routed)           0.546    -1.273    clk_gen/inst/clk_out1_clk_wiz_0
    BUFGCTRL_X0Y0        BUFG (Prop_bufg_I_O)         0.026    -1.247 r  clk_gen/inst/clkout1_buf/O
                         net (fo=12193, routed)       0.649    -0.599    clk_cpu
    SLICE_X162Y148       FDPE                                         r  reset_sync_reg[2]/C
  -------------------------------------------------------------------    -------------------
    SLICE_X162Y148       FDPE (Prop_fdpe_C_Q)         0.148    -0.451 f  reset_sync_reg[2]/Q
                         net (fo=3752, routed)        1.875     1.424    rv64im72f_5sp/ex_mem_register/Q[0]
    SLICE_X57Y54         FDCE                                         f  rv64im72f_5sp/ex_mem_register/MEM_register_file_write_data_select_reg[0]/CLR
  -------------------------------------------------------------------    -------------------

                         (clock clk_out1_clk_wiz_0 rise edge)
                                                      0.000     0.000 r  
    R4                                                0.000     0.000 r  clk (IN)
                         net (fo=0)                   0.000     0.000    clk_gen/inst/clk_in1
    R4                   IBUF (Prop_ibuf_I_O)         0.431     0.431 r  clk_gen/inst/clkin1_ibufg/O
                         net (fo=1, routed)           0.481     0.912    clk_gen/inst/clk_in1_clk_wiz_0
    PLLE2_ADV_X1Y2       PLLE2_ADV (Prop_plle2_adv_CLKIN1_CLKOUT0)
                                                     -2.828    -1.916 r  clk_gen/inst/plle2_adv_inst/CLKOUT0
                         net (fo=1, routed)           0.595    -1.322    clk_gen/inst/clk_out1_clk_wiz_0
    BUFGCTRL_X0Y0        BUFG (Prop_bufg_I_O)         0.029    -1.293 r  clk_gen/inst/clkout1_buf/O
                         net (fo=12193, routed)       0.926    -0.367    rv64im72f_5sp/ex_mem_register/clk_out1
    SLICE_X57Y54         FDCE                                         r  rv64im72f_5sp/ex_mem_register/MEM_register_file_write_data_select_reg[0]/C
                         clock pessimism              0.040    -0.327    
    SLICE_X57Y54         FDCE (Remov_fdce_C_CLR)     -0.145    -0.472    rv64im72f_5sp/ex_mem_register/MEM_register_file_write_data_select_reg[0]
  -------------------------------------------------------------------
                         required time                          0.472    
                         arrival time                           1.424    
  -------------------------------------------------------------------
                         slack                                  1.896    

Slack (MET) :             1.896ns  (arrival time - required time)
  Source:                 reset_sync_reg[2]/C
                            (rising edge-triggered cell FDPE clocked by clk_out1_clk_wiz_0  {rise@0.000ns fall@13.514ns period=27.027ns})
  Destination:            rv64im72f_5sp/ex_mem_register/MEM_register_file_write_data_select_reg[1]/CLR
                            (removal check against rising-edge clock clk_out1_clk_wiz_0  {rise@0.000ns fall@13.514ns period=27.027ns})
  Path Group:             **async_default**
  Path Type:              Removal (Min at Fast Process Corner)
  Requirement:            0.000ns  (clk_out1_clk_wiz_0 rise@0.000ns - clk_out1_clk_wiz_0 rise@0.000ns)
  Data Path Delay:        2.023ns  (logic 0.148ns (7.315%)  route 1.875ns (92.685%))
  Logic Levels:           0  
  Clock Path Skew:        0.272ns (DCD - SCD - CPR)
    Destination Clock Delay (DCD):    -0.367ns
    Source Clock Delay      (SCD):    -0.599ns
    Clock Pessimism Removal (CPR):    -0.040ns

    Location             Delay type                Incr(ns)  Path(ns)    Netlist Resource(s)
  -------------------------------------------------------------------    -------------------
                         (clock clk_out1_clk_wiz_0 rise edge)
                                                      0.000     0.000 r  
    R4                                                0.000     0.000 r  clk (IN)
                         net (fo=0)                   0.000     0.000    clk_gen/inst/clk_in1
    R4                   IBUF (Prop_ibuf_I_O)         0.243     0.243 r  clk_gen/inst/clkin1_ibufg/O
                         net (fo=1, routed)           0.440     0.683    clk_gen/inst/clk_in1_clk_wiz_0
    PLLE2_ADV_X1Y2       PLLE2_ADV (Prop_plle2_adv_CLKIN1_CLKOUT0)
                                                     -2.503    -1.819 r  clk_gen/inst/plle2_adv_inst/CLKOUT0
                         net (fo=1, routed)           0.546    -1.273    clk_gen/inst/clk_out1_clk_wiz_0
    BUFGCTRL_X0Y0        BUFG (Prop_bufg_I_O)         0.026    -1.247 r  clk_gen/inst/clkout1_buf/O
                         net (fo=12193, routed)       0.649    -0.599    clk_cpu
    SLICE_X162Y148       FDPE                                         r  reset_sync_reg[2]/C
  -------------------------------------------------------------------    -------------------
    SLICE_X162Y148       FDPE (Prop_fdpe_C_Q)         0.148    -0.451 f  reset_sync_reg[2]/Q
                         net (fo=3752, routed)        1.875     1.424    rv64im72f_5sp/ex_mem_register/Q[0]
    SLICE_X57Y54         FDCE                                         f  rv64im72f_5sp/ex_mem_register/MEM_register_file_write_data_select_reg[1]/CLR
  -------------------------------------------------------------------    -------------------

                         (clock clk_out1_clk_wiz_0 rise edge)
                                                      0.000     0.000 r  
    R4                                                0.000     0.000 r  clk (IN)
                         net (fo=0)                   0.000     0.000    clk_gen/inst/clk_in1
    R4                   IBUF (Prop_ibuf_I_O)         0.431     0.431 r  clk_gen/inst/clkin1_ibufg/O
                         net (fo=1, routed)           0.481     0.912    clk_gen/inst/clk_in1_clk_wiz_0
    PLLE2_ADV_X1Y2       PLLE2_ADV (Prop_plle2_adv_CLKIN1_CLKOUT0)
                                                     -2.828    -1.916 r  clk_gen/inst/plle2_adv_inst/CLKOUT0
                         net (fo=1, routed)           0.595    -1.322    clk_gen/inst/clk_out1_clk_wiz_0
    BUFGCTRL_X0Y0        BUFG (Prop_bufg_I_O)         0.029    -1.293 r  clk_gen/inst/clkout1_buf/O
                         net (fo=12193, routed)       0.926    -0.367    rv64im72f_5sp/ex_mem_register/clk_out1
    SLICE_X57Y54         FDCE                                         r  rv64im72f_5sp/ex_mem_register/MEM_register_file_write_data_select_reg[1]/C
                         clock pessimism              0.040    -0.327    
    SLICE_X57Y54         FDCE (Remov_fdce_C_CLR)     -0.145    -0.472    rv64im72f_5sp/ex_mem_register/MEM_register_file_write_data_select_reg[1]
  -------------------------------------------------------------------
                         required time                          0.472    
                         arrival time                           1.424    
  -------------------------------------------------------------------
                         slack                                  1.896    

Slack (MET) :             1.896ns  (arrival time - required time)
  Source:                 reset_sync_reg[2]/C
                            (rising edge-triggered cell FDPE clocked by clk_out1_clk_wiz_0  {rise@0.000ns fall@13.514ns period=27.027ns})
  Destination:            rv64im72f_5sp/mem_wb_register/WB_register_file_write_data_select_reg[0]/CLR
                            (removal check against rising-edge clock clk_out1_clk_wiz_0  {rise@0.000ns fall@13.514ns period=27.027ns})
  Path Group:             **async_default**
  Path Type:              Removal (Min at Fast Process Corner)
  Requirement:            0.000ns  (clk_out1_clk_wiz_0 rise@0.000ns - clk_out1_clk_wiz_0 rise@0.000ns)
  Data Path Delay:        2.023ns  (logic 0.148ns (7.315%)  route 1.875ns (92.685%))
  Logic Levels:           0  
  Clock Path Skew:        0.272ns (DCD - SCD - CPR)
    Destination Clock Delay (DCD):    -0.367ns
    Source Clock Delay      (SCD):    -0.599ns
    Clock Pessimism Removal (CPR):    -0.040ns

    Location             Delay type                Incr(ns)  Path(ns)    Netlist Resource(s)
  -------------------------------------------------------------------    -------------------
                         (clock clk_out1_clk_wiz_0 rise edge)
                                                      0.000     0.000 r  
    R4                                                0.000     0.000 r  clk (IN)
                         net (fo=0)                   0.000     0.000    clk_gen/inst/clk_in1
    R4                   IBUF (Prop_ibuf_I_O)         0.243     0.243 r  clk_gen/inst/clkin1_ibufg/O
                         net (fo=1, routed)           0.440     0.683    clk_gen/inst/clk_in1_clk_wiz_0
    PLLE2_ADV_X1Y2       PLLE2_ADV (Prop_plle2_adv_CLKIN1_CLKOUT0)
                                                     -2.503    -1.819 r  clk_gen/inst/plle2_adv_inst/CLKOUT0
                         net (fo=1, routed)           0.546    -1.273    clk_gen/inst/clk_out1_clk_wiz_0
    BUFGCTRL_X0Y0        BUFG (Prop_bufg_I_O)         0.026    -1.247 r  clk_gen/inst/clkout1_buf/O
                         net (fo=12193, routed)       0.649    -0.599    clk_cpu
    SLICE_X162Y148       FDPE                                         r  reset_sync_reg[2]/C
  -------------------------------------------------------------------    -------------------
    SLICE_X162Y148       FDPE (Prop_fdpe_C_Q)         0.148    -0.451 f  reset_sync_reg[2]/Q
                         net (fo=3752, routed)        1.875     1.424    rv64im72f_5sp/mem_wb_register/Q[0]
    SLICE_X57Y54         FDCE                                         f  rv64im72f_5sp/mem_wb_register/WB_register_file_write_data_select_reg[0]/CLR
  -------------------------------------------------------------------    -------------------

                         (clock clk_out1_clk_wiz_0 rise edge)
                                                      0.000     0.000 r  
    R4                                                0.000     0.000 r  clk (IN)
                         net (fo=0)                   0.000     0.000    clk_gen/inst/clk_in1
    R4                   IBUF (Prop_ibuf_I_O)         0.431     0.431 r  clk_gen/inst/clkin1_ibufg/O
                         net (fo=1, routed)           0.481     0.912    clk_gen/inst/clk_in1_clk_wiz_0
    PLLE2_ADV_X1Y2       PLLE2_ADV (Prop_plle2_adv_CLKIN1_CLKOUT0)
                                                     -2.828    -1.916 r  clk_gen/inst/plle2_adv_inst/CLKOUT0
                         net (fo=1, routed)           0.595    -1.322    clk_gen/inst/clk_out1_clk_wiz_0
    BUFGCTRL_X0Y0        BUFG (Prop_bufg_I_O)         0.029    -1.293 r  clk_gen/inst/clkout1_buf/O
                         net (fo=12193, routed)       0.926    -0.367    rv64im72f_5sp/mem_wb_register/clk_out1
    SLICE_X57Y54         FDCE                                         r  rv64im72f_5sp/mem_wb_register/WB_register_file_write_data_select_reg[0]/C
                         clock pessimism              0.040    -0.327    
    SLICE_X57Y54         FDCE (Remov_fdce_C_CLR)     -0.145    -0.472    rv64im72f_5sp/mem_wb_register/WB_register_file_write_data_select_reg[0]
  -------------------------------------------------------------------
                         required time                          0.472    
                         arrival time                           1.424    
  -------------------------------------------------------------------
                         slack                                  1.896    

Slack (MET) :             1.896ns  (arrival time - required time)
  Source:                 reset_sync_reg[2]/C
                            (rising edge-triggered cell FDPE clocked by clk_out1_clk_wiz_0  {rise@0.000ns fall@13.514ns period=27.027ns})
  Destination:            rv64im72f_5sp/mem_wb_register/WB_register_file_write_data_select_reg[1]/CLR
                            (removal check against rising-edge clock clk_out1_clk_wiz_0  {rise@0.000ns fall@13.514ns period=27.027ns})
  Path Group:             **async_default**
  Path Type:              Removal (Min at Fast Process Corner)
  Requirement:            0.000ns  (clk_out1_clk_wiz_0 rise@0.000ns - clk_out1_clk_wiz_0 rise@0.000ns)
  Data Path Delay:        2.023ns  (logic 0.148ns (7.315%)  route 1.875ns (92.685%))
  Logic Levels:           0  
  Clock Path Skew:        0.272ns (DCD - SCD - CPR)
    Destination Clock Delay (DCD):    -0.367ns
    Source Clock Delay      (SCD):    -0.599ns
    Clock Pessimism Removal (CPR):    -0.040ns

    Location             Delay type                Incr(ns)  Path(ns)    Netlist Resource(s)
  -------------------------------------------------------------------    -------------------
                         (clock clk_out1_clk_wiz_0 rise edge)
                                                      0.000     0.000 r  
    R4                                                0.000     0.000 r  clk (IN)
                         net (fo=0)                   0.000     0.000    clk_gen/inst/clk_in1
    R4                   IBUF (Prop_ibuf_I_O)         0.243     0.243 r  clk_gen/inst/clkin1_ibufg/O
                         net (fo=1, routed)           0.440     0.683    clk_gen/inst/clk_in1_clk_wiz_0
    PLLE2_ADV_X1Y2       PLLE2_ADV (Prop_plle2_adv_CLKIN1_CLKOUT0)
                                                     -2.503    -1.819 r  clk_gen/inst/plle2_adv_inst/CLKOUT0
                         net (fo=1, routed)           0.546    -1.273    clk_gen/inst/clk_out1_clk_wiz_0
    BUFGCTRL_X0Y0        BUFG (Prop_bufg_I_O)         0.026    -1.247 r  clk_gen/inst/clkout1_buf/O
                         net (fo=12193, routed)       0.649    -0.599    clk_cpu
    SLICE_X162Y148       FDPE                                         r  reset_sync_reg[2]/C
  -------------------------------------------------------------------    -------------------
    SLICE_X162Y148       FDPE (Prop_fdpe_C_Q)         0.148    -0.451 f  reset_sync_reg[2]/Q
                         net (fo=3752, routed)        1.875     1.424    rv64im72f_5sp/mem_wb_register/Q[0]
    SLICE_X57Y54         FDCE                                         f  rv64im72f_5sp/mem_wb_register/WB_register_file_write_data_select_reg[1]/CLR
  -------------------------------------------------------------------    -------------------

                         (clock clk_out1_clk_wiz_0 rise edge)
                                                      0.000     0.000 r  
    R4                                                0.000     0.000 r  clk (IN)
                         net (fo=0)                   0.000     0.000    clk_gen/inst/clk_in1
    R4                   IBUF (Prop_ibuf_I_O)         0.431     0.431 r  clk_gen/inst/clkin1_ibufg/O
                         net (fo=1, routed)           0.481     0.912    clk_gen/inst/clk_in1_clk_wiz_0
    PLLE2_ADV_X1Y2       PLLE2_ADV (Prop_plle2_adv_CLKIN1_CLKOUT0)
                                                     -2.828    -1.916 r  clk_gen/inst/plle2_adv_inst/CLKOUT0
                         net (fo=1, routed)           0.595    -1.322    clk_gen/inst/clk_out1_clk_wiz_0
    BUFGCTRL_X0Y0        BUFG (Prop_bufg_I_O)         0.029    -1.293 r  clk_gen/inst/clkout1_buf/O
                         net (fo=12193, routed)       0.926    -0.367    rv64im72f_5sp/mem_wb_register/clk_out1
    SLICE_X57Y54         FDCE                                         r  rv64im72f_5sp/mem_wb_register/WB_register_file_write_data_select_reg[1]/C
                         clock pessimism              0.040    -0.327    
    SLICE_X57Y54         FDCE (Remov_fdce_C_CLR)     -0.145    -0.472    rv64im72f_5sp/mem_wb_register/WB_register_file_write_data_select_reg[1]
  -------------------------------------------------------------------
                         required time                          0.472    
                         arrival time                           1.424    
  -------------------------------------------------------------------
                         slack                                  1.896    

Slack (MET) :             1.900ns  (arrival time - required time)
  Source:                 reset_sync_reg[2]/C
                            (rising edge-triggered cell FDPE clocked by clk_out1_clk_wiz_0  {rise@0.000ns fall@13.514ns period=27.027ns})
  Destination:            rv64im72f_5sp/exception_detector/trap_status_reg[1]/CLR
                            (removal check against rising-edge clock clk_out1_clk_wiz_0  {rise@0.000ns fall@13.514ns period=27.027ns})
  Path Group:             **async_default**
  Path Type:              Removal (Min at Fast Process Corner)
  Requirement:            0.000ns  (clk_out1_clk_wiz_0 rise@0.000ns - clk_out1_clk_wiz_0 rise@0.000ns)
  Data Path Delay:        2.102ns  (logic 0.148ns (7.039%)  route 1.954ns (92.961%))
  Logic Levels:           0  
  Clock Path Skew:        0.347ns (DCD - SCD - CPR)
    Destination Clock Delay (DCD):    -0.292ns
    Source Clock Delay      (SCD):    -0.599ns
    Clock Pessimism Removal (CPR):    -0.040ns

    Location             Delay type                Incr(ns)  Path(ns)    Netlist Resource(s)
  -------------------------------------------------------------------    -------------------
                         (clock clk_out1_clk_wiz_0 rise edge)
                                                      0.000     0.000 r  
    R4                                                0.000     0.000 r  clk (IN)
                         net (fo=0)                   0.000     0.000    clk_gen/inst/clk_in1
    R4                   IBUF (Prop_ibuf_I_O)         0.243     0.243 r  clk_gen/inst/clkin1_ibufg/O
                         net (fo=1, routed)           0.440     0.683    clk_gen/inst/clk_in1_clk_wiz_0
    PLLE2_ADV_X1Y2       PLLE2_ADV (Prop_plle2_adv_CLKIN1_CLKOUT0)
                                                     -2.503    -1.819 r  clk_gen/inst/plle2_adv_inst/CLKOUT0
                         net (fo=1, routed)           0.546    -1.273    clk_gen/inst/clk_out1_clk_wiz_0
    BUFGCTRL_X0Y0        BUFG (Prop_bufg_I_O)         0.026    -1.247 r  clk_gen/inst/clkout1_buf/O
                         net (fo=12193, routed)       0.649    -0.599    clk_cpu
    SLICE_X162Y148       FDPE                                         r  reset_sync_reg[2]/C
  -------------------------------------------------------------------    -------------------
    SLICE_X162Y148       FDPE (Prop_fdpe_C_Q)         0.148    -0.451 f  reset_sync_reg[2]/Q
                         net (fo=3752, routed)        1.954     1.504    rv64im72f_5sp/exception_detector/Q[0]
    SLICE_X49Y41         FDCE                                         f  rv64im72f_5sp/exception_detector/trap_status_reg[1]/CLR
  -------------------------------------------------------------------    -------------------

                         (clock clk_out1_clk_wiz_0 rise edge)
                                                      0.000     0.000 r  
    R4                                                0.000     0.000 r  clk (IN)
                         net (fo=0)                   0.000     0.000    clk_gen/inst/clk_in1
    R4                   IBUF (Prop_ibuf_I_O)         0.431     0.431 r  clk_gen/inst/clkin1_ibufg/O
                         net (fo=1, routed)           0.481     0.912    clk_gen/inst/clk_in1_clk_wiz_0
    PLLE2_ADV_X1Y2       PLLE2_ADV (Prop_plle2_adv_CLKIN1_CLKOUT0)
                                                     -2.828    -1.916 r  clk_gen/inst/plle2_adv_inst/CLKOUT0
                         net (fo=1, routed)           0.595    -1.322    clk_gen/inst/clk_out1_clk_wiz_0
    BUFGCTRL_X0Y0        BUFG (Prop_bufg_I_O)         0.029    -1.293 r  clk_gen/inst/clkout1_buf/O
                         net (fo=12193, routed)       1.001    -0.292    rv64im72f_5sp/exception_detector/clk_out1
    SLICE_X49Y41         FDCE                                         r  rv64im72f_5sp/exception_detector/trap_status_reg[1]/C
                         clock pessimism              0.040    -0.252    
    SLICE_X49Y41         FDCE (Remov_fdce_C_CLR)     -0.145    -0.397    rv64im72f_5sp/exception_detector/trap_status_reg[1]
  -------------------------------------------------------------------
                         required time                          0.397    
                         arrival time                           1.504    
  -------------------------------------------------------------------
                         slack                                  1.900    

Slack (MET) :             1.901ns  (arrival time - required time)
  Source:                 reset_sync_reg[2]/C
                            (rising edge-triggered cell FDPE clocked by clk_out1_clk_wiz_0  {rise@0.000ns fall@13.514ns period=27.027ns})
  Destination:            rv64im72f_5sp/id_ex_register/EX_instruction_reg[24]/CLR
                            (removal check against rising-edge clock clk_out1_clk_wiz_0  {rise@0.000ns fall@13.514ns period=27.027ns})
  Path Group:             **async_default**
  Path Type:              Removal (Min at Fast Process Corner)
  Requirement:            0.000ns  (clk_out1_clk_wiz_0 rise@0.000ns - clk_out1_clk_wiz_0 rise@0.000ns)
  Data Path Delay:        2.105ns  (logic 0.148ns (7.032%)  route 1.957ns (92.968%))
  Logic Levels:           0  
  Clock Path Skew:        0.349ns (DCD - SCD - CPR)
    Destination Clock Delay (DCD):    -0.290ns
    Source Clock Delay      (SCD):    -0.599ns
    Clock Pessimism Removal (CPR):    -0.040ns

    Location             Delay type                Incr(ns)  Path(ns)    Netlist Resource(s)
  -------------------------------------------------------------------    -------------------
                         (clock clk_out1_clk_wiz_0 rise edge)
                                                      0.000     0.000 r  
    R4                                                0.000     0.000 r  clk (IN)
                         net (fo=0)                   0.000     0.000    clk_gen/inst/clk_in1
    R4                   IBUF (Prop_ibuf_I_O)         0.243     0.243 r  clk_gen/inst/clkin1_ibufg/O
                         net (fo=1, routed)           0.440     0.683    clk_gen/inst/clk_in1_clk_wiz_0
    PLLE2_ADV_X1Y2       PLLE2_ADV (Prop_plle2_adv_CLKIN1_CLKOUT0)
                                                     -2.503    -1.819 r  clk_gen/inst/plle2_adv_inst/CLKOUT0
                         net (fo=1, routed)           0.546    -1.273    clk_gen/inst/clk_out1_clk_wiz_0
    BUFGCTRL_X0Y0        BUFG (Prop_bufg_I_O)         0.026    -1.247 r  clk_gen/inst/clkout1_buf/O
                         net (fo=12193, routed)       0.649    -0.599    clk_cpu
    SLICE_X162Y148       FDPE                                         r  reset_sync_reg[2]/C
  -------------------------------------------------------------------    -------------------
    SLICE_X162Y148       FDPE (Prop_fdpe_C_Q)         0.148    -0.451 f  reset_sync_reg[2]/Q
                         net (fo=3752, routed)        1.957     1.506    rv64im72f_5sp/id_ex_register/Q[0]
    SLICE_X49Y49         FDCE                                         f  rv64im72f_5sp/id_ex_register/EX_instruction_reg[24]/CLR
  -------------------------------------------------------------------    -------------------

                         (clock clk_out1_clk_wiz_0 rise edge)
                                                      0.000     0.000 r  
    R4                                                0.000     0.000 r  clk (IN)
                         net (fo=0)                   0.000     0.000    clk_gen/inst/clk_in1
    R4                   IBUF (Prop_ibuf_I_O)         0.431     0.431 r  clk_gen/inst/clkin1_ibufg/O
                         net (fo=1, routed)           0.481     0.912    clk_gen/inst/clk_in1_clk_wiz_0
    PLLE2_ADV_X1Y2       PLLE2_ADV (Prop_plle2_adv_CLKIN1_CLKOUT0)
                                                     -2.828    -1.916 r  clk_gen/inst/plle2_adv_inst/CLKOUT0
                         net (fo=1, routed)           0.595    -1.322    clk_gen/inst/clk_out1_clk_wiz_0
    BUFGCTRL_X0Y0        BUFG (Prop_bufg_I_O)         0.029    -1.293 r  clk_gen/inst/clkout1_buf/O
                         net (fo=12193, routed)       1.003    -0.290    rv64im72f_5sp/id_ex_register/clk_out1
    SLICE_X49Y49         FDCE                                         r  rv64im72f_5sp/id_ex_register/EX_instruction_reg[24]/C
                         clock pessimism              0.040    -0.250    
    SLICE_X49Y49         FDCE (Remov_fdce_C_CLR)     -0.145    -0.395    rv64im72f_5sp/id_ex_register/EX_instruction_reg[24]
  -------------------------------------------------------------------
                         required time                          0.395    
                         arrival time                           1.506    
  -------------------------------------------------------------------
                         slack                                  1.901    

Slack (MET) :             1.901ns  (arrival time - required time)
  Source:                 reset_sync_reg[2]/C
                            (rising edge-triggered cell FDPE clocked by clk_out1_clk_wiz_0  {rise@0.000ns fall@13.514ns period=27.027ns})
  Destination:            rv64im72f_5sp/id_ex_register/EX_rs2_reg[1]/CLR
                            (removal check against rising-edge clock clk_out1_clk_wiz_0  {rise@0.000ns fall@13.514ns period=27.027ns})
  Path Group:             **async_default**
  Path Type:              Removal (Min at Fast Process Corner)
  Requirement:            0.000ns  (clk_out1_clk_wiz_0 rise@0.000ns - clk_out1_clk_wiz_0 rise@0.000ns)
  Data Path Delay:        2.105ns  (logic 0.148ns (7.032%)  route 1.957ns (92.968%))
  Logic Levels:           0  
  Clock Path Skew:        0.349ns (DCD - SCD - CPR)
    Destination Clock Delay (DCD):    -0.290ns
    Source Clock Delay      (SCD):    -0.599ns
    Clock Pessimism Removal (CPR):    -0.040ns

    Location             Delay type                Incr(ns)  Path(ns)    Netlist Resource(s)
  -------------------------------------------------------------------    -------------------
                         (clock clk_out1_clk_wiz_0 rise edge)
                                                      0.000     0.000 r  
    R4                                                0.000     0.000 r  clk (IN)
                         net (fo=0)                   0.000     0.000    clk_gen/inst/clk_in1
    R4                   IBUF (Prop_ibuf_I_O)         0.243     0.243 r  clk_gen/inst/clkin1_ibufg/O
                         net (fo=1, routed)           0.440     0.683    clk_gen/inst/clk_in1_clk_wiz_0
    PLLE2_ADV_X1Y2       PLLE2_ADV (Prop_plle2_adv_CLKIN1_CLKOUT0)
                                                     -2.503    -1.819 r  clk_gen/inst/plle2_adv_inst/CLKOUT0
                         net (fo=1, routed)           0.546    -1.273    clk_gen/inst/clk_out1_clk_wiz_0
    BUFGCTRL_X0Y0        BUFG (Prop_bufg_I_O)         0.026    -1.247 r  clk_gen/inst/clkout1_buf/O
                         net (fo=12193, routed)       0.649    -0.599    clk_cpu
    SLICE_X162Y148       FDPE                                         r  reset_sync_reg[2]/C
  -------------------------------------------------------------------    -------------------
    SLICE_X162Y148       FDPE (Prop_fdpe_C_Q)         0.148    -0.451 f  reset_sync_reg[2]/Q
                         net (fo=3752, routed)        1.957     1.506    rv64im72f_5sp/id_ex_register/Q[0]
    SLICE_X49Y49         FDCE                                         f  rv64im72f_5sp/id_ex_register/EX_rs2_reg[1]/CLR
  -------------------------------------------------------------------    -------------------

                         (clock clk_out1_clk_wiz_0 rise edge)
                                                      0.000     0.000 r  
    R4                                                0.000     0.000 r  clk (IN)
                         net (fo=0)                   0.000     0.000    clk_gen/inst/clk_in1
    R4                   IBUF (Prop_ibuf_I_O)         0.431     0.431 r  clk_gen/inst/clkin1_ibufg/O
                         net (fo=1, routed)           0.481     0.912    clk_gen/inst/clk_in1_clk_wiz_0
    PLLE2_ADV_X1Y2       PLLE2_ADV (Prop_plle2_adv_CLKIN1_CLKOUT0)
                                                     -2.828    -1.916 r  clk_gen/inst/plle2_adv_inst/CLKOUT0
                         net (fo=1, routed)           0.595    -1.322    clk_gen/inst/clk_out1_clk_wiz_0
    BUFGCTRL_X0Y0        BUFG (Prop_bufg_I_O)         0.029    -1.293 r  clk_gen/inst/clkout1_buf/O
                         net (fo=12193, routed)       1.003    -0.290    rv64im72f_5sp/id_ex_register/clk_out1
    SLICE_X49Y49         FDCE                                         r  rv64im72f_5sp/id_ex_register/EX_rs2_reg[1]/C
                         clock pessimism              0.040    -0.250    
    SLICE_X49Y49         FDCE (Remov_fdce_C_CLR)     -0.145    -0.395    rv64im72f_5sp/id_ex_register/EX_rs2_reg[1]
  -------------------------------------------------------------------
                         required time                          0.395    
                         arrival time                           1.506    
  -------------------------------------------------------------------
                         slack                                  1.901    





--------------------------------------------------------------------------------------
Path Group:  (none)
From Clock:  clk_out1_clk_wiz_0
  To Clock:  

Max Delay             9 Endpoints
Min Delay             9 Endpoints
--------------------------------------------------------------------------------------


Max Delay Paths
--------------------------------------------------------------------------------------
Slack:                    inf
  Source:                 rv64im72f_5sp/mem_wb_register/WB_instruction_reg[6]_lopt_replica/C
                            (rising edge-triggered cell FDCE clocked by clk_out1_clk_wiz_0  {rise@0.000ns fall@13.514ns period=27.027ns})
  Destination:            led[7]
                            (output port)
  Path Group:             (none)
  Path Type:              Max at Slow Process Corner
  Data Path Delay:        9.010ns  (logic 3.425ns (38.008%)  route 5.586ns (61.992%))
  Logic Levels:           1  (OBUF=1)
  Clock Uncertainty:      0.392ns  ((TSJ^2 + DJ^2)^1/2) / 2 + PE
    Total System Jitter     (TSJ):    0.050ns
    Discrete Jitter          (DJ):    0.287ns
    Phase Error              (PE):    0.246ns
  Timing Exception:       False Path

    Location             Delay type                Incr(ns)  Path(ns)    Netlist Resource(s)
  -------------------------------------------------------------------    -------------------
                         (clock clk_out1_clk_wiz_0 rise edge)
                                                      0.000     0.000 r  
    R4                                                0.000     0.000 r  clk (IN)
                         net (fo=0)                   0.000     0.000    clk_gen/inst/clk_in1
    R4                   IBUF (Prop_ibuf_I_O)         1.475     1.475 r  clk_gen/inst/clkin1_ibufg/O
                         net (fo=1, routed)           1.253     2.728    clk_gen/inst/clk_in1_clk_wiz_0
    PLLE2_ADV_X1Y2       PLLE2_ADV (Prop_plle2_adv_CLKIN1_CLKOUT0)
                                                     -8.953    -6.225 r  clk_gen/inst/plle2_adv_inst/CLKOUT0
                         net (fo=1, routed)           1.802    -4.422    clk_gen/inst/clk_out1_clk_wiz_0
    BUFGCTRL_X0Y0        BUFG (Prop_bufg_I_O)         0.096    -4.326 r  clk_gen/inst/clkout1_buf/O
                         net (fo=12193, routed)       1.818    -2.508    rv64im72f_5sp/mem_wb_register/clk_out1
    SLICE_X81Y51         FDCE                                         r  rv64im72f_5sp/mem_wb_register/WB_instruction_reg[6]_lopt_replica/C
  -------------------------------------------------------------------    -------------------
    SLICE_X81Y51         FDCE (Prop_fdce_C_Q)         0.456    -2.052 r  rv64im72f_5sp/mem_wb_register/WB_instruction_reg[6]_lopt_replica/Q
                         net (fo=1, routed)           5.586     3.534    lopt_6
    Y13                  OBUF (Prop_obuf_I_O)         2.969     6.502 r  led_OBUF[7]_inst/O
                         net (fo=0)                   0.000     6.502    led[7]
    Y13                                                               r  led[7] (OUT)
  -------------------------------------------------------------------    -------------------

Slack:                    inf
  Source:                 rv64im72f_5sp/mem_wb_register/WB_instruction_reg[5]_lopt_replica/C
                            (rising edge-triggered cell FDCE clocked by clk_out1_clk_wiz_0  {rise@0.000ns fall@13.514ns period=27.027ns})
  Destination:            led[6]
                            (output port)
  Path Group:             (none)
  Path Type:              Max at Slow Process Corner
  Data Path Delay:        8.709ns  (logic 3.509ns (40.294%)  route 5.200ns (59.706%))
  Logic Levels:           1  (OBUF=1)
  Clock Uncertainty:      0.392ns  ((TSJ^2 + DJ^2)^1/2) / 2 + PE
    Total System Jitter     (TSJ):    0.050ns
    Discrete Jitter          (DJ):    0.287ns
    Phase Error              (PE):    0.246ns
  Timing Exception:       False Path

    Location             Delay type                Incr(ns)  Path(ns)    Netlist Resource(s)
  -------------------------------------------------------------------    -------------------
                         (clock clk_out1_clk_wiz_0 rise edge)
                                                      0.000     0.000 r  
    R4                                                0.000     0.000 r  clk (IN)
                         net (fo=0)                   0.000     0.000    clk_gen/inst/clk_in1
    R4                   IBUF (Prop_ibuf_I_O)         1.475     1.475 r  clk_gen/inst/clkin1_ibufg/O
                         net (fo=1, routed)           1.253     2.728    clk_gen/inst/clk_in1_clk_wiz_0
    PLLE2_ADV_X1Y2       PLLE2_ADV (Prop_plle2_adv_CLKIN1_CLKOUT0)
                                                     -8.953    -6.225 r  clk_gen/inst/plle2_adv_inst/CLKOUT0
                         net (fo=1, routed)           1.802    -4.422    clk_gen/inst/clk_out1_clk_wiz_0
    BUFGCTRL_X0Y0        BUFG (Prop_bufg_I_O)         0.096    -4.326 r  clk_gen/inst/clkout1_buf/O
                         net (fo=12193, routed)       1.814    -2.512    rv64im72f_5sp/mem_wb_register/clk_out1
    SLICE_X82Y51         FDCE                                         r  rv64im72f_5sp/mem_wb_register/WB_instruction_reg[5]_lopt_replica/C
  -------------------------------------------------------------------    -------------------
    SLICE_X82Y51         FDCE (Prop_fdce_C_Q)         0.419    -2.093 r  rv64im72f_5sp/mem_wb_register/WB_instruction_reg[5]_lopt_replica/Q
                         net (fo=1, routed)           5.200     3.107    lopt_5
    W15                  OBUF (Prop_obuf_I_O)         3.090     6.197 r  led_OBUF[6]_inst/O
                         net (fo=0)                   0.000     6.197    led[6]
    W15                                                               r  led[6] (OUT)
  -------------------------------------------------------------------    -------------------

Slack:                    inf
  Source:                 rv64im72f_5sp/mem_wb_register/WB_instruction_reg[3]_lopt_replica/C
                            (rising edge-triggered cell FDCE clocked by clk_out1_clk_wiz_0  {rise@0.000ns fall@13.514ns period=27.027ns})
  Destination:            led[4]
                            (output port)
  Path Group:             (none)
  Path Type:              Max at Slow Process Corner
  Data Path Delay:        8.576ns  (logic 3.522ns (41.071%)  route 5.054ns (58.929%))
  Logic Levels:           1  (OBUF=1)
  Clock Uncertainty:      0.392ns  ((TSJ^2 + DJ^2)^1/2) / 2 + PE
    Total System Jitter     (TSJ):    0.050ns
    Discrete Jitter          (DJ):    0.287ns
    Phase Error              (PE):    0.246ns
  Timing Exception:       False Path

    Location             Delay type                Incr(ns)  Path(ns)    Netlist Resource(s)
  -------------------------------------------------------------------    -------------------
                         (clock clk_out1_clk_wiz_0 rise edge)
                                                      0.000     0.000 r  
    R4                                                0.000     0.000 r  clk (IN)
                         net (fo=0)                   0.000     0.000    clk_gen/inst/clk_in1
    R4                   IBUF (Prop_ibuf_I_O)         1.475     1.475 r  clk_gen/inst/clkin1_ibufg/O
                         net (fo=1, routed)           1.253     2.728    clk_gen/inst/clk_in1_clk_wiz_0
    PLLE2_ADV_X1Y2       PLLE2_ADV (Prop_plle2_adv_CLKIN1_CLKOUT0)
                                                     -8.953    -6.225 r  clk_gen/inst/plle2_adv_inst/CLKOUT0
                         net (fo=1, routed)           1.802    -4.422    clk_gen/inst/clk_out1_clk_wiz_0
    BUFGCTRL_X0Y0        BUFG (Prop_bufg_I_O)         0.096    -4.326 r  clk_gen/inst/clkout1_buf/O
                         net (fo=12193, routed)       1.829    -2.497    rv64im72f_5sp/mem_wb_register/clk_out1
    SLICE_X75Y50         FDCE                                         r  rv64im72f_5sp/mem_wb_register/WB_instruction_reg[3]_lopt_replica/C
  -------------------------------------------------------------------    -------------------
    SLICE_X75Y50         FDCE (Prop_fdce_C_Q)         0.419    -2.078 r  rv64im72f_5sp/mem_wb_register/WB_instruction_reg[3]_lopt_replica/Q
                         net (fo=1, routed)           5.054     2.976    lopt_3
    V15                  OBUF (Prop_obuf_I_O)         3.103     6.079 r  led_OBUF[4]_inst/O
                         net (fo=0)                   0.000     6.079    led[4]
    V15                                                               r  led[4] (OUT)
  -------------------------------------------------------------------    -------------------

Slack:                    inf
  Source:                 cpu_clk_enable_reg/C
                            (rising edge-triggered cell FDCE clocked by clk_out1_clk_wiz_0  {rise@0.000ns fall@13.514ns period=27.027ns})
  Destination:            led[0]
                            (output port)
  Path Group:             (none)
  Path Type:              Max at Slow Process Corner
  Data Path Delay:        8.476ns  (logic 3.672ns (43.321%)  route 4.804ns (56.679%))
  Logic Levels:           2  (LUT1=1 OBUF=1)
  Clock Uncertainty:      0.392ns  ((TSJ^2 + DJ^2)^1/2) / 2 + PE
    Total System Jitter     (TSJ):    0.050ns
    Discrete Jitter          (DJ):    0.287ns
    Phase Error              (PE):    0.246ns
  Timing Exception:       False Path

    Location             Delay type                Incr(ns)  Path(ns)    Netlist Resource(s)
  -------------------------------------------------------------------    -------------------
                         (clock clk_out1_clk_wiz_0 rise edge)
                                                      0.000     0.000 r  
    R4                                                0.000     0.000 r  clk (IN)
                         net (fo=0)                   0.000     0.000    clk_gen/inst/clk_in1
    R4                   IBUF (Prop_ibuf_I_O)         1.475     1.475 r  clk_gen/inst/clkin1_ibufg/O
                         net (fo=1, routed)           1.253     2.728    clk_gen/inst/clk_in1_clk_wiz_0
    PLLE2_ADV_X1Y2       PLLE2_ADV (Prop_plle2_adv_CLKIN1_CLKOUT0)
                                                     -8.953    -6.225 r  clk_gen/inst/plle2_adv_inst/CLKOUT0
                         net (fo=1, routed)           1.802    -4.422    clk_gen/inst/clk_out1_clk_wiz_0
    BUFGCTRL_X0Y0        BUFG (Prop_bufg_I_O)         0.096    -4.326 r  clk_gen/inst/clkout1_buf/O
                         net (fo=12193, routed)       1.845    -2.481    clk_cpu
    SLICE_X4Y135         FDCE                                         r  cpu_clk_enable_reg/C
  -------------------------------------------------------------------    -------------------
    SLICE_X4Y135         FDCE (Prop_fdce_C_Q)         0.419    -2.062 f  cpu_clk_enable_reg/Q
                         net (fo=603, routed)         3.136     1.075    cpu_clk_enable
    SLICE_X0Y69          LUT1 (Prop_lut1_I0_O)        0.299     1.374 r  led_OBUF[0]_inst_i_1/O
                         net (fo=1, routed)           1.668     3.041    led_OBUF[0]
    T14                  OBUF (Prop_obuf_I_O)         2.954     5.995 r  led_OBUF[0]_inst/O
                         net (fo=0)                   0.000     5.995    led[0]
    T14                                                               r  led[0] (OUT)
  -------------------------------------------------------------------    -------------------

Slack:                    inf
  Source:                 rv64im72f_5sp/mem_wb_register/WB_instruction_reg[2]_lopt_replica/C
                            (rising edge-triggered cell FDCE clocked by clk_out1_clk_wiz_0  {rise@0.000ns fall@13.514ns period=27.027ns})
  Destination:            led[3]
                            (output port)
  Path Group:             (none)
  Path Type:              Max at Slow Process Corner
  Data Path Delay:        8.475ns  (logic 3.373ns (39.803%)  route 5.101ns (60.197%))
  Logic Levels:           1  (OBUF=1)
  Clock Uncertainty:      0.392ns  ((TSJ^2 + DJ^2)^1/2) / 2 + PE
    Total System Jitter     (TSJ):    0.050ns
    Discrete Jitter          (DJ):    0.287ns
    Phase Error              (PE):    0.246ns
  Timing Exception:       False Path

    Location             Delay type                Incr(ns)  Path(ns)    Netlist Resource(s)
  -------------------------------------------------------------------    -------------------
                         (clock clk_out1_clk_wiz_0 rise edge)
                                                      0.000     0.000 r  
    R4                                                0.000     0.000 r  clk (IN)
                         net (fo=0)                   0.000     0.000    clk_gen/inst/clk_in1
    R4                   IBUF (Prop_ibuf_I_O)         1.475     1.475 r  clk_gen/inst/clkin1_ibufg/O
                         net (fo=1, routed)           1.253     2.728    clk_gen/inst/clk_in1_clk_wiz_0
    PLLE2_ADV_X1Y2       PLLE2_ADV (Prop_plle2_adv_CLKIN1_CLKOUT0)
                                                     -8.953    -6.225 r  clk_gen/inst/plle2_adv_inst/CLKOUT0
                         net (fo=1, routed)           1.802    -4.422    clk_gen/inst/clk_out1_clk_wiz_0
    BUFGCTRL_X0Y0        BUFG (Prop_bufg_I_O)         0.096    -4.326 r  clk_gen/inst/clkout1_buf/O
                         net (fo=12193, routed)       1.818    -2.508    rv64im72f_5sp/mem_wb_register/clk_out1
    SLICE_X78Y51         FDCE                                         r  rv64im72f_5sp/mem_wb_register/WB_instruction_reg[2]_lopt_replica/C
  -------------------------------------------------------------------    -------------------
    SLICE_X78Y51         FDCE (Prop_fdce_C_Q)         0.456    -2.052 r  rv64im72f_5sp/mem_wb_register/WB_instruction_reg[2]_lopt_replica/Q
                         net (fo=1, routed)           5.101     3.050    lopt_2
    U16                  OBUF (Prop_obuf_I_O)         2.917     5.967 r  led_OBUF[3]_inst/O
                         net (fo=0)                   0.000     5.967    led[3]
    U16                                                               r  led[3] (OUT)
  -------------------------------------------------------------------    -------------------

Slack:                    inf
  Source:                 rv64im72f_5sp/mem_wb_register/WB_instruction_reg[1]_lopt_replica/C
                            (rising edge-triggered cell FDPE clocked by clk_out1_clk_wiz_0  {rise@0.000ns fall@13.514ns period=27.027ns})
  Destination:            led[2]
                            (output port)
  Path Group:             (none)
  Path Type:              Max at Slow Process Corner
  Data Path Delay:        7.621ns  (logic 3.509ns (46.045%)  route 4.112ns (53.955%))
  Logic Levels:           1  (OBUF=1)
  Clock Uncertainty:      0.392ns  ((TSJ^2 + DJ^2)^1/2) / 2 + PE
    Total System Jitter     (TSJ):    0.050ns
    Discrete Jitter          (DJ):    0.287ns
    Phase Error              (PE):    0.246ns
  Timing Exception:       False Path

    Location             Delay type                Incr(ns)  Path(ns)    Netlist Resource(s)
  -------------------------------------------------------------------    -------------------
                         (clock clk_out1_clk_wiz_0 rise edge)
                                                      0.000     0.000 r  
    R4                                                0.000     0.000 r  clk (IN)
                         net (fo=0)                   0.000     0.000    clk_gen/inst/clk_in1
    R4                   IBUF (Prop_ibuf_I_O)         1.475     1.475 r  clk_gen/inst/clkin1_ibufg/O
                         net (fo=1, routed)           1.253     2.728    clk_gen/inst/clk_in1_clk_wiz_0
    PLLE2_ADV_X1Y2       PLLE2_ADV (Prop_plle2_adv_CLKIN1_CLKOUT0)
                                                     -8.953    -6.225 r  clk_gen/inst/plle2_adv_inst/CLKOUT0
                         net (fo=1, routed)           1.802    -4.422    clk_gen/inst/clk_out1_clk_wiz_0
    BUFGCTRL_X0Y0        BUFG (Prop_bufg_I_O)         0.096    -4.326 r  clk_gen/inst/clkout1_buf/O
                         net (fo=12193, routed)       1.844    -2.482    rv64im72f_5sp/mem_wb_register/clk_out1
    SLICE_X58Y52         FDPE                                         r  rv64im72f_5sp/mem_wb_register/WB_instruction_reg[1]_lopt_replica/C
  -------------------------------------------------------------------    -------------------
    SLICE_X58Y52         FDPE (Prop_fdpe_C_Q)         0.419    -2.063 r  rv64im72f_5sp/mem_wb_register/WB_instruction_reg[1]_lopt_replica/Q
                         net (fo=1, routed)           4.112     2.049    lopt_1
    T16                  OBUF (Prop_obuf_I_O)         3.090     5.139 r  led_OBUF[2]_inst/O
                         net (fo=0)                   0.000     5.139    led[2]
    T16                                                               r  led[2] (OUT)
  -------------------------------------------------------------------    -------------------

Slack:                    inf
  Source:                 rv64im72f_5sp/mem_wb_register/WB_instruction_reg[0]_lopt_replica/C
                            (rising edge-triggered cell FDPE clocked by clk_out1_clk_wiz_0  {rise@0.000ns fall@13.514ns period=27.027ns})
  Destination:            led[1]
                            (output port)
  Path Group:             (none)
  Path Type:              Max at Slow Process Corner
  Data Path Delay:        7.529ns  (logic 3.543ns (47.059%)  route 3.986ns (52.941%))
  Logic Levels:           1  (OBUF=1)
  Clock Uncertainty:      0.392ns  ((TSJ^2 + DJ^2)^1/2) / 2 + PE
    Total System Jitter     (TSJ):    0.050ns
    Discrete Jitter          (DJ):    0.287ns
    Phase Error              (PE):    0.246ns
  Timing Exception:       False Path

    Location             Delay type                Incr(ns)  Path(ns)    Netlist Resource(s)
  -------------------------------------------------------------------    -------------------
                         (clock clk_out1_clk_wiz_0 rise edge)
                                                      0.000     0.000 r  
    R4                                                0.000     0.000 r  clk (IN)
                         net (fo=0)                   0.000     0.000    clk_gen/inst/clk_in1
    R4                   IBUF (Prop_ibuf_I_O)         1.475     1.475 r  clk_gen/inst/clkin1_ibufg/O
                         net (fo=1, routed)           1.253     2.728    clk_gen/inst/clk_in1_clk_wiz_0
    PLLE2_ADV_X1Y2       PLLE2_ADV (Prop_plle2_adv_CLKIN1_CLKOUT0)
                                                     -8.953    -6.225 r  clk_gen/inst/plle2_adv_inst/CLKOUT0
                         net (fo=1, routed)           1.802    -4.422    clk_gen/inst/clk_out1_clk_wiz_0
    BUFGCTRL_X0Y0        BUFG (Prop_bufg_I_O)         0.096    -4.326 r  clk_gen/inst/clkout1_buf/O
                         net (fo=12193, routed)       1.844    -2.482    rv64im72f_5sp/mem_wb_register/clk_out1
    SLICE_X57Y52         FDPE                                         r  rv64im72f_5sp/mem_wb_register/WB_instruction_reg[0]_lopt_replica/C
  -------------------------------------------------------------------    -------------------
    SLICE_X57Y52         FDPE (Prop_fdpe_C_Q)         0.419    -2.063 r  rv64im72f_5sp/mem_wb_register/WB_instruction_reg[0]_lopt_replica/Q
                         net (fo=1, routed)           3.986     1.923    lopt
    T15                  OBUF (Prop_obuf_I_O)         3.124     5.047 r  led_OBUF[1]_inst/O
                         net (fo=0)                   0.000     5.047    led[1]
    T15                                                               r  led[1] (OUT)
  -------------------------------------------------------------------    -------------------

Slack:                    inf
  Source:                 uart_tx/tx_reg/C
                            (rising edge-triggered cell FDPE clocked by clk_out1_clk_wiz_0  {rise@0.000ns fall@13.514ns period=27.027ns})
  Destination:            uart_tx_in
                            (output port)
  Path Group:             (none)
  Path Type:              Max at Slow Process Corner
  Data Path Delay:        7.231ns  (logic 4.024ns (55.656%)  route 3.206ns (44.344%))
  Logic Levels:           1  (OBUF=1)
  Clock Uncertainty:      0.392ns  ((TSJ^2 + DJ^2)^1/2) / 2 + PE
    Total System Jitter     (TSJ):    0.050ns
    Discrete Jitter          (DJ):    0.287ns
    Phase Error              (PE):    0.246ns
  Timing Exception:       False Path

    Location             Delay type                Incr(ns)  Path(ns)    Netlist Resource(s)
  -------------------------------------------------------------------    -------------------
                         (clock clk_out1_clk_wiz_0 rise edge)
                                                      0.000     0.000 r  
    R4                                                0.000     0.000 r  clk (IN)
                         net (fo=0)                   0.000     0.000    clk_gen/inst/clk_in1
    R4                   IBUF (Prop_ibuf_I_O)         1.475     1.475 r  clk_gen/inst/clkin1_ibufg/O
                         net (fo=1, routed)           1.253     2.728    clk_gen/inst/clk_in1_clk_wiz_0
    PLLE2_ADV_X1Y2       PLLE2_ADV (Prop_plle2_adv_CLKIN1_CLKOUT0)
                                                     -8.953    -6.225 r  clk_gen/inst/plle2_adv_inst/CLKOUT0
                         net (fo=1, routed)           1.802    -4.422    clk_gen/inst/clk_out1_clk_wiz_0
    BUFGCTRL_X0Y0        BUFG (Prop_bufg_I_O)         0.096    -4.326 r  clk_gen/inst/clkout1_buf/O
                         net (fo=12193, routed)       2.020    -2.306    uart_tx/clk_out1
    SLICE_X0Y63          FDPE                                         r  uart_tx/tx_reg/C
  -------------------------------------------------------------------    -------------------
    SLICE_X0Y63          FDPE (Prop_fdpe_C_Q)         0.456    -1.850 r  uart_tx/tx_reg/Q
                         net (fo=1, routed)           3.206     1.357    uart_tx_in_OBUF
    AA19                 OBUF (Prop_obuf_I_O)         3.568     4.925 r  uart_tx_in_OBUF_inst/O
                         net (fo=0)                   0.000     4.925    uart_tx_in
    AA19                                                              r  uart_tx_in (OUT)
  -------------------------------------------------------------------    -------------------

Slack:                    inf
  Source:                 rv64im72f_5sp/mem_wb_register/WB_instruction_reg[4]_lopt_replica/C
                            (rising edge-triggered cell FDPE clocked by clk_out1_clk_wiz_0  {rise@0.000ns fall@13.514ns period=27.027ns})
  Destination:            led[5]
                            (output port)
  Path Group:             (none)
  Path Type:              Max at Slow Process Corner
  Data Path Delay:        6.952ns  (logic 3.377ns (48.571%)  route 3.575ns (51.429%))
  Logic Levels:           1  (OBUF=1)
  Clock Uncertainty:      0.392ns  ((TSJ^2 + DJ^2)^1/2) / 2 + PE
    Total System Jitter     (TSJ):    0.050ns
    Discrete Jitter          (DJ):    0.287ns
    Phase Error              (PE):    0.246ns
  Timing Exception:       False Path

    Location             Delay type                Incr(ns)  Path(ns)    Netlist Resource(s)
  -------------------------------------------------------------------    -------------------
                         (clock clk_out1_clk_wiz_0 rise edge)
                                                      0.000     0.000 r  
    R4                                                0.000     0.000 r  clk (IN)
                         net (fo=0)                   0.000     0.000    clk_gen/inst/clk_in1
    R4                   IBUF (Prop_ibuf_I_O)         1.475     1.475 r  clk_gen/inst/clkin1_ibufg/O
                         net (fo=1, routed)           1.253     2.728    clk_gen/inst/clk_in1_clk_wiz_0
    PLLE2_ADV_X1Y2       PLLE2_ADV (Prop_plle2_adv_CLKIN1_CLKOUT0)
                                                     -8.953    -6.225 r  clk_gen/inst/plle2_adv_inst/CLKOUT0
                         net (fo=1, routed)           1.802    -4.422    clk_gen/inst/clk_out1_clk_wiz_0
    BUFGCTRL_X0Y0        BUFG (Prop_bufg_I_O)         0.096    -4.326 r  clk_gen/inst/clkout1_buf/O
                         net (fo=12193, routed)       1.844    -2.482    rv64im72f_5sp/mem_wb_register/clk_out1
    SLICE_X47Y58         FDPE                                         r  rv64im72f_5sp/mem_wb_register/WB_instruction_reg[4]_lopt_replica/C
  -------------------------------------------------------------------    -------------------
    SLICE_X47Y58         FDPE (Prop_fdpe_C_Q)         0.456    -2.026 r  rv64im72f_5sp/mem_wb_register/WB_instruction_reg[4]_lopt_replica/Q
                         net (fo=1, routed)           3.575     1.550    lopt_4
    W16                  OBUF (Prop_obuf_I_O)         2.921     4.470 r  led_OBUF[5]_inst/O
                         net (fo=0)                   0.000     4.470    led[5]
    W16                                                               r  led[5] (OUT)
  -------------------------------------------------------------------    -------------------





Min Delay Paths
--------------------------------------------------------------------------------------
Slack:                    inf
  Source:                 uart_tx/tx_reg/C
                            (rising edge-triggered cell FDPE clocked by clk_out1_clk_wiz_0  {rise@0.000ns fall@13.514ns period=27.027ns})
  Destination:            uart_tx_in
                            (output port)
  Path Group:             (none)
  Path Type:              Min at Fast Process Corner
  Data Path Delay:        2.354ns  (logic 1.410ns (59.884%)  route 0.944ns (40.116%))
  Logic Levels:           1  (OBUF=1)
  Clock Uncertainty:      0.392ns  ((TSJ^2 + DJ^2)^1/2) / 2 + PE
    Total System Jitter     (TSJ):    0.050ns
    Discrete Jitter          (DJ):    0.287ns
    Phase Error              (PE):    0.246ns
  Timing Exception:       False Path

    Location             Delay type                Incr(ns)  Path(ns)    Netlist Resource(s)
  -------------------------------------------------------------------    -------------------
                         (clock clk_out1_clk_wiz_0 rise edge)
                                                      0.000     0.000 r  
    R4                                                0.000     0.000 r  clk (IN)
                         net (fo=0)                   0.000     0.000    clk_gen/inst/clk_in1
    R4                   IBUF (Prop_ibuf_I_O)         0.243     0.243 r  clk_gen/inst/clkin1_ibufg/O
                         net (fo=1, routed)           0.440     0.683    clk_gen/inst/clk_in1_clk_wiz_0
    PLLE2_ADV_X1Y2       PLLE2_ADV (Prop_plle2_adv_CLKIN1_CLKOUT0)
                                                     -2.503    -1.819 r  clk_gen/inst/plle2_adv_inst/CLKOUT0
                         net (fo=1, routed)           0.546    -1.273    clk_gen/inst/clk_out1_clk_wiz_0
    BUFGCTRL_X0Y0        BUFG (Prop_bufg_I_O)         0.026    -1.247 r  clk_gen/inst/clkout1_buf/O
                         net (fo=12193, routed)       0.719    -0.528    uart_tx/clk_out1
    SLICE_X0Y63          FDPE                                         r  uart_tx/tx_reg/C
  -------------------------------------------------------------------    -------------------
    SLICE_X0Y63          FDPE (Prop_fdpe_C_Q)         0.141    -0.387 r  uart_tx/tx_reg/Q
                         net (fo=1, routed)           0.944     0.557    uart_tx_in_OBUF
    AA19                 OBUF (Prop_obuf_I_O)         1.269     1.826 r  uart_tx_in_OBUF_inst/O
                         net (fo=0)                   0.000     1.826    uart_tx_in
    AA19                                                              r  uart_tx_in (OUT)
  -------------------------------------------------------------------    -------------------

Slack:                    inf
  Source:                 rv64im72f_5sp/mem_wb_register/WB_instruction_reg[4]_lopt_replica/C
                            (rising edge-triggered cell FDPE clocked by clk_out1_clk_wiz_0  {rise@0.000ns fall@13.514ns period=27.027ns})
  Destination:            led[5]
                            (output port)
  Path Group:             (none)
  Path Type:              Min at Fast Process Corner
  Data Path Delay:        2.582ns  (logic 1.326ns (51.340%)  route 1.256ns (48.660%))
  Logic Levels:           1  (OBUF=1)
  Clock Uncertainty:      0.392ns  ((TSJ^2 + DJ^2)^1/2) / 2 + PE
    Total System Jitter     (TSJ):    0.050ns
    Discrete Jitter          (DJ):    0.287ns
    Phase Error              (PE):    0.246ns
  Timing Exception:       False Path

    Location             Delay type                Incr(ns)  Path(ns)    Netlist Resource(s)
  -------------------------------------------------------------------    -------------------
                         (clock clk_out1_clk_wiz_0 rise edge)
                                                      0.000     0.000 r  
    R4                                                0.000     0.000 r  clk (IN)
                         net (fo=0)                   0.000     0.000    clk_gen/inst/clk_in1
    R4                   IBUF (Prop_ibuf_I_O)         0.243     0.243 r  clk_gen/inst/clkin1_ibufg/O
                         net (fo=1, routed)           0.440     0.683    clk_gen/inst/clk_in1_clk_wiz_0
    PLLE2_ADV_X1Y2       PLLE2_ADV (Prop_plle2_adv_CLKIN1_CLKOUT0)
                                                     -2.503    -1.819 r  clk_gen/inst/plle2_adv_inst/CLKOUT0
                         net (fo=1, routed)           0.546    -1.273    clk_gen/inst/clk_out1_clk_wiz_0
    BUFGCTRL_X0Y0        BUFG (Prop_bufg_I_O)         0.026    -1.247 r  clk_gen/inst/clkout1_buf/O
                         net (fo=12193, routed)       0.651    -0.596    rv64im72f_5sp/mem_wb_register/clk_out1
    SLICE_X47Y58         FDPE                                         r  rv64im72f_5sp/mem_wb_register/WB_instruction_reg[4]_lopt_replica/C
  -------------------------------------------------------------------    -------------------
    SLICE_X47Y58         FDPE (Prop_fdpe_C_Q)         0.141    -0.455 r  rv64im72f_5sp/mem_wb_register/WB_instruction_reg[4]_lopt_replica/Q
                         net (fo=1, routed)           1.256     0.801    lopt_4
    W16                  OBUF (Prop_obuf_I_O)         1.185     1.986 r  led_OBUF[5]_inst/O
                         net (fo=0)                   0.000     1.986    led[5]
    W16                                                               r  led[5] (OUT)
  -------------------------------------------------------------------    -------------------

Slack:                    inf
  Source:                 rv64im72f_5sp/mem_wb_register/WB_instruction_reg[0]_lopt_replica/C
                            (rising edge-triggered cell FDPE clocked by clk_out1_clk_wiz_0  {rise@0.000ns fall@13.514ns period=27.027ns})
  Destination:            led[1]
                            (output port)
  Path Group:             (none)
  Path Type:              Min at Fast Process Corner
  Data Path Delay:        2.830ns  (logic 1.395ns (49.271%)  route 1.436ns (50.729%))
  Logic Levels:           1  (OBUF=1)
  Clock Uncertainty:      0.392ns  ((TSJ^2 + DJ^2)^1/2) / 2 + PE
    Total System Jitter     (TSJ):    0.050ns
    Discrete Jitter          (DJ):    0.287ns
    Phase Error              (PE):    0.246ns
  Timing Exception:       False Path

    Location             Delay type                Incr(ns)  Path(ns)    Netlist Resource(s)
  -------------------------------------------------------------------    -------------------
                         (clock clk_out1_clk_wiz_0 rise edge)
                                                      0.000     0.000 r  
    R4                                                0.000     0.000 r  clk (IN)
                         net (fo=0)                   0.000     0.000    clk_gen/inst/clk_in1
    R4                   IBUF (Prop_ibuf_I_O)         0.243     0.243 r  clk_gen/inst/clkin1_ibufg/O
                         net (fo=1, routed)           0.440     0.683    clk_gen/inst/clk_in1_clk_wiz_0
    PLLE2_ADV_X1Y2       PLLE2_ADV (Prop_plle2_adv_CLKIN1_CLKOUT0)
                                                     -2.503    -1.819 r  clk_gen/inst/plle2_adv_inst/CLKOUT0
                         net (fo=1, routed)           0.546    -1.273    clk_gen/inst/clk_out1_clk_wiz_0
    BUFGCTRL_X0Y0        BUFG (Prop_bufg_I_O)         0.026    -1.247 r  clk_gen/inst/clkout1_buf/O
                         net (fo=12193, routed)       0.652    -0.595    rv64im72f_5sp/mem_wb_register/clk_out1
    SLICE_X57Y52         FDPE                                         r  rv64im72f_5sp/mem_wb_register/WB_instruction_reg[0]_lopt_replica/C
  -------------------------------------------------------------------    -------------------
    SLICE_X57Y52         FDPE (Prop_fdpe_C_Q)         0.128    -0.467 r  rv64im72f_5sp/mem_wb_register/WB_instruction_reg[0]_lopt_replica/Q
                         net (fo=1, routed)           1.436     0.969    lopt
    T15                  OBUF (Prop_obuf_I_O)         1.267     2.235 r  led_OBUF[1]_inst/O
                         net (fo=0)                   0.000     2.235    led[1]
    T15                                                               r  led[1] (OUT)
  -------------------------------------------------------------------    -------------------

Slack:                    inf
  Source:                 rv64im72f_5sp/mem_wb_register/WB_instruction_reg[1]_lopt_replica/C
                            (rising edge-triggered cell FDPE clocked by clk_out1_clk_wiz_0  {rise@0.000ns fall@13.514ns period=27.027ns})
  Destination:            led[2]
                            (output port)
  Path Group:             (none)
  Path Type:              Min at Fast Process Corner
  Data Path Delay:        2.858ns  (logic 1.361ns (47.624%)  route 1.497ns (52.376%))
  Logic Levels:           1  (OBUF=1)
  Clock Uncertainty:      0.392ns  ((TSJ^2 + DJ^2)^1/2) / 2 + PE
    Total System Jitter     (TSJ):    0.050ns
    Discrete Jitter          (DJ):    0.287ns
    Phase Error              (PE):    0.246ns
  Timing Exception:       False Path

    Location             Delay type                Incr(ns)  Path(ns)    Netlist Resource(s)
  -------------------------------------------------------------------    -------------------
                         (clock clk_out1_clk_wiz_0 rise edge)
                                                      0.000     0.000 r  
    R4                                                0.000     0.000 r  clk (IN)
                         net (fo=0)                   0.000     0.000    clk_gen/inst/clk_in1
    R4                   IBUF (Prop_ibuf_I_O)         0.243     0.243 r  clk_gen/inst/clkin1_ibufg/O
                         net (fo=1, routed)           0.440     0.683    clk_gen/inst/clk_in1_clk_wiz_0
    PLLE2_ADV_X1Y2       PLLE2_ADV (Prop_plle2_adv_CLKIN1_CLKOUT0)
                                                     -2.503    -1.819 r  clk_gen/inst/plle2_adv_inst/CLKOUT0
                         net (fo=1, routed)           0.546    -1.273    clk_gen/inst/clk_out1_clk_wiz_0
    BUFGCTRL_X0Y0        BUFG (Prop_bufg_I_O)         0.026    -1.247 r  clk_gen/inst/clkout1_buf/O
                         net (fo=12193, routed)       0.650    -0.597    rv64im72f_5sp/mem_wb_register/clk_out1
    SLICE_X58Y52         FDPE                                         r  rv64im72f_5sp/mem_wb_register/WB_instruction_reg[1]_lopt_replica/C
  -------------------------------------------------------------------    -------------------
    SLICE_X58Y52         FDPE (Prop_fdpe_C_Q)         0.128    -0.469 r  rv64im72f_5sp/mem_wb_register/WB_instruction_reg[1]_lopt_replica/Q
                         net (fo=1, routed)           1.497     1.028    lopt_1
    T16                  OBUF (Prop_obuf_I_O)         1.233     2.261 r  led_OBUF[2]_inst/O
                         net (fo=0)                   0.000     2.261    led[2]
    T16                                                               r  led[2] (OUT)
  -------------------------------------------------------------------    -------------------

Slack:                    inf
  Source:                 cpu_clk_enable_reg/C
                            (rising edge-triggered cell FDCE clocked by clk_out1_clk_wiz_0  {rise@0.000ns fall@13.514ns period=27.027ns})
  Destination:            led[0]
                            (output port)
  Path Group:             (none)
  Path Type:              Min at Fast Process Corner
  Data Path Delay:        3.086ns  (logic 1.444ns (46.799%)  route 1.642ns (53.201%))
  Logic Levels:           2  (LUT1=1 OBUF=1)
  Clock Uncertainty:      0.392ns  ((TSJ^2 + DJ^2)^1/2) / 2 + PE
    Total System Jitter     (TSJ):    0.050ns
    Discrete Jitter          (DJ):    0.287ns
    Phase Error              (PE):    0.246ns
  Timing Exception:       False Path

    Location             Delay type                Incr(ns)  Path(ns)    Netlist Resource(s)
  -------------------------------------------------------------------    -------------------
                         (clock clk_out1_clk_wiz_0 rise edge)
                                                      0.000     0.000 r  
    R4                                                0.000     0.000 r  clk (IN)
                         net (fo=0)                   0.000     0.000    clk_gen/inst/clk_in1
    R4                   IBUF (Prop_ibuf_I_O)         0.243     0.243 r  clk_gen/inst/clkin1_ibufg/O
                         net (fo=1, routed)           0.440     0.683    clk_gen/inst/clk_in1_clk_wiz_0
    PLLE2_ADV_X1Y2       PLLE2_ADV (Prop_plle2_adv_CLKIN1_CLKOUT0)
                                                     -2.503    -1.819 r  clk_gen/inst/plle2_adv_inst/CLKOUT0
                         net (fo=1, routed)           0.546    -1.273    clk_gen/inst/clk_out1_clk_wiz_0
    BUFGCTRL_X0Y0        BUFG (Prop_bufg_I_O)         0.026    -1.247 r  clk_gen/inst/clkout1_buf/O
                         net (fo=12193, routed)       0.650    -0.598    clk_cpu
    SLICE_X4Y135         FDCE                                         r  cpu_clk_enable_reg/C
  -------------------------------------------------------------------    -------------------
    SLICE_X4Y135         FDCE (Prop_fdce_C_Q)         0.128    -0.470 f  cpu_clk_enable_reg/Q
                         net (fo=603, routed)         1.323     0.853    cpu_clk_enable
    SLICE_X0Y69          LUT1 (Prop_lut1_I0_O)        0.099     0.952 r  led_OBUF[0]_inst_i_1/O
                         net (fo=1, routed)           0.319     1.271    led_OBUF[0]
    T14                  OBUF (Prop_obuf_I_O)         1.217     2.488 r  led_OBUF[0]_inst/O
                         net (fo=0)                   0.000     2.488    led[0]
    T14                                                               r  led[0] (OUT)
  -------------------------------------------------------------------    -------------------

Slack:                    inf
  Source:                 rv64im72f_5sp/mem_wb_register/WB_instruction_reg[3]_lopt_replica/C
                            (rising edge-triggered cell FDCE clocked by clk_out1_clk_wiz_0  {rise@0.000ns fall@13.514ns period=27.027ns})
  Destination:            led[4]
                            (output port)
  Path Group:             (none)
  Path Type:              Min at Fast Process Corner
  Data Path Delay:        3.327ns  (logic 1.376ns (41.363%)  route 1.951ns (58.637%))
  Logic Levels:           1  (OBUF=1)
  Clock Uncertainty:      0.392ns  ((TSJ^2 + DJ^2)^1/2) / 2 + PE
    Total System Jitter     (TSJ):    0.050ns
    Discrete Jitter          (DJ):    0.287ns
    Phase Error              (PE):    0.246ns
  Timing Exception:       False Path

    Location             Delay type                Incr(ns)  Path(ns)    Netlist Resource(s)
  -------------------------------------------------------------------    -------------------
                         (clock clk_out1_clk_wiz_0 rise edge)
                                                      0.000     0.000 r  
    R4                                                0.000     0.000 r  clk (IN)
                         net (fo=0)                   0.000     0.000    clk_gen/inst/clk_in1
    R4                   IBUF (Prop_ibuf_I_O)         0.243     0.243 r  clk_gen/inst/clkin1_ibufg/O
                         net (fo=1, routed)           0.440     0.683    clk_gen/inst/clk_in1_clk_wiz_0
    PLLE2_ADV_X1Y2       PLLE2_ADV (Prop_plle2_adv_CLKIN1_CLKOUT0)
                                                     -2.503    -1.819 r  clk_gen/inst/plle2_adv_inst/CLKOUT0
                         net (fo=1, routed)           0.546    -1.273    clk_gen/inst/clk_out1_clk_wiz_0
    BUFGCTRL_X0Y0        BUFG (Prop_bufg_I_O)         0.026    -1.247 r  clk_gen/inst/clkout1_buf/O
                         net (fo=12193, routed)       0.642    -0.605    rv64im72f_5sp/mem_wb_register/clk_out1
    SLICE_X75Y50         FDCE                                         r  rv64im72f_5sp/mem_wb_register/WB_instruction_reg[3]_lopt_replica/C
  -------------------------------------------------------------------    -------------------
    SLICE_X75Y50         FDCE (Prop_fdce_C_Q)         0.128    -0.477 r  rv64im72f_5sp/mem_wb_register/WB_instruction_reg[3]_lopt_replica/Q
                         net (fo=1, routed)           1.951     1.474    lopt_3
    V15                  OBUF (Prop_obuf_I_O)         1.248     2.722 r  led_OBUF[4]_inst/O
                         net (fo=0)                   0.000     2.722    led[4]
    V15                                                               r  led[4] (OUT)
  -------------------------------------------------------------------    -------------------

Slack:                    inf
  Source:                 rv64im72f_5sp/mem_wb_register/WB_instruction_reg[2]_lopt_replica/C
                            (rising edge-triggered cell FDCE clocked by clk_out1_clk_wiz_0  {rise@0.000ns fall@13.514ns period=27.027ns})
  Destination:            led[3]
                            (output port)
  Path Group:             (none)
  Path Type:              Min at Fast Process Corner
  Data Path Delay:        3.346ns  (logic 1.322ns (39.518%)  route 2.023ns (60.482%))
  Logic Levels:           1  (OBUF=1)
  Clock Uncertainty:      0.392ns  ((TSJ^2 + DJ^2)^1/2) / 2 + PE
    Total System Jitter     (TSJ):    0.050ns
    Discrete Jitter          (DJ):    0.287ns
    Phase Error              (PE):    0.246ns
  Timing Exception:       False Path

    Location             Delay type                Incr(ns)  Path(ns)    Netlist Resource(s)
  -------------------------------------------------------------------    -------------------
                         (clock clk_out1_clk_wiz_0 rise edge)
                                                      0.000     0.000 r  
    R4                                                0.000     0.000 r  clk (IN)
                         net (fo=0)                   0.000     0.000    clk_gen/inst/clk_in1
    R4                   IBUF (Prop_ibuf_I_O)         0.243     0.243 r  clk_gen/inst/clkin1_ibufg/O
                         net (fo=1, routed)           0.440     0.683    clk_gen/inst/clk_in1_clk_wiz_0
    PLLE2_ADV_X1Y2       PLLE2_ADV (Prop_plle2_adv_CLKIN1_CLKOUT0)
                                                     -2.503    -1.819 r  clk_gen/inst/plle2_adv_inst/CLKOUT0
                         net (fo=1, routed)           0.546    -1.273    clk_gen/inst/clk_out1_clk_wiz_0
    BUFGCTRL_X0Y0        BUFG (Prop_bufg_I_O)         0.026    -1.247 r  clk_gen/inst/clkout1_buf/O
                         net (fo=12193, routed)       0.633    -0.614    rv64im72f_5sp/mem_wb_register/clk_out1
    SLICE_X78Y51         FDCE                                         r  rv64im72f_5sp/mem_wb_register/WB_instruction_reg[2]_lopt_replica/C
  -------------------------------------------------------------------    -------------------
    SLICE_X78Y51         FDCE (Prop_fdce_C_Q)         0.141    -0.473 r  rv64im72f_5sp/mem_wb_register/WB_instruction_reg[2]_lopt_replica/Q
                         net (fo=1, routed)           2.023     1.550    lopt_2
    U16                  OBUF (Prop_obuf_I_O)         1.181     2.731 r  led_OBUF[3]_inst/O
                         net (fo=0)                   0.000     2.731    led[3]
    U16                                                               r  led[3] (OUT)
  -------------------------------------------------------------------    -------------------

Slack:                    inf
  Source:                 rv64im72f_5sp/mem_wb_register/WB_instruction_reg[5]_lopt_replica/C
                            (rising edge-triggered cell FDCE clocked by clk_out1_clk_wiz_0  {rise@0.000ns fall@13.514ns period=27.027ns})
  Destination:            led[6]
                            (output port)
  Path Group:             (none)
  Path Type:              Min at Fast Process Corner
  Data Path Delay:        3.407ns  (logic 1.361ns (39.952%)  route 2.046ns (60.048%))
  Logic Levels:           1  (OBUF=1)
  Clock Uncertainty:      0.392ns  ((TSJ^2 + DJ^2)^1/2) / 2 + PE
    Total System Jitter     (TSJ):    0.050ns
    Discrete Jitter          (DJ):    0.287ns
    Phase Error              (PE):    0.246ns
  Timing Exception:       False Path

    Location             Delay type                Incr(ns)  Path(ns)    Netlist Resource(s)
  -------------------------------------------------------------------    -------------------
                         (clock clk_out1_clk_wiz_0 rise edge)
                                                      0.000     0.000 r  
    R4                                                0.000     0.000 r  clk (IN)
                         net (fo=0)                   0.000     0.000    clk_gen/inst/clk_in1
    R4                   IBUF (Prop_ibuf_I_O)         0.243     0.243 r  clk_gen/inst/clkin1_ibufg/O
                         net (fo=1, routed)           0.440     0.683    clk_gen/inst/clk_in1_clk_wiz_0
    PLLE2_ADV_X1Y2       PLLE2_ADV (Prop_plle2_adv_CLKIN1_CLKOUT0)
                                                     -2.503    -1.819 r  clk_gen/inst/plle2_adv_inst/CLKOUT0
                         net (fo=1, routed)           0.546    -1.273    clk_gen/inst/clk_out1_clk_wiz_0
    BUFGCTRL_X0Y0        BUFG (Prop_bufg_I_O)         0.026    -1.247 r  clk_gen/inst/clkout1_buf/O
                         net (fo=12193, routed)       0.632    -0.615    rv64im72f_5sp/mem_wb_register/clk_out1
    SLICE_X82Y51         FDCE                                         r  rv64im72f_5sp/mem_wb_register/WB_instruction_reg[5]_lopt_replica/C
  -------------------------------------------------------------------    -------------------
    SLICE_X82Y51         FDCE (Prop_fdce_C_Q)         0.128    -0.487 r  rv64im72f_5sp/mem_wb_register/WB_instruction_reg[5]_lopt_replica/Q
                         net (fo=1, routed)           2.046     1.559    lopt_5
    W15                  OBUF (Prop_obuf_I_O)         1.233     2.792 r  led_OBUF[6]_inst/O
                         net (fo=0)                   0.000     2.792    led[6]
    W15                                                               r  led[6] (OUT)
  -------------------------------------------------------------------    -------------------

Slack:                    inf
  Source:                 rv64im72f_5sp/mem_wb_register/WB_instruction_reg[6]_lopt_replica/C
                            (rising edge-triggered cell FDCE clocked by clk_out1_clk_wiz_0  {rise@0.000ns fall@13.514ns period=27.027ns})
  Destination:            led[7]
                            (output port)
  Path Group:             (none)
  Path Type:              Min at Fast Process Corner
  Data Path Delay:        3.610ns  (logic 1.373ns (38.038%)  route 2.237ns (61.962%))
  Logic Levels:           1  (OBUF=1)
  Clock Uncertainty:      0.392ns  ((TSJ^2 + DJ^2)^1/2) / 2 + PE
    Total System Jitter     (TSJ):    0.050ns
    Discrete Jitter          (DJ):    0.287ns
    Phase Error              (PE):    0.246ns
  Timing Exception:       False Path

    Location             Delay type                Incr(ns)  Path(ns)    Netlist Resource(s)
  -------------------------------------------------------------------    -------------------
                         (clock clk_out1_clk_wiz_0 rise edge)
                                                      0.000     0.000 r  
    R4                                                0.000     0.000 r  clk (IN)
                         net (fo=0)                   0.000     0.000    clk_gen/inst/clk_in1
    R4                   IBUF (Prop_ibuf_I_O)         0.243     0.243 r  clk_gen/inst/clkin1_ibufg/O
                         net (fo=1, routed)           0.440     0.683    clk_gen/inst/clk_in1_clk_wiz_0
    PLLE2_ADV_X1Y2       PLLE2_ADV (Prop_plle2_adv_CLKIN1_CLKOUT0)
                                                     -2.503    -1.819 r  clk_gen/inst/plle2_adv_inst/CLKOUT0
                         net (fo=1, routed)           0.546    -1.273    clk_gen/inst/clk_out1_clk_wiz_0
    BUFGCTRL_X0Y0        BUFG (Prop_bufg_I_O)         0.026    -1.247 r  clk_gen/inst/clkout1_buf/O
                         net (fo=12193, routed)       0.633    -0.614    rv64im72f_5sp/mem_wb_register/clk_out1
    SLICE_X81Y51         FDCE                                         r  rv64im72f_5sp/mem_wb_register/WB_instruction_reg[6]_lopt_replica/C
  -------------------------------------------------------------------    -------------------
    SLICE_X81Y51         FDCE (Prop_fdce_C_Q)         0.141    -0.473 r  rv64im72f_5sp/mem_wb_register/WB_instruction_reg[6]_lopt_replica/Q
                         net (fo=1, routed)           2.237     1.763    lopt_6
    Y13                  OBUF (Prop_obuf_I_O)         1.232     2.995 r  led_OBUF[7]_inst/O
                         net (fo=0)                   0.000     2.995    led[7]
    Y13                                                               r  led[7] (OUT)
  -------------------------------------------------------------------    -------------------





--------------------------------------------------------------------------------------
Path Group:  (none)
From Clock:  
  To Clock:  clk_out1_clk_wiz_0

Max Delay             4 Endpoints
Min Delay             4 Endpoints
--------------------------------------------------------------------------------------


Max Delay Paths
--------------------------------------------------------------------------------------
Slack:                    inf
  Source:                 btn_up
                            (input port)
  Destination:            unified_uart_controller/btn_sync_reg[0]/D
                            (rising edge-triggered cell FDCE clocked by clk_out1_clk_wiz_0  {rise@0.000ns fall@13.514ns period=27.027ns})
  Path Group:             (none)
  Path Type:              Setup (Max at Slow Process Corner)
  Data Path Delay:        4.868ns  (logic 1.069ns (21.969%)  route 3.799ns (78.031%))
  Logic Levels:           1  (IBUF=1)
  Clock Path Skew:        -2.080ns (DCD - SCD + CPR)
    Destination Clock Delay (DCD):    -2.080ns
    Source Clock Delay      (SCD):    0.000ns
    Clock Pessimism Removal (CPR):    0.000ns
  Clock Uncertainty:      0.392ns  ((TSJ^2 + DJ^2)^1/2) / 2 + PE
    Total System Jitter     (TSJ):    0.050ns
    Discrete Jitter          (DJ):    0.287ns
    Phase Error              (PE):    0.246ns
  Timing Exception:       False Path

    Location             Delay type                Incr(ns)  Path(ns)    Netlist Resource(s)
  -------------------------------------------------------------------    -------------------
    F15                                               0.000     0.000 r  btn_up (IN)
                         net (fo=0)                   0.000     0.000    btn_up
    F15                  IBUF (Prop_ibuf_I_O)         1.069     1.069 r  btn_up_IBUF_inst/O
                         net (fo=1, routed)           3.799     4.868    unified_uart_controller/D[0]
    SLICE_X4Y141         FDCE                                         r  unified_uart_controller/btn_sync_reg[0]/D
  -------------------------------------------------------------------    -------------------

                         (clock clk_out1_clk_wiz_0 rise edge)
                                                      0.000     0.000 r  
    R4                                                0.000     0.000 r  clk (IN)
                         net (fo=0)                   0.000     0.000    clk_gen/inst/clk_in1
    R4                   IBUF (Prop_ibuf_I_O)         1.405     1.405 r  clk_gen/inst/clkin1_ibufg/O
                         net (fo=1, routed)           1.181     2.586    clk_gen/inst/clk_in1_clk_wiz_0
    PLLE2_ADV_X1Y2       PLLE2_ADV (Prop_plle2_adv_CLKIN1_CLKOUT0)
                                                     -8.206    -5.620 r  clk_gen/inst/plle2_adv_inst/CLKOUT0
                         net (fo=1, routed)           1.718    -3.902    clk_gen/inst/clk_out1_clk_wiz_0
    BUFGCTRL_X0Y0        BUFG (Prop_bufg_I_O)         0.091    -3.811 r  clk_gen/inst/clkout1_buf/O
                         net (fo=12193, routed)       1.730    -2.080    unified_uart_controller/clk_out1
    SLICE_X4Y141         FDCE                                         r  unified_uart_controller/btn_sync_reg[0]/C

Slack:                    inf
  Source:                 reset_n
                            (input port)
  Destination:            reset_sync_reg[0]/PRE
                            (recovery check against rising-edge clock clk_out1_clk_wiz_0  {rise@0.000ns fall@13.514ns period=27.027ns})
  Path Group:             (none)
  Path Type:              Recovery (Max at Slow Process Corner)
  Data Path Delay:        3.922ns  (logic 1.093ns (27.861%)  route 2.830ns (72.139%))
  Logic Levels:           2  (IBUF=1 LUT1=1)
  Clock Path Skew:        -2.096ns (DCD - SCD + CPR)
    Destination Clock Delay (DCD):    -2.096ns
    Source Clock Delay      (SCD):    0.000ns
    Clock Pessimism Removal (CPR):    0.000ns
  Clock Uncertainty:      0.392ns  ((TSJ^2 + DJ^2)^1/2) / 2 + PE
    Total System Jitter     (TSJ):    0.050ns
    Discrete Jitter          (DJ):    0.287ns
    Phase Error              (PE):    0.246ns
  Timing Exception:       False Path

    Location             Delay type                Incr(ns)  Path(ns)    Netlist Resource(s)
  -------------------------------------------------------------------    -------------------
    G4                                                0.000     0.000 r  reset_n (IN)
                         net (fo=0)                   0.000     0.000    reset_n
    G4                   IBUF (Prop_ibuf_I_O)         0.969     0.969 r  reset_n_IBUF_inst/O
                         net (fo=2, routed)           2.300     3.269    reset_n_IBUF
    SLICE_X162Y148       LUT1 (Prop_lut1_I0_O)        0.124     3.393 f  clk_gen_i_1/O
                         net (fo=3, routed)           0.529     3.922    reset
    SLICE_X162Y148       FDPE                                         f  reset_sync_reg[0]/PRE
  -------------------------------------------------------------------    -------------------

                         (clock clk_out1_clk_wiz_0 rise edge)
                                                      0.000     0.000 r  
    R4                                                0.000     0.000 r  clk (IN)
                         net (fo=0)                   0.000     0.000    clk_gen/inst/clk_in1
    R4                   IBUF (Prop_ibuf_I_O)         1.405     1.405 r  clk_gen/inst/clkin1_ibufg/O
                         net (fo=1, routed)           1.181     2.586    clk_gen/inst/clk_in1_clk_wiz_0
    PLLE2_ADV_X1Y2       PLLE2_ADV (Prop_plle2_adv_CLKIN1_CLKOUT0)
                                                     -8.206    -5.620 r  clk_gen/inst/plle2_adv_inst/CLKOUT0
                         net (fo=1, routed)           1.718    -3.902    clk_gen/inst/clk_out1_clk_wiz_0
    BUFGCTRL_X0Y0        BUFG (Prop_bufg_I_O)         0.091    -3.811 r  clk_gen/inst/clkout1_buf/O
                         net (fo=12193, routed)       1.714    -2.096    clk_cpu
    SLICE_X162Y148       FDPE                                         r  reset_sync_reg[0]/C

Slack:                    inf
  Source:                 reset_n
                            (input port)
  Destination:            reset_sync_reg[1]/PRE
                            (recovery check against rising-edge clock clk_out1_clk_wiz_0  {rise@0.000ns fall@13.514ns period=27.027ns})
  Path Group:             (none)
  Path Type:              Recovery (Max at Slow Process Corner)
  Data Path Delay:        3.922ns  (logic 1.093ns (27.861%)  route 2.830ns (72.139%))
  Logic Levels:           2  (IBUF=1 LUT1=1)
  Clock Path Skew:        -2.096ns (DCD - SCD + CPR)
    Destination Clock Delay (DCD):    -2.096ns
    Source Clock Delay      (SCD):    0.000ns
    Clock Pessimism Removal (CPR):    0.000ns
  Clock Uncertainty:      0.392ns  ((TSJ^2 + DJ^2)^1/2) / 2 + PE
    Total System Jitter     (TSJ):    0.050ns
    Discrete Jitter          (DJ):    0.287ns
    Phase Error              (PE):    0.246ns
  Timing Exception:       False Path

    Location             Delay type                Incr(ns)  Path(ns)    Netlist Resource(s)
  -------------------------------------------------------------------    -------------------
    G4                                                0.000     0.000 r  reset_n (IN)
                         net (fo=0)                   0.000     0.000    reset_n
    G4                   IBUF (Prop_ibuf_I_O)         0.969     0.969 r  reset_n_IBUF_inst/O
                         net (fo=2, routed)           2.300     3.269    reset_n_IBUF
    SLICE_X162Y148       LUT1 (Prop_lut1_I0_O)        0.124     3.393 f  clk_gen_i_1/O
                         net (fo=3, routed)           0.529     3.922    reset
    SLICE_X162Y148       FDPE                                         f  reset_sync_reg[1]/PRE
  -------------------------------------------------------------------    -------------------

                         (clock clk_out1_clk_wiz_0 rise edge)
                                                      0.000     0.000 r  
    R4                                                0.000     0.000 r  clk (IN)
                         net (fo=0)                   0.000     0.000    clk_gen/inst/clk_in1
    R4                   IBUF (Prop_ibuf_I_O)         1.405     1.405 r  clk_gen/inst/clkin1_ibufg/O
                         net (fo=1, routed)           1.181     2.586    clk_gen/inst/clk_in1_clk_wiz_0
    PLLE2_ADV_X1Y2       PLLE2_ADV (Prop_plle2_adv_CLKIN1_CLKOUT0)
                                                     -8.206    -5.620 r  clk_gen/inst/plle2_adv_inst/CLKOUT0
                         net (fo=1, routed)           1.718    -3.902    clk_gen/inst/clk_out1_clk_wiz_0
    BUFGCTRL_X0Y0        BUFG (Prop_bufg_I_O)         0.091    -3.811 r  clk_gen/inst/clkout1_buf/O
                         net (fo=12193, routed)       1.714    -2.096    clk_cpu
    SLICE_X162Y148       FDPE                                         r  reset_sync_reg[1]/C

Slack:                    inf
  Source:                 reset_n
                            (input port)
  Destination:            reset_sync_reg[2]/PRE
                            (recovery check against rising-edge clock clk_out1_clk_wiz_0  {rise@0.000ns fall@13.514ns period=27.027ns})
  Path Group:             (none)
  Path Type:              Recovery (Max at Slow Process Corner)
  Data Path Delay:        3.922ns  (logic 1.093ns (27.861%)  route 2.830ns (72.139%))
  Logic Levels:           2  (IBUF=1 LUT1=1)
  Clock Path Skew:        -2.096ns (DCD - SCD + CPR)
    Destination Clock Delay (DCD):    -2.096ns
    Source Clock Delay      (SCD):    0.000ns
    Clock Pessimism Removal (CPR):    0.000ns
  Clock Uncertainty:      0.392ns  ((TSJ^2 + DJ^2)^1/2) / 2 + PE
    Total System Jitter     (TSJ):    0.050ns
    Discrete Jitter          (DJ):    0.287ns
    Phase Error              (PE):    0.246ns
  Timing Exception:       False Path

    Location             Delay type                Incr(ns)  Path(ns)    Netlist Resource(s)
  -------------------------------------------------------------------    -------------------
    G4                                                0.000     0.000 r  reset_n (IN)
                         net (fo=0)                   0.000     0.000    reset_n
    G4                   IBUF (Prop_ibuf_I_O)         0.969     0.969 r  reset_n_IBUF_inst/O
                         net (fo=2, routed)           2.300     3.269    reset_n_IBUF
    SLICE_X162Y148       LUT1 (Prop_lut1_I0_O)        0.124     3.393 f  clk_gen_i_1/O
                         net (fo=3, routed)           0.529     3.922    reset
    SLICE_X162Y148       FDPE                                         f  reset_sync_reg[2]/PRE
  -------------------------------------------------------------------    -------------------

                         (clock clk_out1_clk_wiz_0 rise edge)
                                                      0.000     0.000 r  
    R4                                                0.000     0.000 r  clk (IN)
                         net (fo=0)                   0.000     0.000    clk_gen/inst/clk_in1
    R4                   IBUF (Prop_ibuf_I_O)         1.405     1.405 r  clk_gen/inst/clkin1_ibufg/O
                         net (fo=1, routed)           1.181     2.586    clk_gen/inst/clk_in1_clk_wiz_0
    PLLE2_ADV_X1Y2       PLLE2_ADV (Prop_plle2_adv_CLKIN1_CLKOUT0)
                                                     -8.206    -5.620 r  clk_gen/inst/plle2_adv_inst/CLKOUT0
                         net (fo=1, routed)           1.718    -3.902    clk_gen/inst/clk_out1_clk_wiz_0
    BUFGCTRL_X0Y0        BUFG (Prop_bufg_I_O)         0.091    -3.811 r  clk_gen/inst/clkout1_buf/O
                         net (fo=12193, routed)       1.714    -2.096    clk_cpu
    SLICE_X162Y148       FDPE                                         r  reset_sync_reg[2]/C





Min Delay Paths
--------------------------------------------------------------------------------------
Slack:                    inf
  Source:                 reset_n
                            (input port)
  Destination:            reset_sync_reg[0]/PRE
                            (removal check against rising-edge clock clk_out1_clk_wiz_0  {rise@0.000ns fall@13.514ns period=27.027ns})
  Path Group:             (none)
  Path Type:              Removal (Min at Fast Process Corner)
  Data Path Delay:        1.239ns  (logic 0.171ns (13.789%)  route 1.069ns (86.211%))
  Logic Levels:           2  (IBUF=1 LUT1=1)
  Clock Path Skew:        -0.371ns (DCD - SCD - CPR)
    Destination Clock Delay (DCD):    -0.371ns
    Source Clock Delay      (SCD):    0.000ns
    Clock Pessimism Removal (CPR):    -0.000ns
  Timing Exception:       False Path

    Location             Delay type                Incr(ns)  Path(ns)    Netlist Resource(s)
  -------------------------------------------------------------------    -------------------
    G4                                                0.000     0.000 r  reset_n (IN)
                         net (fo=0)                   0.000     0.000    reset_n
    G4                   IBUF (Prop_ibuf_I_O)         0.126     0.126 r  reset_n_IBUF_inst/O
                         net (fo=2, routed)           0.893     1.019    reset_n_IBUF
    SLICE_X162Y148       LUT1 (Prop_lut1_I0_O)        0.045     1.064 f  clk_gen_i_1/O
                         net (fo=3, routed)           0.175     1.239    reset
    SLICE_X162Y148       FDPE                                         f  reset_sync_reg[0]/PRE
  -------------------------------------------------------------------    -------------------

                         (clock clk_out1_clk_wiz_0 rise edge)
                                                      0.000     0.000 r  
    R4                                                0.000     0.000 r  clk (IN)
                         net (fo=0)                   0.000     0.000    clk_gen/inst/clk_in1
    R4                   IBUF (Prop_ibuf_I_O)         0.431     0.431 r  clk_gen/inst/clkin1_ibufg/O
                         net (fo=1, routed)           0.481     0.912    clk_gen/inst/clk_in1_clk_wiz_0
    PLLE2_ADV_X1Y2       PLLE2_ADV (Prop_plle2_adv_CLKIN1_CLKOUT0)
                                                     -2.828    -1.916 r  clk_gen/inst/plle2_adv_inst/CLKOUT0
                         net (fo=1, routed)           0.595    -1.322    clk_gen/inst/clk_out1_clk_wiz_0
    BUFGCTRL_X0Y0        BUFG (Prop_bufg_I_O)         0.029    -1.293 r  clk_gen/inst/clkout1_buf/O
                         net (fo=12193, routed)       0.922    -0.371    clk_cpu
    SLICE_X162Y148       FDPE                                         r  reset_sync_reg[0]/C

Slack:                    inf
  Source:                 reset_n
                            (input port)
  Destination:            reset_sync_reg[1]/PRE
                            (removal check against rising-edge clock clk_out1_clk_wiz_0  {rise@0.000ns fall@13.514ns period=27.027ns})
  Path Group:             (none)
  Path Type:              Removal (Min at Fast Process Corner)
  Data Path Delay:        1.239ns  (logic 0.171ns (13.789%)  route 1.069ns (86.211%))
  Logic Levels:           2  (IBUF=1 LUT1=1)
  Clock Path Skew:        -0.371ns (DCD - SCD - CPR)
    Destination Clock Delay (DCD):    -0.371ns
    Source Clock Delay      (SCD):    0.000ns
    Clock Pessimism Removal (CPR):    -0.000ns
  Timing Exception:       False Path

    Location             Delay type                Incr(ns)  Path(ns)    Netlist Resource(s)
  -------------------------------------------------------------------    -------------------
    G4                                                0.000     0.000 r  reset_n (IN)
                         net (fo=0)                   0.000     0.000    reset_n
    G4                   IBUF (Prop_ibuf_I_O)         0.126     0.126 r  reset_n_IBUF_inst/O
                         net (fo=2, routed)           0.893     1.019    reset_n_IBUF
    SLICE_X162Y148       LUT1 (Prop_lut1_I0_O)        0.045     1.064 f  clk_gen_i_1/O
                         net (fo=3, routed)           0.175     1.239    reset
    SLICE_X162Y148       FDPE                                         f  reset_sync_reg[1]/PRE
  -------------------------------------------------------------------    -------------------

                         (clock clk_out1_clk_wiz_0 rise edge)
                                                      0.000     0.000 r  
    R4                                                0.000     0.000 r  clk (IN)
                         net (fo=0)                   0.000     0.000    clk_gen/inst/clk_in1
    R4                   IBUF (Prop_ibuf_I_O)         0.431     0.431 r  clk_gen/inst/clkin1_ibufg/O
                         net (fo=1, routed)           0.481     0.912    clk_gen/inst/clk_in1_clk_wiz_0
    PLLE2_ADV_X1Y2       PLLE2_ADV (Prop_plle2_adv_CLKIN1_CLKOUT0)
                                                     -2.828    -1.916 r  clk_gen/inst/plle2_adv_inst/CLKOUT0
                         net (fo=1, routed)           0.595    -1.322    clk_gen/inst/clk_out1_clk_wiz_0
    BUFGCTRL_X0Y0        BUFG (Prop_bufg_I_O)         0.029    -1.293 r  clk_gen/inst/clkout1_buf/O
                         net (fo=12193, routed)       0.922    -0.371    clk_cpu
    SLICE_X162Y148       FDPE                                         r  reset_sync_reg[1]/C

Slack:                    inf
  Source:                 reset_n
                            (input port)
  Destination:            reset_sync_reg[2]/PRE
                            (removal check against rising-edge clock clk_out1_clk_wiz_0  {rise@0.000ns fall@13.514ns period=27.027ns})
  Path Group:             (none)
  Path Type:              Removal (Min at Fast Process Corner)
  Data Path Delay:        1.239ns  (logic 0.171ns (13.789%)  route 1.069ns (86.211%))
  Logic Levels:           2  (IBUF=1 LUT1=1)
  Clock Path Skew:        -0.371ns (DCD - SCD - CPR)
    Destination Clock Delay (DCD):    -0.371ns
    Source Clock Delay      (SCD):    0.000ns
    Clock Pessimism Removal (CPR):    -0.000ns
  Timing Exception:       False Path

    Location             Delay type                Incr(ns)  Path(ns)    Netlist Resource(s)
  -------------------------------------------------------------------    -------------------
    G4                                                0.000     0.000 r  reset_n (IN)
                         net (fo=0)                   0.000     0.000    reset_n
    G4                   IBUF (Prop_ibuf_I_O)         0.126     0.126 r  reset_n_IBUF_inst/O
                         net (fo=2, routed)           0.893     1.019    reset_n_IBUF
    SLICE_X162Y148       LUT1 (Prop_lut1_I0_O)        0.045     1.064 f  clk_gen_i_1/O
                         net (fo=3, routed)           0.175     1.239    reset
    SLICE_X162Y148       FDPE                                         f  reset_sync_reg[2]/PRE
  -------------------------------------------------------------------    -------------------

                         (clock clk_out1_clk_wiz_0 rise edge)
                                                      0.000     0.000 r  
    R4                                                0.000     0.000 r  clk (IN)
                         net (fo=0)                   0.000     0.000    clk_gen/inst/clk_in1
    R4                   IBUF (Prop_ibuf_I_O)         0.431     0.431 r  clk_gen/inst/clkin1_ibufg/O
                         net (fo=1, routed)           0.481     0.912    clk_gen/inst/clk_in1_clk_wiz_0
    PLLE2_ADV_X1Y2       PLLE2_ADV (Prop_plle2_adv_CLKIN1_CLKOUT0)
                                                     -2.828    -1.916 r  clk_gen/inst/plle2_adv_inst/CLKOUT0
                         net (fo=1, routed)           0.595    -1.322    clk_gen/inst/clk_out1_clk_wiz_0
    BUFGCTRL_X0Y0        BUFG (Prop_bufg_I_O)         0.029    -1.293 r  clk_gen/inst/clkout1_buf/O
                         net (fo=12193, routed)       0.922    -0.371    clk_cpu
    SLICE_X162Y148       FDPE                                         r  reset_sync_reg[2]/C

Slack:                    inf
  Source:                 btn_up
                            (input port)
  Destination:            unified_uart_controller/btn_sync_reg[0]/D
                            (rising edge-triggered cell FDCE clocked by clk_out1_clk_wiz_0  {rise@0.000ns fall@13.514ns period=27.027ns})
  Path Group:             (none)
  Path Type:              Hold (Min at Fast Process Corner)
  Data Path Delay:        1.804ns  (logic 0.193ns (10.724%)  route 1.611ns (89.276%))
  Logic Levels:           1  (IBUF=1)
  Clock Path Skew:        -0.366ns (DCD - SCD - CPR)
    Destination Clock Delay (DCD):    -0.366ns
    Source Clock Delay      (SCD):    0.000ns
    Clock Pessimism Removal (CPR):    -0.000ns
  Timing Exception:       False Path

    Location             Delay type                Incr(ns)  Path(ns)    Netlist Resource(s)
  -------------------------------------------------------------------    -------------------
    F15                                               0.000     0.000 r  btn_up (IN)
                         net (fo=0)                   0.000     0.000    btn_up
    F15                  IBUF (Prop_ibuf_I_O)         0.193     0.193 r  btn_up_IBUF_inst/O
                         net (fo=1, routed)           1.611     1.804    unified_uart_controller/D[0]
    SLICE_X4Y141         FDCE                                         r  unified_uart_controller/btn_sync_reg[0]/D
  -------------------------------------------------------------------    -------------------

                         (clock clk_out1_clk_wiz_0 rise edge)
                                                      0.000     0.000 r  
    R4                                                0.000     0.000 r  clk (IN)
                         net (fo=0)                   0.000     0.000    clk_gen/inst/clk_in1
    R4                   IBUF (Prop_ibuf_I_O)         0.431     0.431 r  clk_gen/inst/clkin1_ibufg/O
                         net (fo=1, routed)           0.481     0.912    clk_gen/inst/clk_in1_clk_wiz_0
    PLLE2_ADV_X1Y2       PLLE2_ADV (Prop_plle2_adv_CLKIN1_CLKOUT0)
                                                     -2.828    -1.916 r  clk_gen/inst/plle2_adv_inst/CLKOUT0
                         net (fo=1, routed)           0.595    -1.322    clk_gen/inst/clk_out1_clk_wiz_0
    BUFGCTRL_X0Y0        BUFG (Prop_bufg_I_O)         0.029    -1.293 r  clk_gen/inst/clkout1_buf/O
                         net (fo=12193, routed)       0.927    -0.366    unified_uart_controller/clk_out1
    SLICE_X4Y141         FDCE                                         r  unified_uart_controller/btn_sync_reg[0]/C





--------------------------------------------------------------------------------------
Path Group:  (none)
From Clock:  
  To Clock:  clk_out1_clk_wiz_0

Max Delay            20 Endpoints
Min Delay            20 Endpoints
--------------------------------------------------------------------------------------


Max Delay Paths
--------------------------------------------------------------------------------------
Slack:                    inf
  Source:                 clk_gen/inst/plle2_adv_inst/LOCKED
                            (internal pin)
  Destination:            reset_sync_reg[2]/D
                            (rising edge-triggered cell FDPE clocked by clk_out1_clk_wiz_0  {rise@0.000ns fall@13.514ns period=27.027ns})
  Path Group:             (none)
  Path Type:              Setup (Max at Slow Process Corner)
  Data Path Delay:        1.737ns  (logic 0.124ns (7.141%)  route 1.613ns (92.859%))
  Logic Levels:           1  (LUT2=1)
  Clock Uncertainty:      0.392ns  ((TSJ^2 + DJ^2)^1/2) / 2 + PE
    Total System Jitter     (TSJ):    0.050ns
    Discrete Jitter          (DJ):    0.287ns
    Phase Error              (PE):    0.246ns

    Location             Delay type                Incr(ns)  Path(ns)    Netlist Resource(s)
  -------------------------------------------------------------------    -------------------
    PLLE2_ADV_X1Y2       PLLE2_ADV                    0.000     0.000 f  clk_gen/inst/plle2_adv_inst/LOCKED
                         net (fo=3, routed)           0.954     0.954    clk_locked
    SLICE_X162Y148       LUT2 (Prop_lut2_I1_O)        0.124     1.078 r  reset_sync[2]_i_1/O
                         net (fo=1, routed)           0.659     1.737    reset_sync[2]_i_1_n_0
    SLICE_X162Y148       FDPE                                         r  reset_sync_reg[2]/D
  -------------------------------------------------------------------    -------------------

                         (clock clk_out1_clk_wiz_0 rise edge)
                                                      0.000     0.000 r  
    R4                                                0.000     0.000 r  clk (IN)
                         net (fo=0)                   0.000     0.000    clk_gen/inst/clk_in1
    R4                   IBUF (Prop_ibuf_I_O)         1.405     1.405 r  clk_gen/inst/clkin1_ibufg/O
                         net (fo=1, routed)           1.181     2.586    clk_gen/inst/clk_in1_clk_wiz_0
    PLLE2_ADV_X1Y2       PLLE2_ADV (Prop_plle2_adv_CLKIN1_CLKOUT0)
                                                     -8.206    -5.620 r  clk_gen/inst/plle2_adv_inst/CLKOUT0
                         net (fo=1, routed)           1.718    -3.902    clk_gen/inst/clk_out1_clk_wiz_0
    BUFGCTRL_X0Y0        BUFG (Prop_bufg_I_O)         0.091    -3.811 r  clk_gen/inst/clkout1_buf/O
                         net (fo=12193, routed)       1.714    -2.096    clk_cpu
    SLICE_X162Y148       FDPE                                         r  reset_sync_reg[2]/C

Slack:                    inf
  Source:                 clk_gen/inst/plle2_adv_inst/LOCKED
                            (internal pin)
  Destination:            reset_sync_reg[0]/D
                            (rising edge-triggered cell FDPE clocked by clk_out1_clk_wiz_0  {rise@0.000ns fall@13.514ns period=27.027ns})
  Path Group:             (none)
  Path Type:              Setup (Max at Slow Process Corner)
  Data Path Delay:        1.423ns  (logic 0.124ns (8.715%)  route 1.299ns (91.285%))
  Logic Levels:           1  (LUT1=1)
  Clock Uncertainty:      0.392ns  ((TSJ^2 + DJ^2)^1/2) / 2 + PE
    Total System Jitter     (TSJ):    0.050ns
    Discrete Jitter          (DJ):    0.287ns
    Phase Error              (PE):    0.246ns

    Location             Delay type                Incr(ns)  Path(ns)    Netlist Resource(s)
  -------------------------------------------------------------------    -------------------
    PLLE2_ADV_X1Y2       PLLE2_ADV                    0.000     0.000 f  clk_gen/inst/plle2_adv_inst/LOCKED
                         net (fo=3, routed)           1.299     1.299    clk_locked
    SLICE_X162Y148       LUT1 (Prop_lut1_I0_O)        0.124     1.423 r  reset_sync[0]_i_1/O
                         net (fo=1, routed)           0.000     1.423    reset_sync[0]_i_1_n_0
    SLICE_X162Y148       FDPE                                         r  reset_sync_reg[0]/D
  -------------------------------------------------------------------    -------------------

                         (clock clk_out1_clk_wiz_0 rise edge)
                                                      0.000     0.000 r  
    R4                                                0.000     0.000 r  clk (IN)
                         net (fo=0)                   0.000     0.000    clk_gen/inst/clk_in1
    R4                   IBUF (Prop_ibuf_I_O)         1.405     1.405 r  clk_gen/inst/clkin1_ibufg/O
                         net (fo=1, routed)           1.181     2.586    clk_gen/inst/clk_in1_clk_wiz_0
    PLLE2_ADV_X1Y2       PLLE2_ADV (Prop_plle2_adv_CLKIN1_CLKOUT0)
                                                     -8.206    -5.620 r  clk_gen/inst/plle2_adv_inst/CLKOUT0
                         net (fo=1, routed)           1.718    -3.902    clk_gen/inst/clk_out1_clk_wiz_0
    BUFGCTRL_X0Y0        BUFG (Prop_bufg_I_O)         0.091    -3.811 r  clk_gen/inst/clkout1_buf/O
                         net (fo=12193, routed)       1.714    -2.096    clk_cpu
    SLICE_X162Y148       FDPE                                         r  reset_sync_reg[0]/C

Slack:                    inf
  Source:                 clk_gen/inst/plle2_adv_inst/LOCKED
                            (internal pin)
  Destination:            reset_sync_reg[1]/D
                            (rising edge-triggered cell FDPE clocked by clk_out1_clk_wiz_0  {rise@0.000ns fall@13.514ns period=27.027ns})
  Path Group:             (none)
  Path Type:              Setup (Max at Slow Process Corner)
  Data Path Delay:        1.415ns  (logic 0.124ns (8.765%)  route 1.291ns (91.235%))
  Logic Levels:           1  (LUT2=1)
  Clock Uncertainty:      0.392ns  ((TSJ^2 + DJ^2)^1/2) / 2 + PE
    Total System Jitter     (TSJ):    0.050ns
    Discrete Jitter          (DJ):    0.287ns
    Phase Error              (PE):    0.246ns

    Location             Delay type                Incr(ns)  Path(ns)    Netlist Resource(s)
  -------------------------------------------------------------------    -------------------
    PLLE2_ADV_X1Y2       PLLE2_ADV                    0.000     0.000 f  clk_gen/inst/plle2_adv_inst/LOCKED
                         net (fo=3, routed)           1.291     1.291    clk_locked
    SLICE_X162Y148       LUT2 (Prop_lut2_I1_O)        0.124     1.415 r  reset_sync[1]_i_1/O
                         net (fo=1, routed)           0.000     1.415    reset_sync[1]_i_1_n_0
    SLICE_X162Y148       FDPE                                         r  reset_sync_reg[1]/D
  -------------------------------------------------------------------    -------------------

                         (clock clk_out1_clk_wiz_0 rise edge)
                                                      0.000     0.000 r  
    R4                                                0.000     0.000 r  clk (IN)
                         net (fo=0)                   0.000     0.000    clk_gen/inst/clk_in1
    R4                   IBUF (Prop_ibuf_I_O)         1.405     1.405 r  clk_gen/inst/clkin1_ibufg/O
                         net (fo=1, routed)           1.181     2.586    clk_gen/inst/clk_in1_clk_wiz_0
    PLLE2_ADV_X1Y2       PLLE2_ADV (Prop_plle2_adv_CLKIN1_CLKOUT0)
                                                     -8.206    -5.620 r  clk_gen/inst/plle2_adv_inst/CLKOUT0
                         net (fo=1, routed)           1.718    -3.902    clk_gen/inst/clk_out1_clk_wiz_0
    BUFGCTRL_X0Y0        BUFG (Prop_bufg_I_O)         0.091    -3.811 r  clk_gen/inst/clkout1_buf/O
                         net (fo=12193, routed)       1.714    -2.096    clk_cpu
    SLICE_X162Y148       FDPE                                         r  reset_sync_reg[1]/C

Slack:                    inf
  Source:                 rv64im72f_5sp/alu/multiplier_word/mult_result__1/ACOUT[0]
                            (internal pin)
  Destination:            rv64im72f_5sp/alu/multiplier_word/mult_result__2/ACIN[0]
                            (rising edge-triggered cell DSP48E1 clocked by clk_out1_clk_wiz_0  {rise@0.000ns fall@13.514ns period=27.027ns})
  Path Group:             (none)
  Path Type:              Setup (Max at Slow Process Corner)
  Data Path Delay:        0.002ns  (logic 0.000ns (0.000%)  route 0.002ns (100.000%))
  Logic Levels:           0  
  Clock Uncertainty:      0.392ns  ((TSJ^2 + DJ^2)^1/2) / 2 + PE
    Total System Jitter     (TSJ):    0.050ns
    Discrete Jitter          (DJ):    0.287ns
    Phase Error              (PE):    0.246ns

    Location             Delay type                Incr(ns)  Path(ns)    Netlist Resource(s)
  -------------------------------------------------------------------    -------------------
    DSP48_X2Y10          DSP48E1                      0.000     0.000 r  rv64im72f_5sp/alu/multiplier_word/mult_result__1/ACOUT[0]
                         net (fo=1, routed)           0.002     0.002    rv64im72f_5sp/alu/multiplier_word/mult_result__1_n_53
    DSP48_X2Y11          DSP48E1                                      r  rv64im72f_5sp/alu/multiplier_word/mult_result__2/ACIN[0]
  -------------------------------------------------------------------    -------------------

                         (clock clk_out1_clk_wiz_0 rise edge)
                                                      0.000     0.000 r  
    R4                                                0.000     0.000 r  clk (IN)
                         net (fo=0)                   0.000     0.000    clk_gen/inst/clk_in1
    R4                   IBUF (Prop_ibuf_I_O)         1.405     1.405 r  clk_gen/inst/clkin1_ibufg/O
                         net (fo=1, routed)           1.181     2.586    clk_gen/inst/clk_in1_clk_wiz_0
    PLLE2_ADV_X1Y2       PLLE2_ADV (Prop_plle2_adv_CLKIN1_CLKOUT0)
                                                     -8.206    -5.620 r  clk_gen/inst/plle2_adv_inst/CLKOUT0
                         net (fo=1, routed)           1.718    -3.902    clk_gen/inst/clk_out1_clk_wiz_0
    BUFGCTRL_X0Y0        BUFG (Prop_bufg_I_O)         0.091    -3.811 r  clk_gen/inst/clkout1_buf/O
                         net (fo=12193, routed)       1.970    -1.841    rv64im72f_5sp/alu/multiplier_word/clk_out1
    DSP48_X2Y11          DSP48E1                                      r  rv64im72f_5sp/alu/multiplier_word/mult_result__2/CLK

Slack:                    inf
  Source:                 rv64im72f_5sp/alu/multiplier_word/mult_result__1/ACOUT[10]
                            (internal pin)
  Destination:            rv64im72f_5sp/alu/multiplier_word/mult_result__2/ACIN[10]
                            (rising edge-triggered cell DSP48E1 clocked by clk_out1_clk_wiz_0  {rise@0.000ns fall@13.514ns period=27.027ns})
  Path Group:             (none)
  Path Type:              Setup (Max at Slow Process Corner)
  Data Path Delay:        0.002ns  (logic 0.000ns (0.000%)  route 0.002ns (100.000%))
  Logic Levels:           0  
  Clock Uncertainty:      0.392ns  ((TSJ^2 + DJ^2)^1/2) / 2 + PE
    Total System Jitter     (TSJ):    0.050ns
    Discrete Jitter          (DJ):    0.287ns
    Phase Error              (PE):    0.246ns

    Location             Delay type                Incr(ns)  Path(ns)    Netlist Resource(s)
  -------------------------------------------------------------------    -------------------
    DSP48_X2Y10          DSP48E1                      0.000     0.000 r  rv64im72f_5sp/alu/multiplier_word/mult_result__1/ACOUT[10]
                         net (fo=1, routed)           0.002     0.002    rv64im72f_5sp/alu/multiplier_word/mult_result__1_n_43
    DSP48_X2Y11          DSP48E1                                      r  rv64im72f_5sp/alu/multiplier_word/mult_result__2/ACIN[10]
  -------------------------------------------------------------------    -------------------

                         (clock clk_out1_clk_wiz_0 rise edge)
                                                      0.000     0.000 r  
    R4                                                0.000     0.000 r  clk (IN)
                         net (fo=0)                   0.000     0.000    clk_gen/inst/clk_in1
    R4                   IBUF (Prop_ibuf_I_O)         1.405     1.405 r  clk_gen/inst/clkin1_ibufg/O
                         net (fo=1, routed)           1.181     2.586    clk_gen/inst/clk_in1_clk_wiz_0
    PLLE2_ADV_X1Y2       PLLE2_ADV (Prop_plle2_adv_CLKIN1_CLKOUT0)
                                                     -8.206    -5.620 r  clk_gen/inst/plle2_adv_inst/CLKOUT0
                         net (fo=1, routed)           1.718    -3.902    clk_gen/inst/clk_out1_clk_wiz_0
    BUFGCTRL_X0Y0        BUFG (Prop_bufg_I_O)         0.091    -3.811 r  clk_gen/inst/clkout1_buf/O
                         net (fo=12193, routed)       1.970    -1.841    rv64im72f_5sp/alu/multiplier_word/clk_out1
    DSP48_X2Y11          DSP48E1                                      r  rv64im72f_5sp/alu/multiplier_word/mult_result__2/CLK

Slack:                    inf
  Source:                 rv64im72f_5sp/alu/multiplier_word/mult_result__1/ACOUT[11]
                            (internal pin)
  Destination:            rv64im72f_5sp/alu/multiplier_word/mult_result__2/ACIN[11]
                            (rising edge-triggered cell DSP48E1 clocked by clk_out1_clk_wiz_0  {rise@0.000ns fall@13.514ns period=27.027ns})
  Path Group:             (none)
  Path Type:              Setup (Max at Slow Process Corner)
  Data Path Delay:        0.002ns  (logic 0.000ns (0.000%)  route 0.002ns (100.000%))
  Logic Levels:           0  
  Clock Uncertainty:      0.392ns  ((TSJ^2 + DJ^2)^1/2) / 2 + PE
    Total System Jitter     (TSJ):    0.050ns
    Discrete Jitter          (DJ):    0.287ns
    Phase Error              (PE):    0.246ns

    Location             Delay type                Incr(ns)  Path(ns)    Netlist Resource(s)
  -------------------------------------------------------------------    -------------------
    DSP48_X2Y10          DSP48E1                      0.000     0.000 r  rv64im72f_5sp/alu/multiplier_word/mult_result__1/ACOUT[11]
                         net (fo=1, routed)           0.002     0.002    rv64im72f_5sp/alu/multiplier_word/mult_result__1_n_42
    DSP48_X2Y11          DSP48E1                                      r  rv64im72f_5sp/alu/multiplier_word/mult_result__2/ACIN[11]
  -------------------------------------------------------------------    -------------------

                         (clock clk_out1_clk_wiz_0 rise edge)
                                                      0.000     0.000 r  
    R4                                                0.000     0.000 r  clk (IN)
                         net (fo=0)                   0.000     0.000    clk_gen/inst/clk_in1
    R4                   IBUF (Prop_ibuf_I_O)         1.405     1.405 r  clk_gen/inst/clkin1_ibufg/O
                         net (fo=1, routed)           1.181     2.586    clk_gen/inst/clk_in1_clk_wiz_0
    PLLE2_ADV_X1Y2       PLLE2_ADV (Prop_plle2_adv_CLKIN1_CLKOUT0)
                                                     -8.206    -5.620 r  clk_gen/inst/plle2_adv_inst/CLKOUT0
                         net (fo=1, routed)           1.718    -3.902    clk_gen/inst/clk_out1_clk_wiz_0
    BUFGCTRL_X0Y0        BUFG (Prop_bufg_I_O)         0.091    -3.811 r  clk_gen/inst/clkout1_buf/O
                         net (fo=12193, routed)       1.970    -1.841    rv64im72f_5sp/alu/multiplier_word/clk_out1
    DSP48_X2Y11          DSP48E1                                      r  rv64im72f_5sp/alu/multiplier_word/mult_result__2/CLK

Slack:                    inf
  Source:                 rv64im72f_5sp/alu/multiplier_word/mult_result__1/ACOUT[12]
                            (internal pin)
  Destination:            rv64im72f_5sp/alu/multiplier_word/mult_result__2/ACIN[12]
                            (rising edge-triggered cell DSP48E1 clocked by clk_out1_clk_wiz_0  {rise@0.000ns fall@13.514ns period=27.027ns})
  Path Group:             (none)
  Path Type:              Setup (Max at Slow Process Corner)
  Data Path Delay:        0.002ns  (logic 0.000ns (0.000%)  route 0.002ns (100.000%))
  Logic Levels:           0  
  Clock Uncertainty:      0.392ns  ((TSJ^2 + DJ^2)^1/2) / 2 + PE
    Total System Jitter     (TSJ):    0.050ns
    Discrete Jitter          (DJ):    0.287ns
    Phase Error              (PE):    0.246ns

    Location             Delay type                Incr(ns)  Path(ns)    Netlist Resource(s)
  -------------------------------------------------------------------    -------------------
    DSP48_X2Y10          DSP48E1                      0.000     0.000 r  rv64im72f_5sp/alu/multiplier_word/mult_result__1/ACOUT[12]
                         net (fo=1, routed)           0.002     0.002    rv64im72f_5sp/alu/multiplier_word/mult_result__1_n_41
    DSP48_X2Y11          DSP48E1                                      r  rv64im72f_5sp/alu/multiplier_word/mult_result__2/ACIN[12]
  -------------------------------------------------------------------    -------------------

                         (clock clk_out1_clk_wiz_0 rise edge)
                                                      0.000     0.000 r  
    R4                                                0.000     0.000 r  clk (IN)
                         net (fo=0)                   0.000     0.000    clk_gen/inst/clk_in1
    R4                   IBUF (Prop_ibuf_I_O)         1.405     1.405 r  clk_gen/inst/clkin1_ibufg/O
                         net (fo=1, routed)           1.181     2.586    clk_gen/inst/clk_in1_clk_wiz_0
    PLLE2_ADV_X1Y2       PLLE2_ADV (Prop_plle2_adv_CLKIN1_CLKOUT0)
                                                     -8.206    -5.620 r  clk_gen/inst/plle2_adv_inst/CLKOUT0
                         net (fo=1, routed)           1.718    -3.902    clk_gen/inst/clk_out1_clk_wiz_0
    BUFGCTRL_X0Y0        BUFG (Prop_bufg_I_O)         0.091    -3.811 r  clk_gen/inst/clkout1_buf/O
                         net (fo=12193, routed)       1.970    -1.841    rv64im72f_5sp/alu/multiplier_word/clk_out1
    DSP48_X2Y11          DSP48E1                                      r  rv64im72f_5sp/alu/multiplier_word/mult_result__2/CLK

Slack:                    inf
  Source:                 rv64im72f_5sp/alu/multiplier_word/mult_result__1/ACOUT[13]
                            (internal pin)
  Destination:            rv64im72f_5sp/alu/multiplier_word/mult_result__2/ACIN[13]
                            (rising edge-triggered cell DSP48E1 clocked by clk_out1_clk_wiz_0  {rise@0.000ns fall@13.514ns period=27.027ns})
  Path Group:             (none)
  Path Type:              Setup (Max at Slow Process Corner)
  Data Path Delay:        0.002ns  (logic 0.000ns (0.000%)  route 0.002ns (100.000%))
  Logic Levels:           0  
  Clock Uncertainty:      0.392ns  ((TSJ^2 + DJ^2)^1/2) / 2 + PE
    Total System Jitter     (TSJ):    0.050ns
    Discrete Jitter          (DJ):    0.287ns
    Phase Error              (PE):    0.246ns

    Location             Delay type                Incr(ns)  Path(ns)    Netlist Resource(s)
  -------------------------------------------------------------------    -------------------
    DSP48_X2Y10          DSP48E1                      0.000     0.000 r  rv64im72f_5sp/alu/multiplier_word/mult_result__1/ACOUT[13]
                         net (fo=1, routed)           0.002     0.002    rv64im72f_5sp/alu/multiplier_word/mult_result__1_n_40
    DSP48_X2Y11          DSP48E1                                      r  rv64im72f_5sp/alu/multiplier_word/mult_result__2/ACIN[13]
  -------------------------------------------------------------------    -------------------

                         (clock clk_out1_clk_wiz_0 rise edge)
                                                      0.000     0.000 r  
    R4                                                0.000     0.000 r  clk (IN)
                         net (fo=0)                   0.000     0.000    clk_gen/inst/clk_in1
    R4                   IBUF (Prop_ibuf_I_O)         1.405     1.405 r  clk_gen/inst/clkin1_ibufg/O
                         net (fo=1, routed)           1.181     2.586    clk_gen/inst/clk_in1_clk_wiz_0
    PLLE2_ADV_X1Y2       PLLE2_ADV (Prop_plle2_adv_CLKIN1_CLKOUT0)
                                                     -8.206    -5.620 r  clk_gen/inst/plle2_adv_inst/CLKOUT0
                         net (fo=1, routed)           1.718    -3.902    clk_gen/inst/clk_out1_clk_wiz_0
    BUFGCTRL_X0Y0        BUFG (Prop_bufg_I_O)         0.091    -3.811 r  clk_gen/inst/clkout1_buf/O
                         net (fo=12193, routed)       1.970    -1.841    rv64im72f_5sp/alu/multiplier_word/clk_out1
    DSP48_X2Y11          DSP48E1                                      r  rv64im72f_5sp/alu/multiplier_word/mult_result__2/CLK

Slack:                    inf
  Source:                 rv64im72f_5sp/alu/multiplier_word/mult_result__1/ACOUT[14]
                            (internal pin)
  Destination:            rv64im72f_5sp/alu/multiplier_word/mult_result__2/ACIN[14]
                            (rising edge-triggered cell DSP48E1 clocked by clk_out1_clk_wiz_0  {rise@0.000ns fall@13.514ns period=27.027ns})
  Path Group:             (none)
  Path Type:              Setup (Max at Slow Process Corner)
  Data Path Delay:        0.002ns  (logic 0.000ns (0.000%)  route 0.002ns (100.000%))
  Logic Levels:           0  
  Clock Uncertainty:      0.392ns  ((TSJ^2 + DJ^2)^1/2) / 2 + PE
    Total System Jitter     (TSJ):    0.050ns
    Discrete Jitter          (DJ):    0.287ns
    Phase Error              (PE):    0.246ns

    Location             Delay type                Incr(ns)  Path(ns)    Netlist Resource(s)
  -------------------------------------------------------------------    -------------------
    DSP48_X2Y10          DSP48E1                      0.000     0.000 r  rv64im72f_5sp/alu/multiplier_word/mult_result__1/ACOUT[14]
                         net (fo=1, routed)           0.002     0.002    rv64im72f_5sp/alu/multiplier_word/mult_result__1_n_39
    DSP48_X2Y11          DSP48E1                                      r  rv64im72f_5sp/alu/multiplier_word/mult_result__2/ACIN[14]
  -------------------------------------------------------------------    -------------------

                         (clock clk_out1_clk_wiz_0 rise edge)
                                                      0.000     0.000 r  
    R4                                                0.000     0.000 r  clk (IN)
                         net (fo=0)                   0.000     0.000    clk_gen/inst/clk_in1
    R4                   IBUF (Prop_ibuf_I_O)         1.405     1.405 r  clk_gen/inst/clkin1_ibufg/O
                         net (fo=1, routed)           1.181     2.586    clk_gen/inst/clk_in1_clk_wiz_0
    PLLE2_ADV_X1Y2       PLLE2_ADV (Prop_plle2_adv_CLKIN1_CLKOUT0)
                                                     -8.206    -5.620 r  clk_gen/inst/plle2_adv_inst/CLKOUT0
                         net (fo=1, routed)           1.718    -3.902    clk_gen/inst/clk_out1_clk_wiz_0
    BUFGCTRL_X0Y0        BUFG (Prop_bufg_I_O)         0.091    -3.811 r  clk_gen/inst/clkout1_buf/O
                         net (fo=12193, routed)       1.970    -1.841    rv64im72f_5sp/alu/multiplier_word/clk_out1
    DSP48_X2Y11          DSP48E1                                      r  rv64im72f_5sp/alu/multiplier_word/mult_result__2/CLK

Slack:                    inf
  Source:                 rv64im72f_5sp/alu/multiplier_word/mult_result__1/ACOUT[15]
                            (internal pin)
  Destination:            rv64im72f_5sp/alu/multiplier_word/mult_result__2/ACIN[15]
                            (rising edge-triggered cell DSP48E1 clocked by clk_out1_clk_wiz_0  {rise@0.000ns fall@13.514ns period=27.027ns})
  Path Group:             (none)
  Path Type:              Setup (Max at Slow Process Corner)
  Data Path Delay:        0.002ns  (logic 0.000ns (0.000%)  route 0.002ns (100.000%))
  Logic Levels:           0  
  Clock Uncertainty:      0.392ns  ((TSJ^2 + DJ^2)^1/2) / 2 + PE
    Total System Jitter     (TSJ):    0.050ns
    Discrete Jitter          (DJ):    0.287ns
    Phase Error              (PE):    0.246ns

    Location             Delay type                Incr(ns)  Path(ns)    Netlist Resource(s)
  -------------------------------------------------------------------    -------------------
    DSP48_X2Y10          DSP48E1                      0.000     0.000 r  rv64im72f_5sp/alu/multiplier_word/mult_result__1/ACOUT[15]
                         net (fo=1, routed)           0.002     0.002    rv64im72f_5sp/alu/multiplier_word/mult_result__1_n_38
    DSP48_X2Y11          DSP48E1                                      r  rv64im72f_5sp/alu/multiplier_word/mult_result__2/ACIN[15]
  -------------------------------------------------------------------    -------------------

                         (clock clk_out1_clk_wiz_0 rise edge)
                                                      0.000     0.000 r  
    R4                                                0.000     0.000 r  clk (IN)
                         net (fo=0)                   0.000     0.000    clk_gen/inst/clk_in1
    R4                   IBUF (Prop_ibuf_I_O)         1.405     1.405 r  clk_gen/inst/clkin1_ibufg/O
                         net (fo=1, routed)           1.181     2.586    clk_gen/inst/clk_in1_clk_wiz_0
    PLLE2_ADV_X1Y2       PLLE2_ADV (Prop_plle2_adv_CLKIN1_CLKOUT0)
                                                     -8.206    -5.620 r  clk_gen/inst/plle2_adv_inst/CLKOUT0
                         net (fo=1, routed)           1.718    -3.902    clk_gen/inst/clk_out1_clk_wiz_0
    BUFGCTRL_X0Y0        BUFG (Prop_bufg_I_O)         0.091    -3.811 r  clk_gen/inst/clkout1_buf/O
                         net (fo=12193, routed)       1.970    -1.841    rv64im72f_5sp/alu/multiplier_word/clk_out1
    DSP48_X2Y11          DSP48E1                                      r  rv64im72f_5sp/alu/multiplier_word/mult_result__2/CLK





Min Delay Paths
--------------------------------------------------------------------------------------
Slack:                    inf
  Source:                 rv64im72f_5sp/alu/multiplier_word/mult_result__1/ACOUT[0]
                            (internal pin)
  Destination:            rv64im72f_5sp/alu/multiplier_word/mult_result__2/ACIN[0]
                            (rising edge-triggered cell DSP48E1 clocked by clk_out1_clk_wiz_0  {rise@0.000ns fall@13.514ns period=27.027ns})
  Path Group:             (none)
  Path Type:              Hold (Min at Slow Process Corner)
  Data Path Delay:        0.002ns  (logic 0.000ns (0.000%)  route 0.002ns (100.000%))
  Logic Levels:           0  
  Clock Uncertainty:      0.392ns  ((TSJ^2 + DJ^2)^1/2) / 2 + PE
    Total System Jitter     (TSJ):    0.050ns
    Discrete Jitter          (DJ):    0.287ns
    Phase Error              (PE):    0.246ns

    Location             Delay type                Incr(ns)  Path(ns)    Netlist Resource(s)
  -------------------------------------------------------------------    -------------------
    DSP48_X2Y10          DSP48E1                      0.000     0.000 r  rv64im72f_5sp/alu/multiplier_word/mult_result__1/ACOUT[0]
                         net (fo=1, routed)           0.002     0.002    rv64im72f_5sp/alu/multiplier_word/mult_result__1_n_53
    DSP48_X2Y11          DSP48E1                                      r  rv64im72f_5sp/alu/multiplier_word/mult_result__2/ACIN[0]
  -------------------------------------------------------------------    -------------------

                         (clock clk_out1_clk_wiz_0 rise edge)
                                                      0.000     0.000 r  
    R4                                                0.000     0.000 r  clk (IN)
                         net (fo=0)                   0.000     0.000    clk_gen/inst/clk_in1
    R4                   IBUF (Prop_ibuf_I_O)         1.475     1.475 r  clk_gen/inst/clkin1_ibufg/O
                         net (fo=1, routed)           1.253     2.728    clk_gen/inst/clk_in1_clk_wiz_0
    PLLE2_ADV_X1Y2       PLLE2_ADV (Prop_plle2_adv_CLKIN1_CLKOUT0)
                                                     -8.953    -6.225 r  clk_gen/inst/plle2_adv_inst/CLKOUT0
                         net (fo=1, routed)           1.802    -4.422    clk_gen/inst/clk_out1_clk_wiz_0
    BUFGCTRL_X0Y0        BUFG (Prop_bufg_I_O)         0.096    -4.326 r  clk_gen/inst/clkout1_buf/O
                         net (fo=12193, routed)       2.105    -2.221    rv64im72f_5sp/alu/multiplier_word/clk_out1
    DSP48_X2Y11          DSP48E1                                      r  rv64im72f_5sp/alu/multiplier_word/mult_result__2/CLK

Slack:                    inf
  Source:                 rv64im72f_5sp/alu/multiplier_word/mult_result__1/ACOUT[10]
                            (internal pin)
  Destination:            rv64im72f_5sp/alu/multiplier_word/mult_result__2/ACIN[10]
                            (rising edge-triggered cell DSP48E1 clocked by clk_out1_clk_wiz_0  {rise@0.000ns fall@13.514ns period=27.027ns})
  Path Group:             (none)
  Path Type:              Hold (Min at Slow Process Corner)
  Data Path Delay:        0.002ns  (logic 0.000ns (0.000%)  route 0.002ns (100.000%))
  Logic Levels:           0  
  Clock Uncertainty:      0.392ns  ((TSJ^2 + DJ^2)^1/2) / 2 + PE
    Total System Jitter     (TSJ):    0.050ns
    Discrete Jitter          (DJ):    0.287ns
    Phase Error              (PE):    0.246ns

    Location             Delay type                Incr(ns)  Path(ns)    Netlist Resource(s)
  -------------------------------------------------------------------    -------------------
    DSP48_X2Y10          DSP48E1                      0.000     0.000 r  rv64im72f_5sp/alu/multiplier_word/mult_result__1/ACOUT[10]
                         net (fo=1, routed)           0.002     0.002    rv64im72f_5sp/alu/multiplier_word/mult_result__1_n_43
    DSP48_X2Y11          DSP48E1                                      r  rv64im72f_5sp/alu/multiplier_word/mult_result__2/ACIN[10]
  -------------------------------------------------------------------    -------------------

                         (clock clk_out1_clk_wiz_0 rise edge)
                                                      0.000     0.000 r  
    R4                                                0.000     0.000 r  clk (IN)
                         net (fo=0)                   0.000     0.000    clk_gen/inst/clk_in1
    R4                   IBUF (Prop_ibuf_I_O)         1.475     1.475 r  clk_gen/inst/clkin1_ibufg/O
                         net (fo=1, routed)           1.253     2.728    clk_gen/inst/clk_in1_clk_wiz_0
    PLLE2_ADV_X1Y2       PLLE2_ADV (Prop_plle2_adv_CLKIN1_CLKOUT0)
                                                     -8.953    -6.225 r  clk_gen/inst/plle2_adv_inst/CLKOUT0
                         net (fo=1, routed)           1.802    -4.422    clk_gen/inst/clk_out1_clk_wiz_0
    BUFGCTRL_X0Y0        BUFG (Prop_bufg_I_O)         0.096    -4.326 r  clk_gen/inst/clkout1_buf/O
                         net (fo=12193, routed)       2.105    -2.221    rv64im72f_5sp/alu/multiplier_word/clk_out1
    DSP48_X2Y11          DSP48E1                                      r  rv64im72f_5sp/alu/multiplier_word/mult_result__2/CLK

Slack:                    inf
  Source:                 rv64im72f_5sp/alu/multiplier_word/mult_result__1/ACOUT[11]
                            (internal pin)
  Destination:            rv64im72f_5sp/alu/multiplier_word/mult_result__2/ACIN[11]
                            (rising edge-triggered cell DSP48E1 clocked by clk_out1_clk_wiz_0  {rise@0.000ns fall@13.514ns period=27.027ns})
  Path Group:             (none)
  Path Type:              Hold (Min at Slow Process Corner)
  Data Path Delay:        0.002ns  (logic 0.000ns (0.000%)  route 0.002ns (100.000%))
  Logic Levels:           0  
  Clock Uncertainty:      0.392ns  ((TSJ^2 + DJ^2)^1/2) / 2 + PE
    Total System Jitter     (TSJ):    0.050ns
    Discrete Jitter          (DJ):    0.287ns
    Phase Error              (PE):    0.246ns

    Location             Delay type                Incr(ns)  Path(ns)    Netlist Resource(s)
  -------------------------------------------------------------------    -------------------
    DSP48_X2Y10          DSP48E1                      0.000     0.000 r  rv64im72f_5sp/alu/multiplier_word/mult_result__1/ACOUT[11]
                         net (fo=1, routed)           0.002     0.002    rv64im72f_5sp/alu/multiplier_word/mult_result__1_n_42
    DSP48_X2Y11          DSP48E1                                      r  rv64im72f_5sp/alu/multiplier_word/mult_result__2/ACIN[11]
  -------------------------------------------------------------------    -------------------

                         (clock clk_out1_clk_wiz_0 rise edge)
                                                      0.000     0.000 r  
    R4                                                0.000     0.000 r  clk (IN)
                         net (fo=0)                   0.000     0.000    clk_gen/inst/clk_in1
    R4                   IBUF (Prop_ibuf_I_O)         1.475     1.475 r  clk_gen/inst/clkin1_ibufg/O
                         net (fo=1, routed)           1.253     2.728    clk_gen/inst/clk_in1_clk_wiz_0
    PLLE2_ADV_X1Y2       PLLE2_ADV (Prop_plle2_adv_CLKIN1_CLKOUT0)
                                                     -8.953    -6.225 r  clk_gen/inst/plle2_adv_inst/CLKOUT0
                         net (fo=1, routed)           1.802    -4.422    clk_gen/inst/clk_out1_clk_wiz_0
    BUFGCTRL_X0Y0        BUFG (Prop_bufg_I_O)         0.096    -4.326 r  clk_gen/inst/clkout1_buf/O
                         net (fo=12193, routed)       2.105    -2.221    rv64im72f_5sp/alu/multiplier_word/clk_out1
    DSP48_X2Y11          DSP48E1                                      r  rv64im72f_5sp/alu/multiplier_word/mult_result__2/CLK

Slack:                    inf
  Source:                 rv64im72f_5sp/alu/multiplier_word/mult_result__1/ACOUT[12]
                            (internal pin)
  Destination:            rv64im72f_5sp/alu/multiplier_word/mult_result__2/ACIN[12]
                            (rising edge-triggered cell DSP48E1 clocked by clk_out1_clk_wiz_0  {rise@0.000ns fall@13.514ns period=27.027ns})
  Path Group:             (none)
  Path Type:              Hold (Min at Slow Process Corner)
  Data Path Delay:        0.002ns  (logic 0.000ns (0.000%)  route 0.002ns (100.000%))
  Logic Levels:           0  
  Clock Uncertainty:      0.392ns  ((TSJ^2 + DJ^2)^1/2) / 2 + PE
    Total System Jitter     (TSJ):    0.050ns
    Discrete Jitter          (DJ):    0.287ns
    Phase Error              (PE):    0.246ns

    Location             Delay type                Incr(ns)  Path(ns)    Netlist Resource(s)
  -------------------------------------------------------------------    -------------------
    DSP48_X2Y10          DSP48E1                      0.000     0.000 r  rv64im72f_5sp/alu/multiplier_word/mult_result__1/ACOUT[12]
                         net (fo=1, routed)           0.002     0.002    rv64im72f_5sp/alu/multiplier_word/mult_result__1_n_41
    DSP48_X2Y11          DSP48E1                                      r  rv64im72f_5sp/alu/multiplier_word/mult_result__2/ACIN[12]
  -------------------------------------------------------------------    -------------------

                         (clock clk_out1_clk_wiz_0 rise edge)
                                                      0.000     0.000 r  
    R4                                                0.000     0.000 r  clk (IN)
                         net (fo=0)                   0.000     0.000    clk_gen/inst/clk_in1
    R4                   IBUF (Prop_ibuf_I_O)         1.475     1.475 r  clk_gen/inst/clkin1_ibufg/O
                         net (fo=1, routed)           1.253     2.728    clk_gen/inst/clk_in1_clk_wiz_0
    PLLE2_ADV_X1Y2       PLLE2_ADV (Prop_plle2_adv_CLKIN1_CLKOUT0)
                                                     -8.953    -6.225 r  clk_gen/inst/plle2_adv_inst/CLKOUT0
                         net (fo=1, routed)           1.802    -4.422    clk_gen/inst/clk_out1_clk_wiz_0
    BUFGCTRL_X0Y0        BUFG (Prop_bufg_I_O)         0.096    -4.326 r  clk_gen/inst/clkout1_buf/O
                         net (fo=12193, routed)       2.105    -2.221    rv64im72f_5sp/alu/multiplier_word/clk_out1
    DSP48_X2Y11          DSP48E1                                      r  rv64im72f_5sp/alu/multiplier_word/mult_result__2/CLK

Slack:                    inf
  Source:                 rv64im72f_5sp/alu/multiplier_word/mult_result__1/ACOUT[13]
                            (internal pin)
  Destination:            rv64im72f_5sp/alu/multiplier_word/mult_result__2/ACIN[13]
                            (rising edge-triggered cell DSP48E1 clocked by clk_out1_clk_wiz_0  {rise@0.000ns fall@13.514ns period=27.027ns})
  Path Group:             (none)
  Path Type:              Hold (Min at Slow Process Corner)
  Data Path Delay:        0.002ns  (logic 0.000ns (0.000%)  route 0.002ns (100.000%))
  Logic Levels:           0  
  Clock Uncertainty:      0.392ns  ((TSJ^2 + DJ^2)^1/2) / 2 + PE
    Total System Jitter     (TSJ):    0.050ns
    Discrete Jitter          (DJ):    0.287ns
    Phase Error              (PE):    0.246ns

    Location             Delay type                Incr(ns)  Path(ns)    Netlist Resource(s)
  -------------------------------------------------------------------    -------------------
    DSP48_X2Y10          DSP48E1                      0.000     0.000 r  rv64im72f_5sp/alu/multiplier_word/mult_result__1/ACOUT[13]
                         net (fo=1, routed)           0.002     0.002    rv64im72f_5sp/alu/multiplier_word/mult_result__1_n_40
    DSP48_X2Y11          DSP48E1                                      r  rv64im72f_5sp/alu/multiplier_word/mult_result__2/ACIN[13]
  -------------------------------------------------------------------    -------------------

                         (clock clk_out1_clk_wiz_0 rise edge)
                                                      0.000     0.000 r  
    R4                                                0.000     0.000 r  clk (IN)
                         net (fo=0)                   0.000     0.000    clk_gen/inst/clk_in1
    R4                   IBUF (Prop_ibuf_I_O)         1.475     1.475 r  clk_gen/inst/clkin1_ibufg/O
                         net (fo=1, routed)           1.253     2.728    clk_gen/inst/clk_in1_clk_wiz_0
    PLLE2_ADV_X1Y2       PLLE2_ADV (Prop_plle2_adv_CLKIN1_CLKOUT0)
                                                     -8.953    -6.225 r  clk_gen/inst/plle2_adv_inst/CLKOUT0
                         net (fo=1, routed)           1.802    -4.422    clk_gen/inst/clk_out1_clk_wiz_0
    BUFGCTRL_X0Y0        BUFG (Prop_bufg_I_O)         0.096    -4.326 r  clk_gen/inst/clkout1_buf/O
                         net (fo=12193, routed)       2.105    -2.221    rv64im72f_5sp/alu/multiplier_word/clk_out1
    DSP48_X2Y11          DSP48E1                                      r  rv64im72f_5sp/alu/multiplier_word/mult_result__2/CLK

Slack:                    inf
  Source:                 rv64im72f_5sp/alu/multiplier_word/mult_result__1/ACOUT[14]
                            (internal pin)
  Destination:            rv64im72f_5sp/alu/multiplier_word/mult_result__2/ACIN[14]
                            (rising edge-triggered cell DSP48E1 clocked by clk_out1_clk_wiz_0  {rise@0.000ns fall@13.514ns period=27.027ns})
  Path Group:             (none)
  Path Type:              Hold (Min at Slow Process Corner)
  Data Path Delay:        0.002ns  (logic 0.000ns (0.000%)  route 0.002ns (100.000%))
  Logic Levels:           0  
  Clock Uncertainty:      0.392ns  ((TSJ^2 + DJ^2)^1/2) / 2 + PE
    Total System Jitter     (TSJ):    0.050ns
    Discrete Jitter          (DJ):    0.287ns
    Phase Error              (PE):    0.246ns

    Location             Delay type                Incr(ns)  Path(ns)    Netlist Resource(s)
  -------------------------------------------------------------------    -------------------
    DSP48_X2Y10          DSP48E1                      0.000     0.000 r  rv64im72f_5sp/alu/multiplier_word/mult_result__1/ACOUT[14]
                         net (fo=1, routed)           0.002     0.002    rv64im72f_5sp/alu/multiplier_word/mult_result__1_n_39
    DSP48_X2Y11          DSP48E1                                      r  rv64im72f_5sp/alu/multiplier_word/mult_result__2/ACIN[14]
  -------------------------------------------------------------------    -------------------

                         (clock clk_out1_clk_wiz_0 rise edge)
                                                      0.000     0.000 r  
    R4                                                0.000     0.000 r  clk (IN)
                         net (fo=0)                   0.000     0.000    clk_gen/inst/clk_in1
    R4                   IBUF (Prop_ibuf_I_O)         1.475     1.475 r  clk_gen/inst/clkin1_ibufg/O
                         net (fo=1, routed)           1.253     2.728    clk_gen/inst/clk_in1_clk_wiz_0
    PLLE2_ADV_X1Y2       PLLE2_ADV (Prop_plle2_adv_CLKIN1_CLKOUT0)
                                                     -8.953    -6.225 r  clk_gen/inst/plle2_adv_inst/CLKOUT0
                         net (fo=1, routed)           1.802    -4.422    clk_gen/inst/clk_out1_clk_wiz_0
    BUFGCTRL_X0Y0        BUFG (Prop_bufg_I_O)         0.096    -4.326 r  clk_gen/inst/clkout1_buf/O
                         net (fo=12193, routed)       2.105    -2.221    rv64im72f_5sp/alu/multiplier_word/clk_out1
    DSP48_X2Y11          DSP48E1                                      r  rv64im72f_5sp/alu/multiplier_word/mult_result__2/CLK

Slack:                    inf
  Source:                 rv64im72f_5sp/alu/multiplier_word/mult_result__1/ACOUT[15]
                            (internal pin)
  Destination:            rv64im72f_5sp/alu/multiplier_word/mult_result__2/ACIN[15]
                            (rising edge-triggered cell DSP48E1 clocked by clk_out1_clk_wiz_0  {rise@0.000ns fall@13.514ns period=27.027ns})
  Path Group:             (none)
  Path Type:              Hold (Min at Slow Process Corner)
  Data Path Delay:        0.002ns  (logic 0.000ns (0.000%)  route 0.002ns (100.000%))
  Logic Levels:           0  
  Clock Uncertainty:      0.392ns  ((TSJ^2 + DJ^2)^1/2) / 2 + PE
    Total System Jitter     (TSJ):    0.050ns
    Discrete Jitter          (DJ):    0.287ns
    Phase Error              (PE):    0.246ns

    Location             Delay type                Incr(ns)  Path(ns)    Netlist Resource(s)
  -------------------------------------------------------------------    -------------------
    DSP48_X2Y10          DSP48E1                      0.000     0.000 r  rv64im72f_5sp/alu/multiplier_word/mult_result__1/ACOUT[15]
                         net (fo=1, routed)           0.002     0.002    rv64im72f_5sp/alu/multiplier_word/mult_result__1_n_38
    DSP48_X2Y11          DSP48E1                                      r  rv64im72f_5sp/alu/multiplier_word/mult_result__2/ACIN[15]
  -------------------------------------------------------------------    -------------------

                         (clock clk_out1_clk_wiz_0 rise edge)
                                                      0.000     0.000 r  
    R4                                                0.000     0.000 r  clk (IN)
                         net (fo=0)                   0.000     0.000    clk_gen/inst/clk_in1
    R4                   IBUF (Prop_ibuf_I_O)         1.475     1.475 r  clk_gen/inst/clkin1_ibufg/O
                         net (fo=1, routed)           1.253     2.728    clk_gen/inst/clk_in1_clk_wiz_0
    PLLE2_ADV_X1Y2       PLLE2_ADV (Prop_plle2_adv_CLKIN1_CLKOUT0)
                                                     -8.953    -6.225 r  clk_gen/inst/plle2_adv_inst/CLKOUT0
                         net (fo=1, routed)           1.802    -4.422    clk_gen/inst/clk_out1_clk_wiz_0
    BUFGCTRL_X0Y0        BUFG (Prop_bufg_I_O)         0.096    -4.326 r  clk_gen/inst/clkout1_buf/O
                         net (fo=12193, routed)       2.105    -2.221    rv64im72f_5sp/alu/multiplier_word/clk_out1
    DSP48_X2Y11          DSP48E1                                      r  rv64im72f_5sp/alu/multiplier_word/mult_result__2/CLK

Slack:                    inf
  Source:                 rv64im72f_5sp/alu/multiplier_word/mult_result__1/ACOUT[16]
                            (internal pin)
  Destination:            rv64im72f_5sp/alu/multiplier_word/mult_result__2/ACIN[16]
                            (rising edge-triggered cell DSP48E1 clocked by clk_out1_clk_wiz_0  {rise@0.000ns fall@13.514ns period=27.027ns})
  Path Group:             (none)
  Path Type:              Hold (Min at Slow Process Corner)
  Data Path Delay:        0.002ns  (logic 0.000ns (0.000%)  route 0.002ns (100.000%))
  Logic Levels:           0  
  Clock Uncertainty:      0.392ns  ((TSJ^2 + DJ^2)^1/2) / 2 + PE
    Total System Jitter     (TSJ):    0.050ns
    Discrete Jitter          (DJ):    0.287ns
    Phase Error              (PE):    0.246ns

    Location             Delay type                Incr(ns)  Path(ns)    Netlist Resource(s)
  -------------------------------------------------------------------    -------------------
    DSP48_X2Y10          DSP48E1                      0.000     0.000 r  rv64im72f_5sp/alu/multiplier_word/mult_result__1/ACOUT[16]
                         net (fo=1, routed)           0.002     0.002    rv64im72f_5sp/alu/multiplier_word/mult_result__1_n_37
    DSP48_X2Y11          DSP48E1                                      r  rv64im72f_5sp/alu/multiplier_word/mult_result__2/ACIN[16]
  -------------------------------------------------------------------    -------------------

                         (clock clk_out1_clk_wiz_0 rise edge)
                                                      0.000     0.000 r  
    R4                                                0.000     0.000 r  clk (IN)
                         net (fo=0)                   0.000     0.000    clk_gen/inst/clk_in1
    R4                   IBUF (Prop_ibuf_I_O)         1.475     1.475 r  clk_gen/inst/clkin1_ibufg/O
                         net (fo=1, routed)           1.253     2.728    clk_gen/inst/clk_in1_clk_wiz_0
    PLLE2_ADV_X1Y2       PLLE2_ADV (Prop_plle2_adv_CLKIN1_CLKOUT0)
                                                     -8.953    -6.225 r  clk_gen/inst/plle2_adv_inst/CLKOUT0
                         net (fo=1, routed)           1.802    -4.422    clk_gen/inst/clk_out1_clk_wiz_0
    BUFGCTRL_X0Y0        BUFG (Prop_bufg_I_O)         0.096    -4.326 r  clk_gen/inst/clkout1_buf/O
                         net (fo=12193, routed)       2.105    -2.221    rv64im72f_5sp/alu/multiplier_word/clk_out1
    DSP48_X2Y11          DSP48E1                                      r  rv64im72f_5sp/alu/multiplier_word/mult_result__2/CLK

Slack:                    inf
  Source:                 rv64im72f_5sp/alu/multiplier_word/mult_result__1/ACOUT[1]
                            (internal pin)
  Destination:            rv64im72f_5sp/alu/multiplier_word/mult_result__2/ACIN[1]
                            (rising edge-triggered cell DSP48E1 clocked by clk_out1_clk_wiz_0  {rise@0.000ns fall@13.514ns period=27.027ns})
  Path Group:             (none)
  Path Type:              Hold (Min at Slow Process Corner)
  Data Path Delay:        0.002ns  (logic 0.000ns (0.000%)  route 0.002ns (100.000%))
  Logic Levels:           0  
  Clock Uncertainty:      0.392ns  ((TSJ^2 + DJ^2)^1/2) / 2 + PE
    Total System Jitter     (TSJ):    0.050ns
    Discrete Jitter          (DJ):    0.287ns
    Phase Error              (PE):    0.246ns

    Location             Delay type                Incr(ns)  Path(ns)    Netlist Resource(s)
  -------------------------------------------------------------------    -------------------
    DSP48_X2Y10          DSP48E1                      0.000     0.000 r  rv64im72f_5sp/alu/multiplier_word/mult_result__1/ACOUT[1]
                         net (fo=1, routed)           0.002     0.002    rv64im72f_5sp/alu/multiplier_word/mult_result__1_n_52
    DSP48_X2Y11          DSP48E1                                      r  rv64im72f_5sp/alu/multiplier_word/mult_result__2/ACIN[1]
  -------------------------------------------------------------------    -------------------

                         (clock clk_out1_clk_wiz_0 rise edge)
                                                      0.000     0.000 r  
    R4                                                0.000     0.000 r  clk (IN)
                         net (fo=0)                   0.000     0.000    clk_gen/inst/clk_in1
    R4                   IBUF (Prop_ibuf_I_O)         1.475     1.475 r  clk_gen/inst/clkin1_ibufg/O
                         net (fo=1, routed)           1.253     2.728    clk_gen/inst/clk_in1_clk_wiz_0
    PLLE2_ADV_X1Y2       PLLE2_ADV (Prop_plle2_adv_CLKIN1_CLKOUT0)
                                                     -8.953    -6.225 r  clk_gen/inst/plle2_adv_inst/CLKOUT0
                         net (fo=1, routed)           1.802    -4.422    clk_gen/inst/clk_out1_clk_wiz_0
    BUFGCTRL_X0Y0        BUFG (Prop_bufg_I_O)         0.096    -4.326 r  clk_gen/inst/clkout1_buf/O
                         net (fo=12193, routed)       2.105    -2.221    rv64im72f_5sp/alu/multiplier_word/clk_out1
    DSP48_X2Y11          DSP48E1                                      r  rv64im72f_5sp/alu/multiplier_word/mult_result__2/CLK

Slack:                    inf
  Source:                 rv64im72f_5sp/alu/multiplier_word/mult_result__1/ACOUT[2]
                            (internal pin)
  Destination:            rv64im72f_5sp/alu/multiplier_word/mult_result__2/ACIN[2]
                            (rising edge-triggered cell DSP48E1 clocked by clk_out1_clk_wiz_0  {rise@0.000ns fall@13.514ns period=27.027ns})
  Path Group:             (none)
  Path Type:              Hold (Min at Slow Process Corner)
  Data Path Delay:        0.002ns  (logic 0.000ns (0.000%)  route 0.002ns (100.000%))
  Logic Levels:           0  
  Clock Uncertainty:      0.392ns  ((TSJ^2 + DJ^2)^1/2) / 2 + PE
    Total System Jitter     (TSJ):    0.050ns
    Discrete Jitter          (DJ):    0.287ns
    Phase Error              (PE):    0.246ns

    Location             Delay type                Incr(ns)  Path(ns)    Netlist Resource(s)
  -------------------------------------------------------------------    -------------------
    DSP48_X2Y10          DSP48E1                      0.000     0.000 r  rv64im72f_5sp/alu/multiplier_word/mult_result__1/ACOUT[2]
                         net (fo=1, routed)           0.002     0.002    rv64im72f_5sp/alu/multiplier_word/mult_result__1_n_51
    DSP48_X2Y11          DSP48E1                                      r  rv64im72f_5sp/alu/multiplier_word/mult_result__2/ACIN[2]
  -------------------------------------------------------------------    -------------------

                         (clock clk_out1_clk_wiz_0 rise edge)
                                                      0.000     0.000 r  
    R4                                                0.000     0.000 r  clk (IN)
                         net (fo=0)                   0.000     0.000    clk_gen/inst/clk_in1
    R4                   IBUF (Prop_ibuf_I_O)         1.475     1.475 r  clk_gen/inst/clkin1_ibufg/O
                         net (fo=1, routed)           1.253     2.728    clk_gen/inst/clk_in1_clk_wiz_0
    PLLE2_ADV_X1Y2       PLLE2_ADV (Prop_plle2_adv_CLKIN1_CLKOUT0)
                                                     -8.953    -6.225 r  clk_gen/inst/plle2_adv_inst/CLKOUT0
                         net (fo=1, routed)           1.802    -4.422    clk_gen/inst/clk_out1_clk_wiz_0
    BUFGCTRL_X0Y0        BUFG (Prop_bufg_I_O)         0.096    -4.326 r  clk_gen/inst/clkout1_buf/O
                         net (fo=12193, routed)       2.105    -2.221    rv64im72f_5sp/alu/multiplier_word/clk_out1
    DSP48_X2Y11          DSP48E1                                      r  rv64im72f_5sp/alu/multiplier_word/mult_result__2/CLK





